lag,bins,method,conditional_synergy,conditional_leak,empty_fraction,nonempty_bins,mean_nonempty_occupancy,singleton_fraction_nonempty
1,3,equal_width,0.0031128104871615448,0.8545171485684765,0.6419753086419753,29,60.10344827586207,0.1724137931034483
2,3,equal_width,0.0073075566650866106,0.8293476825414948,0.6419753086419753,29,60.06896551724138,0.10344827586206896
3,3,equal_width,0.010020037569748574,0.7990508755537351,0.6296296296296297,30,58.03333333333333,0.1
4,3,equal_width,0.013492093024479315,0.7582386423401294,0.6296296296296297,30,58.0,0.13333333333333333
5,3,equal_width,0.014146731165223182,0.7234113218237845,0.654320987654321,28,62.107142857142854,0.07142857142857142
6,3,equal_width,0.014961763494428276,0.7038656979913483,0.6666666666666666,27,64.37037037037037,0.037037037037037035
7,3,equal_width,0.016626254749760656,0.7112278048940665,0.654320987654321,28,62.035714285714285,0.03571428571428571
8,3,equal_width,0.01724448725749388,0.7128674900371998,0.654320987654321,28,62.0,0.03571428571428571
9,3,equal_width,0.017931692955024184,0.710302211945408,0.654320987654321,28,61.964285714285715,0.03571428571428571
10,3,equal_width,0.020608063703389697,0.7027387483882737,0.654320987654321,28,61.92857142857143,0.03571428571428571
11,3,equal_width,0.025651116187149194,0.69813492803844,0.6419753086419753,29,59.758620689655174,0.10344827586206896
12,3,equal_width,0.029243209320698578,0.7014302585713237,0.6419753086419753,29,59.724137931034484,0.06896551724137931
13,3,equal_width,0.02964919182629561,0.7018660240765628,0.6419753086419753,29,59.689655172413794,0.06896551724137931
14,3,equal_width,0.028091045128487403,0.6997671182468836,0.6419753086419753,29,59.6551724137931,0.034482758620689655
15,3,equal_width,0.02997934091928494,0.6924267677091457,0.654320987654321,28,61.75,0.0
16,3,equal_width,0.029353377354313606,0.6887852356859703,0.654320987654321,28,61.714285714285715,0.0
17,3,equal_width,0.02837077969881237,0.6824110312270236,0.654320987654321,28,61.67857142857143,0.0
18,3,equal_width,0.02840017755080275,0.672083585570769,0.654320987654321,28,61.642857142857146,0.0
19,3,equal_width,0.02738381566587119,0.6624736106442582,0.654320987654321,28,61.607142857142854,0.0
20,3,equal_width,0.02650572448833966,0.6668671659922494,0.6419753086419753,29,59.44827586206897,0.034482758620689655
21,3,equal_width,0.026522831389234048,0.6700680767430287,0.6419753086419753,29,59.41379310344828,0.0
22,3,equal_width,0.02693933129884145,0.6717691148929261,0.6419753086419753,29,59.37931034482759,0.0
23,3,equal_width,0.02701307489223509,0.6762221650565698,0.6419753086419753,29,59.3448275862069,0.0
24,3,equal_width,0.02755673498839199,0.6790483951796005,0.6419753086419753,29,59.310344827586206,0.0
25,3,equal_width,0.027528991263766685,0.6783408816101517,0.6419753086419753,29,59.275862068965516,0.0
26,3,equal_width,0.030021718274167365,0.6804949847682635,0.6296296296296297,30,57.266666666666666,0.03333333333333333
27,3,equal_width,0.029549310382322273,0.6796165637138034,0.6296296296296297,30,57.233333333333334,0.03333333333333333
28,3,equal_width,0.029544924406295987,0.6864816870580821,0.6172839506172839,31,55.354838709677416,0.06451612903225806
29,3,equal_width,0.03126929011189946,0.6906068271019012,0.6172839506172839,31,55.32258064516129,0.03225806451612903
30,3,equal_width,0.03442049934973749,0.7022767875827833,0.6049382716049383,32,53.5625,0.0625
31,3,equal_width,0.03847111634876354,0.7103343807640259,0.6049382716049383,32,53.53125,0.03125
32,3,equal_width,0.039778163963259644,0.717669163741481,0.6049382716049383,32,53.5,0.03125
33,3,equal_width,0.03998796801878693,0.7232392591098008,0.6049382716049383,32,53.46875,0.03125
34,3,equal_width,0.03931616993084143,0.7309499313656104,0.5925925925925926,33,51.81818181818182,0.06060606060606061
35,3,equal_width,0.03994189462772413,0.7365461596815291,0.5925925925925926,33,51.78787878787879,0.030303030303030304
36,3,equal_width,0.04115867822515982,0.7426218959232983,0.5802469135802469,34,50.23529411764706,0.058823529411764705
37,3,equal_width,0.042488053297454385,0.7450371993993306,0.5802469135802469,34,50.205882352941174,0.029411764705882353
38,3,equal_width,0.042583899619268124,0.746681246744369,0.5802469135802469,34,50.1764705882353,0.058823529411764705
39,3,equal_width,0.04347720814536618,0.7472588774908031,0.5925925925925926,33,51.666666666666664,0.030303030303030304
40,3,equal_width,0.0441678723737143,0.7537046259852719,0.5925925925925926,33,51.63636363636363,0.030303030303030304
41,3,equal_width,0.04558889233641868,0.7597436562429166,0.5925925925925926,33,51.60606060606061,0.0
42,3,equal_width,0.04843570437566225,0.7657072161880778,0.5925925925925926,33,51.57575757575758,0.0
43,3,equal_width,0.050086399120994926,0.7703938111491976,0.5925925925925926,33,51.54545454545455,0.0
44,3,equal_width,0.0512603229815998,0.775170459755363,0.5925925925925926,33,51.515151515151516,0.0
45,3,equal_width,0.0558595849492671,0.7730618925494372,0.5925925925925926,33,51.484848484848484,0.0
46,3,equal_width,0.058277106026904626,0.7755398124555186,0.5679012345679012,35,48.51428571428571,0.05714285714285714
47,3,equal_width,0.06371541147363004,0.7729134739585843,0.5679012345679012,35,48.48571428571429,0.05714285714285714
48,3,equal_width,0.06825320076925027,0.772766956082414,0.5802469135802469,34,49.88235294117647,0.0
49,3,equal_width,0.06952318916932661,0.7757193267792549,0.5802469135802469,34,49.85294117647059,0.029411764705882353
50,3,equal_width,0.07238250626070843,0.7790627215829556,0.5802469135802469,34,49.8235294117647,0.029411764705882353
51,3,equal_width,0.07209383742768889,0.7826067822543834,0.5802469135802469,34,49.794117647058826,0.0
52,3,equal_width,0.07055723884958799,0.7856514448782371,0.5802469135802469,34,49.76470588235294,0.0
53,3,equal_width,0.072416823638029,0.7854251402340451,0.5679012345679012,35,48.31428571428572,0.02857142857142857
54,3,equal_width,0.0720718813424699,0.7845198983011814,0.5679012345679012,35,48.285714285714285,0.02857142857142857
55,3,equal_width,0.07190951073995333,0.7847798383104367,0.5802469135802469,34,49.6764705882353,0.0
56,3,equal_width,0.07255113889928966,0.7859665449341918,0.5802469135802469,34,49.64705882352941,0.0
57,3,equal_width,0.07427264909949442,0.7858053547750878,0.5802469135802469,34,49.61764705882353,0.0
58,3,equal_width,0.07618860601946138,0.7853106192806887,0.5802469135802469,34,49.588235294117645,0.0
59,3,equal_width,0.07784919096619297,0.7841858160268649,0.5802469135802469,34,49.55882352941177,0.0
60,3,equal_width,0.07786798633671885,0.7827162846804475,0.5802469135802469,34,49.529411764705884,0.0
61,3,equal_width,0.07877723469770757,0.7822642429080886,0.5802469135802469,34,49.5,0.0
62,3,equal_width,0.07987819194287187,0.7839422048929524,0.5802469135802469,34,49.470588235294116,0.0
63,3,equal_width,0.07975123607958895,0.7857071672204786,0.5802469135802469,34,49.44117647058823,0.0
64,3,equal_width,0.07840908083231356,0.7880567897532563,0.5802469135802469,34,49.411764705882355,0.0
65,3,equal_width,0.07828641071871109,0.7892336122958673,0.5802469135802469,34,49.38235294117647,0.0
66,3,equal_width,0.07779161922442196,0.7907394694986467,0.5802469135802469,34,49.35294117647059,0.0
67,3,equal_width,0.07709797494454974,0.7922211633703607,0.5802469135802469,34,49.3235294117647,0.0
68,3,equal_width,0.07673117510895013,0.7930057492885526,0.5802469135802469,34,49.294117647058826,0.0
69,3,equal_width,0.0773768309075734,0.7959808098322348,0.5802469135802469,34,49.26470588235294,0.0
70,3,equal_width,0.07734179956230323,0.796183371673072,0.5802469135802469,34,49.23529411764706,0.0
71,3,equal_width,0.0770541411144841,0.7947658072263553,0.5802469135802469,34,49.205882352941174,0.0
72,3,equal_width,0.07483788507760447,0.7950307047755226,0.5679012345679012,35,47.77142857142857,0.02857142857142857
73,3,equal_width,0.07674682163466319,0.7909880441327077,0.5679012345679012,35,47.74285714285714,0.02857142857142857
74,3,equal_width,0.07440339726271222,0.7891508956440606,0.5679012345679012,35,47.714285714285715,0.0
75,3,equal_width,0.073625150503427,0.7855455120493668,0.5679012345679012,35,47.68571428571428,0.02857142857142857
76,3,equal_width,0.07428799972819933,0.7834829553966349,0.5802469135802469,34,49.05882352941177,0.0
77,3,equal_width,0.07244527947283455,0.7843666589478664,0.5679012345679012,35,47.628571428571426,0.02857142857142857
78,3,equal_width,0.06726154167116545,0.7898500340525654,0.5679012345679012,35,47.6,0.0
79,3,equal_width,0.06464423793997799,0.7905740423018961,0.5679012345679012,35,47.57142857142857,0.02857142857142857
80,3,equal_width,0.0639986025364746,0.7893368060997263,0.5802469135802469,34,48.94117647058823,0.029411764705882353
81,3,equal_width,0.06204046802440444,0.7883907542103095,0.5925925925925926,33,50.39393939393939,0.0
82,3,equal_width,0.0581848589186299,0.7941941996073613,0.5802469135802469,34,48.88235294117647,0.029411764705882353
83,3,equal_width,0.05496662519872943,0.7979495683533293,0.5802469135802469,34,48.85294117647059,0.029411764705882353
84,3,equal_width,0.05201947383248884,0.8034946227790105,0.5802469135802469,34,48.8235294117647,0.029411764705882353
85,3,equal_width,0.05020574739669113,0.8104680752542488,0.5802469135802469,34,48.794117647058826,0.0
86,3,equal_width,0.048675644562350566,0.816630123444918,0.5802469135802469,34,48.76470588235294,0.0
87,3,equal_width,0.04708663525971504,0.8228788545458956,0.5802469135802469,34,48.73529411764706,0.0
88,3,equal_width,0.04581576929704226,0.8266077845116899,0.5802469135802469,34,48.705882352941174,0.0
89,3,equal_width,0.044510844468835756,0.8337495455131823,0.5802469135802469,34,48.6764705882353,0.0
90,3,equal_width,0.0434662218395165,0.8402483937447166,0.5802469135802469,34,48.64705882352941,0.0
91,3,equal_width,0.04230495369920828,0.8433433570073577,0.5802469135802469,34,48.61764705882353,0.0
92,3,equal_width,0.04202562504910907,0.8458584290953239,0.5802469135802469,34,48.588235294117645,0.0
93,3,equal_width,0.04187210019930701,0.847492669800747,0.5802469135802469,34,48.55882352941177,0.0
94,3,equal_width,0.042070487277286475,0.8502543555589727,0.5802469135802469,34,48.529411764705884,0.0
95,3,equal_width,0.04121631974559306,0.8552545098429264,0.5679012345679012,35,47.114285714285714,0.02857142857142857
96,3,equal_width,0.04148170928972002,0.8585535737423813,0.5679012345679012,35,47.08571428571429,0.0
97,3,equal_width,0.03973914827432795,0.8619822705643793,0.5679012345679012,35,47.05714285714286,0.0
98,3,equal_width,0.03852583199908076,0.8645331204302589,0.5679012345679012,35,47.02857142857143,0.0
99,3,equal_width,0.03828391358745807,0.869210047869185,0.5555555555555556,36,45.69444444444444,0.027777777777777776
100,3,equal_width,0.03925784869812289,0.8710135402930081,0.5555555555555556,36,45.666666666666664,0.027777777777777776
101,3,equal_width,0.03955469063620541,0.871900280403819,0.5555555555555556,36,45.638888888888886,0.027777777777777776
102,3,equal_width,0.03830316986667431,0.8717209298205575,0.5555555555555556,36,45.611111111111114,0.05555555555555555
103,3,equal_width,0.03751006270112567,0.8704501985977213,0.5679012345679012,35,46.885714285714286,0.0
104,3,equal_width,0.037387902384209734,0.8717949605082543,0.5679012345679012,35,46.857142857142854,0.0
105,3,equal_width,0.03781145430522549,0.8735834292496036,0.5555555555555556,36,45.52777777777778,0.05555555555555555
106,3,equal_width,0.036994399551234146,0.874100083727953,0.5555555555555556,36,45.5,0.05555555555555555
107,3,equal_width,0.034646197816599555,0.8749917376967138,0.5555555555555556,36,45.47222222222222,0.05555555555555555
108,3,equal_width,0.03402635280791379,0.8737535617725263,0.5555555555555556,36,45.44444444444444,0.05555555555555555
109,3,equal_width,0.0343082943754984,0.871321624305078,0.5679012345679012,35,46.714285714285715,0.0
110,3,equal_width,0.033326350970620575,0.8699368090565062,0.5679012345679012,35,46.68571428571428,0.0
111,3,equal_width,0.03282568884244943,0.8686745099799612,0.5679012345679012,35,46.65714285714286,0.0
112,3,equal_width,0.03255750776915464,0.866965549851941,0.5679012345679012,35,46.628571428571426,0.0
113,3,equal_width,0.03189847901453715,0.8650091405666727,0.5679012345679012,35,46.6,0.0
114,3,equal_width,0.031569420237841386,0.8624616809662327,0.5679012345679012,35,46.57142857142857,0.0
115,3,equal_width,0.03166156380834223,0.8592716111380557,0.5679012345679012,35,46.542857142857144,0.0
116,3,equal_width,0.03256639196060387,0.857723883282044,0.5679012345679012,35,46.51428571428571,0.02857142857142857
117,3,equal_width,0.03586750011879435,0.8535918031258991,0.5802469135802469,34,47.85294117647059,0.029411764705882353
118,3,equal_width,0.034285901482863916,0.8557495353259008,0.5679012345679012,35,46.457142857142856,0.08571428571428572
119,3,equal_width,0.03393165232605169,0.8571263180458562,0.5679012345679012,35,46.42857142857143,0.08571428571428572
120,3,equal_width,0.03373369672375849,0.8583372838336623,0.5679012345679012,35,46.4,0.08571428571428572
1,4,equal_width,0.009378255376348791,0.7964180421846934,0.80078125,51,34.1764705882353,0.27450980392156865
2,4,equal_width,0.01451769227894089,0.7759794149902359,0.796875,52,33.5,0.11538461538461539
3,4,equal_width,0.021278115130472546,0.7482827556402163,0.796875,52,33.48076923076923,0.07692307692307693
4,4,equal_width,0.02928241248942974,0.7138566397002575,0.796875,52,33.46153846153846,0.07692307692307693
5,4,equal_width,0.03618413355927323,0.6926357922905289,0.796875,52,33.44230769230769,0.07692307692307693
6,4,equal_width,0.044158884105673354,0.6652088474619136,0.80078125,51,34.07843137254902,0.09803921568627451
7,4,equal_width,0.05263501216761832,0.6458173766916805,0.80859375,49,35.44897959183673,0.061224489795918366
8,4,equal_width,0.053478561163046126,0.653625378895744,0.80078125,51,34.03921568627451,0.0784313725490196
9,4,equal_width,0.05518470617396856,0.6513123320230592,0.796875,52,33.36538461538461,0.07692307692307693
10,4,equal_width,0.05930951748805814,0.6483618559582444,0.796875,52,33.34615384615385,0.09615384615384616
11,4,equal_width,0.06424303961106034,0.6350113741196498,0.80078125,51,33.98039215686274,0.0784313725490196
12,4,equal_width,0.0678800798681199,0.636037235055341,0.80078125,51,33.96078431372549,0.0784313725490196
13,4,equal_width,0.0715621571054938,0.6328239870742421,0.8046875,50,34.62,0.04
14,4,equal_width,0.0764787712048176,0.632447017154299,0.8046875,50,34.6,0.04
15,4,equal_width,0.08366049132676348,0.6266281986546233,0.80859375,49,35.285714285714285,0.04081632653061224
16,4,equal_width,0.08881682778382835,0.6337665514972515,0.8046875,50,34.56,0.06
17,4,equal_width,0.09018257167745941,0.6496438304554565,0.796875,52,33.21153846153846,0.057692307692307696
18,4,equal_width,0.09139318884478892,0.6612375988507775,0.796875,52,33.19230769230769,0.038461538461538464
19,4,equal_width,0.09329210858420799,0.669377699489797,0.796875,52,33.17307692307692,0.057692307692307696
20,4,equal_width,0.0964485820015103,0.6740909043874145,0.80078125,51,33.80392156862745,0.058823529411764705
21,4,equal_width,0.09259421780218946,0.6814924197210118,0.796875,52,33.13461538461539,0.07692307692307693
22,4,equal_width,0.09079824066987624,0.6875458949801594,0.80078125,51,33.76470588235294,0.0196078431372549
23,4,equal_width,0.09061501917167455,0.6956716757047803,0.796875,52,33.09615384615385,0.038461538461538464
24,4,equal_width,0.09063070442167159,0.700346888207352,0.796875,52,33.07692307692308,0.038461538461538464
25,4,equal_width,0.09109180945864827,0.7086870611955252,0.79296875,53,32.43396226415094,0.05660377358490566
26,4,equal_width,0.0920062947709021,0.712871511688252,0.79296875,53,32.41509433962264,0.03773584905660377
27,4,equal_width,0.09304162747470422,0.7162022868051738,0.79296875,53,32.39622641509434,0.018867924528301886
28,4,equal_width,0.09692723460736562,0.7172687699212744,0.79296875,53,32.37735849056604,0.03773584905660377
29,4,equal_width,0.10178369845489903,0.7199471416046958,0.796875,52,32.98076923076923,0.0
30,4,equal_width,0.10610665024914114,0.7236838563062077,0.79296875,53,32.339622641509436,0.018867924528301886
31,4,equal_width,0.11091068538531414,0.7248046574730045,0.79296875,53,32.320754716981135,0.0
32,4,equal_width,0.11552082941680598,0.7228443871733428,0.79296875,53,32.301886792452834,0.0
33,4,equal_width,0.12225659954136249,0.721078339203392,0.7890625,54,31.685185185185187,0.018518518518518517
34,4,equal_width,0.13033250388177925,0.7196540271587402,0.78515625,55,31.09090909090909,0.01818181818181818
35,4,equal_width,0.13708736181025558,0.716792863089118,0.78125,56,30.517857142857142,0.05357142857142857
36,4,equal_width,0.14550472170048953,0.7115791580704897,0.78515625,55,31.054545454545455,0.01818181818181818
37,4,equal_width,0.146346226426461,0.7131144928340891,0.77734375,57,29.94736842105263,0.05263157894736842
38,4,equal_width,0.14536987177262445,0.7149753971813796,0.7734375,58,29.413793103448278,0.05172413793103448
39,4,equal_width,0.1460951688911852,0.7134691203070374,0.77734375,57,29.912280701754387,0.017543859649122806
40,4,equal_width,0.14387768206624782,0.7126966227431103,0.77734375,57,29.894736842105264,0.017543859649122806
41,4,equal_width,0.1378727163428181,0.7193348688086338,0.76953125,59,28.864406779661017,0.05084745762711865
42,4,equal_width,0.13389835019929602,0.7218159694964464,0.76953125,59,28.847457627118644,0.03389830508474576
43,4,equal_width,0.13010461632449533,0.72324373621869,0.76953125,59,28.83050847457627,0.03389830508474576
44,4,equal_width,0.1277490021611024,0.7256597465311078,0.76953125,59,28.8135593220339,0.01694915254237288
45,4,equal_width,0.12523945714176898,0.7289318239562343,0.76171875,61,27.852459016393443,0.04918032786885246
46,4,equal_width,0.12603231306673862,0.727348136749639,0.76171875,61,27.83606557377049,0.03278688524590164
47,4,equal_width,0.12686094892292854,0.7278723656764995,0.76171875,61,27.81967213114754,0.03278688524590164
48,4,equal_width,0.1281262016505729,0.7245375896015813,0.765625,60,28.266666666666666,0.05
49,4,equal_width,0.1293027586841912,0.7244275171775564,0.76953125,59,28.728813559322035,0.03389830508474576
50,4,equal_width,0.12444692325871291,0.7340565313672989,0.765625,60,28.233333333333334,0.016666666666666666
51,4,equal_width,0.12280729675788934,0.7392941604336172,0.765625,60,28.216666666666665,0.016666666666666666
52,4,equal_width,0.11774185833397198,0.7499008909921806,0.7578125,62,27.29032258064516,0.03225806451612903
53,4,equal_width,0.1118151226107158,0.7577527566586288,0.75390625,63,26.841269841269842,0.031746031746031744
54,4,equal_width,0.11010116477409813,0.7643576832390079,0.75390625,63,26.825396825396826,0.015873015873015872
55,4,equal_width,0.10364571847044507,0.7694234372019804,0.74609375,65,25.984615384615385,0.046153846153846156
56,4,equal_width,0.10093529616814119,0.7742244520661176,0.74609375,65,25.96923076923077,0.03076923076923077
57,4,equal_width,0.09696098446721106,0.7753449636199667,0.73828125,67,25.17910447761194,0.07462686567164178
58,4,equal_width,0.09552777656777771,0.7745807777326729,0.74609375,65,25.93846153846154,0.06153846153846154
59,4,equal_width,0.09601836299635354,0.7757977138517024,0.7421875,66,25.53030303030303,0.07575757575757576
60,4,equal_width,0.09674852720506649,0.7740103077398957,0.7421875,66,25.515151515151516,0.07575757575757576
61,4,equal_width,0.09727105658324763,0.7716196905489995,0.7421875,66,25.5,0.06060606060606061
62,4,equal_width,0.0996048001458096,0.7680961447233641,0.7421875,66,25.484848484848484,0.06060606060606061
63,4,equal_width,0.10254012496563229,0.7655362473564193,0.7421875,66,25.46969696969697,0.06060606060606061
64,4,equal_width,0.10430685540063075,0.7646101002872991,0.7421875,66,25.454545454545453,0.06060606060606061
65,4,equal_width,0.1064819293752535,0.7640516584764669,0.7421875,66,25.439393939393938,0.06060606060606061
66,4,equal_width,0.1100364441915656,0.7653473934789523,0.73828125,67,25.044776119402986,0.11940298507462686
67,4,equal_width,0.11178123549107816,0.7647374958213476,0.74609375,65,25.8,0.07692307692307693
68,4,equal_width,0.11163178565069859,0.7652212341916151,0.74609375,65,25.784615384615385,0.09230769230769231
69,4,equal_width,0.1111521334344603,0.767017137442001,0.74609375,65,25.76923076923077,0.09230769230769231
70,4,equal_width,0.10945955340951924,0.767698139000862,0.75390625,63,26.571428571428573,0.06349206349206349
71,4,equal_width,0.11249222488975051,0.7684756231571486,0.75390625,63,26.555555555555557,0.06349206349206349
72,4,equal_width,0.12101764022133236,0.7655943991942943,0.76171875,61,27.40983606557377,0.03278688524590164
73,4,equal_width,0.12161971965761206,0.7669625282496884,0.76171875,61,27.39344262295082,0.03278688524590164
74,4,equal_width,0.12139941676013269,0.7668534412224342,0.7578125,62,26.93548387096774,0.04838709677419355
75,4,equal_width,0.12122056232335637,0.7641702565710143,0.7578125,62,26.919354838709676,0.06451612903225806
76,4,equal_width,0.12165022123928278,0.7572092417734342,0.765625,60,27.8,0.05
77,4,equal_width,0.1242233455950834,0.753722280720702,0.76953125,59,28.25423728813559,0.05084745762711865
78,4,equal_width,0.12239906305707302,0.7531113627477526,0.7734375,58,28.724137931034484,0.034482758620689655
79,4,equal_width,0.1212487164526318,0.7560322801105664,0.7734375,58,28.70689655172414,0.05172413793103448
80,4,equal_width,0.12209993254379173,0.7572463347566318,0.7734375,58,28.689655172413794,0.05172413793103448
81,4,equal_width,0.12178515148133269,0.7653853485853029,0.765625,60,27.716666666666665,0.08333333333333333
82,4,equal_width,0.12024688882975784,0.772869243770064,0.765625,60,27.7,0.05
83,4,equal_width,0.11909877471527822,0.7787064618855752,0.765625,60,27.683333333333334,0.06666666666666667
84,4,equal_width,0.12093902961179687,0.7814833217203305,0.76953125,59,28.135593220338983,0.03389830508474576
85,4,equal_width,0.11519610994554194,0.7905456762340063,0.76171875,61,27.19672131147541,0.06557377049180328
86,4,equal_width,0.11145119555296751,0.796923577846842,0.76171875,61,27.18032786885246,0.03278688524590164
87,4,equal_width,0.10944322523738753,0.8018328396446862,0.7578125,62,26.725806451612904,0.04838709677419355
88,4,equal_width,0.10821273490582459,0.8042847226865812,0.7578125,62,26.70967741935484,0.04838709677419355
89,4,equal_width,0.1087367200428823,0.8027435703315479,0.76171875,61,27.131147540983605,0.04918032786885246
90,4,equal_width,0.10823287754488807,0.805326054271601,0.76171875,61,27.114754098360656,0.04918032786885246
91,4,equal_width,0.10865205025753027,0.8074420501559638,0.76171875,61,27.098360655737704,0.04918032786885246
92,4,equal_width,0.10442820558341445,0.8116191194538602,0.7578125,62,26.64516129032258,0.04838709677419355
93,4,equal_width,0.1021813338108769,0.8135798894414028,0.7578125,62,26.629032258064516,0.03225806451612903
94,4,equal_width,0.10125628330177594,0.8160296092179548,0.75390625,63,26.19047619047619,0.06349206349206349
95,4,equal_width,0.10161964300951006,0.8160465923103566,0.7578125,62,26.596774193548388,0.03225806451612903
96,4,equal_width,0.10125429118203269,0.8190996299290884,0.7578125,62,26.580645161290324,0.03225806451612903
97,4,equal_width,0.1009871399743422,0.820329558850294,0.7578125,62,26.56451612903226,0.04838709677419355
98,4,equal_width,0.10152046626005883,0.8198205034181966,0.76171875,61,26.983606557377048,0.03278688524590164
99,4,equal_width,0.09943141503839752,0.8216637482014016,0.7578125,62,26.532258064516128,0.04838709677419355
100,4,equal_width,0.09886077632467438,0.8209220307520018,0.76171875,61,26.950819672131146,0.03278688524590164
101,4,equal_width,0.10033614210135369,0.8186050037657697,0.765625,60,27.383333333333333,0.03333333333333333
102,4,equal_width,0.10187764195961493,0.8173684497478626,0.76953125,59,27.83050847457627,0.01694915254237288
103,4,equal_width,0.10065058985232224,0.8169276993038541,0.76953125,59,27.8135593220339,0.01694915254237288
104,4,equal_width,0.10047371155771723,0.8175052165580883,0.765625,60,27.333333333333332,0.03333333333333333
105,4,equal_width,0.10245251274091849,0.8175449369520525,0.7578125,62,26.43548387096774,0.06451612903225806
106,4,equal_width,0.10404468908796055,0.817682321029972,0.7578125,62,26.419354838709676,0.03225806451612903
107,4,equal_width,0.10602759903286357,0.8168669004505791,0.7578125,62,26.403225806451612,0.03225806451612903
108,4,equal_width,0.10537324338534217,0.8178103441701012,0.75390625,63,25.96825396825397,0.047619047619047616
109,4,equal_width,0.10606451588876445,0.8170471225438748,0.75,64,25.546875,0.078125
110,4,equal_width,0.10449092716138716,0.8167266449241938,0.75,64,25.53125,0.0625
111,4,equal_width,0.10961537453360594,0.8129042577933525,0.75390625,63,25.92063492063492,0.047619047619047616
112,4,equal_width,0.1090946471189532,0.8122377413306724,0.75,64,25.5,0.0625
113,4,equal_width,0.11150097720107101,0.8115960327076358,0.75,64,25.484375,0.046875
114,4,equal_width,0.11157170102302136,0.8117462718875889,0.74609375,65,25.076923076923077,0.06153846153846154
115,4,equal_width,0.11408507437101491,0.8098544606771965,0.75,64,25.453125,0.03125
116,4,equal_width,0.11113682377969668,0.8098662902380445,0.74609375,65,25.046153846153846,0.046153846153846156
117,4,equal_width,0.11105674421471984,0.8104841847066888,0.74609375,65,25.03076923076923,0.015384615384615385
118,4,equal_width,0.11056829869715705,0.8114700683768524,0.7421875,66,24.636363636363637,0.030303030303030304
119,4,equal_width,0.10919099557953042,0.8112075390029216,0.73828125,67,24.253731343283583,0.04477611940298507
120,4,equal_width,0.11024901243841165,0.8080797365173887,0.7421875,66,24.606060606060606,0.030303030303030304
1,5,equal_width,0.010256260734342491,0.735165050627937,0.888,70,24.9,0.21428571428571427
2,5,equal_width,0.023969570771162057,0.708841768337635,0.8848,72,24.194444444444443,0.1388888888888889
3,5,equal_width,0.03154099888073999,0.6863031779613198,0.8832,73,23.84931506849315,0.1232876712328767
4,5,equal_width,0.03633177931882827,0.676091167289457,0.8816,74,23.513513513513512,0.10810810810810811
5,5,equal_width,0.04354504641955559,0.6645970541738557,0.8816,74,23.5,0.06756756756756757
6,5,equal_width,0.05226641328473329,0.6642901474882787,0.8784,76,22.86842105263158,0.10526315789473684
7,5,equal_width,0.06103848855677661,0.6541737182876108,0.8784,76,22.855263157894736,0.09210526315789473
8,5,equal_width,0.06755234534748791,0.6509161941644928,0.8768,77,22.545454545454547,0.1038961038961039
9,5,equal_width,0.0765307272121481,0.6413230141068591,0.8752,78,22.243589743589745,0.1282051282051282
10,5,equal_width,0.08556685881851064,0.629127807870633,0.8752,78,22.23076923076923,0.11538461538461539
11,5,equal_width,0.08942759046913419,0.6214606549864546,0.872,80,21.6625,0.15
12,5,equal_width,0.09673540365903471,0.6054498010109245,0.872,80,21.65,0.1625
13,5,equal_width,0.1044793782518068,0.5963307253284249,0.872,80,21.6375,0.15
14,5,equal_width,0.10849855327299324,0.5926200738665398,0.872,80,21.625,0.1375
15,5,equal_width,0.1078786365697971,0.5925025114123008,0.8704,81,21.34567901234568,0.14814814814814814
16,5,equal_width,0.1080436957735249,0.5914103174840077,0.8736,79,21.873417721518987,0.10126582278481013
17,5,equal_width,0.10567419915478629,0.5962499862127096,0.8736,79,21.860759493670887,0.10126582278481013
18,5,equal_width,0.10421813062400448,0.6057285161695258,0.872,80,21.575,0.1125
19,5,equal_width,0.10441738377725351,0.6087931860727135,0.8704,81,21.296296296296298,0.1111111111111111
20,5,equal_width,0.10628099498418996,0.6100921896285366,0.8704,81,21.28395061728395,0.09876543209876543
21,5,equal_width,0.10480521110353219,0.6231962213073362,0.8656,84,20.511904761904763,0.10714285714285714
22,5,equal_width,0.10867868149933567,0.6297853102828727,0.864,85,20.258823529411764,0.08235294117647059
23,5,equal_width,0.11239246406390851,0.6342946097623827,0.8624,86,20.011627906976745,0.10465116279069768
24,5,equal_width,0.1103880546797155,0.6412705909621207,0.8592,88,19.545454545454547,0.10227272727272728
25,5,equal_width,0.1139705367282423,0.6425051757606023,0.8592,88,19.53409090909091,0.07954545454545454
26,5,equal_width,0.1220600112658277,0.6372553524936594,0.8576,89,19.303370786516854,0.10112359550561797
27,5,equal_width,0.1325380576033372,0.6332992346505754,0.8592,88,19.511363636363637,0.07954545454545454
28,5,equal_width,0.14114498526417207,0.6278749689294595,0.8592,88,19.5,0.07954545454545454
29,5,equal_width,0.15254579987070627,0.6249434560877953,0.8592,88,19.488636363636363,0.07954545454545454
30,5,equal_width,0.1544637111575275,0.6338563640971139,0.8576,89,19.258426966292134,0.0898876404494382
31,5,equal_width,0.15401309085694914,0.635368119977368,0.8576,89,19.247191011235955,0.10112359550561797
32,5,equal_width,0.1468825732665462,0.6469188549541273,0.8528,92,18.608695652173914,0.14130434782608695
33,5,equal_width,0.14931784572838971,0.6503331552557029,0.856,90,19.011111111111113,0.1
34,5,equal_width,0.153305625372153,0.6533575242871034,0.856,90,19.0,0.1
35,5,equal_width,0.15449810942713924,0.6569553381364565,0.8528,92,18.57608695652174,0.10869565217391304
36,5,equal_width,0.15679686680520838,0.6642498228368866,0.848,95,17.978947368421053,0.12631578947368421
37,5,equal_width,0.16010121261596308,0.6671193065848582,0.848,95,17.96842105263158,0.12631578947368421
38,5,equal_width,0.16462503836234677,0.666106906118171,0.8512,93,18.344086021505376,0.10752688172043011
39,5,equal_width,0.16507429018826297,0.6734342442164317,0.8496,94,18.138297872340427,0.11702127659574468
40,5,equal_width,0.1630620335387248,0.6827954572804431,0.8496,94,18.127659574468087,0.0851063829787234
41,5,equal_width,0.16262291142556642,0.6898840603495605,0.8432,98,17.377551020408163,0.1326530612244898
42,5,equal_width,0.1604603436431643,0.6972997367643383,0.8432,98,17.367346938775512,0.10204081632653061
43,5,equal_width,0.16250114637845128,0.6964386509551055,0.8432,98,17.357142857142858,0.11224489795918367
44,5,equal_width,0.16436832328108858,0.6960060999967788,0.8448,97,17.52577319587629,0.10309278350515463
45,5,equal_width,0.1662089293639856,0.69739465404005,0.8432,98,17.336734693877553,0.11224489795918367
46,5,equal_width,0.16899543287940938,0.6952744402705497,0.8448,97,17.50515463917526,0.10309278350515463
47,5,equal_width,0.1787354154915614,0.6913522409194347,0.8448,97,17.49484536082474,0.1134020618556701
48,5,equal_width,0.18428459539615846,0.6900056603673352,0.8432,98,17.306122448979593,0.1326530612244898
49,5,equal_width,0.19262931397592228,0.6870200507624938,0.8448,97,17.47422680412371,0.1134020618556701
50,5,equal_width,0.19449286034899316,0.6857688080070139,0.8432,98,17.285714285714285,0.1326530612244898
51,5,equal_width,0.18963962135999554,0.6919660078957894,0.84,100,16.93,0.12
52,5,equal_width,0.19153096559706917,0.6896948186577515,0.8416,99,17.09090909090909,0.09090909090909091
53,5,equal_width,0.19688899250058273,0.6903551943291923,0.84,100,16.91,0.12
54,5,equal_width,0.20092728958278372,0.688896594128231,0.8432,98,17.244897959183675,0.11224489795918367
55,5,equal_width,0.20262530382932306,0.6895706836278569,0.8416,99,17.060606060606062,0.13131313131313133
56,5,equal_width,0.19994066473140468,0.6911201148494515,0.84,100,16.88,0.14
57,5,equal_width,0.19579760195686316,0.6949438823863838,0.84,100,16.87,0.12
58,5,equal_width,0.19454896577210606,0.7004967382390616,0.8352,103,16.368932038834952,0.1553398058252427
59,5,equal_width,0.1924805628107106,0.7013310512242443,0.8352,103,16.359223300970875,0.1262135922330097
60,5,equal_width,0.1978593705793342,0.6996556735371127,0.8368,102,16.50980392156863,0.10784313725490197
61,5,equal_width,0.19806079970499452,0.6990621383239068,0.8352,103,16.339805825242717,0.13592233009708737
62,5,equal_width,0.20297656476025616,0.6928889745073973,0.8368,102,16.49019607843137,0.14705882352941177
63,5,equal_width,0.20919901491038914,0.6865942526111565,0.8416,99,16.97979797979798,0.12121212121212122
64,5,equal_width,0.2086615318206,0.6899994600520075,0.8416,99,16.96969696969697,0.1111111111111111
65,5,equal_width,0.2064145550767791,0.6939376570096345,0.84,100,16.79,0.11
66,5,equal_width,0.20441179635998702,0.6979290495187892,0.8368,102,16.45098039215686,0.14705882352941177
67,5,equal_width,0.20677904732888164,0.697741445174627,0.84,100,16.77,0.11
68,5,equal_width,0.2029889176476446,0.7012459921662529,0.8384,101,16.594059405940595,0.1188118811881188
69,5,equal_width,0.20388514967563423,0.7030292150353764,0.8368,102,16.42156862745098,0.11764705882352941
70,5,equal_width,0.20759726336346956,0.6995852139960974,0.8368,102,16.41176470588235,0.12745098039215685
71,5,equal_width,0.21248468858379815,0.6954607751272923,0.8368,102,16.401960784313726,0.11764705882352941
72,5,equal_width,0.21217271519577552,0.6949720460809099,0.8368,102,16.392156862745097,0.09803921568627451
73,5,equal_width,0.2178750782546423,0.6898301171686522,0.8368,102,16.38235294117647,0.11764705882352941
74,5,equal_width,0.22323345036849795,0.6828280821240583,0.8384,101,16.534653465346533,0.10891089108910891
75,5,equal_width,0.22030340233785314,0.6825710858072023,0.8368,102,16.362745098039216,0.12745098039215685
76,5,equal_width,0.22212939819213975,0.6791896322942582,0.8384,101,16.514851485148515,0.10891089108910891
77,5,equal_width,0.21488773431235206,0.6793186122503115,0.8368,102,16.34313725490196,0.10784313725490197
78,5,equal_width,0.2091461748257588,0.6778724955120093,0.8352,103,16.174757281553397,0.1262135922330097
79,5,equal_width,0.20136202070731105,0.6770342452227658,0.8336,104,16.009615384615383,0.1346153846153846
80,5,equal_width,0.19852287798365587,0.6749377725592547,0.8352,103,16.155339805825243,0.1262135922330097
81,5,equal_width,0.19579639452835967,0.6760800980058452,0.8352,103,16.145631067961165,0.1262135922330097
82,5,equal_width,0.1936331969059854,0.6752983992904735,0.8336,104,15.98076923076923,0.125
83,5,equal_width,0.1886139003508824,0.6761311551188351,0.8336,104,15.971153846153847,0.125
84,5,equal_width,0.18995954755720115,0.6833547374083043,0.832,105,15.80952380952381,0.1523809523809524
85,5,equal_width,0.1870180313353031,0.6905989534337178,0.832,105,15.8,0.1523809523809524
86,5,equal_width,0.18240836553989845,0.6981946114690797,0.832,105,15.790476190476191,0.13333333333333333
87,5,equal_width,0.17970373452321928,0.7054854449655352,0.8304,106,15.632075471698114,0.14150943396226415
88,5,equal_width,0.1836865001003036,0.7054105471264084,0.8336,104,15.923076923076923,0.11538461538461539
89,5,equal_width,0.1829188507639239,0.7130302494537614,0.832,105,15.761904761904763,0.11428571428571428
90,5,equal_width,0.18145900182333596,0.7209890878610263,0.8304,106,15.60377358490566,0.10377358490566038
91,5,equal_width,0.18373840561087043,0.7258981294140763,0.8304,106,15.59433962264151,0.09433962264150944
92,5,equal_width,0.18212562169983346,0.731063974348879,0.8304,106,15.584905660377359,0.10377358490566038
93,5,equal_width,0.18030466572586762,0.7368014965873894,0.8288,107,15.429906542056075,0.12149532710280374
94,5,equal_width,0.18011110755160775,0.737959174584072,0.8304,106,15.566037735849056,0.10377358490566038
95,5,equal_width,0.17481703257179568,0.7395813328856844,0.8304,106,15.556603773584905,0.12264150943396226
96,5,equal_width,0.17436873350800242,0.7356954030889253,0.832,105,15.695238095238095,0.11428571428571428
97,5,equal_width,0.16873584850939538,0.7382183469144559,0.8304,106,15.537735849056604,0.1320754716981132
98,5,equal_width,0.16793099184625046,0.7400359737468547,0.8272,108,15.24074074074074,0.1574074074074074
99,5,equal_width,0.170512584542362,0.7405015539127988,0.8288,107,15.373831775700934,0.1308411214953271
100,5,equal_width,0.1785979092534984,0.743718154881025,0.8272,108,15.222222222222221,0.1574074074074074
101,5,equal_width,0.18409564318189534,0.7450187950701133,0.8304,106,15.5,0.1320754716981132
102,5,equal_width,0.18861103054754427,0.7463822511514132,0.8336,104,15.788461538461538,0.11538461538461539
103,5,equal_width,0.18736044041313693,0.7537367225656489,0.8336,104,15.778846153846153,0.11538461538461539
104,5,equal_width,0.1850248432311715,0.7563130092355058,0.832,105,15.619047619047619,0.11428571428571428
105,5,equal_width,0.18332059632920175,0.7554659918163393,0.832,105,15.60952380952381,0.10476190476190476
106,5,equal_width,0.18479858078876452,0.7545134486042671,0.8336,104,15.75,0.09615384615384616
107,5,equal_width,0.18895175674994127,0.7526013191139573,0.8352,103,15.893203883495145,0.10679611650485436
108,5,equal_width,0.19318706475287561,0.7474332453973564,0.8384,101,16.198019801980198,0.09900990099009901
109,5,equal_width,0.1914240410749192,0.7453657671714928,0.8368,102,16.029411764705884,0.10784313725490197
110,5,equal_width,0.19108162459782918,0.7410678127899133,0.8368,102,16.019607843137255,0.10784313725490197
111,5,equal_width,0.1955346952128557,0.7331553344913871,0.8384,101,16.168316831683168,0.1188118811881188
112,5,equal_width,0.1881074442515054,0.7317732001850006,0.8384,101,16.15841584158416,0.12871287128712872
113,5,equal_width,0.18370748979806595,0.7301090918411189,0.84,100,16.31,0.12
114,5,equal_width,0.1840393326401641,0.7274748943344823,0.8432,98,16.632653061224488,0.10204081632653061
115,5,equal_width,0.17945725729450482,0.7272679891060307,0.8432,98,16.622448979591837,0.12244897959183673
116,5,equal_width,0.17683860373508137,0.7246417130567573,0.8464,96,16.958333333333332,0.10416666666666667
117,5,equal_width,0.1719318394355863,0.7240124616276843,0.8432,98,16.602040816326532,0.15306122448979592
118,5,equal_width,0.1677037798061268,0.726905372604682,0.8416,99,16.424242424242426,0.16161616161616163
119,5,equal_width,0.16414564856269453,0.7236607364066019,0.8464,96,16.927083333333332,0.125
120,5,equal_width,0.15900282779112523,0.7314554221984951,0.8416,99,16.404040404040405,0.15151515151515152
1,6,equal_width,0.016008327192217182,0.7421082447004979,0.9220679012345679,101,17.257425742574256,0.297029702970297
2,6,equal_width,0.02512644030847348,0.7314982214257818,0.9189814814814815,105,16.590476190476192,0.14285714285714285
3,6,equal_width,0.036745571863995345,0.7120478585524158,0.9174382716049383,107,16.27102803738318,0.12149532710280374
4,6,equal_width,0.048612745015857474,0.680579173115257,0.9166666666666666,108,16.11111111111111,0.12037037037037036
5,6,equal_width,0.05570304257773932,0.6569494890358678,0.9182098765432098,106,16.40566037735849,0.08490566037735849
6,6,equal_width,0.06799823135190503,0.6268449274835968,0.9197530864197531,104,16.71153846153846,0.0673076923076923
7,6,equal_width,0.07654231567068766,0.620563850773595,0.9174382716049383,107,16.233644859813083,0.102803738317757
8,6,equal_width,0.07851943556250392,0.6084029376330138,0.9166666666666666,108,16.074074074074073,0.09259259259259259
9,6,equal_width,0.08345737841726478,0.5912754428992683,0.9158950617283951,109,15.917431192660551,0.11926605504587157
10,6,equal_width,0.0850525711216567,0.585348680082028,0.9158950617283951,109,15.908256880733944,0.10091743119266056
11,6,equal_width,0.09105736342542718,0.5835557327264663,0.9143518518518519,111,15.612612612612613,0.12612612612612611
12,6,equal_width,0.09680003906933374,0.5782145032306795,0.9158950617283951,109,15.889908256880734,0.09174311926605505
13,6,equal_width,0.1011154673346738,0.579685273935552,0.9151234567901234,110,15.736363636363636,0.1
14,6,equal_width,0.10847546486228317,0.5747520947345117,0.9151234567901234,110,15.727272727272727,0.1
15,6,equal_width,0.11931619274979176,0.5693389316118045,0.9166666666666666,108,16.00925925925926,0.08333333333333333
16,6,equal_width,0.11290446795331628,0.5736914294246366,0.9151234567901234,110,15.709090909090909,0.1
17,6,equal_width,0.11258902576572978,0.5748239020429672,0.9158950617283951,109,15.844036697247706,0.07339449541284404
18,6,equal_width,0.11192232670208714,0.5768387152101645,0.9143518518518519,111,15.54954954954955,0.06306306306306306
19,6,equal_width,0.11478226995874194,0.575660189400802,0.9143518518518519,111,15.54054054054054,0.07207207207207207
20,6,equal_width,0.1184154045936207,0.5791346077740405,0.9143518518518519,111,15.531531531531531,0.06306306306306306
21,6,equal_width,0.12110132455357475,0.5915427827581682,0.9112654320987654,115,14.982608695652173,0.08695652173913043
22,6,equal_width,0.1253321714158622,0.5981506524892006,0.9112654320987654,115,14.97391304347826,0.06086956521739131
23,6,equal_width,0.13206302278371682,0.6064088903070802,0.9104938271604939,116,14.836206896551724,0.08620689655172414
24,6,equal_width,0.14056026109057707,0.6094064207739363,0.9120370370370371,114,15.087719298245615,0.06140350877192982
25,6,equal_width,0.14235604253952244,0.620289421415304,0.9097222222222222,117,14.692307692307692,0.07692307692307693
26,6,equal_width,0.14774247080828334,0.630428381906971,0.9066358024691358,121,14.198347107438016,0.09917355371900827
27,6,equal_width,0.15523738400621606,0.629840433193922,0.9074074074074074,120,14.308333333333334,0.075
28,6,equal_width,0.16187505001895064,0.6353342036070366,0.904320987654321,124,13.838709677419354,0.12096774193548387
29,6,equal_width,0.17194517656932196,0.6373446460474219,0.904320987654321,124,13.830645161290322,0.10483870967741936
30,6,equal_width,0.18774565224679926,0.636875606211062,0.9027777777777778,126,13.603174603174603,0.12698412698412698
31,6,equal_width,0.19853655766346867,0.6389901127460024,0.9012345679012346,128,13.3828125,0.125
32,6,equal_width,0.1983419097032933,0.6430526018218684,0.9004629629629629,129,13.271317829457365,0.13178294573643412
33,6,equal_width,0.19695171618802101,0.6483372338756728,0.8996913580246914,130,13.161538461538461,0.12307692307692308
34,6,equal_width,0.1961186315262178,0.6510578636994961,0.8981481481481481,132,12.954545454545455,0.13636363636363635
35,6,equal_width,0.20436497314314353,0.6487952264657229,0.8989197530864198,131,13.045801526717558,0.11450381679389313
36,6,equal_width,0.20992035362327405,0.6497030337030228,0.8958333333333334,135,12.651851851851852,0.16296296296296298
37,6,equal_width,0.22446349631677254,0.6457598169403924,0.8981481481481481,132,12.931818181818182,0.12878787878787878
38,6,equal_width,0.22367350156063523,0.6496612079660773,0.8973765432098766,133,12.827067669172932,0.12030075187969924
39,6,equal_width,0.22286902216089508,0.6583693123588947,0.8958333333333334,135,12.62962962962963,0.1111111111111111
40,6,equal_width,0.232408382584501,0.658241709733091,0.8966049382716049,134,12.716417910447761,0.1044776119402985
41,6,equal_width,0.23718705951432761,0.6601527542132477,0.8966049382716049,134,12.708955223880597,0.1044776119402985
42,6,equal_width,0.2361129961479036,0.6651434346507544,0.8958333333333334,135,12.607407407407408,0.0962962962962963
43,6,equal_width,0.24163401795357112,0.661210912598355,0.8966049382716049,134,12.694029850746269,0.08955223880597014
44,6,equal_width,0.24735096468983458,0.6594300700743588,0.8966049382716049,134,12.686567164179104,0.08955223880597014
45,6,equal_width,0.2568423862658479,0.6545228689093169,0.8989197530864198,131,12.969465648854962,0.061068702290076333
46,6,equal_width,0.25541011549853687,0.6586606337769766,0.8966049382716049,134,12.671641791044776,0.08955223880597014
47,6,equal_width,0.25800665901845554,0.6579103622804444,0.8966049382716049,134,12.664179104477611,0.09701492537313433
48,6,equal_width,0.2656993308049461,0.6501164025617024,0.8989197530864198,131,12.946564885496183,0.08396946564885496
49,6,equal_width,0.26673019534147135,0.6462753529057015,0.9012345679012346,128,13.2421875,0.0546875
50,6,equal_width,0.26768512376955633,0.651707794101369,0.8996913580246914,130,13.03076923076923,0.06923076923076923
51,6,equal_width,0.26324397553146234,0.6582811186890948,0.8973765432098766,133,12.729323308270677,0.07518796992481203
52,6,equal_width,0.2618918061182647,0.6563885796453915,0.8981481481481481,132,12.818181818181818,0.06060606060606061
53,6,equal_width,0.25980046433222653,0.6639464473328517,0.8942901234567902,137,12.343065693430656,0.10948905109489052
54,6,equal_width,0.2572696661113824,0.6688731133707865,0.8942901234567902,137,12.335766423357665,0.08759124087591241
55,6,equal_width,0.2545802765398695,0.6699459380771221,0.8942901234567902,137,12.328467153284672,0.08759124087591241
56,6,equal_width,0.24994571910451413,0.6768037333961239,0.8927469135802469,139,12.143884892086332,0.09352517985611511
57,6,equal_width,0.248748407020062,0.6737886639841223,0.8935185185185185,138,12.22463768115942,0.10144927536231885
58,6,equal_width,0.24857323366181477,0.6733027790030323,0.8942901234567902,137,12.306569343065693,0.08759124087591241
59,6,equal_width,0.2502952570286269,0.6719654879150476,0.8919753086419753,140,12.035714285714286,0.12142857142857143
60,6,equal_width,0.2529419140461096,0.6656476227560781,0.8927469135802469,139,12.115107913669064,0.1079136690647482
61,6,equal_width,0.25660633099970653,0.6571160476875291,0.8935185185185185,138,12.195652173913043,0.11594202898550725
62,6,equal_width,0.26625161323172003,0.6494453664355292,0.8950617283950617,136,12.367647058823529,0.11029411764705882
63,6,equal_width,0.2644864842482762,0.647301714239712,0.8935185185185185,138,12.181159420289855,0.14492753623188406
64,6,equal_width,0.2587016372849442,0.6444845478152379,0.8935185185185185,138,12.173913043478262,0.12318840579710146
65,6,equal_width,0.2568525602064604,0.6460816814862946,0.8912037037037037,141,11.907801418439716,0.14893617021276595
66,6,equal_width,0.25746008470497916,0.6449365394595395,0.8912037037037037,141,11.900709219858156,0.12056737588652482
67,6,equal_width,0.26410646472883403,0.6427369667488514,0.8912037037037037,141,11.893617021276595,0.10638297872340426
68,6,equal_width,0.2716069416493968,0.6378645896018067,0.8919753086419753,140,11.971428571428572,0.1
69,6,equal_width,0.2754776008886292,0.6359443353923633,0.8919753086419753,140,11.964285714285714,0.08571428571428572
70,6,equal_width,0.28753798559693816,0.6317446960547937,0.8927469135802469,139,12.043165467625899,0.07913669064748201
71,6,equal_width,0.29653243722176403,0.6326442061229501,0.8935185185185185,138,12.123188405797102,0.07246376811594203
72,6,equal_width,0.29950530677625115,0.6340055206651486,0.8912037037037037,141,11.858156028368795,0.09219858156028368
73,6,equal_width,0.3092389049196638,0.6261784412308752,0.8919753086419753,140,11.935714285714285,0.08571428571428572
74,6,equal_width,0.30129406446949486,0.6283722232028176,0.8904320987654321,142,11.76056338028169,0.07746478873239436
75,6,equal_width,0.29407345803483864,0.6321701687306268,0.8881172839506173,145,11.510344827586207,0.09655172413793103
76,6,equal_width,0.2948313899942242,0.6276145764634339,0.8904320987654321,142,11.746478873239436,0.07042253521126761
77,6,equal_width,0.2962724270557089,0.6309664172982717,0.8888888888888888,144,11.57638888888889,0.09027777777777778
78,6,equal_width,0.2790402010233235,0.6415989954569087,0.8858024691358025,148,11.256756756756756,0.10810810810810811
79,6,equal_width,0.28328003432264626,0.6431728662553693,0.8850308641975309,149,11.174496644295303,0.11409395973154363
80,6,equal_width,0.28283139563065274,0.6473940312265175,0.8858024691358025,148,11.243243243243244,0.10135135135135136
81,6,equal_width,0.27461115268180963,0.6530658859085537,0.8858024691358025,148,11.236486486486486,0.10135135135135136
82,6,equal_width,0.2694506371844027,0.6572981972201505,0.8850308641975309,149,11.154362416107382,0.10738255033557047
83,6,equal_width,0.26686962581792506,0.6627288457152719,0.8850308641975309,149,11.14765100671141,0.10738255033557047
84,6,equal_width,0.2681000948554519,0.6635065128751074,0.8850308641975309,149,11.140939597315436,0.10738255033557047
85,6,equal_width,0.27406740481634806,0.6646692013899009,0.8850308641975309,149,11.134228187919463,0.10738255033557047
86,6,equal_width,0.28775381332416416,0.6596419407028065,0.8881172839506173,145,11.434482758620689,0.10344827586206896
87,6,equal_width,0.29384120296290706,0.660207573969636,0.8888888888888888,144,11.506944444444445,0.09722222222222222
88,6,equal_width,0.29943735824611056,0.6620084233107368,0.8888888888888888,144,11.5,0.09722222222222222
89,6,equal_width,0.2980685402223473,0.6666532331480272,0.8881172839506173,145,11.413793103448276,0.10344827586206896
90,6,equal_width,0.30067761200643817,0.6642689356942509,0.8896604938271605,143,11.566433566433567,0.08391608391608392
91,6,equal_width,0.29226981845475325,0.6678829119764517,0.8873456790123457,146,11.321917808219178,0.11643835616438356
92,6,equal_width,0.28274568903891156,0.6677826327520449,0.8881172839506173,145,11.393103448275863,0.1103448275862069
93,6,equal_width,0.28227170830180476,0.6644285245987192,0.8912037037037037,141,11.709219858156029,0.07092198581560284
94,6,equal_width,0.27731655430007807,0.6683613329382936,0.8896604938271605,143,11.538461538461538,0.0979020979020979
95,6,equal_width,0.27646047906458004,0.6719357343949983,0.8888888888888888,144,11.45138888888889,0.09027777777777778
96,6,equal_width,0.2796641576830241,0.6717575971534838,0.8896604938271605,143,11.524475524475525,0.07692307692307693
97,6,equal_width,0.28436640874221747,0.6712848949129759,0.8904320987654321,142,11.598591549295774,0.07746478873239436
98,6,equal_width,0.2774758557386121,0.6772061180950851,0.8888888888888888,144,11.430555555555555,0.08333333333333333
99,6,equal_width,0.26990499931652695,0.6828702732208387,0.8873456790123457,146,11.267123287671232,0.08904109589041095
100,6,equal_width,0.2670109830474724,0.6816838315531134,0.8888888888888888,144,11.416666666666666,0.09027777777777778
101,6,equal_width,0.2630338182116715,0.6828594117988839,0.8888888888888888,144,11.409722222222221,0.08333333333333333
102,6,equal_width,0.2568421221103079,0.6857643576274183,0.8865740740740741,147,11.170068027210885,0.11564625850340136
103,6,equal_width,0.254115329422473,0.6840934481988407,0.8873456790123457,146,11.23972602739726,0.0958904109589041
104,6,equal_width,0.24777799715891372,0.6887480412844094,0.8858024691358025,148,11.08108108108108,0.08783783783783784
105,6,equal_width,0.24645036038614274,0.69114020114459,0.8850308641975309,149,11.0,0.08053691275167785
106,6,equal_width,0.24645491175298143,0.6907776963285801,0.8834876543209876,151,10.847682119205299,0.09933774834437085
107,6,equal_width,0.24122456372702294,0.6933402632308554,0.8842592592592593,150,10.913333333333334,0.08
108,6,equal_width,0.24417054448223852,0.6892439978914844,0.8834876543209876,151,10.834437086092715,0.09933774834437085
109,6,equal_width,0.24168594992288409,0.6854183970073944,0.8842592592592593,150,10.9,0.08666666666666667
110,6,equal_width,0.24336277911223475,0.6815824186813872,0.8842592592592593,150,10.893333333333333,0.10666666666666667
111,6,equal_width,0.24382441593758372,0.6776249998891075,0.8858024691358025,148,11.033783783783784,0.08783783783783784
112,6,equal_width,0.24044083332821448,0.6749123357262573,0.8858024691358025,148,11.027027027027026,0.08783783783783784
113,6,equal_width,0.23846251092951354,0.6681961778354899,0.8873456790123457,146,11.17123287671233,0.0958904109589041
114,6,equal_width,0.22908629859423493,0.6669720128724173,0.8865740740740741,147,11.08843537414966,0.10204081632653061
115,6,equal_width,0.22451317717046926,0.6587229243620119,0.8888888888888888,144,11.3125,0.09027777777777778
116,6,equal_width,0.22148862494374175,0.6568144950239733,0.8873456790123457,146,11.150684931506849,0.1232876712328767
117,6,equal_width,0.21975170546236866,0.6523707059067918,0.8881172839506173,145,11.220689655172414,0.11724137931034483
118,6,equal_width,0.21738286948422392,0.6485336297381099,0.8888888888888888,144,11.291666666666666,0.11805555555555555
119,6,equal_width,0.21236544427813372,0.643573788347766,0.8904320987654321,142,11.443661971830986,0.11267605633802817
120,6,equal_width,0.21202430776084952,0.6381800635245485,0.8919753086419753,140,11.6,0.1
1,7,equal_width,0.023678046524430146,0.7001638087873426,0.9454394002498959,131,13.305343511450381,0.2824427480916031
2,7,equal_width,0.050434914728780686,0.6696056410122804,0.9437734277384423,135,12.903703703703703,0.14074074074074075
3,7,equal_width,0.07123437549073959,0.6516807539726928,0.9416909620991254,140,12.435714285714285,0.17857142857142858
4,7,equal_width,0.09070701170320528,0.635490483100876,0.9408579758433986,142,12.253521126760564,0.16901408450704225
5,7,equal_width,0.10468653593613717,0.6217300542070351,0.9408579758433986,142,12.246478873239436,0.13380281690140844
6,7,equal_width,0.11699617442179537,0.6109775508228398,0.941274468971262,141,12.326241134751774,0.12056737588652482
7,7,equal_width,0.12875616800626571,0.601989112021277,0.9416909620991254,140,12.407142857142857,0.09285714285714286
8,7,equal_width,0.14284882853190123,0.5807185472889979,0.9416909620991254,140,12.4,0.09285714285714286
9,7,equal_width,0.14589539479039423,0.5874042854512762,0.9387755102040817,147,11.802721088435375,0.12244897959183673
10,7,equal_width,0.1509509627802981,0.5816329917422971,0.9379425239483549,149,11.63758389261745,0.12751677852348994
11,7,equal_width,0.1634437650262495,0.5653694620751654,0.9383590170762183,148,11.70945945945946,0.12837837837837837
12,7,equal_width,0.17859653605738474,0.5513572186834832,0.939192003331945,146,11.863013698630137,0.0958904109589041
13,7,equal_width,0.19033699602424237,0.5456652184442567,0.9375260308204915,150,11.54,0.12666666666666668
14,7,equal_width,0.1942644612919774,0.5504270217277256,0.9371095376926281,151,11.456953642384105,0.12582781456953643
15,7,equal_width,0.19716657829269826,0.5614607366052923,0.9354435651811746,155,11.154838709677419,0.14838709677419354
16,7,equal_width,0.20348190802489113,0.564203868052387,0.9354435651811746,155,11.148387096774194,0.12903225806451613
17,7,equal_width,0.21104933785316035,0.5620516712458493,0.9341940857975843,158,10.930379746835444,0.15822784810126583
18,7,equal_width,0.225348835050389,0.5534388724520066,0.9346105789254477,157,10.993630573248408,0.17834394904458598
19,7,equal_width,0.23667071080640506,0.5528206769667058,0.9362765514369012,153,11.27450980392157,0.13071895424836602
20,7,equal_width,0.23535740924536733,0.567067265778542,0.9337775926697209,159,10.842767295597485,0.15723270440251572
21,7,equal_width,0.2338055591856616,0.5762450684654115,0.9329446064139941,161,10.701863354037267,0.13043478260869565
22,7,equal_width,0.23405854020016068,0.5785918904953914,0.9325281132861308,162,10.62962962962963,0.12345679012345678
23,7,equal_width,0.23930629535793685,0.574892921116261,0.9329446064139941,161,10.68944099378882,0.11801242236024845
24,7,equal_width,0.2469495291185996,0.5722193937745625,0.9329446064139941,161,10.683229813664596,0.12422360248447205
25,7,equal_width,0.2509565696284732,0.576621369001884,0.9321116201582674,163,10.54601226993865,0.12269938650306748
26,7,equal_width,0.24874744644623084,0.578982648943616,0.931695127030404,164,10.475609756097562,0.11585365853658537
27,7,equal_width,0.2530861621613251,0.5752494525209834,0.9308621407746772,166,10.343373493975903,0.15060240963855423
28,7,equal_width,0.26351874786461515,0.5667626049074364,0.9312786339025406,165,10.4,0.1393939393939394
29,7,equal_width,0.26976313247236644,0.5653173593779676,0.929612661391087,169,10.14792899408284,0.16568047337278108
30,7,equal_width,0.2770092229845322,0.5584104996704754,0.929612661391087,169,10.142011834319527,0.16568047337278108
31,7,equal_width,0.2599521385634396,0.5645860185743945,0.9275301957517701,174,9.844827586206897,0.1781609195402299
32,7,equal_width,0.24861062185799623,0.5717705405985183,0.9258642232403166,178,9.617977528089888,0.17415730337078653
33,7,equal_width,0.2478581866427621,0.5744035366745385,0.9266972094960433,176,9.721590909090908,0.13636363636363635
34,7,equal_width,0.24388791429801357,0.5744881294945638,0.9275301957517701,174,9.827586206896552,0.13793103448275862
35,7,equal_width,0.2431585966317995,0.5718264566056972,0.9287796751353603,171,9.994152046783626,0.1286549707602339
36,7,equal_width,0.2467105077832146,0.5722331806485699,0.9275301957517701,174,9.816091954022989,0.13793103448275862
37,7,equal_width,0.25337234383100277,0.568334518613697,0.9279466888796335,173,9.867052023121387,0.13872832369942195
38,7,equal_width,0.2649341180693569,0.5586927489738401,0.929612661391087,169,10.094674556213018,0.1301775147928994
39,7,equal_width,0.2681584323195583,0.5591869278305213,0.9283631820074969,172,9.912790697674419,0.14534883720930233
40,7,equal_width,0.2714747154543474,0.5571193411710651,0.9287796751353603,171,9.964912280701755,0.12280701754385964
41,7,equal_width,0.27451115585765556,0.5602479177096704,0.9275301957517701,174,9.78735632183908,0.13218390804597702
42,7,equal_width,0.28610749481714515,0.5634067905957055,0.9266972094960433,176,9.670454545454545,0.13636363636363635
43,7,equal_width,0.2939786113960488,0.5643204986656278,0.9266972094960433,176,9.664772727272727,0.13068181818181818
44,7,equal_width,0.2984990783525676,0.5641292508614615,0.9262807163681799,177,9.6045197740113,0.12994350282485875
45,7,equal_width,0.3076142408088147,0.5641999379911538,0.9246147438567264,181,9.386740331491712,0.16574585635359115
46,7,equal_width,0.3173467329045219,0.563934538886071,0.9246147438567264,181,9.38121546961326,0.14917127071823205
47,7,equal_width,0.328231879385276,0.5649945207841017,0.9246147438567264,181,9.375690607734807,0.13259668508287292
48,7,equal_width,0.33379275988867957,0.5662495494335671,0.9229487713452728,185,9.167567567567568,0.17297297297297298
49,7,equal_width,0.3469251403577498,0.5597835276927721,0.9250312369845898,180,9.416666666666666,0.1388888888888889
50,7,equal_width,0.3511523783717309,0.5635347286962403,0.9237817576009996,183,9.256830601092895,0.16393442622950818
51,7,equal_width,0.36530644130078554,0.5598513990956371,0.9246147438567264,181,9.353591160220995,0.14917127071823205
52,7,equal_width,0.3666272792103927,0.573181728504426,0.9225322782174095,186,9.096774193548388,0.15053763440860216
53,7,equal_width,0.37073058958894595,0.5782406361598681,0.9221157850895461,187,9.042780748663102,0.12299465240641712
54,7,equal_width,0.37566375249786876,0.5837654181964095,0.9204498125780924,191,8.848167539267015,0.1518324607329843
55,7,equal_width,0.38139005991006947,0.5800094616740885,0.920033319450229,192,8.796875,0.16666666666666666
56,7,equal_width,0.3839671587211528,0.5772739053743897,0.920033319450229,192,8.791666666666666,0.15625
57,7,equal_width,0.38898806570391925,0.5757788197018159,0.9196168263223656,193,8.740932642487047,0.16580310880829016
58,7,equal_width,0.3971649057326029,0.5712758956052094,0.9208663057059558,190,8.873684210526315,0.14210526315789473
59,7,equal_width,0.4038241904912246,0.5680789341270724,0.9212827988338192,189,8.915343915343914,0.15343915343915343
60,7,equal_width,0.40753544408242937,0.5670154932798768,0.9225322782174095,186,9.053763440860216,0.12365591397849462
61,7,equal_width,0.40305076163912223,0.5637813079794868,0.9233652644731362,184,9.146739130434783,0.11413043478260869
62,7,equal_width,0.39718568142056865,0.5677524445792068,0.9225322782174095,186,9.043010752688172,0.15053763440860216
63,7,equal_width,0.39427554382437835,0.5626327354706092,0.9254477301124532,179,9.391061452513966,0.11173184357541899
64,7,equal_width,0.3936198050950723,0.5616557406247514,0.9246147438567264,181,9.281767955801104,0.13259668508287292
65,7,equal_width,0.3852236213701167,0.5614670523534662,0.9233652644731362,184,9.125,0.14673913043478262
66,7,equal_width,0.37944207371054045,0.5635156714950275,0.9237817576009996,183,9.169398907103826,0.12021857923497267
67,7,equal_width,0.373739153848356,0.5684152231086764,0.9229487713452728,185,9.064864864864864,0.12972972972972974
68,7,equal_width,0.36854345518695375,0.5721223623906041,0.9233652644731362,184,9.108695652173912,0.10869565217391304
69,7,equal_width,0.3668421328096159,0.571942341222261,0.924198250728863,182,9.203296703296703,0.09340659340659341
70,7,equal_width,0.36754135402104415,0.5696264856243287,0.9237817576009996,183,9.147540983606557,0.1092896174863388
71,7,equal_width,0.3712754933841724,0.5650609777389016,0.9233652644731362,184,9.092391304347826,0.14130434782608695
72,7,equal_width,0.3791055483382723,0.5626799383571582,0.9233652644731362,184,9.08695652173913,0.1358695652173913
73,7,equal_width,0.37913800496357436,0.5645172187952614,0.9225322782174095,186,8.983870967741936,0.13978494623655913
74,7,equal_width,0.3660247539458338,0.567868340241028,0.9221157850895461,187,8.93048128342246,0.11764705882352941
75,7,equal_width,0.3608141745126673,0.5713952942558629,0.9212827988338192,189,8.83068783068783,0.13756613756613756
76,7,equal_width,0.3597462586238898,0.5674568878756335,0.9225322782174095,186,8.96774193548387,0.12365591397849462
77,7,equal_width,0.36296072692480813,0.5612863521724054,0.9237817576009996,183,9.109289617486338,0.12021857923497267
78,7,equal_width,0.3631957296212604,0.5646214092461203,0.9229487713452728,185,9.005405405405405,0.13513513513513514
79,7,equal_width,0.35998593682713587,0.5665615030991946,0.9233652644731362,184,9.048913043478262,0.13043478260869565
80,7,equal_width,0.35880789261229407,0.5666673586207203,0.9237817576009996,183,9.092896174863387,0.11475409836065574
81,7,equal_width,0.3560346138075133,0.5714832152757258,0.9225322782174095,186,8.940860215053764,0.12365591397849462
82,7,equal_width,0.35757927623464386,0.574012060275906,0.9216992919616827,188,8.840425531914894,0.12234042553191489
83,7,equal_width,0.3639120616148852,0.5703468811638202,0.9221157850895461,187,8.882352941176471,0.11764705882352941
84,7,equal_width,0.3693016215526608,0.5653826321692241,0.9221157850895461,187,8.877005347593583,0.1443850267379679
85,7,equal_width,0.37563690992355764,0.5548585149551828,0.9237817576009996,183,9.065573770491802,0.14207650273224043
86,7,equal_width,0.37531762085843917,0.5557973150182972,0.924198250728863,182,9.10989010989011,0.14285714285714285
87,7,equal_width,0.369978372748091,0.5594084640486433,0.9237817576009996,183,9.05464480874317,0.1366120218579235
88,7,equal_width,0.3682798313070118,0.5604156189161077,0.924198250728863,182,9.098901098901099,0.13736263736263737
89,7,equal_width,0.3668116822434423,0.5597701955406891,0.924198250728863,182,9.093406593406593,0.15384615384615385
90,7,equal_width,0.36485722793449127,0.5643554098914131,0.9237817576009996,183,9.03825136612022,0.15300546448087432
91,7,equal_width,0.3664751034371901,0.5636587921734794,0.9246147438567264,181,9.132596685082873,0.13259668508287292
92,7,equal_width,0.370622745338418,0.5647416535688171,0.924198250728863,182,9.076923076923077,0.12637362637362637
93,7,equal_width,0.36498471076956845,0.5721284782383615,0.9229487713452728,185,8.924324324324324,0.12972972972972974
94,7,equal_width,0.36486989408289483,0.5715202239082763,0.9246147438567264,181,9.116022099447514,0.11602209944751381
95,7,equal_width,0.3588535763637872,0.5737082833229259,0.9246147438567264,181,9.11049723756906,0.10497237569060773
96,7,equal_width,0.35540942307949785,0.5800332963359405,0.9233652644731362,184,8.956521739130435,0.10326086956521739
97,7,equal_width,0.357088271910768,0.5766941320140628,0.924198250728863,182,9.04945054945055,0.09340659340659341
98,7,equal_width,0.36385177296653226,0.5817580688217537,0.924198250728863,182,9.043956043956044,0.0989010989010989
99,7,equal_width,0.3669333106861251,0.5842567160167362,0.924198250728863,182,9.038461538461538,0.0989010989010989
100,7,equal_width,0.37334165002764713,0.5803076180080865,0.9246147438567264,181,9.082872928176796,0.12154696132596685
101,7,equal_width,0.38131709677478426,0.5763898518866021,0.924198250728863,182,9.027472527472527,0.14285714285714285
102,7,equal_width,0.38613990150006694,0.5736451044431488,0.9250312369845898,180,9.122222222222222,0.1388888888888889
103,7,equal_width,0.3831002484625308,0.5695596973593576,0.9262807163681799,177,9.271186440677965,0.11299435028248588
104,7,equal_width,0.376558652778955,0.5695281838448647,0.9254477301124532,179,9.162011173184357,0.15083798882681565
105,7,equal_width,0.36949846037575346,0.5724907888708729,0.9250312369845898,180,9.105555555555556,0.1388888888888889
106,7,equal_width,0.35909248252987097,0.5743374580037017,0.924198250728863,182,9.0,0.13186813186813187
107,7,equal_width,0.3547506294832369,0.5697262093177354,0.9250312369845898,180,9.094444444444445,0.13333333333333333
108,7,equal_width,0.3514904831423758,0.562098266321114,0.9266972094960433,176,9.295454545454545,0.125
109,7,equal_width,0.3522791629933317,0.5588336426945532,0.9271137026239067,175,9.342857142857143,0.10285714285714286
110,7,equal_width,0.3652299820944022,0.5561013236154438,0.9258642232403166,178,9.179775280898877,0.12921348314606743
111,7,equal_width,0.37186451230447004,0.5559590644810433,0.9254477301124532,179,9.12290502793296,0.1340782122905028
112,7,equal_width,0.37277158593672033,0.55709856342499,0.9237817576009996,183,8.918032786885245,0.15300546448087432
113,7,equal_width,0.3714220576692021,0.5570125285981479,0.9246147438567264,181,9.011049723756907,0.143646408839779
114,7,equal_width,0.37339431073591384,0.5599353760780187,0.9246147438567264,181,9.005524861878452,0.1270718232044199
115,7,equal_width,0.371207994545583,0.5641749750395313,0.9233652644731362,184,8.853260869565217,0.14130434782608695
116,7,equal_width,0.3735992659201266,0.5633594622394091,0.924198250728863,182,8.945054945054945,0.12637362637362637
117,7,equal_width,0.3726520399714232,0.5680181268378445,0.9233652644731362,184,8.842391304347826,0.14130434782608695
118,7,equal_width,0.37244205364342936,0.5729412846426779,0.9237817576009996,183,8.885245901639344,0.12021857923497267
119,7,equal_width,0.3697589156709566,0.574609890578552,0.9237817576009996,183,8.879781420765028,0.1092896174863388
120,7,equal_width,0.3711558300135086,0.5714762984231484,0.9233652644731362,184,8.826086956521738,0.1358695652173913
1,8,equal_width,0.032403214338666594,0.7271330577329496,0.95947265625,166,10.5,0.3253012048192771
2,8,equal_width,0.06146855525018365,0.6882928084287269,0.958251953125,171,10.187134502923977,0.15789473684210525
3,8,equal_width,0.08559707964015079,0.6542946571060438,0.95654296875,178,9.780898876404494,0.16853932584269662
4,8,equal_width,0.10182643915102095,0.6239034861233509,0.955810546875,181,9.613259668508288,0.13812154696132597
5,8,equal_width,0.11479479160866671,0.5982655315725784,0.954833984375,185,9.4,0.15675675675675677
6,8,equal_width,0.12487446471476979,0.5739831141862888,0.95458984375,186,9.344086021505376,0.1827956989247312
7,8,equal_width,0.13555174892136745,0.5485118491327917,0.955810546875,181,9.596685082872929,0.15469613259668508
8,8,equal_width,0.13935166221757578,0.5406226150077436,0.955322265625,183,9.486338797814208,0.15846994535519127
9,8,equal_width,0.14831284303032277,0.5222969666952006,0.9560546875,180,9.63888888888889,0.13333333333333333
10,8,equal_width,0.16057467866245947,0.5158177022242176,0.956298828125,179,9.687150837988828,0.12290502793296089
11,8,equal_width,0.17428153332542676,0.5013637361500686,0.956298828125,179,9.681564245810057,0.16201117318435754
12,8,equal_width,0.1941393932051955,0.4908255708478977,0.95654296875,178,9.730337078651685,0.16853932584269662
13,8,equal_width,0.20586175133336285,0.48713215033683954,0.95654296875,178,9.724719101123595,0.15730337078651685
14,8,equal_width,0.22555633766891445,0.4803745557617248,0.956298828125,179,9.664804469273744,0.13966480446927373
15,8,equal_width,0.24886669101985756,0.46817809499504454,0.9560546875,180,9.605555555555556,0.15555555555555556
16,8,equal_width,0.2630552719598219,0.46483250529837006,0.954833984375,185,9.340540540540541,0.1783783783783784
17,8,equal_width,0.2740138685147888,0.47109881797618347,0.95361328125,190,9.089473684210526,0.17894736842105263
18,8,equal_width,0.2851943148106737,0.4689349575805468,0.954345703125,187,9.229946524064172,0.12834224598930483
19,8,equal_width,0.2901510102754175,0.4768580051212755,0.95361328125,190,9.078947368421053,0.15263157894736842
20,8,equal_width,0.30797619474209315,0.47675238983850665,0.953857421875,189,9.121693121693122,0.1746031746031746
21,8,equal_width,0.3170633291323044,0.4808273035742119,0.953857421875,189,9.116402116402117,0.14814814814814814
22,8,equal_width,0.3114953573022268,0.4895890683563721,0.953369140625,191,9.015706806282722,0.13612565445026178
23,8,equal_width,0.30665241173972796,0.5042584614227459,0.9521484375,196,8.78061224489796,0.1377551020408163
24,8,equal_width,0.3134065584240337,0.5024453085864837,0.952880859375,193,8.911917098445596,0.11398963730569948
25,8,equal_width,0.3223938469895824,0.5064877759858157,0.95263671875,194,8.860824742268042,0.12886597938144329
26,8,equal_width,0.3163141729330316,0.5220509826505871,0.951416015625,199,8.633165829145728,0.12562814070351758
27,8,equal_width,0.314535014903684,0.5318780401335494,0.95068359375,202,8.5,0.12376237623762376
28,8,equal_width,0.3120741841223735,0.5396727381140616,0.949462890625,207,8.289855072463768,0.1642512077294686
29,8,equal_width,0.31778637342449867,0.5241203672297726,0.950439453125,203,8.448275862068966,0.1330049261083744
30,8,equal_width,0.3281840073171239,0.5252946772299079,0.94970703125,206,8.320388349514563,0.15048543689320387
31,8,equal_width,0.33914461318095507,0.5233825942093604,0.9501953125,204,8.397058823529411,0.12254901960784313
32,8,equal_width,0.33932361359799934,0.539502541340455,0.94873046875,210,8.152380952380952,0.1380952380952381
33,8,equal_width,0.3445668287399583,0.5366198211403476,0.9482421875,212,8.070754716981131,0.13679245283018868
34,8,equal_width,0.3513353058858879,0.5372437899264615,0.947265625,216,7.916666666666667,0.1527777777777778
35,8,equal_width,0.357112902562046,0.5398005919133289,0.94580078125,222,7.698198198198198,0.16216216216216217
36,8,equal_width,0.36562542523197283,0.5368742658130433,0.946044921875,221,7.728506787330317,0.13574660633484162
37,8,equal_width,0.37554211831040474,0.5307256858735467,0.946044921875,221,7.723981900452489,0.1493212669683258
38,8,equal_width,0.36937195877230466,0.5305505357129645,0.9462890625,220,7.754545454545455,0.1409090909090909
39,8,equal_width,0.37210484422936546,0.5272007556651422,0.946533203125,219,7.7853881278538815,0.1278538812785388
40,8,equal_width,0.37238891170784244,0.5325150888302146,0.9462890625,220,7.745454545454545,0.12727272727272726
41,8,equal_width,0.3772420047602995,0.5335228228229882,0.9462890625,220,7.740909090909091,0.14545454545454545
42,8,equal_width,0.39040902380604414,0.5287881681762406,0.947021484375,217,7.84331797235023,0.12442396313364056
43,8,equal_width,0.39197495975109864,0.5291037102293854,0.94580078125,222,7.662162162162162,0.15765765765765766
44,8,equal_width,0.3998111931952076,0.5265231113298596,0.9462890625,220,7.7272727272727275,0.1318181818181818
45,8,equal_width,0.40241756593717415,0.5300507696852123,0.946044921875,221,7.6877828054298645,0.13122171945701358
46,8,equal_width,0.40833691396150934,0.5296409053610834,0.9462890625,220,7.718181818181818,0.1318181818181818
47,8,equal_width,0.41102852222569447,0.5301366673253411,0.94580078125,222,7.6441441441441444,0.16216216216216217
48,8,equal_width,0.41968455040084346,0.5221551168206587,0.947265625,216,7.851851851851852,0.1388888888888889
49,8,equal_width,0.4224175136260575,0.5225428662879666,0.947265625,216,7.847222222222222,0.12962962962962962
50,8,equal_width,0.4134377085037082,0.5283103370133002,0.946044921875,221,7.665158371040724,0.1583710407239819
51,8,equal_width,0.41416004890763153,0.5295571780369644,0.94580078125,222,7.626126126126126,0.15315315315315314
52,8,equal_width,0.4176844359598213,0.5348623147288706,0.9443359375,228,7.421052631578948,0.17543859649122806
53,8,equal_width,0.43147490797565324,0.5282232078497884,0.9453125,224,7.549107142857143,0.14732142857142858
54,8,equal_width,0.43275605837007786,0.5298424182331092,0.945068359375,225,7.511111111111111,0.15555555555555556
55,8,equal_width,0.4243843182581388,0.530139425792098,0.94482421875,226,7.4734513274336285,0.16371681415929204
56,8,equal_width,0.4208997167558665,0.5321095896293384,0.94482421875,226,7.469026548672566,0.14601769911504425
57,8,equal_width,0.4110377179724084,0.5309114337145342,0.945068359375,225,7.497777777777777,0.16
58,8,equal_width,0.40405663386955093,0.5264061192035642,0.9462890625,220,7.663636363636364,0.14545454545454545
59,8,equal_width,0.4058342341891272,0.520654439748293,0.9462890625,220,7.659090909090909,0.16363636363636364
60,8,equal_width,0.40759418803743286,0.5134782589670355,0.947265625,216,7.796296296296297,0.1388888888888889
61,8,equal_width,0.4125092766369819,0.5115791526403396,0.9462890625,220,7.65,0.17272727272727273
62,8,equal_width,0.4160619804645372,0.5030415813585062,0.947265625,216,7.787037037037037,0.13425925925925927
63,8,equal_width,0.41823944968902055,0.5072316299827521,0.94482421875,226,7.438053097345133,0.17256637168141592
64,8,equal_width,0.41607198647534893,0.5076712013022948,0.944580078125,227,7.400881057268722,0.17180616740088106
65,8,equal_width,0.4130370971621977,0.5079351501444009,0.94482421875,226,7.429203539823009,0.1504424778761062
66,8,equal_width,0.40560578619959214,0.5063325356347271,0.94384765625,230,7.2956521739130435,0.1782608695652174
67,8,equal_width,0.40748003600233973,0.5010006261287065,0.9443359375,228,7.355263157894737,0.19298245614035087
68,8,equal_width,0.41106048945107826,0.49186328308797866,0.946044921875,221,7.583710407239819,0.167420814479638
69,8,equal_width,0.40754365983938784,0.4915381451051296,0.946044921875,221,7.579185520361991,0.17194570135746606
70,8,equal_width,0.4018165429517859,0.4873378882252683,0.946044921875,221,7.574660633484163,0.18552036199095023
71,8,equal_width,0.4002879178536757,0.4847039330799008,0.946533203125,219,7.639269406392694,0.1643835616438356
72,8,equal_width,0.4055667773107303,0.480689479586611,0.94677734375,218,7.669724770642202,0.1743119266055046
73,8,equal_width,0.42044732619528685,0.4778024804227331,0.94775390625,214,7.808411214953271,0.14018691588785046
74,8,equal_width,0.4268086479804532,0.48148918524125367,0.947021484375,217,7.695852534562212,0.15207373271889402
75,8,equal_width,0.4335738217190424,0.48818143049810575,0.946533203125,219,7.621004566210046,0.1415525114155251
76,8,equal_width,0.43070573492816594,0.4876553516752861,0.947265625,216,7.722222222222222,0.125
77,8,equal_width,0.4274700947865015,0.4877710697976043,0.94677734375,218,7.646788990825688,0.15137614678899083
78,8,equal_width,0.4184362191231694,0.48975954071368927,0.94677734375,218,7.6422018348623855,0.13761467889908258
79,8,equal_width,0.4161649306684524,0.4918228644461869,0.9462890625,220,7.568181818181818,0.18181818181818182
80,8,equal_width,0.4077667795329389,0.49575652330425657,0.94677734375,218,7.63302752293578,0.14678899082568808
81,8,equal_width,0.40406064332618924,0.5003371009802415,0.94677734375,218,7.628440366972477,0.15137614678899083
82,8,equal_width,0.40971303507690576,0.506446460559583,0.946533203125,219,7.589041095890411,0.1415525114155251
83,8,equal_width,0.4128490228720857,0.513697238106951,0.945556640625,223,7.448430493273543,0.16143497757847533
84,8,equal_width,0.41640561421835126,0.5177192821931393,0.945556640625,223,7.443946188340807,0.14349775784753363
85,8,equal_width,0.4198827695715899,0.5223699676476247,0.94482421875,226,7.34070796460177,0.1504424778761062
86,8,equal_width,0.4213831440628658,0.524586348161593,0.9453125,224,7.401785714285714,0.125
87,8,equal_width,0.4220479671538064,0.5273112226678065,0.944580078125,227,7.299559471365638,0.14537444933920704
88,8,equal_width,0.4237001717735982,0.5330978357283666,0.94384765625,230,7.2,0.15217391304347827
89,8,equal_width,0.42231502719401065,0.5346429297961832,0.94384765625,230,7.195652173913044,0.14782608695652175
90,8,equal_width,0.43057765247133667,0.5324479204592928,0.9443359375,228,7.254385964912281,0.14912280701754385
91,8,equal_width,0.43178585253639323,0.5287899782969111,0.945068359375,225,7.346666666666667,0.13777777777777778
92,8,equal_width,0.42247149613172785,0.5390985457523212,0.943359375,232,7.120689655172414,0.16810344827586207
93,8,equal_width,0.43085902308710566,0.5397960313087797,0.944580078125,227,7.273127753303965,0.12334801762114538
94,8,equal_width,0.4327989916710846,0.5463856182997178,0.94287109375,234,7.051282051282051,0.1581196581196581
95,8,equal_width,0.44981343815524,0.5444049495673785,0.944091796875,229,7.200873362445415,0.1222707423580786
96,8,equal_width,0.4574216429135751,0.5447905136779522,0.943603515625,231,7.134199134199134,0.15584415584415584
97,8,equal_width,0.46738734639919555,0.5367036357867101,0.944580078125,227,7.255506607929515,0.14977973568281938
98,8,equal_width,0.45923475198168495,0.5343114124364962,0.94482421875,226,7.283185840707965,0.1504424778761062
99,8,equal_width,0.4479609388523483,0.5373383998121914,0.9443359375,228,7.214912280701754,0.14473684210526316
100,8,equal_width,0.4381159926745633,0.5365642478035784,0.9443359375,228,7.2105263157894735,0.13596491228070176
101,8,equal_width,0.43608422764895277,0.5355031243889852,0.94384765625,230,7.143478260869565,0.16521739130434782
102,8,equal_width,0.430911462397958,0.5324008505665195,0.944580078125,227,7.233480176211454,0.14096916299559473
103,8,equal_width,0.41958709125008764,0.5348432160271785,0.94384765625,230,7.1347826086956525,0.14347826086956522
104,8,equal_width,0.4023445820261484,0.5364467725221824,0.943115234375,233,7.03862660944206,0.1630901287553648
105,8,equal_width,0.406748147416573,0.5315519072330005,0.943359375,232,7.064655172413793,0.15517241379310345
106,8,equal_width,0.4034271748414928,0.5351506176406597,0.942138671875,237,6.9113924050632916,0.18565400843881857
107,8,equal_width,0.39818481106179976,0.5366723920725568,0.942626953125,235,6.965957446808511,0.16595744680851063
108,8,equal_width,0.3987179924034723,0.5338176338472768,0.943359375,232,7.051724137931035,0.15517241379310345
109,8,equal_width,0.4004837211190026,0.5295020715341435,0.943603515625,231,7.077922077922078,0.1774891774891775
110,8,equal_width,0.4101349378106048,0.5211865312348568,0.944580078125,227,7.1982378854625555,0.15859030837004406
111,8,equal_width,0.4153750009317637,0.5128684297899826,0.9453125,224,7.290178571428571,0.16071428571428573
112,8,equal_width,0.4195973703930458,0.510847189138044,0.94482421875,226,7.221238938053097,0.18141592920353983
113,8,equal_width,0.4183960373952474,0.5101317934974979,0.944580078125,227,7.185022026431718,0.15859030837004406
114,8,equal_width,0.4160323396862851,0.5095553840352932,0.944091796875,229,7.117903930131004,0.1572052401746725
115,8,equal_width,0.41840121542828557,0.5073079251680099,0.943603515625,231,7.0519480519480515,0.16883116883116883
116,8,equal_width,0.4183240816525523,0.5061497438340634,0.943359375,232,7.017241379310345,0.1724137931034483
117,8,equal_width,0.4266470669628739,0.4989792597980246,0.9443359375,228,7.135964912280702,0.15789473684210525
118,8,equal_width,0.43550772794827863,0.49680202688334385,0.9443359375,228,7.131578947368421,0.16228070175438597
119,8,equal_width,0.43031816898022435,0.4992059678106352,0.944091796875,229,7.096069868995633,0.16593886462882096
120,8,equal_width,0.42861655783561886,0.4962106637017495,0.944580078125,227,7.154185022026431,0.14537444933920704
1,3,quantile,0.016447433682327983,0.7539589800402937,0.4444444444444444,45,38.733333333333334,0.2
2,3,quantile,0.030671149986272336,0.7180520517852639,0.43209876543209874,46,37.869565217391305,0.06521739130434782
3,3,quantile,0.0388981089516698,0.7157769041092634,0.41975308641975306,47,37.04255319148936,0.0425531914893617
4,3,quantile,0.042967710019789856,0.7195900308654816,0.38271604938271603,50,34.8,0.06
5,3,quantile,0.04850563168556263,0.710900520152032,0.38271604938271603,50,34.78,0.02
6,3,quantile,0.05014107149662461,0.7054127206397379,0.38271604938271603,50,34.76,0.04
7,3,quantile,0.04930759671942127,0.7031483394255684,0.38271604938271603,50,34.74,0.06
8,3,quantile,0.048363289982506025,0.7040948953455074,0.35802469135802467,52,33.38461538461539,0.1346153846153846
9,3,quantile,0.04534399353826219,0.7107127717151576,0.37037037037037035,51,34.01960784313726,0.0784313725490196
10,3,quantile,0.04376073082724794,0.7116090946173061,0.38271604938271603,50,34.68,0.06
11,3,quantile,0.04457091962777462,0.7132282534725599,0.37037037037037035,51,33.98039215686274,0.0784313725490196
12,3,quantile,0.045409267078655245,0.7145283913481483,0.35802469135802467,52,33.30769230769231,0.09615384615384616
13,3,quantile,0.04840880169389541,0.7110392588135777,0.35802469135802467,52,33.28846153846154,0.07692307692307693
14,3,quantile,0.05336687486583494,0.7054635147690219,0.35802469135802467,52,33.26923076923077,0.07692307692307693
15,3,quantile,0.057729339443574064,0.6983023121183993,0.35802469135802467,52,33.25,0.057692307692307696
16,3,quantile,0.064364959553059,0.6944691041910849,0.35802469135802467,52,33.23076923076923,0.038461538461538464
17,3,quantile,0.07205276015192466,0.6899720572668556,0.35802469135802467,52,33.21153846153846,0.038461538461538464
18,3,quantile,0.0836029157472968,0.6833833461825052,0.35802469135802467,52,33.19230769230769,0.038461538461538464
19,3,quantile,0.09007459886030642,0.6738847549648963,0.35802469135802467,52,33.17307692307692,0.038461538461538464
20,3,quantile,0.09588611493696655,0.6675704057114096,0.345679012345679,53,32.528301886792455,0.03773584905660377
21,3,quantile,0.09481290269200263,0.6610523975771048,0.345679012345679,53,32.509433962264154,0.03773584905660377
22,3,quantile,0.09461581432412157,0.6581476679844311,0.345679012345679,53,32.490566037735846,0.03773584905660377
23,3,quantile,0.09430453632531151,0.662319508714728,0.3333333333333333,54,31.87037037037037,0.037037037037037035
24,3,quantile,0.0926514628564545,0.6632620328658589,0.32098765432098764,55,31.272727272727273,0.03636363636363636
25,3,quantile,0.09433804606823981,0.6606364049361821,0.32098765432098764,55,31.254545454545454,0.03636363636363636
26,3,quantile,0.08966552251904067,0.6642344454144595,0.32098765432098764,55,31.236363636363638,0.03636363636363636
27,3,quantile,0.08534200881545681,0.6738795381765982,0.32098765432098764,55,31.21818181818182,0.03636363636363636
28,3,quantile,0.07988617606363126,0.6862231738596831,0.30864197530864196,56,30.642857142857142,0.05357142857142857
29,3,quantile,0.08070645994297804,0.6879443734508516,0.30864197530864196,56,30.625,0.03571428571428571
30,3,quantile,0.08629353952601444,0.6858129042202123,0.30864197530864196,56,30.607142857142858,0.03571428571428571
31,3,quantile,0.09124758458524486,0.6847634278743661,0.30864197530864196,56,30.589285714285715,0.05357142857142857
32,3,quantile,0.09583461532792216,0.6843103409104733,0.30864197530864196,56,30.571428571428573,0.05357142857142857
33,3,quantile,0.09927761277829505,0.6826424826815314,0.30864197530864196,56,30.553571428571427,0.07142857142857142
34,3,quantile,0.10137436880398584,0.6803058466531919,0.32098765432098764,55,31.09090909090909,0.03636363636363636
35,3,quantile,0.10441060339075972,0.67734903270692,0.30864197530864196,56,30.517857142857142,0.05357142857142857
36,3,quantile,0.1100357232908336,0.6773968175600231,0.32098765432098764,55,31.054545454545455,0.03636363636363636
37,3,quantile,0.1136692417313584,0.6777421559660527,0.3333333333333333,54,31.61111111111111,0.018518518518518517
38,3,quantile,0.11386889048282899,0.6785481403839193,0.3333333333333333,54,31.59259259259259,0.018518518518518517
39,3,quantile,0.11443249847393834,0.6829332747985604,0.3333333333333333,54,31.574074074074073,0.018518518518518517
40,3,quantile,0.11274683784866898,0.6871968751841048,0.30864197530864196,56,30.428571428571427,0.07142857142857142
41,3,quantile,0.11902173195719998,0.6850970870737653,0.32098765432098764,55,30.963636363636365,0.03636363636363636
42,3,quantile,0.11720053812036631,0.6858031153601569,0.32098765432098764,55,30.945454545454545,0.01818181818181818
43,3,quantile,0.11647913151066963,0.6839400168033858,0.32098765432098764,55,30.927272727272726,0.05454545454545454
44,3,quantile,0.11443350020261019,0.6889690944223359,0.3333333333333333,54,31.48148148148148,0.037037037037037035
45,3,quantile,0.11247922001074462,0.6976124344842252,0.32098765432098764,55,30.89090909090909,0.05454545454545454
46,3,quantile,0.10938759143624972,0.7038028804990313,0.32098765432098764,55,30.87272727272727,0.05454545454545454
47,3,quantile,0.10966567983068094,0.7136631802925535,0.32098765432098764,55,30.854545454545455,0.05454545454545454
48,3,quantile,0.10782273677453214,0.7247343591846707,0.32098765432098764,55,30.836363636363636,0.05454545454545454
49,3,quantile,0.10863546990896181,0.7340911489905585,0.32098765432098764,55,30.818181818181817,0.05454545454545454
50,3,quantile,0.1111110781320093,0.7388421279550548,0.32098765432098764,55,30.8,0.05454545454545454
51,3,quantile,0.11187259527582365,0.7457505878244093,0.32098765432098764,55,30.78181818181818,0.05454545454545454
52,3,quantile,0.11586127445342928,0.7477703117506165,0.3333333333333333,54,31.333333333333332,0.05555555555555555
53,3,quantile,0.12439737704510873,0.7455546280810856,0.345679012345679,53,31.90566037735849,0.03773584905660377
54,3,quantile,0.126191463439285,0.74776768821176,0.32098765432098764,55,30.727272727272727,0.07272727272727272
55,3,quantile,0.12988214206694254,0.7477638337060744,0.32098765432098764,55,30.70909090909091,0.05454545454545454
56,3,quantile,0.1283718559948508,0.7500071709162965,0.30864197530864196,56,30.142857142857142,0.07142857142857142
57,3,quantile,0.13035429773426074,0.7516587074374617,0.30864197530864196,56,30.125,0.07142857142857142
58,3,quantile,0.12978048583180035,0.7521978822179782,0.32098765432098764,55,30.654545454545456,0.05454545454545454
59,3,quantile,0.13076199771192376,0.752560573890225,0.32098765432098764,55,30.636363636363637,0.05454545454545454
60,3,quantile,0.1335461555484403,0.7510833422725309,0.32098765432098764,55,30.618181818181817,0.05454545454545454
61,3,quantile,0.13377922842729817,0.7540891321869891,0.32098765432098764,55,30.6,0.05454545454545454
62,3,quantile,0.136288660381655,0.7561788121001075,0.30864197530864196,56,30.035714285714285,0.07142857142857142
63,3,quantile,0.13909721393532276,0.7582963148461661,0.30864197530864196,56,30.017857142857142,0.05357142857142857
64,3,quantile,0.13906675977411587,0.7589025438101469,0.30864197530864196,56,30.0,0.05357142857142857
65,3,quantile,0.14018297531638957,0.7657946676140261,0.2839506172839506,58,28.948275862068964,0.08620689655172414
66,3,quantile,0.14181060982509774,0.767366527401633,0.2839506172839506,58,28.93103448275862,0.06896551724137931
67,3,quantile,0.14105666260236616,0.7693491187845607,0.2839506172839506,58,28.913793103448278,0.06896551724137931
68,3,quantile,0.1433384100036738,0.7688276545792508,0.2839506172839506,58,28.896551724137932,0.06896551724137931
69,3,quantile,0.1446739639310223,0.7681586974547046,0.2839506172839506,58,28.879310344827587,0.08620689655172414
70,3,quantile,0.1458686041745064,0.7683505415004515,0.2962962962962963,57,29.36842105263158,0.07017543859649122
71,3,quantile,0.14599257618101674,0.7704053981537926,0.2962962962962963,57,29.350877192982455,0.07017543859649122
72,3,quantile,0.14263266551283973,0.7745065517307632,0.2962962962962963,57,29.333333333333332,0.05263157894736842
73,3,quantile,0.14110098275841398,0.7775889321891616,0.2962962962962963,57,29.31578947368421,0.05263157894736842
74,3,quantile,0.138548052866404,0.7794600562108542,0.2839506172839506,58,28.79310344827586,0.06896551724137931
75,3,quantile,0.13823769693915589,0.7815138081416227,0.2839506172839506,58,28.775862068965516,0.06896551724137931
76,3,quantile,0.13625133881490142,0.7830556176202155,0.2716049382716049,59,28.271186440677965,0.0847457627118644
77,3,quantile,0.1341028679731145,0.7850258296289988,0.2716049382716049,59,28.25423728813559,0.06779661016949153
78,3,quantile,0.134095223368226,0.7891706612183953,0.2716049382716049,59,28.23728813559322,0.06779661016949153
79,3,quantile,0.13358541896625048,0.789209842130477,0.2716049382716049,59,28.220338983050848,0.06779661016949153
80,3,quantile,0.13348398023099523,0.7893528868912516,0.2716049382716049,59,28.203389830508474,0.06779661016949153
81,3,quantile,0.13343247513403828,0.7898555258470843,0.2716049382716049,59,28.1864406779661,0.06779661016949153
82,3,quantile,0.12946401375170635,0.7922648409911619,0.2962962962962963,57,29.157894736842106,0.03508771929824561
83,3,quantile,0.12614953424847233,0.7976590111882056,0.2962962962962963,57,29.140350877192983,0.017543859649122806
84,3,quantile,0.12700811528740097,0.8020027899293338,0.2839506172839506,58,28.620689655172413,0.017241379310344827
85,3,quantile,0.12957460130854231,0.8045595399368503,0.2839506172839506,58,28.603448275862068,0.017241379310344827
86,3,quantile,0.13297427006800716,0.805488657239894,0.2839506172839506,58,28.586206896551722,0.034482758620689655
87,3,quantile,0.1343841490211548,0.8055917029232497,0.2839506172839506,58,28.56896551724138,0.034482758620689655
88,3,quantile,0.13227081737409876,0.8083515952462692,0.2839506172839506,58,28.551724137931036,0.0
89,3,quantile,0.1304752256456278,0.8121306803747987,0.2839506172839506,58,28.53448275862069,0.0
90,3,quantile,0.13076629465269674,0.8149224998349266,0.2839506172839506,58,28.517241379310345,0.0
91,3,quantile,0.13089488997509538,0.8155666126763375,0.2839506172839506,58,28.5,0.017241379310344827
92,3,quantile,0.13293691462450954,0.8147634372724912,0.2962962962962963,57,28.982456140350877,0.0
93,3,quantile,0.1287260081534677,0.8192644139794045,0.2839506172839506,58,28.46551724137931,0.017241379310344827
94,3,quantile,0.12701427374434354,0.8195811801526356,0.2839506172839506,58,28.448275862068964,0.017241379310344827
95,3,quantile,0.12652924867257082,0.8193153864203636,0.2839506172839506,58,28.43103448275862,0.017241379310344827
96,3,quantile,0.12553692178671957,0.8194664017739599,0.2839506172839506,58,28.413793103448278,0.0
97,3,quantile,0.12419416008633127,0.8193096061379115,0.2839506172839506,58,28.396551724137932,0.0
98,3,quantile,0.12014432734235497,0.8225533052743936,0.2839506172839506,58,28.379310344827587,0.0
99,3,quantile,0.11692002603292015,0.8253488252016306,0.2839506172839506,58,28.362068965517242,0.0
100,3,quantile,0.11112686837056306,0.8267873469288417,0.2716049382716049,59,27.864406779661017,0.03389830508474576
101,3,quantile,0.10650164509020257,0.8247844706962972,0.2839506172839506,58,28.32758620689655,0.017241379310344827
102,3,quantile,0.10142092308348148,0.8241449258304583,0.2962962962962963,57,28.80701754385965,0.0
103,3,quantile,0.1001033963149624,0.8196663624364142,0.2962962962962963,57,28.789473684210527,0.0
104,3,quantile,0.10166077883264582,0.8135947192126907,0.2962962962962963,57,28.771929824561404,0.0
105,3,quantile,0.10401886966502338,0.807886386595966,0.2962962962962963,57,28.75438596491228,0.0
106,3,quantile,0.10907977945325197,0.8011602900020199,0.2962962962962963,57,28.736842105263158,0.0
107,3,quantile,0.11445799186951974,0.7943147070110913,0.30864197530864196,56,29.232142857142858,0.0
108,3,quantile,0.11166492853344123,0.7932658457522441,0.2962962962962963,57,28.70175438596491,0.03508771929824561
109,3,quantile,0.11497916642857277,0.7879848669709774,0.30864197530864196,56,29.196428571428573,0.0
110,3,quantile,0.10950485674227506,0.7923682501594018,0.2962962962962963,57,28.666666666666668,0.017543859649122806
111,3,quantile,0.10556249085446634,0.7963979987197236,0.2962962962962963,57,28.649122807017545,0.017543859649122806
112,3,quantile,0.10025797097455791,0.800796943084679,0.2839506172839506,58,28.137931034482758,0.034482758620689655
113,3,quantile,0.09608263068720074,0.8023572642812724,0.2962962962962963,57,28.614035087719298,0.0
114,3,quantile,0.09208001990562514,0.8071695205491373,0.2962962962962963,57,28.596491228070175,0.017543859649122806
115,3,quantile,0.08884570873241143,0.8111464690726019,0.2962962962962963,57,28.57894736842105,0.017543859649122806
116,3,quantile,0.08702836307983265,0.8146008032977468,0.2962962962962963,57,28.56140350877193,0.017543859649122806
117,3,quantile,0.08805147245347039,0.8131723959635377,0.30864197530864196,56,29.053571428571427,0.0
118,3,quantile,0.0842716131393023,0.8180441867345415,0.2962962962962963,57,28.526315789473685,0.017543859649122806
119,3,quantile,0.08299715549340607,0.8201131703577381,0.2962962962962963,57,28.50877192982456,0.0
120,3,quantile,0.08021400925502462,0.8250923896031782,0.2962962962962963,57,28.49122807017544,0.0
1,4,quantile,0.012894078720999503,0.783010624183774,0.66015625,87,20.03448275862069,0.3103448275862069
2,4,quantile,0.023327350873164763,0.7485809942209263,0.65234375,89,19.573033707865168,0.10112359550561797
3,4,quantile,0.0319371058985459,0.7247711583243555,0.64453125,91,19.13186813186813,0.08791208791208792
4,4,quantile,0.039360863044714804,0.7040801732817694,0.63671875,93,18.70967741935484,0.08602150537634409
5,4,quantile,0.045001037749733214,0.6824870619590507,0.6328125,94,18.5,0.07446808510638298
6,4,quantile,0.057783005642926294,0.6558548457856717,0.6328125,94,18.48936170212766,0.07446808510638298
7,4,quantile,0.06018797981668766,0.6533383625900784,0.62109375,97,17.90721649484536,0.09278350515463918
8,4,quantile,0.07045896388967354,0.6361481604057438,0.62890625,95,18.273684210526316,0.05263157894736842
9,4,quantile,0.07322744189899982,0.6238096151242254,0.62890625,95,18.263157894736842,0.07368421052631578
10,4,quantile,0.07569819968788458,0.6128452817676373,0.6328125,94,18.4468085106383,0.06382978723404255
11,4,quantile,0.07896316048083526,0.6087215261545452,0.62109375,97,17.8659793814433,0.10309278350515463
12,4,quantile,0.08477784577544645,0.6043288023185425,0.625,96,18.041666666666668,0.08333333333333333
13,4,quantile,0.09365392133482016,0.5965665128063201,0.625,96,18.03125,0.08333333333333333
14,4,quantile,0.09895724072046588,0.6000006645835583,0.61328125,99,17.474747474747474,0.10101010101010101
15,4,quantile,0.1047677087482439,0.6034968462917447,0.60546875,101,17.11881188118812,0.09900990099009901
16,4,quantile,0.11747685941852287,0.6011413596557775,0.59765625,103,16.776699029126213,0.1262135922330097
17,4,quantile,0.13571512188907106,0.587389040449549,0.60546875,101,17.099009900990097,0.1188118811881188
18,4,quantile,0.14542535292036857,0.5945073251596787,0.58984375,105,16.438095238095237,0.1523809523809524
19,4,quantile,0.14618947832585308,0.6039320213645265,0.5859375,106,16.27358490566038,0.12264150943396226
20,4,quantile,0.14517879341486134,0.6154088187140749,0.57421875,109,15.81651376146789,0.13761467889908258
21,4,quantile,0.14549478138988353,0.6219813300341481,0.57421875,109,15.807339449541285,0.11009174311926606
22,4,quantile,0.15184454122139932,0.6231669930725586,0.58203125,107,16.093457943925234,0.09345794392523364
23,4,quantile,0.15508622829984828,0.6369386843544382,0.5703125,110,15.645454545454545,0.11818181818181818
24,4,quantile,0.16226370206266552,0.6376821882088319,0.57421875,109,15.779816513761467,0.11009174311926606
25,4,quantile,0.1732440659706872,0.6379848377701345,0.56640625,111,15.486486486486486,0.13513513513513514
26,4,quantile,0.18354426931216883,0.6375142382881883,0.56640625,111,15.477477477477477,0.12612612612612611
27,4,quantile,0.19599843533875805,0.6390260035021471,0.5703125,110,15.60909090909091,0.12727272727272726
28,4,quantile,0.19672665971468048,0.6461576445316891,0.578125,108,15.88888888888889,0.09259259259259259
29,4,quantile,0.19349236606852582,0.6569825335576521,0.5703125,110,15.590909090909092,0.10909090909090909
30,4,quantile,0.19312111822721306,0.6652120843124147,0.56640625,111,15.441441441441441,0.10810810810810811
31,4,quantile,0.19579876786507244,0.6709308145040631,0.55859375,113,15.15929203539823,0.11504424778761062
32,4,quantile,0.19370723979475232,0.676436380609212,0.55859375,113,15.150442477876107,0.08849557522123894
33,4,quantile,0.20248300902766156,0.6770182217244214,0.55859375,113,15.141592920353983,0.08849557522123894
34,4,quantile,0.20890446050156905,0.6767619339429806,0.55078125,115,14.869565217391305,0.12173913043478261
35,4,quantile,0.21908023223425843,0.6745950415828585,0.5546875,114,14.991228070175438,0.09649122807017543
36,4,quantile,0.22780926809925955,0.6706428205498849,0.55078125,115,14.852173913043478,0.13043478260869565
37,4,quantile,0.24240960381274657,0.6615330880779735,0.56640625,111,15.378378378378379,0.10810810810810811
38,4,quantile,0.24905428028813364,0.6557653981898678,0.57421875,109,15.65137614678899,0.10091743119266056
39,4,quantile,0.2548665564794037,0.6570391522812332,0.5625,112,15.223214285714286,0.13392857142857142
40,4,quantile,0.25390106969262166,0.6569294454519514,0.55859375,113,15.079646017699115,0.11504424778761062
41,4,quantile,0.2605919647505849,0.6527055840958162,0.5625,112,15.205357142857142,0.08928571428571429
42,4,quantile,0.2678541254756185,0.6483884092477974,0.5625,112,15.196428571428571,0.10714285714285714
43,4,quantile,0.27531935002779817,0.6407168655065868,0.5703125,110,15.463636363636363,0.10909090909090909
44,4,quantile,0.28092271010389447,0.6372213178239242,0.57421875,109,15.596330275229358,0.11009174311926606
45,4,quantile,0.2862846509838195,0.6274440872694235,0.58203125,107,15.878504672897197,0.09345794392523364
46,4,quantile,0.276052915796145,0.6349401936531699,0.56640625,111,15.297297297297296,0.11711711711711711
47,4,quantile,0.2647341222142855,0.6373184565749492,0.5625,112,15.151785714285714,0.11607142857142858
48,4,quantile,0.2617460963343385,0.6391006563917973,0.5625,112,15.142857142857142,0.11607142857142858
49,4,quantile,0.2579883564320836,0.6449656259011056,0.5625,112,15.133928571428571,0.09821428571428571
50,4,quantile,0.248058306146289,0.6566205045156013,0.5546875,114,14.859649122807017,0.09649122807017543
51,4,quantile,0.2484344120605702,0.6628427109865485,0.546875,116,14.594827586206897,0.09482758620689655
52,4,quantile,0.2510443661857818,0.6682621994529556,0.54296875,117,14.461538461538462,0.09401709401709402
53,4,quantile,0.2533688933559681,0.671443036179306,0.5390625,118,14.330508474576272,0.11016949152542373
54,4,quantile,0.2607871865701371,0.6709549966065336,0.53515625,119,14.201680672268907,0.12605042016806722
55,4,quantile,0.26290531757311,0.6724085766949967,0.53125,120,14.075,0.13333333333333333
56,4,quantile,0.2699761164790051,0.6742208163691226,0.53515625,119,14.184873949579831,0.1092436974789916
57,4,quantile,0.27605543697885443,0.6786382870903513,0.53125,120,14.058333333333334,0.125
58,4,quantile,0.2798820565380279,0.6815932404852143,0.53515625,119,14.168067226890756,0.11764705882352941
59,4,quantile,0.28335760853970615,0.6795503454401266,0.5390625,118,14.279661016949152,0.13559322033898305
60,4,quantile,0.2820068701210248,0.6798338053109214,0.546875,116,14.517241379310345,0.12931034482758622
61,4,quantile,0.27572712069539196,0.680255317456032,0.54296875,117,14.384615384615385,0.1282051282051282
62,4,quantile,0.26837118245693775,0.6787215926249788,0.54296875,117,14.376068376068377,0.11965811965811966
63,4,quantile,0.2629981455269782,0.6745628588715284,0.54296875,117,14.367521367521368,0.13675213675213677
64,4,quantile,0.26102000571393486,0.6688922630880043,0.54296875,117,14.35897435897436,0.1452991452991453
65,4,quantile,0.25789383854320275,0.6647478277089234,0.54296875,117,14.350427350427351,0.1452991452991453
66,4,quantile,0.25765949415223593,0.665275719320573,0.5390625,118,14.220338983050848,0.15254237288135594
67,4,quantile,0.26555550988084875,0.6625705808392347,0.546875,116,14.456896551724139,0.13793103448275862
68,4,quantile,0.2739849939712269,0.6603858616267989,0.5546875,114,14.701754385964913,0.12280701754385964
69,4,quantile,0.2753053338962449,0.6602834424944426,0.5546875,114,14.692982456140351,0.11403508771929824
70,4,quantile,0.27747642036622655,0.6597241452705238,0.55078125,115,14.556521739130435,0.13043478260869565
71,4,quantile,0.2826530104230267,0.6568018834292711,0.5546875,114,14.675438596491228,0.12280701754385964
72,4,quantile,0.29053974102536323,0.6539371578414499,0.5625,112,14.928571428571429,0.11607142857142858
73,4,quantile,0.29857547809304136,0.653590614201782,0.5625,112,14.919642857142858,0.11607142857142858
74,4,quantile,0.29631679153117463,0.6619750099567816,0.546875,116,14.39655172413793,0.14655172413793102
75,4,quantile,0.2973123368622167,0.6629247437140173,0.55078125,115,14.513043478260869,0.12173913043478261
76,4,quantile,0.29482284021392613,0.6671385741608699,0.55078125,115,14.504347826086956,0.11304347826086956
77,4,quantile,0.2948697528493976,0.6697388134255484,0.55078125,115,14.495652173913044,0.10434782608695652
78,4,quantile,0.2971963345467398,0.6706536848006617,0.55078125,115,14.486956521739131,0.09565217391304348
79,4,quantile,0.30149254913422174,0.6685827481845135,0.55078125,115,14.478260869565217,0.11304347826086956
80,4,quantile,0.30571017664123323,0.669322762428112,0.5390625,118,14.101694915254237,0.1440677966101695
81,4,quantile,0.3047529251669321,0.6722932370560437,0.5390625,118,14.09322033898305,0.1271186440677966
82,4,quantile,0.30509062965915373,0.6765509941908406,0.5390625,118,14.084745762711865,0.11864406779661017
83,4,quantile,0.30653125365037864,0.6775269461239147,0.53515625,119,13.957983193277311,0.12605042016806722
84,4,quantile,0.31441511974677905,0.6746305792611619,0.54296875,117,14.188034188034187,0.11965811965811966
85,4,quantile,0.31985036371060627,0.6714745126294006,0.55078125,115,14.42608695652174,0.09565217391304348
86,4,quantile,0.30984659584984087,0.6800226040137494,0.53515625,119,13.932773109243698,0.12605042016806722
87,4,quantile,0.30151675092541075,0.6842176896575506,0.5390625,118,14.042372881355933,0.1016949152542373
88,4,quantile,0.29257081418836195,0.68606549370741,0.54296875,117,14.153846153846153,0.09401709401709402
89,4,quantile,0.28710485344757736,0.6942767542439869,0.52734375,121,13.677685950413224,0.1322314049586777
90,4,quantile,0.2901331179720357,0.6987479756920896,0.53515625,119,13.899159663865547,0.07563025210084033
91,4,quantile,0.2902316250107661,0.7038053511287191,0.53515625,119,13.890756302521009,0.07563025210084033
92,4,quantile,0.2933233460268426,0.7041980787411468,0.53125,120,13.766666666666667,0.08333333333333333
93,4,quantile,0.2983791456362078,0.7045647974493611,0.5234375,122,13.532786885245901,0.10655737704918032
94,4,quantile,0.3051271831325238,0.7043460064476095,0.5234375,122,13.524590163934427,0.09016393442622951
95,4,quantile,0.30255700166827243,0.7067418565852346,0.51953125,123,13.40650406504065,0.10569105691056911
96,4,quantile,0.3040843186384402,0.7048129258114746,0.5234375,122,13.508196721311476,0.09016393442622951
97,4,quantile,0.3071490428054293,0.70115785539413,0.5234375,122,13.5,0.09016393442622951
98,4,quantile,0.30727044432090755,0.6970461336376229,0.5234375,122,13.491803278688524,0.09836065573770492
99,4,quantile,0.30402804011881734,0.6971301302885352,0.51953125,123,13.373983739837398,0.10569105691056911
100,4,quantile,0.2986080342764047,0.6961582430010197,0.515625,124,13.258064516129032,0.11290322580645161
101,4,quantile,0.2929696233790673,0.698316588290875,0.51953125,123,13.357723577235772,0.08943089430894309
102,4,quantile,0.289023979227209,0.7011605001420766,0.51953125,123,13.34959349593496,0.08943089430894309
103,4,quantile,0.28883254620374177,0.7013529576908322,0.51171875,125,13.128,0.112
104,4,quantile,0.2823443673559437,0.7021653902102101,0.515625,124,13.225806451612904,0.0967741935483871
105,4,quantile,0.27878607547326656,0.7034011292410292,0.515625,124,13.21774193548387,0.10483870967741936
106,4,quantile,0.276485152128501,0.701568971598399,0.51953125,123,13.317073170731707,0.10569105691056911
107,4,quantile,0.2674315747252795,0.7064314336194077,0.515625,124,13.201612903225806,0.11290322580645161
108,4,quantile,0.26406573233132263,0.7054900769352617,0.51171875,125,13.088,0.12
109,4,quantile,0.2654697599914507,0.7031204061608254,0.51953125,123,13.292682926829269,0.10569105691056911
110,4,quantile,0.2556741211616595,0.7114139637950773,0.50390625,127,12.866141732283465,0.13385826771653545
111,4,quantile,0.2588920958212438,0.7123894023549574,0.50390625,127,12.858267716535433,0.11811023622047244
112,4,quantile,0.25815186792736944,0.7148230965302161,0.50390625,127,12.850393700787402,0.10236220472440945
113,4,quantile,0.2573452598102905,0.7181597466854623,0.5,128,12.7421875,0.1171875
114,4,quantile,0.2571491099366697,0.7208295526670375,0.5,128,12.734375,0.109375
115,4,quantile,0.25918793623576114,0.7224085120890245,0.5,128,12.7265625,0.1171875
116,4,quantile,0.26046437542334405,0.721660667575972,0.5,128,12.71875,0.1171875
117,4,quantile,0.26318959693374966,0.7198948049940648,0.5,128,12.7109375,0.125
118,4,quantile,0.2659861981749049,0.7173273280128567,0.5,128,12.703125,0.125
119,4,quantile,0.26819753610524744,0.7140131033629984,0.5,128,12.6953125,0.1171875
120,4,quantile,0.27096246931528567,0.7099955991616571,0.5,128,12.6875,0.1328125
1,5,quantile,0.03645777268151306,0.7229162222848091,0.7792,138,12.630434782608695,0.36231884057971014
2,5,quantile,0.05705471804278113,0.7067509079307582,0.7712,143,12.181818181818182,0.16783216783216784
3,5,quantile,0.07266022593180052,0.6895823681354312,0.7584,151,11.52980132450331,0.19205298013245034
4,5,quantile,0.09273170803400481,0.662991552956959,0.7568,152,11.447368421052632,0.15789473684210525
5,5,quantile,0.10912425213899145,0.6422729903924719,0.7552,153,11.366013071895425,0.1503267973856209
6,5,quantile,0.12951321186990902,0.6156587540562001,0.7552,153,11.359477124183007,0.1568627450980392
7,5,quantile,0.15048874248056573,0.5825662017276888,0.76,150,11.58,0.12
8,5,quantile,0.16962326177907483,0.5738910776083002,0.7584,151,11.496688741721854,0.13245033112582782
9,5,quantile,0.19185089954038506,0.5613407867413542,0.7536,154,11.266233766233766,0.15584415584415584
10,5,quantile,0.20745486394234275,0.543572694989029,0.7552,153,11.333333333333334,0.12418300653594772
11,5,quantile,0.22012716364748922,0.526058579487138,0.7584,151,11.47682119205298,0.1390728476821192
12,5,quantile,0.22272861801908353,0.5216306018715604,0.7552,153,11.320261437908497,0.13725490196078433
13,5,quantile,0.2209047312826666,0.5209850834139724,0.7536,154,11.24025974025974,0.15584415584415584
14,5,quantile,0.23142840462259645,0.5018712895796509,0.7568,152,11.381578947368421,0.14473684210526316
15,5,quantile,0.23921262672362056,0.49460135652959797,0.7584,151,11.450331125827814,0.12582781456953643
16,5,quantile,0.23693060997191528,0.5012769671690722,0.7552,153,11.294117647058824,0.13725490196078433
17,5,quantile,0.24884746656694623,0.49445436686595495,0.7568,152,11.361842105263158,0.10526315789473684
18,5,quantile,0.259592140977028,0.4896658158136914,0.7568,152,11.355263157894736,0.10526315789473684
19,5,quantile,0.25503649734738376,0.5008595169153487,0.7392,163,10.582822085889571,0.18404907975460122
20,5,quantile,0.2630062965167157,0.4981588216859875,0.744,160,10.775,0.1125
21,5,quantile,0.26628118849624594,0.5001947458618051,0.744,160,10.76875,0.125
22,5,quantile,0.2763358960303147,0.4939354590963498,0.7488,157,10.968152866242038,0.11464968152866242
23,5,quantile,0.2858562506989059,0.49271743126971695,0.7488,157,10.961783439490446,0.11464968152866242
24,5,quantile,0.2868318032791082,0.4922964494821955,0.7424,161,10.683229813664596,0.12422360248447205
25,5,quantile,0.2995605086676745,0.4892811083180421,0.7392,163,10.54601226993865,0.12269938650306748
26,5,quantile,0.30840142243521057,0.49207816888146017,0.7312,168,10.226190476190476,0.1488095238095238
27,5,quantile,0.3160047309072399,0.4928894609600325,0.7264,171,10.04093567251462,0.15204678362573099
28,5,quantile,0.31905136829123015,0.5000425620227819,0.7248,172,9.976744186046512,0.12790697674418605
29,5,quantile,0.3320754033605837,0.506946340198673,0.7168,177,9.689265536723164,0.12994350282485875
30,5,quantile,0.33966954706544067,0.5101119050482537,0.7184,176,9.738636363636363,0.09659090909090909
31,5,quantile,0.3452889054384322,0.5159142805364211,0.7136,179,9.569832402234637,0.12290502793296089
32,5,quantile,0.3492920437924639,0.5163345482781962,0.712,180,9.511111111111111,0.1388888888888889
33,5,quantile,0.3615496528685974,0.5152563281817,0.7136,179,9.558659217877095,0.13966480446927373
34,5,quantile,0.3706893502686332,0.5150388264322631,0.7104,181,9.447513812154696,0.1712707182320442
35,5,quantile,0.38704143534457025,0.5076227181609085,0.7184,176,9.710227272727273,0.14204545454545456
36,5,quantile,0.39575948856429016,0.5089381982686866,0.7136,179,9.541899441340782,0.16759776536312848
37,5,quantile,0.3859068979672361,0.516087246733496,0.7104,181,9.430939226519337,0.16574585635359115
38,5,quantile,0.38451022237059945,0.5135715963990541,0.7136,179,9.53072625698324,0.1452513966480447
39,5,quantile,0.3853165267008693,0.5102182567105089,0.712,180,9.472222222222221,0.15
40,5,quantile,0.39132576401558355,0.5058706148087231,0.7136,179,9.519553072625698,0.1452513966480447
41,5,quantile,0.3896992912957697,0.5121168864645105,0.712,180,9.46111111111111,0.1388888888888889
42,5,quantile,0.3876977868927234,0.5196320978207083,0.7088,182,9.351648351648352,0.13736263736263737
43,5,quantile,0.3881758741914686,0.5236354568123802,0.7056,184,9.244565217391305,0.11413043478260869
44,5,quantile,0.39611958587932306,0.5241667374116397,0.7056,184,9.23913043478261,0.14673913043478262
45,5,quantile,0.4103785859999227,0.5179455849619513,0.7136,179,9.491620111731844,0.13966480446927373
46,5,quantile,0.40753696525089134,0.5238956992923001,0.7072,183,9.278688524590164,0.15846994535519127
47,5,quantile,0.4065030740842005,0.5254913425180527,0.7088,182,9.324175824175825,0.14285714285714285
48,5,quantile,0.4020592287165761,0.5268606609385988,0.7088,182,9.31868131868132,0.16483516483516483
49,5,quantile,0.4012245073425322,0.525129879580283,0.7136,179,9.46927374301676,0.1564245810055866
50,5,quantile,0.39474203556699583,0.5285858673633507,0.7104,181,9.359116022099448,0.16574585635359115
51,5,quantile,0.3800888859585485,0.5332798582785284,0.704,185,9.151351351351352,0.1783783783783784
52,5,quantile,0.37487751752968024,0.5336349421778241,0.7088,182,9.296703296703297,0.15384615384615385
53,5,quantile,0.36782973568917743,0.5349660111038226,0.7184,176,9.607954545454545,0.125
54,5,quantile,0.3583997112648841,0.5430999937963825,0.7168,177,9.548022598870057,0.14124293785310735
55,5,quantile,0.351480030140788,0.5491401178895708,0.712,180,9.383333333333333,0.14444444444444443
56,5,quantile,0.3476813612661817,0.5523866745427901,0.7104,181,9.32596685082873,0.14917127071823205
57,5,quantile,0.34191163534183194,0.5577765477420752,0.7072,183,9.218579234972678,0.16393442622950818
58,5,quantile,0.348807028892777,0.5589228980769616,0.7056,184,9.16304347826087,0.15760869565217392
59,5,quantile,0.3398517253163651,0.5640846613755457,0.704,185,9.108108108108109,0.15675675675675677
60,5,quantile,0.334333384796186,0.5656930439378393,0.7024,186,9.053763440860216,0.1774193548387097
61,5,quantile,0.3320861187701607,0.5645389415209079,0.7088,182,9.247252747252746,0.15384615384615385
62,5,quantile,0.3289482503863128,0.5692109314106656,0.7088,182,9.241758241758241,0.14285714285714285
63,5,quantile,0.3263797513748807,0.568483804651486,0.712,180,9.338888888888889,0.13333333333333333
64,5,quantile,0.3179878843012398,0.5716681378615208,0.7072,183,9.180327868852459,0.14754098360655737
65,5,quantile,0.3229079430571889,0.5647875077888139,0.712,180,9.327777777777778,0.1388888888888889
66,5,quantile,0.3311009647418809,0.5604911249543765,0.7136,179,9.374301675977653,0.16201117318435754
67,5,quantile,0.34521598700703315,0.550585771858566,0.7232,173,9.693641618497109,0.14450867052023122
68,5,quantile,0.3482430205260281,0.5449589035308853,0.728,170,9.858823529411765,0.12941176470588237
69,5,quantile,0.34841024488878686,0.5501640521222491,0.7232,173,9.68208092485549,0.1329479768786127
70,5,quantile,0.3570401913782195,0.5532093461567973,0.7216,174,9.620689655172415,0.14367816091954022
71,5,quantile,0.3545429603645238,0.5534800468921424,0.7216,174,9.614942528735632,0.12643678160919541
72,5,quantile,0.35218741460774705,0.5536669440382205,0.7152,178,9.393258426966293,0.15730337078651685
73,5,quantile,0.36053556485672933,0.5486461676835466,0.7216,174,9.60344827586207,0.14367816091954022
74,5,quantile,0.37286248037600084,0.5437922023535381,0.7232,173,9.653179190751445,0.14450867052023122
75,5,quantile,0.3773447204891564,0.54793548825801,0.7216,174,9.591954022988507,0.14942528735632185
76,5,quantile,0.38005841789495537,0.5478887371550176,0.72,175,9.531428571428572,0.13714285714285715
77,5,quantile,0.38074457592183847,0.5511660274744175,0.7168,177,9.418079096045197,0.15819209039548024
78,5,quantile,0.39422263202965185,0.5467132118751642,0.7216,174,9.574712643678161,0.13793103448275862
79,5,quantile,0.39750166250115315,0.5459954216784562,0.7168,177,9.40677966101695,0.15254237288135594
80,5,quantile,0.4055344438478992,0.5434974605003786,0.7152,178,9.348314606741573,0.16292134831460675
81,5,quantile,0.40632181725469846,0.5413390949298855,0.7152,178,9.342696629213483,0.1797752808988764
82,5,quantile,0.41125683999543416,0.5356660396222369,0.7216,174,9.551724137931034,0.16666666666666666
83,5,quantile,0.40991647419841665,0.5371453582963119,0.7168,177,9.384180790960452,0.1864406779661017
84,5,quantile,0.41000434958803494,0.5412363874730877,0.7152,178,9.325842696629213,0.1797752808988764
85,5,quantile,0.41190248659307244,0.5443083685022874,0.7152,178,9.320224719101123,0.17415730337078653
86,5,quantile,0.41031975746957167,0.5496827103346783,0.7152,178,9.314606741573034,0.14606741573033707
87,5,quantile,0.4063852044897835,0.5569100221254668,0.7104,181,9.154696132596685,0.143646408839779
88,5,quantile,0.4071996174097532,0.5629845821036603,0.7056,184,9.0,0.15217391304347827
89,5,quantile,0.41846309247183383,0.5621246668199871,0.7072,183,9.043715846994536,0.15300546448087432
90,5,quantile,0.4192922586736363,0.5663858427624061,0.7008,187,8.844919786096257,0.1711229946524064
91,5,quantile,0.42426982512966743,0.5654727360750429,0.704,185,8.935135135135136,0.15135135135135136
92,5,quantile,0.42830048098208257,0.5667059475815358,0.704,185,8.92972972972973,0.16216216216216217
93,5,quantile,0.4264907492665935,0.5679769086211587,0.7056,184,8.972826086956522,0.14130434782608695
94,5,quantile,0.4163171435537011,0.57418170900586,0.704,185,8.91891891891892,0.13513513513513514
95,5,quantile,0.42470812306272754,0.5701766928401638,0.7072,183,9.010928961748634,0.14207650273224043
96,5,quantile,0.4221943756580165,0.5728979214358045,0.7072,183,9.005464480874316,0.1366120218579235
97,5,quantile,0.4088828810092274,0.5775867909458896,0.704,185,8.902702702702703,0.15135135135135136
98,5,quantile,0.4071135043889494,0.5783932531202334,0.7072,183,8.994535519125684,0.1366120218579235
99,5,quantile,0.4061537997419311,0.5751064468810768,0.7104,181,9.088397790055248,0.13812154696132597
100,5,quantile,0.4129671025845608,0.5720512878906421,0.7152,178,9.235955056179776,0.1348314606741573
101,5,quantile,0.4079750463698187,0.5757815779467175,0.7136,179,9.17877094972067,0.1340782122905028
102,5,quantile,0.39428765079712114,0.5811972353920676,0.7088,182,9.021978021978022,0.14835164835164835
103,5,quantile,0.3804505275410234,0.5858253922663469,0.7056,184,8.918478260869565,0.14673913043478262
104,5,quantile,0.3692227801924657,0.5869044028349086,0.704,185,8.864864864864865,0.16756756756756758
105,5,quantile,0.36750927699015384,0.5846686182267624,0.7088,182,9.005494505494505,0.14835164835164835
106,5,quantile,0.36639177706179527,0.5807336983779166,0.7104,181,9.049723756906078,0.16022099447513813
107,5,quantile,0.36765783024276,0.5773849857798105,0.7136,179,9.145251396648044,0.1564245810055866
108,5,quantile,0.36670222705089456,0.577647361508669,0.7104,181,9.03867403314917,0.1712707182320442
109,5,quantile,0.3712007379275385,0.5787114586302182,0.7104,181,9.033149171270718,0.15469613259668508
110,5,quantile,0.3818585414063225,0.5722200450750818,0.7152,178,9.179775280898877,0.14606741573033707
111,5,quantile,0.3810987696279693,0.569421252322606,0.7184,176,9.278409090909092,0.14772727272727273
112,5,quantile,0.3828974924328238,0.5651451632894221,0.7216,174,9.379310344827585,0.13793103448275862
113,5,quantile,0.37938710299446643,0.5625055978856519,0.7216,174,9.373563218390805,0.14367816091954022
114,5,quantile,0.3797984002766043,0.5562735887385541,0.7248,172,9.476744186046512,0.13372093023255813
115,5,quantile,0.3881825300946087,0.5510873024421903,0.7264,171,9.526315789473685,0.14035087719298245
116,5,quantile,0.3854535108112736,0.5469577164569988,0.7264,171,9.52046783625731,0.14035087719298245
117,5,quantile,0.38415688788855973,0.5464242511799676,0.7248,172,9.459302325581396,0.1511627906976744
118,5,quantile,0.38617374193285015,0.5443733037516993,0.7216,174,9.344827586206897,0.1724137931034483
119,5,quantile,0.3972348390328174,0.5415598734154723,0.7264,171,9.502923976608187,0.15204678362573099
120,5,quantile,0.3877005495557173,0.5493389696795006,0.7232,173,9.38728323699422,0.15028901734104047
1,6,quantile,0.051328679130446885,0.6635611877723478,0.8518518518518519,192,9.078125,0.3333333333333333
2,6,quantile,0.10040746792877028,0.5958037867368943,0.8479938271604939,197,8.842639593908629,0.16751269035532995
3,6,quantile,0.13045803914504384,0.5723496292702088,0.8425925925925926,204,8.534313725490197,0.19117647058823528
4,6,quantile,0.14978028522420697,0.546121347838,0.8387345679012346,209,8.325358851674642,0.18660287081339713
5,6,quantile,0.1656426202231427,0.5315206029566297,0.8356481481481481,213,8.164319248826292,0.18779342723004694
6,6,quantile,0.18311337620735615,0.4977394067981479,0.8387345679012346,209,8.31578947368421,0.16267942583732056
7,6,quantile,0.20317451036098558,0.48368934892564996,0.8356481481481481,213,8.154929577464788,0.2300469483568075
8,6,quantile,0.2347408857630975,0.45201227134774724,0.8425925925925926,204,8.509803921568627,0.17647058823529413
9,6,quantile,0.23359467859680366,0.46296244669275816,0.8387345679012346,209,8.301435406698564,0.18660287081339713
10,6,quantile,0.23616192173539444,0.470430877175347,0.8348765432098766,214,8.102803738317757,0.17289719626168223
11,6,quantile,0.2496046994715005,0.4634373997254182,0.8348765432098766,214,8.098130841121495,0.17757009345794392
12,6,quantile,0.26055051446135297,0.4735991398784357,0.8310185185185185,219,7.908675799086758,0.182648401826484
13,6,quantile,0.28630665958063306,0.46674157252440085,0.8310185185185185,219,7.904109589041096,0.1643835616438356
14,6,quantile,0.3059433270014515,0.46337152504855295,0.8302469135802469,220,7.863636363636363,0.17727272727272728
15,6,quantile,0.3093541959188009,0.47062473893347617,0.8271604938271605,224,7.71875,0.18303571428571427
16,6,quantile,0.32089234435408176,0.46982217081440925,0.8240740740740741,228,7.578947368421052,0.18421052631578946
17,6,quantile,0.3359576192073691,0.4588314557781569,0.8240740740740741,228,7.574561403508772,0.18421052631578946
18,6,quantile,0.3484477307968162,0.4567706644017935,0.8233024691358025,229,7.537117903930131,0.16593886462882096
19,6,quantile,0.34560713569496426,0.4539334357491003,0.8202160493827161,233,7.4034334763948495,0.2017167381974249
20,6,quantile,0.34778121891873087,0.4509797133707391,0.8202160493827161,233,7.399141630901288,0.1888412017167382
21,6,quantile,0.34598782958459334,0.4509619817304883,0.8194444444444444,234,7.363247863247863,0.1794871794871795
22,6,quantile,0.35662182594368014,0.4515364680922709,0.8217592592592593,231,7.454545454545454,0.17316017316017315
23,6,quantile,0.3572349185037285,0.4523144215928352,0.8186728395061729,235,7.323404255319149,0.20851063829787234
24,6,quantile,0.3616500058257012,0.4483636082699125,0.8202160493827161,233,7.381974248927039,0.18454935622317598
25,6,quantile,0.3653324217901761,0.44763194009816537,0.8148148148148148,240,7.1625,0.20416666666666666
26,6,quantile,0.3668527406255022,0.45189882167084006,0.8140432098765432,241,7.128630705394191,0.2074688796680498
27,6,quantile,0.3651231032846045,0.45754309612281824,0.8148148148148148,240,7.154166666666667,0.1875
28,6,quantile,0.35661484165303625,0.4679047429036811,0.8117283950617284,244,7.032786885245901,0.19672131147540983
29,6,quantile,0.3613770309611818,0.47314768355813336,0.8101851851851852,246,6.971544715447155,0.17886178861788618
30,6,quantile,0.36448553276656637,0.4772279672752771,0.8094135802469136,247,6.939271255060729,0.19433198380566802
31,6,quantile,0.3777568918995223,0.4728680207906816,0.8125,243,7.049382716049383,0.1728395061728395
32,6,quantile,0.3781040396969465,0.4717235376192006,0.8117283950617284,244,7.016393442622951,0.18442622950819673
33,6,quantile,0.38476489856932555,0.4739947440621064,0.8063271604938271,251,6.816733067729084,0.2350597609561753
34,6,quantile,0.3993556114415143,0.4665234831458403,0.8094135802469136,247,6.923076923076923,0.19838056680161945
35,6,quantile,0.4083476276050682,0.4605446318667014,0.8109567901234568,245,6.975510204081632,0.19183673469387755
36,6,quantile,0.41604829248973346,0.4596805741133624,0.8094135802469136,247,6.91497975708502,0.19838056680161945
37,6,quantile,0.42422110923785994,0.46082858103070645,0.8070987654320988,250,6.828,0.224
38,6,quantile,0.4450123771590617,0.4571894476582851,0.808641975308642,248,6.879032258064516,0.2217741935483871
39,6,quantile,0.4586092236163932,0.4556423112007245,0.8078703703703703,249,6.847389558232932,0.24497991967871485
40,6,quantile,0.4708077708024254,0.45206696109500666,0.8117283950617284,244,6.983606557377049,0.20081967213114754
41,6,quantile,0.45928708858176753,0.46053840805090535,0.8094135802469136,247,6.894736842105263,0.1902834008097166
42,6,quantile,0.45454964215308413,0.465715846112815,0.8070987654320988,250,6.808,0.196
43,6,quantile,0.4531396079689488,0.4698141159166217,0.8047839506172839,253,6.723320158102767,0.20948616600790515
44,6,quantile,0.4573636804586654,0.46971702729652953,0.8047839506172839,253,6.719367588932807,0.20948616600790515
45,6,quantile,0.44655176521179324,0.4734132899142347,0.8024691358024691,256,6.63671875,0.21875
46,6,quantile,0.44066372280036126,0.4736226791244738,0.8016975308641975,257,6.607003891050583,0.2140077821011673
47,6,quantile,0.4319129112894496,0.48637170322865,0.8001543209876543,259,6.552123552123552,0.19305019305019305
48,6,quantile,0.426134677712052,0.49294035788637747,0.7978395061728395,262,6.473282442748092,0.2099236641221374
49,6,quantile,0.4314971980520744,0.49465121388872196,0.8016975308641975,257,6.595330739299611,0.19455252918287938
50,6,quantile,0.44104385440049376,0.49894136223414115,0.8016975308641975,257,6.591439688715953,0.1828793774319066
51,6,quantile,0.44410369268578576,0.503301483013137,0.7993827160493827,260,6.5115384615384615,0.19615384615384615
52,6,quantile,0.45283656887930157,0.5051330594465353,0.8001543209876543,259,6.532818532818533,0.1969111969111969
53,6,quantile,0.4614629535481534,0.5011046854715722,0.8047839506172839,253,6.683794466403162,0.17786561264822134
54,6,quantile,0.4529098635805145,0.5066751279483847,0.8009259259259259,258,6.550387596899225,0.20155038759689922
55,6,quantile,0.4654209630474587,0.5021868947239776,0.8040123456790124,254,6.649606299212598,0.18503937007874016
56,6,quantile,0.4799122713965021,0.504442147657478,0.8040123456790124,254,6.645669291338582,0.18503937007874016
57,6,quantile,0.4890375203786168,0.5102607218964719,0.8001543209876543,259,6.513513513513513,0.19305019305019305
58,6,quantile,0.4959532902744505,0.5135352819126094,0.8001543209876543,259,6.5096525096525095,0.1891891891891892
59,6,quantile,0.49143941231359967,0.5149394887243653,0.8001543209876543,259,6.505791505791506,0.17374517374517376
60,6,quantile,0.5059953578804763,0.5155056773852927,0.7986111111111112,261,6.452107279693487,0.21455938697318008
61,6,quantile,0.5136707968556496,0.5143688312569292,0.8009259259259259,258,6.523255813953488,0.20155038759689922
62,6,quantile,0.5006179662437794,0.517930506388778,0.7986111111111112,261,6.444444444444445,0.20689655172413793
63,6,quantile,0.48647776200838716,0.5245135656603682,0.7955246913580247,265,6.343396226415094,0.21132075471698114
64,6,quantile,0.4804176771120583,0.5223673778064479,0.8001543209876543,259,6.486486486486487,0.17374517374517376
65,6,quantile,0.48127414083629716,0.5253941637023296,0.7978395061728395,262,6.408396946564886,0.19083969465648856
66,6,quantile,0.4896063994469134,0.5260680153901681,0.7978395061728395,262,6.404580152671755,0.1946564885496183
67,6,quantile,0.5066428597524079,0.5193238345911012,0.8016975308641975,257,6.525291828793774,0.1828793774319066
68,6,quantile,0.5015853143754879,0.5220651584748768,0.8009259259259259,258,6.496124031007752,0.17829457364341086
69,6,quantile,0.5012749868320617,0.5228152191576696,0.8009259259259259,258,6.492248062015504,0.17829457364341086
70,6,quantile,0.4853867658958667,0.5272439306957264,0.8001543209876543,259,6.463320463320463,0.18146718146718147
71,6,quantile,0.48536342870990584,0.5300093051600786,0.7962962962962963,264,6.337121212121212,0.19318181818181818
72,6,quantile,0.4909441172508506,0.5264892489714704,0.7978395061728395,262,6.3816793893129775,0.183206106870229
73,6,quantile,0.49926346072560596,0.5170239568534996,0.8009259259259259,258,6.476744186046512,0.18604651162790697
74,6,quantile,0.5097977884564691,0.5073730251506794,0.8040123456790124,254,6.574803149606299,0.19291338582677164
75,6,quantile,0.5073771547036987,0.5048992499735252,0.8055555555555556,252,6.623015873015873,0.1746031746031746
76,6,quantile,0.5175215810830155,0.5014126486062119,0.8040123456790124,254,6.566929133858268,0.2047244094488189
77,6,quantile,0.5160492444327206,0.5032397761560412,0.8055555555555556,252,6.615079365079365,0.18253968253968253
78,6,quantile,0.5015590318066125,0.5136569101343872,0.8024691358024691,256,6.5078125,0.171875
79,6,quantile,0.49798336512100455,0.5179715519030315,0.8040123456790124,254,6.55511811023622,0.15354330708661418
80,6,quantile,0.49114605550253065,0.526648156226189,0.8024691358024691,256,6.5,0.16796875
81,6,quantile,0.4983398906669839,0.524337109530893,0.8063271604938271,251,6.625498007968128,0.1593625498007968
82,6,quantile,0.5016779123434161,0.5246796384780211,0.8070987654320988,250,6.648,0.164
83,6,quantile,0.5137850537137507,0.5216554028972282,0.8070987654320988,250,6.644,0.164
84,6,quantile,0.5215722244889373,0.5251117765916025,0.8040123456790124,254,6.535433070866142,0.1732283464566929
85,6,quantile,0.5298117489155285,0.5232345253169509,0.8047839506172839,253,6.557312252964427,0.16996047430830039
86,6,quantile,0.5392169976032025,0.51922546537741,0.8063271604938271,251,6.605577689243028,0.15139442231075698
87,6,quantile,0.5445479909245157,0.5176651297302562,0.8055555555555556,252,6.575396825396825,0.15079365079365079
88,6,quantile,0.5495512705118686,0.5118703550208906,0.8063271604938271,251,6.597609561752988,0.15139442231075698
89,6,quantile,0.5529635495574804,0.5091332332616694,0.8055555555555556,252,6.567460317460317,0.15079365079365079
90,6,quantile,0.5528523365779884,0.5087924303192002,0.8040123456790124,254,6.511811023622047,0.16141732283464566
91,6,quantile,0.5617366249521998,0.5045544432387374,0.8063271604938271,251,6.585657370517929,0.1593625498007968
92,6,quantile,0.5724148546771634,0.5007537570239573,0.808641975308642,248,6.661290322580645,0.14516129032258066
93,6,quantile,0.564628616718522,0.5045497118133162,0.8040123456790124,254,6.5,0.16929133858267717
94,6,quantile,0.565575189269951,0.5032213530345094,0.8055555555555556,252,6.5476190476190474,0.15873015873015872
95,6,quantile,0.5569255441895814,0.5006636711587859,0.8047839506172839,253,6.517786561264822,0.18181818181818182
96,6,quantile,0.5550795602906469,0.49082347453885294,0.8101851851851852,246,6.699186991869919,0.13414634146341464
97,6,quantile,0.5440329669421622,0.49465883172025493,0.8063271604938271,251,6.561752988047809,0.1553784860557769
98,6,quantile,0.5389910947414099,0.49696048538031595,0.8047839506172839,253,6.5059288537549405,0.15810276679841898
99,6,quantile,0.5405582790266246,0.4977702819744939,0.8047839506172839,253,6.5019762845849804,0.16205533596837945
100,6,quantile,0.5264688189269409,0.49662641641086436,0.8047839506172839,253,6.4980237154150196,0.16600790513833993
101,6,quantile,0.5178065997615614,0.49963259867292714,0.8040123456790124,254,6.468503937007874,0.16929133858267717
102,6,quantile,0.511126120796713,0.4987028940978408,0.8040123456790124,254,6.464566929133858,0.16929133858267717
103,6,quantile,0.5109947006092912,0.4976697412301631,0.8032407407407407,255,6.435294117647059,0.16862745098039217
104,6,quantile,0.5193955101346869,0.49369274908791744,0.8047839506172839,253,6.482213438735178,0.16205533596837945
105,6,quantile,0.5307928114249048,0.48651358994637167,0.808641975308642,248,6.608870967741935,0.1693548387096774
106,6,quantile,0.5368195615193329,0.4815199430164823,0.8078703703703703,249,6.578313253012048,0.18072289156626506
107,6,quantile,0.5352661144530593,0.4744184394673353,0.8094135802469136,247,6.627530364372469,0.17813765182186234
108,6,quantile,0.529400426097126,0.46939053579247086,0.8101851851851852,246,6.650406504065041,0.1910569105691057
109,6,quantile,0.5283952059876155,0.4604758145467662,0.8155864197530864,239,6.841004184100418,0.1589958158995816
110,6,quantile,0.5180142190681665,0.4667604067378951,0.8125,243,6.724279835390947,0.17695473251028807
111,6,quantile,0.5180037970265424,0.46941650683685465,0.8117283950617284,244,6.692622950819672,0.16393442622950818
112,6,quantile,0.5180308587264439,0.473480356666811,0.8117283950617284,244,6.688524590163935,0.1680327868852459
113,6,quantile,0.528641911339516,0.4722630981106032,0.8155864197530864,239,6.824267782426778,0.13807531380753138
114,6,quantile,0.5323070708439931,0.472916054411451,0.816358024691358,238,6.848739495798319,0.13865546218487396
115,6,quantile,0.5238007334447182,0.4749154715615566,0.8155864197530864,239,6.815899581589958,0.13807531380753138
116,6,quantile,0.5192236816988319,0.4748875833207741,0.8171296296296297,237,6.8691983122362865,0.1350210970464135
117,6,quantile,0.5058578677192722,0.48125693274903064,0.8140432098765432,241,6.75103734439834,0.16597510373443983
118,6,quantile,0.49402932184788656,0.48437906468005204,0.8125,243,6.691358024691358,0.18106995884773663
119,6,quantile,0.49437264935304526,0.48404982744545816,0.8140432098765432,241,6.742738589211618,0.17427385892116182
120,6,quantile,0.5009635602001865,0.48466437652900923,0.8155864197530864,239,6.794979079497908,0.1589958158995816
1,7,quantile,0.07487762090386148,0.6005628101274283,0.9008746355685131,238,7.323529411764706,0.3277310924369748
2,7,quantile,0.10854712694517246,0.6028809971319786,0.8929612661391088,257,6.778210116731517,0.2529182879377432
3,7,quantile,0.13954871134918387,0.5699339160723291,0.8900458142440649,264,6.59469696969697,0.22727272727272727
4,7,quantile,0.16012898601810924,0.5490176661404632,0.887963348604748,269,6.4684014869888475,0.21189591078066913
5,7,quantile,0.17519196603035894,0.5498667169369589,0.8846314035818409,277,6.277978339350181,0.21660649819494585
6,7,quantile,0.18964099748507993,0.5362661718270131,0.880466472303207,287,6.055749128919861,0.23693379790940766
7,7,quantile,0.20751196359661928,0.5068299732493036,0.882548937942524,282,6.159574468085107,0.20212765957446807
8,7,quantile,0.22385918289995302,0.47983586633901554,0.8808829654310704,286,6.06993006993007,0.2062937062937063
9,7,quantile,0.23854326737697948,0.4530258748030537,0.8800499791753436,288,6.024305555555555,0.2152777777777778
10,7,quantile,0.2579118697253021,0.42126704459373937,0.8821324448146606,283,6.127208480565371,0.19434628975265017
11,7,quantile,0.2769649956976321,0.40753487951789946,0.882548937942524,282,6.1453900709219855,0.1879432624113475
12,7,quantile,0.2905211872906759,0.3963898286445025,0.8829654310703874,281,6.1637010676156585,0.18149466192170818
13,7,quantile,0.31037891707626164,0.39476212079803574,0.8821324448146606,283,6.11660777385159,0.1872791519434629
14,7,quantile,0.3318418852616665,0.39341300433868026,0.8808829654310704,286,6.048951048951049,0.1993006993006993
15,7,quantile,0.3635619695113528,0.38525393981863326,0.8808829654310704,286,6.045454545454546,0.20279720279720279
16,7,quantile,0.39152055825110804,0.3738005697653193,0.880466472303207,287,6.020905923344948,0.2264808362369338
17,7,quantile,0.39785017185993826,0.37237609311214975,0.8788004997917535,291,5.934707903780069,0.25773195876288657
18,7,quantile,0.4102958510038015,0.3810186463722914,0.8771345272802998,295,5.850847457627118,0.23728813559322035
19,7,quantile,0.41392389332299845,0.38782079044580636,0.8738025822573927,303,5.693069306930693,0.22772277227722773
20,7,quantile,0.4224678698584523,0.3941340813353983,0.8713036234902124,309,5.5792880258899675,0.2524271844660194
21,7,quantile,0.4229588002098188,0.39343085220366003,0.8692211578508955,314,5.487261146496815,0.27070063694267515
22,7,quantile,0.4434656444100603,0.3947096286700791,0.8717201166180758,308,5.590909090909091,0.22402597402597402
23,7,quantile,0.4552979977125262,0.39335257970818593,0.8725531028738026,306,5.624183006535947,0.2222222222222222
24,7,quantile,0.4546323749467751,0.3984909846395426,0.8725531028738026,306,5.620915032679738,0.20588235294117646
25,7,quantile,0.4582658692781429,0.4002882150047266,0.870887130362349,310,5.54516129032258,0.21935483870967742
26,7,quantile,0.4620278569429604,0.4011664677361956,0.8704706372344856,311,5.52411575562701,0.2282958199356913
27,7,quantile,0.4728439115495962,0.40406041618868666,0.8700541441066223,312,5.503205128205129,0.23397435897435898
28,7,quantile,0.49568308895853835,0.39462154537758287,0.872969596001666,305,5.6262295081967215,0.21311475409836064
29,7,quantile,0.4856917948538997,0.4124472591370524,0.8667221990837152,320,5.359375,0.265625
30,7,quantile,0.5124259485282072,0.40657587183881083,0.8704706372344856,311,5.511254019292605,0.2282958199356913
31,7,quantile,0.5152518877345709,0.41232806455566423,0.8667221990837152,320,5.353125,0.2625
32,7,quantile,0.5259793682479599,0.4103777203766231,0.8671386922115785,319,5.366771159874608,0.25391849529780564
33,7,quantile,0.5451169353639709,0.4058516182184747,0.8671386922115785,319,5.363636363636363,0.25705329153605017
34,7,quantile,0.5571173986890894,0.40047000437677344,0.8692211578508955,314,5.445859872611465,0.22929936305732485
35,7,quantile,0.554832702055244,0.4012201315239141,0.8688046647230321,315,5.425396825396826,0.24126984126984127
36,7,quantile,0.5769683135095593,0.3925639006904426,0.8725531028738026,306,5.5816993464052285,0.21568627450980393
37,7,quantile,0.5543030985232985,0.4019009867326968,0.8683881715951687,316,5.401898734177215,0.25949367088607594
38,7,quantile,0.5528249756218987,0.4017880531591588,0.8717201166180758,308,5.538961038961039,0.20454545454545456
39,7,quantile,0.5424950520866767,0.40335651712006076,0.8725531028738026,306,5.571895424836601,0.21241830065359477
40,7,quantile,0.5366740335722195,0.4052780038580288,0.8717201166180758,308,5.532467532467533,0.22077922077922077
41,7,quantile,0.5359751711855582,0.4039057916447986,0.8733860891295293,304,5.6019736842105265,0.19078947368421054
42,7,quantile,0.5217650288454501,0.41702604635515567,0.8688046647230321,315,5.4031746031746035,0.23174603174603176
43,7,quantile,0.5271692585305009,0.41513134665415935,0.8696376509787589,313,5.434504792332269,0.21405750798722045
44,7,quantile,0.5193746784272842,0.42263317357658314,0.8679716784673053,317,5.3627760252365935,0.22712933753943218
45,7,quantile,0.5330904977391394,0.41836901090545997,0.8713036234902124,309,5.498381877022654,0.20711974110032363
46,7,quantile,0.5444930810229689,0.4201728906966865,0.870887130362349,310,5.47741935483871,0.23225806451612904
47,7,quantile,0.550747805253024,0.4229829230382492,0.8696376509787589,313,5.421725239616613,0.23961661341853036
48,7,quantile,0.5449478793443259,0.43348668678688196,0.8663057059558518,321,5.283489096573208,0.26791277258566976
49,7,quantile,0.556930700586827,0.43923450372633027,0.8663057059558518,321,5.280373831775701,0.24922118380062305
50,7,quantile,0.5572997702589266,0.4493152348967332,0.8658892128279884,322,5.260869565217392,0.2236024844720497
51,7,quantile,0.550852211929863,0.45435894881182837,0.8667221990837152,320,5.290625,0.209375
52,7,quantile,0.5412854065795586,0.4604807450885066,0.865472719700125,323,5.238390092879257,0.22291021671826625
53,7,quantile,0.5405900577093339,0.46339033526355605,0.8642232403165347,326,5.1871165644171775,0.22392638036809817
54,7,quantile,0.5485793616293699,0.4636864679433968,0.8646397334443982,325,5.2,0.21846153846153846
55,7,quantile,0.5623835664476843,0.4589485549049423,0.8663057059558518,321,5.261682242990654,0.2087227414330218
56,7,quantile,0.5564439264884915,0.45864593518718283,0.8650562265722616,324,5.209876543209877,0.22530864197530864
57,7,quantile,0.5634977567824635,0.45727156842177047,0.8642232403165347,326,5.174846625766871,0.23006134969325154
58,7,quantile,0.5539996264824208,0.4607584211934629,0.8638067471886713,327,5.155963302752293,0.22629969418960244
59,7,quantile,0.5385606883786447,0.4638618934228028,0.8646397334443982,325,5.184615384615385,0.20923076923076922
60,7,quantile,0.5364102339490191,0.4697641825641083,0.863390254060808,328,5.134146341463414,0.23170731707317074
61,7,quantile,0.5351942481267981,0.47160751026201386,0.863390254060808,328,5.1310975609756095,0.22865853658536586
62,7,quantile,0.5377782693755071,0.46835765076039904,0.8642232403165347,326,5.159509202453988,0.23006134969325154
63,7,quantile,0.5568047225815989,0.45813986918944216,0.8688046647230321,315,5.336507936507936,0.20952380952380953
64,7,quantile,0.5581722523717654,0.4570840431680495,0.8671386922115785,319,5.266457680250784,0.2445141065830721
65,7,quantile,0.5491091817236599,0.45718475422005267,0.8692211578508955,314,5.3471337579617835,0.20382165605095542
66,7,quantile,0.543473001755372,0.4631808591007842,0.8671386922115785,319,5.260188087774295,0.2225705329153605
67,7,quantile,0.5560533000788909,0.45854489863106135,0.8700541441066223,312,5.375,0.20192307692307693
68,7,quantile,0.5638681375996595,0.4582099624877657,0.8696376509787589,313,5.354632587859425,0.21725239616613418
69,7,quantile,0.5754299072882406,0.4596050655408183,0.8679716784673053,317,5.28391167192429,0.22082018927444794
70,7,quantile,0.5904751502330716,0.4549280990855533,0.8671386922115785,319,5.247648902821316,0.23510971786833856
71,7,quantile,0.6044714653148083,0.4488195180476949,0.8692211578508955,314,5.328025477707007,0.21337579617834396
72,7,quantile,0.607999127882958,0.44793522947793063,0.8683881715951687,316,5.291139240506329,0.22468354430379747
73,7,quantile,0.6227542407394426,0.4402468667563588,0.8704706372344856,311,5.372990353697749,0.19292604501607716
74,7,quantile,0.6202343354121704,0.44265805991048346,0.8675551853394419,318,5.251572327044025,0.22641509433962265
75,7,quantile,0.6275277501051785,0.43853510397538514,0.8667221990837152,320,5.215625,0.234375
76,7,quantile,0.634779952989892,0.43390296364046743,0.8671386922115785,319,5.22884012539185,0.23510971786833856
77,7,quantile,0.6304661373223878,0.4369210199218194,0.8658892128279884,322,5.1770186335403725,0.2422360248447205
78,7,quantile,0.6385556456813042,0.4293274139746404,0.8679716784673053,317,5.255520504731861,0.22082018927444794
79,7,quantile,0.6408587636909865,0.4312258401517844,0.8679716784673053,317,5.252365930599369,0.22397476340694006
80,7,quantile,0.6405146523596853,0.438836906126458,0.8667221990837152,320,5.2,0.21875
81,7,quantile,0.6433302545879738,0.4415392464949851,0.8646397334443982,325,5.116923076923077,0.23692307692307693
82,7,quantile,0.6528998439068124,0.43913066244156973,0.8646397334443982,325,5.113846153846154,0.23692307692307693
83,7,quantile,0.6573938967486402,0.4367180842682281,0.8642232403165347,326,5.095092024539877,0.25766871165644173
84,7,quantile,0.6587269405946394,0.434238590672814,0.865472719700125,323,5.139318885448916,0.26006191950464397
85,7,quantile,0.6543105941475612,0.43995487981973874,0.8629737609329446,329,5.042553191489362,0.2735562310030395
86,7,quantile,0.6505911025436643,0.4394350250131924,0.8650562265722616,324,5.117283950617284,0.24074074074074073
87,7,quantile,0.640397671545609,0.4426690758126846,0.8642232403165347,326,5.08282208588957,0.24233128834355827
88,7,quantile,0.6328337082995527,0.443525400530738,0.8642232403165347,326,5.079754601226994,0.2331288343558282
89,7,quantile,0.6359726214369411,0.4427189045345472,0.8638067471886713,327,5.061162079510703,0.24464831804281345
90,7,quantile,0.6444942168143144,0.4409819858527888,0.8650562265722616,324,5.104938271604938,0.2345679012345679
91,7,quantile,0.6576518234439466,0.43677791403027794,0.8671386922115785,319,5.181818181818182,0.21630094043887146
92,7,quantile,0.6626255702828827,0.44025447996373124,0.8658892128279884,322,5.130434782608695,0.2204968944099379
93,7,quantile,0.6673722548194563,0.4400366443380576,0.865472719700125,323,5.1114551083591335,0.21052631578947367
94,7,quantile,0.6591936047194604,0.43720714710660785,0.8671386922115785,319,5.172413793103448,0.20689655172413793
95,7,quantile,0.6659270651489635,0.4290025250362176,0.8683881715951687,316,5.218354430379747,0.20569620253164558
96,7,quantile,0.6744019917942995,0.42725753024446755,0.8675551853394419,318,5.182389937106918,0.24528301886792453
97,7,quantile,0.6789935068364301,0.4200165266347073,0.870887130362349,310,5.312903225806451,0.2129032258064516
98,7,quantile,0.6625452234824115,0.4257838563427222,0.8688046647230321,315,5.2253968253968255,0.2253968253968254
99,7,quantile,0.6509299318510191,0.4275478147270382,0.8683881715951687,316,5.205696202531645,0.2310126582278481
100,7,quantile,0.641999639577215,0.4262802524420524,0.8700541441066223,312,5.269230769230769,0.20833333333333334
101,7,quantile,0.6341807324792466,0.4264771912527277,0.8683881715951687,316,5.199367088607595,0.23734177215189872
102,7,quantile,0.6324896328023962,0.42068277340481175,0.8696376509787589,313,5.246006389776358,0.24920127795527156
103,7,quantile,0.6392166242694786,0.417449076131786,0.870887130362349,310,5.2935483870967746,0.25483870967741934
104,7,quantile,0.6264562774052564,0.4185770858645309,0.8713036234902124,309,5.307443365695793,0.2459546925566343
105,7,quantile,0.6177930382943997,0.4291491608310433,0.8688046647230321,315,5.203174603174603,0.2571428571428571
106,7,quantile,0.623378636601707,0.4282131054322554,0.8696376509787589,313,5.233226837060703,0.24600638977635783
107,7,quantile,0.6224500156408136,0.42696251174639155,0.8688046647230321,315,5.196825396825397,0.23809523809523808
108,7,quantile,0.6223431582950949,0.41838834768854344,0.8700541441066223,312,5.243589743589744,0.2532051282051282
109,7,quantile,0.6256613525745801,0.4157266300360885,0.8721366097459392,307,5.3257328990228014,0.23778501628664495
110,7,quantile,0.6115710768539847,0.4264545281867663,0.8671386922115785,319,5.122257053291536,0.26332288401253917
111,7,quantile,0.6010782171680994,0.43330767754788274,0.8650562265722616,324,5.040123456790123,0.25
112,7,quantile,0.5937325538720727,0.43512885933322826,0.8650562265722616,324,5.037037037037037,0.23148148148148148
113,7,quantile,0.5833464174048193,0.4338676606792169,0.8675551853394419,318,5.128930817610063,0.22012578616352202
114,7,quantile,0.5748497591918498,0.4312872813628988,0.8683881715951687,316,5.158227848101266,0.23417721518987342
115,7,quantile,0.5750218775066174,0.426933060791298,0.8704706372344856,311,5.237942122186495,0.21864951768488747
116,7,quantile,0.5737370891057358,0.42656481563482773,0.8704706372344856,311,5.234726688102894,0.2315112540192926
117,7,quantile,0.5635752389709641,0.4279154392827246,0.870887130362349,310,5.248387096774193,0.21935483870967742
118,7,quantile,0.5678743583680244,0.4296926582268402,0.8700541441066223,312,5.211538461538462,0.23076923076923078
119,7,quantile,0.5764526998541609,0.4265696677145886,0.8717201166180758,308,5.275974025974026,0.22727272727272727
120,7,quantile,0.583408285354133,0.42819713303649504,0.8700541441066223,312,5.205128205128205,0.2403846153846154
1,8,quantile,0.08435936632124742,0.5730739903934045,0.923583984375,313,5.568690095846645,0.34824281150159747
2,8,quantile,0.15109939252422414,0.5361171942466753,0.9208984375,324,5.3765432098765435,0.2345679012345679
3,8,quantile,0.20048925158788442,0.5245925365609239,0.91748046875,338,5.150887573964497,0.26627218934911245
4,8,quantile,0.24177921889731663,0.5063810088544684,0.915283203125,347,5.014409221902017,0.2680115273775216
5,8,quantile,0.2649929341061894,0.49911329237517654,0.9140625,352,4.940340909090909,0.24147727272727273
6,8,quantile,0.2963960066895734,0.4808868951115404,0.912109375,360,4.8277777777777775,0.28055555555555556
7,8,quantile,0.33795600064602344,0.46051890496722964,0.91259765625,358,4.851955307262569,0.24860335195530725
8,8,quantile,0.36040236646291884,0.4384008292056617,0.912841796875,357,4.862745098039215,0.2605042016806723
9,8,quantile,0.3783782477356493,0.419443104378529,0.91259765625,358,4.846368715083799,0.276536312849162
10,8,quantile,0.40388384882700507,0.4061620743846435,0.9130859375,356,4.870786516853933,0.2640449438202247
11,8,quantile,0.40173796679455903,0.40502913486318975,0.91162109375,362,4.787292817679558,0.27348066298342544
12,8,quantile,0.4004933386859857,0.40442474411786233,0.909912109375,369,4.693766937669377,0.27371273712737126
13,8,quantile,0.41589503351448215,0.39513351459559387,0.91015625,368,4.703804347826087,0.26358695652173914
14,8,quantile,0.43687814531667657,0.3851523494414102,0.90966796875,370,4.675675675675675,0.26216216216216215
15,8,quantile,0.4407987549255575,0.3901522051452365,0.90771484375,378,4.574074074074074,0.2830687830687831
16,8,quantile,0.45572227834082313,0.3806437069595658,0.908935546875,373,4.632707774798928,0.2707774798927614
17,8,quantile,0.462051653197297,0.37596116203689,0.9091796875,372,4.64247311827957,0.25806451612903225
18,8,quantile,0.4697766074089453,0.3826640045934029,0.90576171875,386,4.471502590673575,0.2849740932642487
19,8,quantile,0.4738664832444791,0.3850217412451342,0.90576171875,386,4.4689119170984455,0.27202072538860106
20,8,quantile,0.4943728597467949,0.3816054548512805,0.905029296875,389,4.4318766066838045,0.2879177377892031
21,8,quantile,0.5272647416859323,0.3684217031437598,0.90771484375,378,4.558201058201059,0.2857142857142857
22,8,quantile,0.5529954173502367,0.3611160059533657,0.90966796875,370,4.654054054054054,0.27837837837837837
23,8,quantile,0.5520671685757979,0.3761246311120263,0.9072265625,380,4.528947368421052,0.28421052631578947
24,8,quantile,0.5585549902125182,0.37391291482536343,0.907958984375,377,4.562334217506631,0.26790450928381965
25,8,quantile,0.5672923626397718,0.3772497832711586,0.907958984375,377,4.559681697612732,0.26790450928381965
26,8,quantile,0.5633725924467884,0.3821047121339011,0.906005859375,385,4.462337662337663,0.2805194805194805
27,8,quantile,0.5656487783061626,0.3826019124756528,0.90625,384,4.471354166666667,0.2682291666666667
28,8,quantile,0.5557646336900444,0.3925952993042122,0.905029296875,389,4.4113110539845755,0.2802056555269923
29,8,quantile,0.5595442723703999,0.3965995276410349,0.9052734375,388,4.420103092783505,0.2603092783505155
30,8,quantile,0.5703068845616158,0.39312736055443676,0.9052734375,388,4.417525773195877,0.2706185567010309
31,8,quantile,0.5767545599592664,0.3899414716672103,0.90478515625,390,4.392307692307693,0.2717948717948718
32,8,quantile,0.5898147431183774,0.39481171087966815,0.903564453125,395,4.334177215189873,0.2810126582278481
33,8,quantile,0.6144827061426104,0.390619266643666,0.904541015625,391,4.375959079283888,0.27365728900255754
34,8,quantile,0.6288100483964709,0.3845164314516833,0.905517578125,387,4.4186046511627906,0.2739018087855297
35,8,quantile,0.6229070363346901,0.3868086716233121,0.904052734375,393,4.348600508905853,0.28498727735368956
36,8,quantile,0.6336730017186625,0.38532749961118545,0.90380859375,394,4.33502538071066,0.2969543147208122
37,8,quantile,0.6309036706290164,0.3833556460934919,0.904541015625,391,4.365728900255754,0.289002557544757
38,8,quantile,0.6256027248397541,0.3786280809512169,0.90625,384,4.442708333333333,0.2786458333333333
39,8,quantile,0.6272735038974927,0.38288138166678154,0.90625,384,4.440104166666667,0.28125
40,8,quantile,0.6153891022308167,0.3855115923168726,0.9052734375,388,4.391752577319588,0.2757731958762887
41,8,quantile,0.6049837529925856,0.3889379300877276,0.904052734375,393,4.333333333333333,0.28498727735368956
42,8,quantile,0.6056005071240476,0.38382123799410284,0.905517578125,387,4.397932816537468,0.29198966408268734
43,8,quantile,0.6009766596071373,0.381287665971909,0.90576171875,386,4.4067357512953365,0.29015544041450775
44,8,quantile,0.6056507150347941,0.3839157476883347,0.90576171875,386,4.404145077720207,0.27979274611398963
45,8,quantile,0.6037100051875997,0.3850963486096149,0.90576171875,386,4.401554404145077,0.27461139896373055
46,8,quantile,0.5889886989417903,0.3869065646671051,0.904296875,392,4.331632653061225,0.288265306122449
47,8,quantile,0.6139579558721208,0.38111773963573986,0.9052734375,388,4.373711340206185,0.2912371134020619
48,8,quantile,0.6232972782299957,0.3776274006606739,0.90625,384,4.416666666666667,0.296875
49,8,quantile,0.6322523622537667,0.3771885672904871,0.907470703125,379,4.472295514511873,0.2717678100263852
50,8,quantile,0.6234313879951097,0.3918545366712639,0.90478515625,390,4.343589743589743,0.2794871794871795
51,8,quantile,0.6227252602603489,0.39607771128012415,0.904541015625,391,4.329923273657289,0.26854219948849106
52,8,quantile,0.6234887639652088,0.4005725117175135,0.90283203125,398,4.251256281407035,0.2889447236180904
53,8,quantile,0.6361907387443074,0.3940071103048753,0.90625,384,4.403645833333333,0.24479166666666666
54,8,quantile,0.6318723551798544,0.3923330827650344,0.9052734375,388,4.355670103092783,0.27835051546391754
55,8,quantile,0.629885301695876,0.3877278191620858,0.906005859375,385,4.387012987012987,0.2675324675324675
56,8,quantile,0.647476659784856,0.3824933146615419,0.90625,384,4.395833333333333,0.2630208333333333
57,8,quantile,0.6634007797978003,0.3823424498339834,0.905029296875,389,4.336760925449871,0.2879177377892031
58,8,quantile,0.665232759071359,0.3826570666700496,0.905517578125,387,4.3565891472868215,0.2868217054263566
59,8,quantile,0.6590094292327968,0.387169945277936,0.905517578125,387,4.354005167958657,0.27648578811369506
60,8,quantile,0.6489777725294134,0.39373171032655535,0.9052734375,388,4.34020618556701,0.2706185567010309
61,8,quantile,0.6331590985837241,0.4026455246041772,0.90380859375,394,4.271573604060913,0.27411167512690354
62,8,quantile,0.614724935062855,0.4065761178241918,0.903564453125,395,4.258227848101265,0.27848101265822783
63,8,quantile,0.5862026337922229,0.4103180339656858,0.9033203125,396,4.244949494949495,0.2828282828282828
64,8,quantile,0.5792872801925365,0.4054530716126934,0.904541015625,391,4.296675191815857,0.27365728900255754
65,8,quantile,0.5898554554356799,0.4004890733701416,0.905029296875,389,4.316195372750642,0.2750642673521851
66,8,quantile,0.5920367412682361,0.40091582799838515,0.9052734375,388,4.324742268041237,0.26288659793814434
67,8,quantile,0.600547099179908,0.3972278281876093,0.905029296875,389,4.311053984575835,0.2750642673521851
68,8,quantile,0.6102244912510482,0.39764398774162135,0.905029296875,389,4.308483290488432,0.2776349614395887
69,8,quantile,0.6181141206685432,0.39731718386087483,0.90576171875,386,4.339378238341969,0.27461139896373055
70,8,quantile,0.6321222157142247,0.3973243048238144,0.90625,384,4.359375,0.2630208333333333
71,8,quantile,0.6292736939694222,0.40397902365907257,0.906005859375,385,4.345454545454546,0.2519480519480519
72,8,quantile,0.6382131243305245,0.40370945560150884,0.906005859375,385,4.3428571428571425,0.2597402597402597
73,8,quantile,0.6488738239858552,0.39355410273984226,0.907958984375,377,4.43236074270557,0.2546419098143236
74,8,quantile,0.647295897447934,0.39982710824978085,0.906005859375,385,4.337662337662338,0.2779220779220779
75,8,quantile,0.6517399871485849,0.3973121120082019,0.906494140625,383,4.357702349869451,0.2584856396866841
76,8,quantile,0.6565266169565408,0.3952009807310697,0.90673828125,382,4.366492146596858,0.2617801047120419
77,8,quantile,0.6585010948497984,0.39132381984634707,0.906982421875,381,4.375328083989501,0.27034120734908135
78,8,quantile,0.670153310518863,0.3866149584797615,0.9072265625,380,4.38421052631579,0.26842105263157895
79,8,quantile,0.6646921192939608,0.38282272028177156,0.9072265625,380,4.381578947368421,0.27631578947368424
80,8,quantile,0.6838202516802954,0.3776468925713383,0.907958984375,377,4.413793103448276,0.27055702917771884
81,8,quantile,0.6871560599994335,0.37675515448422975,0.908447265625,375,4.434666666666667,0.256
82,8,quantile,0.6765403878677337,0.3825761881742156,0.906494140625,383,4.339425587467363,0.26370757180156656
83,8,quantile,0.6743163071894536,0.3836135960337054,0.9072265625,380,4.371052631578947,0.25
84,8,quantile,0.6825462423452906,0.38403676581998936,0.90771484375,378,4.391534391534392,0.25396825396825395
85,8,quantile,0.693751384041667,0.3786813230812775,0.91015625,368,4.508152173913044,0.22282608695652173
86,8,quantile,0.6806166812487802,0.3882530181300628,0.908447265625,375,4.421333333333333,0.23733333333333334
87,8,quantile,0.6780147041678029,0.39486858994696705,0.90771484375,378,4.383597883597884,0.2328042328042328
88,8,quantile,0.6580729585409563,0.39886330269253983,0.907470703125,379,4.369393139841689,0.23218997361477572
89,8,quantile,0.6558264416053821,0.39698327822642143,0.90771484375,378,4.378306878306878,0.24338624338624337
90,8,quantile,0.6531683991336713,0.3940732132787339,0.908935546875,373,4.434316353887399,0.23324396782841822
91,8,quantile,0.6615530928840542,0.3964116119497389,0.908447265625,375,4.408,0.22666666666666666
92,8,quantile,0.665504284727707,0.39699989566272886,0.90869140625,374,4.4171122994652405,0.22192513368983957
93,8,quantile,0.6724999654459654,0.39715375462133284,0.907958984375,377,4.379310344827586,0.22015915119363394
94,8,quantile,0.6797838577903953,0.39409116275630723,0.908203125,376,4.388297872340425,0.21808510638297873
95,8,quantile,0.6934048023224914,0.38977958275496266,0.908447265625,375,4.397333333333333,0.23466666666666666
96,8,quantile,0.7028476356291157,0.38941231671218896,0.907470703125,379,4.348284960422164,0.2559366754617414
97,8,quantile,0.7128052783899269,0.38204244844101626,0.908447265625,375,4.392,0.248
98,8,quantile,0.7119610576283751,0.3796004721751196,0.908203125,376,4.377659574468085,0.2632978723404255
99,8,quantile,0.7100550182336557,0.3723484530844514,0.90966796875,370,4.445945945945946,0.24864864864864866
100,8,quantile,0.7135403385913107,0.37031317914996414,0.91015625,368,4.467391304347826,0.2418478260869565
101,8,quantile,0.7102344243170099,0.3755697958910676,0.907958984375,377,4.358090185676392,0.27851458885941643
102,8,quantile,0.7251407860338993,0.3704033461841547,0.910400390625,367,4.474114441416893,0.23705722070844687
103,8,quantile,0.7127570425170285,0.3766277406668428,0.90869140625,374,4.387700534759358,0.25668449197860965
104,8,quantile,0.7165848942261168,0.37842557140615196,0.908447265625,375,4.373333333333333,0.248
105,8,quantile,0.7058957522234637,0.3801990496085934,0.90771484375,378,4.335978835978836,0.2698412698412698
106,8,quantile,0.6875524539996211,0.38049970618237633,0.906982421875,381,4.299212598425197,0.28346456692913385
107,8,quantile,0.6848250589902312,0.37828457836139157,0.908447265625,375,4.365333333333333,0.25066666666666665
108,8,quantile,0.6753146232473272,0.37812052813636826,0.90771484375,378,4.328042328042328,0.2857142857142857
109,8,quantile,0.6625420020703601,0.3731100501608402,0.91015625,368,4.442934782608695,0.25
110,8,quantile,0.6502577235483017,0.3872138710738917,0.906005859375,385,4.244155844155844,0.2805194805194805
111,8,quantile,0.6466362542185089,0.3879522911661586,0.90625,384,4.252604166666667,0.265625
112,8,quantile,0.6540841698184285,0.38812942718361887,0.9072265625,380,4.294736842105263,0.26842105263157895
113,8,quantile,0.6406762547881164,0.3921967188780178,0.9072265625,380,4.292105263157895,0.2657894736842105
114,8,quantile,0.6490261786620146,0.3960833744055825,0.906982421875,381,4.278215223097113,0.2755905511811024
115,8,quantile,0.6621705027519639,0.39299179363638026,0.908935546875,373,4.367292225201072,0.2520107238605898
116,8,quantile,0.6607476984796921,0.39460076652741366,0.908447265625,375,4.341333333333333,0.264
117,8,quantile,0.6620485343560556,0.3902924925463527,0.908447265625,375,4.338666666666667,0.2826666666666667
118,8,quantile,0.6633792890582069,0.38293355139427404,0.910400390625,367,4.430517711171662,0.26975476839237056
119,8,quantile,0.6617537878362324,0.38430768118331793,0.90966796875,370,4.391891891891892,0.2702702702702703
120,8,quantile,0.6749419901227062,0.3822369175053044,0.909912109375,369,4.401084010840108,0.2601626016260163
