component,realization,peak_lag,centroid_lag,r_max
blue_wing,0,18.0,19.896742027757938,0.8098755745003227
blue_wing,1,17.0,20.4017287851829,0.7769550087973542
blue_wing,2,23.0,20.919131758856455,0.8080742693859859
blue_wing,3,15.0,16.293547190826576,0.8216184508178036
blue_wing,4,22.0,19.92364463664153,0.7731480049880233
blue_wing,5,21.0,22.015379703596484,0.8015645554881703
blue_wing,6,17.0,16.950318111459147,0.7885059062562074
blue_wing,7,15.0,15.140592511036674,0.793167355975305
blue_wing,8,24.0,21.93450916819934,0.7901561598106326
blue_wing,9,17.0,16.550095912860613,0.7805832499421035
blue_wing,10,22.0,21.499605990797225,0.82345428002023
blue_wing,11,14.0,17.536410282243178,0.8173093228599884
blue_wing,12,17.0,17.437556905120015,0.7809864184391213
blue_wing,13,16.0,18.056378153269023,0.7965256484466872
blue_wing,14,19.0,17.076677761973496,0.7921959867947198
blue_wing,15,21.0,19.525004981060018,0.8096109971810275
blue_wing,16,17.0,19.086847103945317,0.8190292441866323
blue_wing,17,14.0,17.07051007255113,0.8022895912605972
blue_wing,18,17.0,22.79741705400694,0.758173317589188
blue_wing,19,18.0,18.110509223457377,0.7845130409138054
blue_wing,20,21.0,21.970189072935664,0.8258953535083998
blue_wing,21,17.0,18.08223839330992,0.7990889678415873
blue_wing,22,22.0,20.074544166536885,0.8099372295120822
blue_wing,23,19.0,18.568937507355397,0.7770424624891312
blue_wing,24,22.0,18.602577619727175,0.8010842968217995
blue_wing,25,15.0,18.032047942207846,0.8055476392646361
blue_wing,26,22.0,21.550123232399095,0.814247211657473
blue_wing,27,23.0,19.92521185467228,0.8033801970803723
blue_wing,28,23.0,22.38370272945827,0.7935134300312418
blue_wing,29,17.0,17.07078935300834,0.7799790172113925
blue_wing,30,22.0,19.12869716717617,0.7815075047780689
blue_wing,31,23.0,21.984998164711982,0.8058652945831803
blue_wing,32,19.0,23.218297882140334,0.7752312008548075
blue_wing,33,16.0,21.424927330974626,0.813433115878452
blue_wing,34,18.0,20.829216580792195,0.7914392201946321
blue_wing,35,15.0,18.524098955353463,0.789292135574184
blue_wing,36,15.0,17.575675496448312,0.8037610584312511
blue_wing,37,22.0,20.87133042082795,0.786859364999269
blue_wing,38,15.0,19.428451548966766,0.7884360977895388
blue_wing,39,22.0,17.150302047967585,0.8162039830976148
blue_wing,40,22.0,17.217439847608727,0.796383639774513
blue_wing,41,23.0,21.98564038018289,0.7859712994105699
blue_wing,42,20.0,21.561569617267168,0.830874172442716
blue_wing,43,16.0,19.038252239028896,0.7897741209688616
blue_wing,44,18.0,18.602303706559535,0.8048551642702346
blue_wing,45,19.0,20.975696509918624,0.7800832554975135
blue_wing,46,16.0,20.88369114409984,0.7923859273323323
blue_wing,47,22.0,20.982784051334672,0.8150839708788027
blue_wing,48,23.0,18.580391373839063,0.7975908390730644
blue_wing,49,19.0,17.112391714332578,0.7828282720028441
blue_wing,50,16.0,18.54892166634957,0.8226178195461136
blue_wing,51,21.0,23.32372650495524,0.8024437013297467
blue_wing,52,22.0,19.07037867146736,0.7829979652589953
blue_wing,53,18.0,18.60090782057989,0.7945349372574411
blue_wing,54,21.0,19.48928959258111,0.7751083426521335
blue_wing,55,17.0,20.01178376407857,0.7941730723285819
blue_wing,56,23.0,21.351610949430473,0.7943629179750811
blue_wing,57,21.0,17.60366472455796,0.7903614693051324
blue_wing,58,17.0,20.072600613225994,0.7926837080794531
blue_wing,59,14.0,17.586471357940884,0.7828902985973542
blue_wing,60,23.0,20.9169102418724,0.7887509567719313
blue_wing,61,17.0,18.987693112982544,0.7896844730804349
blue_wing,62,23.0,20.068803101946195,0.8027477529874611
blue_wing,63,18.0,17.584294286521395,0.8009338719473065
blue_wing,64,18.0,18.527091861754844,0.7878563784657034
blue_wing,65,18.0,20.847941987078688,0.76928910791267
blue_wing,66,18.0,18.527126492630543,0.7956942147692048
blue_wing,67,16.0,18.991953345619798,0.8020029352986311
blue_wing,68,15.0,18.440778525976175,0.8265940996831233
blue_wing,69,16.0,17.141028477490806,0.7744913891431046
blue_wing,70,15.0,17.180790931069,0.8218799952220166
blue_wing,71,22.0,20.884663607647177,0.7907234300776711
blue_wing,72,18.0,15.669636917087372,0.8106548882607137
blue_wing,73,19.0,17.63907643160891,0.7934135547908694
blue_wing,74,26.0,19.626602839892982,0.8054375686236123
blue_wing,75,19.0,19.44088765876071,0.8017679320372204
blue_wing,76,18.0,18.05302637844153,0.8002984376603942
blue_wing,77,20.0,20.411707176803024,0.7945204475401273
blue_wing,78,19.0,19.09423117919354,0.8019585170552566
blue_wing,79,27.0,24.489682036545513,0.7802009100917102
blue_wing,80,22.0,20.460720963328164,0.8112954387927241
blue_wing,81,19.0,23.671099386129804,0.8146335598861806
blue_wing,82,22.0,20.5318745001018,0.7840483123132829
blue_wing,83,16.0,18.0806008089815,0.8315068306813653
blue_wing,84,16.0,18.030615961587184,0.815987843495767
blue_wing,85,19.0,18.978091379451975,0.7928808656258415
blue_wing,86,19.0,15.523937437471817,0.7858254429569813
blue_wing,87,22.0,18.545651521278874,0.7948085072354116
blue_wing,88,23.0,17.24436276560863,0.7861841845252862
blue_wing,89,19.0,20.508087609911897,0.812378792336644
blue_wing,90,18.0,18.36007794438193,0.7914428546348437
blue_wing,91,19.0,18.524307796960855,0.7964448459447646
blue_wing,92,16.0,21.228562596357662,0.8070820351593324
blue_wing,93,16.0,19.35988761861379,0.7718403051098925
blue_wing,94,24.0,19.2141287632476,0.8189244508623735
blue_wing,95,17.0,19.027582266421938,0.773897380576011
blue_wing,96,19.0,19.876268827729234,0.7709064127501992
blue_wing,97,17.0,16.60043037649361,0.7908764056191103
blue_wing,98,18.0,17.614911034909756,0.812303743116985
blue_wing,99,22.0,19.613786444146832,0.8016479086541121
blue_wing,100,19.0,18.093765870203992,0.8136836176670916
blue_wing,101,19.0,19.947208798764127,0.8380312857581639
blue_wing,102,22.0,17.2972856266907,0.8008461528836973
blue_wing,103,18.0,16.096736314972716,0.8002525433174754
blue_wing,104,19.0,18.11189546723997,0.7875546928123708
blue_wing,105,21.0,15.376641960654178,0.814989405210806
blue_wing,106,22.0,20.530680034435278,0.808018772938492
blue_wing,107,17.0,19.48246216006061,0.8058941718026551
blue_wing,108,16.0,19.52834945898754,0.7902398119813511
blue_wing,109,17.0,19.45207378069927,0.7984521919373893
blue_wing,110,17.0,17.6075101230259,0.7987796605066633
blue_wing,111,18.0,19.49887755745683,0.8038130125244958
blue_wing,112,22.0,19.071971966727283,0.8097180401028228
blue_wing,113,17.0,20.046009478215456,0.8075049927204967
blue_wing,114,19.0,21.89657710323284,0.8026258461112358
blue_wing,115,22.0,23.680512527569114,0.8054234270039229
blue_wing,116,22.0,20.507426087311813,0.78256480722785
blue_wing,117,18.0,18.57497689911246,0.7988925504751356
blue_wing,118,19.0,21.32525645987061,0.8091395124464961
blue_wing,119,19.0,23.522161492014835,0.8234474359400381
blue_wing,120,16.0,19.455727626063783,0.7783425312630159
blue_wing,121,22.0,17.494870500689192,0.7902054116591636
blue_wing,122,19.0,19.51016071745612,0.7970004183380288
blue_wing,123,19.0,18.999580736303997,0.7822123985043585
blue_wing,124,19.0,18.585744954557953,0.8094144540852874
blue_wing,125,15.0,17.96766192294253,0.8080291941115196
blue_wing,126,22.0,21.93568503284557,0.7927847665667251
blue_wing,127,27.0,22.02551685471028,0.7961557446442882
blue_wing,128,20.0,19.56548469440007,0.8203022443520577
blue_wing,129,13.0,16.9630615325743,0.7953197872633937
blue_wing,130,22.0,20.97371962153569,0.8042373380139792
blue_wing,131,19.0,17.629873025992847,0.7976299477273139
blue_wing,132,21.0,20.454179077379408,0.8031728134601704
blue_wing,133,22.0,22.259104814361983,0.8090890487515671
blue_wing,134,19.0,19.91011322353942,0.8001104977069384
blue_wing,135,22.0,20.866815292864572,0.8062461504692919
blue_wing,136,21.0,20.47259387769497,0.7912404836190643
blue_wing,137,20.0,18.504755948852285,0.8136371259829853
blue_wing,138,15.0,19.718241049950358,0.7930431421621523
blue_wing,139,16.0,17.586954414330034,0.8349549488285306
blue_wing,140,19.0,18.97372589151005,0.8030675373189387
blue_wing,141,21.0,18.568998065066566,0.8012858327694554
blue_wing,142,21.0,20.449515222649914,0.7684977858339248
blue_wing,143,23.0,20.97731991430586,0.800961755626695
blue_wing,144,22.0,19.023126433430043,0.798524448521914
blue_wing,145,22.0,19.045192859701494,0.8029411005033522
blue_wing,146,15.0,13.735161614096913,0.796037786163174
blue_wing,147,18.0,18.985004354603767,0.8024199815183639
blue_wing,148,15.0,17.112467612710432,0.7980817877525515
blue_wing,149,19.0,17.021691929131155,0.8050934977013263
blue_wing,150,16.0,18.04594162092885,0.8295401845905297
blue_wing,151,19.0,21.42450954422183,0.8065035399254372
blue_wing,152,21.0,20.953373137468255,0.7846660101995272
blue_wing,153,16.0,20.897337510995747,0.7934802858968405
blue_wing,154,15.0,17.492102789766072,0.7765345521572447
blue_wing,155,20.0,19.442297437133966,0.7991225318391775
blue_wing,156,22.0,18.527182326375318,0.7853691815705148
blue_wing,157,21.0,17.740960298779342,0.8176539350021464
blue_wing,158,22.0,18.142811252369516,0.802553924307774
blue_wing,159,21.0,20.959970265734462,0.7877158588626897
blue_wing,160,13.0,18.08308030291353,0.8137650918264601
blue_wing,161,20.0,17.99160254232752,0.7946487386217611
blue_wing,162,17.0,18.053151179274,0.8028212379012698
blue_wing,163,23.0,20.39301528500568,0.7857752322042975
blue_wing,164,21.0,20.09936303333637,0.7732224386616773
blue_wing,165,15.0,19.584818791348372,0.8073200315631932
blue_wing,166,22.0,19.524792848643585,0.7882351347696998
blue_wing,167,19.0,19.02855537356783,0.8117039157512788
blue_wing,168,22.0,20.44829404796241,0.7803371738282079
blue_wing,169,17.0,15.56622795620417,0.7929376370339278
blue_wing,170,22.0,19.552811057662154,0.8083419432182748
blue_wing,171,20.0,19.930024199562798,0.8174322085220642
blue_wing,172,19.0,20.442892317822462,0.818013579226615
blue_wing,173,18.0,17.04751762584557,0.8026233063497841
blue_wing,174,20.0,21.430276943284706,0.815899759711444
blue_wing,175,21.0,23.366730963615513,0.7692322939877962
blue_wing,176,19.0,21.414432402119132,0.8070387499429943
blue_wing,177,21.0,18.174357253159428,0.8001187728388427
blue_wing,178,18.0,18.470660357731827,0.7897867195689292
blue_wing,179,22.0,21.33838890332072,0.8115499807036157
blue_wing,180,24.0,20.501795215923384,0.8158836715781961
blue_wing,181,21.0,19.41189656705868,0.8188110673747335
blue_wing,182,22.0,20.574041591998647,0.8024332852168481
blue_wing,183,20.0,21.431691337143118,0.7813752466017438
blue_wing,184,18.0,18.86336994922175,0.7802273256682464
blue_wing,185,22.0,20.855399500863058,0.8146937474468284
blue_wing,186,21.0,17.045303191565615,0.7948692861314216
blue_wing,187,20.0,19.568564520289126,0.7961888685868967
blue_wing,188,19.0,19.855278945135165,0.8069340246694596
blue_wing,189,19.0,19.448039029814566,0.7953807161930875
blue_wing,190,20.0,19.549459149626898,0.7972310661805124
blue_wing,191,22.0,19.911286294025903,0.7914525560742057
blue_wing,192,16.0,20.375923809164245,0.7825539561306094
blue_wing,193,20.0,20.40576967574093,0.7916497862508025
blue_wing,194,20.0,19.47357779658682,0.7837876564863204
blue_wing,195,15.0,17.560206036139228,0.8075103218233068
blue_wing,196,19.0,18.47226407418256,0.8062161980868219
blue_wing,197,20.0,21.91447338836049,0.7970354174519036
blue_wing,198,16.0,16.491767511351092,0.8087307764407385
blue_wing,199,23.0,20.466361576595506,0.8021542704447113
blue_wing,200,15.0,16.545269565313927,0.7884906064740944
blue_wing,201,20.0,18.981552406647435,0.7840770002708588
blue_wing,202,21.0,18.67678710878233,0.7822768931431665
blue_wing,203,19.0,20.48282331520619,0.8160751566902826
blue_wing,204,16.0,16.61938759959657,0.7983254721905118
blue_wing,205,22.0,22.007659349610627,0.7525624749802229
blue_wing,206,23.0,17.467523462091204,0.7880907483784472
blue_wing,207,18.0,20.774663645033172,0.7987961616773274
blue_wing,208,21.0,21.34013092198363,0.7847324301569303
blue_wing,209,19.0,19.87983724524123,0.8214873810765836
blue_wing,210,21.0,18.60759328461205,0.7776709120425431
blue_wing,211,16.0,17.554883316435056,0.8224908619114796
blue_wing,212,20.0,18.99032888996023,0.7725697868976007
blue_wing,213,20.0,20.917032355721595,0.7914314287630015
blue_wing,214,20.0,21.11688242340017,0.8040126101850087
blue_wing,215,19.0,19.009780678649108,0.7993980994917632
blue_wing,216,17.0,19.449082143826555,0.805620818854218
blue_wing,217,23.0,22.44515589961211,0.8027637022795522
blue_wing,218,20.0,19.992713022488513,0.7864354202662163
blue_wing,219,24.0,20.12084683519163,0.7892025842182031
blue_wing,220,14.0,17.97915969827303,0.8005970914131446
blue_wing,221,15.0,18.508626405664202,0.7695379302178063
blue_wing,222,24.0,20.557030764307942,0.7708760121160964
blue_wing,223,24.0,18.666965503724573,0.793557047132823
blue_wing,224,15.0,17.46603770581534,0.8021488006906354
blue_wing,225,19.0,17.642487901974246,0.7860885253394779
blue_wing,226,22.0,20.599470415082177,0.8043270195444545
blue_wing,227,16.0,17.01309280023032,0.7906227141325889
blue_wing,228,19.0,19.975772128627362,0.7938868831337624
blue_wing,229,17.0,19.532595869228935,0.7783009389537583
blue_wing,230,18.0,20.98452203794277,0.802428897006542
blue_wing,231,23.0,20.016839005787375,0.7558787590331563
blue_wing,232,16.0,19.294990105668518,0.7797223819714851
blue_wing,233,19.0,19.058210214805268,0.7946126603030903
blue_wing,234,15.0,20.94592968644979,0.7835120783178697
blue_wing,235,19.0,17.995683955794245,0.8136915948477057
blue_wing,236,21.0,19.007049619643663,0.7863374022947272
blue_wing,237,27.0,24.711824706734518,0.7945232859794794
blue_wing,238,22.0,18.00615902576796,0.8248452289562563
blue_wing,239,16.0,16.513711324371098,0.7801771809919964
blue_wing,240,15.0,18.45963411746657,0.7923467461168285
blue_wing,241,23.0,23.249617929621188,0.8138523797598805
blue_wing,242,15.0,18.567053485946513,0.8164187295948727
blue_wing,243,17.0,19.884392561267383,0.7858216937446114
blue_wing,244,18.0,18.59529631652785,0.7973672320463729
blue_wing,245,22.0,19.9172207252626,0.8204009286345129
blue_wing,246,20.0,20.47934878790341,0.813678357891816
blue_wing,247,22.0,20.450467108001074,0.8088292908265997
blue_wing,248,19.0,20.326560207279456,0.7658095311591372
blue_wing,249,21.0,19.05112220765135,0.8052640315771334
blue_wing,250,22.0,20.378053126208453,0.8145393533528593
blue_wing,251,19.0,19.465675090334912,0.7925875904137969
blue_wing,252,15.0,17.054864573926945,0.7940762619646089
blue_wing,253,16.0,19.417273425791734,0.8020567244083523
blue_wing,254,14.0,17.063093154048964,0.7937303215897142
blue_wing,255,15.0,17.574008638739475,0.7869261952671529
blue_wing,256,20.0,23.771787836003195,0.811184884931333
blue_wing,257,17.0,20.39389434580291,0.8044626195735343
blue_wing,258,19.0,19.535771316961718,0.8131646847390674
blue_wing,259,20.0,20.92122190008957,0.8175502484653592
blue_wing,260,16.0,18.955305665321795,0.8205407489111687
blue_wing,261,22.0,20.532402753002177,0.7995233544060905
blue_wing,262,16.0,19.43094431645419,0.8007437140473878
blue_wing,263,15.0,18.02835875300725,0.7801811324463734
blue_wing,264,15.0,18.50188496552212,0.796196260347205
blue_wing,265,15.0,17.505814615667685,0.7974420438861385
blue_wing,266,19.0,18.083657623411757,0.7913539572961088
blue_wing,267,16.0,18.926710783456606,0.7819827856072584
blue_wing,268,17.0,19.06398332469092,0.7794245575657001
blue_wing,269,18.0,18.09101707513911,0.7844726113578029
blue_wing,270,19.0,20.38487748980799,0.7897142040432463
blue_wing,271,15.0,19.96769749860331,0.787155206720007
blue_wing,272,23.0,19.592992568114294,0.8110419201029374
blue_wing,273,21.0,19.885337706128155,0.7936531592786746
blue_wing,274,18.0,16.653715888403802,0.8052762551028889
blue_wing,275,19.0,19.10315917186685,0.8029393907500386
blue_wing,276,22.0,21.263977602782983,0.7782942792415677
blue_wing,277,17.0,18.583411449509544,0.7811272215687997
blue_wing,278,19.0,20.121906322785467,0.8117197287843856
blue_wing,279,17.0,20.34390243559998,0.8065189457801172
blue_wing,280,21.0,17.950887790175543,0.7856271224211542
blue_wing,281,23.0,22.49233684452133,0.787453861513201
blue_wing,282,21.0,19.077915890712124,0.8258787948830599
blue_wing,283,19.0,15.535942018992248,0.7813634487194303
blue_wing,284,15.0,18.548124649308622,0.8023240931355659
blue_wing,285,20.0,18.90120552552992,0.7984031113778158
blue_wing,286,22.0,17.62991555656648,0.7916451721997292
blue_wing,287,18.0,17.10939805182028,0.8125511393552287
blue_wing,288,21.0,20.462616175863506,0.8277635820956262
blue_wing,289,22.0,17.678973322580614,0.7934954283557999
blue_wing,290,23.0,20.98826381973834,0.8126686221598345
blue_wing,291,20.0,20.38419550972535,0.80821126357652
blue_wing,292,22.0,21.02871381174585,0.7959003364076984
blue_wing,293,19.0,18.502613919637103,0.8320395961847666
blue_wing,294,17.0,18.9846740353105,0.8070844425267394
blue_wing,295,15.0,22.73964687051016,0.7916318058143761
blue_wing,296,23.0,21.809643569104406,0.7953977786234945
blue_wing,297,20.0,19.5911280561944,0.8079463691828499
blue_wing,298,18.0,18.988324239060717,0.8034164350743163
blue_wing,299,21.0,18.1552782173508,0.7899719572094572
blue_wing,300,20.0,20.465111869111386,0.7817001291608712
blue_wing,301,14.0,18.36819854165019,0.8023392014154838
blue_wing,302,22.0,23.24135525417503,0.8157900370568889
blue_wing,303,19.0,18.95757979557111,0.7868443848701285
blue_wing,304,23.0,20.99909078866564,0.7936416847351537
blue_wing,305,15.0,17.182182095218266,0.80109542004444
blue_wing,306,22.0,18.62659968832064,0.8030924282450447
blue_wing,307,21.0,21.42620691582711,0.7969379118212565
blue_wing,308,24.0,21.984665002980254,0.8199184743747734
blue_wing,309,16.0,20.301575713360176,0.8156009661945176
blue_wing,310,22.0,23.319246319641078,0.8085772662245654
blue_wing,311,20.0,18.526024396037727,0.7949420756198202
blue_wing,312,18.0,17.5080100281722,0.802676917602144
blue_wing,313,22.0,18.617018308341365,0.810921284555139
blue_wing,314,21.0,20.464292884277146,0.7830291039460837
blue_wing,315,15.0,19.909206245853824,0.8212796486363547
blue_wing,316,16.0,21.475482392664848,0.7737656948976434
blue_wing,317,20.0,20.0408455853029,0.7901364003446599
blue_wing,318,20.0,19.12378312971088,0.7941825803279348
blue_wing,319,18.0,17.4954993615306,0.7833119114877474
blue_wing,320,19.0,19.345854379690987,0.7976002769488741
blue_wing,321,16.0,21.38525225692272,0.7907133466469767
blue_wing,322,16.0,18.131733782121508,0.7871361366803125
blue_wing,323,22.0,18.493402206801044,0.7852920258067548
blue_wing,324,17.0,17.62829858982159,0.7996244757891172
blue_wing,325,21.0,18.62992554387428,0.7881092254952167
blue_wing,326,15.0,18.886993798727577,0.7834510662482328
blue_wing,327,21.0,19.036214364973816,0.8003580151281198
blue_wing,328,23.0,19.497178273531283,0.8046797761130563
blue_wing,329,16.0,17.05587115306261,0.7847905815907982
blue_wing,330,23.0,21.021259454029774,0.7808874189377855
blue_wing,331,20.0,16.69207703207318,0.8230534516755859
blue_wing,332,22.0,21.04925231319993,0.8035583157260695
blue_wing,333,23.0,21.03611203377641,0.8072846575188866
blue_wing,334,21.0,21.769051635592422,0.8176126174144316
blue_wing,335,19.0,19.94795729063675,0.8126621629137902
blue_wing,336,22.0,20.024025428318268,0.7895576769768307
blue_wing,337,23.0,17.200333960410767,0.8011701306962231
blue_wing,338,19.0,19.488089583477205,0.7958561645588581
blue_wing,339,23.0,21.97246260083247,0.7588699323266357
blue_wing,340,17.0,19.468669804023005,0.8091836397566323
blue_wing,341,14.0,17.1841200854396,0.7827458174554476
blue_wing,342,20.0,21.876996447659703,0.8218556134761621
blue_wing,343,21.0,18.47707281986127,0.8194681205385481
blue_wing,344,19.0,16.088054651444587,0.7988560575931819
blue_wing,345,14.0,18.50307603830147,0.7846527937080874
blue_wing,346,19.0,18.93519423343506,0.7918679616739992
blue_wing,347,23.0,17.205927942173147,0.8112533651321459
blue_wing,348,22.0,18.070440037545513,0.8037288176823527
blue_wing,349,22.0,20.828974403849482,0.7940696780414989
blue_wing,350,18.0,19.989388641797966,0.795480039532906
blue_wing,351,22.0,18.58395476207009,0.7729666209916246
blue_wing,352,15.0,17.623960579665372,0.8204470010316338
blue_wing,353,18.0,19.10612366198902,0.7762980505867201
blue_wing,354,16.0,17.005273248679504,0.7864820117923623
blue_wing,355,17.0,19.38417423911767,0.7787636480461118
blue_wing,356,19.0,18.552409253157162,0.7946987948330132
blue_wing,357,21.0,18.04359175024566,0.7946527214237942
blue_wing,358,14.0,19.096401216642153,0.7940638032361049
blue_wing,359,23.0,19.649760905478633,0.7961074868305962
blue_wing,360,22.0,20.049119783747898,0.8098555414975768
blue_wing,361,18.0,19.5686567100372,0.8017942030280099
blue_wing,362,15.0,17.576901541455833,0.7764847426647852
blue_wing,363,23.0,21.012378031450016,0.7911064618552074
blue_wing,364,23.0,17.603930179995242,0.7894907823130874
blue_wing,365,18.0,19.92333265330477,0.7784853372691847
blue_wing,366,23.0,21.356936890429704,0.7867098865476552
blue_wing,367,21.0,19.93962968785743,0.7887816305111792
blue_wing,368,15.0,19.39765411518206,0.8097251161491115
blue_wing,369,15.0,15.11130023727306,0.8043470240574186
blue_wing,370,16.0,19.45423655082222,0.7962840582383925
blue_wing,371,27.0,21.475575372330365,0.7845446921142334
blue_wing,372,22.0,18.111751571655248,0.8066550238360083
blue_wing,373,16.0,18.02801184954227,0.8286188622851512
blue_wing,374,21.0,17.643485320123617,0.8119730881729252
blue_wing,375,19.0,17.977465370732624,0.7973979689602437
blue_wing,376,20.0,19.9844445264168,0.7925858936511143
blue_wing,377,20.0,17.677285322643215,0.8343752614059383
blue_wing,378,19.0,19.949602474773954,0.78876886678785
blue_wing,379,18.0,20.063945535508125,0.795188756977935
blue_wing,380,21.0,19.90963380227539,0.7794561641402942
blue_wing,381,22.0,19.09194434886472,0.7893474774787144
blue_wing,382,22.0,20.57838148742248,0.8140929457565311
blue_wing,383,19.0,18.035794089296367,0.7922746918225986
blue_wing,384,22.0,19.441120024749022,0.8039065019008588
blue_wing,385,16.0,15.680909114677029,0.8089094966249888
blue_wing,386,16.0,19.940973738607582,0.8002427182344284
blue_wing,387,21.0,18.17855856166755,0.809922091918857
blue_wing,388,20.0,21.363236186275405,0.8157738256381903
blue_wing,389,16.0,19.012727380051807,0.7997870732489436
blue_wing,390,17.0,18.62884192657315,0.8041920053900593
blue_wing,391,21.0,18.010166152121332,0.7795416119633622
blue_wing,392,16.0,18.083685458651697,0.82134374942863
blue_wing,393,19.0,18.125614950894207,0.7804829001076419
blue_wing,394,23.0,22.46074913231722,0.8285626075416845
blue_wing,395,19.0,18.915824789699673,0.7831117174110269
blue_wing,396,16.0,18.49405792334015,0.7722293496527021
blue_wing,397,16.0,19.448800124704096,0.8160646444309322
blue_wing,398,18.0,19.057083448865022,0.7878022193043142
blue_wing,399,15.0,19.404674488140643,0.7806573729803877
blue_wing,400,21.0,18.025925667909775,0.7946573030184507
blue_wing,401,17.0,17.537956789295432,0.7994105543065773
blue_wing,402,16.0,19.882478201708786,0.8054679627137706
blue_wing,403,23.0,20.032749542132667,0.7864174416656238
blue_wing,404,18.0,17.54423839333884,0.7873741863217738
blue_wing,405,22.0,18.00695773417744,0.7988143328029723
blue_wing,406,19.0,20.93657807114287,0.7939336686873328
blue_wing,407,23.0,20.542736415841034,0.8000639737461839
blue_wing,408,22.0,20.49766885231292,0.8108592841418992
blue_wing,409,22.0,19.508406192770032,0.7803368819819052
blue_wing,410,16.0,18.023555653912045,0.800122672667374
blue_wing,411,23.0,18.964802816392183,0.80457718211292
blue_wing,412,23.0,22.86844323131982,0.7981016303483699
blue_wing,413,21.0,18.50069956705643,0.7892264789004872
blue_wing,414,19.0,18.54192085784489,0.8001734515167542
blue_wing,415,19.0,20.01774551332432,0.7769746704575777
blue_wing,416,20.0,18.206581824434558,0.7780945086712006
blue_wing,417,21.0,18.129014260194143,0.7874891403246227
blue_wing,418,18.0,20.06623130868394,0.7904284180883112
blue_wing,419,19.0,19.507058092739307,0.7487204202873274
blue_wing,420,15.0,18.88482242812592,0.8219906426851672
blue_wing,421,21.0,20.555404070431482,0.786314273414578
blue_wing,422,16.0,15.977803120427762,0.7855951128036209
blue_wing,423,16.0,19.942608668863297,0.8033312827928676
blue_wing,424,23.0,18.991188066042344,0.8092156984881962
blue_wing,425,22.0,22.356108059005585,0.792133080903966
blue_wing,426,20.0,19.573781624332824,0.818041353978376
blue_wing,427,17.0,18.95860108703341,0.8010085229295145
blue_wing,428,21.0,19.05266693845661,0.8075577838557653
blue_wing,429,21.0,19.462706617010216,0.7993702368740152
blue_wing,430,20.0,17.572324661677662,0.7963468059390125
blue_wing,431,22.0,18.55307531879355,0.810210571522152
blue_wing,432,20.0,20.9249349220094,0.8184714128329326
blue_wing,433,19.0,18.50247755331514,0.7798878945797
blue_wing,434,14.0,16.641742714179678,0.8038949153601731
blue_wing,435,22.0,19.446512365102638,0.7849609949307282
blue_wing,436,24.0,20.403524482724226,0.7782321720219303
blue_wing,437,18.0,19.461041587620908,0.8000750909839942
blue_wing,438,23.0,20.907939851460142,0.8136031057567517
blue_wing,439,16.0,21.29921424781654,0.7814486599047487
blue_wing,440,21.0,20.918099438807864,0.810462895056774
blue_wing,441,20.0,18.867112867715758,0.779886412629285
blue_wing,442,21.0,21.792351394114892,0.7953153623791516
blue_wing,443,22.0,20.92364940460778,0.8203205572052531
blue_wing,444,19.0,18.974936598117548,0.8020598576528065
blue_wing,445,20.0,19.637126073312405,0.8091402814402391
blue_wing,446,22.0,20.56588485881649,0.8264347846492568
blue_wing,447,18.0,19.363598367113774,0.7987113116412127
blue_wing,448,19.0,19.50259863324434,0.7800974471171559
blue_wing,449,22.0,17.566660992021852,0.813504543020968
blue_wing,450,15.0,18.036631294319385,0.7870325527205848
blue_wing,451,20.0,19.0933615048576,0.7913503189869044
blue_wing,452,19.0,18.513988264950978,0.8159352873191621
blue_wing,453,15.0,17.510207685349688,0.7908242648500412
blue_wing,454,15.0,19.03594771206222,0.7641765304920307
blue_wing,455,17.0,16.171747508622275,0.7786199951681942
blue_wing,456,18.0,18.039606398973618,0.8201523440810792
blue_wing,457,18.0,17.95852202051619,0.8080361382527925
blue_wing,458,18.0,20.89624916748302,0.7737800926246539
blue_wing,459,19.0,18.519551873630373,0.7906720507547871
blue_wing,460,20.0,19.0244084796967,0.8000814955917646
blue_wing,461,19.0,18.087629134985967,0.7645861273227594
blue_wing,462,20.0,17.59149893631283,0.7935098409194733
blue_wing,463,19.0,18.978512176822537,0.7969847011047803
blue_wing,464,18.0,18.60752749035302,0.8260444478729321
blue_wing,465,19.0,18.172200668295076,0.8152357361738247
blue_wing,466,22.0,19.039018363919837,0.790981948143028
blue_wing,467,22.0,23.218439950777533,0.8025414018966613
blue_wing,468,19.0,18.93097828820539,0.8082591900711535
blue_wing,469,21.0,20.895282700545803,0.8012353997572692
blue_wing,470,17.0,18.42326185733668,0.7802346654563109
blue_wing,471,17.0,17.477946443929437,0.794237387103238
blue_wing,472,23.0,19.58312235143602,0.8217908670734515
blue_wing,473,24.0,21.98226697673227,0.7889154130729841
blue_wing,474,24.0,22.019239545799827,0.7970310043460722
blue_wing,475,19.0,21.884353288044334,0.7972938112673414
blue_wing,476,20.0,19.921449609707288,0.7757364701417631
blue_wing,477,20.0,19.507949131826567,0.810934824283851
blue_wing,478,15.0,19.40487998753109,0.8059248327053807
blue_wing,479,19.0,18.07888825852898,0.7895729741737743
blue_wing,480,23.0,22.949352399624225,0.789698415491086
blue_wing,481,23.0,23.29459888040493,0.7972294724854851
blue_wing,482,19.0,18.99614692356568,0.7912442613997952
blue_wing,483,20.0,22.422382446050946,0.8227412870686102
blue_wing,484,18.0,20.04534240990654,0.8146842100031106
blue_wing,485,17.0,20.01514725515087,0.8073052849354055
blue_wing,486,19.0,19.0517988350015,0.8038363332363792
blue_wing,487,20.0,18.55339053258874,0.7858592795787113
blue_wing,488,21.0,18.568469118975475,0.8067702111904245
blue_wing,489,15.0,17.12549763815762,0.8209292289416842
blue_wing,490,24.0,22.88754377929526,0.8205535962625576
blue_wing,491,19.0,18.94271601690182,0.8241987739853733
blue_wing,492,19.0,18.959232732611923,0.80539689751283
blue_wing,493,18.0,19.447632789373927,0.81499780802412
blue_wing,494,21.0,18.968865187747696,0.7914881384677611
blue_wing,495,19.0,17.661693133488583,0.7889409271335373
blue_wing,496,16.0,19.43295504104454,0.8083039288657806
blue_wing,497,17.0,19.95956359899119,0.8214128293761939
blue_wing,498,19.0,18.04460272869015,0.8274714161047487
blue_wing,499,14.0,18.525040079557648,0.7980052024020008
blue_wing,500,23.0,20.127338989468875,0.8100415086590456
blue_wing,501,13.0,15.551083215104635,0.8083225441580657
blue_wing,502,25.0,20.62713102504066,0.817462990823532
blue_wing,503,19.0,18.587613823285306,0.7914668435912499
blue_wing,504,22.0,21.022644219673236,0.7949975030644993
blue_wing,505,23.0,18.589883681672486,0.8120847742169168
blue_wing,506,15.0,19.421572117515794,0.8251387883559567
blue_wing,507,20.0,19.49817573969256,0.8011570402090215
blue_wing,508,16.0,18.83415940331326,0.7877957106075455
blue_wing,509,19.0,20.494173494896938,0.8059424849875669
blue_wing,510,19.0,18.017502122836042,0.7920648052905033
blue_wing,511,21.0,19.514004325048006,0.7959248657080857
blue_wing,512,16.0,17.95446185113092,0.7884209870048904
blue_wing,513,17.0,18.481564182294186,0.8178903693537781
blue_wing,514,23.0,18.56431432877946,0.8253612449404841
blue_wing,515,20.0,19.541430075699726,0.7833634896275347
blue_wing,516,23.0,17.532304929427834,0.7762958114507403
blue_wing,517,21.0,19.031079667622,0.798553587083922
blue_wing,518,16.0,17.605469985191316,0.7789723393667791
blue_wing,519,24.0,20.525872140922278,0.7746124494442389
blue_wing,520,24.0,17.5925657066788,0.7878666627163806
blue_wing,521,19.0,19.114685553896123,0.8075007652244504
blue_wing,522,20.0,21.49339900166639,0.7787241656122323
blue_wing,523,15.0,19.409884397313977,0.7717542336020056
blue_wing,524,25.0,20.991802478271993,0.7747524433373593
blue_wing,525,23.0,19.580268470883397,0.805100604380458
blue_wing,526,23.0,18.578970641444222,0.7980037216830155
blue_wing,527,19.0,18.587348331572777,0.7809102388747979
blue_wing,528,20.0,20.09410718130206,0.805054571769731
blue_wing,529,20.0,21.358848372565294,0.7985844911410389
blue_wing,530,18.0,21.346405587140413,0.8008254204215617
blue_wing,531,22.0,18.60490948920241,0.7812165881930762
blue_wing,532,22.0,16.68956215263623,0.8055618968306475
blue_wing,533,18.0,20.004268216112326,0.8083326422816643
blue_wing,534,19.0,18.139206266001512,0.7888362563182847
blue_wing,535,18.0,17.670166280245795,0.7991414188001713
blue_wing,536,21.0,18.094122664915975,0.7879613770670799
blue_wing,537,19.0,18.961863813579768,0.7995255369953089
blue_wing,538,22.0,22.258073738019963,0.7826640117981185
blue_wing,539,24.0,24.142439224389896,0.7959565490523832
blue_wing,540,21.0,18.967823341963793,0.7937707918729768
blue_wing,541,22.0,20.924379446405524,0.797526686200269
blue_wing,542,24.0,16.84171818731482,0.7937169938437276
blue_wing,543,18.0,18.950297132541483,0.8018760137369483
blue_wing,544,18.0,19.97239196366586,0.8100913255289334
blue_wing,545,22.0,20.58512640881214,0.7905763397712602
blue_wing,546,23.0,21.362234771530723,0.7866991552953007
blue_wing,547,20.0,18.12279318503998,0.805860900794106
blue_wing,548,20.0,19.02248605821245,0.7876737186868519
blue_wing,549,22.0,22.385894658824256,0.8189465266229861
blue_wing,550,22.0,18.213476145999557,0.8108056430761961
blue_wing,551,21.0,17.685122346488324,0.7968518787912866
blue_wing,552,23.0,18.518445477126356,0.8121726095525104
blue_wing,553,22.0,19.068015770623045,0.7894368491102325
blue_wing,554,16.0,17.962866417997283,0.7851406538659621
blue_wing,555,18.0,19.00400073158488,0.8028283659456745
blue_wing,556,16.0,18.030356868321224,0.8122103337414183
blue_wing,557,15.0,16.961614986336247,0.7839962876284086
blue_wing,558,23.0,20.38333389913316,0.7637949752382388
blue_wing,559,19.0,20.493969953143836,0.8169658223134246
blue_wing,560,15.0,20.44953681935784,0.7775506668626577
blue_wing,561,18.0,18.52844352639062,0.7765637674818812
blue_wing,562,19.0,20.443443470623283,0.7948653545759581
blue_wing,563,20.0,20.88019657917135,0.7985263505659045
blue_wing,564,16.0,18.919971568806897,0.7961057378900629
blue_wing,565,21.0,18.07321565044204,0.8199164385799571
blue_wing,566,16.0,17.958910306107498,0.7995912203798867
blue_wing,567,22.0,18.87039146030201,0.7832464406449593
blue_wing,568,19.0,16.670829155433182,0.7681755282670444
blue_wing,569,23.0,20.454538854346858,0.7865369425826123
blue_wing,570,21.0,19.583492407392285,0.7897601749987082
blue_wing,571,16.0,17.49572847955045,0.805536357133823
blue_wing,572,18.0,20.447870970593133,0.7925617900025972
blue_wing,573,18.0,22.34721866621678,0.8107839672455996
blue_wing,574,22.0,24.364886215114375,0.8042878619028387
blue_wing,575,18.0,19.511653576614428,0.7969550900099003
blue_wing,576,18.0,17.457959413307098,0.8064813342141006
blue_wing,577,24.0,20.902183455007304,0.812537671967623
blue_wing,578,22.0,18.200856491342986,0.8073172399378448
blue_wing,579,15.0,16.96952962568525,0.7979732539354096
blue_wing,580,23.0,19.60030212031795,0.8021066304586126
blue_wing,581,23.0,20.573915445685746,0.7955078272209363
blue_wing,582,20.0,18.96727049176835,0.7966440981633411
blue_wing,583,19.0,20.527355460119857,0.7963595958104118
blue_wing,584,15.0,18.512697396250633,0.8037246805623053
blue_wing,585,21.0,21.95431426225329,0.8013645119335795
blue_wing,586,21.0,19.983858015572416,0.810811503824796
blue_wing,587,20.0,19.556859815506723,0.8035866805540273
blue_wing,588,22.0,18.498137903668237,0.7948621762707775
blue_wing,589,19.0,17.59134636410271,0.8067952448504045
blue_wing,590,20.0,18.065383170499093,0.8008405160880979
blue_wing,591,16.0,17.100432415225985,0.7832323356149116
blue_wing,592,17.0,20.462053425895416,0.7819921069530367
blue_wing,593,18.0,17.54534804902674,0.7961326150038626
blue_wing,594,15.0,18.22495509319975,0.794135978852041
blue_wing,595,20.0,19.036663045094723,0.797901176599793
blue_wing,596,19.0,19.501510988274475,0.805146373245484
blue_wing,597,25.0,20.11617938083322,0.795514075049492
blue_wing,598,20.0,19.474543957005388,0.8161955836742987
blue_wing,599,23.0,20.06164092013024,0.8043511391248739
blue_wing,600,21.0,19.480192697701593,0.7926003770233354
blue_wing,601,24.0,20.581218642669405,0.8060178012273178
blue_wing,602,24.0,20.991130198185786,0.7950014576135801
blue_wing,603,19.0,19.491171032168776,0.7869013640256237
blue_wing,604,15.0,17.9916490797013,0.8200181758466389
blue_wing,605,18.0,20.520123588834338,0.796154375671132
blue_wing,606,16.0,20.54901377868287,0.8058166234770174
blue_wing,607,16.0,15.524993569777012,0.7985763246964193
blue_wing,608,15.0,17.888865935406983,0.7945805420316806
blue_wing,609,22.0,20.00207873196864,0.796197940445017
blue_wing,610,23.0,21.461796360876022,0.7846638779605339
blue_wing,611,14.0,18.34988584519152,0.7661218345672759
blue_wing,612,18.0,20.880620276053694,0.7993088422160184
blue_wing,613,19.0,18.548299194004365,0.7678838240651908
blue_wing,614,15.0,19.883846088936124,0.797517950698847
blue_wing,615,22.0,21.364573382380993,0.7841271020157232
blue_wing,616,20.0,18.56956068682837,0.7810411135403104
blue_wing,617,17.0,17.044224106432274,0.7928651280893353
blue_wing,618,22.0,19.50233633759258,0.7861116151270695
blue_wing,619,20.0,21.834175307934593,0.8226024377715854
blue_wing,620,22.0,20.44172335770731,0.7926669859274378
blue_wing,621,16.0,19.487147438679873,0.7964508241877299
blue_wing,622,15.0,18.356275516743928,0.7768548097026671
blue_wing,623,22.0,19.125355611536143,0.7889335373220429
blue_wing,624,24.0,20.538745018531106,0.811363183661821
blue_wing,625,20.0,17.667135838378147,0.8181997574678539
blue_wing,626,21.0,18.616083934335148,0.8003277562331419
blue_wing,627,19.0,19.995789403010914,0.818842734716773
blue_wing,628,18.0,17.643864618944487,0.8025207771327588
blue_wing,629,19.0,15.542751021601223,0.7785910095756315
blue_wing,630,19.0,18.626830420801124,0.7946039184072116
blue_wing,631,21.0,19.54338827552071,0.7950211283768849
blue_wing,632,22.0,23.787808893826703,0.7852572582616524
blue_wing,633,18.0,20.375431528336264,0.8217767279291768
blue_wing,634,20.0,18.545269682492616,0.796156943391088
blue_wing,635,22.0,22.200882011384362,0.7913190723497121
blue_wing,636,19.0,18.486645158273053,0.7980066064090701
blue_wing,637,16.0,19.008865509694463,0.8365861609223302
blue_wing,638,20.0,20.918653148459207,0.8090816820285831
blue_wing,639,25.0,20.549963803871695,0.8059344106764178
blue_wing,640,23.0,21.62059880295281,0.7949280411721922
blue_wing,641,20.0,18.025887067613546,0.7876286355843307
blue_wing,642,18.0,17.573844081067538,0.8275986358107845
blue_wing,643,20.0,18.22568422828224,0.7939134777884146
blue_wing,644,20.0,19.8798448421165,0.7924225952521151
blue_wing,645,21.0,19.540157444316936,0.7921624522336652
blue_wing,646,24.0,22.456040373938748,0.8001272417406313
blue_wing,647,19.0,21.385102975135766,0.7686589074114556
blue_wing,648,19.0,18.936423049890237,0.8235689681869547
blue_wing,649,17.0,16.718597997675786,0.7829599413606536
blue_wing,650,18.0,21.503148192165845,0.7996669581837237
blue_wing,651,19.0,18.13186644266384,0.8049228785890234
blue_wing,652,17.0,17.63619680494076,0.8265744462842494
blue_wing,653,24.0,21.930200015641695,0.817962040230477
blue_wing,654,19.0,21.44586135546476,0.800061969774457
blue_wing,655,19.0,18.625317908584357,0.7932056426421793
blue_wing,656,16.0,16.69797561664746,0.8127838980462962
blue_wing,657,19.0,19.075540544348865,0.815970316014134
blue_wing,658,18.0,18.5517419364809,0.822969555715648
blue_wing,659,21.0,20.041076338373127,0.7982699282255679
blue_wing,660,19.0,19.019409369084183,0.7910007478064058
blue_wing,661,19.0,19.49559547112055,0.8146385165622776
blue_wing,662,20.0,18.989336206782934,0.8105280747898898
blue_wing,663,24.0,23.061308567210556,0.7826893487789568
blue_wing,664,18.0,18.557893553009748,0.812623575211975
blue_wing,665,16.0,18.07942532452761,0.7953745329824249
blue_wing,666,22.0,19.14661512354728,0.784953927273365
blue_wing,667,15.0,18.98373382803813,0.761055145118317
blue_wing,668,16.0,20.416704117557526,0.7689164892233294
blue_wing,669,22.0,19.135025122351262,0.7832273544394319
blue_wing,670,18.0,18.503104206478103,0.8014541138926363
blue_wing,671,22.0,20.00791823898672,0.7977451198037779
blue_wing,672,16.0,19.939656278501673,0.8012839845795208
blue_wing,673,15.0,20.391590667528135,0.7965838968934826
blue_wing,674,14.0,18.508355371314156,0.8157484045068996
blue_wing,675,22.0,19.501524628653577,0.7838047669691177
blue_wing,676,18.0,19.933254244857647,0.7736065425342975
blue_wing,677,22.0,20.029137481336765,0.7905595685509192
blue_wing,678,17.0,19.461927058919727,0.8091421148756599
blue_wing,679,18.0,16.67870490233794,0.7731584567480194
blue_wing,680,17.0,19.486139280188205,0.8142524508392842
blue_wing,681,19.0,19.55536601287535,0.8002333546668621
blue_wing,682,23.0,20.319375024388982,0.7642572884091389
blue_wing,683,19.0,19.075038138650733,0.817961464496101
blue_wing,684,16.0,16.082551478567094,0.8142239582379243
blue_wing,685,19.0,16.640171501766773,0.8089543359468041
blue_wing,686,18.0,17.0693373667711,0.804613933184325
blue_wing,687,16.0,19.351213871565495,0.8137836116642703
blue_wing,688,16.0,20.004074027708736,0.7839800747700844
blue_wing,689,18.0,18.595800821945183,0.7919058942388165
blue_wing,690,19.0,16.55875773040577,0.8240821868362127
blue_wing,691,17.0,18.070920968233022,0.8003625246531608
blue_wing,692,16.0,18.092244495141674,0.7764298502720341
blue_wing,693,19.0,18.414133971311472,0.7905051250814638
blue_wing,694,16.0,17.94085152973689,0.7792345058368004
blue_wing,695,18.0,19.898048482617163,0.7926927648017799
blue_wing,696,16.0,20.3769107188814,0.8300903250964518
blue_wing,697,17.0,21.037771713686208,0.799656554068795
blue_wing,698,21.0,20.49591186782264,0.7895015503234798
blue_wing,699,20.0,19.057067979488313,0.8114699666076263
blue_wing,700,20.0,18.925645236581236,0.7587769548082932
blue_wing,701,19.0,18.546941381559584,0.7982211934355143
blue_wing,702,20.0,19.531798803373142,0.7985074221775914
blue_wing,703,19.0,18.48542417203862,0.776092326521806
blue_wing,704,23.0,20.42484374044177,0.7825052746670647
blue_wing,705,18.0,18.116281679143434,0.7926332331384318
blue_wing,706,19.0,19.04543814997776,0.8117589923216602
blue_wing,707,16.0,19.083225153811654,0.7947699595510069
blue_wing,708,23.0,20.91888572628613,0.7869166337753513
blue_wing,709,19.0,19.05609099175793,0.7899605414656117
blue_wing,710,18.0,19.987716465154744,0.8037593398284344
blue_wing,711,23.0,18.982146233573108,0.7999728523059261
blue_wing,712,17.0,16.511726634978196,0.7692642866687026
blue_wing,713,24.0,20.157197248540793,0.7972372264861253
blue_wing,714,16.0,23.58769233956585,0.8383999314211804
blue_wing,715,23.0,19.95265139994689,0.7890176423105817
blue_wing,716,22.0,20.103174950456236,0.7969417590285314
blue_wing,717,23.0,20.037186175221816,0.7933979775810274
blue_wing,718,23.0,23.85047156927675,0.7906350977750861
blue_wing,719,22.0,18.11228799818195,0.8191801844256096
blue_wing,720,22.0,20.412105841362198,0.7822943947273457
blue_wing,721,19.0,19.53316973419165,0.7753821438517735
blue_wing,722,20.0,17.586925324058917,0.8277240198374758
blue_wing,723,22.0,19.083017862260004,0.8374573293409254
blue_wing,724,19.0,18.078728563723313,0.802064794410509
blue_wing,725,16.0,18.07379788441944,0.8065539774921293
blue_wing,726,19.0,21.40495962590186,0.820841258373536
blue_wing,727,20.0,20.892477546760418,0.76663908432332
blue_wing,728,17.0,21.7988987986644,0.801658514691745
blue_wing,729,15.0,18.049513055763573,0.7943038448372955
blue_wing,730,18.0,20.823221130325216,0.7799306392866349
blue_wing,731,23.0,18.567828068744664,0.7818128935393702
blue_wing,732,15.0,18.468570549610998,0.7961387169625356
blue_wing,733,22.0,19.8792484616588,0.8129016705725844
blue_wing,734,19.0,19.505189126385783,0.8129069256493937
blue_wing,735,15.0,14.816701198491483,0.7971958010700039
blue_wing,736,17.0,18.911192681752052,0.8169204445675485
blue_wing,737,18.0,19.885192041615788,0.8046476915691155
blue_wing,738,15.0,15.635440098119815,0.79104397738078
blue_wing,739,23.0,21.067751834588602,0.8325904290518762
blue_wing,740,21.0,21.4234613166557,0.7742556317316667
blue_wing,741,19.0,20.42085166466866,0.8031786735728736
blue_wing,742,23.0,20.051056131671753,0.7700884700902373
blue_wing,743,19.0,20.38293807424848,0.7977065953826525
blue_wing,744,22.0,18.148498606600594,0.8071587231424879
blue_wing,745,20.0,18.055282635290826,0.8263875517710131
blue_wing,746,22.0,20.937374558365867,0.811390834261205
blue_wing,747,22.0,20.532219078530854,0.7770406249540476
blue_wing,748,22.0,18.950145321845852,0.7630104429406346
blue_wing,749,23.0,18.080774864179297,0.7928579506839137
blue_wing,750,15.0,16.977282589735708,0.8091113443890459
blue_wing,751,20.0,21.34844970628529,0.7986703264484608
blue_wing,752,20.0,19.907600837252375,0.8154618674129578
blue_wing,753,16.0,19.10215495708837,0.8084830049280827
blue_wing,754,22.0,19.559997542609274,0.8044516395634604
blue_wing,755,22.0,18.96975461774856,0.8095859341375671
blue_wing,756,20.0,19.04929713915882,0.7967267852984059
blue_wing,757,19.0,18.11787468494562,0.7896642577237312
blue_wing,758,22.0,19.062495769092596,0.8127232745294707
blue_wing,759,22.0,19.998448372276247,0.8071141688006518
blue_wing,760,22.0,21.01357942671615,0.7826744765360114
blue_wing,761,17.0,18.992260540616375,0.8057506228055834
blue_wing,762,19.0,19.474499003134447,0.8315447099415807
blue_wing,763,24.0,20.080431275367115,0.7977407505941503
blue_wing,764,20.0,19.10333498185475,0.7821314182681036
blue_wing,765,18.0,19.448786134570234,0.8136364664032459
blue_wing,766,22.0,19.378466073689758,0.768863190876251
blue_wing,767,24.0,19.093252154004908,0.7809941960202533
blue_wing,768,21.0,19.53298139561015,0.8222130076406389
blue_wing,769,21.0,19.991540626350233,0.7892365918499371
blue_wing,770,21.0,20.45780138239216,0.810016990609808
blue_wing,771,17.0,18.011572446255837,0.8106884415190367
blue_wing,772,23.0,20.947111987034614,0.8086560814010058
blue_wing,773,21.0,18.071528280319143,0.7715852136173225
blue_wing,774,21.0,19.857041721623112,0.7814081702967679
blue_wing,775,18.0,18.98073311357697,0.8000330355386056
blue_wing,776,16.0,19.033116429994386,0.8112622508309062
blue_wing,777,15.0,19.538326019820136,0.7856071065675678
blue_wing,778,19.0,17.588008651280255,0.8130697463565124
blue_wing,779,14.0,17.48064174584629,0.8391944347436977
blue_wing,780,26.0,22.434345642969912,0.7846034026472004
blue_wing,781,22.0,20.89543348020965,0.7778307134635344
blue_wing,782,20.0,20.580087432616978,0.8013076396797851
blue_wing,783,19.0,18.662790608824707,0.7830208801274937
blue_wing,784,23.0,18.19201985691404,0.7681384270739442
blue_wing,785,19.0,18.50986125907275,0.7939156694563289
blue_wing,786,16.0,19.42652540276679,0.8065614044784597
blue_wing,787,23.0,20.503507235796103,0.7746203970601353
blue_wing,788,22.0,19.52522838475003,0.8052859268204418
blue_wing,789,21.0,19.038644737636943,0.8052520772248919
blue_wing,790,22.0,21.914640842375977,0.7923529478903881
blue_wing,791,16.0,17.53090198873819,0.8164893556211754
blue_wing,792,16.0,21.763043218300368,0.8153200882205516
blue_wing,793,22.0,19.560607955078513,0.8187730939373291
blue_wing,794,21.0,20.946765645208735,0.7937058858702531
blue_wing,795,20.0,18.661557017453106,0.788940470729574
blue_wing,796,18.0,18.077638203042213,0.7735804347142285
blue_wing,797,15.0,17.062519228708023,0.7748424837239598
blue_wing,798,23.0,17.579148267189765,0.8458444764579145
blue_wing,799,22.0,19.181238896368978,0.8060983815384203
blue_wing,800,18.0,17.970142883690468,0.8142108161619704
blue_wing,801,20.0,22.014337957692483,0.8000899036212069
blue_wing,802,17.0,18.434739039467992,0.7872848379090981
blue_wing,803,15.0,19.417869342598806,0.7790591859045417
blue_wing,804,20.0,18.622418951021366,0.8100551824957691
blue_wing,805,19.0,18.04922181716264,0.813332917092208
blue_wing,806,20.0,21.056637940600933,0.7846914129825155
blue_wing,807,16.0,16.99358188788747,0.7780719118605526
blue_wing,808,20.0,17.629290733501662,0.7708574393358401
blue_wing,809,19.0,19.984134318407623,0.7929705452842557
blue_wing,810,22.0,19.429130540420054,0.7764972632457492
blue_wing,811,19.0,18.494716588583348,0.8091144116277447
blue_wing,812,19.0,22.667320596746073,0.7690330851996691
blue_wing,813,19.0,17.517508484065033,0.7690980568778196
blue_wing,814,19.0,19.48658540421112,0.7909314878415206
blue_wing,815,16.0,18.134118320894363,0.8156810632307696
blue_wing,816,20.0,19.065762474704066,0.8015490832779801
blue_wing,817,19.0,18.891791412887635,0.8209126177857904
blue_wing,818,25.0,20.55385851011116,0.7837611021226925
blue_wing,819,23.0,19.56972801899077,0.8126223860751349
blue_wing,820,19.0,18.9483893022075,0.7852186469957667
blue_wing,821,19.0,17.974671245812296,0.7913665421087321
blue_wing,822,19.0,20.458625411553626,0.8057175203132685
blue_wing,823,19.0,18.54981697056275,0.8303440754555813
blue_wing,824,22.0,18.6171886581904,0.804667627234632
blue_wing,825,16.0,18.090334970112643,0.7864865988459555
blue_wing,826,19.0,18.632548023265787,0.7975095320086343
blue_wing,827,22.0,18.644790949751716,0.804767293165612
blue_wing,828,19.0,20.374953689752225,0.7684035017654713
blue_wing,829,23.0,21.063981843669385,0.7735850046894581
blue_wing,830,15.0,19.09191741275597,0.7822395595108518
blue_wing,831,18.0,19.021186817709093,0.7952094316485362
blue_wing,832,21.0,19.125809833891307,0.789176729764901
blue_wing,833,16.0,18.109756230356172,0.80712823142926
blue_wing,834,16.0,20.888037114678433,0.790838066802357
blue_wing,835,22.0,19.078120122841945,0.8051283964786218
blue_wing,836,19.0,19.976545340775463,0.7998990128720029
blue_wing,837,19.0,19.567248720978764,0.7988639535399913
blue_wing,838,19.0,18.089999616663857,0.7902974917363037
blue_wing,839,23.0,22.341347644648753,0.7654003806649646
blue_wing,840,20.0,18.633738112639058,0.8169909483688929
blue_wing,841,19.0,18.06768665858125,0.8126997385429485
blue_wing,842,16.0,21.88722555767041,0.7822743574038691
blue_wing,843,13.0,17.519157719419585,0.8117086278020152
blue_wing,844,21.0,21.413031715150133,0.7738036747022563
blue_wing,845,19.0,19.007302556749522,0.7794024252321956
blue_wing,846,18.0,17.65596855212713,0.8000576893018814
blue_wing,847,23.0,18.624708703051613,0.8020732752856468
blue_wing,848,14.0,17.96812534419349,0.8174601634639673
blue_wing,849,19.0,18.04982045132887,0.7816886928640023
blue_wing,850,19.0,18.045127665949895,0.8285271039444171
blue_wing,851,17.0,20.388285537656586,0.8104413790674332
blue_wing,852,15.0,19.281350617848798,0.7919514494275445
blue_wing,853,19.0,18.44811076077508,0.8236855374119475
blue_wing,854,22.0,19.544904234793194,0.8118481052403046
blue_wing,855,22.0,20.438839612875,0.7645876752657939
blue_wing,856,19.0,20.381954729698798,0.7931324769756833
blue_wing,857,23.0,21.404553864434178,0.7919993188804295
blue_wing,858,20.0,19.102061792121894,0.8027279231652555
blue_wing,859,19.0,18.65150503178803,0.799465313574777
blue_wing,860,21.0,18.47022674340917,0.8051306055995664
blue_wing,861,21.0,19.493330820779246,0.8354965390986173
blue_wing,862,16.0,18.684642338898193,0.8150251643781014
blue_wing,863,22.0,19.969136020595606,0.803428281141235
blue_wing,864,16.0,20.903098434814986,0.7914445121917479
blue_wing,865,20.0,19.51347590735578,0.8097407601318387
blue_wing,866,22.0,22.013720474663053,0.7901206786397836
blue_wing,867,23.0,23.283461916522363,0.8074449328811713
blue_wing,868,18.0,19.111694629560958,0.808461968298275
blue_wing,869,16.0,17.692808047857994,0.797630450668406
blue_wing,870,18.0,18.170156347117786,0.7789660481393565
blue_wing,871,18.0,20.938599670096213,0.7637493428835502
blue_wing,872,20.0,19.05635505826385,0.7954649419226261
blue_wing,873,18.0,18.499199649150132,0.8211961105928356
blue_wing,874,18.0,20.481705118842772,0.8214900301989383
blue_wing,875,18.0,19.466901723740058,0.7930485904585651
blue_wing,876,16.0,18.03898099512066,0.8103604716447884
blue_wing,877,21.0,21.39525636060708,0.8172002061991543
blue_wing,878,23.0,20.52861002039751,0.7990905381750033
blue_wing,879,19.0,18.125059014523192,0.7747536039849736
blue_wing,880,15.0,16.607032577702185,0.8047261583750711
blue_wing,881,19.0,21.80468598189233,0.7916489936550555
blue_wing,882,18.0,20.29561394194799,0.8029693098497894
blue_wing,883,21.0,19.0353163309434,0.8007118980010728
blue_wing,884,25.0,21.00713311390559,0.7967295457271764
blue_wing,885,21.0,21.519097130602972,0.7979977009522429
blue_wing,886,24.0,20.037280755557436,0.8082560208354717
blue_wing,887,22.0,21.01271836233576,0.7986294940663756
blue_wing,888,21.0,19.60152914999426,0.779434513661595
blue_wing,889,24.0,21.997808699460982,0.8321823042583916
blue_wing,890,19.0,19.955074093390124,0.7841262235301458
blue_wing,891,20.0,17.59752008595856,0.8125701858052392
blue_wing,892,18.0,19.025281587813595,0.8026728907238403
blue_wing,893,21.0,20.81847088314967,0.7949005927272221
blue_wing,894,20.0,19.995040791791773,0.7941537752074678
blue_wing,895,21.0,18.649665461505514,0.7803278761693644
blue_wing,896,20.0,17.992699048318798,0.8065505494530918
blue_wing,897,16.0,17.535683501002186,0.8107668935207843
blue_wing,898,21.0,20.03192674512584,0.7984736226847837
blue_wing,899,20.0,20.75922104478568,0.8088152833540311
blue_wing,900,20.0,21.487269156448765,0.8155261283882518
blue_wing,901,16.0,18.000057296180547,0.8125472900600454
blue_wing,902,16.0,20.862545942689135,0.7923629388912494
blue_wing,903,23.0,22.85110568128468,0.8091315309865124
blue_wing,904,21.0,20.076056979327205,0.8193661656441924
blue_wing,905,22.0,20.602640066309768,0.8159608673952903
blue_wing,906,20.0,19.438886288040205,0.8115349015470289
blue_wing,907,15.0,19.467850001840468,0.7961016471588775
blue_wing,908,15.0,19.42470153169539,0.7957737711650137
blue_wing,909,14.0,20.39431325016392,0.8118937893679963
blue_wing,910,23.0,21.539391539597947,0.7832498574823692
blue_wing,911,25.0,22.011925195360504,0.7850862469522407
blue_wing,912,19.0,17.995511938502645,0.8007018555203576
blue_wing,913,22.0,19.434789046165637,0.8149216154945149
blue_wing,914,22.0,20.077163259351,0.8066292398010962
blue_wing,915,16.0,17.650680010806745,0.8103476030566215
blue_wing,916,21.0,17.605123217500097,0.7952659642721374
blue_wing,917,16.0,18.0889022870208,0.8061311260045005
blue_wing,918,20.0,18.521706582281393,0.8150455189682548
blue_wing,919,22.0,20.52933957964333,0.7869963149990291
blue_wing,920,23.0,19.52346542959613,0.8085286682577209
blue_wing,921,23.0,20.51588740494878,0.7832273988308684
blue_wing,922,22.0,20.07505677540517,0.7944766961660599
blue_wing,923,19.0,20.52137835157615,0.8053877418007325
blue_wing,924,21.0,18.503753678077768,0.7951146756684354
blue_wing,925,22.0,21.392356772238177,0.8088630097304343
blue_wing,926,17.0,17.23960787279824,0.7971071568986985
blue_wing,927,20.0,20.516798291574997,0.8001817714072279
blue_wing,928,20.0,19.960623185329084,0.8174740539496945
blue_wing,929,15.0,17.045678342286585,0.824998052135046
blue_wing,930,22.0,18.11545541699185,0.7894470235868627
blue_wing,931,16.0,19.940866821720533,0.806200593996633
blue_wing,932,17.0,19.561464490731435,0.8078306010160357
blue_wing,933,20.0,17.195943866556583,0.7756643895034276
blue_wing,934,22.0,20.407203697133284,0.8176076435318435
blue_wing,935,20.0,19.94909155587087,0.8300225623294482
blue_wing,936,16.0,16.991244554369008,0.7953897811800461
blue_wing,937,15.0,19.912862298110063,0.7973266699305654
blue_wing,938,22.0,19.9319687019542,0.7896586704183425
blue_wing,939,16.0,17.508407139036766,0.796443812496874
blue_wing,940,23.0,20.606898948968727,0.8053033972024448
blue_wing,941,14.0,19.109671945353313,0.7782542419493912
blue_wing,942,19.0,18.994775123808253,0.8049001731567934
blue_wing,943,16.0,18.485455936674175,0.7986812099680347
blue_wing,944,21.0,16.159634822562015,0.8026526165992114
blue_wing,945,21.0,18.611281128458756,0.8278651541313113
blue_wing,946,24.0,21.551372992034516,0.7797869035946636
blue_wing,947,21.0,19.534384982783155,0.7820768053599066
blue_wing,948,15.0,16.625215641206626,0.7696597174415206
blue_wing,949,21.0,18.19902389903398,0.7976428633459447
blue_wing,950,18.0,18.07298780918625,0.7857551219625432
blue_wing,951,18.0,17.187186102273653,0.7752217528219683
blue_wing,952,22.0,18.950852394914172,0.7836122896360909
blue_wing,953,16.0,17.04576897299711,0.7978247438859684
blue_wing,954,18.0,17.499103393339567,0.7874089911393352
blue_wing,955,21.0,16.689124730725325,0.8121160579824946
blue_wing,956,22.0,19.519644628281082,0.792739941893777
blue_wing,957,21.0,21.472852923071834,0.7993302411930614
blue_wing,958,19.0,18.08080000727031,0.813374212463269
blue_wing,959,19.0,19.908300910902636,0.7962880532077433
blue_wing,960,19.0,16.743854951944538,0.8114218446786454
blue_wing,961,19.0,19.46615555057098,0.794508565933018
blue_wing,962,19.0,18.103097847733014,0.7974621999591944
blue_wing,963,21.0,17.6306206762779,0.8005247444806824
blue_wing,964,22.0,19.586744860948134,0.8003975919935169
blue_wing,965,20.0,21.416436025759207,0.8224098519935756
blue_wing,966,15.0,19.502379781906935,0.766876895884707
blue_wing,967,14.0,17.240060142990217,0.8162419636715603
blue_wing,968,18.0,20.46674973271717,0.7993034256045658
blue_wing,969,17.0,20.385449815431027,0.8042091422677918
blue_wing,970,19.0,16.710212566610558,0.7911435481420985
blue_wing,971,21.0,19.0490683430235,0.7991245337286047
blue_wing,972,19.0,20.845390559007253,0.8225192387576985
blue_wing,973,21.0,21.325581428193615,0.8086435631275251
blue_wing,974,23.0,19.560652444451975,0.8010099374552109
blue_wing,975,21.0,19.60107210035427,0.792772002446439
blue_wing,976,23.0,21.905829373137607,0.8078319564115184
blue_wing,977,19.0,21.40015959950216,0.8100016845569549
blue_wing,978,20.0,19.52374242607419,0.8173531217630103
blue_wing,979,20.0,17.989845133954677,0.7796795893158952
blue_wing,980,21.0,21.50441617508532,0.8113451639990301
blue_wing,981,16.0,18.032552703417526,0.7787038929470924
blue_wing,982,21.0,20.6023549956884,0.8049124869431307
blue_wing,983,19.0,20.984823298281267,0.8060576871182168
blue_wing,984,16.0,17.36288518166941,0.7777486301742029
blue_wing,985,18.0,18.097631413965296,0.8057735973912176
blue_wing,986,22.0,20.0753120862326,0.7860619662716377
blue_wing,987,18.0,17.462754832950175,0.7986622547224302
blue_wing,988,20.0,20.42150597801201,0.801820674880352
blue_wing,989,16.0,17.50163318971158,0.7732966551345835
blue_wing,990,22.0,21.389905864636912,0.777062916144593
blue_wing,991,19.0,20.52342096195254,0.7888830239337614
blue_wing,992,20.0,18.016284261083943,0.8111029089405712
blue_wing,993,20.0,17.670114035622763,0.8299915170367491
blue_wing,994,22.0,20.982771216702652,0.8066416333369617
blue_wing,995,22.0,21.058621268236568,0.7907074288670626
blue_wing,996,15.0,18.96181065344907,0.7934369210140355
blue_wing,997,18.0,18.448653455292753,0.8065565666662551
blue_wing,998,18.0,19.53810454176546,0.8026110102721108
blue_wing,999,23.0,20.614387164213266,0.8200536107074287
blue_wing,1000,22.0,20.495359911998534,0.7830093242552771
blue_wing,1001,22.0,21.83918859783646,0.7964009907679341
blue_wing,1002,22.0,18.7295970965827,0.7916797211834221
blue_wing,1003,16.0,16.543394996709047,0.7909663040936958
blue_wing,1004,21.0,19.499666362310972,0.8003436357717613
blue_wing,1005,16.0,20.913341374902906,0.793504602272656
blue_wing,1006,19.0,20.44158017342424,0.7978544802984207
blue_wing,1007,21.0,18.53107428263781,0.7762661257741663
blue_wing,1008,21.0,17.018933695104703,0.8148120308269917
blue_wing,1009,17.0,19.046987907589504,0.7973090872589412
blue_wing,1010,16.0,18.531820044002842,0.7972692694930295
blue_wing,1011,16.0,17.517549618817466,0.792687159740251
blue_wing,1012,22.0,20.029653394787168,0.7926174282856442
blue_wing,1013,19.0,18.996267437414843,0.7831597381696825
blue_wing,1014,20.0,16.676653441883936,0.8075135402985951
blue_wing,1015,19.0,19.49707980373197,0.8257178138059508
blue_wing,1016,23.0,19.932539466322268,0.7928751571756947
blue_wing,1017,21.0,19.48384586713865,0.817489461048303
blue_wing,1018,20.0,20.880937942122436,0.8039214122407494
blue_wing,1019,17.0,17.627878428955192,0.8146386052716863
blue_wing,1020,15.0,18.013794102433565,0.7877780880166955
blue_wing,1021,14.0,18.50116125561241,0.7913492046506433
blue_wing,1022,22.0,21.546994334207604,0.8059089082776671
blue_wing,1023,18.0,18.452293484024032,0.808041456143019
blue_wing,1024,21.0,19.98880841347872,0.8030750127375541
blue_wing,1025,22.0,18.047284459413387,0.7875638351767751
blue_wing,1026,21.0,18.51167031457681,0.8107375534273937
blue_wing,1027,16.0,18.0418880599712,0.8163587511415484
blue_wing,1028,21.0,19.9341274523726,0.8063767070032625
blue_wing,1029,23.0,20.52496720937526,0.7955655086757778
blue_wing,1030,22.0,17.569633055242427,0.8063416944787631
blue_wing,1031,18.0,19.536989204801397,0.8259710473829398
blue_wing,1032,21.0,19.05694696645446,0.8216286448250256
blue_wing,1033,16.0,18.07171041081043,0.7889700487216545
blue_wing,1034,19.0,19.010834468825173,0.8074710717511673
blue_wing,1035,21.0,19.032172441474007,0.8240453541478049
blue_wing,1036,17.0,17.077287725278204,0.7981995543573094
blue_wing,1037,23.0,20.14366711020424,0.8228241271685903
blue_wing,1038,17.0,19.446126510382395,0.8172546598264244
blue_wing,1039,23.0,20.58399527962039,0.814555115485132
blue_wing,1040,17.0,18.914243634781673,0.7976509596704819
blue_wing,1041,23.0,19.979943397565805,0.775630689217331
blue_wing,1042,19.0,18.096917562177847,0.7786336214301296
blue_wing,1043,16.0,19.548011166433565,0.8190293717738273
blue_wing,1044,19.0,18.579115308203907,0.7921370363845643
blue_wing,1045,19.0,19.93336844061966,0.8107563941609768
blue_wing,1046,19.0,18.878403137503128,0.8021874793724939
blue_wing,1047,18.0,19.54120358713815,0.7965322653436939
blue_wing,1048,23.0,20.044853401981108,0.7842277004318761
blue_wing,1049,19.0,18.346543928164266,0.7869612210772186
blue_wing,1050,20.0,19.059445747445846,0.7861678706565518
blue_wing,1051,19.0,19.91795957032402,0.7933795698145965
blue_wing,1052,20.0,17.064644551376613,0.8080015438537603
blue_wing,1053,20.0,18.18224529435662,0.8026230788320373
blue_wing,1054,20.0,21.904274223015896,0.8128289711128036
blue_wing,1055,15.0,16.548323344232106,0.802015782606551
blue_wing,1056,15.0,16.55885210514876,0.7482834439969988
blue_wing,1057,19.0,22.84020291542636,0.8100963756025241
blue_wing,1058,22.0,19.9279776385677,0.7891453729439502
blue_wing,1059,21.0,20.561121623451555,0.7939961272088263
blue_wing,1060,24.0,21.0029608955441,0.7759400728289356
blue_wing,1061,15.0,19.373598865569573,0.7993494353160073
blue_wing,1062,16.0,17.591940365880554,0.8087295677962558
blue_wing,1063,27.0,20.04976299329397,0.7989396881471096
blue_wing,1064,22.0,20.56869839291183,0.7797227895683101
blue_wing,1065,22.0,23.843271057536608,0.8030434538446314
blue_wing,1066,23.0,19.161487539104048,0.8008315833094589
blue_wing,1067,17.0,18.96338171696397,0.8118456769463624
blue_wing,1068,23.0,21.050976493353314,0.7627966983748506
blue_wing,1069,21.0,19.534342557490657,0.8078197373785733
blue_wing,1070,19.0,17.51480626559452,0.8181487284151586
blue_wing,1071,21.0,19.937927872964377,0.7794472826898953
blue_wing,1072,19.0,18.964565838201207,0.8264989889871031
blue_wing,1073,22.0,21.975202066354846,0.782911418732956
blue_wing,1074,21.0,20.113419745070285,0.7856107486936561
blue_wing,1075,16.0,18.12928702477853,0.8035448551643057
blue_wing,1076,19.0,19.493500373795833,0.8175482819672609
blue_wing,1077,16.0,17.50156919849251,0.7680214199314124
blue_wing,1078,20.0,15.880730345215115,0.8169959274593623
blue_wing,1079,21.0,18.046273631743134,0.8199217077946579
blue_wing,1080,16.0,20.0260506185568,0.8050919958023337
blue_wing,1081,23.0,18.036735092715894,0.8020330769673834
blue_wing,1082,22.0,20.40358755017345,0.7970063758288572
blue_wing,1083,20.0,20.078511041996666,0.8230655176429428
blue_wing,1084,20.0,20.404204551973496,0.7934716493310674
blue_wing,1085,14.0,18.906929871626478,0.7749358993497608
blue_wing,1086,16.0,20.957801617429872,0.793677792389825
blue_wing,1087,20.0,17.161453530174523,0.8224830130056412
blue_wing,1088,19.0,19.81341921357073,0.789984918885551
blue_wing,1089,20.0,19.527802952869948,0.7968713710550005
blue_wing,1090,23.0,21.0617459841801,0.8082191080394049
blue_wing,1091,17.0,18.460427919093636,0.8135981487924173
blue_wing,1092,22.0,19.945448508943443,0.7948636849018795
blue_wing,1093,23.0,18.55528814837182,0.8152891486606753
blue_wing,1094,23.0,20.593795769212004,0.812079687404269
blue_wing,1095,22.0,19.071833323602267,0.7938959156964758
blue_wing,1096,19.0,19.455188864233058,0.7921492619655048
blue_wing,1097,22.0,17.90785773788828,0.7857367408640142
blue_wing,1098,24.0,18.57215551154023,0.7921598742974144
blue_wing,1099,17.0,19.07193293324764,0.8154579974704896
blue_wing,1100,16.0,22.76720635486504,0.8106050908621674
blue_wing,1101,21.0,19.041018611277174,0.7946303755688768
blue_wing,1102,20.0,17.499365324314393,0.7682913387628695
blue_wing,1103,18.0,19.49742321292859,0.818522705441765
blue_wing,1104,16.0,18.906064419553644,0.8046249570617385
blue_wing,1105,17.0,18.965921162425097,0.8206339139150578
blue_wing,1106,23.0,20.0836391249497,0.7731988427211607
blue_wing,1107,18.0,18.108573358408407,0.8203080622053531
blue_wing,1108,19.0,19.497667181604765,0.8158645241359911
blue_wing,1109,21.0,20.4765954142811,0.7755574939722204
blue_wing,1110,22.0,20.01459658901497,0.8011205556328083
blue_wing,1111,20.0,20.468235447831983,0.7856028732266518
blue_wing,1112,16.0,17.570349956575562,0.7608479692360773
blue_wing,1113,20.0,22.743449288618596,0.8194318641605904
blue_wing,1114,21.0,19.072019644148472,0.7938203018642257
blue_wing,1115,15.0,18.946569395428856,0.7917873902207955
blue_wing,1116,21.0,20.980872753559883,0.7842135664515402
blue_wing,1117,15.0,19.40350335527868,0.7924874876558348
blue_wing,1118,20.0,20.890722841093798,0.8078294569545041
blue_wing,1119,19.0,18.55749707924437,0.7887413376838328
blue_wing,1120,17.0,18.43545461972352,0.8065199535343737
blue_wing,1121,18.0,18.17838242363624,0.8131247253324614
blue_wing,1122,20.0,21.454440604047406,0.8037001045500776
blue_wing,1123,19.0,18.071118567407506,0.8231806488175823
blue_wing,1124,17.0,19.0657684006352,0.7877080201004842
blue_wing,1125,20.0,19.04974578544345,0.8182647485821347
blue_wing,1126,18.0,20.42363351596751,0.790743220108012
blue_wing,1127,15.0,17.529035330154738,0.8211730296026613
blue_wing,1128,15.0,18.939322821242566,0.80817929949119
blue_wing,1129,21.0,17.120838482291,0.8020306225975882
blue_wing,1130,23.0,19.520856463263918,0.7543174844784073
blue_wing,1131,16.0,18.12296021104575,0.7946100922295464
blue_wing,1132,23.0,19.559630239972826,0.8131504832098917
blue_wing,1133,15.0,18.129945486261324,0.8027254556511546
blue_wing,1134,17.0,19.092830419055243,0.8052716571882226
blue_wing,1135,22.0,17.9925278811042,0.80112432891765
blue_wing,1136,22.0,20.045229063737033,0.7869234023160239
blue_wing,1137,20.0,17.06323124285248,0.7539520638407664
blue_wing,1138,16.0,15.96143887414525,0.787646610855671
blue_wing,1139,20.0,20.959982584457958,0.7875526023343196
blue_wing,1140,22.0,20.404331707145463,0.8112635901482852
blue_wing,1141,17.0,18.01800025260006,0.7999013218475562
blue_wing,1142,19.0,16.98349352191742,0.7713827174297276
blue_wing,1143,21.0,18.595341587847646,0.7995538824240067
blue_wing,1144,23.0,19.10134675233055,0.808662679703708
blue_wing,1145,22.0,20.995803857277433,0.7794667726535461
blue_wing,1146,22.0,22.025300071998448,0.8168274421656494
blue_wing,1147,16.0,19.030058092466135,0.7971025632363455
blue_wing,1148,22.0,20.416954093757862,0.7694361606734862
blue_wing,1149,21.0,18.991141835596135,0.8117054076461317
blue_wing,1150,19.0,18.60696614848983,0.782520434591827
blue_wing,1151,18.0,17.99782473451144,0.8312771331746729
blue_wing,1152,22.0,22.374002616474574,0.8141822874691396
blue_wing,1153,23.0,20.917174612075105,0.8068307963600838
blue_wing,1154,17.0,18.981942777253927,0.7866208994933064
blue_wing,1155,15.0,17.653655194124386,0.7931630727787067
blue_wing,1156,21.0,22.354951590839434,0.7991183171862433
blue_wing,1157,17.0,17.001700205606078,0.81665917339489
blue_wing,1158,17.0,20.483326318182204,0.783860979184102
blue_wing,1159,19.0,18.621130170617825,0.8118782858795655
blue_wing,1160,19.0,18.01928292565277,0.7917068674172998
blue_wing,1161,16.0,17.532461391979677,0.7919526236252308
blue_wing,1162,21.0,17.970458916452422,0.7791013948272082
blue_wing,1163,22.0,18.46659619107992,0.8016782376639301
blue_wing,1164,20.0,19.447376283367966,0.8004581125362276
blue_wing,1165,23.0,17.66281942910575,0.7779949784696794
blue_wing,1166,20.0,19.504172351420223,0.8041607661530952
blue_wing,1167,15.0,14.147634776739194,0.793680047503291
blue_wing,1168,23.0,19.639872798108073,0.7995621928800692
blue_wing,1169,20.0,19.431795442782338,0.7724198449082175
blue_wing,1170,19.0,20.989507985959843,0.7745656443122874
blue_wing,1171,19.0,20.423112513082962,0.797431454344434
blue_wing,1172,22.0,17.071833164047696,0.8297022966845227
blue_wing,1173,20.0,22.346151959816616,0.7965768905130322
blue_wing,1174,19.0,19.49412867733737,0.7646122027669107
blue_wing,1175,19.0,18.38534885538454,0.8133296263683856
blue_wing,1176,23.0,21.357424092909632,0.8285846422292302
blue_wing,1177,22.0,19.917303064474606,0.7813909015184783
blue_wing,1178,18.0,16.146377267881775,0.8112127032685124
blue_wing,1179,23.0,21.05813906064635,0.818825687624142
blue_wing,1180,17.0,18.95086737879499,0.811900751616242
blue_wing,1181,22.0,18.53314312232393,0.7969137773966175
blue_wing,1182,22.0,19.523510361041822,0.7868901215491735
blue_wing,1183,17.0,19.362106643586312,0.8117624505759626
blue_wing,1184,18.0,23.724434853670274,0.7901333167196458
blue_wing,1185,17.0,18.972419338432665,0.7944313847202251
blue_wing,1186,22.0,20.578833207510577,0.7903833850704542
blue_wing,1187,23.0,20.454830920369353,0.8256470448079791
blue_wing,1188,23.0,19.573910975841123,0.7986109121038396
blue_wing,1189,19.0,18.523889916857126,0.8060941778501547
blue_wing,1190,22.0,20.496993250757193,0.7965680417856422
blue_wing,1191,18.0,18.54193102122518,0.8322126564439697
blue_wing,1192,16.0,20.435668810592553,0.8081895602499526
blue_wing,1193,21.0,18.485072803144327,0.7724651701940286
blue_wing,1194,16.0,17.5400347782293,0.7909234474032221
blue_wing,1195,17.0,18.47642597805037,0.7914728779747551
blue_wing,1196,16.0,19.470521750715744,0.7893825442400701
blue_wing,1197,15.0,15.767380890324649,0.8102784556216049
blue_wing,1198,19.0,17.466729913455286,0.7836608345056257
blue_wing,1199,15.0,18.54193822536849,0.7802509762431564
blue_wing,1200,21.0,19.58519077595319,0.8090535217775068
blue_wing,1201,19.0,18.56028507387558,0.7894629119804628
blue_wing,1202,22.0,19.092942250653078,0.7928027344897822
blue_wing,1203,19.0,20.50746604478941,0.7852283072780232
blue_wing,1204,18.0,18.449699830019103,0.8054660947272702
blue_wing,1205,19.0,18.050756833036225,0.7953509605722799
blue_wing,1206,23.0,19.12881408200884,0.7977314340874178
blue_wing,1207,16.0,18.541722233007714,0.8059483349074557
blue_wing,1208,17.0,17.99459544818163,0.797980074979747
blue_wing,1209,20.0,18.45008508164492,0.8019998509528596
blue_wing,1210,19.0,19.60719551098218,0.7857782759838032
blue_wing,1211,23.0,20.560901167724964,0.8009390805014376
blue_wing,1212,18.0,19.01605543282425,0.7899496443591965
blue_wing,1213,27.0,21.152599178341998,0.815762715267069
blue_wing,1214,18.0,21.39817358855253,0.8031727742208721
blue_wing,1215,17.0,18.511082333332958,0.8145031285710508
blue_wing,1216,22.0,19.52281834299603,0.796589785709163
blue_wing,1217,19.0,18.404641184193355,0.7950709648398239
blue_wing,1218,21.0,19.68597364180811,0.8141603370589438
blue_wing,1219,22.0,21.04062342728045,0.8000500301924756
blue_wing,1220,19.0,18.511411659047145,0.7964720580173605
blue_wing,1221,18.0,18.01421103084706,0.7997576126766324
blue_wing,1222,16.0,18.11471787045219,0.8204229958013423
blue_wing,1223,15.0,20.335752286276914,0.804551897153754
blue_wing,1224,25.0,21.987675265213454,0.8041995349173812
blue_wing,1225,21.0,20.574686375926902,0.8025483084267024
blue_wing,1226,19.0,18.520974655233477,0.7872767776329148
blue_wing,1227,22.0,20.890767795642294,0.78994382114389
blue_wing,1228,22.0,18.014527709845296,0.7744952060978821
blue_wing,1229,22.0,20.026570996541626,0.7745617017571447
blue_wing,1230,24.0,20.944748051607924,0.799541281347079
blue_wing,1231,22.0,19.46861815477386,0.8063535896056173
blue_wing,1232,14.0,16.93570659284392,0.7824109259150316
blue_wing,1233,22.0,20.966386708852678,0.7782707735898762
blue_wing,1234,22.0,18.196154530706337,0.8006006810017698
blue_wing,1235,20.0,18.259084504240334,0.7988246713692426
blue_wing,1236,20.0,17.991070511581952,0.7947739711421168
blue_wing,1237,24.0,20.955897110043352,0.797795654701399
blue_wing,1238,16.0,17.049216196762327,0.8200315962035796
blue_wing,1239,23.0,19.96090835517092,0.7926482687042514
blue_wing,1240,16.0,19.396181553743983,0.8142276118448772
blue_wing,1241,19.0,21.35075954665915,0.7852298919921029
blue_wing,1242,24.0,18.98791681585759,0.795328918681069
blue_wing,1243,21.0,19.93125076852283,0.7961003282753482
blue_wing,1244,18.0,19.85987583307096,0.8050777155414854
blue_wing,1245,19.0,18.578395826967654,0.8038384305750654
blue_wing,1246,22.0,21.916735365723582,0.8085052179737175
blue_wing,1247,20.0,20.52956197312836,0.7958689368769551
blue_wing,1248,20.0,19.982607012052686,0.7963003056786024
blue_wing,1249,21.0,18.14485296073916,0.8017004919682817
blue_wing,1250,18.0,18.88024948682526,0.7867191742635009
blue_wing,1251,20.0,19.958038308327364,0.7870264784164276
blue_wing,1252,22.0,24.720932815389336,0.7975060161699423
blue_wing,1253,16.0,19.953387724729094,0.8213381117207964
blue_wing,1254,22.0,21.375304640268528,0.8055595211978054
blue_wing,1255,25.0,18.761364091835745,0.8055251308153806
blue_wing,1256,17.0,18.51419284931074,0.8189306660583708
blue_wing,1257,19.0,17.618549900835493,0.810148400254515
blue_wing,1258,21.0,19.5229597964812,0.8145624954874718
blue_wing,1259,18.0,18.10262245883167,0.7776819279034475
blue_wing,1260,16.0,18.477307431711544,0.7904555234614226
blue_wing,1261,16.0,15.29697166194997,0.7906302036663383
blue_wing,1262,16.0,20.487423881442684,0.7969096622908561
blue_wing,1263,18.0,17.526213500325987,0.8170352829835252
blue_wing,1264,22.0,18.028150842976068,0.8062608587379885
blue_wing,1265,16.0,19.962448872068776,0.8108981414236969
blue_wing,1266,23.0,17.29377846717663,0.7894838058467355
blue_wing,1267,21.0,24.070082921758285,0.7919496523938988
blue_wing,1268,19.0,18.60543507124175,0.798431618316622
blue_wing,1269,18.0,19.486150607025227,0.8161684491358371
blue_wing,1270,22.0,21.459303836940723,0.8113464995896071
blue_wing,1271,18.0,20.892069975397792,0.7967809091247497
blue_wing,1272,19.0,19.55535592853657,0.7994198209436825
blue_wing,1273,18.0,18.931950496504623,0.8017791216898047
blue_wing,1274,18.0,19.19205962184955,0.7943024623579931
blue_wing,1275,25.0,19.17573795105064,0.8025355684749962
blue_wing,1276,15.0,16.525318003101678,0.7998906665259573
blue_wing,1277,17.0,18.477869405683023,0.8123422695617339
blue_wing,1278,16.0,20.85279983323363,0.7765968754893109
blue_wing,1279,21.0,20.97242417445984,0.8053115279115287
blue_wing,1280,9.0,12.564908441406017,0.7855445747059304
blue_wing,1281,23.0,20.889620598864923,0.8148870731643371
blue_wing,1282,17.0,19.122669325315062,0.7965954344423937
blue_wing,1283,20.0,21.874710559545292,0.791268880851371
blue_wing,1284,15.0,17.021372267095945,0.8283781796118729
blue_wing,1285,20.0,17.580722133856746,0.8110456569627662
blue_wing,1286,20.0,19.59387013965075,0.8073796253773114
blue_wing,1287,17.0,20.02591623639995,0.8115217429999753
blue_wing,1288,21.0,18.493386376764473,0.7915267715646499
blue_wing,1289,16.0,19.962748662384765,0.7991946960713991
blue_wing,1290,20.0,18.981475591958233,0.7764106909030519
blue_wing,1291,18.0,18.590627046868462,0.7999115414324668
blue_wing,1292,21.0,18.64192615570081,0.7950472796436692
blue_wing,1293,22.0,18.06143374333703,0.8127901766413984
blue_wing,1294,17.0,18.985724181441782,0.8081054633175593
blue_wing,1295,20.0,19.424140964408423,0.8075153410915445
blue_wing,1296,18.0,18.07455240585089,0.810133536770735
blue_wing,1297,22.0,19.91228497530173,0.8279678466555417
blue_wing,1298,16.0,18.434777588832063,0.8109710501222511
blue_wing,1299,20.0,20.951847458513715,0.7928791318129953
blue_wing,1300,22.0,19.58606289712984,0.7964666439073291
blue_wing,1301,16.0,17.05208154550016,0.7736480865227888
blue_wing,1302,24.0,17.289909570607975,0.7960884495531761
blue_wing,1303,19.0,17.659786265259772,0.8236146223035143
blue_wing,1304,18.0,17.07760098608066,0.7919731485022574
blue_wing,1305,19.0,19.449498412727024,0.7732344589515388
blue_wing,1306,17.0,17.50292898069021,0.7753758784951558
blue_wing,1307,23.0,20.457816365548634,0.7863773073439508
blue_wing,1308,15.0,17.260335140487708,0.782984324596091
blue_wing,1309,23.0,19.627001285632296,0.7882310071703466
blue_wing,1310,23.0,22.316088754577216,0.766946143036443
blue_wing,1311,21.0,20.450963053655467,0.8222439725115996
blue_wing,1312,20.0,18.039724597338008,0.790978429307784
blue_wing,1313,22.0,19.994482847682484,0.8212918428525207
blue_wing,1314,21.0,18.921689420382123,0.8159831201444934
blue_wing,1315,23.0,19.096702059835746,0.7911053486722381
blue_wing,1316,16.0,17.562902024143778,0.8143551196707871
blue_wing,1317,21.0,19.08195016874655,0.7915459573378206
blue_wing,1318,24.0,19.113190323808983,0.7997346485504604
blue_wing,1319,18.0,18.559849883808635,0.7957328026480393
blue_wing,1320,16.0,18.049065602302125,0.7828792974370753
blue_wing,1321,23.0,21.09076072457488,0.7983589193477385
blue_wing,1322,23.0,20.477849137548567,0.7539960504696325
blue_wing,1323,17.0,20.353781784750193,0.800504482446921
blue_wing,1324,19.0,24.68304983478211,0.8095246360566799
blue_wing,1325,21.0,20.604397510144494,0.7950814778809915
blue_wing,1326,22.0,18.696070067875965,0.7900266680824216
blue_wing,1327,21.0,20.422107301864703,0.7907096248379706
blue_wing,1328,22.0,18.1245295578464,0.7987689464998174
blue_wing,1329,20.0,18.080730952649702,0.7875359440440706
blue_wing,1330,17.0,18.60218169938959,0.7971948037490232
blue_wing,1331,19.0,20.05398900414907,0.7967646364013139
blue_wing,1332,20.0,17.608704896458008,0.780401441673038
blue_wing,1333,19.0,19.589228222698058,0.8254597639671616
blue_wing,1334,22.0,18.14255970089533,0.7851223128181386
blue_wing,1335,22.0,20.967053314039937,0.8047144282902123
blue_wing,1336,19.0,19.40063223842805,0.7949910746191935
blue_wing,1337,19.0,17.12322796375965,0.8098497023962472
blue_wing,1338,20.0,19.49378171995302,0.7977709458684246
blue_wing,1339,19.0,19.883085381031773,0.8058223527947003
blue_wing,1340,16.0,18.639406464375515,0.7786699440362062
blue_wing,1341,18.0,18.375524539409284,0.8072235163661904
blue_wing,1342,22.0,19.0947882562463,0.8047037119481988
blue_wing,1343,22.0,18.115400811078025,0.7895374457452614
blue_wing,1344,18.0,18.374551307464575,0.8043332736623916
blue_wing,1345,20.0,21.380353457263624,0.7960629253396487
blue_wing,1346,15.0,19.534401567310546,0.7999116306326839
blue_wing,1347,22.0,18.291183791674438,0.818523774749088
blue_wing,1348,18.0,20.42204799387396,0.8108480730973359
blue_wing,1349,15.0,15.210234629830417,0.7925791931216939
blue_wing,1350,19.0,20.534856809239344,0.7970841657114311
blue_wing,1351,23.0,22.375078380180415,0.7973110413498458
blue_wing,1352,21.0,18.0087043958614,0.7871488140266134
blue_wing,1353,22.0,20.53331623414472,0.7837725599889958
blue_wing,1354,17.0,20.372223078474665,0.7846343422289384
blue_wing,1355,18.0,20.50408657886141,0.787263959964924
blue_wing,1356,21.0,19.05522651300724,0.8022529279196292
blue_wing,1357,22.0,22.414560925952546,0.7860798014112929
blue_wing,1358,18.0,19.977825387213272,0.8056729344877755
blue_wing,1359,22.0,19.068388025545755,0.7998400979315294
blue_wing,1360,15.0,18.925798153397405,0.7841904598907524
blue_wing,1361,14.0,18.05183611552884,0.7904805406504385
blue_wing,1362,22.0,19.952742199393956,0.8356573302299761
blue_wing,1363,20.0,19.69148170669318,0.8012616781422504
blue_wing,1364,22.0,19.062953145762158,0.7914636682717502
blue_wing,1365,18.0,18.502793551483343,0.8176169629533723
blue_wing,1366,23.0,20.43832480090367,0.8089803588569284
blue_wing,1367,16.0,18.454543148053286,0.8014026662621572
blue_wing,1368,18.0,27.510064899234877,0.8155022401276958
blue_wing,1369,19.0,19.668577985297095,0.7902707764001589
blue_wing,1370,19.0,18.148406065556298,0.7820422914281818
blue_wing,1371,20.0,18.487815262527864,0.7951747888187322
blue_wing,1372,23.0,21.510478803483824,0.782047843020311
blue_wing,1373,16.0,18.574348567330905,0.7824961516461848
blue_wing,1374,16.0,18.437686599642895,0.7936021283213188
blue_wing,1375,20.0,20.087175826152194,0.793448713767314
blue_wing,1376,20.0,20.383087644451283,0.7974010557284756
blue_wing,1377,22.0,21.45445587358636,0.7938262294052938
blue_wing,1378,15.0,19.46836029227066,0.7814192283115275
blue_wing,1379,18.0,17.043801155303736,0.7850712069179316
blue_wing,1380,16.0,19.930856060344517,0.8066982447835439
blue_wing,1381,15.0,17.05579524152545,0.7937657791493246
blue_wing,1382,19.0,19.008541842163304,0.792312797248008
blue_wing,1383,19.0,20.518930259536983,0.8125461359519435
blue_wing,1384,19.0,19.09685488522483,0.813477833364443
blue_wing,1385,15.0,19.037096942916104,0.7991675720653193
blue_wing,1386,19.0,20.41759486870895,0.813852492308067
blue_wing,1387,19.0,16.609214003128677,0.8166914833929937
blue_wing,1388,19.0,19.523330161931103,0.8003983143118789
blue_wing,1389,22.0,20.469686838621172,0.8052855324307133
blue_wing,1390,19.0,18.46142920999543,0.8039992904256392
blue_wing,1391,19.0,18.555585746881587,0.8111137445641879
blue_wing,1392,22.0,18.051016503351885,0.8100427262026619
blue_wing,1393,17.0,19.522853467751776,0.7820301642173283
blue_wing,1394,19.0,20.117104419732307,0.8080448431245455
blue_wing,1395,21.0,19.892985814590897,0.7819228558571806
blue_wing,1396,19.0,18.93168388881934,0.7941443997207376
blue_wing,1397,20.0,20.477736012651192,0.7840273997473975
blue_wing,1398,20.0,20.838115011236543,0.8070001727948499
blue_wing,1399,19.0,18.43381929683963,0.7845757231612278
blue_wing,1400,21.0,20.09011661385215,0.8165695537933964
blue_wing,1401,23.0,21.438455085635383,0.8005992421940666
blue_wing,1402,16.0,16.517236781410546,0.786171161755892
blue_wing,1403,17.0,20.884612375380307,0.7967153714822188
blue_wing,1404,21.0,21.574906141800543,0.796454516803029
blue_wing,1405,19.0,18.485533717794148,0.8116025467641426
blue_wing,1406,22.0,14.895253092517304,0.7717209334310628
blue_wing,1407,18.0,20.400722097942634,0.828576814927465
blue_wing,1408,22.0,21.940083837109956,0.794960402642467
blue_wing,1409,20.0,17.629600038100193,0.7910973067962513
blue_wing,1410,22.0,21.372093616425566,0.7469230308375965
blue_wing,1411,19.0,20.924066030871522,0.8055919678779182
blue_wing,1412,22.0,18.61050598425038,0.8051281573503548
blue_wing,1413,23.0,20.99026841148116,0.7945578112086074
blue_wing,1414,20.0,21.41722683537526,0.7892943959569546
blue_wing,1415,22.0,19.578814702891158,0.8038627363416091
blue_wing,1416,17.0,20.02463337169115,0.8164510403209235
blue_wing,1417,19.0,20.965597515421365,0.7998839724402281
blue_wing,1418,22.0,19.58495303397694,0.7998769982689579
blue_wing,1419,16.0,17.1547008757914,0.8125289219057634
blue_wing,1420,20.0,20.50473302137107,0.8029748512107417
blue_wing,1421,20.0,19.149434109120445,0.7781833116452033
blue_wing,1422,20.0,19.97926075832997,0.7843700988399425
blue_wing,1423,15.0,17.986332884652473,0.7768270551284862
blue_wing,1424,22.0,17.13667992862054,0.8091032861494578
blue_wing,1425,18.0,17.51199799539358,0.8271187941833449
blue_wing,1426,21.0,18.630281750783986,0.8225697637224365
blue_wing,1427,21.0,20.456617088478154,0.7911117515730628
blue_wing,1428,22.0,21.508884191130853,0.8024892589759645
blue_wing,1429,19.0,20.911621060558243,0.7938433109246876
blue_wing,1430,22.0,19.468786659807037,0.7836007147161568
blue_wing,1431,23.0,19.107012661600812,0.8096320560988872
blue_wing,1432,21.0,20.010473904919596,0.7786452906660628
blue_wing,1433,17.0,18.11319705824987,0.7944268733467067
blue_wing,1434,16.0,19.863096235456084,0.8042353622790465
blue_wing,1435,15.0,18.922919141040694,0.7870854581183211
blue_wing,1436,15.0,17.44508495544806,0.7703991510835803
blue_wing,1437,18.0,20.31440815778498,0.7996524138433991
blue_wing,1438,22.0,20.459113753638555,0.8029342848485598
blue_wing,1439,19.0,18.96189699909732,0.8010289363434486
blue_wing,1440,17.0,18.956008908944572,0.799925649086938
blue_wing,1441,18.0,19.450584852182313,0.8200908555343738
blue_wing,1442,18.0,20.073361727734177,0.8083301651226542
blue_wing,1443,21.0,20.155490872156324,0.8256281291989764
blue_wing,1444,18.0,18.667580718048022,0.81873802077432
blue_wing,1445,22.0,23.84610052672209,0.8177078509204788
blue_wing,1446,13.0,18.422687219625363,0.7844364223486067
blue_wing,1447,23.0,21.963595091287026,0.7680210182978643
blue_wing,1448,22.0,22.83256016405067,0.7841193409246345
blue_wing,1449,15.0,20.447554424544084,0.7932031143389029
blue_wing,1450,18.0,18.035388396422032,0.8090296586437683
blue_wing,1451,22.0,19.063939644316594,0.7934151669635147
blue_wing,1452,17.0,19.971971178459068,0.7974689554138863
blue_wing,1453,20.0,20.087710503812684,0.8033697844133594
blue_wing,1454,22.0,23.761719277184078,0.7845099955486214
blue_wing,1455,22.0,17.22749639608169,0.8009877066326074
blue_wing,1456,18.0,18.036584889918718,0.7945987186247293
blue_wing,1457,22.0,19.53579976725028,0.8058945642559995
blue_wing,1458,20.0,18.145720396810756,0.8027248873602204
blue_wing,1459,20.0,20.08266190054479,0.7827207572007253
blue_wing,1460,19.0,19.937108843479734,0.8006348026282586
blue_wing,1461,17.0,21.599572362305928,0.7735622030665668
blue_wing,1462,24.0,22.880100298952293,0.7905765724079982
blue_wing,1463,20.0,19.136730977885872,0.7909776938074272
blue_wing,1464,16.0,19.95696789778147,0.7862078970946171
blue_wing,1465,22.0,20.54433531481981,0.8086830138873711
blue_wing,1466,22.0,22.941792662310377,0.7978371575009933
blue_wing,1467,18.0,19.866470231806343,0.7903430484272388
blue_wing,1468,21.0,21.963933639192025,0.7995380589242291
blue_wing,1469,20.0,20.579022160509155,0.781013588759609
blue_wing,1470,22.0,21.923926891619928,0.8069339628274317
blue_wing,1471,19.0,19.489418932992336,0.816497214061974
blue_wing,1472,17.0,18.069303782587347,0.8216284295584295
blue_wing,1473,22.0,18.08144139004813,0.7946116206971975
blue_wing,1474,15.0,19.505130173593837,0.8203905526041957
blue_wing,1475,15.0,19.484803701938937,0.8263611528715228
blue_wing,1476,22.0,19.467539455989773,0.7879668859221376
blue_wing,1477,20.0,22.266709224810786,0.7882119240559209
blue_wing,1478,22.0,20.007099018379417,0.7875954732501336
blue_wing,1479,15.0,21.680843743661,0.8217946878345581
blue_wing,1480,22.0,20.597951417118114,0.8124090624530795
blue_wing,1481,18.0,20.468333433052877,0.7955013924198824
blue_wing,1482,20.0,19.170655517341785,0.8187012703671572
blue_wing,1483,20.0,16.69333098846259,0.8120210879492351
blue_wing,1484,23.0,20.96827037101059,0.7878730609245272
blue_wing,1485,22.0,18.627391023949247,0.7948960200165152
blue_wing,1486,23.0,20.490988673943484,0.7560282819059936
blue_wing,1487,14.0,16.581560653471804,0.7795625364136958
blue_wing,1488,19.0,18.998822763174793,0.786790805929825
blue_wing,1489,18.0,18.146597220617668,0.8047987058691868
blue_wing,1490,19.0,17.53316833910167,0.8086405384704405
blue_wing,1491,19.0,17.56544350076956,0.8173584922975378
blue_wing,1492,24.0,20.97558836204395,0.7962905901325346
blue_wing,1493,22.0,20.51279298691822,0.7774456201064425
blue_wing,1494,19.0,19.956429780744404,0.8032049122832997
blue_wing,1495,17.0,18.446598055099553,0.8023792422738124
blue_wing,1496,23.0,20.051149305406305,0.8162561224636397
blue_wing,1497,20.0,20.01803788185998,0.8062301937715632
blue_wing,1498,18.0,19.657120793836338,0.7891106761723694
blue_wing,1499,16.0,20.348640985092995,0.7844358654648327
blue_wing,1500,18.0,23.903563288634327,0.8082036561659687
blue_wing,1501,18.0,18.599013649691678,0.8011291971737938
blue_wing,1502,18.0,19.33637008144143,0.7831314505668336
blue_wing,1503,15.0,18.455727025139876,0.8142830705009729
blue_wing,1504,22.0,21.385696678908694,0.7908118104589271
blue_wing,1505,18.0,20.930378037086456,0.7978255867984472
blue_wing,1506,19.0,22.390831598998773,0.7917845558867185
blue_wing,1507,21.0,22.434542992655327,0.8332293778513893
blue_wing,1508,17.0,18.513430007377558,0.8029662059476158
blue_wing,1509,15.0,17.963652682154198,0.7819344754900827
blue_wing,1510,19.0,21.405044915113713,0.7848494744250802
blue_wing,1511,18.0,19.897709192858496,0.8128340761856324
blue_wing,1512,22.0,21.43832713912252,0.8124025166157852
blue_wing,1513,22.0,18.20846238042392,0.7955442552321726
blue_wing,1514,22.0,20.42216364709388,0.806823089543024
blue_wing,1515,23.0,20.050729113696484,0.790412109073354
blue_wing,1516,17.0,19.971204422927883,0.7954694375152633
blue_wing,1517,20.0,19.47022685371878,0.8025588264237702
blue_wing,1518,22.0,22.990883530110523,0.7886281212513226
blue_wing,1519,21.0,19.392761154323207,0.8140181863568656
blue_wing,1520,22.0,19.1040223231194,0.822760444885244
blue_wing,1521,17.0,19.124558251826645,0.7986384551979717
blue_wing,1522,16.0,17.564916867474313,0.8201725307978143
blue_wing,1523,16.0,16.461956638481528,0.8091234261520159
blue_wing,1524,16.0,19.403994317701454,0.7889242108749023
blue_wing,1525,21.0,19.978299524148223,0.7989236736484254
blue_wing,1526,16.0,17.14842869762151,0.8030117255661053
blue_wing,1527,15.0,18.95105324633546,0.7824602887503209
blue_wing,1528,22.0,20.978589471690633,0.7795298528417086
blue_wing,1529,16.0,18.987970777982014,0.7762871143701051
blue_wing,1530,19.0,18.46493121052889,0.7872587571554338
blue_wing,1531,18.0,19.495656241223482,0.8093773307892237
blue_wing,1532,20.0,20.45063371768276,0.7886022389682522
blue_wing,1533,23.0,23.42308413080772,0.7880048966835168
blue_wing,1534,23.0,20.09991015734549,0.7935707438391338
blue_wing,1535,21.0,21.891482182143847,0.8072000820898544
blue_wing,1536,19.0,19.979530825763486,0.7985493997912375
blue_wing,1537,20.0,18.116881465000233,0.803538414942168
blue_wing,1538,18.0,19.417984369132007,0.7805199553986593
blue_wing,1539,23.0,23.31163069683312,0.786002789923096
blue_wing,1540,20.0,20.084395017349443,0.8152692456422121
blue_wing,1541,19.0,19.90960585352562,0.7954408870244105
blue_wing,1542,21.0,22.381658558917213,0.8132655139493039
blue_wing,1543,20.0,19.45870105993026,0.7952802974498003
blue_wing,1544,18.0,17.09094486342254,0.7994706545852596
blue_wing,1545,19.0,19.402750466362253,0.7801335078260221
blue_wing,1546,15.0,19.10840500648972,0.8200910211299052
blue_wing,1547,14.0,18.53840328243566,0.7940053868739203
blue_wing,1548,19.0,17.979447895897998,0.7825787140935443
blue_wing,1549,18.0,20.50290923885772,0.7794695597361252
blue_wing,1550,21.0,23.38746221541918,0.7797445902746142
blue_wing,1551,17.0,20.40456391464581,0.7921483254793755
blue_wing,1552,22.0,19.1735813408836,0.8132417930958575
blue_wing,1553,18.0,19.96282158710682,0.8053024854078857
blue_wing,1554,18.0,19.471335858514053,0.7845425320523742
blue_wing,1555,21.0,18.061434655023763,0.826634470877762
blue_wing,1556,15.0,18.05859848697659,0.7984612591087545
blue_wing,1557,15.0,15.440604671797889,0.8019581825789045
blue_wing,1558,18.0,19.010650954333702,0.7876131841695698
blue_wing,1559,23.0,20.330850599276786,0.8159669525539484
blue_wing,1560,22.0,20.9510009049323,0.7895836993291142
blue_wing,1561,16.0,19.082493181062116,0.8255693321611126
blue_wing,1562,22.0,22.834498548061728,0.7920809166263862
blue_wing,1563,17.0,20.318835707427972,0.7986219914962442
blue_wing,1564,17.0,20.857661593241946,0.8160276373729887
blue_wing,1565,22.0,20.101045455851676,0.8417305524905
blue_wing,1566,19.0,18.950148676286556,0.7876807643601351
blue_wing,1567,22.0,19.802879823236,0.8102073126855233
blue_wing,1568,22.0,19.095504272117637,0.8099866620515725
blue_wing,1569,23.0,21.471941991324773,0.7742169466916106
blue_wing,1570,16.0,19.534607914195075,0.7987472200151529
blue_wing,1571,16.0,20.38314091052865,0.754969655483797
blue_wing,1572,20.0,20.380424718937974,0.7836891261714718
blue_wing,1573,17.0,17.01119810263761,0.7789388967263053
blue_wing,1574,19.0,17.69611499528474,0.8098300112379551
blue_wing,1575,20.0,20.438768847967165,0.7732901130334441
blue_wing,1576,19.0,19.372341462861552,0.7953770571663868
blue_wing,1577,22.0,18.639994271746822,0.7995988686749169
blue_wing,1578,22.0,18.10655478144766,0.8147751289445273
blue_wing,1579,16.0,19.553904757638854,0.8163255453385636
blue_wing,1580,22.0,19.9601107337432,0.7719620843341223
blue_wing,1581,16.0,19.0957348912242,0.8058957975575098
blue_wing,1582,19.0,19.55537254160061,0.801178423670927
blue_wing,1583,22.0,19.45784588775561,0.8007978356429866
blue_wing,1584,22.0,18.513945662073755,0.7812843803667349
blue_wing,1585,23.0,17.614257884494307,0.8059167304844059
blue_wing,1586,19.0,19.597495402673488,0.7989536664497564
blue_wing,1587,26.0,20.483080328929656,0.7950340008368246
blue_wing,1588,22.0,20.04518730832862,0.8026012599601282
blue_wing,1589,22.0,19.1197203533746,0.808404398492015
blue_wing,1590,23.0,20.435094350953857,0.7959630438863244
blue_wing,1591,15.0,18.423387803159745,0.8224198717570285
blue_wing,1592,15.0,20.004796169800848,0.8000172165105299
blue_wing,1593,19.0,20.357932298278843,0.792594418858249
blue_wing,1594,19.0,17.72322668631966,0.7939390480775584
blue_wing,1595,15.0,18.531655788806624,0.7533173117406834
blue_wing,1596,19.0,18.08285565328788,0.7970083972511364
blue_wing,1597,19.0,20.469374851757145,0.7967818863635023
blue_wing,1598,24.0,20.522895285064287,0.7989429257644737
blue_wing,1599,22.0,19.027587937931738,0.7963993346683874
blue_wing,1600,20.0,18.51517720248113,0.8191854277116254
blue_wing,1601,17.0,19.551661261760955,0.7978914495282958
blue_wing,1602,19.0,16.81157175313651,0.8058427197157273
blue_wing,1603,15.0,20.44740295525494,0.79533444641694
blue_wing,1604,23.0,20.500352760145425,0.7473900311699112
blue_wing,1605,22.0,18.533154100003138,0.7893120827635912
blue_wing,1606,19.0,20.009030411065023,0.8050540445142995
blue_wing,1607,18.0,19.591331158999814,0.8380025319521152
blue_wing,1608,23.0,17.628239792299638,0.7803961031947995
blue_wing,1609,23.0,19.010170692338555,0.7990975746880862
blue_wing,1610,21.0,20.341944337231876,0.8151756834943398
blue_wing,1611,19.0,18.011074370527663,0.8114303209666907
blue_wing,1612,16.0,16.573286939512837,0.7981543092178416
blue_wing,1613,16.0,18.04394895555183,0.7982859292141723
blue_wing,1614,16.0,19.00892175887286,0.7908391317023034
blue_wing,1615,24.0,20.01765727224127,0.8203204333783469
blue_wing,1616,15.0,19.388437432078092,0.7934677424511816
blue_wing,1617,23.0,24.75796074156162,0.80695607450886
blue_wing,1618,21.0,19.55879224251295,0.798594976626243
blue_wing,1619,19.0,18.494327834046707,0.7504833535830027
blue_wing,1620,24.0,21.073522626617308,0.8040616812668665
blue_wing,1621,23.0,19.978259253317173,0.7994822636293961
blue_wing,1622,20.0,18.563825562274523,0.7998663222537549
blue_wing,1623,18.0,18.035129377561105,0.7922720823546769
blue_wing,1624,23.0,19.995397502626833,0.7661471676089393
blue_wing,1625,22.0,17.02383253070656,0.7821131766805604
blue_wing,1626,16.0,18.406871014402675,0.7851301313590862
blue_wing,1627,19.0,18.023064871053048,0.7869524378503414
blue_wing,1628,16.0,17.617273824399387,0.8190204395688805
blue_wing,1629,23.0,21.355260001184877,0.8152086534058423
blue_wing,1630,19.0,19.406796649379697,0.8010509892596397
blue_wing,1631,15.0,16.998109373621737,0.8008124700827582
blue_wing,1632,21.0,19.66189805347703,0.7976730554854713
blue_wing,1633,22.0,20.558830119388677,0.8027015975151038
blue_wing,1634,22.0,20.071590439949308,0.7954157335829108
blue_wing,1635,21.0,19.07824810271966,0.8001491966059141
blue_wing,1636,23.0,19.041120309405468,0.8100793963748064
blue_wing,1637,14.0,16.575323694935356,0.8049990242265028
blue_wing,1638,23.0,19.9933781048594,0.7859418945171415
blue_wing,1639,22.0,18.679741727358845,0.7876605645461612
blue_wing,1640,16.0,18.09107446518213,0.7867549920301828
blue_wing,1641,24.0,22.87884720726578,0.7712591794043838
blue_wing,1642,17.0,21.325611072316978,0.7769660333245128
blue_wing,1643,21.0,20.443376638240906,0.7820016611289367
blue_wing,1644,19.0,20.411671785969755,0.7935393671253208
blue_wing,1645,20.0,18.076509179728816,0.8094542434375681
blue_wing,1646,15.0,19.466716192066514,0.7948674002088687
blue_wing,1647,18.0,19.959513691986885,0.8171527856726225
blue_wing,1648,20.0,19.962264223888955,0.7812784266000602
blue_wing,1649,21.0,18.425244027715912,0.7651076152147465
blue_wing,1650,21.0,20.052962866642897,0.7816981641883654
blue_wing,1651,19.0,23.217568853998714,0.8071594681673818
blue_wing,1652,17.0,18.480985663646972,0.7866044547315441
blue_wing,1653,22.0,18.006944413134885,0.7982428758439007
blue_wing,1654,19.0,20.836026260031794,0.7996214866514237
blue_wing,1655,17.0,19.43310919424016,0.7788209089926678
blue_wing,1656,27.0,19.21484873953184,0.7896094328254374
blue_wing,1657,15.0,20.51776856225076,0.8099819323620415
blue_wing,1658,22.0,23.397758392928758,0.8012784757713802
blue_wing,1659,21.0,20.974727650348793,0.8206398492477066
blue_wing,1660,19.0,19.45959569359183,0.7995315887862371
blue_wing,1661,20.0,19.01051795407905,0.819892787875107
blue_wing,1662,22.0,21.83024391329768,0.7851771528499665
blue_wing,1663,16.0,19.560508002372025,0.7883164042127204
blue_wing,1664,17.0,23.73517479099358,0.7967112540933033
blue_wing,1665,19.0,17.610613445621997,0.7936714886781775
blue_wing,1666,22.0,19.64867565060949,0.7970116584483367
blue_wing,1667,22.0,19.503264214061744,0.8048971872573927
blue_wing,1668,17.0,19.153826580835208,0.7818839199631973
blue_wing,1669,22.0,24.1875081171316,0.7897692600820265
blue_wing,1670,16.0,16.963497116875622,0.8011512251961554
blue_wing,1671,15.0,20.026585548402945,0.7887666814117609
blue_wing,1672,19.0,21.343813706165147,0.7955005689062411
blue_wing,1673,21.0,20.141057038064904,0.8083875663028455
blue_wing,1674,19.0,20.3739820889479,0.7814223900867903
blue_wing,1675,23.0,19.630506126863995,0.8018222008385478
blue_wing,1676,19.0,21.908770396845664,0.8198638213996376
blue_wing,1677,16.0,21.27773804336313,0.8055614848869477
blue_wing,1678,15.0,17.02450399984573,0.7936503866079008
blue_wing,1679,20.0,20.070127600312894,0.8065833456377505
blue_wing,1680,16.0,18.829787355393165,0.7995169977570626
blue_wing,1681,18.0,19.328194619537047,0.8142391229531495
blue_wing,1682,22.0,19.551133559909015,0.8021892116726359
blue_wing,1683,17.0,20.942272617653813,0.7800441834510718
blue_wing,1684,18.0,19.02972305788096,0.7978029387795816
blue_wing,1685,17.0,18.233488260216685,0.7698956745416908
blue_wing,1686,16.0,16.9603456096781,0.8149286691769038
blue_wing,1687,17.0,19.314663001806498,0.8202877272291283
blue_wing,1688,20.0,19.06049161949733,0.8188993426096421
blue_wing,1689,20.0,20.02726971013525,0.7931814708968289
blue_wing,1690,18.0,20.053277787136885,0.768985162912855
blue_wing,1691,22.0,17.103741821986034,0.798277820273273
blue_wing,1692,19.0,19.49307790054556,0.8116975155738442
blue_wing,1693,22.0,22.341027657211193,0.7856437823921083
blue_wing,1694,23.0,19.616396450011724,0.776179231010137
blue_wing,1695,23.0,19.616901852781467,0.7898580592783726
blue_wing,1696,15.0,17.40334767994974,0.8049200322718857
blue_wing,1697,19.0,19.479838814380198,0.813439119785488
blue_wing,1698,16.0,17.916144330997472,0.784633084884023
blue_wing,1699,23.0,19.066149289547326,0.7845135235756652
blue_wing,1700,15.0,19.021303707820742,0.823940115059509
blue_wing,1701,20.0,20.00898968859161,0.7861390678286971
blue_wing,1702,19.0,18.059608779755976,0.7990483080585216
blue_wing,1703,22.0,18.469822196890174,0.7858778104513718
blue_wing,1704,25.0,18.836389949309396,0.7931128185197143
blue_wing,1705,20.0,21.93626668046971,0.8048384193938156
blue_wing,1706,22.0,16.65927241039271,0.7829039248225335
blue_wing,1707,23.0,22.331604373195677,0.7681819972388131
blue_wing,1708,16.0,19.455167219792695,0.777988647833787
blue_wing,1709,17.0,18.85998242528526,0.8091953567754777
blue_wing,1710,23.0,20.968014251848157,0.7878108841475266
blue_wing,1711,19.0,19.510455176902248,0.8070092472585901
blue_wing,1712,19.0,19.940876570221896,0.8141868710599423
blue_wing,1713,20.0,21.326157399497152,0.787361157327985
blue_wing,1714,21.0,19.995195444295927,0.7736570609302759
blue_wing,1715,16.0,18.45758216255128,0.8042561788388098
blue_wing,1716,22.0,20.025469807528026,0.8018296897910109
blue_wing,1717,19.0,21.46280020109643,0.8053898804175172
blue_wing,1718,19.0,19.65316878353099,0.8093416871892571
blue_wing,1719,22.0,19.128506344776778,0.7700954807772089
blue_wing,1720,16.0,18.567435762367648,0.7989418501541312
blue_wing,1721,18.0,17.665900802037342,0.8402344324939393
blue_wing,1722,23.0,18.5268402209352,0.815099494947308
blue_wing,1723,24.0,19.07011339424972,0.7954034828776201
blue_wing,1724,22.0,19.985090876462383,0.79555170993913
blue_wing,1725,17.0,19.893185464034968,0.7981087388227608
blue_wing,1726,23.0,19.962234215964227,0.8056208712545113
blue_wing,1727,15.0,17.94045559871951,0.7984716393601679
blue_wing,1728,16.0,19.52498251376046,0.8111218853641591
blue_wing,1729,20.0,19.4839990144996,0.804128134197607
blue_wing,1730,16.0,17.918804081923533,0.7709288913909023
blue_wing,1731,19.0,18.430829342531656,0.7766948158855156
blue_wing,1732,23.0,19.59188736127239,0.8151965235484313
blue_wing,1733,18.0,18.4980223899474,0.7948415521339983
blue_wing,1734,16.0,18.071616777429988,0.7986782384587683
blue_wing,1735,19.0,19.457207366274528,0.786806563422145
blue_wing,1736,19.0,18.59484136971397,0.7876343222168605
blue_wing,1737,19.0,18.212487523246626,0.8074719836071693
blue_wing,1738,24.0,19.194529652002124,0.8012438000683082
blue_wing,1739,15.0,15.699027561723257,0.7932108503542248
blue_wing,1740,20.0,20.43864980319701,0.8079116446952275
blue_wing,1741,17.0,19.928496791402694,0.7913029306093786
blue_wing,1742,22.0,21.918972948423725,0.7876161752747255
blue_wing,1743,23.0,20.03548017098446,0.8164654660407646
blue_wing,1744,18.0,20.44097517072901,0.8133469794721178
blue_wing,1745,13.0,20.715711676370603,0.7660957012141819
blue_wing,1746,16.0,18.01883922674449,0.799846709514981
blue_wing,1747,20.0,18.968502272707163,0.8093133783582017
blue_wing,1748,18.0,18.063546175438464,0.8090334072104693
blue_wing,1749,22.0,18.53544112175609,0.8075654961790782
blue_wing,1750,17.0,19.406550705399685,0.7879207213263998
blue_wing,1751,17.0,18.996845864110533,0.7994105714163409
blue_wing,1752,19.0,17.02616991667007,0.7765547486986721
blue_wing,1753,18.0,20.963166501685137,0.7900475810512263
blue_wing,1754,16.0,18.580748177924566,0.8015767815473815
blue_wing,1755,16.0,17.54726169685861,0.7979863700708218
blue_wing,1756,21.0,20.889911051628715,0.7893932559561809
blue_wing,1757,15.0,18.96426709394998,0.80307906372447
blue_wing,1758,23.0,18.585787113206276,0.8108396013676238
blue_wing,1759,24.0,21.495952808401025,0.7977160021432312
blue_wing,1760,17.0,16.536079173092965,0.8158344322597795
blue_wing,1761,22.0,21.10528444745257,0.7869495048756447
blue_wing,1762,22.0,19.546694851407242,0.832599051817974
blue_wing,1763,21.0,20.475814314200797,0.8170248476780939
blue_wing,1764,17.0,16.617178108571746,0.7828020538701754
blue_wing,1765,18.0,19.43763498266893,0.7939154535409949
blue_wing,1766,16.0,17.482132894587018,0.8092625531611375
blue_wing,1767,22.0,21.53702305424624,0.7947478425519224
blue_wing,1768,17.0,19.946866913022212,0.809997240091316
blue_wing,1769,16.0,19.974537801191385,0.824185837829938
blue_wing,1770,22.0,22.824374851876808,0.8046380325762941
blue_wing,1771,22.0,20.099166285556866,0.8257018101283748
blue_wing,1772,19.0,19.518516191924153,0.7454025298624312
blue_wing,1773,19.0,18.01824233521609,0.8108486044221632
blue_wing,1774,18.0,20.91999013717526,0.8065956662616791
blue_wing,1775,19.0,19.933316071084278,0.789997746571836
blue_wing,1776,15.0,18.438283812635063,0.7879623755769187
blue_wing,1777,21.0,20.485143289523386,0.7936063166732152
blue_wing,1778,18.0,20.29476638968085,0.7839320477156985
blue_wing,1779,19.0,19.06760016478983,0.7916894038982192
blue_wing,1780,22.0,22.822780756194625,0.8163739490377881
blue_wing,1781,17.0,22.871172968021177,0.813249835079773
blue_wing,1782,19.0,19.97621602362871,0.7775756982610633
blue_wing,1783,19.0,18.9663243488532,0.7854942048717981
blue_wing,1784,22.0,18.04909662510606,0.7822400882097242
blue_wing,1785,22.0,21.399201073388923,0.8270389539701855
blue_wing,1786,16.0,21.419610214300427,0.78971743277701
blue_wing,1787,18.0,18.956881158025123,0.805984316383993
blue_wing,1788,16.0,20.50196983658213,0.7745928903044746
blue_wing,1789,22.0,19.55273649201962,0.7954085901799817
blue_wing,1790,19.0,20.890037162984235,0.8131095205617935
blue_wing,1791,20.0,22.88497664787536,0.8174139236138454
blue_wing,1792,23.0,21.898932325349755,0.7944432052955712
blue_wing,1793,22.0,19.48131464502745,0.8067659075646515
blue_wing,1794,24.0,21.5376649677958,0.80880849934532
blue_wing,1795,18.0,18.143036022625807,0.7957249677231992
blue_wing,1796,20.0,20.558858323645968,0.7945304207121586
blue_wing,1797,18.0,18.89934085381945,0.7945562968091457
blue_wing,1798,21.0,19.072785765422317,0.7950414227161804
blue_wing,1799,19.0,20.41052532347827,0.804502820249113
blue_wing,1800,18.0,19.414911146907706,0.7904832676395799
blue_wing,1801,17.0,20.428469533746227,0.8163634683312189
blue_wing,1802,18.0,17.642815545101794,0.7929844832002114
blue_wing,1803,19.0,17.616248028638708,0.8007323489866863
blue_wing,1804,21.0,19.96802847093883,0.8293967583569787
blue_wing,1805,15.0,18.48639588671338,0.7979534048120291
blue_wing,1806,24.0,26.626576435595158,0.8276248279368741
blue_wing,1807,16.0,18.627922620965528,0.8161567097983164
blue_wing,1808,19.0,19.997267342410726,0.8002575315511078
blue_wing,1809,19.0,22.40565331801256,0.8076208687258555
blue_wing,1810,19.0,18.978458631358063,0.8189375155138761
blue_wing,1811,19.0,16.500654273720112,0.8119328767746075
blue_wing,1812,19.0,20.838481867956887,0.7932789098807955
blue_wing,1813,23.0,19.151117113288606,0.7886499409144807
blue_wing,1814,19.0,20.97696305493278,0.7986728175362541
blue_wing,1815,20.0,20.070421230584415,0.8163825918908366
blue_wing,1816,17.0,17.019177486032035,0.797747320140606
blue_wing,1817,20.0,18.931164522843556,0.8037759028817417
blue_wing,1818,24.0,19.15467015411146,0.7953684832962179
blue_wing,1819,22.0,18.178520006637484,0.8036286659004388
blue_wing,1820,22.0,21.37728547964427,0.7918862552565944
blue_wing,1821,16.0,19.824567967043254,0.7855791699580404
blue_wing,1822,19.0,18.980102025516796,0.7939035153071516
blue_wing,1823,19.0,19.489957762549217,0.8247157519244033
blue_wing,1824,19.0,19.896462477245205,0.802754814147121
blue_wing,1825,24.0,20.92764607753809,0.7829748876824167
blue_wing,1826,16.0,17.60066495856452,0.7864667235836469
blue_wing,1827,17.0,18.516220861735597,0.8212003593541943
blue_wing,1828,24.0,21.117201527209318,0.7930242990744476
blue_wing,1829,23.0,19.5654356187603,0.7847892019399236
blue_wing,1830,15.0,17.89299194730921,0.7843313509984716
blue_wing,1831,22.0,19.512545773305632,0.7988278681615189
blue_wing,1832,16.0,20.9393409219863,0.7555961967907379
blue_wing,1833,21.0,18.5016248779371,0.7978215068072705
blue_wing,1834,19.0,19.631534935760193,0.808272358913785
blue_wing,1835,16.0,16.014403735173293,0.8049518355380019
blue_wing,1836,17.0,17.15406559039922,0.784848712010018
blue_wing,1837,21.0,17.566883062667774,0.7809658276144558
blue_wing,1838,17.0,20.384686040458206,0.7479728864937136
blue_wing,1839,15.0,16.61758481929738,0.7752218268373232
blue_wing,1840,16.0,20.46489822736336,0.8003317527568716
blue_wing,1841,24.0,28.085250293130024,0.805467604634406
blue_wing,1842,22.0,19.992378401009695,0.7972225493953522
blue_wing,1843,18.0,19.9637712984944,0.7890843381472032
blue_wing,1844,19.0,19.88855644948881,0.7935751468078303
blue_wing,1845,19.0,19.974463138681333,0.7950858394876048
blue_wing,1846,20.0,19.89974219279722,0.8178168591515333
blue_wing,1847,19.0,20.014211764024346,0.7936423976638656
blue_wing,1848,17.0,20.50876974282535,0.7857802753067398
blue_wing,1849,16.0,18.41456021828659,0.7925064175907554
blue_wing,1850,21.0,19.94329768529091,0.8053142934019198
blue_wing,1851,15.0,16.002589414593803,0.8153747064105992
blue_wing,1852,21.0,22.330028491996423,0.7851544591985827
blue_wing,1853,21.0,20.106731978044362,0.8024358055406373
blue_wing,1854,22.0,20.08371118890943,0.7961588063276515
blue_wing,1855,21.0,19.420638802753132,0.7900203373476569
blue_wing,1856,18.0,21.959252334342082,0.8147807839204984
blue_wing,1857,22.0,20.501323394462165,0.7888826505751652
blue_wing,1858,22.0,17.194210167186707,0.8227883511093903
blue_wing,1859,20.0,21.421636495594562,0.7859294163987853
blue_wing,1860,15.0,19.017104827164115,0.8300155418245662
blue_wing,1861,17.0,21.31942208017663,0.7955025326799714
blue_wing,1862,18.0,17.184776279970595,0.7975606749960893
blue_wing,1863,24.0,21.98923742973411,0.8018023394753768
blue_wing,1864,23.0,25.225984106465685,0.7854697123352222
blue_wing,1865,20.0,19.510870822389446,0.7971759572439723
blue_wing,1866,19.0,21.521725526101267,0.7846803677479929
blue_wing,1867,23.0,19.514954063618838,0.8068720398706477
blue_wing,1868,19.0,18.691356241371967,0.8248994073143786
blue_wing,1869,18.0,15.72075563380849,0.814450088691111
blue_wing,1870,17.0,15.740037884000897,0.8057746789473644
blue_wing,1871,21.0,22.4520114062526,0.8016435108635701
blue_wing,1872,21.0,18.623720425750143,0.7767296697443361
blue_wing,1873,20.0,16.559629586238444,0.8010151167519883
blue_wing,1874,15.0,18.959298409199345,0.8001123082781647
blue_wing,1875,16.0,19.03890356401523,0.7705138476039131
blue_wing,1876,22.0,19.603333085535905,0.8218442940746813
blue_wing,1877,22.0,20.886248952985444,0.8220231367451685
blue_wing,1878,23.0,21.471863355430383,0.7717983368071294
blue_wing,1879,15.0,19.363748355704544,0.8018895691201962
blue_wing,1880,19.0,20.349239612028775,0.7710356273707047
blue_wing,1881,14.0,18.56333963276357,0.8023747491996134
blue_wing,1882,19.0,19.985479761007447,0.8097254192646781
blue_wing,1883,19.0,18.609455583284785,0.8034200796444599
blue_wing,1884,19.0,19.0194268541384,0.7956623676824637
blue_wing,1885,19.0,18.54266622918973,0.8238889729418624
blue_wing,1886,16.0,17.500062305394692,0.832590036336887
blue_wing,1887,15.0,20.86374591742092,0.7982973312300423
blue_wing,1888,21.0,20.020098553217945,0.8203162672492099
blue_wing,1889,22.0,20.905756723254925,0.806580082902224
blue_wing,1890,22.0,18.545447856143323,0.801209685199945
blue_wing,1891,19.0,19.097860351699943,0.7805271700609827
blue_wing,1892,22.0,21.962261282439794,0.8249385585266096
blue_wing,1893,15.0,20.02597897057945,0.7949825833428344
blue_wing,1894,23.0,21.927498134080874,0.8076195063004142
blue_wing,1895,22.0,19.17640768339243,0.7868659599715577
blue_wing,1896,24.0,21.016446284261363,0.800016728479903
blue_wing,1897,17.0,17.573790266293475,0.8051421380497312
blue_wing,1898,19.0,17.189927959934177,0.8175357578482938
blue_wing,1899,15.0,17.88318236486346,0.7966876775263626
blue_wing,1900,23.0,19.082270470537342,0.8113271271415579
blue_wing,1901,22.0,18.120293258355886,0.8111886154906843
blue_wing,1902,23.0,18.10850348640918,0.8018770232243992
blue_wing,1903,21.0,19.4954727134765,0.7902684091580259
blue_wing,1904,20.0,20.95187931142008,0.8025085129556984
blue_wing,1905,22.0,20.58140532900597,0.8057768628308828
blue_wing,1906,15.0,22.271935979092458,0.8194078069670148
blue_wing,1907,14.0,17.545410405769708,0.793547509666207
blue_wing,1908,23.0,20.00519958070544,0.7929600988219003
blue_wing,1909,22.0,18.10142710968367,0.8054487925142202
blue_wing,1910,16.0,18.604340980882487,0.8113432993931947
blue_wing,1911,21.0,20.80167378904351,0.7882664397299524
blue_wing,1912,15.0,17.982132060185325,0.7884037838331559
blue_wing,1913,21.0,22.76877040351164,0.7840630980296565
blue_wing,1914,17.0,19.999769627009954,0.8059281010909161
blue_wing,1915,19.0,16.99609264505897,0.7889524389264012
blue_wing,1916,22.0,20.913951776203724,0.800679395787738
blue_wing,1917,19.0,20.069924762891993,0.773256900164763
blue_wing,1918,17.0,20.109174325776817,0.8066120510478125
blue_wing,1919,20.0,19.525731614933246,0.8020690505516554
blue_wing,1920,23.0,19.08996272182579,0.810491556989922
blue_wing,1921,18.0,18.044476991614573,0.799275435615165
blue_wing,1922,18.0,19.50230259216503,0.7988283817114278
blue_wing,1923,16.0,19.006056780815502,0.7969218821988192
blue_wing,1924,19.0,19.96623018285916,0.7962362169105106
blue_wing,1925,19.0,18.159705760196854,0.806262769748739
blue_wing,1926,17.0,18.553392253130134,0.7833715984482998
blue_wing,1927,19.0,23.314764351990444,0.8089526116105961
blue_wing,1928,22.0,20.933064269643655,0.7895478731300101
blue_wing,1929,23.0,16.771823933112955,0.8158538879770842
blue_wing,1930,15.0,17.111601496065692,0.7875898848678817
blue_wing,1931,23.0,20.997931205037947,0.7925469278598993
blue_wing,1932,20.0,20.378716566337065,0.8148350076093022
blue_wing,1933,19.0,19.980331705509457,0.7944350563999042
blue_wing,1934,19.0,20.38934865555343,0.7886561230396378
blue_wing,1935,23.0,19.477641925789666,0.7831179006858547
blue_wing,1936,21.0,20.937967978637964,0.7888937667894054
blue_wing,1937,20.0,21.056347001743497,0.7654814660329156
blue_wing,1938,19.0,20.462354245352078,0.8161841299484847
blue_wing,1939,23.0,19.448709096531797,0.8152758100134154
blue_wing,1940,20.0,17.50348996038818,0.7926173719646281
blue_wing,1941,17.0,19.03183203640247,0.8140098615941973
blue_wing,1942,22.0,20.396019906079026,0.8176259346630488
blue_wing,1943,18.0,19.54738156910225,0.7924177274819697
blue_wing,1944,18.0,19.49246124467818,0.8207506656753578
blue_wing,1945,22.0,21.44695099499135,0.7904102505069527
blue_wing,1946,19.0,20.997577506908065,0.8119671684638954
blue_wing,1947,16.0,19.485115609478683,0.7915627617181216
blue_wing,1948,22.0,21.42301547676123,0.7925843208170131
blue_wing,1949,24.0,24.601986594688707,0.7571568229696064
blue_wing,1950,23.0,20.047085552245285,0.7746922050714734
blue_wing,1951,23.0,20.882578161857065,0.8076814705697017
blue_wing,1952,23.0,24.537138500062937,0.787621977861809
blue_wing,1953,18.0,17.576387566718086,0.800436537243457
blue_wing,1954,17.0,21.339837541230374,0.814206956433376
blue_wing,1955,16.0,20.873484096026598,0.8049919369929504
blue_wing,1956,19.0,19.94899258767645,0.822452473070417
blue_wing,1957,16.0,18.95766435396027,0.7960093873813848
blue_wing,1958,23.0,20.842018977252557,0.7599257571527671
blue_wing,1959,22.0,19.566434365070844,0.7739377631818789
blue_wing,1960,19.0,18.45714451925174,0.7954622125099369
blue_wing,1961,21.0,19.000416928963507,0.7944607885405066
blue_wing,1962,17.0,20.75076555304098,0.7946088359081316
blue_wing,1963,20.0,19.367013804952638,0.7809070602301259
blue_wing,1964,19.0,21.521589033807196,0.7969830888880853
blue_wing,1965,18.0,18.94735116249178,0.7930958982219752
blue_wing,1966,19.0,19.612328604318243,0.8250385994822393
blue_wing,1967,20.0,20.367854309430967,0.8171070475436177
blue_wing,1968,22.0,17.53796878784244,0.7949604469940481
blue_wing,1969,16.0,21.326772392786342,0.798886375016479
blue_wing,1970,22.0,18.221061352580122,0.8048608347678747
blue_wing,1971,21.0,20.4873031172209,0.7972476199158809
blue_wing,1972,15.0,19.31385544340818,0.7627079593411552
blue_wing,1973,19.0,20.498363711654246,0.8083577497006826
blue_wing,1974,15.0,18.909197861949565,0.7668675135870671
blue_wing,1975,22.0,20.98687694367278,0.8220332556177087
blue_wing,1976,15.0,19.464561278369576,0.829135900612054
blue_wing,1977,19.0,19.373659537907148,0.7601095763288466
blue_wing,1978,19.0,18.485461118946738,0.826036848523873
blue_wing,1979,19.0,20.89448916712448,0.7987249284420946
blue_wing,1980,19.0,20.451029459339484,0.7853778152136395
blue_wing,1981,21.0,20.995107072308613,0.8053008740348254
blue_wing,1982,15.0,20.038545157426345,0.7709994235798696
blue_wing,1983,18.0,17.998012406344213,0.7844207665478999
blue_wing,1984,22.0,19.130603300831414,0.8053475615251962
blue_wing,1985,19.0,19.04058965663936,0.7993251375184097
blue_wing,1986,16.0,19.026482396446376,0.7995347828263558
blue_wing,1987,21.0,23.363659039987642,0.7918861363562051
blue_wing,1988,19.0,18.128992760641587,0.8370991880584576
blue_wing,1989,19.0,18.900832118333767,0.789169990433654
blue_wing,1990,22.0,20.48733946496262,0.8099970217445873
blue_wing,1991,21.0,19.10272471630281,0.7919324063587143
blue_wing,1992,14.0,17.493843082551432,0.8098125902389652
blue_wing,1993,23.0,19.005003820573293,0.7911251182055472
blue_wing,1994,17.0,19.331315565361674,0.789484806129735
blue_wing,1995,21.0,19.42859862488082,0.7721300177784132
blue_wing,1996,21.0,19.036079510231612,0.7958040109161266
blue_wing,1997,15.0,17.97895451699021,0.7746371741227271
blue_wing,1998,22.0,20.977440649396666,0.801498094494023
blue_wing,1999,20.0,18.474108956479956,0.7933061710800073
blue_wing,2000,18.0,18.49211001835799,0.8012492560784843
blue_wing,2001,21.0,18.99463623424824,0.7772415610528087
blue_wing,2002,18.0,18.472803073502515,0.7672936278369729
blue_wing,2003,19.0,19.060577810917913,0.7994797979757742
blue_wing,2004,18.0,18.51593940900324,0.7962011248759489
blue_wing,2005,22.0,20.051564708575505,0.818304900860545
blue_wing,2006,19.0,18.57552314915332,0.7920491655375244
blue_wing,2007,16.0,19.912557379771812,0.8200012889675394
blue_wing,2008,19.0,20.008832589350355,0.7946477243982056
blue_wing,2009,19.0,18.491069423159296,0.8173624010861025
blue_wing,2010,17.0,18.622359001877275,0.8096944011759571
blue_wing,2011,16.0,17.55056558097142,0.8095601516148262
blue_wing,2012,22.0,20.878291711282,0.806359488664594
blue_wing,2013,23.0,19.61621134501671,0.7924385747469664
blue_wing,2014,23.0,21.011897820276154,0.7863148189629512
blue_wing,2015,18.0,18.057599120958173,0.7976887986547904
blue_wing,2016,15.0,20.318428801542815,0.822316308448595
blue_wing,2017,19.0,17.608023435719826,0.7806575317715433
blue_wing,2018,23.0,22.37776487217945,0.794658720277983
blue_wing,2019,18.0,17.118959602481677,0.8274362738817755
blue_wing,2020,19.0,18.66504660987941,0.8038906322055936
blue_wing,2021,22.0,18.50771957133443,0.8082914685650346
blue_wing,2022,15.0,19.453647797403445,0.7899917440505348
blue_wing,2023,19.0,19.88261576187085,0.8107843985739149
blue_wing,2024,20.0,19.489072029646334,0.7851157397801805
blue_wing,2025,16.0,19.59123900981,0.8004030588462474
blue_wing,2026,22.0,20.482619280460547,0.8133355294905351
blue_wing,2027,15.0,18.92049498352484,0.8270590063920675
blue_wing,2028,23.0,19.574834084699813,0.7867989884912014
blue_wing,2029,15.0,18.981253337383354,0.7970962248139848
blue_wing,2030,19.0,19.03841112018174,0.8057539566474505
blue_wing,2031,23.0,20.051710621822533,0.7788826732018141
blue_wing,2032,16.0,18.4315353790367,0.8023242791993332
blue_wing,2033,21.0,19.43365844663898,0.8008882651370479
blue_wing,2034,22.0,23.201908679412846,0.8052926646249484
blue_wing,2035,19.0,18.457521630208642,0.8117269419328416
blue_wing,2036,20.0,21.897867004588,0.8142054413550295
blue_wing,2037,14.0,17.448012156240058,0.7992071329855837
blue_wing,2038,23.0,21.512082968840136,0.8087676899751288
blue_wing,2039,18.0,18.989201052411314,0.8000155925137254
blue_wing,2040,21.0,20.99428278527026,0.7663295730336587
blue_wing,2041,22.0,18.98195854116166,0.7895508120843657
blue_wing,2042,16.0,20.528627280316044,0.7925091356502982
blue_wing,2043,21.0,21.095852326962607,0.8097881147657959
blue_wing,2044,15.0,18.46618999673954,0.7988185052559738
blue_wing,2045,21.0,21.034051985568507,0.797956564548049
blue_wing,2046,23.0,20.066821426740038,0.7911212069050806
blue_wing,2047,19.0,18.058877347246177,0.7992774789698545
blue_wing,2048,17.0,21.475410734120153,0.7905383369230394
blue_wing,2049,16.0,18.981621851500975,0.7833735169844935
blue_wing,2050,14.0,19.020635843144547,0.8057774487468052
blue_wing,2051,21.0,20.184907657549868,0.8048493079893826
blue_wing,2052,22.0,21.986879636487792,0.8113727483459182
blue_wing,2053,19.0,19.520702981325602,0.7768060969495242
blue_wing,2054,20.0,21.871568092923365,0.8114140660170677
blue_wing,2055,14.0,16.63989585168612,0.7856624147083157
blue_wing,2056,22.0,23.33918073825271,0.7821730415542902
blue_wing,2057,18.0,18.502758122845417,0.7756997486403234
blue_wing,2058,16.0,17.984707199489648,0.8121126784522557
blue_wing,2059,19.0,19.005482528828956,0.7927913677640901
blue_wing,2060,16.0,21.81958929179219,0.8030682094835808
blue_wing,2061,21.0,22.05978841955942,0.8035759678278881
blue_wing,2062,15.0,19.910607133455493,0.7850965058630117
blue_wing,2063,23.0,19.09347148354025,0.8030199223285657
blue_wing,2064,21.0,20.369855735613307,0.8063036905415388
blue_wing,2065,16.0,19.513146674834466,0.8102130265109162
blue_wing,2066,22.0,22.404100912674256,0.7981216296618547
blue_wing,2067,23.0,20.504062360762415,0.802539028909713
blue_wing,2068,18.0,16.533071504595156,0.7909017679358847
blue_wing,2069,19.0,16.071903295363178,0.7762899137382746
blue_wing,2070,21.0,18.590726440250137,0.7985001130905531
blue_wing,2071,23.0,19.434176949431933,0.7984062013018847
blue_wing,2072,15.0,20.34844309860365,0.7823818254135613
blue_wing,2073,15.0,18.544548881664756,0.8037601527332348
blue_wing,2074,18.0,20.939152533974273,0.8115620200677042
blue_wing,2075,19.0,18.67867522855647,0.7754506379636633
blue_wing,2076,22.0,19.978127770520878,0.7907057416515884
blue_wing,2077,23.0,20.007655128392997,0.7825832140896701
blue_wing,2078,22.0,20.057985117503836,0.8096675104623541
blue_wing,2079,18.0,19.491646593674666,0.7914726175011173
blue_wing,2080,22.0,16.200965887757683,0.7997148975530306
blue_wing,2081,17.0,18.97074293801728,0.8015414324686334
blue_wing,2082,17.0,21.44186471739477,0.7991954761995218
blue_wing,2083,22.0,18.52164634411382,0.8066421597925457
blue_wing,2084,21.0,18.639546724108307,0.8154608315665859
blue_wing,2085,23.0,20.507424933723335,0.8247425599123004
blue_wing,2086,19.0,20.053664495307267,0.8161853747461649
blue_wing,2087,20.0,18.675789638221634,0.8000869556918826
blue_wing,2088,15.0,17.577762318133377,0.7952716873428484
blue_wing,2089,23.0,19.577062011983685,0.8021323443185827
blue_wing,2090,19.0,19.458292741694688,0.8227506926666825
blue_wing,2091,16.0,18.52953253615791,0.7670449606173662
blue_wing,2092,20.0,19.033689391815674,0.8124453435095933
blue_wing,2093,16.0,20.955593236698785,0.7944635175432944
blue_wing,2094,24.0,19.01059392822695,0.7908179084897754
blue_wing,2095,16.0,21.45952025918131,0.7934342271869705
blue_wing,2096,22.0,19.0426522712458,0.7874085397244461
blue_wing,2097,21.0,18.1180993286246,0.7925223565321275
blue_wing,2098,21.0,19.15281452805517,0.8260210484140806
blue_wing,2099,19.0,12.336297051727232,0.8171410788214217
blue_wing,2100,22.0,19.40572147983309,0.7941292029232022
blue_wing,2101,17.0,20.94280853995503,0.7953533680864794
blue_wing,2102,18.0,19.873970103243952,0.816712508675475
blue_wing,2103,16.0,13.621922583404348,0.7959264228001665
blue_wing,2104,19.0,19.558430063490626,0.8035728204006471
blue_wing,2105,23.0,21.57752149935466,0.8136721136034303
blue_wing,2106,22.0,21.04249017637097,0.7997130682626266
blue_wing,2107,17.0,20.39318190156985,0.7760200001873998
blue_wing,2108,15.0,19.34268891342441,0.781873610945595
blue_wing,2109,16.0,16.06266948492081,0.7950666613786043
blue_wing,2110,21.0,17.58740638787021,0.7729032960004973
blue_wing,2111,20.0,15.964117047851266,0.7931772998967629
blue_wing,2112,23.0,21.528668030047474,0.7912974719425694
blue_wing,2113,19.0,19.45339106051033,0.8069892072584139
blue_wing,2114,16.0,20.37720140835885,0.8047514147406956
blue_wing,2115,20.0,20.568899339881533,0.8118436406713524
blue_wing,2116,17.0,19.036287431002304,0.8000977070113211
blue_wing,2117,17.0,18.98154257596223,0.7668372940502703
blue_wing,2118,21.0,21.107654845511597,0.8140052844945529
blue_wing,2119,22.0,20.04193465965754,0.8082734182844129
blue_wing,2120,15.0,20.78146595946483,0.8028510884078177
blue_wing,2121,15.0,17.054263112966296,0.8193668225196631
blue_wing,2122,19.0,17.168771670829198,0.7967961639890095
blue_wing,2123,16.0,19.992098042041075,0.7896743038468379
blue_wing,2124,22.0,21.988150678269406,0.7976448673404268
blue_wing,2125,16.0,18.014512757353486,0.7995700737911359
blue_wing,2126,18.0,18.96184849438172,0.8019818736414768
blue_wing,2127,22.0,17.08133431611891,0.7900265071826735
blue_wing,2128,16.0,19.439660373788364,0.7727250659181574
blue_wing,2129,15.0,14.680100912826406,0.8175466027368892
blue_wing,2130,23.0,18.56634493524287,0.8126062496430706
blue_wing,2131,22.0,20.04858948901442,0.7979880818855566
blue_wing,2132,15.0,19.94454696372023,0.7976974412691447
blue_wing,2133,18.0,19.4359942691191,0.7945727366071168
blue_wing,2134,15.0,18.590904375870586,0.8009428371082215
blue_wing,2135,21.0,19.493821253961045,0.7993667277254217
blue_wing,2136,18.0,20.12130107694608,0.8078967449928935
blue_wing,2137,20.0,19.988613921747827,0.805889536617745
blue_wing,2138,22.0,18.68037298720269,0.7881468844878945
blue_wing,2139,22.0,20.44887331379317,0.7577814663499116
blue_wing,2140,23.0,20.048789950507818,0.7831142728483362
blue_wing,2141,21.0,20.868574166057698,0.7768655471478425
blue_wing,2142,16.0,20.33058446845528,0.7911437696082422
blue_wing,2143,23.0,22.02023024291625,0.804993633777352
blue_wing,2144,16.0,19.510843828741006,0.7938632302758489
blue_wing,2145,19.0,18.055197221152955,0.8032867681683333
blue_wing,2146,15.0,15.659218164060517,0.7989988373447523
blue_wing,2147,17.0,17.106413757416398,0.7784435586218159
blue_wing,2148,18.0,19.435718176425283,0.7888486371058652
blue_wing,2149,18.0,19.511403248768808,0.798792621401308
blue_wing,2150,16.0,18.030556420380655,0.8127996150992071
blue_wing,2151,22.0,18.982093846186057,0.8067150645388999
blue_wing,2152,23.0,18.142106253806368,0.8119071048715407
blue_wing,2153,19.0,19.386014235916353,0.7859900018374848
blue_wing,2154,19.0,19.555464849433655,0.7975189491054844
blue_wing,2155,23.0,19.08052899319523,0.7943156064309762
blue_wing,2156,19.0,18.14116542985009,0.7957454156620474
blue_wing,2157,15.0,19.42866542829312,0.7892092135980879
blue_wing,2158,19.0,19.518920591453526,0.8144553448014468
blue_wing,2159,15.0,17.48190778269835,0.7893193515346557
blue_wing,2160,15.0,18.12765839320376,0.7995005115281653
blue_wing,2161,18.0,21.38902491196833,0.8012916490786359
blue_wing,2162,16.0,19.453331438112134,0.7903096602687841
blue_wing,2163,19.0,18.13780791926066,0.8091921094339773
blue_wing,2164,23.0,22.343044938364088,0.8018020604014784
blue_wing,2165,18.0,18.50118153637961,0.8207256561577152
blue_wing,2166,16.0,21.380269034348924,0.8055658197453544
blue_wing,2167,22.0,18.9944062872912,0.7992653214731005
blue_wing,2168,19.0,16.62346662308657,0.7758680051166488
blue_wing,2169,19.0,19.88485209726771,0.8180831879005777
blue_wing,2170,18.0,18.002188852132512,0.8269110122894474
blue_wing,2171,19.0,19.55394649461481,0.8048189647673972
blue_wing,2172,22.0,21.96290600220098,0.8167303416392427
blue_wing,2173,22.0,20.51628464742496,0.8060626024266941
blue_wing,2174,18.0,19.5438122649632,0.8124365033882996
blue_wing,2175,22.0,19.551145608868644,0.782563738238541
blue_wing,2176,24.0,22.113793562321234,0.8083508585719843
blue_wing,2177,18.0,19.550892782566702,0.8049620341647968
blue_wing,2178,16.0,18.95644138264963,0.8039077095387785
blue_wing,2179,15.0,19.405882734965573,0.768116348336553
blue_wing,2180,24.0,19.93865104326078,0.802176942313236
blue_wing,2181,16.0,18.070075991067245,0.8081437753616102
blue_wing,2182,22.0,21.353730527776705,0.7893642114452174
blue_wing,2183,16.0,17.12288228125792,0.7947323631361984
blue_wing,2184,22.0,20.05669134986153,0.7967440230351266
blue_wing,2185,23.0,19.527759715703144,0.7910664395828164
blue_wing,2186,16.0,20.454797052484857,0.7955988699736263
blue_wing,2187,21.0,20.949208102381498,0.7913636335928114
blue_wing,2188,23.0,20.549537885169936,0.8166767564850812
blue_wing,2189,19.0,16.671274784430437,0.7873541778771584
blue_wing,2190,15.0,16.629700345541664,0.7898007304648531
blue_wing,2191,19.0,18.934108421481103,0.7951490359839803
blue_wing,2192,17.0,18.468234017571625,0.8074925149724208
blue_wing,2193,19.0,17.64229056089619,0.8210484515874015
blue_wing,2194,18.0,19.469791825638485,0.8097081345399387
blue_wing,2195,20.0,20.405012915651664,0.8041639791834172
blue_wing,2196,19.0,17.632033527365515,0.7809963588404328
blue_wing,2197,18.0,18.999424563577303,0.8118509902012265
blue_wing,2198,21.0,20.072271651909695,0.8047604783486203
blue_wing,2199,14.0,21.368878639220654,0.7906019281894955
blue_wing,2200,22.0,20.015685602455925,0.7999898300754713
blue_wing,2201,19.0,21.86951657479168,0.7909009029788909
blue_wing,2202,19.0,18.54463446395956,0.8358093629111056
blue_wing,2203,19.0,20.91720151515141,0.8075211312762882
blue_wing,2204,22.0,19.014736250203228,0.8126715235027248
blue_wing,2205,19.0,18.13664806110056,0.7897739954736658
blue_wing,2206,22.0,19.725305147338076,0.8270716821499084
blue_wing,2207,17.0,18.647865573449007,0.7951338643359909
blue_wing,2208,20.0,19.491410253399884,0.7961825833318557
blue_wing,2209,22.0,21.427557546972448,0.8097594787118765
blue_wing,2210,18.0,19.444595961515216,0.7909575094123875
blue_wing,2211,18.0,19.049535433412426,0.8057074846116611
blue_wing,2212,15.0,19.97525303936321,0.8054428566165936
blue_wing,2213,15.0,19.447768119824342,0.7944638731045681
blue_wing,2214,19.0,18.522238311874823,0.8281900863046108
blue_wing,2215,19.0,17.556252889139103,0.8135053438291655
blue_wing,2216,21.0,20.487561674617627,0.7768622932434903
blue_wing,2217,21.0,17.639800279533283,0.7887754038547545
blue_wing,2218,16.0,19.95140128108325,0.8129145258706484
blue_wing,2219,15.0,18.439486132356535,0.7942384869911676
blue_wing,2220,18.0,21.492173655699776,0.8054881434217194
blue_wing,2221,20.0,16.86736008419959,0.8195081446015817
blue_wing,2222,24.0,18.588919333857756,0.8076177216767069
blue_wing,2223,19.0,17.077275412861656,0.8231573269861817
blue_wing,2224,23.0,19.125576239694176,0.8104662493520971
blue_wing,2225,23.0,20.99981208454081,0.8324048458753599
blue_wing,2226,21.0,20.914067573606044,0.787068501801459
blue_wing,2227,24.0,19.5418509505826,0.8087518986808349
blue_wing,2228,15.0,18.41317489915839,0.810583228840479
blue_wing,2229,21.0,16.153892800095452,0.8083979971915854
blue_wing,2230,21.0,18.14112193577645,0.790807254306574
blue_wing,2231,19.0,19.989296789185932,0.8129455442639697
blue_wing,2232,15.0,16.048042728450575,0.7906303030963113
blue_wing,2233,18.0,20.026135758302782,0.8270672665367751
blue_wing,2234,17.0,19.456006432943685,0.8084695087106377
blue_wing,2235,22.0,19.596353410784268,0.7985289451589666
blue_wing,2236,20.0,20.030696107999727,0.7862462071135261
blue_wing,2237,18.0,19.04250300851734,0.7987144154860277
blue_wing,2238,22.0,21.33534968751496,0.813750646588778
blue_wing,2239,23.0,20.117534708366065,0.80593006828277
blue_wing,2240,19.0,19.072919675230633,0.7751929067563466
blue_wing,2241,24.0,20.533159770814287,0.7846294864273762
blue_wing,2242,23.0,19.542456742235363,0.7977361559772966
blue_wing,2243,26.0,20.13779026497609,0.7941837749574164
blue_wing,2244,15.0,18.540774134365286,0.780356365894267
blue_wing,2245,17.0,19.47896392421158,0.8029731669564667
blue_wing,2246,16.0,15.21575228499139,0.8081445799990018
blue_wing,2247,23.0,20.93026404374787,0.7886328141977355
blue_wing,2248,23.0,19.981062688514093,0.8234546440605606
blue_wing,2249,23.0,20.04700596465441,0.7988562702623214
blue_wing,2250,19.0,19.52778079063901,0.7818887814514216
blue_wing,2251,18.0,16.69703047069498,0.8047519159416558
blue_wing,2252,19.0,19.047958191737642,0.7963721500610877
blue_wing,2253,19.0,21.319975936495478,0.8238708925788338
blue_wing,2254,21.0,20.975702531419703,0.7670385101008355
blue_wing,2255,19.0,19.527338676252718,0.8045198786021341
blue_wing,2256,21.0,19.119979876732653,0.798395831381006
blue_wing,2257,23.0,20.54997220497407,0.7826185164891801
blue_wing,2258,18.0,16.126962911550297,0.8132928346443506
blue_wing,2259,15.0,14.274351843470255,0.8274509258382854
blue_wing,2260,17.0,20.465818792350575,0.785741116927775
blue_wing,2261,19.0,18.528038078516417,0.7981147630583836
blue_wing,2262,19.0,20.871698564916883,0.779907904333984
blue_wing,2263,16.0,17.52798525008472,0.8048446644335128
blue_wing,2264,19.0,18.02609261655428,0.8159792600087415
blue_wing,2265,14.0,16.45654792976434,0.8068362347236299
blue_wing,2266,16.0,18.375270256614375,0.7939893125646119
blue_wing,2267,16.0,21.429883697271183,0.7900036819489238
blue_wing,2268,22.0,20.20196945798579,0.8110595740726461
blue_wing,2269,17.0,19.91836665618556,0.8106084285086005
blue_wing,2270,23.0,21.385240575439134,0.8158227739287917
blue_wing,2271,21.0,19.424873172520844,0.7974027322094741
blue_wing,2272,19.0,19.963639190852156,0.7736345643339246
blue_wing,2273,23.0,22.42029068522937,0.8047174573183444
blue_wing,2274,22.0,19.989038643932513,0.783616751233577
blue_wing,2275,22.0,20.033843824194737,0.7917242585870329
blue_wing,2276,16.0,17.2672150017975,0.7962683923095311
blue_wing,2277,15.0,19.05923333471697,0.8078959256535823
blue_wing,2278,23.0,21.932885202207355,0.8150636271045177
blue_wing,2279,21.0,15.636829705923931,0.8027498519192077
blue_wing,2280,18.0,17.100133513115516,0.8155257331939756
blue_wing,2281,15.0,19.029563346994923,0.7842936481052685
blue_wing,2282,21.0,20.046453867889984,0.8008617546212882
blue_wing,2283,16.0,18.959351042964848,0.7987839752352877
blue_wing,2284,19.0,18.523779700692046,0.8155440421477795
blue_wing,2285,22.0,20.068038277471125,0.7859564427482195
blue_wing,2286,20.0,19.467701852748352,0.8058428980694547
blue_wing,2287,18.0,18.026090970348577,0.8193643112331978
blue_wing,2288,15.0,19.015464486265724,0.8010919139170227
blue_wing,2289,23.0,20.497963766152036,0.8320401359302306
blue_wing,2290,18.0,18.494361808805078,0.7882450525193434
blue_wing,2291,21.0,21.88865835469736,0.7918151771322971
blue_wing,2292,18.0,18.53856738950281,0.7986874434946863
blue_wing,2293,19.0,16.619714563075195,0.798223230448832
blue_wing,2294,22.0,20.398387852460353,0.8027897277166774
blue_wing,2295,17.0,14.333553030782411,0.7906611863228006
blue_wing,2296,15.0,19.49001476513402,0.8043591050103527
blue_wing,2297,20.0,21.053621041753324,0.7969618566886887
blue_wing,2298,21.0,20.9991053780537,0.8081559585925377
blue_wing,2299,22.0,21.072309245160866,0.7908394891112367
blue_wing,2300,22.0,20.50660212185518,0.7830708538431618
blue_wing,2301,20.0,19.52081779742489,0.7956283867390688
blue_wing,2302,23.0,20.044128521404254,0.8007841749783606
blue_wing,2303,18.0,18.004513028343784,0.8168718347213955
blue_wing,2304,22.0,19.16918431665402,0.8044866267453757
blue_wing,2305,17.0,18.924984715961884,0.7771803846291798
blue_wing,2306,19.0,17.06938407330968,0.8182409691012316
blue_wing,2307,18.0,20.074759768612747,0.7929081366350265
blue_wing,2308,17.0,17.551852875586363,0.8122622524331693
blue_wing,2309,20.0,19.65232856979405,0.8047409400104437
blue_wing,2310,23.0,24.812691719845404,0.785696836375996
blue_wing,2311,17.0,18.509830025884934,0.8058512167223394
blue_wing,2312,18.0,19.034922977696784,0.829971358950836
blue_wing,2313,16.0,16.13313354075068,0.8227388210162563
blue_wing,2314,19.0,18.941397324283514,0.8108256045793354
blue_wing,2315,22.0,18.209541080163955,0.8249872942634824
blue_wing,2316,22.0,21.084372207352125,0.8046662909530238
blue_wing,2317,16.0,18.57353420433185,0.8203231478446487
blue_wing,2318,23.0,20.85612546704715,0.8003931295123852
blue_wing,2319,15.0,19.884145766249798,0.7864488065813051
blue_wing,2320,19.0,17.085266964045626,0.7798724332105972
blue_wing,2321,24.0,22.474578996379392,0.8047906041639116
blue_wing,2322,22.0,20.969326176409815,0.8140421881331674
blue_wing,2323,19.0,19.935833234177636,0.8010397628920867
blue_wing,2324,19.0,21.003610093910744,0.784443916950698
blue_wing,2325,18.0,20.38147150526454,0.8087371742048384
blue_wing,2326,23.0,18.124691342557178,0.8049953216342811
blue_wing,2327,20.0,19.462417491880075,0.8072952704426284
blue_wing,2328,23.0,19.584522285268157,0.7817403271078415
blue_wing,2329,16.0,17.63292775956034,0.8033656861910501
blue_wing,2330,20.0,17.59017612405002,0.777421465670981
blue_wing,2331,18.0,19.89014949069418,0.8083918309914172
blue_wing,2332,17.0,19.465823473307665,0.7907722761561629
blue_wing,2333,19.0,18.15329591721855,0.7741831076362983
blue_wing,2334,17.0,19.087396178025188,0.8018119308776548
blue_wing,2335,21.0,14.756022112370712,0.7876687012334789
blue_wing,2336,23.0,20.589858027255,0.8233427771874559
blue_wing,2337,18.0,18.48573393209358,0.8063477680928716
blue_wing,2338,19.0,16.643683017666618,0.7902382976129569
blue_wing,2339,15.0,19.032671129988376,0.7865614808766092
blue_wing,2340,23.0,19.481510239946683,0.7746237308587445
blue_wing,2341,19.0,16.62413833981554,0.8131872162799807
blue_wing,2342,19.0,18.07517637347055,0.8036366468853342
blue_wing,2343,17.0,17.075638592640853,0.7967704184548113
blue_wing,2344,20.0,19.49772620702093,0.7666257234898719
blue_wing,2345,16.0,18.557076873907594,0.7707120939400198
blue_wing,2346,21.0,20.30546267043759,0.8084202814643563
blue_wing,2347,19.0,20.027271476262488,0.8090777591664353
blue_wing,2348,16.0,18.949180374783154,0.7815876929244983
blue_wing,2349,20.0,21.491988302068293,0.8016719161107446
blue_wing,2350,21.0,20.93251091030963,0.8011430040767586
blue_wing,2351,19.0,16.682955935967712,0.8107509378089867
blue_wing,2352,22.0,21.028599837439078,0.7886918103265669
blue_wing,2353,22.0,19.054727392964022,0.8122902595406277
blue_wing,2354,17.0,17.96857252151208,0.8002025593825144
blue_wing,2355,19.0,18.92734861763865,0.8163942568661957
blue_wing,2356,23.0,20.093517486096953,0.8285597747942031
blue_wing,2357,22.0,21.94394321830684,0.8328422200368457
blue_wing,2358,21.0,19.43116371948267,0.8000510046802706
blue_wing,2359,22.0,18.13609827275828,0.773969372801904
blue_wing,2360,18.0,20.932056257844255,0.7954329287580779
blue_wing,2361,22.0,19.054946046671883,0.78918929012152
blue_wing,2362,22.0,20.52675442209021,0.8072488510660659
blue_wing,2363,22.0,21.049769748905764,0.7816216518617394
blue_wing,2364,16.0,20.03222286281066,0.8007144936649572
blue_wing,2365,21.0,20.03871959200478,0.7977166645403225
blue_wing,2366,21.0,21.35267481566811,0.7910597316968093
blue_wing,2367,19.0,18.939448274407518,0.7957771244309655
blue_wing,2368,19.0,19.49723735875216,0.7907266993160333
blue_wing,2369,22.0,17.724819828123472,0.7943344255181021
blue_wing,2370,14.0,19.098284401223957,0.7914467888289309
blue_wing,2371,23.0,22.42889481435873,0.7952876104290186
blue_wing,2372,17.0,18.421555526110513,0.790373882495503
blue_wing,2373,20.0,21.322750605336168,0.7922977930074107
blue_wing,2374,20.0,18.953146348984728,0.8109171825449293
blue_wing,2375,20.0,22.374889396743892,0.8174089506167604
blue_wing,2376,19.0,19.500421021495928,0.7933049182077229
blue_wing,2377,22.0,17.609359976479794,0.8089176651187702
blue_wing,2378,23.0,21.047148445385922,0.7646693299840064
blue_wing,2379,17.0,20.03599709598942,0.797826130454831
blue_wing,2380,21.0,18.612699143890566,0.7922715968908198
blue_wing,2381,22.0,18.65140485538187,0.796233753405965
blue_wing,2382,19.0,18.025312363117838,0.78999266811951
blue_wing,2383,18.0,18.064597460240705,0.8065618556875044
blue_wing,2384,21.0,18.594860731963053,0.7545971135217102
blue_wing,2385,18.0,18.492580699942668,0.7839886338433344
blue_wing,2386,17.0,18.994046500882234,0.7883125081330431
blue_wing,2387,16.0,21.39132384179791,0.7756162819645349
blue_wing,2388,24.0,22.795038627317997,0.8179292494113546
blue_wing,2389,22.0,18.09182595418682,0.8094016250068339
blue_wing,2390,16.0,18.790276427200045,0.82427679161228
blue_wing,2391,22.0,21.572166314373593,0.7646120431178496
blue_wing,2392,22.0,18.47890033042797,0.7820587128041246
blue_wing,2393,15.0,19.0428015612109,0.8038767850678761
blue_wing,2394,19.0,19.393603745002018,0.8097428748928415
blue_wing,2395,22.0,19.088896247345186,0.8028102117513293
blue_wing,2396,23.0,20.501554751489937,0.814038495828312
blue_wing,2397,19.0,18.9866332206007,0.773639841801427
blue_wing,2398,22.0,16.547937832485506,0.7733952478645534
blue_wing,2399,20.0,19.48017722536968,0.7983132228257543
blue_wing,2400,20.0,19.945526542678568,0.8198448896646798
blue_wing,2401,20.0,19.565840291063836,0.7691166390169564
blue_wing,2402,18.0,18.047312508967053,0.7815724995878078
blue_wing,2403,19.0,18.562496238067663,0.7849308509050041
blue_wing,2404,20.0,16.959853229192873,0.8069742214907886
blue_wing,2405,19.0,15.167741844060794,0.8159896211430943
blue_wing,2406,21.0,18.99454937585986,0.8134592353603258
blue_wing,2407,22.0,18.997741887074806,0.7817748401597981
blue_wing,2408,19.0,20.408054704536717,0.7979122411920152
blue_wing,2409,19.0,19.51214450696111,0.7943713108749508
blue_wing,2410,17.0,19.018822696208993,0.8158742198919351
blue_wing,2411,21.0,20.807622171284343,0.7942891834693617
blue_wing,2412,22.0,18.569506261552558,0.7928498856701679
blue_wing,2413,22.0,20.980273043710802,0.7975616652654369
blue_wing,2414,22.0,21.025921257549008,0.8328585756164031
blue_wing,2415,27.0,25.32574245043963,0.794035772072313
blue_wing,2416,18.0,17.427190424741767,0.8112099057793116
blue_wing,2417,21.0,20.586376382419946,0.7913335034437381
blue_wing,2418,18.0,18.031206533418867,0.7847990852599493
blue_wing,2419,20.0,20.402394962537834,0.7842190391381609
blue_wing,2420,19.0,20.49170898958525,0.7931639919440246
blue_wing,2421,17.0,19.32980656236247,0.7948526389866695
blue_wing,2422,18.0,17.51615753183608,0.783792210645901
blue_wing,2423,20.0,19.43840489790409,0.7963094192795147
blue_wing,2424,23.0,21.077189531023137,0.7998428744696381
blue_wing,2425,19.0,19.04312198259075,0.7937142830905359
blue_wing,2426,20.0,22.368496756068296,0.7775633928468342
blue_wing,2427,19.0,20.075024238979378,0.7792771810319268
blue_wing,2428,18.0,18.88471009569133,0.7798582201055312
blue_wing,2429,24.0,21.468732626968883,0.8163426519512645
blue_wing,2430,20.0,18.531616543242595,0.7730086657157212
blue_wing,2431,18.0,16.589135021271264,0.8052874213627562
blue_wing,2432,16.0,19.39796923519408,0.7957408796333363
blue_wing,2433,20.0,20.435386352092834,0.8072634068816168
blue_wing,2434,19.0,18.551905975001993,0.8316686905709467
blue_wing,2435,19.0,22.31804387843487,0.7871235518654489
blue_wing,2436,23.0,21.457548722598023,0.8261949583999808
blue_wing,2437,22.0,21.900968033576024,0.802866965780872
blue_wing,2438,22.0,22.889782576458025,0.7884788744346547
blue_wing,2439,19.0,17.554656190436436,0.7871569745612316
blue_wing,2440,19.0,20.839667968853224,0.8122420799044412
blue_wing,2441,22.0,19.622818237965078,0.8044494722490945
blue_wing,2442,17.0,15.613407757136107,0.7860566731731646
blue_wing,2443,19.0,18.52905419436417,0.7984537738315716
blue_wing,2444,23.0,19.115265828352843,0.8114653148340792
blue_wing,2445,22.0,23.310497199416698,0.7974707896731801
blue_wing,2446,23.0,18.192474998936824,0.7939729212557378
blue_wing,2447,20.0,21.374789448628047,0.7961594259512186
blue_wing,2448,15.0,20.4961523897607,0.7999637646744627
blue_wing,2449,23.0,19.918787359268897,0.7508645042890297
blue_wing,2450,21.0,17.949076031822194,0.796265852742773
blue_wing,2451,22.0,21.058570544546605,0.8060434678066465
blue_wing,2452,21.0,17.246893963695598,0.80591404061247
blue_wing,2453,23.0,20.612236864333727,0.791681588117646
blue_wing,2454,21.0,21.045702271272187,0.797264338803833
blue_wing,2455,17.0,17.468511188199606,0.8040512271092681
blue_wing,2456,23.0,18.119509160626013,0.8176376192688752
blue_wing,2457,23.0,22.400271640200714,0.8083197844778943
blue_wing,2458,26.0,19.673102381052733,0.8117338125170638
blue_wing,2459,20.0,18.9937439646792,0.7783775254459463
blue_wing,2460,21.0,18.557387708583317,0.7767502152090744
blue_wing,2461,19.0,19.93242615542452,0.8061849553087985
blue_wing,2462,23.0,21.947714620872844,0.8100016444995422
blue_wing,2463,21.0,17.08180412376542,0.7801922941646482
blue_wing,2464,23.0,23.42014060246356,0.7826239024209015
blue_wing,2465,18.0,20.497165255913227,0.8114087424482875
blue_wing,2466,23.0,21.028170854266687,0.7878126269566134
blue_wing,2467,17.0,16.63579439273761,0.8152955090224299
blue_wing,2468,15.0,18.69046958566056,0.8006917181413968
blue_wing,2469,16.0,18.88350508859885,0.7932938560718409
blue_wing,2470,16.0,18.360489531783777,0.8096850800242366
blue_wing,2471,19.0,15.691601736695363,0.8104317544063263
blue_wing,2472,16.0,18.993778103755965,0.7847995080888512
blue_wing,2473,25.0,22.018487240102367,0.7990926902248556
blue_wing,2474,15.0,19.900868168466083,0.8230512842160407
blue_wing,2475,17.0,18.186709030081637,0.8140314749412512
blue_wing,2476,16.0,19.11369923737477,0.7865399955830785
blue_wing,2477,22.0,21.479788683378924,0.7925532770140187
blue_wing,2478,17.0,19.02851098203918,0.816013232105272
blue_wing,2479,16.0,18.449853874673526,0.8045788263421163
blue_wing,2480,14.0,22.68223026911698,0.804243876779315
blue_wing,2481,19.0,19.493020931007308,0.806946527024182
blue_wing,2482,18.0,18.123572313822432,0.8064576838224271
blue_wing,2483,23.0,20.05168134549996,0.8100757438819751
blue_wing,2484,14.0,18.06403000182458,0.7999871990382966
blue_wing,2485,17.0,20.515584911210972,0.7964595254925897
blue_wing,2486,23.0,18.161397129002722,0.7990904584699579
blue_wing,2487,24.0,20.441521857579538,0.7827940276512146
blue_wing,2488,19.0,19.075927700912175,0.8127890236653681
blue_wing,2489,23.0,20.505536637913938,0.819646416437614
blue_wing,2490,18.0,17.041399799960182,0.7812869074297714
blue_wing,2491,19.0,19.94047255097592,0.8016343276271478
blue_wing,2492,15.0,18.975472148549006,0.80220655546639
blue_wing,2493,22.0,20.00159860452979,0.7823264765009279
blue_wing,2494,15.0,17.57375956294145,0.7908666331496277
blue_wing,2495,22.0,17.125951112702094,0.8006730368419572
blue_wing,2496,21.0,19.48232331783885,0.8004112578504918
blue_wing,2497,23.0,21.48687904304307,0.807898413274847
blue_wing,2498,22.0,20.018184996436734,0.8069027655317329
blue_wing,2499,19.0,16.140913999509046,0.8002575421916122
blue_wing,2500,16.0,20.590071624913197,0.7937447985571622
blue_wing,2501,19.0,19.478339056635555,0.821916246686095
blue_wing,2502,22.0,19.365092886214274,0.7959476790684991
blue_wing,2503,21.0,18.588511653501016,0.8069440111809383
blue_wing,2504,18.0,15.668881280577843,0.8311498437443422
blue_wing,2505,19.0,17.970030800616,0.7931553803941745
blue_wing,2506,16.0,19.155658925752956,0.8040711737579652
blue_wing,2507,16.0,18.481409828396334,0.7998372704633785
blue_wing,2508,16.0,20.440559528135903,0.7842606720816104
blue_wing,2509,15.0,16.958697387765103,0.7781109821230917
blue_wing,2510,22.0,21.918912166306146,0.7870939582940687
blue_wing,2511,22.0,21.043848591564092,0.8251079175084174
blue_wing,2512,17.0,21.278929116534496,0.8167250687219771
blue_wing,2513,16.0,17.11709143326471,0.7833033032605352
blue_wing,2514,20.0,18.03443784307293,0.8154928488094209
blue_wing,2515,18.0,19.034911250285663,0.7864673115451124
blue_wing,2516,22.0,21.448955832536576,0.7852878317940566
blue_wing,2517,22.0,17.610012580047687,0.8064176170169606
blue_wing,2518,22.0,20.579264667724512,0.812111238206769
blue_wing,2519,19.0,21.019196026352905,0.8175496304877514
blue_wing,2520,17.0,19.607203610118006,0.7846532717861114
blue_wing,2521,18.0,15.64745553284497,0.8126509328686773
blue_wing,2522,17.0,21.374488774067142,0.8013225615384905
blue_wing,2523,22.0,18.143084259628917,0.7635466526654804
blue_wing,2524,22.0,18.58040093950077,0.7742823498589485
blue_wing,2525,16.0,18.099200835792914,0.8123605298031893
blue_wing,2526,20.0,21.747910026331798,0.8049400530184163
blue_wing,2527,19.0,19.967561072737777,0.8159873949054697
blue_wing,2528,22.0,19.9033876785253,0.78811688012823
blue_wing,2529,16.0,18.87661424258701,0.791847509986093
blue_wing,2530,18.0,17.60529024676269,0.812307451555321
blue_wing,2531,17.0,18.548270449627296,0.8091025569295511
blue_wing,2532,20.0,18.494009968962878,0.7725857141503367
blue_wing,2533,18.0,18.5523656739819,0.7962884708908378
blue_wing,2534,20.0,19.589285127825146,0.8152858701872856
blue_wing,2535,19.0,18.131005923265043,0.8084352779936022
blue_wing,2536,15.0,19.31729735459133,0.7660176600833013
blue_wing,2537,21.0,20.95631501581016,0.8226501237154829
blue_wing,2538,21.0,18.103727886654962,0.7869772531380725
blue_wing,2539,18.0,20.847157468171236,0.784612821469872
blue_wing,2540,19.0,20.88426568015049,0.8059941305120686
blue_wing,2541,19.0,19.96819604984121,0.8134462750841605
blue_wing,2542,18.0,21.247151717490734,0.8007306269208074
blue_wing,2543,17.0,23.393360662988187,0.8110613861608689
blue_wing,2544,20.0,20.15784631929165,0.8069816225416812
blue_wing,2545,18.0,18.13044333816084,0.8072995847097817
blue_wing,2546,22.0,19.624586806360103,0.7755303173726453
blue_wing,2547,21.0,21.839612740914024,0.7981550595664737
blue_wing,2548,17.0,17.492787068661418,0.8048494374188768
blue_wing,2549,15.0,19.398394447100372,0.782061616282584
blue_wing,2550,16.0,20.9343230238524,0.7942096263122187
blue_wing,2551,24.0,17.676952216744755,0.8116617205957211
blue_wing,2552,17.0,16.659663526176445,0.8194798612288484
blue_wing,2553,21.0,17.101735372353023,0.7646211458487153
blue_wing,2554,18.0,17.99610059575493,0.8226786128686936
blue_wing,2555,20.0,19.539824104457654,0.8005099228637765
blue_wing,2556,22.0,19.064621770909135,0.8013528562863257
blue_wing,2557,18.0,16.880758883428907,0.8089483043740399
blue_wing,2558,17.0,20.911183789454974,0.7839207855143515
blue_wing,2559,17.0,18.482623536433465,0.8348483237192431
blue_wing,2560,19.0,19.88501874671931,0.814820330872239
blue_wing,2561,21.0,25.714067467538047,0.7879926612020188
blue_wing,2562,22.0,20.05692687883789,0.7831063523450923
blue_wing,2563,19.0,19.097123078018768,0.7772176323859802
blue_wing,2564,19.0,18.091066106300634,0.804091161993935
blue_wing,2565,20.0,18.925346003935537,0.7844636674288281
blue_wing,2566,22.0,17.279691010980777,0.8199423352765876
blue_wing,2567,17.0,18.967495576636633,0.8091116308316393
blue_wing,2568,23.0,16.681583605520334,0.8137069264974781
blue_wing,2569,22.0,18.52906750722438,0.7938103359866054
blue_wing,2570,20.0,21.866079245741968,0.8063417059090691
blue_wing,2571,19.0,16.082386110411715,0.8021811927900102
blue_wing,2572,22.0,21.97566978103171,0.797862770743585
blue_wing,2573,20.0,19.386647938104687,0.7863399366040398
blue_wing,2574,22.0,19.49949176464446,0.7922460361057564
blue_wing,2575,18.0,17.901441056418953,0.80111168494548
blue_wing,2576,21.0,18.096569471793998,0.8060662301846646
blue_wing,2577,19.0,19.078785944693333,0.7961111622968926
blue_wing,2578,23.0,19.995676517321048,0.8092517166387068
blue_wing,2579,20.0,20.1222014071381,0.7816054668478105
blue_wing,2580,23.0,21.475650664182545,0.8071960931872886
blue_wing,2581,19.0,17.56541550474968,0.7925992383608187
blue_wing,2582,17.0,19.92676588023763,0.7835780327739555
blue_wing,2583,18.0,20.357376203510213,0.8038159847654819
blue_wing,2584,18.0,17.11918607926627,0.7960216362011454
blue_wing,2585,17.0,20.99868427033384,0.7830770707943745
blue_wing,2586,15.0,17.876214230061862,0.7867817470914248
blue_wing,2587,19.0,21.63122517362685,0.8144940683214984
blue_wing,2588,19.0,20.89936771564675,0.800004496152322
blue_wing,2589,23.0,20.133983048046442,0.7835639775933056
blue_wing,2590,17.0,18.92962881750179,0.798099013689486
blue_wing,2591,19.0,21.973397307563893,0.8115420290637387
blue_wing,2592,17.0,17.443769478251795,0.787141777051973
blue_wing,2593,19.0,19.57055581758669,0.789783298985155
blue_wing,2594,15.0,20.962914382142948,0.7660906180031477
blue_wing,2595,20.0,22.34383164031002,0.7961023861047715
blue_wing,2596,25.0,20.996947384617346,0.8198652274351413
blue_wing,2597,19.0,19.059501713505604,0.8183585745965435
blue_wing,2598,19.0,20.00658492004771,0.8102243431183931
blue_wing,2599,18.0,18.203843093214022,0.8144025324088664
blue_wing,2600,18.0,19.918211716575666,0.8016395652119321
blue_wing,2601,15.0,18.88855737108044,0.8061631970768257
blue_wing,2602,15.0,17.927392161672653,0.8147259374249209
blue_wing,2603,18.0,19.003998600341994,0.8019522501361704
blue_wing,2604,17.0,20.420429592515987,0.7722205353337149
blue_wing,2605,21.0,18.034409145981073,0.7799395007023895
blue_wing,2606,23.0,20.11388286185781,0.7740879867157322
blue_wing,2607,19.0,19.46134539568154,0.7826528275518803
blue_wing,2608,22.0,21.129026471488658,0.8322090848096075
blue_wing,2609,19.0,18.042113057077238,0.8189461341296125
blue_wing,2610,15.0,18.096685423605273,0.8139727864870298
blue_wing,2611,17.0,19.93814348671175,0.7776989162859604
blue_wing,2612,19.0,17.511321817847268,0.8201499868882164
blue_wing,2613,23.0,19.031169448966402,0.8169103370333823
blue_wing,2614,22.0,21.042769743487206,0.7751637184726012
blue_wing,2615,18.0,18.015621584597476,0.7875984407752941
blue_wing,2616,23.0,21.48668541670638,0.791072674441394
blue_wing,2617,19.0,15.28008854121441,0.7895166312473415
blue_wing,2618,22.0,21.005964520977123,0.8122768806194665
blue_wing,2619,20.0,20.49443685319163,0.7836586352426587
blue_wing,2620,23.0,21.509332774597834,0.8082860214105021
blue_wing,2621,22.0,18.114381559046574,0.7991844410601716
blue_wing,2622,23.0,19.460425216225516,0.7990249312232538
blue_wing,2623,15.0,19.35979818743277,0.7709870753006941
blue_wing,2624,21.0,19.560530557748688,0.7878048754529745
blue_wing,2625,19.0,18.552918539240626,0.8020242133247316
blue_wing,2626,21.0,18.546199439645687,0.7947008247050082
blue_wing,2627,20.0,18.593340039977214,0.7774662966636343
blue_wing,2628,19.0,22.926271978562472,0.8023537116926563
blue_wing,2629,20.0,17.61441380676159,0.8264226338088563
blue_wing,2630,22.0,20.482023936424074,0.8312255416593821
blue_wing,2631,19.0,17.113279520470236,0.8016750966475994
blue_wing,2632,23.0,20.519533707071922,0.799414510905134
blue_wing,2633,17.0,17.124909158368702,0.783715377823093
blue_wing,2634,22.0,18.56820648139378,0.8127717428043544
blue_wing,2635,22.0,19.909350248028463,0.8167827412406613
blue_wing,2636,19.0,17.62146531369785,0.8043684003376126
blue_wing,2637,26.0,19.600897512713253,0.7777288307155741
blue_wing,2638,23.0,21.404524171163068,0.8021968437880862
blue_wing,2639,17.0,22.37533500863347,0.8125100012363922
blue_wing,2640,17.0,19.05793273644742,0.8193312047673411
blue_wing,2641,19.0,22.468714045900185,0.8050932136713451
blue_wing,2642,21.0,20.498895641329437,0.7955468010597972
blue_wing,2643,19.0,20.419797270952056,0.8134613071793257
blue_wing,2644,20.0,17.496190379635095,0.7840894309966797
blue_wing,2645,14.0,16.357121427324532,0.8076045559053018
blue_wing,2646,17.0,19.492377061047897,0.7869775648098203
blue_wing,2647,17.0,19.965265938454884,0.7836523468188035
blue_wing,2648,22.0,19.48459199036971,0.8015601085459154
blue_wing,2649,22.0,22.332653592484537,0.8065284449073099
blue_wing,2650,22.0,19.44820863330295,0.7670788523417581
blue_wing,2651,16.0,17.078788722407726,0.8177628574337432
blue_wing,2652,22.0,20.017215754913607,0.8114980538871981
blue_wing,2653,19.0,16.672111100242777,0.7918482843773551
blue_wing,2654,15.0,18.418692298896744,0.8094601606006053
blue_wing,2655,22.0,17.132117306917966,0.8170598988885995
blue_wing,2656,18.0,17.725587689727462,0.7970834681759372
blue_wing,2657,21.0,20.045254886583745,0.8084675060977866
blue_wing,2658,20.0,18.46371951095997,0.8115552186619086
blue_wing,2659,19.0,19.010615843389555,0.7855242235847321
blue_wing,2660,15.0,19.10030484273795,0.8092688999417919
blue_wing,2661,19.0,20.442158574641347,0.8065934887728268
blue_wing,2662,25.0,21.031370860578658,0.7811152654477744
blue_wing,2663,16.0,24.12210169743581,0.7794125407194636
blue_wing,2664,19.0,21.468930971211908,0.7880560788670885
blue_wing,2665,16.0,18.58970439899701,0.7896582450463556
blue_wing,2666,16.0,17.949647199884204,0.8123176617159007
blue_wing,2667,18.0,18.549273103474086,0.8159746137845285
blue_wing,2668,22.0,19.94989066557962,0.7983826491685513
blue_wing,2669,14.0,18.977037178923975,0.7838020757184132
blue_wing,2670,20.0,19.474421460271405,0.7945959990353064
blue_wing,2671,17.0,18.961183405336325,0.793888116539037
blue_wing,2672,20.0,19.50390786880494,0.799870595057261
blue_wing,2673,23.0,20.046878714180185,0.7990818264283297
blue_wing,2674,17.0,19.353247469340964,0.8117519579068431
blue_wing,2675,19.0,19.147152775797558,0.7704077502763182
blue_wing,2676,18.0,19.01445639309084,0.8179764867143051
blue_wing,2677,18.0,20.887194193361825,0.7834785084844909
blue_wing,2678,23.0,21.867277189045673,0.7853329125321094
blue_wing,2679,22.0,21.47008270130406,0.8195228109376314
blue_wing,2680,16.0,20.01422293724675,0.7984453955434632
blue_wing,2681,20.0,18.941243753122517,0.7750232966769424
blue_wing,2682,18.0,17.527306922289547,0.8086964459550978
blue_wing,2683,18.0,19.971512228195333,0.7958301054298451
blue_wing,2684,23.0,20.52645259131091,0.8067182967070665
blue_wing,2685,19.0,20.45610995359932,0.804930900728198
blue_wing,2686,18.0,17.08798967745264,0.7978721679792348
blue_wing,2687,19.0,17.90850045516678,0.7895905636568763
blue_wing,2688,21.0,21.49144108440959,0.7774551328668913
blue_wing,2689,19.0,20.022284214992425,0.8128785056872729
blue_wing,2690,19.0,17.973611758625005,0.7945565131317278
blue_wing,2691,21.0,20.814124166545465,0.7977176756937807
blue_wing,2692,19.0,18.086791702417646,0.793422218451497
blue_wing,2693,19.0,17.070948466053945,0.7659855686603882
blue_wing,2694,23.0,20.536002955782727,0.7961441762783585
blue_wing,2695,20.0,21.460790793292517,0.774459327076052
blue_wing,2696,15.0,14.260285544720416,0.7728494513323885
blue_wing,2697,20.0,20.343299719815683,0.7862884288461309
blue_wing,2698,16.0,16.549113035158896,0.7880697232970871
blue_wing,2699,19.0,18.464294292954154,0.8335271973609
blue_wing,2700,16.0,17.615417719074753,0.8084143889678017
blue_wing,2701,18.0,14.199488857582311,0.8085522490993365
blue_wing,2702,15.0,18.489964673408213,0.7985401520905832
blue_wing,2703,20.0,20.920894353173505,0.7856159689423038
blue_wing,2704,19.0,18.50177861796228,0.8161965827102479
blue_wing,2705,20.0,19.439810993359234,0.7974281818096842
blue_wing,2706,19.0,16.616849820174917,0.7910577909108241
blue_wing,2707,22.0,21.795218058324593,0.8173490374542467
blue_wing,2708,23.0,21.435436686305316,0.7807099923409608
blue_wing,2709,20.0,21.4479946870031,0.8029340097150468
blue_wing,2710,20.0,19.950118448189865,0.795140233585159
blue_wing,2711,22.0,20.187488664280345,0.8150414300894431
blue_wing,2712,18.0,17.10794474899572,0.8089444113272541
blue_wing,2713,23.0,21.039989089616537,0.7920998752455781
blue_wing,2714,16.0,19.000017482942607,0.791701477867967
blue_wing,2715,16.0,19.939366933771964,0.8089130553446198
blue_wing,2716,19.0,18.584907165058677,0.8007622464297071
blue_wing,2717,18.0,18.161262762152166,0.8276854819708239
blue_wing,2718,18.0,17.35321938884046,0.8157109011303871
blue_wing,2719,21.0,19.081165095615138,0.7891475380077844
blue_wing,2720,21.0,19.60599513556709,0.809378112951931
blue_wing,2721,23.0,21.072022720826734,0.8115384347091945
blue_wing,2722,17.0,18.032508785629076,0.8097864142397527
blue_wing,2723,18.0,18.46977820605895,0.7847762642023528
blue_wing,2724,22.0,20.51755825442657,0.7758286711684573
blue_wing,2725,22.0,19.601889989049848,0.7978799030279474
blue_wing,2726,18.0,20.607954156404755,0.8129380418907248
blue_wing,2727,22.0,19.992750761362363,0.8024437009089216
blue_wing,2728,16.0,16.1983393625722,0.8060614273851803
blue_wing,2729,18.0,22.283282217406498,0.7857418738998974
blue_wing,2730,18.0,19.52700544000667,0.8124188814317834
blue_wing,2731,18.0,19.03975576385928,0.8114530695074198
blue_wing,2732,23.0,21.829075109383425,0.7941843086396092
blue_wing,2733,19.0,20.429628311508377,0.7808026742075027
blue_wing,2734,20.0,20.00945897131129,0.8038247268063428
blue_wing,2735,17.0,18.99786419960923,0.7949864926470778
blue_wing,2736,24.0,21.911649083374854,0.8093228816351125
blue_wing,2737,18.0,19.920779608882814,0.7814605031547465
blue_wing,2738,18.0,20.874678499791123,0.804912847354244
blue_wing,2739,15.0,18.55473797422871,0.8033346554547292
blue_wing,2740,19.0,19.97799815086431,0.835437485075068
blue_wing,2741,21.0,20.414054149866857,0.8088340235885194
blue_wing,2742,23.0,17.612629124216944,0.8069349468836114
blue_wing,2743,20.0,18.596206601928767,0.7821503540603513
blue_wing,2744,25.0,18.16093989733458,0.8133324657286092
blue_wing,2745,22.0,21.472796335468054,0.8153831135675771
blue_wing,2746,20.0,18.753065821709356,0.8196132886500165
blue_wing,2747,23.0,18.122410600278577,0.8005305775677429
blue_wing,2748,20.0,21.560151437252394,0.8020334182033655
blue_wing,2749,18.0,18.40181092886644,0.8043704185922227
blue_wing,2750,15.0,17.474989382792437,0.7893839029593985
blue_wing,2751,20.0,18.102827156691582,0.7915278127625227
blue_wing,2752,23.0,20.537383514673035,0.8228689752745413
blue_wing,2753,20.0,17.56449595035054,0.7873182669822838
blue_wing,2754,23.0,21.48781181467107,0.7899461992871769
blue_wing,2755,14.0,17.018395364228994,0.78727891747514
blue_wing,2756,15.0,20.371291736785086,0.790205484083566
blue_wing,2757,20.0,20.044624174727193,0.7863259096103937
blue_wing,2758,19.0,21.000419919474705,0.8087386683344188
blue_wing,2759,22.0,17.5767889468043,0.7772165455228675
blue_wing,2760,16.0,18.00668518646912,0.8210560905119049
blue_wing,2761,19.0,19.044998319845583,0.7984276677917335
blue_wing,2762,23.0,21.068474629971504,0.7938924993536252
blue_wing,2763,15.0,21.41046776842321,0.8027717792155569
blue_wing,2764,23.0,21.488630523511713,0.8071538616881302
blue_wing,2765,17.0,19.911844764271162,0.801279788706065
blue_wing,2766,17.0,20.3818293666084,0.7876166172629855
blue_wing,2767,21.0,18.51952161590863,0.8003450151283111
blue_wing,2768,23.0,21.81458435709031,0.783647106340492
blue_wing,2769,18.0,19.0158931755315,0.7986495924782115
blue_wing,2770,19.0,19.59541175436884,0.8113468058643247
blue_wing,2771,22.0,20.87053196846495,0.7801974227615953
blue_wing,2772,22.0,20.984265068794866,0.7937133660888791
blue_wing,2773,17.0,20.033529056427152,0.7749675735209816
blue_wing,2774,19.0,21.024483396508888,0.7881079963488739
blue_wing,2775,22.0,20.900029350035712,0.8221201125858559
blue_wing,2776,15.0,18.877437178750032,0.8327737787049909
blue_wing,2777,22.0,21.0114427163848,0.763762692609512
blue_wing,2778,16.0,16.080172634595392,0.7801185885573791
blue_wing,2779,16.0,22.441247622495062,0.7931880190617228
blue_wing,2780,21.0,17.598383582381796,0.8088741372059909
blue_wing,2781,23.0,21.447538329387775,0.8238094088653029
blue_wing,2782,18.0,20.066271753149124,0.7984772456653872
blue_wing,2783,16.0,19.005252109057,0.7616795962645677
blue_wing,2784,22.0,19.091272484270785,0.7678447758742026
blue_wing,2785,19.0,23.226570443954444,0.8178151522413051
blue_wing,2786,19.0,19.973865116099997,0.8092762750673244
blue_wing,2787,21.0,19.961069591110036,0.8111321164355547
blue_wing,2788,17.0,20.958632323686185,0.8012015083098301
blue_wing,2789,15.0,15.610953635057031,0.8014888490996044
blue_wing,2790,21.0,19.834150179558588,0.8321185518859753
blue_wing,2791,20.0,18.513526769975346,0.7962124884453385
blue_wing,2792,18.0,22.797310612909822,0.8085681043389323
blue_wing,2793,19.0,22.28121045448259,0.8378439066485719
blue_wing,2794,19.0,20.859089002131576,0.7731900051857568
blue_wing,2795,19.0,18.556607653934403,0.7987895470615529
blue_wing,2796,16.0,17.063668091777146,0.7852174369288263
blue_wing,2797,16.0,18.518123982074574,0.8099567581779958
blue_wing,2798,20.0,19.485593722245678,0.7699353474155397
blue_wing,2799,19.0,18.593758277604344,0.802180956911733
blue_wing,2800,15.0,19.511095916780093,0.7645336689824762
blue_wing,2801,22.0,17.205227694184195,0.7722874680622922
blue_wing,2802,21.0,20.482990450160738,0.8167426423665655
blue_wing,2803,16.0,16.67055131339468,0.7931858230196709
blue_wing,2804,15.0,17.111080922336587,0.8039132438010359
blue_wing,2805,18.0,18.560507457618417,0.798378855890727
blue_wing,2806,18.0,21.268268332353962,0.8060309373803649
blue_wing,2807,21.0,19.628113544190015,0.777184464731806
blue_wing,2808,21.0,17.701232402125303,0.80197001376264
blue_wing,2809,18.0,17.02708015181837,0.8034188533517257
blue_wing,2810,23.0,19.711984014101606,0.8002374812106456
blue_wing,2811,17.0,18.004612566522873,0.7695522874167959
blue_wing,2812,19.0,19.056342912350722,0.7967901819180647
blue_wing,2813,21.0,19.91882073285067,0.7915135476916213
blue_wing,2814,18.0,20.442520027506998,0.7990376429681049
blue_wing,2815,22.0,19.0609554717156,0.8150593416779981
blue_wing,2816,22.0,18.198021063242855,0.8004987992645288
blue_wing,2817,22.0,18.467638680933803,0.7858378083643498
blue_wing,2818,24.0,19.959716245280415,0.8204488351276691
blue_wing,2819,21.0,17.075050877381326,0.8026876572846928
blue_wing,2820,19.0,20.93469728073601,0.8078823795560854
blue_wing,2821,16.0,16.522432044066136,0.7845200144017992
blue_wing,2822,20.0,17.621276906749166,0.7913591945140828
blue_wing,2823,22.0,20.399012022540234,0.7806989837859574
blue_wing,2824,17.0,17.07434645513817,0.7839275827647938
blue_wing,2825,20.0,20.349606964086593,0.781776692380598
blue_wing,2826,19.0,20.05134922398101,0.8031885013025557
blue_wing,2827,20.0,21.44453163542568,0.7917268577071128
blue_wing,2828,16.0,22.226947076938096,0.7828776932980284
blue_wing,2829,23.0,25.20554533772493,0.8070313476107607
blue_wing,2830,22.0,18.986561865740846,0.8047149207880571
blue_wing,2831,18.0,19.94537994383432,0.806424046698349
blue_wing,2832,19.0,18.043248315715314,0.792183716445384
blue_wing,2833,23.0,24.745486717717036,0.8219313263503383
blue_wing,2834,16.0,19.4878108554934,0.8051286117193744
blue_wing,2835,15.0,18.431589210883686,0.8086927296765618
blue_wing,2836,22.0,19.58301852242463,0.7861797289063595
blue_wing,2837,18.0,18.521458573851785,0.7994941420238708
blue_wing,2838,18.0,17.560444568634107,0.8117411880497568
blue_wing,2839,18.0,19.913539663540302,0.8229308219336222
blue_wing,2840,22.0,20.47378512875203,0.7912872998050837
blue_wing,2841,16.0,17.681286428673488,0.7980505915193576
blue_wing,2842,19.0,22.784251387945606,0.7933890800458814
blue_wing,2843,17.0,16.505664320166925,0.8013623654614412
blue_wing,2844,21.0,20.07194307687853,0.7996600669978114
blue_wing,2845,23.0,17.683547002178567,0.7956849819595122
blue_wing,2846,19.0,18.802121659811167,0.8077783084259347
blue_wing,2847,19.0,18.960687949381903,0.8078492318859825
blue_wing,2848,22.0,20.941821211093117,0.8152043044683916
blue_wing,2849,22.0,17.19837592407802,0.7983116408173639
blue_wing,2850,25.0,22.38870969531202,0.8063571909136897
blue_wing,2851,16.0,18.537919281877198,0.7894979091832754
blue_wing,2852,20.0,19.111619073957595,0.8124076854572999
blue_wing,2853,15.0,17.02036614494852,0.8073879706325573
blue_wing,2854,19.0,17.61110531174983,0.7777022495272031
blue_wing,2855,18.0,19.05264690124415,0.7997610265209567
blue_wing,2856,24.0,16.21364813232153,0.7966959909470848
blue_wing,2857,19.0,21.4130479594242,0.7767199378852969
blue_wing,2858,22.0,19.979843823870343,0.8109798407569343
blue_wing,2859,22.0,20.02006495097637,0.7791365779885822
blue_wing,2860,18.0,19.008962447586455,0.7977563561723724
blue_wing,2861,20.0,19.060949852751776,0.7918811495334224
blue_wing,2862,20.0,20.416483605793857,0.8040836423747301
blue_wing,2863,19.0,19.53982088108083,0.8184063383458033
blue_wing,2864,19.0,18.963969524736605,0.78794116032299
blue_wing,2865,19.0,23.37087523383878,0.7825403205581081
blue_wing,2866,20.0,17.527944010579933,0.7943393446313174
blue_wing,2867,21.0,25.21936728199364,0.7844810112131434
blue_wing,2868,14.0,16.191709033919985,0.8033305121979473
blue_wing,2869,22.0,20.48097157196742,0.8253598124126018
blue_wing,2870,16.0,20.35006703328536,0.8120984265031382
blue_wing,2871,19.0,18.03287786415769,0.8123634498006409
blue_wing,2872,23.0,17.66752435012632,0.8102522917904951
blue_wing,2873,19.0,19.457893045472126,0.7788766060855618
blue_wing,2874,19.0,19.456319154973137,0.8079907571976429
blue_wing,2875,16.0,17.936899923062136,0.7749695052781884
blue_wing,2876,17.0,17.948267359022246,0.8081405700475662
blue_wing,2877,23.0,18.97790007100912,0.7999793881282242
blue_wing,2878,19.0,18.90142346764392,0.803732747776462
blue_wing,2879,21.0,21.38541715205438,0.7987961663099148
blue_wing,2880,19.0,18.682333704197575,0.7874976345717378
blue_wing,2881,19.0,21.02785001709793,0.8031693709004899
blue_wing,2882,18.0,19.44146848283637,0.7726655839695147
blue_wing,2883,22.0,23.85220156438748,0.8064891822954326
blue_wing,2884,19.0,18.033392590021638,0.7871261343347
blue_wing,2885,19.0,19.9157369985828,0.8067604565924851
blue_wing,2886,16.0,16.196747206082737,0.8106291720595045
blue_wing,2887,20.0,18.95861683862514,0.8107479495281692
blue_wing,2888,20.0,19.62219380178158,0.803549038193025
blue_wing,2889,18.0,19.095563456224994,0.7879584124014081
blue_wing,2890,21.0,18.63882735561754,0.7977516050902209
blue_wing,2891,17.0,20.03707621792408,0.7574075599104773
blue_wing,2892,18.0,19.50216779084725,0.8331813064019173
blue_wing,2893,23.0,19.986925275108046,0.8007658089497416
blue_wing,2894,20.0,18.93530416549077,0.794282010849922
blue_wing,2895,22.0,20.055959862979883,0.8075405873919295
blue_wing,2896,27.0,22.469068433396526,0.8159011551302164
blue_wing,2897,22.0,18.173565636861778,0.7950584622811931
blue_wing,2898,21.0,20.53032275040209,0.8243069861732799
blue_wing,2899,22.0,21.99637278248571,0.8104592204636721
blue_wing,2900,18.0,17.071314561967622,0.7938988882851912
blue_wing,2901,23.0,20.479405983403765,0.8379768716197231
blue_wing,2902,15.0,17.381184667137838,0.771512552118371
blue_wing,2903,20.0,19.012756954711893,0.8197572064599882
blue_wing,2904,24.0,20.58988871345599,0.7802560488633101
blue_wing,2905,20.0,17.073406077692578,0.8226041868630181
blue_wing,2906,22.0,19.925728208362866,0.8021790973188346
blue_wing,2907,16.0,18.59746604419801,0.8150325495896195
blue_wing,2908,19.0,18.679283957469934,0.8027751069872691
blue_wing,2909,18.0,18.546467896091002,0.8021597412062385
blue_wing,2910,23.0,21.498508584612818,0.7767719009189538
blue_wing,2911,19.0,22.27847427412352,0.8127812722093581
blue_wing,2912,16.0,18.056122208459694,0.8203528890455276
blue_wing,2913,20.0,21.954565744919165,0.8054723366203905
blue_wing,2914,23.0,19.067603086498824,0.7691660489624104
blue_wing,2915,17.0,20.993188144177015,0.81172228271541
blue_wing,2916,18.0,16.986981579849484,0.8120023390441352
blue_wing,2917,21.0,20.288526808301384,0.7903176984569333
blue_wing,2918,22.0,21.98627728095979,0.7899041023626467
blue_wing,2919,20.0,18.613818427804524,0.7686149731704868
blue_wing,2920,16.0,18.610698661146035,0.7784693996945247
blue_wing,2921,17.0,18.374655934245137,0.8025150639479777
blue_wing,2922,23.0,20.597925612976145,0.7761752628609871
blue_wing,2923,21.0,17.033392270393733,0.816049677446281
blue_wing,2924,22.0,20.403318348069696,0.7921486880825052
blue_wing,2925,18.0,20.389383795643308,0.7952657892828389
blue_wing,2926,19.0,19.49350481777494,0.8018145719492729
blue_wing,2927,17.0,16.090442383298324,0.7931766789347521
blue_wing,2928,19.0,20.136474555382645,0.8035621824221302
blue_wing,2929,20.0,18.180132303553364,0.8034050381815792
blue_wing,2930,16.0,20.267429499915057,0.8038858157042788
blue_wing,2931,21.0,18.54808687514747,0.7862432550719956
blue_wing,2932,22.0,19.427434113970538,0.804603523360207
blue_wing,2933,19.0,21.05313933731598,0.8152325063100176
blue_wing,2934,16.0,16.202633880932645,0.7732203213521142
blue_wing,2935,22.0,19.088710499607018,0.8142698830354239
blue_wing,2936,19.0,17.560221403785764,0.7910248430314006
blue_wing,2937,19.0,18.15572866266077,0.8288095639263253
blue_wing,2938,22.0,17.553529067325268,0.803708887924841
blue_wing,2939,16.0,20.460309751920658,0.7950682416516581
blue_wing,2940,17.0,20.102791148675003,0.7910500504386061
blue_wing,2941,18.0,17.687623399860527,0.8080529651066295
blue_wing,2942,24.0,20.628312766784237,0.8109161238293836
blue_wing,2943,19.0,18.030348682775088,0.8029942766386553
blue_wing,2944,25.0,20.95884419528957,0.8115911290004307
blue_wing,2945,20.0,21.496447843614366,0.8026728918943287
blue_wing,2946,20.0,20.49542285196888,0.7792769003556572
blue_wing,2947,21.0,20.663305654791227,0.8018487832371983
blue_wing,2948,15.0,17.985598519691962,0.8143325893773263
blue_wing,2949,18.0,18.572171437502337,0.8328940642571308
blue_wing,2950,19.0,18.019655868439074,0.7948231669223522
blue_wing,2951,24.0,20.520184589718085,0.8043600656662551
blue_wing,2952,16.0,19.370641382688053,0.800143975345379
blue_wing,2953,22.0,21.99936805057006,0.818276985144932
blue_wing,2954,18.0,18.995115288582948,0.8182304402554188
blue_wing,2955,16.0,18.05966954062456,0.8126517981401236
blue_wing,2956,20.0,18.08021957177535,0.819109581412876
blue_wing,2957,23.0,20.988604341403402,0.7588713009497066
blue_wing,2958,19.0,18.96355924366624,0.7748112991659857
blue_wing,2959,18.0,17.937814129206334,0.7896300977116437
blue_wing,2960,18.0,19.49642099949295,0.814156653030375
blue_wing,2961,19.0,20.29640561303878,0.7916551309036679
blue_wing,2962,24.0,19.592394480058488,0.7912158459338525
blue_wing,2963,17.0,20.46878353050493,0.8068672347224675
blue_wing,2964,22.0,20.51549730132193,0.8008753111613259
blue_wing,2965,22.0,19.946734623586,0.8127566499559707
blue_wing,2966,18.0,20.351479145763303,0.8325404311481784
blue_wing,2967,19.0,17.607960855223038,0.7967406892582227
blue_wing,2968,18.0,20.972683563599436,0.8275147361573618
blue_wing,2969,19.0,19.03936579354801,0.7904942399790009
blue_wing,2970,20.0,17.5043920122779,0.7971836015718474
blue_wing,2971,23.0,20.052026282392948,0.7846882378795728
blue_wing,2972,21.0,19.57162844920887,0.787741041175184
blue_wing,2973,21.0,18.989610640943113,0.7871610250397436
blue_wing,2974,22.0,20.569337905718143,0.782950310112777
blue_wing,2975,19.0,19.962697845449977,0.781599082112497
blue_wing,2976,19.0,19.944473931444588,0.7722717965767417
blue_wing,2977,20.0,18.44143172436569,0.8001536573119525
blue_wing,2978,19.0,17.250775926146325,0.7966902569321512
blue_wing,2979,16.0,19.95766932124451,0.789852039422412
blue_wing,2980,15.0,20.95306531436546,0.8032695678732846
blue_wing,2981,16.0,17.3578625061214,0.7804781845294086
blue_wing,2982,18.0,17.674780176068747,0.7993886666481017
blue_wing,2983,18.0,17.516137921067777,0.7749063258063469
blue_wing,2984,22.0,20.166102606969716,0.813522362557447
blue_wing,2985,16.0,17.18369294831198,0.8145689447082959
blue_wing,2986,23.0,20.04160295234263,0.7917472673989734
blue_wing,2987,19.0,17.480401025702193,0.8013556381226721
blue_wing,2988,19.0,19.560161191626776,0.7911608227039066
blue_wing,2989,20.0,21.484013032817803,0.7762910080662186
blue_wing,2990,22.0,21.50526725653923,0.8304999404211332
blue_wing,2991,21.0,18.030186759962906,0.7886401500695759
blue_wing,2992,22.0,18.165178311091402,0.8221907285150482
blue_wing,2993,19.0,18.531996663622856,0.7992366397705803
blue_wing,2994,19.0,18.07887396945054,0.8194511188284133
blue_wing,2995,19.0,19.18316197312234,0.801979755227884
blue_wing,2996,23.0,20.98063641249134,0.7986199551398316
blue_wing,2997,23.0,19.652480841205588,0.800589478770709
blue_wing,2998,19.0,18.615037475908494,0.7646164346442927
blue_wing,2999,14.0,18.461505469028303,0.7936999529760751
blue_wing,3000,18.0,20.508431134735474,0.7996590029937516
blue_wing,3001,22.0,20.965177777343875,0.7785201128753817
blue_wing,3002,20.0,19.38495560394411,0.7904231751209938
blue_wing,3003,17.0,21.78675466008006,0.7799349459657201
blue_wing,3004,23.0,19.158714802711057,0.8152599593791814
blue_wing,3005,17.0,18.482691016397958,0.8373881778661303
blue_wing,3006,21.0,21.876587482374138,0.804029603921861
blue_wing,3007,21.0,18.090877799814017,0.7974638899801054
blue_wing,3008,15.0,18.04420607870304,0.8001415267859623
blue_wing,3009,24.0,21.44934327946767,0.7895073962841156
blue_wing,3010,18.0,19.93410650056973,0.765203575719265
blue_wing,3011,21.0,21.809616805193667,0.7929362725272021
blue_wing,3012,23.0,19.583540214724877,0.7966066158606112
blue_wing,3013,20.0,20.480862599808304,0.7956991932181723
blue_wing,3014,20.0,18.06337008307482,0.8288876914529806
blue_wing,3015,17.0,20.818365119868048,0.8072927693331696
blue_wing,3016,22.0,20.983162027393785,0.8103724783487126
blue_wing,3017,23.0,21.444920388594184,0.791893024500775
blue_wing,3018,17.0,18.9490989117008,0.7913892133066701
blue_wing,3019,19.0,21.97035149703561,0.7857037721005875
blue_wing,3020,22.0,20.08735476879314,0.7872536463151745
blue_wing,3021,21.0,19.601157660827887,0.793087234974033
blue_wing,3022,20.0,18.94087071832803,0.7873844464797557
blue_wing,3023,23.0,24.296207982982008,0.8016801511429054
blue_wing,3024,22.0,18.01649427623421,0.7771740671860026
blue_wing,3025,19.0,19.927760866602746,0.7971298972837128
blue_wing,3026,21.0,17.60693494011414,0.7965432331295328
blue_wing,3027,18.0,20.007299045466784,0.8057233331103233
blue_wing,3028,19.0,20.050312803352075,0.7860510950404931
blue_wing,3029,16.0,21.86823930853588,0.7834521846751645
blue_wing,3030,19.0,20.336996448888318,0.814974329628571
blue_wing,3031,19.0,16.656891953997675,0.789860852456991
blue_wing,3032,22.0,20.982374263983594,0.8200722846291222
blue_wing,3033,17.0,18.039524940134523,0.8150358303706413
blue_wing,3034,22.0,22.919561115571714,0.8079691885333987
blue_wing,3035,19.0,19.953210923504955,0.7921270079775307
blue_wing,3036,20.0,19.934131261775693,0.7804003576152874
blue_wing,3037,23.0,18.616007789933036,0.7908021132396734
blue_wing,3038,20.0,19.4530176150715,0.8400915843789849
blue_wing,3039,17.0,15.199961156847454,0.8080690100354833
blue_wing,3040,25.0,20.534069855612167,0.790072013322296
blue_wing,3041,20.0,19.481519944101528,0.7810576617171969
blue_wing,3042,20.0,19.481646692676318,0.8055905487394175
blue_wing,3043,20.0,19.96789615715132,0.7971961109768131
blue_wing,3044,18.0,18.915857524205748,0.7886022462118392
blue_wing,3045,20.0,21.864042604244272,0.7827029332156386
blue_wing,3046,22.0,19.48815163192213,0.8221533000839075
blue_wing,3047,20.0,18.587688751978906,0.8127947201397241
blue_wing,3048,23.0,19.059652025535463,0.8098354606847955
blue_wing,3049,18.0,15.665686066362083,0.7854847898556732
blue_wing,3050,23.0,20.566374335825127,0.7948446690919253
blue_wing,3051,21.0,18.571657559112758,0.7353141551367892
blue_wing,3052,19.0,23.187481727957184,0.80221922694415
blue_wing,3053,19.0,18.665904839971258,0.795710423591424
blue_wing,3054,16.0,18.46548701116327,0.8165500185429827
blue_wing,3055,21.0,20.02088600008638,0.7932560327262057
blue_wing,3056,19.0,17.065597988236945,0.8122833419767681
blue_wing,3057,22.0,22.894018242375388,0.8112965834544561
blue_wing,3058,21.0,20.02511882727086,0.8182411890140041
blue_wing,3059,24.0,20.604811583090687,0.8036820429719421
blue_wing,3060,21.0,19.057157549879225,0.786901807405346
blue_wing,3061,19.0,19.458457510233256,0.7958463391682866
blue_wing,3062,20.0,21.448692775947816,0.7892726494329949
blue_wing,3063,17.0,19.520954404695754,0.7888378059777075
blue_wing,3064,18.0,19.5464798236581,0.8143813361383753
blue_wing,3065,22.0,21.017394470359154,0.7941165617333021
blue_wing,3066,17.0,20.34610555303751,0.771368571053143
blue_wing,3067,22.0,19.546683894727312,0.7914408832023402
blue_wing,3068,19.0,20.020873985519884,0.7990385759395995
blue_wing,3069,22.0,21.9258484525029,0.7875383778790918
blue_wing,3070,16.0,17.589214647789436,0.8155427965816653
blue_wing,3071,23.0,21.005628991063237,0.798965172047895
blue_wing,3072,19.0,17.103762165562774,0.7854548740794731
blue_wing,3073,17.0,19.430760451889427,0.7846755177349287
blue_wing,3074,17.0,19.5570659633812,0.7990627162213492
blue_wing,3075,17.0,19.44944886947797,0.7781219271772053
blue_wing,3076,17.0,20.3903543444162,0.7741181895066493
blue_wing,3077,16.0,19.95348128721549,0.7983486968719928
blue_wing,3078,19.0,17.681710538953862,0.7727431496734325
blue_wing,3079,16.0,18.5024979877468,0.7925879451455418
blue_wing,3080,14.0,18.002337392656333,0.8043249690878207
blue_wing,3081,19.0,22.349822505737663,0.8197789424131215
blue_wing,3082,16.0,17.9848193618278,0.8124765250429895
blue_wing,3083,22.0,20.55351144792134,0.8014451376870454
blue_wing,3084,22.0,20.00817649708715,0.7897451820333454
blue_wing,3085,19.0,18.471288456183068,0.7991610148645034
blue_wing,3086,19.0,20.41743411684756,0.8351821483708028
blue_wing,3087,19.0,16.567762188154337,0.8130725132229539
blue_wing,3088,20.0,17.47019223566943,0.7797804713257139
blue_wing,3089,20.0,18.06829636738203,0.767759138371003
blue_wing,3090,21.0,22.008528907521907,0.8027284907234944
blue_wing,3091,21.0,21.883023400173524,0.7948347124350312
blue_wing,3092,23.0,19.966434874757773,0.7914243825106564
blue_wing,3093,18.0,18.573620360586585,0.8065315185173312
blue_wing,3094,16.0,19.93874247668247,0.8076566136928283
blue_wing,3095,20.0,23.326981540386853,0.7935228413642972
blue_wing,3096,16.0,17.186247419963664,0.7780419246177792
blue_wing,3097,19.0,20.97538496927989,0.8081569819275535
blue_wing,3098,20.0,19.549555592297033,0.8086264570090387
blue_wing,3099,17.0,16.582383298681282,0.7984887948024155
blue_wing,3100,22.0,19.900684769201977,0.7989225424619143
blue_wing,3101,21.0,17.795218237516906,0.7998453203099036
blue_wing,3102,18.0,17.61710535142443,0.8117094823044846
blue_wing,3103,22.0,20.554545133563835,0.8314378719002762
blue_wing,3104,16.0,16.448473954966815,0.798217768361542
blue_wing,3105,19.0,20.01549597723968,0.7997468775737401
blue_wing,3106,23.0,22.804156809264594,0.8066077532969722
blue_wing,3107,20.0,17.569061292193105,0.7898561474681023
blue_wing,3108,21.0,18.138863898438682,0.7965174935281487
blue_wing,3109,21.0,19.551470632780237,0.8028642419029861
blue_wing,3110,21.0,19.92005448273124,0.819186202168528
blue_wing,3111,15.0,21.473398095949488,0.7582490210332555
blue_wing,3112,20.0,20.020561043489614,0.8248679105369204
blue_wing,3113,18.0,16.55306860528645,0.7987719502671403
blue_wing,3114,19.0,18.433503315765694,0.8040015660990529
blue_wing,3115,16.0,20.33633971446265,0.7919335137979737
blue_wing,3116,22.0,20.516095035374725,0.8031263661909206
blue_wing,3117,18.0,18.49857385730228,0.7792085692502545
blue_wing,3118,15.0,19.448054183483293,0.8197236278624966
blue_wing,3119,23.0,20.06336036290984,0.7950835025088543
blue_wing,3120,16.0,13.29465940784759,0.8237326573279038
blue_wing,3121,22.0,19.644042186396707,0.8077511874526657
blue_wing,3122,21.0,21.27567477660422,0.8155234633872783
blue_wing,3123,19.0,22.873245301007728,0.8084649641272497
blue_wing,3124,22.0,22.520677886498238,0.8067702235438058
blue_wing,3125,19.0,18.060685318725074,0.8050585372883694
blue_wing,3126,14.0,18.020547223460945,0.7994345968662148
blue_wing,3127,17.0,18.012125908981186,0.8071010010477635
blue_wing,3128,21.0,19.93097815831098,0.8134347311655691
blue_wing,3129,22.0,18.47464889040643,0.7924657062511985
blue_wing,3130,20.0,22.00429146057349,0.8154653147821497
blue_wing,3131,18.0,18.55047668632408,0.7991166807737813
blue_wing,3132,22.0,21.432032894697045,0.8017670507006766
blue_wing,3133,19.0,18.492192648320692,0.8217050712489938
blue_wing,3134,21.0,21.847892710296563,0.7776342326895893
blue_wing,3135,18.0,17.661891564723888,0.7836693640048735
blue_wing,3136,22.0,21.026108749240112,0.7811182428802657
blue_wing,3137,21.0,18.110198641599478,0.7938082706021422
blue_wing,3138,21.0,19.066734318870388,0.7938342291973335
blue_wing,3139,19.0,18.428486396463164,0.7939657044436998
blue_wing,3140,21.0,19.020984743482007,0.7975672897908022
blue_wing,3141,22.0,22.32240757781162,0.7971269071815328
blue_wing,3142,16.0,18.495494412068417,0.8068620844124144
blue_wing,3143,19.0,17.00920815456712,0.7969904314563736
blue_wing,3144,20.0,21.50623372565213,0.8030362951406733
blue_wing,3145,22.0,19.66443219417277,0.827441786953127
blue_wing,3146,14.0,20.404068575466283,0.8079974680244569
blue_wing,3147,18.0,15.636346798893122,0.8060966959400064
blue_wing,3148,23.0,19.94331467818408,0.7997317336103282
blue_wing,3149,19.0,21.75405879410049,0.8129017683565654
blue_wing,3150,22.0,18.56681741660046,0.7772411739011444
blue_wing,3151,20.0,20.98976293836392,0.816584446569695
blue_wing,3152,25.0,21.011715111002005,0.8002582220130823
blue_wing,3153,23.0,20.028198583693488,0.8058755633422789
blue_wing,3154,15.0,18.485661926384847,0.7962285638577125
blue_wing,3155,19.0,20.416212969039204,0.8065004791470123
blue_wing,3156,18.0,17.15765241275299,0.8129121161143156
blue_wing,3157,20.0,19.044342972189728,0.7860077287581946
blue_wing,3158,22.0,19.5708414636773,0.8140524454938161
blue_wing,3159,20.0,18.6120317932016,0.8073275961561578
blue_wing,3160,24.0,18.200492587538903,0.7794229478396939
blue_wing,3161,20.0,18.02189788992196,0.8055124206173888
blue_wing,3162,20.0,17.61972097308151,0.8155476305296376
blue_wing,3163,17.0,17.113455476358425,0.7737162784087164
blue_wing,3164,20.0,19.665652537156646,0.8009126252845662
blue_wing,3165,22.0,20.57347952732054,0.822437265409087
blue_wing,3166,22.0,18.099946262731695,0.7958694188948503
blue_wing,3167,19.0,17.6193185529121,0.7966849240533023
blue_wing,3168,18.0,16.05314121840048,0.8070209169578548
blue_wing,3169,22.0,18.672677566290897,0.7928172038602823
blue_wing,3170,15.0,20.92921619952531,0.7901928961345539
blue_wing,3171,20.0,19.011567555264804,0.8153934730964993
blue_wing,3172,16.0,17.022858491961674,0.8167796169803102
blue_wing,3173,20.0,20.0755668733991,0.7983653873212636
blue_wing,3174,15.0,18.498424139667605,0.8114162817302903
blue_wing,3175,22.0,18.598964318365457,0.8113950927732716
blue_wing,3176,22.0,19.170147969414398,0.7896147845149708
blue_wing,3177,16.0,18.978324034780265,0.7811945316029554
blue_wing,3178,19.0,20.09500685957222,0.7970024332155226
blue_wing,3179,20.0,20.549841692154324,0.7776738219415726
blue_wing,3180,23.0,20.537287111420316,0.8223091323972647
blue_wing,3181,16.0,21.36025454236571,0.8053240100163321
blue_wing,3182,22.0,19.51017965413913,0.7622762712078809
blue_wing,3183,21.0,21.39564311578274,0.7851025940258124
blue_wing,3184,22.0,17.65064392477748,0.8216345141849646
blue_wing,3185,20.0,20.83771251457132,0.785492064297396
blue_wing,3186,20.0,18.496216887461433,0.8188837519823465
blue_wing,3187,22.0,20.56119055708868,0.7935502145829905
blue_wing,3188,19.0,19.04890553035794,0.8157580923390649
blue_wing,3189,18.0,18.468171782235515,0.8057137342021161
blue_wing,3190,16.0,19.556935363291558,0.7724263927565693
blue_wing,3191,15.0,19.516241344893444,0.7981961346987332
blue_wing,3192,20.0,16.076977436675474,0.7855361780851076
blue_wing,3193,22.0,20.930167937197233,0.7890648155083091
blue_wing,3194,19.0,15.664500944476849,0.8012270027862715
blue_wing,3195,19.0,19.589782170418115,0.8127803874831374
blue_wing,3196,22.0,22.54647903380414,0.8141687783657146
blue_wing,3197,17.0,17.55429794823225,0.8220729286991015
blue_wing,3198,16.0,18.12199927033589,0.7770867306698157
blue_wing,3199,18.0,17.080784838054466,0.8199239498456132
blue_wing,3200,23.0,22.817674867207348,0.7939131689130055
blue_wing,3201,20.0,21.37260148676576,0.804063172076029
blue_wing,3202,20.0,19.989198043822427,0.8101982362829494
blue_wing,3203,22.0,19.56664672059656,0.7986014971860529
blue_wing,3204,16.0,17.420750702393768,0.80113149638323
blue_wing,3205,19.0,19.03560091811604,0.8208658080298918
blue_wing,3206,21.0,19.4633215856177,0.7881721532928392
blue_wing,3207,18.0,19.000447251076782,0.7903834302733255
blue_wing,3208,18.0,21.03548906629729,0.8082734521710913
blue_wing,3209,24.0,21.101987437465045,0.7997095830917711
blue_wing,3210,19.0,17.150506860032365,0.8134357171257376
blue_wing,3211,15.0,18.917117000337438,0.7902990167485404
blue_wing,3212,22.0,19.947785972603995,0.7682967434149188
blue_wing,3213,17.0,15.632014392689454,0.8036838019336481
blue_wing,3214,19.0,19.046388242487467,0.7805988387105376
blue_wing,3215,20.0,21.299601627942195,0.8108657444644296
blue_wing,3216,14.0,14.71765801699385,0.7913781251879805
blue_wing,3217,20.0,25.111288511098554,0.8177057740383672
blue_wing,3218,21.0,16.739466130939878,0.8383145342017219
blue_wing,3219,15.0,17.587421139522924,0.8051457027961835
blue_wing,3220,21.0,20.474376531382575,0.8029341728031947
blue_wing,3221,18.0,20.845904514171227,0.8199808783177598
blue_wing,3222,18.0,19.965258252122624,0.8014445770757965
blue_wing,3223,22.0,21.416163146397917,0.8159298225985471
blue_wing,3224,19.0,19.349642570847188,0.7858233266394008
blue_wing,3225,20.0,19.150929981769778,0.8075261407048344
blue_wing,3226,18.0,17.57914614405911,0.8106781413401424
blue_wing,3227,19.0,19.08673548981566,0.8247542736238278
blue_wing,3228,25.0,18.775887507934563,0.797926402306891
blue_wing,3229,22.0,19.96123574612515,0.781138089767689
blue_wing,3230,22.0,20.045970182746,0.7819187693437356
blue_wing,3231,21.0,20.455759605083436,0.8102644159018393
blue_wing,3232,17.0,20.355575723483128,0.7756173425453581
blue_wing,3233,21.0,19.07268991131126,0.8169610783156176
blue_wing,3234,16.0,18.1073019416047,0.7854307956027125
blue_wing,3235,19.0,20.442510132034787,0.8277015617665444
blue_wing,3236,19.0,20.932563839695696,0.7815092394011465
blue_wing,3237,22.0,19.042018554974668,0.8175482639774763
blue_wing,3238,20.0,18.517278714428695,0.8059130013283189
blue_wing,3239,22.0,19.603506558403698,0.7894552087210541
blue_wing,3240,19.0,17.623329399582605,0.7618617527090266
blue_wing,3241,15.0,17.45065066281037,0.7969434180198218
blue_wing,3242,16.0,16.62172380747619,0.7910217344266981
blue_wing,3243,21.0,19.48213463603108,0.8136716513653169
blue_wing,3244,19.0,20.795352566374522,0.807937442853046
blue_wing,3245,18.0,16.54586804542132,0.815737316628014
blue_wing,3246,19.0,16.711846869876005,0.8356203565964487
blue_wing,3247,19.0,20.374270837260248,0.7922363258206778
blue_wing,3248,19.0,19.61740207419971,0.8084315781526084
blue_wing,3249,23.0,19.60262582197177,0.8029683058969013
blue_wing,3250,17.0,18.510354260307423,0.7885087641543695
blue_wing,3251,19.0,18.09656355212862,0.7982161001634911
blue_wing,3252,20.0,18.569858766165446,0.8063922106989446
blue_wing,3253,18.0,19.381727988462302,0.8132586713295928
blue_wing,3254,22.0,18.667315610570117,0.8421932489717552
blue_wing,3255,22.0,20.553358142363404,0.8171657415493454
blue_wing,3256,21.0,19.43658435792832,0.8092800546413883
blue_wing,3257,18.0,19.03955700056004,0.7959675087056733
blue_wing,3258,22.0,21.97583547326877,0.8055342960943543
blue_wing,3259,17.0,21.74816934176901,0.7902342157153754
blue_wing,3260,17.0,19.06548590892014,0.7820980277238647
blue_wing,3261,16.0,17.554576052621215,0.7888930540010073
blue_wing,3262,14.0,16.94979558366085,0.7882456079401877
blue_wing,3263,16.0,18.936574087813305,0.8309098872513889
blue_wing,3264,19.0,18.040366828927304,0.7684105889969322
blue_wing,3265,18.0,20.922266228672783,0.8150006711728959
blue_wing,3266,21.0,21.300293787553624,0.7954193844012512
blue_wing,3267,20.0,16.514732545843117,0.800776722191771
blue_wing,3268,19.0,18.92699821496447,0.8111436419601405
blue_wing,3269,16.0,17.580615006943432,0.804404926656286
blue_wing,3270,22.0,18.076489481289126,0.7847408788967571
blue_wing,3271,19.0,18.58460718354824,0.7997427035663973
blue_wing,3272,15.0,17.042564645948485,0.793190176102336
blue_wing,3273,18.0,15.78474249132564,0.8108079489097514
blue_wing,3274,16.0,20.84558957797289,0.8059647200152915
blue_wing,3275,16.0,20.44886250210747,0.8169898029263339
blue_wing,3276,18.0,17.113250876593174,0.8169567380370043
blue_wing,3277,16.0,19.46438245467108,0.8179723633767217
blue_wing,3278,18.0,18.152461117781264,0.8176086840090478
blue_wing,3279,18.0,18.43726838865367,0.8063614326642272
blue_wing,3280,16.0,18.55156918896401,0.8087296551374318
blue_wing,3281,18.0,19.3981366567513,0.8114874863847588
blue_wing,3282,15.0,19.88207709229216,0.8011523750371048
blue_wing,3283,23.0,20.60263651954602,0.7928545104907281
blue_wing,3284,15.0,19.855012911198216,0.7983407637659419
blue_wing,3285,22.0,20.05590338361037,0.8169917575660237
blue_wing,3286,22.0,21.424714786825152,0.7929337036227376
blue_wing,3287,18.0,14.671767319781221,0.7979409550535282
blue_wing,3288,22.0,22.45597788495576,0.8037170231846174
blue_wing,3289,20.0,21.308966911981596,0.7872733221170443
blue_wing,3290,18.0,16.569227108183252,0.7857277667268748
blue_wing,3291,22.0,20.38472775864193,0.7980714131281021
blue_wing,3292,16.0,19.453947091951846,0.8182291226766167
blue_wing,3293,21.0,19.541359033956613,0.7782908632622273
blue_wing,3294,20.0,19.05119824710708,0.8150266842171165
blue_wing,3295,17.0,17.916232175222127,0.7831672524813096
blue_wing,3296,21.0,19.436337524394716,0.825580225596722
blue_wing,3297,21.0,20.510456368856847,0.7987090557724219
blue_wing,3298,24.0,21.012681129573817,0.809363797592296
blue_wing,3299,17.0,16.234934558709345,0.8080065837322503
blue_wing,3300,23.0,21.84487401697602,0.7892103456185626
blue_wing,3301,22.0,19.088092835522737,0.8043619362991152
blue_wing,3302,24.0,19.943642527411356,0.7706057035625891
blue_wing,3303,22.0,18.896685937920264,0.759395929272862
blue_wing,3304,15.0,19.838947588709587,0.8020060016316746
blue_wing,3305,17.0,17.06325777740965,0.8153172821991734
blue_wing,3306,21.0,21.893237895717238,0.7841523645173976
blue_wing,3307,22.0,19.569387950810437,0.7986706777076011
blue_wing,3308,18.0,20.95519181363317,0.7935922245812941
blue_wing,3309,22.0,20.093219638223136,0.8135561819903634
blue_wing,3310,22.0,18.504974693177992,0.7888925711845127
blue_wing,3311,23.0,19.920981200839464,0.7883724284967959
blue_wing,3312,17.0,17.527316883424255,0.7772746445186688
blue_wing,3313,23.0,24.33611768928462,0.8057585897767316
blue_wing,3314,23.0,19.588722221705087,0.8104878915724452
blue_wing,3315,15.0,18.99658633545611,0.8170050978409907
blue_wing,3316,20.0,18.639887406996362,0.8060034796525763
blue_wing,3317,20.0,17.497396658540225,0.7793004713538683
blue_wing,3318,16.0,16.13205765084219,0.7702456531796285
blue_wing,3319,21.0,17.54637130462551,0.8007292455816878
blue_wing,3320,22.0,18.60166507596793,0.8000377622757019
blue_wing,3321,15.0,16.759859336803597,0.8163774159716697
blue_wing,3322,23.0,22.843683035980945,0.7980691955493074
blue_wing,3323,18.0,18.553421257098595,0.7812191736361263
blue_wing,3324,16.0,17.16168125731158,0.7947548315478647
blue_wing,3325,21.0,20.076899086760264,0.8014238751557932
blue_wing,3326,19.0,19.480088606265245,0.7808894408242556
blue_wing,3327,18.0,16.1612582653381,0.8025761381911342
blue_wing,3328,24.0,19.55901037581358,0.7813662372817731
blue_wing,3329,19.0,18.549210145300588,0.7925267639665258
blue_wing,3330,19.0,20.04924573975114,0.8092523382422314
blue_wing,3331,18.0,20.08759927172722,0.805245592299578
blue_wing,3332,19.0,20.02946456805807,0.8238052986617517
blue_wing,3333,21.0,19.5459515419181,0.7914915563274654
blue_wing,3334,22.0,20.03352998600357,0.8028977622271398
blue_wing,3335,20.0,18.02817251518743,0.8043862674093863
blue_wing,3336,20.0,19.01180032849806,0.8103181499617134
blue_wing,3337,23.0,18.678656905313296,0.8019418861416712
blue_wing,3338,18.0,19.426422000952943,0.7926863863473048
blue_wing,3339,19.0,18.957265873928456,0.8219466633070305
blue_wing,3340,18.0,17.9625058385573,0.8150662879578594
blue_wing,3341,22.0,21.598024246102433,0.7811748937499118
blue_wing,3342,15.0,14.267738856450292,0.801227839740958
blue_wing,3343,22.0,18.665905270393793,0.7952349739845983
blue_wing,3344,18.0,18.483924056124586,0.8332155507552266
blue_wing,3345,16.0,18.40061023445229,0.8067595413843772
blue_wing,3346,18.0,20.01152563906633,0.7986090416431969
blue_wing,3347,19.0,20.85344698268317,0.8080387164266412
blue_wing,3348,21.0,18.509747902412958,0.7890432760458757
blue_wing,3349,22.0,19.99039672299923,0.8288506231075853
blue_wing,3350,19.0,20.51780293632067,0.8025974695321645
blue_wing,3351,19.0,18.53102811438901,0.7496611608897632
blue_wing,3352,19.0,19.59038892841597,0.7989857197419001
blue_wing,3353,15.0,19.547032395570902,0.7839685852169073
blue_wing,3354,21.0,20.59998985982498,0.7835590314318204
blue_wing,3355,18.0,17.126114106254285,0.8051174257822942
blue_wing,3356,16.0,23.203243932446252,0.8001251167634112
blue_wing,3357,18.0,20.987751142071545,0.779346831766677
blue_wing,3358,22.0,20.445017196699716,0.7944068709526195
blue_wing,3359,19.0,18.03688943294868,0.79492792422387
blue_wing,3360,22.0,22.395590040092863,0.797000485412374
blue_wing,3361,22.0,21.537164156916734,0.8433384076665362
blue_wing,3362,21.0,18.946788602465283,0.7928766119485189
blue_wing,3363,15.0,21.806641781250704,0.7711688902913274
blue_wing,3364,15.0,18.097265705381332,0.8071803372742157
blue_wing,3365,24.0,21.11414520738112,0.811088680262553
blue_wing,3366,20.0,18.104790129815818,0.7843248011825061
blue_wing,3367,20.0,20.946104040001835,0.7932778311648699
blue_wing,3368,19.0,20.41873692415362,0.7761868029733807
blue_wing,3369,15.0,19.079783835669307,0.752194459776575
blue_wing,3370,19.0,16.26810076475674,0.7983638625117655
blue_wing,3371,16.0,17.543559950892092,0.7855401119725434
blue_wing,3372,19.0,18.050925998257192,0.7927011161955078
blue_wing,3373,20.0,17.22279662633805,0.7824519735726094
blue_wing,3374,18.0,20.921568509285958,0.7802315788850713
blue_wing,3375,18.0,18.547086329465643,0.7958991920016811
blue_wing,3376,19.0,18.1418847346561,0.7984160582235106
blue_wing,3377,17.0,16.410017233583726,0.8031152344113113
blue_wing,3378,19.0,20.911218457065793,0.8025678552330765
blue_wing,3379,23.0,20.595919563733677,0.8002043459296692
blue_wing,3380,22.0,20.415811704318983,0.7900833175109763
blue_wing,3381,19.0,20.36740701661758,0.782649782702042
blue_wing,3382,18.0,20.34663314626822,0.8028188370190383
blue_wing,3383,19.0,20.007020021830737,0.787911731697652
blue_wing,3384,15.0,17.509958127146604,0.811243599765322
blue_wing,3385,16.0,19.575597561894007,0.8080120492265805
blue_wing,3386,15.0,18.094520308491482,0.780648694855602
blue_wing,3387,20.0,21.779246856121237,0.7882099305744336
blue_wing,3388,22.0,17.985076844447125,0.7683206321799316
blue_wing,3389,22.0,18.510432589284733,0.7876270906917919
blue_wing,3390,16.0,17.454482936811935,0.8261848313906048
blue_wing,3391,16.0,16.59188758255124,0.7804769944895533
blue_wing,3392,16.0,17.23471218108866,0.7736060771457717
blue_wing,3393,14.0,19.44576419830969,0.8029364205394518
blue_wing,3394,20.0,15.717728147107854,0.7997903787287082
blue_wing,3395,15.0,18.881356814265757,0.8111555385394118
blue_wing,3396,22.0,19.107509234155287,0.8129731586300067
blue_wing,3397,19.0,19.45940796974417,0.7826598662408879
blue_wing,3398,16.0,19.89025591421381,0.8141004137463811
blue_wing,3399,23.0,18.96227105243616,0.7964943918281079
blue_wing,3400,20.0,17.99241985691647,0.801025034931825
blue_wing,3401,22.0,21.48258361305584,0.7977937115578313
blue_wing,3402,20.0,17.532807473618863,0.7935860589910082
blue_wing,3403,24.0,20.446023315784338,0.775464026072463
blue_wing,3404,20.0,18.517552573238728,0.758494152591595
blue_wing,3405,22.0,19.108495727870444,0.8061337089091949
blue_wing,3406,19.0,20.518944583969873,0.7866748910780581
blue_wing,3407,23.0,22.85158885748405,0.7890634280423066
blue_wing,3408,19.0,19.782549626212454,0.7861851933573093
blue_wing,3409,16.0,16.668019074575348,0.8243011536324375
blue_wing,3410,22.0,19.060668687309427,0.7951521183952548
blue_wing,3411,19.0,19.616303420916775,0.8079390117182144
blue_wing,3412,16.0,19.44715723013924,0.7996030409542232
blue_wing,3413,22.0,19.51246472056383,0.8067785330212957
blue_wing,3414,16.0,18.87335029263338,0.8020317421409899
blue_wing,3415,19.0,21.378580610382794,0.7975819989082937
blue_wing,3416,14.0,19.519205668147226,0.8045577619623018
blue_wing,3417,24.0,19.670619513758936,0.7921378272785686
blue_wing,3418,19.0,15.390685524309985,0.8020021778558615
blue_wing,3419,22.0,19.415146773540684,0.8042059271496964
blue_wing,3420,21.0,21.506172818395424,0.7906914866731373
blue_wing,3421,15.0,16.54583482776421,0.7932875123506902
blue_wing,3422,14.0,17.100763332777507,0.8335292657854529
blue_wing,3423,17.0,20.470047200357897,0.7929232691517217
blue_wing,3424,20.0,20.436567739633187,0.7819925100121388
blue_wing,3425,15.0,18.49343486280665,0.7967536662488148
blue_wing,3426,16.0,19.99155569506275,0.8079512443944099
blue_wing,3427,19.0,18.579667992551865,0.8081781177054802
blue_wing,3428,21.0,22.91209797876396,0.7872246289761239
blue_wing,3429,19.0,23.254055624652874,0.7889656482692216
blue_wing,3430,22.0,20.347976060740038,0.7638368053474573
blue_wing,3431,18.0,18.490962632593494,0.8120188060939919
blue_wing,3432,24.0,21.52858023931079,0.8058132758941827
blue_wing,3433,15.0,17.971140043820178,0.8173092050678774
blue_wing,3434,19.0,18.97898138299393,0.8187398506455217
blue_wing,3435,22.0,17.63137917508496,0.7844768484635991
blue_wing,3436,26.0,19.40353017207189,0.8059070081349149
blue_wing,3437,15.0,19.978964856932688,0.8090576634483052
blue_wing,3438,16.0,16.571590135013707,0.7817659865185792
blue_wing,3439,19.0,18.9857834627214,0.7975134687992007
blue_wing,3440,22.0,21.856429032396925,0.80427301055091
blue_wing,3441,16.0,19.055126068572054,0.7905318928432865
blue_wing,3442,18.0,20.478422543219985,0.7873650373711253
blue_wing,3443,20.0,19.621917128776033,0.7996522975577689
blue_wing,3444,22.0,19.933828434051986,0.7918056879365107
blue_wing,3445,23.0,20.51129812603004,0.7991034098837773
blue_wing,3446,22.0,17.60231699183564,0.7846625152163632
blue_wing,3447,16.0,17.945989389762968,0.787950673215009
blue_wing,3448,20.0,17.54175855150434,0.803021500858478
blue_wing,3449,17.0,17.032441952270084,0.8045249445307215
blue_wing,3450,22.0,19.903991248373693,0.7808443472632575
blue_wing,3451,20.0,19.03922241048241,0.7833145029600272
blue_wing,3452,19.0,21.047915205492917,0.8081262516912951
blue_wing,3453,19.0,17.15361465997533,0.7999443913750119
blue_wing,3454,17.0,20.35138980592265,0.7937789621435386
blue_wing,3455,24.0,24.20299342540811,0.8192406574487715
blue_wing,3456,17.0,18.57093536733334,0.820159188471673
blue_wing,3457,25.0,20.578121606449027,0.8078844699992966
blue_wing,3458,22.0,20.409741639759172,0.800197911601564
blue_wing,3459,23.0,21.005060764096186,0.7967995586675851
blue_wing,3460,20.0,21.47608482361343,0.8186888974736022
blue_wing,3461,19.0,19.06949971252858,0.8069075846603947
blue_wing,3462,21.0,19.20355484056867,0.7882037532978554
blue_wing,3463,19.0,17.677130832413443,0.7742527100273282
blue_wing,3464,20.0,18.19605808083945,0.7855904386371588
blue_wing,3465,18.0,18.163743675151423,0.7793036791124996
blue_wing,3466,18.0,18.526310246502955,0.7971587438727697
blue_wing,3467,18.0,18.53038712596163,0.7857189156672866
blue_wing,3468,18.0,18.475428870965423,0.7866921853186157
blue_wing,3469,20.0,16.63206730840174,0.7866352307353988
blue_wing,3470,18.0,15.594737135912778,0.798713891740189
blue_wing,3471,19.0,19.382558225646076,0.828318010968135
blue_wing,3472,21.0,20.87339321294528,0.8009444492653728
blue_wing,3473,18.0,19.401747466356372,0.8162990115777493
blue_wing,3474,20.0,18.580705213107585,0.7936915737648844
blue_wing,3475,15.0,16.490961032054614,0.8144989067370658
blue_wing,3476,21.0,17.595525676820916,0.7993913982487758
blue_wing,3477,19.0,18.498489921700926,0.8114230444819063
blue_wing,3478,21.0,19.48519296391597,0.7768728261748786
blue_wing,3479,18.0,17.9780104435518,0.7999467738917859
blue_wing,3480,16.0,19.503033027824614,0.8053119070488035
blue_wing,3481,22.0,22.381707987371712,0.8226007595293596
blue_wing,3482,21.0,18.202853497420964,0.8181162096958863
blue_wing,3483,19.0,19.162103004266648,0.8140440045249333
blue_wing,3484,20.0,19.09962691142898,0.8005719853942075
blue_wing,3485,18.0,18.104272991868147,0.813438892520024
blue_wing,3486,22.0,18.09210384164878,0.8018878885400277
blue_wing,3487,22.0,19.13993564288674,0.8156813179961211
blue_wing,3488,17.0,20.836225169275668,0.808758153094604
blue_wing,3489,19.0,19.988807836724938,0.8032179317151018
blue_wing,3490,16.0,19.511767623111268,0.781366228302709
blue_wing,3491,21.0,21.508484268897515,0.8118185259321264
blue_wing,3492,17.0,19.982056545298757,0.8465773465521396
blue_wing,3493,15.0,18.410064878942556,0.7873632664043504
blue_wing,3494,18.0,18.072588190089487,0.8231800806710602
blue_wing,3495,14.0,19.4653321925103,0.7918469682889446
blue_wing,3496,15.0,19.018465723886244,0.8036198200388351
blue_wing,3497,17.0,19.51364837311454,0.771791888788802
blue_wing,3498,17.0,18.99905189021587,0.8071778170513519
blue_wing,3499,15.0,19.49987253803943,0.8052370066512053
blue_wing,3500,19.0,16.61730490618509,0.7946180155296915
blue_wing,3501,23.0,22.98262290699836,0.7999607064429879
blue_wing,3502,22.0,22.02720289561713,0.8154633785852685
blue_wing,3503,17.0,18.064264204260603,0.7894159459658571
blue_wing,3504,23.0,19.171037906522024,0.809243644990286
blue_wing,3505,19.0,20.879505042923054,0.7990362456799405
blue_wing,3506,21.0,20.90529014121219,0.8206685322037925
blue_wing,3507,18.0,19.468692403011854,0.8123574895141871
blue_wing,3508,15.0,18.602482240165042,0.787803517346551
blue_wing,3509,20.0,18.19129529505964,0.8375172703215199
blue_wing,3510,22.0,21.49111390903931,0.8005025654583255
blue_wing,3511,14.0,16.057996494392654,0.8115925282171159
blue_wing,3512,23.0,21.47015131275833,0.7867374161864542
blue_wing,3513,18.0,20.276452877125863,0.7904894946725414
blue_wing,3514,22.0,20.04020836981334,0.8055390331883164
blue_wing,3515,14.0,18.433805303659316,0.8161722777924236
blue_wing,3516,22.0,19.618214411602064,0.793289868936055
blue_wing,3517,19.0,18.445241762983024,0.8143313132203949
blue_wing,3518,15.0,20.4644890975822,0.8131971491201112
blue_wing,3519,16.0,18.190955982068907,0.7960600398395893
blue_wing,3520,18.0,17.976532026904813,0.7768721692260432
blue_wing,3521,19.0,17.969978008816476,0.7926600078035658
blue_wing,3522,19.0,19.553852558162163,0.8102358191625871
blue_wing,3523,16.0,20.517549559986296,0.7894883680598541
blue_wing,3524,19.0,17.624288858866745,0.7854183350369268
blue_wing,3525,21.0,21.527536764279137,0.7825281571104906
blue_wing,3526,21.0,20.00569766429584,0.8211318922300386
blue_wing,3527,19.0,19.535151387314894,0.7862471999927021
blue_wing,3528,17.0,19.00095259692595,0.8075587205185182
blue_wing,3529,22.0,20.00805636118343,0.8214970668185475
blue_wing,3530,22.0,18.13285729299369,0.7840459050005677
blue_wing,3531,19.0,20.49361475238396,0.8041429651686873
blue_wing,3532,21.0,19.538210379350062,0.8035270071500986
blue_wing,3533,20.0,18.65375028850003,0.7659076123678702
blue_wing,3534,16.0,19.030759318620614,0.814476986006857
blue_wing,3535,20.0,20.493377966094776,0.8051809552567525
blue_wing,3536,20.0,15.21676170646801,0.7746974546990293
blue_wing,3537,21.0,18.18408583767698,0.7827200940365159
blue_wing,3538,21.0,20.984787731275745,0.8175890783276158
blue_wing,3539,19.0,20.540186675134276,0.8083936448782576
blue_wing,3540,22.0,19.031648944609046,0.8043124824685465
blue_wing,3541,20.0,20.819678786571114,0.8019137619110979
blue_wing,3542,22.0,20.81179165889873,0.7910482935334784
blue_wing,3543,18.0,20.023823081826375,0.8018588062191592
blue_wing,3544,20.0,22.366337502663338,0.7921894845673426
blue_wing,3545,22.0,21.44123306173432,0.767481611183806
blue_wing,3546,19.0,17.110599312222746,0.7830021367619042
blue_wing,3547,16.0,17.473948875040165,0.8070644062445724
blue_wing,3548,16.0,17.071564182832144,0.8184255142625096
blue_wing,3549,25.0,22.809530861199804,0.7970895219517586
blue_wing,3550,16.0,18.444519358751215,0.7981893395401365
blue_wing,3551,21.0,19.5697699631627,0.8242033128816291
blue_wing,3552,22.0,19.504387200850065,0.7902560362812056
blue_wing,3553,21.0,19.064839190238576,0.8123067710479817
blue_wing,3554,15.0,18.095012585910325,0.8084264108664101
blue_wing,3555,20.0,20.045275658139825,0.7708509147511338
blue_wing,3556,16.0,19.544055218031488,0.7801347052477405
blue_wing,3557,17.0,20.843964963091075,0.8007828222792674
blue_wing,3558,19.0,20.963231999011978,0.7453055668149932
blue_wing,3559,16.0,17.11532757579493,0.7789354637052377
blue_wing,3560,18.0,19.09652578175671,0.8026722841205503
blue_wing,3561,22.0,19.039735539272346,0.7893640849409249
blue_wing,3562,23.0,18.636451135944203,0.7841464609529076
blue_wing,3563,22.0,23.295777264086176,0.8145164070033568
blue_wing,3564,23.0,18.653421608494494,0.7858856623904842
blue_wing,3565,19.0,17.513885713664354,0.8036908993794999
blue_wing,3566,21.0,16.770416301926318,0.7935622999511547
blue_wing,3567,23.0,20.5515511500142,0.8001447294764583
blue_wing,3568,23.0,18.579943722225583,0.7816833957447764
blue_wing,3569,22.0,20.473275832944665,0.7917881240023259
blue_wing,3570,23.0,22.975075613952946,0.7996292092120211
blue_wing,3571,23.0,19.082726823461226,0.7995564370039328
blue_wing,3572,17.0,17.065855486239524,0.7894120663406656
blue_wing,3573,23.0,18.007960356066974,0.7816197885885235
blue_wing,3574,24.0,20.45503148066641,0.7872941004219587
blue_wing,3575,19.0,20.041935763301485,0.8025847520624421
blue_wing,3576,15.0,17.61215975526586,0.800699141038376
blue_wing,3577,22.0,20.022560990876492,0.8117009336008194
blue_wing,3578,19.0,22.719463355408617,0.7928712217762287
blue_wing,3579,19.0,19.094170171528294,0.7899064022799862
blue_wing,3580,16.0,19.505255693563722,0.8133392787830053
blue_wing,3581,16.0,16.977953087169812,0.7901862632050509
blue_wing,3582,15.0,16.67673431090908,0.8083665049211036
blue_wing,3583,18.0,18.947846621480128,0.8141188790457764
blue_wing,3584,21.0,20.445536611456372,0.8120656925377475
blue_wing,3585,18.0,17.64004504312572,0.8116847307211046
blue_wing,3586,19.0,17.42720893894837,0.8014125242282444
blue_wing,3587,21.0,21.002262354587607,0.7917848166997588
blue_wing,3588,22.0,22.420083371376595,0.7957367176815595
blue_wing,3589,23.0,22.807569740231184,0.8159753390762527
blue_wing,3590,18.0,20.94277652225795,0.8287153729019533
blue_wing,3591,17.0,17.674582705872886,0.8289154613732723
blue_wing,3592,18.0,17.13727908921346,0.789962630133686
blue_wing,3593,16.0,19.982860693053023,0.8012871434184267
blue_wing,3594,19.0,17.976103865589746,0.8197081133284407
blue_wing,3595,22.0,19.000491857350262,0.8093780412020382
blue_wing,3596,19.0,19.409672627613077,0.7843223965875954
blue_wing,3597,19.0,19.07651119510844,0.7976631491339724
blue_wing,3598,22.0,23.752292137405526,0.8029880143020907
blue_wing,3599,20.0,17.974299373078164,0.8064073762088834
blue_wing,3600,21.0,18.611915854327833,0.808871334240804
blue_wing,3601,22.0,21.395904924467082,0.8103419784604413
blue_wing,3602,22.0,19.4898732270245,0.8048559553474339
blue_wing,3603,20.0,19.527348460408362,0.793161728037122
blue_wing,3604,22.0,22.73737687965918,0.8103694559181428
blue_wing,3605,17.0,18.531848424942922,0.7914373457678626
blue_wing,3606,23.0,21.432577580354565,0.7981452195488956
blue_wing,3607,16.0,18.6563271499124,0.8158778428738473
blue_wing,3608,16.0,17.94203073787802,0.8019060469194487
blue_wing,3609,22.0,18.101426347672067,0.7876853885192383
blue_wing,3610,22.0,21.469012387656313,0.7834141876160761
blue_wing,3611,19.0,19.482704146998408,0.795899835992907
blue_wing,3612,16.0,19.01192809886824,0.8130150968931608
blue_wing,3613,19.0,19.605560946673144,0.8234731760297609
blue_wing,3614,18.0,19.952128226145327,0.8122419511923289
blue_wing,3615,16.0,21.803307316198218,0.7976035633236439
blue_wing,3616,20.0,18.12261032788774,0.7685944011560908
blue_wing,3617,19.0,16.56018399983991,0.8082408487122148
blue_wing,3618,17.0,18.987069870572945,0.8213247420787985
blue_wing,3619,23.0,20.60445967793933,0.825426253934864
blue_wing,3620,19.0,20.529919703037336,0.8033395777632748
blue_wing,3621,17.0,18.559759549427127,0.7648761040883174
blue_wing,3622,20.0,19.111031561956636,0.796970217772827
blue_wing,3623,22.0,17.310182257589634,0.8382787562595242
blue_wing,3624,15.0,19.970837748830125,0.7867983046032488
blue_wing,3625,22.0,19.51073019093928,0.8133155398643801
blue_wing,3626,23.0,22.489601587487645,0.7991415262555677
blue_wing,3627,22.0,18.53509762049174,0.793523958526905
blue_wing,3628,20.0,21.447728905701293,0.7899953854233843
blue_wing,3629,24.0,17.49538351133411,0.7977190957823366
blue_wing,3630,16.0,19.493109220682577,0.8073256670217475
blue_wing,3631,22.0,19.555948941268003,0.8084702937621899
blue_wing,3632,21.0,21.55093049835368,0.7977819780254651
blue_wing,3633,19.0,17.161984558513506,0.7875739418828515
blue_wing,3634,18.0,18.500180008616926,0.818048859112589
blue_wing,3635,21.0,19.064486142051383,0.7776870908869511
blue_wing,3636,18.0,21.353763808944013,0.7918449430836925
blue_wing,3637,17.0,18.530945336195078,0.8133959218154356
blue_wing,3638,18.0,20.42134151542254,0.8093164967142852
blue_wing,3639,22.0,20.591041708480414,0.7913017659924121
blue_wing,3640,23.0,19.063666706292203,0.7945345253256357
blue_wing,3641,20.0,19.49858523214422,0.8083008889031694
blue_wing,3642,19.0,19.963930821345446,0.8022006813032485
blue_wing,3643,23.0,20.935338351450092,0.7903546604083711
blue_wing,3644,16.0,20.378886328755474,0.7616429048617543
blue_wing,3645,19.0,17.066016172030327,0.7918478335318115
blue_wing,3646,19.0,18.908781431769828,0.8014984180962925
blue_wing,3647,21.0,17.535229644153084,0.7869344983551784
blue_wing,3648,23.0,22.533635258600007,0.7892812854987843
blue_wing,3649,17.0,22.385801442980483,0.8023635890057703
blue_wing,3650,15.0,18.4697520086776,0.7975314908708833
blue_wing,3651,18.0,19.05375040652196,0.8115413965377247
blue_wing,3652,15.0,17.570425076600237,0.8045159200046379
blue_wing,3653,21.0,20.09483280640383,0.7708708965221402
blue_wing,3654,20.0,19.52299337637046,0.7846678261539477
blue_wing,3655,24.0,21.373096088920448,0.767782353363419
blue_wing,3656,22.0,21.900746359454846,0.7981553093796527
blue_wing,3657,22.0,20.01813264227607,0.7948551575265224
blue_wing,3658,22.0,21.044459830921106,0.7742405788631733
blue_wing,3659,17.0,20.42376248344094,0.7778063507460584
blue_wing,3660,24.0,21.902385470482287,0.7993794401457703
blue_wing,3661,22.0,17.140573163653507,0.7962969013333698
blue_wing,3662,23.0,17.62871774562552,0.8160903513887067
blue_wing,3663,15.0,16.930662548944994,0.7796078719005081
blue_wing,3664,20.0,17.572742079422667,0.7906939560184136
blue_wing,3665,19.0,20.382823209171704,0.7796147292860489
blue_wing,3666,23.0,21.39878865137612,0.7800959606169333
blue_wing,3667,19.0,18.624290322982382,0.7944372250593001
blue_wing,3668,22.0,18.14297899603694,0.7729774261160347
blue_wing,3669,20.0,19.974509711025632,0.8075032731812646
blue_wing,3670,23.0,18.22641634697169,0.7740572800992914
blue_wing,3671,20.0,23.25770748951766,0.8073421012936767
blue_wing,3672,19.0,21.059991265093235,0.8031616041597271
blue_wing,3673,18.0,20.448523118568495,0.7735421293020139
blue_wing,3674,17.0,19.567106657986074,0.8146764628040631
blue_wing,3675,16.0,20.398678744286958,0.8114963737242427
blue_wing,3676,16.0,19.502952034300456,0.8008741808692318
blue_wing,3677,22.0,20.073286908079968,0.7932892067845085
blue_wing,3678,22.0,20.003750660487512,0.8088401444996967
blue_wing,3679,22.0,18.664738534237983,0.8089084053357313
blue_wing,3680,21.0,19.542411138789326,0.7798373779375642
blue_wing,3681,19.0,19.013358308184422,0.7800847462321869
blue_wing,3682,17.0,18.9038912065675,0.8006139349455386
blue_wing,3683,14.0,17.9997424802353,0.7888059489795145
blue_wing,3684,19.0,19.929931021258348,0.7929412470504209
blue_wing,3685,23.0,17.558998099918423,0.7926722900254517
blue_wing,3686,21.0,19.514464724931933,0.793808294511372
blue_wing,3687,23.0,20.019463187402373,0.8064405949226376
blue_wing,3688,18.0,21.36051664237124,0.8091613297721871
blue_wing,3689,20.0,18.53563610022812,0.8006214692539384
blue_wing,3690,19.0,19.520958247717157,0.8068068765648162
blue_wing,3691,21.0,20.478517404271454,0.7815213797815059
blue_wing,3692,19.0,18.017547189872605,0.785371714591985
blue_wing,3693,22.0,19.53093130638164,0.7897401887922658
blue_wing,3694,20.0,15.615064659487544,0.815316704453434
blue_wing,3695,22.0,19.52034137265885,0.8352228066259907
blue_wing,3696,16.0,19.912281475746692,0.8095587893762526
blue_wing,3697,22.0,16.163432262521024,0.7928322885246234
blue_wing,3698,21.0,19.027727980398296,0.7858247569966041
blue_wing,3699,28.0,26.784282270466473,0.7759427157160741
blue_wing,3700,15.0,16.482601421944082,0.7808329140326664
blue_wing,3701,19.0,22.35916905589828,0.7913120471141384
blue_wing,3702,21.0,19.04601763222984,0.7885483373994201
blue_wing,3703,20.0,20.959312883166266,0.7981311295876841
blue_wing,3704,18.0,19.86367361270767,0.7899580176657358
blue_wing,3705,18.0,17.953439298637708,0.7939068395389333
blue_wing,3706,23.0,20.501599459786938,0.7866331329611717
blue_wing,3707,15.0,18.074265517936254,0.7892825580787342
blue_wing,3708,23.0,18.56911322638487,0.8008776727349615
blue_wing,3709,15.0,18.534367391206974,0.8142200059387046
blue_wing,3710,21.0,23.310870789564735,0.793007786600238
blue_wing,3711,15.0,14.303594209263567,0.7968200764144999
blue_wing,3712,19.0,19.53394989873239,0.8147712313727933
blue_wing,3713,22.0,19.01625684577379,0.7967745911506157
blue_wing,3714,19.0,20.032182773265735,0.7987070768196137
blue_wing,3715,20.0,18.9514607802191,0.8058254468233477
blue_wing,3716,23.0,21.400712142550372,0.7964278934321023
blue_wing,3717,22.0,20.92792335003517,0.8039700253905439
blue_wing,3718,16.0,19.558521897693293,0.811487592457929
blue_wing,3719,20.0,18.7006867523255,0.7823444731827807
blue_wing,3720,14.0,17.529283749521127,0.7963224415177095
blue_wing,3721,23.0,19.628555431733727,0.8092751487471477
blue_wing,3722,25.0,20.038365268908912,0.7979871574110224
blue_wing,3723,16.0,17.497079605523723,0.8064095239106993
blue_wing,3724,18.0,18.101915877726476,0.7975996713160078
blue_wing,3725,14.0,18.014789330043758,0.8103213724783428
blue_wing,3726,20.0,21.883434310557263,0.8146680481225625
blue_wing,3727,18.0,18.02917616074372,0.7966853754717956
blue_wing,3728,18.0,19.92245263305853,0.8198709557738915
blue_wing,3729,21.0,18.08026266892958,0.8097137081471831
blue_wing,3730,19.0,20.967441457198873,0.7675270123981484
blue_wing,3731,20.0,19.05970807930457,0.7971196894131141
blue_wing,3732,18.0,19.353934554058043,0.8028161372350804
blue_wing,3733,19.0,20.010051913562567,0.8098234814153585
blue_wing,3734,17.0,18.5558878879063,0.7898254383133374
blue_wing,3735,18.0,18.54843933377944,0.8095765360680135
blue_wing,3736,23.0,22.407130256449168,0.7955564876194636
blue_wing,3737,22.0,18.992442631659422,0.792196685243733
blue_wing,3738,15.0,17.958227952817094,0.7816365265304748
blue_wing,3739,18.0,20.44058133052428,0.828086897552298
blue_wing,3740,18.0,18.521407844016327,0.8095605709630385
blue_wing,3741,19.0,18.472817048799314,0.8000624225622481
blue_wing,3742,16.0,19.912970739406404,0.776787890715104
blue_wing,3743,22.0,18.161412252163068,0.8013695570905384
blue_wing,3744,18.0,18.04047713774244,0.7953120898862659
blue_wing,3745,19.0,18.035827110814147,0.7907540758905777
blue_wing,3746,18.0,17.8909914117283,0.7942599867140127
blue_wing,3747,19.0,19.972722432914658,0.7832509551865322
blue_wing,3748,18.0,16.10313521387974,0.7563320159711582
blue_wing,3749,19.0,18.547445355908884,0.7930198206335134
blue_wing,3750,16.0,17.599846466966323,0.7796618060290976
blue_wing,3751,20.0,15.632071223196906,0.805361342708103
blue_wing,3752,16.0,17.680259996149,0.8136294260275472
blue_wing,3753,16.0,18.93171988391263,0.8212840250850171
blue_wing,3754,15.0,17.573427637341826,0.7946367327619196
blue_wing,3755,20.0,19.147017613996052,0.8276668321279721
blue_wing,3756,21.0,20.95479528040182,0.7869234525219266
blue_wing,3757,17.0,21.87424598296429,0.8114134089966198
blue_wing,3758,19.0,17.99650260216456,0.8177320291016144
blue_wing,3759,22.0,18.96901986049491,0.7773513604896813
blue_wing,3760,20.0,16.637573362077642,0.7914014772960316
blue_wing,3761,22.0,19.599378150344315,0.7953020045838515
blue_wing,3762,16.0,20.29798717704934,0.7929338582140874
blue_wing,3763,18.0,20.854349432709746,0.8054105189429367
blue_wing,3764,15.0,18.498711305518334,0.7862016485857171
blue_wing,3765,16.0,18.994875692707016,0.7929565094795503
blue_wing,3766,22.0,20.066326493965445,0.7767457868195136
blue_wing,3767,21.0,20.563769981311786,0.8196915147114123
blue_wing,3768,19.0,18.08762671707442,0.8122022594088416
blue_wing,3769,21.0,19.09721466496954,0.7911959661349195
blue_wing,3770,20.0,19.516123613590658,0.7885715908567654
blue_wing,3771,20.0,20.848085438399494,0.7874855181657676
blue_wing,3772,23.0,21.9551787758202,0.8083494007074685
blue_wing,3773,15.0,16.54163155905727,0.8118673368016918
blue_wing,3774,21.0,19.988797144607076,0.8053769620471624
blue_wing,3775,21.0,18.90138631252241,0.7926270554598647
blue_wing,3776,15.0,18.963548442183036,0.8166615353496353
blue_wing,3777,23.0,19.962473111235546,0.8057158015379051
blue_wing,3778,23.0,19.627490288405916,0.7896346466850277
blue_wing,3779,21.0,20.964193324416573,0.8118467409908863
blue_wing,3780,18.0,23.750430710709928,0.7983973772048285
blue_wing,3781,19.0,17.888581357914962,0.7789658934378023
blue_wing,3782,15.0,20.47645696308126,0.8086563844365489
blue_wing,3783,23.0,18.94865757151512,0.8021246817467289
blue_wing,3784,20.0,20.42132523052238,0.7981802548473453
blue_wing,3785,15.0,17.583611274958983,0.8291809638341217
blue_wing,3786,20.0,21.5448690996744,0.7964314506020211
blue_wing,3787,16.0,17.89595273876794,0.7983950899295252
blue_wing,3788,18.0,19.021802944055587,0.8145466775092094
blue_wing,3789,22.0,19.572755146738075,0.7886111505424731
blue_wing,3790,19.0,17.506646419317583,0.8253898953484478
blue_wing,3791,20.0,19.951567827136312,0.7949298451828022
blue_wing,3792,23.0,21.431491370807855,0.8194521865217399
blue_wing,3793,14.0,17.555167956041934,0.7875460950455941
blue_wing,3794,19.0,17.559425126579733,0.8109946017125826
blue_wing,3795,23.0,18.592559240142563,0.8039434301993271
blue_wing,3796,21.0,19.586428749286576,0.7871084016467702
blue_wing,3797,18.0,19.553779508713607,0.8188610737694484
blue_wing,3798,21.0,22.868294478078486,0.7992872300234888
blue_wing,3799,16.0,19.03960514041955,0.8127580858924276
blue_wing,3800,18.0,19.02393254256662,0.8074671672514573
blue_wing,3801,20.0,22.260320624119828,0.7637118100398578
blue_wing,3802,20.0,19.63697138074305,0.7916922871372907
blue_wing,3803,23.0,19.58864163986961,0.7711342581760691
blue_wing,3804,22.0,18.22628633654823,0.8241980499783585
blue_wing,3805,23.0,20.969390047739942,0.8049728777656107
blue_wing,3806,19.0,23.24181278092311,0.7563247184555891
blue_wing,3807,17.0,18.539033079187448,0.8050908528412979
blue_wing,3808,17.0,19.53743553116856,0.7944453577789067
blue_wing,3809,22.0,24.216624305561677,0.8048474516336379
blue_wing,3810,23.0,20.10618687210817,0.7976099556070182
blue_wing,3811,22.0,22.53691538246687,0.8014554835803858
blue_wing,3812,17.0,17.555876021667018,0.8196447067921662
blue_wing,3813,16.0,18.88625469544561,0.7946717654021538
blue_wing,3814,20.0,17.230486970106,0.7995274040510851
blue_wing,3815,23.0,20.897090459618084,0.8119097891114757
blue_wing,3816,23.0,21.602699124522573,0.7996508504007465
blue_wing,3817,15.0,18.564481315919277,0.7616250642995279
blue_wing,3818,25.0,22.40128583676327,0.7995340050337609
blue_wing,3819,19.0,18.94176481793051,0.7936756744115616
blue_wing,3820,19.0,19.111702327658524,0.8195372288538739
blue_wing,3821,22.0,22.02935015116931,0.7716890053471779
blue_wing,3822,19.0,20.00152600000296,0.8024282713861439
blue_wing,3823,16.0,17.470582402711084,0.8252665468404388
blue_wing,3824,20.0,18.074842722372907,0.7983833274306915
blue_wing,3825,21.0,20.065337183936897,0.796291861488968
blue_wing,3826,20.0,21.042597337637357,0.8206517868798116
blue_wing,3827,21.0,19.549251556347464,0.7980776089722494
blue_wing,3828,22.0,22.44574141450552,0.8012378534158884
blue_wing,3829,21.0,21.928903147488448,0.774712397936344
blue_wing,3830,19.0,19.04804506851978,0.8158699494769884
blue_wing,3831,18.0,18.63364269144801,0.7836576430732239
blue_wing,3832,19.0,20.47046316239668,0.7974278688863512
blue_wing,3833,19.0,21.5360995268093,0.791045680756026
blue_wing,3834,23.0,22.846995793387705,0.7728418861232905
blue_wing,3835,23.0,19.597476059348825,0.7793810122570317
blue_wing,3836,17.0,16.61761225353547,0.8043328162095982
blue_wing,3837,16.0,19.37941649338693,0.8032989286686256
blue_wing,3838,22.0,18.12473337144004,0.7551647047804522
blue_wing,3839,20.0,20.989840177836076,0.8022473102695753
blue_wing,3840,21.0,21.71823302048173,0.8002954949538236
blue_wing,3841,22.0,23.396417109747837,0.8005237935414251
blue_wing,3842,19.0,19.109545498240816,0.8250236030155246
blue_wing,3843,18.0,21.443810686424275,0.7746835499794562
blue_wing,3844,21.0,20.00481284529396,0.7919315517211513
blue_wing,3845,21.0,20.43394258410727,0.7999778887971682
blue_wing,3846,16.0,21.241322123356998,0.7983385166924843
blue_wing,3847,22.0,19.558720411288004,0.8017777833596755
blue_wing,3848,22.0,21.413772156739036,0.804380974126896
blue_wing,3849,19.0,20.836306966146303,0.8033444433256096
blue_wing,3850,15.0,18.40349953215467,0.8200460115968676
blue_wing,3851,16.0,20.981562189104647,0.8119490851512047
blue_wing,3852,15.0,19.463957310160325,0.7940522124465077
blue_wing,3853,21.0,19.537758911118566,0.8001428375788369
blue_wing,3854,17.0,18.981474670245355,0.7836633528023613
blue_wing,3855,19.0,17.650151667752425,0.7628270684645452
blue_wing,3856,24.0,22.942762446212495,0.7776163762542785
blue_wing,3857,18.0,19.460636319843285,0.7882490801802522
blue_wing,3858,16.0,18.611724023711275,0.7961714237897981
blue_wing,3859,18.0,17.05658835318215,0.7701905121044185
blue_wing,3860,19.0,16.79186091693477,0.8124653774152085
blue_wing,3861,19.0,16.054318408323322,0.7576876352133842
blue_wing,3862,21.0,19.8747740177389,0.7668590663784483
blue_wing,3863,21.0,20.617776423129275,0.8113655461928695
blue_wing,3864,22.0,18.974714702610566,0.8148843943970085
blue_wing,3865,21.0,21.508409819432277,0.7939184759939006
blue_wing,3866,17.0,17.134917091168727,0.7928351713585045
blue_wing,3867,17.0,20.82496757011422,0.7988844677595741
blue_wing,3868,18.0,18.467938288691506,0.799247846819295
blue_wing,3869,19.0,18.234094323841614,0.787344713451448
blue_wing,3870,23.0,21.060972057564545,0.8189826044977131
blue_wing,3871,21.0,20.503041916602225,0.8066516508212668
blue_wing,3872,15.0,18.05114976707034,0.7983793510055994
blue_wing,3873,17.0,17.984526503935836,0.7891591236109833
blue_wing,3874,16.0,18.538756258202298,0.7713090256671549
blue_wing,3875,16.0,17.642869817306593,0.7791554826512628
blue_wing,3876,22.0,17.65737432440184,0.801742823890117
blue_wing,3877,19.0,21.919722337413816,0.8022149152091602
blue_wing,3878,17.0,19.92838228908691,0.7823917000657947
blue_wing,3879,14.0,17.54181821684995,0.8281290533738974
blue_wing,3880,17.0,18.09772768687009,0.8215831730067782
blue_wing,3881,19.0,19.411085279367736,0.8081256956244821
blue_wing,3882,18.0,19.9546050218114,0.7663857629531825
blue_wing,3883,23.0,19.962303049899678,0.8163074970778885
blue_wing,3884,16.0,18.433677383982776,0.7945595025147019
blue_wing,3885,15.0,18.033428574291726,0.8023607844272974
blue_wing,3886,19.0,19.10565148274657,0.7966293129750719
blue_wing,3887,21.0,18.54330471264178,0.7784240637863811
blue_wing,3888,23.0,20.460661497349985,0.8014156294185959
blue_wing,3889,20.0,19.406214170727967,0.7970004818614049
blue_wing,3890,17.0,17.55548433770434,0.7865542180067009
blue_wing,3891,22.0,19.485187189647494,0.7895302379534062
blue_wing,3892,18.0,17.964536165575552,0.7974070476738859
blue_wing,3893,19.0,18.133707731971494,0.7952008340031709
blue_wing,3894,17.0,21.465383415016678,0.8206288000754993
blue_wing,3895,21.0,19.64051704366835,0.8152065139781277
blue_wing,3896,22.0,20.94154373061619,0.7933927161287473
blue_wing,3897,21.0,19.006963102095987,0.8013609670004653
blue_wing,3898,22.0,20.949433564692377,0.8067944669960592
blue_wing,3899,15.0,19.45483994188019,0.797622113635659
blue_wing,3900,19.0,21.35761656282227,0.7970887265750447
blue_wing,3901,16.0,19.448269856287087,0.8049253617999108
blue_wing,3902,21.0,19.551872109229507,0.8019203197795522
blue_wing,3903,15.0,17.078227462884158,0.8167373834873248
blue_wing,3904,19.0,18.522560444468247,0.8324213268703282
blue_wing,3905,19.0,19.967639107804324,0.8016186129878784
blue_wing,3906,21.0,23.021041313245295,0.7793178741115052
blue_wing,3907,15.0,19.410743507888267,0.7946398967116473
blue_wing,3908,26.0,22.887020501230506,0.7857264846341239
blue_wing,3909,19.0,20.946999072166278,0.782802680278569
blue_wing,3910,19.0,17.576488467186852,0.8235048796030593
blue_wing,3911,15.0,16.560265273518056,0.7879943536616172
blue_wing,3912,22.0,20.592663419177512,0.7706119619307039
blue_wing,3913,21.0,19.0166166445947,0.8074975701077486
blue_wing,3914,22.0,20.95300568979299,0.8003386474866383
blue_wing,3915,23.0,17.30680484774956,0.8008362570012408
blue_wing,3916,19.0,20.91051140258407,0.8023804227310782
blue_wing,3917,16.0,17.96703577226076,0.827066475096019
blue_wing,3918,16.0,21.30030427360446,0.8162302654666561
blue_wing,3919,17.0,19.032009680823705,0.8110141780189026
blue_wing,3920,22.0,19.148445916628326,0.7990272567907291
blue_wing,3921,19.0,19.094584667035214,0.8040407739313404
blue_wing,3922,16.0,24.7562221017271,0.7608045290763439
blue_wing,3923,22.0,20.446070991016693,0.7868654264358388
blue_wing,3924,20.0,19.09159397194923,0.8195190720913883
blue_wing,3925,20.0,18.08261332771097,0.7902072138011194
blue_wing,3926,18.0,19.990516846336803,0.8043231839973133
blue_wing,3927,20.0,21.37562703835608,0.8151886904430963
blue_wing,3928,21.0,17.60578361119769,0.7893138659590213
blue_wing,3929,18.0,20.111937819743563,0.8020646379538807
blue_wing,3930,20.0,18.57475941424235,0.8002418147356617
blue_wing,3931,18.0,17.034895691349117,0.8096049761539863
blue_wing,3932,23.0,20.9161393268806,0.8006545286607065
blue_wing,3933,18.0,18.71980709864964,0.7935089735166205
blue_wing,3934,19.0,20.421919898606287,0.8029835915264857
blue_wing,3935,19.0,19.01711186685647,0.8344040651438287
blue_wing,3936,24.0,17.216493969975396,0.8006383578650951
blue_wing,3937,26.0,21.445329816297583,0.796670746958889
blue_wing,3938,18.0,20.396404819227982,0.7816288921395562
blue_wing,3939,23.0,20.009002972826156,0.8154302681022305
blue_wing,3940,23.0,19.551610057663368,0.7871009439582334
blue_wing,3941,20.0,19.4496991250515,0.7611479011463975
blue_wing,3942,16.0,18.49675330055042,0.8277502156551088
blue_wing,3943,18.0,18.154386493451234,0.8110035690776862
blue_wing,3944,22.0,22.95621463986692,0.8054119915356865
blue_wing,3945,21.0,18.46588469111173,0.8066267885156213
blue_wing,3946,19.0,19.44380088060516,0.8023445630987763
blue_wing,3947,18.0,17.073081698685193,0.7842318013653231
blue_wing,3948,19.0,20.072089125761742,0.7778713838529312
blue_wing,3949,15.0,17.075174554539306,0.7745137530063764
blue_wing,3950,22.0,18.546332791631478,0.7692636805954816
blue_wing,3951,16.0,18.502082704488252,0.8027875218378503
blue_wing,3952,19.0,18.16410335400109,0.8214877418978395
blue_wing,3953,21.0,17.68958430452386,0.8188037119545494
blue_wing,3954,22.0,19.47199288308483,0.7956617342944594
blue_wing,3955,15.0,19.57476853535165,0.8242197437617008
blue_wing,3956,19.0,19.02072347066885,0.8037756329368616
blue_wing,3957,16.0,18.577746895938674,0.7871883588498003
blue_wing,3958,22.0,20.48041398010858,0.79170734392225
blue_wing,3959,20.0,18.068716250663204,0.7907456240798982
blue_wing,3960,20.0,20.034413203442185,0.7945364349261623
blue_wing,3961,21.0,20.0080075507149,0.8006695237322903
blue_wing,3962,22.0,18.062306597651148,0.8190195195137371
blue_wing,3963,19.0,19.924639138849805,0.7833642662482183
blue_wing,3964,17.0,21.337771379547938,0.8517585506508323
blue_wing,3965,22.0,22.836368369349398,0.7811516045434179
blue_wing,3966,21.0,23.203924008420056,0.7900751608578025
blue_wing,3967,19.0,19.004996007688227,0.8204990550521057
blue_wing,3968,19.0,18.10125666820737,0.8018565733980434
blue_wing,3969,23.0,21.5047385485153,0.8086547545960341
blue_wing,3970,15.0,20.346102358477353,0.7786665611810347
blue_wing,3971,22.0,18.468129678333742,0.7688353687340872
blue_wing,3972,19.0,21.97082967946057,0.7860474955275936
blue_wing,3973,19.0,20.897884192659205,0.8271210712138805
blue_wing,3974,15.0,17.07883044095869,0.8053313468714229
blue_wing,3975,19.0,18.544652350785803,0.7917333345533191
blue_wing,3976,23.0,20.03821324206508,0.796241521183563
blue_wing,3977,18.0,21.414370743564135,0.8005696866581957
blue_wing,3978,14.0,17.4141069684468,0.7916650953517523
blue_wing,3979,23.0,17.69029796504256,0.7967195543290476
blue_wing,3980,16.0,20.406156050639343,0.8060297703494721
blue_wing,3981,18.0,19.178719846868507,0.8132992836448127
blue_wing,3982,18.0,18.984283015412842,0.7952872952666482
blue_wing,3983,19.0,20.381180408369822,0.7777048817081804
blue_wing,3984,16.0,18.978487677699707,0.7870263927201199
blue_wing,3985,19.0,19.021013267883912,0.8121941964417672
blue_wing,3986,19.0,19.45667990564669,0.7942618025248862
blue_wing,3987,18.0,18.54202880731855,0.8010949830050742
blue_wing,3988,16.0,18.022953592545345,0.8131896979179851
blue_wing,3989,22.0,18.121240199162738,0.7846971292610457
blue_wing,3990,19.0,18.5628219280723,0.7862777114505082
blue_wing,3991,22.0,18.61245111758942,0.7969945929203667
blue_wing,3992,22.0,20.428358361122694,0.7959549733303024
blue_wing,3993,16.0,18.050700506968795,0.797643153086452
blue_wing,3994,21.0,19.44108015392563,0.7767494216777703
blue_wing,3995,18.0,18.0838789188527,0.8314682478788495
blue_wing,3996,17.0,19.939806200671825,0.767635293073406
blue_wing,3997,16.0,15.694151166981932,0.8173684310032208
blue_wing,3998,19.0,19.48723032382844,0.8088390765628777
blue_wing,3999,22.0,19.043719463978967,0.8042514386289179
blue_wing,4000,23.0,21.061785355032345,0.7903826787690744
blue_wing,4001,19.0,20.048825564780454,0.7970042662894241
blue_wing,4002,15.0,17.51300515880909,0.762819668335172
blue_wing,4003,20.0,19.963434352985896,0.7984648905623477
blue_wing,4004,19.0,18.50241166408565,0.7998220282827504
blue_wing,4005,16.0,17.10180416068465,0.7777161619418369
blue_wing,4006,17.0,18.959767104213135,0.7816836682184396
blue_wing,4007,19.0,22.796503419740443,0.7977450070628309
blue_wing,4008,18.0,20.505247081919137,0.7788552792243169
blue_wing,4009,17.0,18.48956230723101,0.8069606628655794
blue_wing,4010,24.0,20.46774802098311,0.8126291845992262
blue_wing,4011,22.0,19.42817844814026,0.8114195677935877
blue_wing,4012,17.0,18.867517139518696,0.8014273324285403
blue_wing,4013,20.0,17.961133241565115,0.7784845181301177
blue_wing,4014,15.0,20.371103235663593,0.8002905418818469
blue_wing,4015,21.0,19.51814150675199,0.8003449088693934
blue_wing,4016,19.0,18.955482947035364,0.8137950257998272
blue_wing,4017,22.0,20.05789793300627,0.8129134780856493
blue_wing,4018,17.0,19.000902955665932,0.8139819641982085
blue_wing,4019,16.0,19.914994263252655,0.8015286450710709
blue_wing,4020,17.0,21.375582089027937,0.7868389231832584
blue_wing,4021,22.0,18.524361201063055,0.7751671714773569
blue_wing,4022,22.0,18.60562462294377,0.8177393795168948
blue_wing,4023,21.0,19.977991391564878,0.8193173506145538
blue_wing,4024,17.0,18.071095481773305,0.7877784328885176
blue_wing,4025,15.0,18.987546015485112,0.8046409720496603
blue_wing,4026,24.0,19.005871083588772,0.8050591249386614
blue_wing,4027,22.0,19.509498946691227,0.8028488318667626
blue_wing,4028,17.0,19.98678602396103,0.7824990822260672
blue_wing,4029,18.0,20.8375765401792,0.7803278401704761
blue_wing,4030,19.0,19.468555165875152,0.814583245302844
blue_wing,4031,19.0,18.62130516412042,0.800834067951349
blue_wing,4032,16.0,20.816061575828613,0.7843674809361785
blue_wing,4033,22.0,20.840203921009504,0.7930222285450552
blue_wing,4034,16.0,19.951347566427945,0.8117746524198991
blue_wing,4035,21.0,20.942471003531757,0.8245281473640125
blue_wing,4036,18.0,18.043721911631195,0.8272578676170872
blue_wing,4037,22.0,19.94194945377429,0.7623309170532989
blue_wing,4038,18.0,19.065911701957052,0.8195513633717226
blue_wing,4039,20.0,21.926593674285503,0.8014764191097963
blue_wing,4040,23.0,21.824522992150822,0.8127769079597601
blue_wing,4041,21.0,20.476035592050025,0.8091051152084647
blue_wing,4042,18.0,18.592575041943224,0.8165324126824033
blue_wing,4043,22.0,20.58166424912392,0.8110535279196807
blue_wing,4044,23.0,18.590845581281172,0.7967148177833547
blue_wing,4045,22.0,19.5364996399631,0.7863694340560723
blue_wing,4046,19.0,18.642528369145868,0.7717564167441057
blue_wing,4047,20.0,19.54908866440545,0.8055121710163506
blue_wing,4048,16.0,18.501105527595698,0.7863004865502592
blue_wing,4049,15.0,17.029941916125896,0.8113109926888599
blue_wing,4050,20.0,19.073666764077014,0.777712189614126
blue_wing,4051,21.0,19.054788045449882,0.8031959940947072
blue_wing,4052,21.0,16.796158767449977,0.7832433295711548
blue_wing,4053,15.0,16.401168794984443,0.8195425750060821
blue_wing,4054,18.0,19.97019319929846,0.7980481818617374
blue_wing,4055,23.0,20.071680101206013,0.8035865740901211
blue_wing,4056,21.0,19.610521120555603,0.7911503932712651
blue_wing,4057,19.0,19.100558846933392,0.7778809784260658
blue_wing,4058,23.0,20.901398305160164,0.7867397122879741
blue_wing,4059,19.0,18.14095414770956,0.8127649055679498
blue_wing,4060,17.0,18.94338459852171,0.7946532165457881
blue_wing,4061,19.0,21.349974227850073,0.7912363153392217
blue_wing,4062,16.0,17.522044292570033,0.7963832963484132
blue_wing,4063,16.0,17.059470098145624,0.8114590044664007
blue_wing,4064,18.0,18.063508895766542,0.8030777059794192
blue_wing,4065,23.0,22.809672777088707,0.7939403339896776
blue_wing,4066,15.0,14.811430979912545,0.771978278346676
blue_wing,4067,24.0,21.910945800474842,0.8027612514790066
blue_wing,4068,22.0,17.55834637885139,0.8174981807147833
blue_wing,4069,20.0,18.96467789175409,0.7746587321171274
blue_wing,4070,18.0,20.87889082927932,0.8054085134639264
blue_wing,4071,23.0,20.491271605467727,0.7962476917450989
blue_wing,4072,19.0,19.516399060305712,0.795515406060378
blue_wing,4073,17.0,18.460897343483623,0.7885103312261305
blue_wing,4074,17.0,19.448018279718905,0.7845114015929826
blue_wing,4075,21.0,18.600918095636366,0.7995040678354834
blue_wing,4076,15.0,18.47319530626859,0.7998099382477856
blue_wing,4077,19.0,18.48168787358697,0.7900799617358165
blue_wing,4078,20.0,19.02977066550444,0.795379520433694
blue_wing,4079,20.0,15.405355502520406,0.7749016624648255
blue_wing,4080,22.0,17.5874799495391,0.8291385128048472
blue_wing,4081,19.0,18.133268717436206,0.8174446281884055
blue_wing,4082,16.0,17.534654304073232,0.808043134793232
blue_wing,4083,20.0,23.267596794018573,0.7893913825770709
blue_wing,4084,21.0,19.95410774443079,0.7812815324206863
blue_wing,4085,17.0,19.970266222054132,0.7788930812091754
blue_wing,4086,23.0,18.57392392479903,0.7954732943361781
blue_wing,4087,16.0,18.509609918859663,0.7976762913915281
blue_wing,4088,18.0,19.10814901214339,0.7916548696494231
blue_wing,4089,22.0,21.393518134632536,0.8105180338161821
blue_wing,4090,23.0,18.556661129168102,0.7985857972105803
blue_wing,4091,16.0,18.008413429533725,0.8110837341479437
blue_wing,4092,20.0,20.948670554311864,0.7797402813666645
blue_wing,4093,15.0,16.91270123813855,0.8039931422594389
blue_wing,4094,19.0,19.043261170016095,0.8145835401556503
blue_wing,4095,22.0,19.540845366969695,0.8102675711091343
blue_wing,4096,19.0,18.855363971831427,0.7987646564379656
blue_wing,4097,22.0,19.899633513009253,0.7888267394258215
blue_wing,4098,16.0,20.283730745796266,0.8059212326049745
blue_wing,4099,21.0,21.519893266786557,0.8044386335438571
blue_wing,4100,15.0,18.485547346119606,0.8123988400804254
blue_wing,4101,20.0,18.43942799458994,0.7850084372842308
blue_wing,4102,20.0,19.9938229300119,0.7851633717896553
blue_wing,4103,18.0,17.016357873254687,0.8100661674380414
blue_wing,4104,15.0,13.696122576232485,0.8053311670450136
blue_wing,4105,18.0,17.564966427331104,0.8226487052118889
blue_wing,4106,17.0,17.63226741026358,0.8110475526343837
blue_wing,4107,18.0,18.509220074386782,0.8138039041322676
blue_wing,4108,18.0,18.945659322421182,0.8250928002569974
blue_wing,4109,18.0,20.905655702043966,0.7825629508165577
blue_wing,4110,21.0,19.02090283891885,0.7837045119710522
blue_wing,4111,18.0,18.542079468022237,0.7924217283769905
blue_wing,4112,20.0,22.927918772196,0.812463813744096
blue_wing,4113,19.0,17.61165978242714,0.8038958689977221
blue_wing,4114,18.0,17.976449772051065,0.7876764514863577
blue_wing,4115,14.0,15.602055732167791,0.8215613127464652
blue_wing,4116,20.0,19.10348971308312,0.8062453086987555
blue_wing,4117,20.0,17.496488097238466,0.8086183027903897
blue_wing,4118,23.0,21.13289405012141,0.7768448795473079
blue_wing,4119,18.0,19.899975362961783,0.8139772623881414
blue_wing,4120,23.0,20.450999904721858,0.8011681731454158
blue_wing,4121,17.0,19.994992404841692,0.817394772085408
blue_wing,4122,21.0,19.591320677990918,0.813406576744093
blue_wing,4123,19.0,16.199510444894226,0.813585103113363
blue_wing,4124,23.0,18.61288010281811,0.8010751501895417
blue_wing,4125,15.0,18.936945532302687,0.7818195178218883
blue_wing,4126,22.0,20.423059221368792,0.7898284110916423
blue_wing,4127,20.0,17.577585601441154,0.8133780764620699
blue_wing,4128,24.0,18.727592851550323,0.7888228946076212
blue_wing,4129,18.0,18.027991840882645,0.8069468010309585
blue_wing,4130,19.0,17.626505654313124,0.8059043717529435
blue_wing,4131,22.0,22.77969852815814,0.8060567249030526
blue_wing,4132,21.0,20.923522677321017,0.7610134443164525
blue_wing,4133,21.0,17.642883794220303,0.8146845159589882
blue_wing,4134,19.0,18.96357200440429,0.781956740594385
blue_wing,4135,22.0,21.50233732043983,0.8071573539903686
blue_wing,4136,17.0,20.861911654897725,0.7958110915938021
blue_wing,4137,15.0,18.577713124760226,0.8003791351822599
blue_wing,4138,18.0,18.34990383000019,0.7850353788544058
blue_wing,4139,22.0,19.981068769260432,0.7772139242410684
blue_wing,4140,17.0,20.390356699457588,0.7995408475912869
blue_wing,4141,23.0,21.524624597777944,0.8087426968608495
blue_wing,4142,15.0,16.998841271996977,0.8005729988042678
blue_wing,4143,17.0,19.01109390752301,0.7783165263726837
blue_wing,4144,19.0,19.847708635422915,0.805493287879343
blue_wing,4145,19.0,21.07197261295392,0.7911180813016894
blue_wing,4146,22.0,20.528539876961556,0.8069033750430363
blue_wing,4147,17.0,19.0702191727001,0.8024176448415019
blue_wing,4148,19.0,18.171417737091485,0.8239760025920415
blue_wing,4149,17.0,16.10127299106317,0.8004912236282244
blue_wing,4150,17.0,17.382130406634513,0.7881761811638287
blue_wing,4151,17.0,19.516330088103388,0.8263082401729218
blue_wing,4152,19.0,19.051784127365114,0.8067699453676107
blue_wing,4153,22.0,21.906148043802506,0.7804971807910539
blue_wing,4154,18.0,19.47535618036179,0.8013468532603716
blue_wing,4155,24.0,21.47476904357272,0.822112345568683
blue_wing,4156,18.0,19.127814253854037,0.816651129714619
blue_wing,4157,15.0,19.00823450386936,0.7983609820635338
blue_wing,4158,21.0,21.965612109503297,0.8080824485440163
blue_wing,4159,15.0,18.398641163360466,0.7837266172993809
blue_wing,4160,22.0,21.577827182050623,0.7822703138958749
blue_wing,4161,19.0,18.510580795339962,0.7903635997002046
blue_wing,4162,19.0,21.11351174187343,0.7942561305664271
blue_wing,4163,14.0,16.0591077533657,0.8059159621395338
blue_wing,4164,19.0,16.61461197539725,0.8160012726848385
blue_wing,4165,18.0,17.581037489594834,0.8124867929695869
blue_wing,4166,17.0,18.90840755568684,0.7941119513133312
blue_wing,4167,21.0,20.565557823403157,0.7942022523943641
blue_wing,4168,23.0,20.065050044835964,0.832481854588068
blue_wing,4169,16.0,19.418432131750805,0.8145901392696517
blue_wing,4170,18.0,18.533929359119238,0.7820795980187344
blue_wing,4171,16.0,17.579319480876578,0.7941705272154512
blue_wing,4172,22.0,20.022200302200908,0.8359189174981407
blue_wing,4173,22.0,19.597981425352796,0.7691561263720292
blue_wing,4174,15.0,18.892648585006192,0.8076435405260947
blue_wing,4175,23.0,20.959757474436813,0.823690523491699
blue_wing,4176,23.0,19.476707355083512,0.805777556780101
blue_wing,4177,25.0,20.955417962280197,0.798033500927234
blue_wing,4178,13.0,18.37543407483861,0.8006709411185597
blue_wing,4179,23.0,18.973291629822587,0.8098631138678447
blue_wing,4180,15.0,17.101219885033014,0.8146622536710971
blue_wing,4181,20.0,18.585386293796375,0.790570447021065
blue_wing,4182,19.0,19.11178965221732,0.8057509593446559
blue_wing,4183,19.0,18.12664764725164,0.8103043926434439
blue_wing,4184,20.0,20.47608192179583,0.8114416099395433
blue_wing,4185,22.0,21.9028096881972,0.7753000318666219
blue_wing,4186,19.0,19.60854077193755,0.8217275882406206
blue_wing,4187,22.0,22.788341182021007,0.7883259682348476
blue_wing,4188,22.0,21.448441259593977,0.7702211488050795
blue_wing,4189,21.0,20.957597112944928,0.7819328008579478
blue_wing,4190,16.0,20.04526099677038,0.8136356687592003
blue_wing,4191,16.0,18.02580547459442,0.8062825597404991
blue_wing,4192,17.0,19.484928798407577,0.8221811705285231
blue_wing,4193,15.0,20.73099940484366,0.7821180581419545
blue_wing,4194,19.0,19.964966382494236,0.8009590427593014
blue_wing,4195,16.0,17.013494200042118,0.8042263968662982
blue_wing,4196,15.0,18.905247371736547,0.7883326708065517
blue_wing,4197,23.0,19.48600268154286,0.8081118419365714
blue_wing,4198,15.0,20.381406074352114,0.7879329998507743
blue_wing,4199,22.0,21.42862245775566,0.7983820710785114
blue_wing,4200,14.0,17.52525393477308,0.7829590207074335
blue_wing,4201,23.0,21.040264481481955,0.8185233443782116
blue_wing,4202,22.0,18.002293880533276,0.8061111263153675
blue_wing,4203,18.0,19.911901601959922,0.7969616678470822
blue_wing,4204,20.0,20.456471951923323,0.8124228465876622
blue_wing,4205,22.0,21.400208837194775,0.7870455323880823
blue_wing,4206,20.0,19.481623830446292,0.7933627942359419
blue_wing,4207,20.0,19.14275692958545,0.8036008820992553
blue_wing,4208,19.0,19.558962966019685,0.7906553748698463
blue_wing,4209,23.0,22.496606936546225,0.7990996977730533
blue_wing,4210,14.0,19.479610625010494,0.8134119086542337
blue_wing,4211,21.0,20.550517066919934,0.7948176974944955
blue_wing,4212,22.0,18.90029273698093,0.788332683933281
blue_wing,4213,15.0,18.05193479100613,0.7867834374967886
blue_wing,4214,19.0,19.046688557829277,0.7782136040668746
blue_wing,4215,21.0,20.059732738075507,0.7851072726264372
blue_wing,4216,18.0,19.425317690802782,0.818860017049292
blue_wing,4217,18.0,18.419152754192687,0.8058603663675208
blue_wing,4218,19.0,19.98149935849576,0.7859925889865991
blue_wing,4219,23.0,19.62348375074981,0.7850200820787243
blue_wing,4220,18.0,18.481163401071697,0.7715998711970169
blue_wing,4221,20.0,18.520092962200202,0.7710886029698758
blue_wing,4222,22.0,18.947756432885853,0.8015282976290445
blue_wing,4223,16.0,19.579019709210097,0.7827871796684049
blue_wing,4224,19.0,19.470542114122487,0.7805999879154026
blue_wing,4225,23.0,20.98314458620025,0.7864764604534842
blue_wing,4226,20.0,19.53039039107217,0.7821056174252488
blue_wing,4227,17.0,18.44561095148812,0.8093601535429518
blue_wing,4228,22.0,21.48808282785384,0.8165032786125916
blue_wing,4229,16.0,18.01235028012382,0.8285669137391671
blue_wing,4230,15.0,21.30898580211872,0.7997301372606291
blue_wing,4231,17.0,18.969117136483526,0.7998713251917827
blue_wing,4232,20.0,19.940621559912607,0.7944646145363478
blue_wing,4233,16.0,19.097736357941166,0.8204676447748662
blue_wing,4234,22.0,18.496126153570184,0.7731700318056925
blue_wing,4235,18.0,19.067365894152477,0.8222635341084659
blue_wing,4236,16.0,17.586711721853383,0.8295438297328811
blue_wing,4237,20.0,21.98910281571362,0.7787470562996078
blue_wing,4238,15.0,19.45424474612005,0.7816502720551093
blue_wing,4239,23.0,17.236210081047723,0.776602860660689
blue_wing,4240,18.0,18.451676764687143,0.7882356061755375
blue_wing,4241,22.0,19.101803077796948,0.8124309870808729
blue_wing,4242,18.0,19.875847045611206,0.8035451208212441
blue_wing,4243,19.0,19.457560938320555,0.7973453700259672
blue_wing,4244,20.0,20.514408568675407,0.8014279749517794
blue_wing,4245,15.0,19.45139351809664,0.7855681706280744
blue_wing,4246,26.0,19.452126518833424,0.7867706071253306
blue_wing,4247,16.0,17.00964179450804,0.8040248154628641
blue_wing,4248,20.0,19.11900863858395,0.7949035032772584
blue_wing,4249,22.0,21.074699367032355,0.7645840042458967
blue_wing,4250,22.0,17.183708729185962,0.7837040885658297
blue_wing,4251,19.0,17.49677016608807,0.7760291268742163
blue_wing,4252,18.0,20.728813343195366,0.8004925585571592
blue_wing,4253,22.0,20.53976265420974,0.8289084518059484
blue_wing,4254,19.0,19.205592723157903,0.8349029263434578
blue_wing,4255,22.0,19.481354825512017,0.8021531988924069
blue_wing,4256,23.0,21.019075985350355,0.8082999840198107
blue_wing,4257,22.0,19.0305425866003,0.7976846786571581
blue_wing,4258,17.0,19.4755155648781,0.7637813681852248
blue_wing,4259,19.0,18.585667742968187,0.7947748941605159
blue_wing,4260,19.0,16.61828959391167,0.7917891501529424
blue_wing,4261,19.0,17.496866091727966,0.7983093539232833
blue_wing,4262,16.0,16.34613041681968,0.8087152594648497
blue_wing,4263,20.0,19.487910428972203,0.7964367431662391
blue_wing,4264,13.0,17.08817083966043,0.7760782668623121
blue_wing,4265,18.0,20.847072731479326,0.7607866168066514
blue_wing,4266,15.0,18.940723524660037,0.8075019185511055
blue_wing,4267,19.0,18.48735484692081,0.8022666861865948
blue_wing,4268,20.0,19.17266502729093,0.7896128296630358
blue_wing,4269,22.0,21.812507919420757,0.8064106507698108
blue_wing,4270,15.0,16.54642150257131,0.8158429756359526
blue_wing,4271,17.0,19.00212274397944,0.7749861500694526
blue_wing,4272,23.0,19.010653533230055,0.7782202182088072
blue_wing,4273,16.0,18.44130674862175,0.8039381841825244
blue_wing,4274,23.0,21.5043412959671,0.7918772035692505
blue_wing,4275,23.0,20.617527867158348,0.8115292543840211
blue_wing,4276,16.0,18.937387942995972,0.7844477328226271
blue_wing,4277,16.0,19.01021469374242,0.8175140832643919
blue_wing,4278,16.0,17.508566582200707,0.8024468313174218
blue_wing,4279,18.0,19.944602562505068,0.8135812573181468
blue_wing,4280,15.0,18.60304994965375,0.8066475574691104
blue_wing,4281,19.0,19.979058361534555,0.7854733926531117
blue_wing,4282,19.0,19.930112182824782,0.7853554021706788
blue_wing,4283,19.0,18.51597878421998,0.7965144644538891
blue_wing,4284,20.0,17.69400782980688,0.8041375776056192
blue_wing,4285,20.0,18.950739638014745,0.7976827947642167
blue_wing,4286,19.0,16.162615822928974,0.7854347007758118
blue_wing,4287,19.0,20.530332015369094,0.8321405930166713
blue_wing,4288,18.0,17.089220176669066,0.7779564886773952
blue_wing,4289,21.0,19.004198718814955,0.795541896915255
blue_wing,4290,24.0,22.14572730501357,0.8101979032745097
blue_wing,4291,22.0,18.142716674692444,0.8015072891265367
blue_wing,4292,18.0,18.913219161591517,0.8044627693129409
blue_wing,4293,18.0,18.4736433799536,0.8083731980513433
blue_wing,4294,19.0,19.926185885947984,0.8146254645607142
blue_wing,4295,22.0,20.65807823304717,0.7748997142155928
blue_wing,4296,15.0,16.74518244769096,0.8163453142647459
blue_wing,4297,20.0,17.53312763074558,0.8154247112932012
blue_wing,4298,18.0,18.494907476511063,0.8222219325657888
blue_wing,4299,14.0,17.013393511568296,0.8065633069629681
blue_wing,4300,19.0,19.524931643405463,0.8083854285737048
blue_wing,4301,23.0,19.55677327762336,0.8179002717980335
blue_wing,4302,16.0,20.06142486071018,0.8110641296591623
blue_wing,4303,19.0,18.598180968982824,0.8023736974207811
blue_wing,4304,24.0,20.465707241428973,0.8037848092831434
blue_wing,4305,22.0,21.021666358302767,0.8196716745858238
blue_wing,4306,23.0,19.094105270472213,0.7996398285203661
blue_wing,4307,21.0,18.08611346975328,0.8244772870620615
blue_wing,4308,17.0,19.183938499268972,0.7645262508653559
blue_wing,4309,19.0,18.578118635044564,0.8267220959224169
blue_wing,4310,14.0,19.47464003514167,0.8144142223842451
blue_wing,4311,19.0,18.93405666742672,0.8027605833625809
blue_wing,4312,19.0,19.407492806020144,0.7960282494956592
blue_wing,4313,15.0,19.451652337775734,0.7904591643878649
blue_wing,4314,18.0,17.55534868524096,0.8094118553346823
blue_wing,4315,15.0,17.61504731465742,0.8158819976945891
blue_wing,4316,19.0,17.169516892792604,0.8184328911875445
blue_wing,4317,17.0,18.071216805693822,0.8270269656775668
blue_wing,4318,19.0,19.965576648442138,0.7925905878386266
blue_wing,4319,18.0,19.868455219356104,0.8068477887212302
blue_wing,4320,15.0,20.467993850573208,0.8079670936271971
blue_wing,4321,20.0,21.88465798930864,0.7904723219418875
blue_wing,4322,15.0,18.47546862721488,0.818696081941165
blue_wing,4323,16.0,19.934662820219252,0.799432154911964
blue_wing,4324,19.0,19.01980677664339,0.8219581531840979
blue_wing,4325,25.0,19.50988171477366,0.7919863887386877
blue_wing,4326,21.0,20.185825373400455,0.7779239403204883
blue_wing,4327,19.0,19.02348619232512,0.782273695401251
blue_wing,4328,16.0,17.58817394985045,0.7912311622711918
blue_wing,4329,22.0,21.583019677059852,0.7970397647593022
blue_wing,4330,22.0,19.521356896868554,0.788844280244462
blue_wing,4331,23.0,18.581671904288193,0.8003072563898557
blue_wing,4332,24.0,25.66092127905182,0.7991004671355069
blue_wing,4333,17.0,19.937473945198985,0.8144772119091535
blue_wing,4334,15.0,18.170051366732178,0.779650276180697
blue_wing,4335,27.0,19.064128862159272,0.7935902617884544
blue_wing,4336,16.0,17.92993896673629,0.7973929954314136
blue_wing,4337,22.0,21.426782603720557,0.7746587017569408
blue_wing,4338,18.0,16.587690011607314,0.813779459055272
blue_wing,4339,23.0,19.62499653995239,0.8002879946208123
blue_wing,4340,16.0,21.379009534108246,0.7701552796454881
blue_wing,4341,20.0,20.973457746278118,0.7706902931104989
blue_wing,4342,22.0,19.064269980276947,0.8333342011653937
blue_wing,4343,22.0,16.722601914729974,0.789310417400205
blue_wing,4344,19.0,19.962167173256887,0.8159908980206778
blue_wing,4345,22.0,19.516513960382575,0.8233102165015374
blue_wing,4346,15.0,17.940505981525003,0.7864337642664645
blue_wing,4347,17.0,19.043911007829465,0.7951350339210894
blue_wing,4348,17.0,19.37164580328651,0.7741687757890809
blue_wing,4349,19.0,19.519834705970716,0.8027466587340745
blue_wing,4350,19.0,21.423215074796698,0.784257651137126
blue_wing,4351,16.0,18.516313045270422,0.7839093436880348
blue_wing,4352,19.0,19.468012210866462,0.821313814138066
blue_wing,4353,22.0,24.15287463770431,0.7800073502916183
blue_wing,4354,22.0,22.805141210589667,0.7704113254028031
blue_wing,4355,19.0,17.061441438520525,0.7994953008202952
blue_wing,4356,18.0,17.573312668847247,0.8124639455913703
blue_wing,4357,20.0,18.046317532121506,0.806247369878287
blue_wing,4358,20.0,19.953788913530037,0.8002762956450443
blue_wing,4359,23.0,18.120945300859113,0.7841797276693895
blue_wing,4360,14.0,18.937404054530067,0.8020634961690105
blue_wing,4361,23.0,18.02246986209113,0.7503879314315146
blue_wing,4362,18.0,20.519832055774113,0.7843693363931346
blue_wing,4363,19.0,22.430453491210095,0.8029292347982594
blue_wing,4364,19.0,17.167261447485114,0.7924819147350224
blue_wing,4365,19.0,20.39507147654681,0.796346848041092
blue_wing,4366,20.0,18.157658766052904,0.8142396292962539
blue_wing,4367,18.0,18.056175286527473,0.7793592001607653
blue_wing,4368,16.0,17.671228626695925,0.7885105022848145
blue_wing,4369,19.0,19.490675772927517,0.7707282605488907
blue_wing,4370,22.0,17.16043528999663,0.8115485559785611
blue_wing,4371,18.0,21.250395192609734,0.795742070512566
blue_wing,4372,22.0,19.48511104038956,0.797698761742712
blue_wing,4373,20.0,19.535490997959496,0.7877964509391124
blue_wing,4374,22.0,20.054886576837376,0.7946024191607668
blue_wing,4375,18.0,19.940871713521307,0.791117466005439
blue_wing,4376,26.0,22.438918370642465,0.8118911282711954
blue_wing,4377,13.0,16.02816275311057,0.7941375908858268
blue_wing,4378,16.0,18.468526089086954,0.7718949403655997
blue_wing,4379,16.0,18.119744247734968,0.7782540875730822
blue_wing,4380,18.0,21.39301928938191,0.7808427396118729
blue_wing,4381,22.0,20.165459634052297,0.8213613575382496
blue_wing,4382,24.0,20.592796088576673,0.8103624834996003
blue_wing,4383,19.0,20.00089653889538,0.8155834925838117
blue_wing,4384,22.0,21.902173728957735,0.8142022645572589
blue_wing,4385,15.0,18.05107384607174,0.8061516575119996
blue_wing,4386,22.0,21.901272022723937,0.7793969513660426
blue_wing,4387,19.0,15.279132063201237,0.7915351579930949
blue_wing,4388,21.0,18.1824126511824,0.7638642228026871
blue_wing,4389,21.0,18.019901757611326,0.8010175145106344
blue_wing,4390,16.0,19.558915764461144,0.8150082550111619
blue_wing,4391,22.0,20.07846191652655,0.7714735521041487
blue_wing,4392,19.0,23.27923892982938,0.7935139907912563
blue_wing,4393,19.0,17.57277071458577,0.7784485824305205
blue_wing,4394,15.0,18.898368533863128,0.7796362912437682
blue_wing,4395,18.0,16.538211651928165,0.8271398709510046
blue_wing,4396,18.0,21.29255445632647,0.8127654050923423
blue_wing,4397,19.0,19.041478875124028,0.8028157657417605
blue_wing,4398,18.0,21.343826163250935,0.8101619496836927
blue_wing,4399,19.0,19.536400548261575,0.787662081140595
blue_wing,4400,21.0,17.55000610927961,0.7894879630338626
blue_wing,4401,21.0,20.584668912141364,0.7802899287935927
blue_wing,4402,15.0,18.750690762439078,0.79870041678399
blue_wing,4403,22.0,22.456004630012224,0.7927837163596307
blue_wing,4404,21.0,20.422137466343063,0.7893139043463377
blue_wing,4405,19.0,18.112625252340976,0.8111977308648217
blue_wing,4406,16.0,20.489631482969045,0.803778760650983
blue_wing,4407,19.0,18.14821365975248,0.8012866612569847
blue_wing,4408,16.0,18.104051746197406,0.7945722983640687
blue_wing,4409,22.0,19.95619172261071,0.8042804118965914
blue_wing,4410,22.0,18.974808000164305,0.805126418018331
blue_wing,4411,22.0,19.917882024754373,0.8041626567708648
blue_wing,4412,20.0,20.520006639278368,0.7955325415360757
blue_wing,4413,20.0,17.633303756290655,0.7900212305759289
blue_wing,4414,19.0,20.946969002184847,0.8030209821625331
blue_wing,4415,15.0,17.441302219023314,0.8006880722155834
blue_wing,4416,19.0,19.160469316851835,0.7760100967929087
blue_wing,4417,21.0,21.471585466606353,0.8069973687351988
blue_wing,4418,16.0,18.53158850524289,0.8012733110433091
blue_wing,4419,21.0,18.910594794894937,0.7757451658804795
blue_wing,4420,22.0,18.965232844118457,0.7938513867090635
blue_wing,4421,23.0,18.95948828242892,0.8057586189061925
blue_wing,4422,22.0,18.519004576821867,0.8098396770809511
blue_wing,4423,22.0,21.461502475507373,0.7791034333110365
blue_wing,4424,19.0,15.996985920063901,0.7716898193955152
blue_wing,4425,21.0,19.47908668401019,0.7708594559205605
blue_wing,4426,23.0,20.420203468285877,0.8047400301012348
blue_wing,4427,19.0,16.218689151164995,0.7639259461020975
blue_wing,4428,19.0,21.837043652627926,0.7828733620412391
blue_wing,4429,19.0,18.97466528202765,0.7959349544609087
blue_wing,4430,16.0,18.477154198936713,0.8027406147401934
blue_wing,4431,19.0,20.11427873628522,0.8091056872201652
blue_wing,4432,19.0,17.540928294964953,0.7922099658563606
blue_wing,4433,18.0,17.510574754015263,0.8126121461534066
blue_wing,4434,18.0,20.365999707974684,0.8143335809191463
blue_wing,4435,23.0,21.07582116253812,0.79152207025112
blue_wing,4436,21.0,19.022709648160664,0.7823171750623309
blue_wing,4437,17.0,25.028694252419154,0.7958858554462827
blue_wing,4438,20.0,20.528378440084314,0.8251494400642894
blue_wing,4439,23.0,20.539872243492088,0.8207126654581188
blue_wing,4440,16.0,18.897579074862783,0.7933068657772395
blue_wing,4441,18.0,16.09604748403936,0.7628048837830663
blue_wing,4442,14.0,16.120724437103853,0.7918441664238827
blue_wing,4443,20.0,17.140008944564155,0.789338747529804
blue_wing,4444,20.0,20.93459140191694,0.7787140441009748
blue_wing,4445,18.0,18.11584429187079,0.7883895308734927
blue_wing,4446,15.0,16.15430448148964,0.8194360558755196
blue_wing,4447,14.0,17.857896130233243,0.776688232828938
blue_wing,4448,18.0,17.12981349521153,0.8275572336563348
blue_wing,4449,16.0,20.478431539492956,0.8227355684873408
blue_wing,4450,25.0,23.99610893661098,0.80084658590315
blue_wing,4451,19.0,19.962587048710148,0.7813992813775633
blue_wing,4452,15.0,17.83303902823532,0.8201426051818874
blue_wing,4453,20.0,19.106166488538634,0.8252196398623622
blue_wing,4454,16.0,22.800447222592638,0.8009190480708952
blue_wing,4455,17.0,17.56691714334567,0.7889570000663839
blue_wing,4456,15.0,18.477630016534473,0.8203540142807754
blue_wing,4457,14.0,18.35684022798661,0.793548649711054
blue_wing,4458,22.0,20.484021855009853,0.7970451889024838
blue_wing,4459,23.0,21.91429127541849,0.7984835119818052
blue_wing,4460,22.0,17.15486147162356,0.7900174377373466
blue_wing,4461,16.0,17.541704726182033,0.80696634633521
blue_wing,4462,20.0,18.1081291712182,0.8148819760634569
blue_wing,4463,21.0,21.415973562912765,0.7967185196005824
blue_wing,4464,15.0,19.163779676533366,0.7695376952581252
blue_wing,4465,23.0,19.63770265290168,0.7852952607929673
blue_wing,4466,16.0,19.037085392766375,0.7830933022746744
blue_wing,4467,21.0,18.112577889038015,0.7780130684571536
blue_wing,4468,20.0,17.994601250837597,0.8003928956042494
blue_wing,4469,22.0,18.554919649367875,0.7736660184441837
blue_wing,4470,20.0,19.045516116286862,0.7993814968950996
blue_wing,4471,22.0,20.928881329061397,0.8083594718004692
blue_wing,4472,20.0,17.56739720393288,0.8146729215311207
blue_wing,4473,22.0,21.20939633176807,0.7808044820116786
blue_wing,4474,18.0,18.61832765812611,0.7947601043865975
blue_wing,4475,19.0,21.965213411469307,0.8150429996254203
blue_wing,4476,17.0,17.61938850898609,0.7834273407748846
blue_wing,4477,20.0,20.000039602284325,0.783864637108592
blue_wing,4478,20.0,19.467603010519053,0.8012637532286517
blue_wing,4479,19.0,20.40501972042653,0.8038556171586329
blue_wing,4480,19.0,15.102627431769521,0.7873056402294769
blue_wing,4481,19.0,20.416896486080887,0.798936472083744
blue_wing,4482,22.0,18.502225286845594,0.7979258414624724
blue_wing,4483,20.0,20.482035460720606,0.7950235708164766
blue_wing,4484,20.0,21.035970570825338,0.7717009683690614
blue_wing,4485,21.0,19.151200751296845,0.8081808172980182
blue_wing,4486,16.0,18.4224285475018,0.78496228108174
blue_wing,4487,17.0,20.570266548565233,0.7706255958583623
blue_wing,4488,22.0,19.15345287657531,0.7968812173438886
blue_wing,4489,21.0,19.065025561721136,0.800803411143475
blue_wing,4490,19.0,20.030605210000502,0.7897582737661439
blue_wing,4491,22.0,19.96162736575489,0.8106721469986307
blue_wing,4492,23.0,20.9620503632354,0.7990494626180685
blue_wing,4493,20.0,20.003636952288623,0.7949002008693814
blue_wing,4494,22.0,19.987780088181303,0.7951326785924737
blue_wing,4495,21.0,20.339079065846107,0.8210507645344738
blue_wing,4496,19.0,19.857724331704645,0.7952171092690942
blue_wing,4497,17.0,22.30790239083452,0.7577659397492407
blue_wing,4498,22.0,18.15005313811119,0.7994482948011461
blue_wing,4499,19.0,18.058162817527304,0.800916987750794
blue_wing,4500,19.0,22.00519823666444,0.8067239167152617
blue_wing,4501,22.0,18.096526858264575,0.7797365869216695
blue_wing,4502,17.0,18.254312108268905,0.8120777800632137
blue_wing,4503,20.0,18.95017817762112,0.7906534281785615
blue_wing,4504,20.0,20.45098965269892,0.7887865684667221
blue_wing,4505,18.0,17.077897293193566,0.7834027358506161
blue_wing,4506,22.0,17.137066772262106,0.7926977757735366
blue_wing,4507,22.0,20.533804571234214,0.8025780801428266
blue_wing,4508,21.0,22.981459359460597,0.7927255379817875
blue_wing,4509,23.0,18.584228423056086,0.7785736236152772
blue_wing,4510,22.0,19.47993683045294,0.7998621570707729
blue_wing,4511,17.0,18.01395189773723,0.7724395682268497
blue_wing,4512,21.0,19.123840586849735,0.8248129127799129
blue_wing,4513,21.0,19.58478095541501,0.8128015256833011
blue_wing,4514,20.0,20.938661566292847,0.7922884370182759
blue_wing,4515,21.0,19.61647404177016,0.8109342917116111
blue_wing,4516,20.0,18.90721522117721,0.8070014849342579
blue_wing,4517,16.0,18.520068653672602,0.8085365400348086
blue_wing,4518,22.0,20.97350867607103,0.8125338699493828
blue_wing,4519,19.0,17.71166737447,0.79000147791218
blue_wing,4520,16.0,17.541803558253527,0.7776416173786324
blue_wing,4521,22.0,20.51835872389883,0.7769794274554236
blue_wing,4522,22.0,21.860902060058386,0.8114799901239874
blue_wing,4523,22.0,20.98060974547925,0.7939523064549047
blue_wing,4524,22.0,20.99233200075714,0.7988925241854842
blue_wing,4525,15.0,18.060444213492044,0.8047432472509773
blue_wing,4526,16.0,15.103712485721683,0.8133731997801561
blue_wing,4527,22.0,18.091057701365195,0.788297186559834
blue_wing,4528,22.0,21.386921896651877,0.8075063661626438
blue_wing,4529,18.0,18.435046734307466,0.791294106715098
blue_wing,4530,15.0,20.89853138641912,0.8100818815226645
blue_wing,4531,22.0,19.10129695850322,0.7751664033827113
blue_wing,4532,17.0,19.418095736332457,0.7879190087854586
blue_wing,4533,22.0,19.981553457714078,0.8000937288571643
blue_wing,4534,18.0,17.570853687323915,0.7949522918070997
blue_wing,4535,22.0,19.977696302301947,0.776429595445199
blue_wing,4536,23.0,19.545042612365656,0.7816377792263987
blue_wing,4537,19.0,22.75899143343355,0.8059647416374862
blue_wing,4538,19.0,20.89167184525144,0.805850262325124
blue_wing,4539,20.0,20.895619072566397,0.782300343256791
blue_wing,4540,20.0,18.541525318440087,0.8137197721058518
blue_wing,4541,23.0,20.1145751284418,0.8013122687360146
blue_wing,4542,15.0,17.956345246033745,0.742614783457761
blue_wing,4543,19.0,19.415105439691665,0.8020283343155603
blue_wing,4544,19.0,15.702930957396752,0.7763615633927842
blue_wing,4545,20.0,19.189094945063413,0.805563895303749
blue_wing,4546,15.0,19.94446316593859,0.7692619798263503
blue_wing,4547,18.0,20.51110893649025,0.8017828789170036
blue_wing,4548,22.0,21.330825231272325,0.7983209278788711
blue_wing,4549,19.0,19.079404736192902,0.785447341970999
blue_wing,4550,23.0,20.463972242676075,0.7989017773226077
blue_wing,4551,16.0,17.492537449020986,0.764809857409563
blue_wing,4552,17.0,20.86260162182304,0.8162023516946796
blue_wing,4553,22.0,19.05766937628404,0.8001686119923688
blue_wing,4554,16.0,19.89936491265543,0.8160827045114452
blue_wing,4555,19.0,21.943547750621086,0.7716172776804351
blue_wing,4556,15.0,17.577759337608175,0.8005785051890444
blue_wing,4557,20.0,20.049911784273043,0.8177458308330343
blue_wing,4558,19.0,20.432597888977128,0.8266205371599786
blue_wing,4559,19.0,19.924975627442578,0.7803466306232998
blue_wing,4560,15.0,15.733480223069689,0.8291282202774696
blue_wing,4561,21.0,23.64716641082546,0.7871248511394225
blue_wing,4562,22.0,19.62768395494819,0.7903131275310047
blue_wing,4563,18.0,20.39793411107969,0.7711710981310795
blue_wing,4564,23.0,20.544866770953455,0.7965076431353781
blue_wing,4565,22.0,18.58160644194853,0.8008978063151242
blue_wing,4566,17.0,19.960679777627607,0.8121654492491011
blue_wing,4567,23.0,18.08021121340736,0.8016684585038856
blue_wing,4568,22.0,20.418739101025388,0.8157307805079909
blue_wing,4569,17.0,18.967524354804066,0.8343294510080927
blue_wing,4570,16.0,19.86628171625869,0.7913060319109639
blue_wing,4571,18.0,13.771874006877875,0.7991864174562275
blue_wing,4572,19.0,20.08037228495846,0.8002452098203765
blue_wing,4573,19.0,21.41776779541541,0.7936140340455758
blue_wing,4574,18.0,20.96317177931801,0.8024383105713844
blue_wing,4575,16.0,19.92323296064933,0.8040424500891132
blue_wing,4576,17.0,17.19005674505058,0.800516333297079
blue_wing,4577,22.0,21.76917241145096,0.8111678491543095
blue_wing,4578,20.0,19.963270996875803,0.8035044346506122
blue_wing,4579,21.0,17.682791256619815,0.8063435610069083
blue_wing,4580,21.0,19.018712775279916,0.7791192288093063
blue_wing,4581,23.0,20.527320917631556,0.7883110687493564
blue_wing,4582,21.0,20.52714169476784,0.8147153211666378
blue_wing,4583,21.0,19.500162070361075,0.7942073233585548
blue_wing,4584,20.0,20.446239026755894,0.823631052411667
blue_wing,4585,22.0,18.503118421692164,0.7916902725634465
blue_wing,4586,19.0,18.56339308269015,0.7902389187191471
blue_wing,4587,19.0,17.09614692842296,0.7808809447185538
blue_wing,4588,17.0,18.657577224262596,0.7874502392785614
blue_wing,4589,20.0,19.92575337497792,0.7754715530209281
blue_wing,4590,22.0,18.467492322899947,0.8003511390665042
blue_wing,4591,16.0,15.654944621197009,0.7946315223146109
blue_wing,4592,18.0,19.95681390924612,0.80554777032415
blue_wing,4593,22.0,18.53047426281129,0.7948076740543808
blue_wing,4594,19.0,16.516365732730307,0.8092585579052906
blue_wing,4595,16.0,18.820457238918177,0.8115134549605876
blue_wing,4596,20.0,20.12214220509738,0.7996070960583835
blue_wing,4597,19.0,17.59808885434773,0.8059808460896232
blue_wing,4598,15.0,17.041469501657797,0.7853002682330575
blue_wing,4599,22.0,19.148411297417233,0.7753502778553278
blue_wing,4600,23.0,20.99239169018331,0.7951734373787991
blue_wing,4601,19.0,19.55621901557937,0.8141658750231269
blue_wing,4602,21.0,16.5940679682025,0.7796517919163813
blue_wing,4603,20.0,21.35327507136044,0.8186292307151977
blue_wing,4604,16.0,21.014247961659787,0.7825398526295271
blue_wing,4605,19.0,18.062955259384,0.8242571134121327
blue_wing,4606,23.0,20.543883552665637,0.7824450990003551
blue_wing,4607,21.0,17.53021381185446,0.8070804485023508
blue_wing,4608,21.0,20.089428496760355,0.7864095059092975
blue_wing,4609,18.0,18.995536910153685,0.8128023435712568
blue_wing,4610,22.0,22.42410788532583,0.7754336419131378
blue_wing,4611,16.0,16.98322582127328,0.7996396531847263
blue_wing,4612,14.0,18.70381962361422,0.8135797834864659
blue_wing,4613,20.0,20.4132884954475,0.8008592648241284
blue_wing,4614,16.0,16.569429338867085,0.8089351693191804
blue_wing,4615,18.0,17.467541823134315,0.8156085332006566
blue_wing,4616,18.0,18.472219694221277,0.7811136080466239
blue_wing,4617,18.0,18.577593451031948,0.8025432188018111
blue_wing,4618,23.0,20.921044236970047,0.7870093559018368
blue_wing,4619,16.0,19.454941294099463,0.7997188671528779
blue_wing,4620,22.0,21.53926423972439,0.7741304551831186
blue_wing,4621,23.0,20.917206795941187,0.7950653827989784
blue_wing,4622,15.0,17.52452179189225,0.7434397660505183
blue_wing,4623,16.0,18.97069164482388,0.828158991402198
blue_wing,4624,23.0,16.76409117872852,0.8119049997153429
blue_wing,4625,15.0,20.894061664606504,0.7777620937307512
blue_wing,4626,19.0,18.021140949325453,0.8091760317766413
blue_wing,4627,16.0,17.14964728290872,0.8182900699104396
blue_wing,4628,24.0,18.19838233254551,0.7882307904733976
blue_wing,4629,20.0,24.771555556136853,0.8011195338297784
blue_wing,4630,18.0,18.074524411449996,0.808514558509861
blue_wing,4631,22.0,19.552513422612737,0.8012725047877706
blue_wing,4632,16.0,17.1156612001788,0.7584395213376045
blue_wing,4633,19.0,17.374467924790718,0.8101247668474154
blue_wing,4634,16.0,17.504738321166638,0.7988095610493521
blue_wing,4635,18.0,19.060626218308993,0.8074866875782549
blue_wing,4636,21.0,19.179999523529972,0.8127462403942923
blue_wing,4637,22.0,18.544487247064918,0.785359183148995
blue_wing,4638,17.0,19.169941388595475,0.7937434237022865
blue_wing,4639,22.0,19.059884454172433,0.7880545846597307
blue_wing,4640,18.0,19.018343139039438,0.8001973437026572
blue_wing,4641,23.0,21.12116860703475,0.7901432968354098
blue_wing,4642,21.0,18.466750683419107,0.7869816503276208
blue_wing,4643,15.0,18.012197778467332,0.8108267167179346
blue_wing,4644,20.0,20.94788250426846,0.8106878087005593
blue_wing,4645,16.0,20.440826152634564,0.7906220137943735
blue_wing,4646,22.0,19.964183504098095,0.7869208580044567
blue_wing,4647,23.0,21.51100351785853,0.8127868469463856
blue_wing,4648,22.0,17.676179428668725,0.8049116975170885
blue_wing,4649,19.0,18.499245357873956,0.8233411636921062
blue_wing,4650,20.0,18.13348034572386,0.7636111284774378
blue_wing,4651,19.0,19.862347259128402,0.7797057196092974
blue_wing,4652,22.0,17.130353337610956,0.7993367363458515
blue_wing,4653,20.0,21.8989282925673,0.804256787602434
blue_wing,4654,21.0,19.56084441270835,0.8100291190235966
blue_wing,4655,19.0,18.40941163469796,0.8133594207259778
blue_wing,4656,22.0,20.58400113979779,0.8017355062776041
blue_wing,4657,18.0,18.07314067894342,0.784533119195925
blue_wing,4658,19.0,19.050316124490813,0.82804740747299
blue_wing,4659,16.0,19.460161160130465,0.7987141503931966
blue_wing,4660,23.0,25.13347911998064,0.7808990575451389
blue_wing,4661,19.0,19.07554596744171,0.8098617998806413
blue_wing,4662,23.0,22.848993125338293,0.8194291468759991
blue_wing,4663,18.0,18.082449654766226,0.8040196005952129
blue_wing,4664,19.0,19.37455231952184,0.8107018601005537
blue_wing,4665,21.0,18.1079099634466,0.8010213801876267
blue_wing,4666,18.0,20.449337327275842,0.8050771318266282
blue_wing,4667,21.0,22.369448527643787,0.7978726695547906
blue_wing,4668,20.0,19.37868387700662,0.7850144835209643
blue_wing,4669,19.0,18.094106120557985,0.7869655205997179
blue_wing,4670,22.0,19.583543853631628,0.8085794952061575
blue_wing,4671,16.0,18.00695303135423,0.8035367351565457
blue_wing,4672,15.0,18.987701267421006,0.8180640449992043
blue_wing,4673,23.0,19.114820827978935,0.8103089190053989
blue_wing,4674,19.0,17.564853071752275,0.7974280671899607
blue_wing,4675,14.0,17.096906663989206,0.8025055064164031
blue_wing,4676,19.0,20.495164562445964,0.7863921487813628
blue_wing,4677,22.0,19.980622385170225,0.7937278269801098
blue_wing,4678,17.0,18.961092206029402,0.7929377781713893
blue_wing,4679,16.0,18.49976982728163,0.8229762299557831
blue_wing,4680,14.0,18.921191890024108,0.81058478205091
blue_wing,4681,23.0,22.89377819005685,0.8116202512570484
blue_wing,4682,20.0,19.458113754230272,0.7860746656730473
blue_wing,4683,22.0,20.033930350540793,0.8131813165674782
blue_wing,4684,17.0,18.398367765409034,0.8138409419730791
blue_wing,4685,19.0,19.582973894090944,0.8129699672021958
blue_wing,4686,20.0,18.067943793086947,0.7910700853593535
blue_wing,4687,19.0,19.471242007284072,0.7950059079958187
blue_wing,4688,21.0,21.88800874307836,0.798171654589128
blue_wing,4689,14.0,17.451431917956132,0.8087090507897517
blue_wing,4690,19.0,18.93588155567233,0.7903405838168527
blue_wing,4691,20.0,17.659225001394592,0.7874247127848414
blue_wing,4692,22.0,21.063023293748664,0.7879303097745428
blue_wing,4693,21.0,19.59993006560475,0.8079136023300179
blue_wing,4694,19.0,20.042799081387447,0.8171679818625464
blue_wing,4695,18.0,16.143813922650423,0.7963773548645515
blue_wing,4696,20.0,17.68980998201058,0.7826364179704608
blue_wing,4697,16.0,18.483184475876527,0.818327819696828
blue_wing,4698,21.0,20.541233450190433,0.834349904728449
blue_wing,4699,23.0,22.022533605656665,0.7812201776153973
blue_wing,4700,18.0,16.495544184536275,0.7916302633893462
blue_wing,4701,18.0,21.384348098359165,0.7999251340621135
blue_wing,4702,23.0,20.438117296375417,0.7667085984612323
blue_wing,4703,19.0,19.029059284728014,0.7807391641397282
blue_wing,4704,23.0,20.400375624099773,0.7982898888390788
blue_wing,4705,22.0,20.375695481388412,0.8109438345538731
blue_wing,4706,16.0,17.5380637724626,0.7840113564409339
blue_wing,4707,21.0,17.63129083193705,0.7957384095166948
blue_wing,4708,22.0,16.677669896569817,0.8035676864104843
blue_wing,4709,17.0,18.876541563546628,0.7935925307754883
blue_wing,4710,16.0,16.219554088730675,0.824884162777115
blue_wing,4711,15.0,17.65463541138445,0.8058108521247769
blue_wing,4712,18.0,16.074476977693312,0.8069221888803759
blue_wing,4713,16.0,19.342809976921203,0.7899491875761087
blue_wing,4714,22.0,20.048949464611844,0.7847506218989089
blue_wing,4715,21.0,20.959147128945702,0.8114493563449783
blue_wing,4716,22.0,21.073219751456666,0.7794756990760572
blue_wing,4717,16.0,18.52799555077908,0.7879998910713997
blue_wing,4718,15.0,18.431453017347355,0.7967533817883587
blue_wing,4719,18.0,21.398586702426293,0.7938156385922478
blue_wing,4720,18.0,19.509056216953827,0.8226440893910207
blue_wing,4721,22.0,25.668400688537428,0.7967600144465439
blue_wing,4722,15.0,19.034993422831665,0.798933512709296
blue_wing,4723,16.0,18.566127812253328,0.7749396532432691
blue_wing,4724,23.0,20.54038315104264,0.8313399390101993
blue_wing,4725,21.0,20.97527486217398,0.8031962598006953
blue_wing,4726,20.0,19.89919515622687,0.8124827359541318
blue_wing,4727,22.0,18.595879073842823,0.8027891608802988
blue_wing,4728,20.0,18.64936371255933,0.7790362150762438
blue_wing,4729,16.0,15.61161906928302,0.8172847360941555
blue_wing,4730,17.0,22.380613537004844,0.7902791967281166
blue_wing,4731,19.0,20.307698977990828,0.784801595727823
blue_wing,4732,22.0,18.88936152755101,0.7936696986802148
blue_wing,4733,15.0,18.957023169216207,0.8034291710900113
blue_wing,4734,22.0,19.035241471931368,0.8096366685608718
blue_wing,4735,19.0,19.511389679546017,0.7853979379764915
blue_wing,4736,19.0,18.527655898216192,0.8049153062627888
blue_wing,4737,20.0,19.123507500313835,0.7756515232349697
blue_wing,4738,20.0,19.044322029400927,0.783355821288082
blue_wing,4739,17.0,21.420252455896286,0.7971405479118197
blue_wing,4740,17.0,16.566625890181896,0.8013983650616237
blue_wing,4741,24.0,22.936461482372962,0.7866507797483507
blue_wing,4742,15.0,14.625988131301883,0.8013974759398824
blue_wing,4743,22.0,18.50707278741726,0.7971051729837313
blue_wing,4744,23.0,22.902587763915104,0.816376577390252
blue_wing,4745,20.0,20.500833095214716,0.7937803771280573
blue_wing,4746,22.0,19.08635237938985,0.8150619420648393
blue_wing,4747,23.0,19.01699541060734,0.7664111954148487
blue_wing,4748,22.0,21.574076535855802,0.8010962872762233
blue_wing,4749,18.0,21.307519954873566,0.7938681869251536
blue_wing,4750,19.0,20.390595370013028,0.7782389613359505
blue_wing,4751,22.0,22.34777923848569,0.8072193020233733
blue_wing,4752,17.0,19.060194154305304,0.7972003552958016
blue_wing,4753,19.0,18.997764654818074,0.7787780429162319
blue_wing,4754,15.0,18.05619929476562,0.8141636517310669
blue_wing,4755,23.0,21.047962429499545,0.8019194328877917
blue_wing,4756,16.0,18.492437794204683,0.8138623371616244
blue_wing,4757,20.0,19.46068385052901,0.8213033359616188
blue_wing,4758,21.0,16.781105003192554,0.791253730459833
blue_wing,4759,19.0,19.566144214754623,0.8131688947995004
blue_wing,4760,22.0,18.945116985104,0.8199560080270166
blue_wing,4761,23.0,19.515211946110455,0.7883798142359114
blue_wing,4762,16.0,20.961169995219727,0.7830055208294439
blue_wing,4763,21.0,19.08986357086854,0.7967870397691004
blue_wing,4764,22.0,18.961690994228086,0.7809370028323602
blue_wing,4765,21.0,19.980888481664113,0.8177675748611983
blue_wing,4766,23.0,19.53483212868037,0.8025085405070564
blue_wing,4767,22.0,19.175102013269203,0.8219744755891711
blue_wing,4768,17.0,19.90672488393521,0.8002131932180894
blue_wing,4769,19.0,19.519113891080167,0.8113576058258843
blue_wing,4770,19.0,20.884811905505362,0.7867015649384654
blue_wing,4771,20.0,18.055666578740812,0.7866934675885182
blue_wing,4772,17.0,18.588532870332244,0.8019751941931837
blue_wing,4773,21.0,19.462362619793982,0.7920078090552202
blue_wing,4774,19.0,18.55961330365405,0.777701949828776
blue_wing,4775,17.0,17.127140558641322,0.7846859190699218
blue_wing,4776,17.0,15.619875345117416,0.7866810208939878
blue_wing,4777,22.0,19.97215254296661,0.7709368113157453
blue_wing,4778,16.0,21.678677159451013,0.8212804181623395
blue_wing,4779,22.0,19.952343035216803,0.7808797449138605
blue_wing,4780,19.0,20.561819046125812,0.7709531670188747
blue_wing,4781,19.0,19.0339237529719,0.8335315487496633
blue_wing,4782,19.0,19.027501007513337,0.7927041085710212
blue_wing,4783,15.0,15.615959040449278,0.8105173548758711
blue_wing,4784,21.0,17.570769877662386,0.7958994051643713
blue_wing,4785,13.0,18.950520936083347,0.7922542057248656
blue_wing,4786,21.0,18.08686660155383,0.7832795314234817
blue_wing,4787,21.0,19.955982164224036,0.8147806321336202
blue_wing,4788,15.0,18.44618976339617,0.7720919589906152
blue_wing,4789,21.0,18.13643841777451,0.8140773922960782
blue_wing,4790,22.0,17.234699225249738,0.8298722327130912
blue_wing,4791,22.0,22.314300694516643,0.785077161018161
blue_wing,4792,21.0,19.961132926990217,0.7986857558273932
blue_wing,4793,22.0,19.610061975180653,0.8203937910867986
blue_wing,4794,19.0,18.521534804757373,0.7951011136434156
blue_wing,4795,22.0,21.569913969563537,0.799446966373013
blue_wing,4796,17.0,20.49993438575999,0.7961496654433603
blue_wing,4797,16.0,20.41164192060543,0.8098368937015568
blue_wing,4798,20.0,19.624172593573117,0.8068478020744934
blue_wing,4799,23.0,20.95898781339367,0.815442048420768
blue_wing,4800,19.0,20.875694504795966,0.8064862897217318
blue_wing,4801,20.0,21.453538526086923,0.8057595973718927
blue_wing,4802,21.0,20.364831833308997,0.8008978454469116
blue_wing,4803,17.0,19.06818411962653,0.7877722617220748
blue_wing,4804,21.0,18.517631183351817,0.8058833895283357
blue_wing,4805,19.0,21.981498444967514,0.8291203556355059
blue_wing,4806,22.0,20.968538678176156,0.8113496516046652
blue_wing,4807,22.0,23.017121481122167,0.8194134847909103
blue_wing,4808,16.0,20.863015587343867,0.8024761475788865
blue_wing,4809,23.0,20.006011264333367,0.8228659782334831
blue_wing,4810,15.0,17.497853506634996,0.8057278498739326
blue_wing,4811,21.0,21.929486839156805,0.8061563909091314
blue_wing,4812,22.0,19.497608762468484,0.7671583638761574
blue_wing,4813,22.0,20.038442616970883,0.8113213381183717
blue_wing,4814,20.0,19.956467928739595,0.775797438950167
blue_wing,4815,22.0,20.42822984980598,0.7764061628920031
blue_wing,4816,21.0,20.509941091583336,0.8067144951285126
blue_wing,4817,20.0,18.908075494781606,0.7867802369012471
blue_wing,4818,22.0,21.48329224690587,0.8328082501848353
blue_wing,4819,23.0,21.050094463324548,0.8286047788746442
blue_wing,4820,15.0,16.648737603576578,0.7932076086722732
blue_wing,4821,18.0,16.683863668684076,0.8186655402009655
blue_wing,4822,19.0,17.17593882084773,0.8090596455270479
blue_wing,4823,16.0,19.039337461665987,0.7998456202115491
blue_wing,4824,18.0,19.33478504988822,0.8039630732337815
blue_wing,4825,15.0,22.86158991954344,0.7885991268588586
blue_wing,4826,22.0,20.5750724877448,0.821852749838017
blue_wing,4827,19.0,22.7603685247692,0.7775525722721984
blue_wing,4828,23.0,21.453295867161298,0.7728427890838631
blue_wing,4829,23.0,21.03104540314782,0.8056169558962758
blue_wing,4830,20.0,20.54739789594333,0.7903267028900933
blue_wing,4831,15.0,16.460440552432267,0.8104683465238709
blue_wing,4832,22.0,20.98084340081916,0.8006404381465759
blue_wing,4833,23.0,21.870794125014836,0.810421464645749
blue_wing,4834,22.0,19.95843940076479,0.8121080196251129
blue_wing,4835,22.0,21.399661795412854,0.7816974901253569
blue_wing,4836,16.0,18.04211953010967,0.7886161479387617
blue_wing,4837,23.0,19.511542450021803,0.8031571287560411
blue_wing,4838,22.0,20.491310663493223,0.8186725660637713
blue_wing,4839,20.0,21.320183583735798,0.7692760428189147
blue_wing,4840,20.0,18.513931160291268,0.8001365988345257
blue_wing,4841,21.0,19.525100911575375,0.795874075123865
blue_wing,4842,24.0,19.060892000390652,0.793062873468949
blue_wing,4843,23.0,22.83000511822344,0.8119920624976871
blue_wing,4844,19.0,22.888635476764236,0.8028016628230011
blue_wing,4845,15.0,16.13710585378123,0.7915454046542414
blue_wing,4846,22.0,20.36109422721073,0.7794685134178443
blue_wing,4847,20.0,18.498790740855878,0.7856870391320672
blue_wing,4848,19.0,19.468735421400627,0.8032422819425662
blue_wing,4849,19.0,18.543172198885415,0.7994411508200616
blue_wing,4850,17.0,20.832036544242705,0.7797835561364745
blue_wing,4851,19.0,17.564584177139043,0.8122116785000877
blue_wing,4852,23.0,20.038108072492996,0.7769465936769135
blue_wing,4853,18.0,19.064569409084157,0.7968295782753598
blue_wing,4854,15.0,20.100549181049708,0.8178395554441531
blue_wing,4855,20.0,22.198182192826224,0.8034464655121285
blue_wing,4856,22.0,19.951363537216604,0.8059571115124144
blue_wing,4857,18.0,18.47593967430059,0.7898286102113322
blue_wing,4858,16.0,18.017176866805574,0.7913760485370682
blue_wing,4859,22.0,19.508108536232132,0.7797548033696042
blue_wing,4860,21.0,18.58959021496333,0.7936756088805005
blue_wing,4861,19.0,19.411313724843772,0.8130607711337852
blue_wing,4862,24.0,18.636990256990998,0.7844136405105058
blue_wing,4863,15.0,17.494469006324618,0.8008223341527816
blue_wing,4864,15.0,18.009321735167617,0.7935194045263259
blue_wing,4865,19.0,17.0293806820908,0.7864150959831978
blue_wing,4866,23.0,20.030524920410453,0.782869892844049
blue_wing,4867,18.0,17.93066916979743,0.7832850632282927
blue_wing,4868,21.0,19.60813310942004,0.8068515904723326
blue_wing,4869,24.0,22.018638077402272,0.7789548790895757
blue_wing,4870,20.0,19.54160252762602,0.818262533145264
blue_wing,4871,19.0,18.541224780910625,0.8076029198655861
blue_wing,4872,16.0,16.631891668676687,0.776080590229354
blue_wing,4873,20.0,21.40718254928836,0.7809550709715438
blue_wing,4874,22.0,19.606162766764278,0.7975648570722296
blue_wing,4875,21.0,18.617026741853987,0.8158149628237075
blue_wing,4876,19.0,20.8510255925954,0.7969896167465709
blue_wing,4877,18.0,20.78775475397113,0.7795008485500996
blue_wing,4878,16.0,19.486315947096834,0.788358124929876
blue_wing,4879,21.0,17.1798030619202,0.8097484814024187
blue_wing,4880,14.0,19.85139684087972,0.7989470361230354
blue_wing,4881,20.0,18.533771353296682,0.7848492298328456
blue_wing,4882,21.0,18.131317362544813,0.8041673880683188
blue_wing,4883,23.0,20.539491523159747,0.8086308295504501
blue_wing,4884,22.0,21.302661106240517,0.8112940123078451
blue_wing,4885,19.0,20.937496457313312,0.8091090509416308
blue_wing,4886,17.0,19.466485546707062,0.8167205013990473
blue_wing,4887,14.0,18.94886363712431,0.7814661311052005
blue_wing,4888,22.0,19.606446358188673,0.7950267193829432
blue_wing,4889,21.0,19.601546423154936,0.8076681621755077
blue_wing,4890,23.0,17.27300910044303,0.7963623146904272
blue_wing,4891,19.0,17.52615230350928,0.7789117576948268
blue_wing,4892,22.0,18.716708713395256,0.799153332234191
blue_wing,4893,19.0,18.0570229537616,0.7762422709426262
blue_wing,4894,22.0,18.072330427408364,0.799519076873243
blue_wing,4895,18.0,20.89129272365876,0.77411988557803
blue_wing,4896,16.0,19.900331964845943,0.7912914421199004
blue_wing,4897,14.0,17.497537238356728,0.8143930055588224
blue_wing,4898,23.0,20.42412161466122,0.8049280375911843
blue_wing,4899,19.0,20.470341715293735,0.7743317702936185
blue_wing,4900,22.0,18.984904519941395,0.7968745091607075
blue_wing,4901,22.0,18.94255737591121,0.8016701469467375
blue_wing,4902,19.0,18.426092254349587,0.7739822443636767
blue_wing,4903,18.0,19.522746390981215,0.8160310912038433
blue_wing,4904,20.0,18.527903819899702,0.8330593674938351
blue_wing,4905,16.0,20.49745377018308,0.8012679851180768
blue_wing,4906,19.0,18.997522784333956,0.7889774720480703
blue_wing,4907,18.0,18.978237774920114,0.8062642078665287
blue_wing,4908,23.0,19.66198254444319,0.7914749558315057
blue_wing,4909,20.0,18.44748879898168,0.798865243146756
blue_wing,4910,22.0,20.965993792051414,0.8034617122527037
blue_wing,4911,19.0,20.915325609119282,0.8081258107187566
blue_wing,4912,18.0,19.04245874981167,0.8003773800577887
blue_wing,4913,19.0,15.667848733334644,0.7883976543755513
blue_wing,4914,22.0,18.16604464197114,0.7875145408015992
blue_wing,4915,19.0,17.612445274952965,0.7815166087021451
blue_wing,4916,19.0,19.03923704831242,0.8154283355284475
blue_wing,4917,18.0,19.34149368815034,0.8046945196564484
blue_wing,4918,20.0,18.575191228600232,0.810613490569626
blue_wing,4919,15.0,19.49515510950412,0.7991698088604653
blue_wing,4920,22.0,23.19412407477275,0.7897888817197212
blue_wing,4921,23.0,22.25723215419981,0.8079047383576611
blue_wing,4922,18.0,16.15973441760791,0.819295824558101
blue_wing,4923,19.0,19.950109359601235,0.8110158127184897
blue_wing,4924,15.0,19.548756638306106,0.8036118180715898
blue_wing,4925,20.0,20.49364872525459,0.7997855848807469
blue_wing,4926,20.0,19.6112583496969,0.8164218229329933
blue_wing,4927,22.0,19.54574901465801,0.8152007346020819
blue_wing,4928,19.0,19.593588947671165,0.8010439125762082
blue_wing,4929,18.0,19.498734741596085,0.8007519409589022
blue_wing,4930,21.0,20.971599674047255,0.8019397557502596
blue_wing,4931,22.0,18.61885199677049,0.7982701256559059
blue_wing,4932,18.0,19.884063664770906,0.7945654185574091
blue_wing,4933,18.0,17.92333692214338,0.7983044875823473
blue_wing,4934,22.0,19.92333895763934,0.813103586661261
blue_wing,4935,18.0,19.98686758637959,0.7846268882308047
blue_wing,4936,18.0,18.459717925161236,0.7886581025008974
blue_wing,4937,23.0,21.392695482932858,0.7916532807486254
blue_wing,4938,14.0,18.012304155008678,0.7891351532888711
blue_wing,4939,23.0,18.69753150419604,0.8258671839939086
blue_wing,4940,22.0,17.19632486709343,0.7945536209128068
blue_wing,4941,22.0,19.00346380993791,0.7850504597579637
blue_wing,4942,19.0,17.596759486592433,0.7988390552210018
blue_wing,4943,19.0,18.5244987644555,0.7904840032197504
blue_wing,4944,19.0,21.442350518854095,0.7966895466038332
blue_wing,4945,21.0,20.9199368145757,0.7678082320201436
blue_wing,4946,19.0,18.4972962085902,0.8067884246961488
blue_wing,4947,17.0,18.6511540868084,0.816270420022295
blue_wing,4948,22.0,18.193234166530473,0.7931384234163683
blue_wing,4949,16.0,16.107468802478692,0.8026933384319357
blue_wing,4950,20.0,21.866034120284855,0.8238294878407519
blue_wing,4951,15.0,18.45479302140023,0.8203305583948464
blue_wing,4952,19.0,18.60106870808099,0.824084533396287
blue_wing,4953,22.0,21.990683211524562,0.8014189489155064
blue_wing,4954,15.0,17.545475328526518,0.8024254953051715
blue_wing,4955,20.0,19.97479893861456,0.8156848176570219
blue_wing,4956,20.0,20.52239268109186,0.7848315057157749
blue_wing,4957,16.0,18.842570846306845,0.7807846439057453
blue_wing,4958,21.0,18.97059747564645,0.8032103679263702
blue_wing,4959,20.0,18.10396863170708,0.8171417340853429
blue_wing,4960,15.0,18.59487308682753,0.8234171658853231
blue_wing,4961,15.0,16.214120380221328,0.8027334763942411
blue_wing,4962,22.0,19.899534724291296,0.811513301615301
blue_wing,4963,19.0,20.946328062719875,0.7846553966472478
blue_wing,4964,18.0,20.890604849735848,0.8209761454750457
blue_wing,4965,18.0,19.51708769600049,0.8084861101072771
blue_wing,4966,15.0,18.622247411759705,0.8226639623693957
blue_wing,4967,23.0,19.508811955869486,0.7899870776893938
blue_wing,4968,14.0,17.921857491914587,0.792961251040305
blue_wing,4969,15.0,17.546340367078564,0.7932643282030114
blue_wing,4970,20.0,20.385922153074873,0.7948631994170183
blue_wing,4971,22.0,15.663937028494162,0.7478731213602778
blue_wing,4972,15.0,17.99724270767087,0.8114077988454222
blue_wing,4973,22.0,20.117609168007586,0.805673352114682
blue_wing,4974,22.0,21.457128613304672,0.7936581077779257
blue_wing,4975,20.0,19.00689661967279,0.8036217694276868
blue_wing,4976,19.0,20.019240678906378,0.7964649487044693
blue_wing,4977,22.0,19.491552470872705,0.8100947781171539
blue_wing,4978,22.0,16.718893043235102,0.8011768563294384
blue_wing,4979,17.0,17.547253724404705,0.7909283057959242
blue_wing,4980,19.0,21.35164423504273,0.7962159530788471
blue_wing,4981,20.0,20.949679020734497,0.818868084845687
blue_wing,4982,19.0,16.16829618380067,0.8142510909857774
blue_wing,4983,18.0,19.952309880875635,0.8000410492334634
blue_wing,4984,19.0,19.501586684537713,0.827907668800749
blue_wing,4985,22.0,20.554804058105162,0.810668467074134
blue_wing,4986,16.0,17.485558079971504,0.7976125289595803
blue_wing,4987,21.0,18.572944527953585,0.813103288371229
blue_wing,4988,16.0,18.542749663580803,0.806421585198577
blue_wing,4989,19.0,21.032187801142953,0.8201592650374686
blue_wing,4990,23.0,18.6373455259878,0.8037779871445364
blue_wing,4991,19.0,19.944734024326976,0.7587035927598472
blue_wing,4992,15.0,18.5854964136348,0.8083411517078111
blue_wing,4993,16.0,18.04066677523247,0.8004575144886732
blue_wing,4994,20.0,18.547687281689583,0.8062347853682248
blue_wing,4995,15.0,19.504684064150695,0.7948564864598481
blue_wing,4996,22.0,17.503216013869793,0.8207463306749977
blue_wing,4997,20.0,18.103713402577302,0.8094565716379809
blue_wing,4998,19.0,19.476414856641835,0.7836975909949494
blue_wing,4999,21.0,18.60192679069118,0.7676092717478114
core,0,22.0,23.25520252491549,0.8752493819811632
core,1,25.0,22.384716611217474,0.8714163737777822
core,2,17.0,22.72790618028538,0.8555374404215279
core,3,16.0,20.694016843601585,0.8714933460207828
core,4,23.0,22.404385302978135,0.87828266062595
core,5,21.0,26.64575051574573,0.8617430475707011
core,6,22.0,20.958432482040894,0.8641196200834543
core,7,22.0,23.308605946338606,0.8721826630432238
core,8,19.0,21.336439993605307,0.8829677768062554
core,9,22.0,20.879709660496392,0.862666512556866
core,10,15.0,23.38786615830585,0.8627694521192764
core,11,24.0,25.251203936218122,0.864051010449868
core,12,18.0,21.238912083408316,0.875630657763796
core,13,21.0,22.420025236842775,0.8707954819141714
core,14,22.0,23.702429428478847,0.8740742686606987
core,15,15.0,22.186319284219433,0.8678325216141792
core,16,15.0,21.84253269508321,0.8933059773325669
core,17,15.0,20.29027455198109,0.8817911910527307
core,18,15.0,25.01845898077264,0.8619641652341754
core,19,19.0,22.46154310015154,0.860499153372827
core,20,14.0,24.269503822295587,0.880927351814593
core,21,18.0,21.23682836196616,0.8658734805282096
core,22,16.0,23.20351596789432,0.8633296165681257
core,23,21.0,20.905797222920313,0.8636843831183302
core,24,21.0,22.928323992863607,0.8930913416886062
core,25,22.0,22.345007495190963,0.8629562551045191
core,26,21.0,22.24513263585865,0.8747244684941937
core,27,23.0,24.17785411110716,0.8412006665440159
core,28,16.0,24.182510476906657,0.8675558930568389
core,29,21.0,19.95650569558474,0.8797857424227807
core,30,16.0,24.15534996885754,0.8683989168562734
core,31,16.0,21.422284913565587,0.8591061304895253
core,32,23.0,24.287472875408305,0.8758722077296134
core,33,22.0,23.827582493669627,0.8658205012268418
core,34,16.0,24.63849167805103,0.8826636250278764
core,35,15.0,19.40502841677487,0.8845339099892666
core,36,15.0,24.628047231262176,0.8845285441493334
core,37,18.0,21.805868913453004,0.8815604035723017
core,38,16.0,23.21578589234385,0.8615319637909729
core,39,20.0,21.331747708371516,0.8772022891719332
core,40,16.0,26.66244028117897,0.857177954595395
core,41,15.0,21.9189875316448,0.8744861344645207
core,42,15.0,21.305003093074706,0.8720214909868431
core,43,23.0,23.590799894991818,0.8435459829182844
core,44,16.0,23.406897788923803,0.8846285662626133
core,45,12.0,19.945550171097306,0.8604834072623985
core,46,21.0,26.237264641526714,0.8725509222821712
core,47,15.0,22.78037145243022,0.8686055920777371
core,48,22.0,22.224099725661127,0.8844732214835282
core,49,23.0,20.955976317415484,0.8544654518256212
core,50,15.0,22.36622347290723,0.8769198985879091
core,51,16.0,24.657953976438268,0.8704629647688583
core,52,14.0,24.76639216518506,0.8707421994682388
core,53,22.0,20.378426144279285,0.8771824442438199
core,54,24.0,24.323568338200147,0.8681764741374298
core,55,22.0,22.104131488879865,0.8618184933214896
core,56,23.0,20.84091801618484,0.8651063759288483
core,57,15.0,21.64358609423128,0.863366846386777
core,58,22.0,22.328558408628734,0.8484230603603639
core,59,14.0,21.34762519385728,0.8652415391363497
core,60,22.0,25.643381192448732,0.8777013018060505
core,61,24.0,23.81667718365664,0.8763386583975143
core,62,16.0,22.266363209572884,0.8501304508713359
core,63,18.0,19.17200846366845,0.885742157835217
core,64,17.0,24.980385077974436,0.8879180061587468
core,65,24.0,22.272579004245383,0.8673872757609704
core,66,16.0,23.112799487120096,0.8688252604963267
core,67,14.0,22.246509579433937,0.857060304466566
core,68,15.0,25.093106996135173,0.8623073389488172
core,69,17.0,20.4360296997549,0.8820398171400364
core,70,19.0,23.2613744879505,0.8669450818511528
core,71,24.0,22.345370125002958,0.8554498444049441
core,72,16.0,20.2318777181619,0.8957549479384638
core,73,16.0,22.352462014221338,0.8957390032726604
core,74,22.0,21.92403073627015,0.8741398246432451
core,75,21.0,22.31446699439722,0.8608065256233826
core,76,14.0,19.98676387094442,0.8888001496650013
core,77,26.0,20.099560525596658,0.8631395548509654
core,78,26.0,25.226648597961155,0.8564452675707694
core,79,23.0,23.359499128337774,0.8780705523330051
core,80,21.0,19.064305436184924,0.8732601381704725
core,81,16.0,20.41288110111548,0.8731850787983555
core,82,16.0,20.45021133310655,0.8702171091221993
core,83,22.0,25.624947150563393,0.8728587242031172
core,84,24.0,24.718996888404345,0.8771495467266255
core,85,22.0,24.775877382779857,0.8747625509409727
core,86,21.0,22.84906598818835,0.8646245655607947
core,87,15.0,19.890068759974664,0.8749087130137214
core,88,21.0,22.77257630157581,0.8723733270471952
core,89,20.0,23.246336947885894,0.8443608265066842
core,90,23.0,22.8651070747095,0.8780959915315771
core,91,18.0,22.75127274349974,0.8792177004391337
core,92,21.0,22.34259194217957,0.8722374933635253
core,93,22.0,18.83226100438929,0.870122926990915
core,94,20.0,22.815879727026413,0.8676594448991719
core,95,18.0,23.674002543550905,0.8769235533176511
core,96,24.0,24.318926098704964,0.8839379063137145
core,97,20.0,18.918468816537807,0.8700731001570339
core,98,24.0,24.64471608439388,0.8795009024295816
core,99,21.0,23.146975009641487,0.8575458169433892
core,100,15.0,21.726697688821375,0.8677004824999871
core,101,22.0,20.994201077707505,0.8705444132764509
core,102,22.0,22.29332679103438,0.8742741325817418
core,103,15.0,22.22514446566249,0.8572962861036951
core,104,14.0,22.778949080928466,0.8702832241227973
core,105,15.0,21.301303527860313,0.873890294704991
core,106,14.0,23.630043857776798,0.8672043483087586
core,107,21.0,21.867434946889063,0.884196345302821
core,108,15.0,21.88589725123553,0.8692029746229086
core,109,24.0,22.753112389326734,0.859611276899966
core,110,21.0,22.832994358439112,0.8811583680097475
core,111,19.0,22.797334790308174,0.8699389481118422
core,112,16.0,25.586203098557206,0.8757430796845272
core,113,23.0,23.711816706080263,0.8664042242688967
core,114,23.0,19.980129063484505,0.8637699307361562
core,115,15.0,24.511913473801656,0.8717610265887155
core,116,21.0,23.295765674523874,0.866882039816175
core,117,22.0,25.126698111058516,0.8755898771326209
core,118,21.0,24.752825550940884,0.8522227478537171
core,119,23.0,21.877680184645925,0.8515680074271936
core,120,15.0,20.837378967101998,0.8573448091895846
core,121,16.0,21.90179247517458,0.867803905547274
core,122,22.0,22.67184033754087,0.8849936345475338
core,123,21.0,22.44060130760571,0.8637975749810406
core,124,16.0,20.530845367551947,0.8616336109100866
core,125,22.0,23.72998985583224,0.8713890385832503
core,126,20.0,22.81593725556644,0.8651235784972816
core,127,26.0,24.933328800274154,0.8506991467926703
core,128,17.0,23.76913114319461,0.8826386648876305
core,129,16.0,23.667475229541655,0.8500398732265534
core,130,16.0,24.2285837934659,0.8784874617532674
core,131,14.0,22.279316880715225,0.8655118948403615
core,132,23.0,26.256682321444973,0.8352977048224035
core,133,21.0,22.267943685183727,0.8721799310799
core,134,16.0,23.263161017469145,0.847568049238745
core,135,22.0,23.29185950078949,0.8469923737166081
core,136,22.0,24.201301666296313,0.8658260898068526
core,137,20.0,23.652270495912045,0.87810644339399
core,138,16.0,21.375525735895266,0.8783192230801931
core,139,23.0,23.28037347979072,0.8626175291244493
core,140,22.0,20.44097587645063,0.8569081395085192
core,141,15.0,22.206825986551248,0.8764074344411661
core,142,16.0,24.59598131637054,0.8557197091363266
core,143,23.0,25.080971779948992,0.85957106727152
core,144,22.0,25.803038143296998,0.8532261216300805
core,145,14.0,22.85121824933757,0.865462416031267
core,146,21.0,19.465411296827035,0.8838135510047551
core,147,22.0,23.754501350689406,0.849212428415878
core,148,22.0,20.93294568819334,0.870903732902574
core,149,15.0,22.62571912752609,0.8652862758110514
core,150,22.0,24.60304520774972,0.8663755625337421
core,151,24.0,25.39957113408205,0.8501396842893005
core,152,15.0,23.682689893500893,0.8819439875721088
core,153,18.0,24.812868292588483,0.8512920388327092
core,154,16.0,19.98685038874719,0.8687102275265193
core,155,22.0,21.891898155393363,0.8640182775507497
core,156,22.0,22.34061764356473,0.8688173520445677
core,157,19.0,21.2883797534507,0.8716660863309005
core,158,21.0,23.281273039396147,0.8604008211133134
core,159,22.0,24.213832560751932,0.8686286158457064
core,160,20.0,21.809308677292854,0.8686975472034396
core,161,22.0,24.710941934363664,0.855896716632516
core,162,16.0,20.99882181357314,0.8743235963315772
core,163,15.0,22.626392817046817,0.8624906457620771
core,164,22.0,23.333725391087647,0.8565573080411405
core,165,21.0,20.974034019905247,0.8702175144393871
core,166,15.0,22.535385868469582,0.8837940835055282
core,167,16.0,19.25647355907408,0.8730147803533108
core,168,14.0,25.25635117236376,0.8697602738116121
core,169,23.0,24.878492280038053,0.8529499968229107
core,170,22.0,21.83983092526958,0.8830382061057214
core,171,21.0,19.095763800154398,0.8547830806375092
core,172,21.0,24.7246172201502,0.8595155894435131
core,173,19.0,21.386656079029276,0.864770681230099
core,174,14.0,23.28681031591444,0.8585961970443392
core,175,14.0,22.677069506089254,0.8664838016789264
core,176,23.0,25.182371046659057,0.8706118268847425
core,177,15.0,20.394821134236494,0.8834550036183084
core,178,21.0,21.364289214456385,0.8584766594819965
core,179,22.0,22.804092879600407,0.8500155289845099
core,180,14.0,20.35645633236969,0.8672429288618745
core,181,22.0,21.564810071145192,0.8462024392477328
core,182,23.0,25.57807933429396,0.8627587392626278
core,183,22.0,24.272303990466085,0.8686517395003148
core,184,22.0,25.259524307783163,0.8661694538939959
core,185,15.0,22.243746117844807,0.8798411566092482
core,186,23.0,26.250799358942896,0.8700541383751055
core,187,20.0,23.163386801016816,0.884157550504509
core,188,17.0,21.3657622383851,0.8604879951580691
core,189,22.0,22.29028484088348,0.8646105351619064
core,190,15.0,19.011830036686252,0.8686725794798456
core,191,15.0,24.12076669703604,0.8723021303623222
core,192,16.0,21.376781617819418,0.8567146295621456
core,193,17.0,22.27984530777305,0.8780806723898504
core,194,15.0,23.210067082929285,0.869473343426659
core,195,16.0,20.39207257826699,0.860189489141063
core,196,16.0,23.710811453076577,0.8682135360182917
core,197,15.0,20.857480073252344,0.8814805086461106
core,198,15.0,22.237212225306525,0.8723596594798595
core,199,18.0,19.729253201895713,0.8759412726588014
core,200,22.0,23.85457354540812,0.8788938875274591
core,201,19.0,20.88483456103853,0.887622972552758
core,202,21.0,23.337965167660325,0.8676921093305323
core,203,18.0,22.815803336634335,0.8697675592413041
core,204,22.0,23.737352920160408,0.8619375993975271
core,205,21.0,21.835365752656166,0.8545954388908158
core,206,14.0,23.195454280412864,0.8696611587475538
core,207,21.0,26.248003295197414,0.8623946496381132
core,208,14.0,25.561791306626294,0.8623932076658833
core,209,18.0,24.075125698997663,0.8717759092072719
core,210,15.0,25.753244620192024,0.8800510324968438
core,211,16.0,21.248570669714383,0.8751639937726341
core,212,15.0,21.786490188200172,0.8776779569011045
core,213,15.0,22.86167782087124,0.8714661098128123
core,214,15.0,20.403308943806103,0.8633953225700483
core,215,18.0,23.69782950018376,0.8787238144049654
core,216,21.0,21.45555574626714,0.8850080987485849
core,217,21.0,22.759131610263783,0.8642276985920014
core,218,19.0,21.43257796744273,0.8680236005935025
core,219,23.0,23.91620711953699,0.853377710944189
core,220,14.0,21.24229850858426,0.8774197749539931
core,221,22.0,22.792442262035877,0.8651659652658608
core,222,14.0,19.981267402371476,0.8761999348973202
core,223,13.0,20.761623892388414,0.8903492997057697
core,224,15.0,22.310671445473435,0.8773408312905855
core,225,23.0,22.386199943292617,0.8671213549977805
core,226,20.0,20.968429149713607,0.8639758706606557
core,227,26.0,25.265555992533436,0.8372656121996847
core,228,24.0,23.728238129062404,0.8504104538523456
core,229,22.0,21.488335837699815,0.8695604375519683
core,230,16.0,22.74731349073206,0.8641509331444377
core,231,16.0,22.174545300222164,0.8815501574967298
core,232,15.0,21.453190865117627,0.8820788816209453
core,233,14.0,22.31532897547694,0.866362035037759
core,234,23.0,24.292716091533794,0.8610114639761801
core,235,15.0,22.713989717280214,0.8671037975965862
core,236,22.0,23.841374848827417,0.8839790812949917
core,237,22.0,24.74814197040007,0.8518052396533782
core,238,19.0,21.835248972755423,0.8815459762265271
core,239,16.0,21.35059440587879,0.887867878268172
core,240,21.0,21.3717344628441,0.8694387779408803
core,241,14.0,21.91104337148421,0.8692883759645318
core,242,22.0,26.057804197884504,0.8451816208509291
core,243,21.0,23.320407208490025,0.8660691804722813
core,244,20.0,20.398266294657954,0.861542127151246
core,245,12.0,19.569521756128317,0.8577929652272076
core,246,16.0,20.987509636363043,0.8643685959954155
core,247,21.0,22.71045497257743,0.8748466169647071
core,248,19.0,21.790995689981607,0.8491373929288674
core,249,21.0,20.897223528545407,0.8827936631365867
core,250,15.0,22.85393310616699,0.8860369732282702
core,251,16.0,24.55377958263412,0.8725730545583228
core,252,22.0,20.570837715650814,0.8650082470567619
core,253,14.0,22.177906583973673,0.8445635640846763
core,254,11.0,25.126545033598365,0.8523093420140582
core,255,24.0,27.72604385878117,0.8572666867606279
core,256,22.0,25.289190708150503,0.8531140170337643
core,257,25.0,24.781191472624894,0.8502823749364101
core,258,24.0,21.007022279993997,0.8550935514684272
core,259,24.0,24.649080567067873,0.8568978558386552
core,260,23.0,24.21223400840297,0.877055260974257
core,261,21.0,23.29752984814668,0.8764932861163446
core,262,14.0,25.178859249652202,0.8556887671482192
core,263,14.0,20.331770855732515,0.8712765820247788
core,264,15.0,23.57982404955328,0.852262898179209
core,265,22.0,27.603422038167643,0.8473909969169977
core,266,21.0,21.813130579851876,0.8715606125855653
core,267,22.0,20.422258356531053,0.868322168093089
core,268,22.0,20.522815122718992,0.8605426572664432
core,269,21.0,22.394521804613703,0.8641741120478683
core,270,20.0,20.343762213504483,0.8900051478790694
core,271,15.0,20.433223483874187,0.8646466198640914
core,272,15.0,22.23102410354832,0.8680089694314423
core,273,22.0,22.85460600967993,0.862880929006193
core,274,16.0,25.171914766943775,0.8597041517183219
core,275,24.0,25.255894414201784,0.8452908398733053
core,276,27.0,24.29599776893823,0.8580882068167619
core,277,16.0,21.356610128483474,0.8732205550298754
core,278,22.0,21.9848481203959,0.8639885332781713
core,279,24.0,22.80943505122215,0.8556303665368679
core,280,22.0,24.75332458717249,0.8702268687576926
core,281,13.0,21.68377120920241,0.862588446038721
core,282,16.0,20.83181250445753,0.8577753548245408
core,283,19.0,22.312410988927773,0.8777442497740027
core,284,21.0,23.74236843078341,0.8755450980810578
core,285,14.0,20.845300094972366,0.8739264662298574
core,286,23.0,19.5262212852894,0.8736204997245464
core,287,20.0,22.635173438606934,0.8680219080360438
core,288,24.0,22.542084868960647,0.8625483099212609
core,289,22.0,21.995704985883656,0.8567288797747856
core,290,24.0,23.213950055535324,0.8572348974810677
core,291,16.0,21.35329591430634,0.8539802139465176
core,292,15.0,24.176010647286642,0.870615718508715
core,293,21.0,23.20576935500391,0.8694754152475579
core,294,22.0,22.342462207001113,0.8571734045665131
core,295,23.0,24.502457633062836,0.8584251306816376
core,296,20.0,22.019488116747574,0.8587200971373601
core,297,16.0,22.238126552056215,0.8641756862677417
core,298,22.0,24.155486785313975,0.8634581112681158
core,299,15.0,23.390608316338067,0.8679930841608376
core,300,24.0,24.688706261710628,0.8670080336164676
core,301,25.0,24.88332922410301,0.8600962004953159
core,302,23.0,23.188137206249714,0.8666690322869535
core,303,18.0,22.879029899311014,0.8772531215614596
core,304,17.0,22.298626380274747,0.8952839498977434
core,305,23.0,23.266355115557054,0.8774036637012732
core,306,24.0,26.047652204330227,0.8680145979283787
core,307,21.0,22.407410116877532,0.8571291054504844
core,308,23.0,23.68314473192993,0.8741893857232526
core,309,16.0,22.264544255924662,0.8729901035597394
core,310,22.0,22.214541454995288,0.8583794108236185
core,311,14.0,23.20168163636485,0.8663486562152494
core,312,16.0,21.96253089763396,0.8569621041733934
core,313,22.0,23.733667061904164,0.8583793790424434
core,314,20.0,26.627320944385097,0.8692294826461093
core,315,22.0,22.380084486346263,0.8584406985000261
core,316,21.0,22.78522962336465,0.8659594278960023
core,317,22.0,24.65750189806566,0.8613101003011274
core,318,15.0,20.047905164646046,0.859815402021334
core,319,22.0,19.049327118712323,0.8838581626742443
core,320,14.0,22.206780480730096,0.8679218925330014
core,321,16.0,23.66257977080738,0.8765648152694036
core,322,21.0,24.1867220246979,0.8726055352908237
core,323,18.0,24.31421722904408,0.8541426025427198
core,324,16.0,23.321056625255373,0.8850278724584328
core,325,16.0,20.412739898215776,0.8601382521742704
core,326,19.0,25.63433707145172,0.8531327255816517
core,327,24.0,24.791451152336492,0.853758842306656
core,328,20.0,25.54705313099399,0.8768882023177231
core,329,15.0,24.173509449825648,0.8780574525510263
core,330,20.0,22.004941439238475,0.8877333280439395
core,331,17.0,25.150541636263746,0.8690874969258476
core,332,15.0,25.552176937512403,0.8615401989672294
core,333,18.0,23.140286108562265,0.8836395598673127
core,334,26.0,22.82977130513487,0.8678763474735254
core,335,18.0,20.798029761796915,0.8729834177984866
core,336,23.0,24.17548066666367,0.8738467599257134
core,337,22.0,22.517188279781426,0.8639259623133493
core,338,23.0,23.32409170203558,0.8631154229503588
core,339,22.0,20.37449404212706,0.8818795247434089
core,340,15.0,21.345239282370084,0.8768891278930391
core,341,11.0,24.04974822919426,0.8457988729408563
core,342,14.0,20.381247069888335,0.8564803743071249
core,343,16.0,21.282469705235595,0.8775696573556823
core,344,23.0,19.58418844429021,0.8514821129986718
core,345,15.0,19.884089486394807,0.8760376833308099
core,346,15.0,22.759087654014444,0.869979033368069
core,347,18.0,21.323651580296737,0.8705744205050112
core,348,23.0,23.64939444867351,0.8695500857406899
core,349,16.0,22.839168793892615,0.8688189506793373
core,350,18.0,24.464814241961225,0.8555469057107197
core,351,22.0,20.370496216419003,0.8674249929452145
core,352,24.0,25.201247424084187,0.8614523224451114
core,353,16.0,24.123770307788533,0.856171658256581
core,354,24.0,21.92788573811335,0.8597408348774873
core,355,15.0,21.194644765064616,0.8739003338630649
core,356,20.0,23.64840111841829,0.881517193539217
core,357,22.0,23.792235812462298,0.8883462691030599
core,358,23.0,24.65928052514964,0.8651387530895058
core,359,21.0,18.61964648876348,0.8738444646136574
core,360,22.0,22.854234739152183,0.8560847453846481
core,361,14.0,25.54690347908505,0.8628524996783622
core,362,21.0,22.499485600172488,0.8621050970865212
core,363,16.0,21.775016173889234,0.8407296281044191
core,364,22.0,21.43567963426511,0.8516314665279374
core,365,15.0,22.236392657576904,0.881038435114462
core,366,26.0,24.72475970434317,0.861866404287017
core,367,20.0,22.72414854346057,0.8575598037172232
core,368,20.0,22.716455498564315,0.8612873378664859
core,369,23.0,23.35605058944678,0.8869764267750853
core,370,19.0,23.09652327477643,0.8870564202858257
core,371,22.0,23.71611988162697,0.8756303499852394
core,372,23.0,23.316166112895793,0.8678968907394785
core,373,15.0,21.290075898954814,0.8560482677898714
core,374,22.0,23.23578797257324,0.8576104079423565
core,375,21.0,23.273737338070152,0.8394397065041415
core,376,18.0,24.192440274504904,0.8668822435258494
core,377,24.0,21.3045304003097,0.8631764456683096
core,378,14.0,23.234251235645342,0.8775985660195234
core,379,15.0,20.48751596804607,0.8693027667668787
core,380,14.0,22.230471902435323,0.8596386964626355
core,381,16.0,20.928232623025455,0.8714556261539266
core,382,22.0,20.036181143777025,0.8784740910949209
core,383,22.0,23.867046790304386,0.8860285155614313
core,384,17.0,19.910598581409833,0.8833747143975357
core,385,21.0,21.782728979192278,0.8724377396948513
core,386,24.0,25.1415337873824,0.8438134035519095
core,387,22.0,20.95388586338547,0.864451415362482
core,388,13.0,21.90364443523051,0.8519599172215384
core,389,15.0,25.938881984269972,0.8651755034952873
core,390,16.0,21.776028190559668,0.8758437299489956
core,391,15.0,23.658211828830613,0.8513150104112002
core,392,20.0,21.73504368203115,0.8600315411364368
core,393,23.0,23.253786311220907,0.8663043098081116
core,394,23.0,25.111322959041157,0.8659628430073744
core,395,19.0,25.149751667900585,0.8333061701200208
core,396,22.0,24.24523999586375,0.8502727354660197
core,397,21.0,22.319935816066714,0.8725320724395008
core,398,17.0,23.627737481002427,0.8737752679714039
core,399,23.0,26.577324945840385,0.866240297414381
core,400,23.0,25.261099655678663,0.8682570096967297
core,401,23.0,21.879525485274446,0.865012075133099
core,402,22.0,18.22797470974292,0.85123049963635
core,403,22.0,20.459497534134396,0.8892603341649639
core,404,16.0,21.766463824463656,0.8599492987966912
core,405,23.0,21.719667475779374,0.8686554857429739
core,406,15.0,22.760677837082056,0.8777878447468932
core,407,22.0,23.24309502179697,0.8600177023485357
core,408,24.0,22.337037818384044,0.8817946168581053
core,409,23.0,26.113145969121497,0.8464609493937258
core,410,23.0,24.19142585234094,0.8622799290089476
core,411,21.0,23.612893426688473,0.8574955049378252
core,412,22.0,24.234818763660833,0.8689365192590032
core,413,15.0,23.747302896701893,0.862076903608737
core,414,21.0,24.19020823198589,0.8598009787388576
core,415,16.0,22.331615504828136,0.8747520388089469
core,416,16.0,21.679977706802976,0.8538408622023623
core,417,23.0,25.263560618182254,0.8673776052540478
core,418,21.0,23.75029954445914,0.8386847085670306
core,419,22.0,21.84419022804714,0.8724534760346421
core,420,23.0,19.950318592016316,0.8737581490117481
core,421,15.0,21.791797416708967,0.8573415385741852
core,422,20.0,24.72706879382796,0.8595366153180064
core,423,15.0,26.094044216430817,0.8405886309255294
core,424,15.0,21.907332066446823,0.8633986705297343
core,425,22.0,20.81183719870183,0.8677877776504301
core,426,20.0,26.14537239012091,0.86135531311141
core,427,21.0,23.780699270884398,0.8581710606383366
core,428,15.0,20.352948995072094,0.8766564878381626
core,429,20.0,24.27641091480856,0.8684782639756523
core,430,16.0,22.796326529749717,0.8619837727374832
core,431,21.0,22.725272145258224,0.8685239727137263
core,432,16.0,23.736497352311613,0.8747289907156894
core,433,20.0,24.747893017597395,0.8597290626839953
core,434,17.0,23.355227441750596,0.8811623834324063
core,435,15.0,20.882157645072056,0.8845185556507182
core,436,14.0,23.14098881973164,0.8559828950606692
core,437,14.0,22.24693112809952,0.8712356844020057
core,438,22.0,19.96472535547321,0.866747768569516
core,439,24.0,24.69472397136352,0.8588065670489082
core,440,18.0,22.31558210749467,0.874407459830089
core,441,22.0,22.832622790074627,0.853874879622214
core,442,22.0,21.77346768181343,0.8901836118350688
core,443,20.0,20.449651839946036,0.8601501214020186
core,444,14.0,19.413643954917205,0.8725232060019319
core,445,15.0,19.821773805059607,0.8703070276577204
core,446,18.0,20.836364147047764,0.8722403882901746
core,447,22.0,21.43564022169582,0.8640327985460734
core,448,15.0,20.842332276023512,0.880677336681855
core,449,23.0,24.490867841280096,0.8526055371745247
core,450,20.0,22.372992213085187,0.8618604085959698
core,451,24.0,21.015860069304708,0.887555300183712
core,452,16.0,23.62562318650042,0.8730116441571889
core,453,15.0,23.295493091415175,0.8784302573033025
core,454,16.0,23.760905475903375,0.8661639286185485
core,455,23.0,23.76239940928154,0.8581869777032172
core,456,14.0,22.713738090574132,0.8823237477106844
core,457,18.0,24.043646099977966,0.8742660981704053
core,458,22.0,25.214614027760618,0.8811904524920389
core,459,21.0,23.73209598819129,0.8471368279174172
core,460,24.0,24.252255278589292,0.8810166313133041
core,461,22.0,22.383324166848915,0.8692639849482449
core,462,25.0,24.674308119412547,0.8589328818806693
core,463,15.0,21.80040180870306,0.8765175154760135
core,464,18.0,21.81167757706077,0.8745093363402545
core,465,22.0,23.665478350365984,0.8729487747394971
core,466,14.0,21.83495707939369,0.8733575751889222
core,467,24.0,21.214774957560252,0.8545208871696276
core,468,15.0,22.229375015274186,0.8597966695817605
core,469,15.0,22.810891736189944,0.8739452440091366
core,470,14.0,20.759269071790893,0.859283301031221
core,471,14.0,24.108278285713205,0.881083913017936
core,472,24.0,21.8481272342324,0.8602440598213982
core,473,15.0,24.574201082075348,0.8795651000465474
core,474,24.0,24.894530079020505,0.8900541870272458
core,475,22.0,21.820882754965808,0.8654780014729408
core,476,18.0,23.856681778044578,0.8754724064286605
core,477,21.0,22.71255601450727,0.8688978395190424
core,478,20.0,23.660107089058215,0.8852370817847321
core,479,21.0,20.98981394137234,0.8756091136430941
core,480,15.0,23.164858808560357,0.8689620771433533
core,481,20.0,21.878844347988142,0.8630612461441158
core,482,21.0,21.73263447322193,0.8664711526855104
core,483,21.0,22.871502231198754,0.8670952413621903
core,484,21.0,23.860214132290952,0.8900316131216985
core,485,22.0,24.343850917177456,0.875833481302986
core,486,22.0,24.758512646168022,0.8570577951649753
core,487,23.0,23.695155452860977,0.8621648044704355
core,488,15.0,23.7616321785988,0.8571667818252057
core,489,20.0,20.519280334490688,0.8818923381658819
core,490,13.0,19.910074665617937,0.8625471655498164
core,491,20.0,24.683187549644877,0.8643359302945014
core,492,17.0,20.366502126799798,0.8750566566728852
core,493,22.0,26.12485944174666,0.8786796424340952
core,494,18.0,19.40869233042031,0.8412892023595959
core,495,21.0,24.116141192481514,0.842818693822497
core,496,18.0,20.897914587727026,0.8864932248617114
core,497,15.0,22.289113394069748,0.8650438667556182
core,498,22.0,25.620658994915416,0.8631822599116821
core,499,14.0,23.689857918929814,0.8750368295760168
core,500,22.0,22.87821590393173,0.8590036987394305
core,501,22.0,25.082782627230863,0.8644066387229837
core,502,16.0,21.245870767736804,0.8623121549834576
core,503,16.0,20.87014003006894,0.8852943887890896
core,504,15.0,23.16889946798553,0.8561499201683906
core,505,21.0,21.746432135508947,0.854870148869697
core,506,21.0,19.507880019502117,0.8556038306119088
core,507,15.0,25.58573721907637,0.858325931133781
core,508,16.0,23.30534489133042,0.8772592161460702
core,509,20.0,25.237141169287607,0.8795088125024055
core,510,16.0,22.77138447446403,0.8544639871516495
core,511,22.0,20.96383393175922,0.8654182817553024
core,512,15.0,21.87047772116764,0.8585241664772438
core,513,16.0,21.94817666938779,0.8672126445348451
core,514,22.0,23.73408514481163,0.8696709773836613
core,515,16.0,21.32700522217708,0.870584038903269
core,516,22.0,22.779471210033858,0.8906958627029704
core,517,23.0,23.377754307934847,0.8831876671496255
core,518,21.0,26.136622576897004,0.8517162607653097
core,519,22.0,22.35509030676129,0.8523958385102611
core,520,19.0,23.240450743255437,0.8653657056307733
core,521,22.0,25.04731342534461,0.8785483672349601
core,522,23.0,24.346106495216794,0.8858794940184583
core,523,22.0,24.2092436995668,0.8561979200372289
core,524,23.0,24.205485826794927,0.8774578149404436
core,525,21.0,21.850363080011675,0.8779566723741479
core,526,15.0,25.47189336884324,0.8676199563399056
core,527,22.0,26.196560359553196,0.8590129693978257
core,528,16.0,25.15868978857827,0.8575874856055372
core,529,13.0,22.313271849994294,0.8460088327606423
core,530,16.0,20.898113413647472,0.8660726320834893
core,531,15.0,19.93550614049662,0.8793425796492195
core,532,23.0,25.67910813692072,0.8662933496621712
core,533,22.0,26.254319140788763,0.8764843700502298
core,534,17.0,22.236645744596224,0.8719896719085312
core,535,19.0,19.01394330647761,0.8597467419281748
core,536,18.0,21.721528388054946,0.8349886489673877
core,537,16.0,17.49819075157547,0.8760605144828169
core,538,14.0,24.12738318849602,0.854677806329323
core,539,15.0,21.33343185306088,0.8758535592341022
core,540,23.0,23.295142830273335,0.8643798593345537
core,541,23.0,22.78747843127704,0.8645315023393089
core,542,21.0,24.215510263254103,0.8833266632880674
core,543,25.0,25.79457069784089,0.8703549033079556
core,544,21.0,23.780709208857928,0.8911922946481997
core,545,24.0,24.202578889816536,0.8867389075972245
core,546,24.0,22.83746959794852,0.8588884937378771
core,547,16.0,22.237249306050728,0.8679814055964221
core,548,24.0,22.92343360492927,0.8608337653184827
core,549,24.0,20.932799946817752,0.8809396157461361
core,550,21.0,24.196391721070064,0.8552283886204194
core,551,22.0,21.926607453709963,0.863257934974931
core,552,18.0,21.784465746243537,0.8884970999478301
core,553,15.0,23.357629503543517,0.8615935198638318
core,554,16.0,23.751908536443942,0.8787757858633276
core,555,22.0,20.51549095998976,0.859407604449866
core,556,17.0,21.841972971457185,0.8495809446905151
core,557,15.0,19.42428019024921,0.8607090213302284
core,558,22.0,23.882255666352297,0.8765653078206639
core,559,16.0,26.992622411042014,0.849829126551479
core,560,22.0,25.80347863403619,0.8590765333792123
core,561,18.0,23.14618410053751,0.8619641838212415
core,562,21.0,24.327039178566345,0.8822273709830133
core,563,21.0,25.257643478230463,0.8585616235595224
core,564,15.0,24.10146013428336,0.8667507172500313
core,565,16.0,23.106781170337246,0.870788901119308
core,566,16.0,22.231272940652634,0.880770022356941
core,567,22.0,22.306664510442953,0.8865390774233821
core,568,18.0,21.894437433853458,0.8677290378939717
core,569,22.0,22.211432193947406,0.8785349511470627
core,570,23.0,24.63412371382719,0.8656972008476674
core,571,22.0,20.928613643833856,0.8663585103720595
core,572,20.0,20.404449620614105,0.8671564672591912
core,573,23.0,23.84031751933194,0.8632257991623549
core,574,20.0,22.414659447014312,0.879298674945022
core,575,17.0,25.908744509765455,0.8868264030252213
core,576,21.0,23.12774624545822,0.8587730180599371
core,577,22.0,22.85997420852597,0.8596730667918697
core,578,22.0,21.41457730994242,0.8668876715902194
core,579,15.0,20.829792972812417,0.8610640342515654
core,580,24.0,24.278038487041268,0.8759829991934387
core,581,15.0,23.302853081558453,0.8593616914365194
core,582,14.0,19.457256322408952,0.8747444039651373
core,583,15.0,21.833005228361184,0.8734566358903231
core,584,15.0,21.667619749747917,0.8550439980160975
core,585,22.0,22.462926434377902,0.8589878056856848
core,586,22.0,23.763799177272674,0.878580879316105
core,587,14.0,24.15711927613192,0.8652455173570905
core,588,12.0,20.86673843830804,0.8638767407195651
core,589,22.0,17.055005069369052,0.8604839330869809
core,590,21.0,22.27571645383898,0.880656397819199
core,591,22.0,24.26736749567949,0.8730387752607589
core,592,15.0,23.213720552697648,0.8740193884218934
core,593,22.0,19.993375015453818,0.8701320729726698
core,594,15.0,23.31224849673922,0.8670721332264
core,595,22.0,20.466969870610637,0.8637595677815755
core,596,22.0,23.28250226932681,0.8711895953016722
core,597,22.0,21.350253127375133,0.8613368784839375
core,598,21.0,23.72079065733418,0.8632877482728913
core,599,17.0,23.870327000828887,0.8707752222440042
core,600,16.0,23.70731937956637,0.8743340091368017
core,601,21.0,22.8609632734991,0.8558870659249613
core,602,26.0,24.824320999043348,0.8541203737326911
core,603,22.0,25.60399752770257,0.8465802486982024
core,604,15.0,23.726805527603847,0.8564309198722531
core,605,15.0,21.87602872800841,0.8604342228742052
core,606,22.0,25.5649819376371,0.8468999907790811
core,607,16.0,22.70369240709179,0.8669689982107893
core,608,16.0,20.36929811587888,0.8672553353750809
core,609,18.0,22.23484262366047,0.8665683866860444
core,610,15.0,20.352620756893046,0.878535057686336
core,611,16.0,23.224848006047942,0.8712408260987234
core,612,18.0,23.239905419811738,0.8709169619039211
core,613,20.0,24.16096339736381,0.8605676077017335
core,614,15.0,25.507166489337965,0.8624412871488711
core,615,16.0,22.726815346488255,0.8744142578228575
core,616,14.0,20.754077485063224,0.8663875822001212
core,617,16.0,18.96316348732758,0.8836565283260143
core,618,20.0,22.26762315273956,0.8598334985862679
core,619,22.0,19.963329894897146,0.8566594835309295
core,620,20.0,22.28969647425988,0.8711204163176598
core,621,17.0,21.241303325203884,0.8451336749115557
core,622,23.0,21.364828808621084,0.8884748033476697
core,623,22.0,22.358409190808814,0.8743371757635388
core,624,23.0,22.331499566249473,0.8677695952046696
core,625,14.0,19.459955989061996,0.8613525327834692
core,626,26.0,27.702332639590576,0.8822108598321048
core,627,19.0,23.35399903768915,0.8703661068811521
core,628,12.0,23.615962345882465,0.8651463266889329
core,629,22.0,20.89976959983719,0.8800283609475533
core,630,22.0,21.399408852359056,0.867691554733041
core,631,20.0,20.87262464523127,0.8465737977229217
core,632,15.0,22.80512196318388,0.8670013499752489
core,633,22.0,24.25807841296725,0.860027214787567
core,634,24.0,22.35536954117205,0.8602341338272781
core,635,22.0,22.913639796435383,0.8713224021377038
core,636,26.0,23.67856354148762,0.8577296008965103
core,637,22.0,21.3371114342222,0.853089860165246
core,638,21.0,20.87576343306327,0.857108759814244
core,639,22.0,23.238851327610654,0.8876828435009563
core,640,22.0,24.22821449204707,0.8708625561835521
core,641,16.0,23.619783662205187,0.8726803846110157
core,642,22.0,27.22682672315707,0.853320548731848
core,643,22.0,24.214688116795593,0.8639847287442647
core,644,14.0,23.692896309542245,0.8843730123596127
core,645,22.0,21.732953693848156,0.8809210944482279
core,646,22.0,25.24332534705264,0.8806081060718074
core,647,24.0,23.283241100074044,0.8615748066135429
core,648,17.0,21.995295598780423,0.8738762492323167
core,649,21.0,24.768400959613967,0.8717512635466073
core,650,15.0,22.25216809654155,0.8755116375090133
core,651,21.0,21.538975335223643,0.8593560322741907
core,652,23.0,19.43395345992663,0.8676246848235476
core,653,20.0,21.878517720383492,0.8770401661558302
core,654,22.0,22.898322194118844,0.865591440163157
core,655,22.0,19.528872265175096,0.8723978745704897
core,656,18.0,24.790212819376915,0.861202383102929
core,657,22.0,23.734572023975286,0.8776557601784051
core,658,22.0,24.271694243153906,0.8729042130956992
core,659,19.0,23.22641672593878,0.8575830325825919
core,660,16.0,22.245714357288215,0.8678034662976926
core,661,17.0,24.185215283794722,0.8838040915077776
core,662,23.0,23.813204148602402,0.8660129135535639
core,663,23.0,22.87002937117367,0.8622338784422239
core,664,16.0,24.156167822588127,0.8466476713604905
core,665,22.0,25.240206239717516,0.8401463461359344
core,666,15.0,22.690077506979616,0.8522602223405522
core,667,22.0,24.320946584003007,0.87875810816106
core,668,20.0,21.2921129298142,0.8723162971110117
core,669,15.0,25.602574667566884,0.8496878611488126
core,670,15.0,22.873623749553875,0.8566209335158437
core,671,15.0,22.75050465043036,0.8656438890604834
core,672,15.0,24.674945715127944,0.8667707538018692
core,673,20.0,22.276619759123125,0.8797861003959431
core,674,24.0,22.974051418806756,0.8672813762137741
core,675,22.0,21.394146538895125,0.8552469670071949
core,676,16.0,21.850880950855665,0.8674224481475166
core,677,15.0,20.33671559225322,0.8623785425284838
core,678,18.0,20.83535469219624,0.8940875858007148
core,679,21.0,24.23811380691866,0.8652749069963686
core,680,18.0,22.78738943928016,0.8727771706491927
core,681,18.0,24.6158436642337,0.8695961092890273
core,682,22.0,21.90069971467304,0.87922014623128
core,683,14.0,25.625463625565896,0.8736905182834831
core,684,18.0,28.039696903788585,0.8622290049823338
core,685,22.0,25.651363767005314,0.875550318154065
core,686,14.0,18.98748175940594,0.8705042135407579
core,687,18.0,22.72634329143745,0.8806282118038647
core,688,23.0,21.88946313889284,0.8583266515652308
core,689,18.0,22.91928947003606,0.8699210422702752
core,690,18.0,24.7268807421849,0.8720109704272375
core,691,23.0,21.77611287609954,0.8569295218819751
core,692,21.0,24.277242185547053,0.8710677743004411
core,693,17.0,20.90181366273843,0.8732694192384611
core,694,19.0,21.335200123796476,0.8670556392851814
core,695,24.0,21.487846014223106,0.8826887775770327
core,696,15.0,21.283455748827112,0.8576033676777031
core,697,23.0,24.638110754783863,0.8815843506577732
core,698,18.0,21.409727584874855,0.864541459006658
core,699,16.0,21.764062723364955,0.8673601287550791
core,700,15.0,18.016168791825343,0.8794713071166411
core,701,25.0,25.729550855727986,0.8773559622480913
core,702,22.0,22.400168610244105,0.8629698454766157
core,703,23.0,23.84826662781715,0.8598238240125214
core,704,21.0,20.853743405051997,0.8741063656708735
core,705,18.0,22.24153394549328,0.8718133816147074
core,706,15.0,21.810322438319318,0.8802471860535186
core,707,22.0,21.90070678988707,0.8834701170697777
core,708,24.0,24.139508591914865,0.8776566093743714
core,709,22.0,21.809620240771974,0.8596889847559208
core,710,15.0,21.355295717507232,0.8674160106629454
core,711,22.0,21.432684991448436,0.8599756109704014
core,712,15.0,23.270308445996083,0.8674597528623709
core,713,19.0,22.368729078605092,0.8768670997505242
core,714,18.0,20.843030143509342,0.8750416775888119
core,715,18.0,20.82402703458523,0.8769319609943589
core,716,17.0,21.687390635611234,0.8646001457227306
core,717,18.0,21.781208553296064,0.8694437075877369
core,718,24.0,22.21365641335054,0.8746824501150381
core,719,24.0,23.799945362090916,0.841180002899814
core,720,22.0,21.465833345655692,0.8664874940732239
core,721,16.0,23.255035621131764,0.85677599525728
core,722,22.0,21.94939370533551,0.8687340836901949
core,723,21.0,24.436048368412287,0.8736266139502571
core,724,22.0,22.721962735055133,0.868287396629031
core,725,24.0,24.403449199219285,0.8565205244379213
core,726,24.0,24.183494479152298,0.8692036094765117
core,727,22.0,25.258476436197387,0.8712283077620533
core,728,21.0,21.957727961001538,0.8737098201721673
core,729,17.0,20.432360067238005,0.8479599228617647
core,730,22.0,24.343836800891978,0.8647963682029173
core,731,22.0,19.43831276595859,0.8716306384262063
core,732,15.0,21.876192511925318,0.860931356802751
core,733,22.0,23.80175490807603,0.8873980760093891
core,734,22.0,21.773858932729965,0.8733082776363474
core,735,21.0,22.74418383192427,0.8792919190065756
core,736,18.0,21.342996261484412,0.8770336189411132
core,737,23.0,22.3377717921715,0.863703316306597
core,738,22.0,23.735957256126195,0.8790545579051194
core,739,23.0,21.484376620352258,0.8745444516479342
core,740,15.0,25.193502930035226,0.874347998333743
core,741,20.0,20.553139011271558,0.8636582984806112
core,742,15.0,19.978519557043764,0.8585649953249903
core,743,16.0,24.746682426419156,0.8486510107700214
core,744,13.0,20.7728131687315,0.864349920288764
core,745,22.0,24.168665236414817,0.8812849042456949
core,746,22.0,21.43371670352158,0.847947702204661
core,747,22.0,23.25189857773192,0.8628199932260905
core,748,14.0,19.74027698291552,0.8625448091509942
core,749,22.0,23.27185601482115,0.8400615096224157
core,750,22.0,27.106970024333332,0.8788034060857429
core,751,19.0,24.262635686154173,0.8632369968093531
core,752,22.0,21.278132363593045,0.8718986345440092
core,753,23.0,21.800631541644737,0.883030674809734
core,754,13.0,24.4391159703782,0.8493182832150732
core,755,21.0,24.032363467616157,0.861757491397063
core,756,22.0,24.250887574662897,0.8763638670408284
core,757,21.0,21.82794610546235,0.8589910000870862
core,758,22.0,21.90378669550021,0.8610021580758973
core,759,14.0,23.632038084484368,0.8876868014383634
core,760,21.0,21.92809303554642,0.8448837359792228
core,761,20.0,22.412180524245777,0.8627008491117446
core,762,24.0,22.790492909895587,0.8541284351193017
core,763,22.0,21.844469221044903,0.8622997958966503
core,764,21.0,23.865231531000276,0.8552294329466649
core,765,14.0,22.78737508574528,0.8608824128202057
core,766,18.0,18.55454265849655,0.8731754971819623
core,767,13.0,21.790800358638716,0.8670087215958778
core,768,16.0,25.079645116103784,0.8797100568941854
core,769,17.0,22.74012288419034,0.8498249777384215
core,770,15.0,21.762733601365436,0.8466584202400432
core,771,24.0,23.754270395506424,0.8519075457912688
core,772,15.0,21.433982720242337,0.8499504006949805
core,773,16.0,22.74455729840642,0.8633487883777367
core,774,19.0,21.733542094482882,0.851606540218111
core,775,15.0,23.62850612810688,0.8645898325892245
core,776,23.0,23.88045525468328,0.8597512929829565
core,777,16.0,18.950348122210347,0.8774613938087904
core,778,14.0,23.72080547503655,0.8647305723523948
core,779,16.0,21.67331324687163,0.8496049485481657
core,780,22.0,19.6353286353322,0.8959454462643042
core,781,15.0,24.282823164209393,0.8748559873553539
core,782,22.0,27.164797487728706,0.8540174694734994
core,783,22.0,23.25733665898619,0.8741361997629115
core,784,22.0,21.843704071739644,0.8900138943709462
core,785,15.0,21.903483386417843,0.8680105073111253
core,786,16.0,23.204354927027843,0.8875457922067485
core,787,22.0,21.697738866597096,0.8693613152131444
core,788,16.0,23.215608205725914,0.871994450604001
core,789,20.0,22.818575440181856,0.8788716754472945
core,790,15.0,22.345615350301877,0.8651730537203065
core,791,20.0,22.667472475231836,0.86872253789295
core,792,22.0,26.08163176623864,0.8882429246841401
core,793,19.0,22.28223225939919,0.8490759158866567
core,794,15.0,19.491914294228277,0.8655168416197234
core,795,26.0,25.157130530179224,0.8606242936816639
core,796,19.0,25.753480371612707,0.863984648224236
core,797,21.0,22.865196019696263,0.845991648499685
core,798,16.0,22.69141300498457,0.8546677644987819
core,799,22.0,23.224385692878613,0.8492219873555111
core,800,22.0,25.08769629983976,0.8775875655286971
core,801,20.0,20.518298015156464,0.8660411683243356
core,802,21.0,21.275041676019164,0.8630938578045823
core,803,15.0,24.69509709934145,0.8627635532358731
core,804,15.0,21.815742935997942,0.8756492464717993
core,805,21.0,19.954906247192806,0.875174273698617
core,806,16.0,19.955558809577,0.8682298612393495
core,807,21.0,20.900157116840123,0.8683088318384113
core,808,23.0,23.392328135677648,0.8739536832556134
core,809,14.0,20.711750267856086,0.862266993327548
core,810,22.0,19.624826339841903,0.8911887404543217
core,811,18.0,23.619680561250565,0.870254852816509
core,812,23.0,24.703374963123657,0.8820769190229187
core,813,22.0,21.816728327580638,0.8855231212635555
core,814,16.0,21.400631244427842,0.8686956350731287
core,815,22.0,23.82656948017531,0.8652656626868462
core,816,14.0,23.188485475895032,0.870566341607488
core,817,18.0,23.542920277751467,0.8459333082111913
core,818,22.0,24.28322947227137,0.8705178982159434
core,819,23.0,23.27765843954458,0.8489355181609933
core,820,19.0,25.385424551393143,0.8494632909309792
core,821,20.0,23.87710220642968,0.8747711235218536
core,822,23.0,22.720798610254224,0.8664139695272917
core,823,22.0,23.229294107876328,0.8905784521668173
core,824,21.0,21.322089273718902,0.8654365979313592
core,825,22.0,23.2787993734933,0.8866352865740321
core,826,22.0,20.387192726611666,0.8573758656607879
core,827,22.0,22.05484956324055,0.8672557047772507
core,828,21.0,24.226459171264143,0.8550817495323609
core,829,21.0,24.722215541693703,0.852984772625549
core,830,21.0,20.97860757944477,0.8630968621005685
core,831,22.0,21.913936909705072,0.8641015358692707
core,832,22.0,25.158305843607675,0.8725507961468539
core,833,21.0,24.788253601099754,0.8705967906760343
core,834,23.0,23.43642920932383,0.8742636000359703
core,835,24.0,25.63219035161434,0.8631353898375593
core,836,21.0,25.510468981082763,0.8582470504322757
core,837,20.0,22.150577032447693,0.8620109025557031
core,838,22.0,25.09679468359323,0.8659340045849202
core,839,22.0,23.275718650388026,0.866665327612238
core,840,14.0,24.529672487217155,0.8828240411380197
core,841,22.0,25.773544276883186,0.868602676763072
core,842,26.0,24.407427744137042,0.855923116169094
core,843,19.0,24.169729595347018,0.8698239105361681
core,844,22.0,25.029978305806857,0.8754546681530858
core,845,21.0,24.142230579541884,0.8816195238677409
core,846,21.0,21.95976082268753,0.8690326997481229
core,847,21.0,22.8213746950368,0.8768565478429519
core,848,22.0,21.92398217839338,0.8746374010398302
core,849,21.0,19.964814288486984,0.865263439418894
core,850,20.0,21.271631731257965,0.8782026457376044
core,851,22.0,22.782795271984405,0.8789338022095754
core,852,22.0,23.6864848729613,0.8615177685700077
core,853,18.0,22.360962813158434,0.8597135325458195
core,854,15.0,20.418524804314416,0.8906359908609309
core,855,21.0,27.13139735058457,0.8773155574091429
core,856,16.0,24.109244657810688,0.8732926094055317
core,857,15.0,23.18629183344148,0.8824742157513548
core,858,23.0,27.641487707597783,0.8608062523350919
core,859,23.0,23.71853924267388,0.8502440391370485
core,860,23.0,22.315408477904896,0.8531784982810432
core,861,22.0,26.29190792251199,0.8700334135476111
core,862,24.0,22.21301179906293,0.8497126585302748
core,863,13.0,21.200651599512685,0.8447545826793748
core,864,15.0,20.360677077261954,0.8783133985341575
core,865,15.0,21.776093258207304,0.8722827273164703
core,866,24.0,24.303164279187115,0.8846356774368216
core,867,15.0,22.647974441880073,0.8584617672149446
core,868,21.0,23.811711968835986,0.8552067823724974
core,869,15.0,22.67806052905648,0.8697731928658132
core,870,22.0,27.538717602814565,0.8862245516232337
core,871,16.0,18.53968926218452,0.8835549581634061
core,872,15.0,22.963289498486617,0.8635721722545083
core,873,16.0,24.232892455926752,0.8800258272913053
core,874,18.0,20.35451470168625,0.8578438434390272
core,875,22.0,21.985951785752572,0.8738283402066942
core,876,24.0,23.2927076046824,0.8651079041278366
core,877,23.0,23.901393408320644,0.8596064660533624
core,878,23.0,22.482376638716786,0.8727223397392907
core,879,21.0,24.31279136663036,0.8737401962035963
core,880,22.0,22.81072712952518,0.8775139693428249
core,881,23.0,21.423027223229067,0.8583987319672836
core,882,16.0,22.270422994346976,0.8606298578137277
core,883,18.0,22.411880231138028,0.858580587858604
core,884,23.0,23.768646280198972,0.8507120193704956
core,885,16.0,23.803297798518642,0.8821427695104903
core,886,21.0,22.31823636035354,0.8588518725765566
core,887,17.0,23.17081574654123,0.8743873573261312
core,888,22.0,20.881948672308003,0.8875523738183397
core,889,21.0,22.731463984019566,0.8554373072660413
core,890,23.0,23.660329948146654,0.8649740945853042
core,891,21.0,22.401950869506205,0.8797040353526335
core,892,16.0,24.03871234780742,0.8618850990234806
core,893,18.0,19.007468629755756,0.8522321841130949
core,894,21.0,21.85782895661963,0.8801702620131497
core,895,15.0,24.178157079602403,0.882764319674857
core,896,15.0,23.217151830084777,0.8759162169741044
core,897,21.0,23.174991586391354,0.8715262290933417
core,898,14.0,20.854038732921033,0.8551561575868474
core,899,21.0,22.814263487431248,0.879238050308619
core,900,23.0,22.850927351931293,0.865259347105124
core,901,15.0,22.246151692258895,0.8511430418750188
core,902,22.0,20.839245681293036,0.8663321824529419
core,903,21.0,24.122583931627112,0.8740634487882482
core,904,19.0,21.71893846010449,0.8663251944627294
core,905,22.0,24.70157370812213,0.8857782888763808
core,906,21.0,24.12819050725641,0.8635162545341027
core,907,15.0,21.811975250711527,0.8681559821256231
core,908,23.0,23.932908677242914,0.8752695079591802
core,909,23.0,24.235078706616175,0.8514345030431094
core,910,15.0,23.22718337422279,0.8606480952610718
core,911,24.0,25.254194669140325,0.8608602112718055
core,912,24.0,25.341166037697334,0.8730637465702458
core,913,15.0,26.212371586821934,0.8522686060173601
core,914,21.0,23.756597591582622,0.8824203572718367
core,915,22.0,23.68855663804469,0.8652846802259049
core,916,23.0,23.751089892118213,0.8721887608480499
core,917,22.0,20.914079815833865,0.8757628107948391
core,918,14.0,25.134777743700155,0.8678960811705503
core,919,19.0,21.363072865687837,0.8655797645740875
core,920,22.0,22.818012505949103,0.8741799047908119
core,921,21.0,21.378504760714222,0.8816726844970655
core,922,18.0,25.538230396050235,0.8469100969618469
core,923,24.0,23.76944786364473,0.859467649871198
core,924,16.0,21.906422664719166,0.8720627276510919
core,925,24.0,20.965366543021837,0.8730693059973988
core,926,15.0,21.79756826486509,0.8643144787473331
core,927,19.0,21.97851803799164,0.8484347430400456
core,928,19.0,23.29151315276594,0.8617615597579786
core,929,17.0,24.768687147004055,0.8759122348568119
core,930,22.0,21.843594713711227,0.8650526471803597
core,931,22.0,22.371931915019044,0.8597222827893389
core,932,22.0,23.29576620885417,0.8579455984148936
core,933,21.0,22.860169497929995,0.8546100421035367
core,934,15.0,22.172461438855244,0.859675497468412
core,935,22.0,22.870463743537517,0.8655296410283388
core,936,24.0,21.89212353662266,0.8722577430135086
core,937,20.0,22.752063594237757,0.8836730266166868
core,938,15.0,21.42172287126496,0.8732804487217132
core,939,15.0,21.51576514669817,0.8798175384047406
core,940,23.0,22.939887065677393,0.8560971490615068
core,941,22.0,22.92284551838616,0.8536141375058965
core,942,21.0,22.67568652862715,0.8678476175623745
core,943,15.0,23.2189700854866,0.8540449107418444
core,944,14.0,20.92786357260481,0.8739984390880924
core,945,23.0,25.76083725474239,0.8627369410074112
core,946,16.0,21.180304223047745,0.8630689459103023
core,947,15.0,21.314017048766623,0.8725706194173153
core,948,22.0,23.30234104859864,0.8598817670879408
core,949,22.0,23.252362915109444,0.8627831869497
core,950,15.0,23.74972803404391,0.8641455751864909
core,951,15.0,21.02150955648148,0.8655572255361201
core,952,22.0,21.427715018225328,0.87698405824343
core,953,19.0,22.413862231482224,0.860693922019919
core,954,21.0,23.79638204565741,0.8681060639972615
core,955,15.0,20.83798888777758,0.8772666303168883
core,956,24.0,22.907374504647034,0.8418818757675769
core,957,22.0,21.802280519098993,0.8485662099385394
core,958,22.0,21.41097854682102,0.8775721843498754
core,959,22.0,21.0846384089547,0.8638324755994935
core,960,22.0,21.04177769968897,0.8582830716561475
core,961,22.0,24.66643096003327,0.8706237352126955
core,962,24.0,23.92797674174471,0.8727657071986044
core,963,16.0,22.335861485595046,0.874519056451761
core,964,21.0,22.29099164186856,0.8667914801471741
core,965,21.0,24.21738284560386,0.877912337633285
core,966,15.0,20.91274396161825,0.8644053383628743
core,967,22.0,21.04451570457314,0.8587405624543747
core,968,16.0,22.33976205497896,0.8655864033772214
core,969,19.0,22.29952107429,0.8617999500645277
core,970,22.0,25.252002628810008,0.8582940678865785
core,971,14.0,21.403608361140687,0.8564111927960589
core,972,16.0,22.297142723237393,0.8666323340111004
core,973,16.0,23.252110970308827,0.8534599459383676
core,974,24.0,25.26453603050701,0.8529437080918041
core,975,20.0,19.970308673069383,0.871618935153503
core,976,15.0,20.37211069862056,0.8784558526677891
core,977,22.0,20.805353707305326,0.8621265687785478
core,978,16.0,22.37826948322159,0.8594312915699189
core,979,15.0,25.66298407116553,0.8581661902833637
core,980,24.0,20.37879106743851,0.8655703747265879
core,981,15.0,19.903688844769768,0.8778183662741614
core,982,24.0,21.899400156241278,0.8665318540653427
core,983,24.0,23.735303248203287,0.876788598343458
core,984,15.0,22.790547450537133,0.8696634560645509
core,985,23.0,23.123509715041532,0.8593841215148884
core,986,16.0,23.242725507875626,0.8611092965628948
core,987,24.0,22.424270100977544,0.8535036474865448
core,988,15.0,22.673697537409204,0.8746197541854814
core,989,22.0,24.15142090702126,0.8727279621207018
core,990,22.0,22.838257698376193,0.8504447335485745
core,991,21.0,24.305993695609754,0.870707157587759
core,992,18.0,19.04683744355893,0.8666657619516591
core,993,18.0,22.730067418480132,0.8746469458165962
core,994,21.0,22.35652534431032,0.8687836688603963
core,995,22.0,25.194902726596595,0.8737859258811933
core,996,21.0,24.309932063337623,0.8612805826870373
core,997,21.0,22.783133988165137,0.8681350724579573
core,998,24.0,22.001545077257877,0.8547504512222996
core,999,21.0,21.708905298440527,0.8671971779278302
core,1000,22.0,23.755793447598283,0.8871640488113377
core,1001,24.0,24.636247049289523,0.8549809420963461
core,1002,22.0,22.867680725727762,0.8740496572663532
core,1003,15.0,22.293546646979706,0.8549786966089291
core,1004,18.0,23.80848277460597,0.8743923055019394
core,1005,22.0,23.74967070547938,0.8543876822130745
core,1006,16.0,19.488326749438098,0.8585271384996005
core,1007,18.0,20.424507347528284,0.8932248841379937
core,1008,16.0,23.842039575194157,0.874119667575187
core,1009,24.0,24.759488435309684,0.8651434250707083
core,1010,26.0,22.37679249449223,0.854656626222356
core,1011,14.0,22.08431205019776,0.8773803141503413
core,1012,16.0,24.67388804320459,0.8700451012521939
core,1013,18.0,24.203181532864694,0.8874302919664931
core,1014,22.0,19.621149057533497,0.8648169582645391
core,1015,21.0,20.87180436089467,0.853910897259826
core,1016,18.0,24.544879421313965,0.8686822067388964
core,1017,18.0,22.835161303924558,0.8450028501522522
core,1018,22.0,24.20110735497221,0.8547754163067403
core,1019,20.0,24.743533162883566,0.8463796051254384
core,1020,15.0,23.82516522217318,0.8601056111881549
core,1021,15.0,26.24588199539408,0.8721045328735384
core,1022,19.0,24.75505364971929,0.8679309985536805
core,1023,19.0,21.994923313275244,0.8801853761927003
core,1024,16.0,20.961086096297993,0.8837043862134635
core,1025,15.0,19.8956225492935,0.8742991061499373
core,1026,24.0,24.272240575169487,0.8594478680392674
core,1027,15.0,20.82902743013004,0.87804394070341
core,1028,17.0,20.39778952312246,0.8678317814296719
core,1029,22.0,21.44930046187498,0.8677771960834838
core,1030,18.0,25.016344641931678,0.8530334670419708
core,1031,25.0,23.701600106519432,0.8737715482372281
core,1032,22.0,21.966573317509006,0.8471387287241203
core,1033,15.0,19.017061460732446,0.8721704531266574
core,1034,15.0,23.305714609082138,0.8596240588776156
core,1035,24.0,24.319556971632743,0.8736753303701573
core,1036,18.0,21.774243022589793,0.8778295087105125
core,1037,26.0,27.139443108872943,0.8696935130360848
core,1038,16.0,22.665914609936493,0.868213082735612
core,1039,15.0,21.822183662407095,0.8689895718012939
core,1040,22.0,20.83631555723564,0.8784205931230625
core,1041,15.0,22.194187326548718,0.8777463285534717
core,1042,23.0,22.831199236298502,0.8713625172424135
core,1043,18.0,23.613858088290073,0.8707278724804375
core,1044,22.0,21.930749288996157,0.8768783950790378
core,1045,14.0,21.329052410666296,0.871765525854666
core,1046,21.0,22.313166306914553,0.8771309784202193
core,1047,22.0,22.241573690732036,0.8731434676485061
core,1048,22.0,26.634172872898,0.8554706002377593
core,1049,23.0,19.07459607836237,0.8553505048425829
core,1050,20.0,25.80896356489121,0.8497289287336546
core,1051,21.0,22.54308621638104,0.8705309823030398
core,1052,22.0,22.22897398115789,0.8806744136326649
core,1053,22.0,24.692243313780804,0.8586150563821666
core,1054,25.0,24.741890848875197,0.8621519301795202
core,1055,19.0,21.950724186335023,0.8733298837594108
core,1056,23.0,24.017228734602796,0.8829939673366534
core,1057,24.0,24.76145251342172,0.8666175216300934
core,1058,15.0,21.249469693146263,0.8680523358697991
core,1059,21.0,19.963360367394774,0.8548028807152073
core,1060,18.0,22.693483541145795,0.8641352917696481
core,1061,22.0,23.33179325096975,0.8711192771774008
core,1062,16.0,23.50038676416027,0.8668974936166305
core,1063,21.0,21.899854170708803,0.8607122656092341
core,1064,18.0,26.607339912178457,0.8761291479106074
core,1065,15.0,20.39693716860307,0.8859441375395335
core,1066,24.0,24.20192052695482,0.8680540630601026
core,1067,15.0,23.59946091753796,0.8438022165514047
core,1068,24.0,23.347351449214496,0.8681385224324549
core,1069,23.0,25.18092465808704,0.8572643866564624
core,1070,22.0,19.476787344774635,0.8695216255892759
core,1071,19.0,19.451560010604243,0.8776317903911274
core,1072,21.0,25.716590522427463,0.8456261105957885
core,1073,21.0,23.19304832550708,0.8441684010729764
core,1074,22.0,23.725067426653457,0.8870040722935606
core,1075,17.0,21.858369390675335,0.852512870336845
core,1076,22.0,22.80825265784531,0.8600005523984008
core,1077,16.0,23.662595077567175,0.8522635304133284
core,1078,22.0,22.83973464302689,0.8645246677134513
core,1079,27.0,22.873109704451046,0.8816506594739797
core,1080,24.0,26.59037316156581,0.8828632473923936
core,1081,22.0,24.103064631108328,0.8599759121455335
core,1082,23.0,23.366188483875593,0.8551339425866173
core,1083,23.0,24.63031488874948,0.8364178600627832
core,1084,24.0,26.06070861846737,0.8528452019197255
core,1085,23.0,24.657382994267895,0.8681493269751333
core,1086,15.0,21.74047942203926,0.8924904474649401
core,1087,21.0,21.33389054033455,0.8668523005838311
core,1088,23.0,23.75258688129876,0.866496698183808
core,1089,22.0,22.140741477572227,0.8698517733461277
core,1090,23.0,24.033287334990753,0.8756978818340106
core,1091,20.0,22.380248973062123,0.8549643670505914
core,1092,13.0,23.710359538643193,0.8592845654661951
core,1093,23.0,24.200094457894046,0.8625607073946727
core,1094,23.0,23.319761342463647,0.8696832808408522
core,1095,22.0,19.41413687048385,0.8776114530372598
core,1096,24.0,24.760526007383035,0.8781502085921296
core,1097,24.0,24.725956498144132,0.8770723485136351
core,1098,17.0,24.54682403496585,0.8823463041729767
core,1099,23.0,20.926611110864513,0.8718662049382269
core,1100,22.0,25.05154601332908,0.8758314952710311
core,1101,24.0,23.3102791012283,0.8592601665385198
core,1102,16.0,22.25874262044349,0.876665548756939
core,1103,24.0,22.841523733169826,0.8715669162253289
core,1104,24.0,24.757336994447964,0.8805652677499256
core,1105,21.0,21.78032841793326,0.8590362240113352
core,1106,22.0,23.47201492002764,0.8810580192858439
core,1107,14.0,21.262883112413167,0.8712529779047515
core,1108,15.0,24.224609112461202,0.859927763801737
core,1109,22.0,22.510156273953804,0.8672159440311191
core,1110,23.0,21.395344030961386,0.8668935355767814
core,1111,24.0,21.79552607902282,0.8656377613250853
core,1112,16.0,20.04238163681745,0.8727069475737737
core,1113,16.0,22.218951479387826,0.8510541072237674
core,1114,18.0,22.3788045939266,0.8713745759659104
core,1115,23.0,23.318631534721032,0.8494620638529948
core,1116,24.0,24.70586999524799,0.851139006459722
core,1117,18.0,23.81008780359186,0.857097803366538
core,1118,13.0,24.595687620018477,0.8638544690258334
core,1119,14.0,23.67603991889888,0.8573416546082744
core,1120,24.0,24.413996542002316,0.8719411057224558
core,1121,18.0,25.545926061377056,0.8584094883956992
core,1122,14.0,22.289103380104045,0.8673566062912119
core,1123,26.0,24.259048566126403,0.8470960688730554
core,1124,22.0,23.293776721967433,0.8705689164710796
core,1125,18.0,21.376438284851563,0.8821950057571427
core,1126,14.0,20.410484383970132,0.8466851060402139
core,1127,23.0,24.685100560836382,0.8760006705473478
core,1128,20.0,21.93575347601982,0.8612535504029024
core,1129,17.0,23.234202854748045,0.867614405162323
core,1130,19.0,21.735868691661874,0.862310941382882
core,1131,22.0,20.94215648904497,0.8474986246080392
core,1132,22.0,25.688559332489696,0.8527407931553417
core,1133,16.0,21.394971924697963,0.8554788305810364
core,1134,20.0,23.229219730768545,0.8545479450972598
core,1135,23.0,27.088335094614845,0.8578003558427185
core,1136,20.0,20.375440653564716,0.8843305643291044
core,1137,24.0,21.676895758152654,0.8586151187047315
core,1138,21.0,21.902358830335928,0.8688842382575881
core,1139,15.0,21.32773713908676,0.8708560304552879
core,1140,21.0,26.2846267733399,0.8666143191249962
core,1141,21.0,22.70850829412575,0.882095179996035
core,1142,14.0,18.87178647328128,0.8635926607261399
core,1143,23.0,21.30442413710151,0.8722851592813083
core,1144,15.0,20.906258683953094,0.8611008866424996
core,1145,21.0,23.276198647248346,0.8577247045124472
core,1146,22.0,22.35920981929143,0.8739501584645304
core,1147,19.0,20.88018050912851,0.8715709030546838
core,1148,24.0,19.960903899339066,0.8612080268349862
core,1149,18.0,22.391620499829465,0.8684391975461817
core,1150,16.0,22.770903300993552,0.8787041460169507
core,1151,23.0,20.99560361391831,0.8712041683563906
core,1152,21.0,21.382365614776596,0.8510737237905874
core,1153,22.0,22.465110653537998,0.8761071158538244
core,1154,21.0,20.89246514227126,0.8646349112746073
core,1155,24.0,23.74878955840294,0.8496087152596318
core,1156,17.0,20.454815030362553,0.8638434483498584
core,1157,24.0,23.60338017496273,0.8551395408109399
core,1158,22.0,23.812886806668033,0.889831101813178
core,1159,23.0,22.437338322262622,0.8677567166487499
core,1160,19.0,23.35260965448565,0.8579144693875445
core,1161,22.0,20.850983673261315,0.870011575956212
core,1162,23.0,26.63171904718569,0.8642073408736155
core,1163,21.0,22.33660548297119,0.8534753255958492
core,1164,23.0,20.558085808112327,0.8729014812578169
core,1165,24.0,27.00427436021269,0.8714786016116801
core,1166,15.0,23.624674084554666,0.8646493148204337
core,1167,18.0,23.70928829876615,0.8843062846917102
core,1168,23.0,23.37360056290368,0.8525575701154429
core,1169,23.0,23.23661510981851,0.8905877014022202
core,1170,15.0,25.196396372981784,0.8580015904699145
core,1171,22.0,24.30942085004527,0.8565801603528063
core,1172,16.0,24.11653038400161,0.8655427367541766
core,1173,21.0,22.12172129359924,0.8555559250659872
core,1174,22.0,24.56371018105599,0.8485467204265034
core,1175,18.0,23.83060166480397,0.8571174743737602
core,1176,22.0,23.589923696528853,0.8548211498409812
core,1177,22.0,22.52778712061783,0.8633119638857691
core,1178,22.0,20.40923018739324,0.8783385127989379
core,1179,21.0,23.313650504099314,0.8881415785522064
core,1180,19.0,23.344999209947304,0.8452693235998446
core,1181,23.0,23.244127847072654,0.8592085745042373
core,1182,21.0,18.86861772997856,0.8614770614892565
core,1183,17.0,21.841070602874694,0.85541499911576
core,1184,11.0,22.160520544937704,0.8615928779592305
core,1185,27.0,27.10554697979919,0.8435391561546324
core,1186,24.0,21.388011400850708,0.8672966305118518
core,1187,16.0,19.01752202548979,0.8854635850178367
core,1188,14.0,22.356842575277273,0.8609160447038986
core,1189,19.0,22.313047272177116,0.8769635913389944
core,1190,24.0,23.258685479650886,0.8710875719794695
core,1191,23.0,24.731992318141916,0.8593068651921425
core,1192,23.0,21.05598271134496,0.8687612299877612
core,1193,15.0,21.833527077095876,0.8749947335365198
core,1194,23.0,22.893081964802914,0.8790740824679624
core,1195,24.0,22.293432386501063,0.8786056187854149
core,1196,20.0,22.28635320380988,0.8867899363725977
core,1197,22.0,23.668750066290396,0.8533735524211385
core,1198,18.0,21.4019354830702,0.8890999610864232
core,1199,23.0,19.159062364586667,0.8686914929274774
core,1200,14.0,21.271271689287488,0.8656025586688945
core,1201,21.0,21.068345264165885,0.8538577360535065
core,1202,23.0,26.500912363552928,0.8891692485237972
core,1203,22.0,22.449289853107363,0.8554864011823718
core,1204,21.0,22.401965301844598,0.864197164081701
core,1205,21.0,23.774968788303298,0.87615175172732
core,1206,17.0,23.26362631310841,0.8641719901433205
core,1207,18.0,20.884869738716084,0.8711827258979146
core,1208,22.0,26.029430850612147,0.8653293366607138
core,1209,22.0,23.274061240067105,0.8533202956885543
core,1210,21.0,24.203603730099037,0.843896214682428
core,1211,22.0,21.312919994753234,0.8680261328176001
core,1212,21.0,22.7342931083561,0.8798926504710007
core,1213,21.0,21.024827475920066,0.8729537674578207
core,1214,21.0,22.831045789254595,0.8502479796160021
core,1215,23.0,25.25011442095924,0.8681956886215494
core,1216,21.0,22.22614424172737,0.8678554611376331
core,1217,23.0,21.787283246048705,0.8669412038193813
core,1218,22.0,19.68966867552872,0.8573780341257922
core,1219,21.0,25.124733950472276,0.8572688085014882
core,1220,22.0,25.21704570612681,0.8493349625538991
core,1221,22.0,21.917373773106398,0.8775564660499755
core,1222,19.0,23.69340419292822,0.8706487518201643
core,1223,22.0,24.23928194069218,0.8836584959492069
core,1224,19.0,22.795642904459225,0.8868981142460981
core,1225,22.0,21.27267938746801,0.8598380729783963
core,1226,24.0,22.40668598137088,0.880344848628168
core,1227,15.0,22.962106617176627,0.8704272056206004
core,1228,14.0,22.61854922199274,0.8540868725194095
core,1229,22.0,20.85542562611102,0.8671256704195689
core,1230,24.0,22.849659254899134,0.8666847378201586
core,1231,18.0,23.29352248276597,0.8511779656423637
core,1232,15.0,23.223596794828378,0.8790812938203013
core,1233,22.0,20.937626821232094,0.8939955623599587
core,1234,16.0,22.72984737004871,0.8535598133272411
core,1235,17.0,24.18883898907342,0.8743825045463942
core,1236,21.0,20.981882943281292,0.8703731956460818
core,1237,16.0,21.296951986692093,0.8767980273075302
core,1238,21.0,23.307451062353085,0.8595927591375581
core,1239,22.0,24.739821159348807,0.871932660776829
core,1240,20.0,23.801855008858855,0.8699832665628233
core,1241,20.0,19.959057768228956,0.8607980815505195
core,1242,24.0,24.762049067465412,0.8648313304194435
core,1243,19.0,26.12571723732562,0.8649918774710887
core,1244,22.0,25.652048388486804,0.8777663254547556
core,1245,20.0,23.735919336302988,0.8859654474135747
core,1246,21.0,18.912408321925817,0.8775101434807904
core,1247,18.0,21.397617888689158,0.8758320998079216
core,1248,22.0,23.42911874227358,0.8545374388750808
core,1249,14.0,21.446115035458842,0.8561058811736603
core,1250,22.0,23.218487323699254,0.8795756579734644
core,1251,18.0,22.19803528166547,0.8484141758837329
core,1252,19.0,20.917859215157026,0.8640832435833763
core,1253,21.0,22.408924245940774,0.8708183561760573
core,1254,26.0,23.77093958205396,0.8463875623861408
core,1255,22.0,22.28409987738796,0.8529045247949506
core,1256,15.0,23.214340741663637,0.8708566199938181
core,1257,19.0,24.25170350354723,0.8772290182566593
core,1258,19.0,21.25542541122323,0.8682386784484699
core,1259,21.0,21.366075681232253,0.850563397222299
core,1260,16.0,25.510271413360222,0.8674723555680663
core,1261,14.0,25.161657848729863,0.8494951812155189
core,1262,22.0,21.916549404810148,0.8749251825800626
core,1263,22.0,22.869526691370837,0.8556257278236519
core,1264,21.0,23.75516451861041,0.8510470041006339
core,1265,21.0,21.4049598283359,0.8701849551037077
core,1266,15.0,20.311745344554247,0.8705741571706129
core,1267,15.0,22.847799497533053,0.8762349907976453
core,1268,20.0,24.26181291358464,0.8614005295817463
core,1269,21.0,20.92295559817351,0.8783350359278815
core,1270,21.0,24.681712860704142,0.8780034671550967
core,1271,14.0,26.58962191385658,0.8676956921352945
core,1272,19.0,21.72059706493662,0.8457070598311112
core,1273,23.0,25.152181185004373,0.8482497512851827
core,1274,23.0,24.666745966429215,0.8643383624361567
core,1275,24.0,22.456573009839005,0.8677214817785244
core,1276,25.0,23.310508190294897,0.8649877811961915
core,1277,15.0,22.277079834059872,0.8615906217254073
core,1278,15.0,20.869424408546482,0.8750596286196015
core,1279,15.0,24.173561361143502,0.8589821425260425
core,1280,22.0,23.818366799940822,0.8816370470953738
core,1281,14.0,21.35918081166681,0.8695240642255884
core,1282,24.0,23.722851749461732,0.8757256814064182
core,1283,23.0,23.779417951886423,0.8529656823107332
core,1284,21.0,22.634143673530943,0.8681949461776424
core,1285,22.0,21.207200547704403,0.8834167074522933
core,1286,13.0,22.8062504494316,0.8633130071382817
core,1287,20.0,22.905310775001787,0.8695261549760196
core,1288,19.0,19.940177669643983,0.8569782448444002
core,1289,14.0,19.460767538893577,0.87277307256951
core,1290,16.0,22.813612152836384,0.8626262796074252
core,1291,20.0,20.93815947258291,0.8663910391260878
core,1292,21.0,24.16676276416957,0.8688983325407351
core,1293,23.0,23.22568060399414,0.8733674755242944
core,1294,21.0,24.711307944771804,0.875370993142804
core,1295,24.0,22.71485014078153,0.8830543303094835
core,1296,21.0,22.330671312485123,0.8652678201626323
core,1297,21.0,23.38699896620644,0.8651717469520683
core,1298,14.0,19.94107669702366,0.8671789292923386
core,1299,16.0,20.020907364608398,0.8584330889914815
core,1300,21.0,21.366314859804373,0.8754388345104012
core,1301,22.0,20.41714850280572,0.8634219171074746
core,1302,21.0,22.247440049830935,0.8793379294237649
core,1303,22.0,24.85216584718754,0.8666601465075988
core,1304,23.0,23.293749849278207,0.871115895166116
core,1305,22.0,21.974545763690898,0.8645970642285707
core,1306,20.0,20.06574059648101,0.8685543535425623
core,1307,14.0,21.392710009778188,0.8536313361735444
core,1308,18.0,22.78830726364886,0.8606671057750481
core,1309,12.0,23.163534742612697,0.8549208313880379
core,1310,15.0,23.111255430802498,0.8663120341370167
core,1311,22.0,21.46878024472432,0.8659280113383364
core,1312,22.0,25.187754756430447,0.8603920616721115
core,1313,14.0,21.19535547060929,0.8738281030240775
core,1314,20.0,24.711672269505687,0.8697802863179711
core,1315,16.0,19.83471018835215,0.8669819340535528
core,1316,16.0,19.935651658588373,0.8472808286333184
core,1317,21.0,25.108113799752484,0.8642593696545844
core,1318,19.0,20.57395445854564,0.8816954971713453
core,1319,16.0,23.69899907703217,0.8672517749072752
core,1320,15.0,25.076029792832337,0.886860730599617
core,1321,15.0,22.316556476326305,0.8740997427334622
core,1322,19.0,21.88142125341102,0.8588980356423789
core,1323,26.0,25.303710338822597,0.8573663922353035
core,1324,14.0,22.724863972605277,0.8761259146508237
core,1325,20.0,24.152535240075952,0.8722102686694231
core,1326,14.0,24.111197110045733,0.8746012221568003
core,1327,14.0,22.320996069580985,0.8800846145426577
core,1328,19.0,22.33836107686602,0.8665932865224648
core,1329,27.0,23.691118039058633,0.8568917160406706
core,1330,18.0,23.60698464783399,0.8396526924128533
core,1331,22.0,26.69028389558821,0.8658102631250351
core,1332,22.0,24.24674231938048,0.8656724570684183
core,1333,23.0,26.168005173709105,0.8714960783400318
core,1334,22.0,23.733549278715323,0.8685863054397147
core,1335,18.0,25.636881563431256,0.8658782484153514
core,1336,21.0,24.274923289502027,0.8617742901650504
core,1337,23.0,23.230409786662992,0.8416017550921948
core,1338,22.0,24.33281858094399,0.8653336117102626
core,1339,23.0,23.803519890175327,0.8580491197465934
core,1340,22.0,23.312305054264378,0.8593966753985103
core,1341,22.0,23.765550273042752,0.8777803848806163
core,1342,22.0,22.372205037633893,0.8685452891166956
core,1343,18.0,22.747349978035963,0.8600073374819208
core,1344,22.0,25.30779249595568,0.8536885155746214
core,1345,14.0,21.728461647827675,0.8669390566011653
core,1346,21.0,19.047384329855458,0.8792177678092198
core,1347,23.0,22.31089428204676,0.8741938531428215
core,1348,14.0,23.52924416326636,0.8516860486126667
core,1349,16.0,19.02475988646544,0.8767517165393582
core,1350,23.0,21.346840030186183,0.8456893339732733
core,1351,16.0,21.71426940105646,0.879298359132786
core,1352,22.0,23.267169273543118,0.8620651025534262
core,1353,20.0,22.274131149227458,0.8584456295539169
core,1354,22.0,22.869904486213297,0.8684628965920194
core,1355,22.0,21.317471488358834,0.8735996194728362
core,1356,15.0,21.968219344499065,0.8701231708048703
core,1357,18.0,20.260396358918754,0.8802662392328866
core,1358,18.0,22.712255803108913,0.8745025653772871
core,1359,21.0,24.198117340414093,0.8392911791618285
core,1360,22.0,21.935547489825595,0.87501678531039
core,1361,24.0,21.397301731661695,0.8589772080564007
core,1362,15.0,21.840562864302285,0.8780949805579938
core,1363,21.0,24.260098821868613,0.8763597684347013
core,1364,16.0,20.82662942248617,0.8750271954524487
core,1365,16.0,23.74345579241495,0.8844831576488922
core,1366,21.0,16.695464042560378,0.8652897941732989
core,1367,22.0,24.21681093139063,0.8660372413901389
core,1368,23.0,22.333937349877196,0.8678177753499956
core,1369,23.0,25.136623022034417,0.853862703530496
core,1370,21.0,21.361859195918747,0.8559915005952732
core,1371,22.0,23.62772126541831,0.8621920893976036
core,1372,16.0,23.238216922258697,0.8913954050800135
core,1373,22.0,21.915082962264748,0.869465925266064
core,1374,18.0,19.990758025689004,0.8697426269897192
core,1375,18.0,21.844829959563526,0.8489555663538917
core,1376,18.0,20.951189684467252,0.8590864277517203
core,1377,25.0,23.869069170710944,0.8585165931794874
core,1378,23.0,20.867220053098222,0.8718840206640679
core,1379,21.0,21.37000386627242,0.8724245158085289
core,1380,22.0,23.717860270738758,0.8886695193137988
core,1381,21.0,22.37725975162367,0.8747119864547854
core,1382,23.0,20.005746602697247,0.8541221327159354
core,1383,17.0,25.69247143334501,0.8518895930561499
core,1384,22.0,20.899673541867248,0.8696401801081254
core,1385,14.0,21.23695108435085,0.873674035309338
core,1386,21.0,21.777358756933715,0.871377118463432
core,1387,21.0,21.65431049977124,0.8668073128652776
core,1388,22.0,20.58268382660973,0.8680740147164411
core,1389,18.0,21.32232051669472,0.8756662473290914
core,1390,22.0,20.87645653940565,0.8704951643295571
core,1391,22.0,22.838652232767082,0.8760187811385067
core,1392,22.0,19.9983627027762,0.8891403298708795
core,1393,17.0,20.92960581390216,0.8690495542310646
core,1394,14.0,20.807463757689305,0.8666937132849186
core,1395,22.0,26.228437304863693,0.8384519302205158
core,1396,22.0,22.83288002317323,0.865586026602575
core,1397,14.0,22.66541279263449,0.8733203112717132
core,1398,14.0,24.726108637623337,0.8665621314423668
core,1399,23.0,21.800200030129727,0.849021853966305
core,1400,24.0,23.404444969191797,0.8405000176557234
core,1401,21.0,21.891687823952676,0.8797410564157013
core,1402,23.0,21.514448575591828,0.8717702164276326
core,1403,21.0,22.5675404432153,0.8795393150843043
core,1404,18.0,25.51401249927119,0.8585747910495012
core,1405,24.0,23.303007018968945,0.8638244370632977
core,1406,22.0,20.563503556316174,0.8684784873361222
core,1407,23.0,22.825494860217752,0.875663620848914
core,1408,22.0,23.314454490446032,0.8444272044622598
core,1409,22.0,23.87278107115289,0.8556762432234309
core,1410,15.0,22.23407645149358,0.8755640121141357
core,1411,15.0,21.793332941316613,0.8560329630371808
core,1412,18.0,23.165232347879748,0.870502614527243
core,1413,23.0,20.846320470823994,0.8814462832883654
core,1414,21.0,22.851131587434157,0.8575762775953344
core,1415,22.0,23.222513218324266,0.8712519172108993
core,1416,21.0,21.819469221143375,0.875445511577286
core,1417,15.0,24.564826292523655,0.8468952598099286
core,1418,16.0,24.66917401768099,0.8663651037296443
core,1419,18.0,22.362106924725087,0.8868963674710744
core,1420,20.0,21.94429702287381,0.8793841150469182
core,1421,14.0,22.29954323150246,0.8637170904594802
core,1422,21.0,25.267294979966263,0.8702813323721645
core,1423,15.0,21.856146942515903,0.8750342009635238
core,1424,22.0,21.98878415867875,0.8749836445609283
core,1425,15.0,24.614414990327862,0.8561632696693728
core,1426,15.0,21.378945475350086,0.8365001379111212
core,1427,23.0,23.323118316967296,0.871563767994266
core,1428,25.0,24.272066328811242,0.8641356061676926
core,1429,22.0,22.391051795567826,0.8686381098318066
core,1430,23.0,27.190103253833694,0.8636832028859608
core,1431,14.0,20.349416065501106,0.8306838374811398
core,1432,18.0,21.29809790941953,0.8645613488176797
core,1433,19.0,21.647885290796193,0.8395042634392019
core,1434,16.0,22.671472643601433,0.8701501218343317
core,1435,24.0,23.277350658293376,0.8553886382947508
core,1436,18.0,22.221777286904214,0.8538883682222083
core,1437,16.0,23.69796319423297,0.8494878464324771
core,1438,22.0,24.384716483847313,0.873180612845273
core,1439,24.0,21.364677302460752,0.8686603948203127
core,1440,15.0,20.55732268343258,0.8664913326096444
core,1441,18.0,22.268361112732777,0.8812489866269593
core,1442,22.0,21.74681759794328,0.8753141068839398
core,1443,15.0,21.652617386431693,0.8676930225722982
core,1444,15.0,20.92213426985639,0.8542591925084875
core,1445,15.0,21.79899667117854,0.89041897339513
core,1446,20.0,22.771510408430448,0.8704824103424245
core,1447,13.0,21.427060886190148,0.8632545111464978
core,1448,16.0,21.83619161974122,0.8739511358871961
core,1449,16.0,22.784672871982945,0.889192292400511
core,1450,16.0,23.662104333929683,0.8848249051597794
core,1451,21.0,21.899695834586087,0.8573153627527619
core,1452,20.0,17.901507395551498,0.8646085929283231
core,1453,25.0,25.28121570704543,0.8707890452592265
core,1454,18.0,22.84282146494204,0.8589465657850988
core,1455,22.0,23.236256063419454,0.8512590960643265
core,1456,19.0,21.432420380804338,0.8620918947916689
core,1457,16.0,23.78298550159251,0.8748921153635564
core,1458,24.0,23.728778771406954,0.8671968849474996
core,1459,22.0,23.82399391754878,0.8669001823842322
core,1460,21.0,21.365085530319227,0.8540551098361723
core,1461,21.0,21.353069618594464,0.8794445483985527
core,1462,23.0,22.304980540712407,0.8544838770582229
core,1463,23.0,23.762932714132795,0.8788392970112735
core,1464,15.0,19.83794801624057,0.8769479007737222
core,1465,15.0,21.89261198453314,0.8618035291436574
core,1466,16.0,27.594714503938626,0.8679977770940366
core,1467,21.0,20.417380317789004,0.8735552301047171
core,1468,23.0,26.627307888982944,0.8834785113692103
core,1469,21.0,24.04343310935823,0.8763876393808736
core,1470,22.0,22.79901136728707,0.8773052931934138
core,1471,23.0,23.23785859507749,0.844268749806856
core,1472,22.0,23.820588211019484,0.8771336866887562
core,1473,15.0,24.24931253981519,0.872569230755533
core,1474,20.0,19.954754958403246,0.881857419877305
core,1475,21.0,22.775921297909345,0.8556030042818146
core,1476,16.0,20.880881419843522,0.8685811018941139
core,1477,24.0,25.152218882247844,0.8615951522288032
core,1478,24.0,26.183728568950762,0.8745411642893093
core,1479,22.0,25.797095490915908,0.8592208488923809
core,1480,23.0,21.37955187833754,0.8467833848998902
core,1481,18.0,26.09504452331276,0.8831263546283866
core,1482,22.0,26.829986633511997,0.8699731718333092
core,1483,24.0,24.28058284392167,0.8771673885395339
core,1484,23.0,20.88767660431603,0.8740867416646589
core,1485,23.0,24.276511295990215,0.8722712279638583
core,1486,22.0,24.384664321963573,0.8933217274987582
core,1487,21.0,20.801029257120838,0.8818937045842368
core,1488,24.0,24.62449525374081,0.8568087685839985
core,1489,15.0,20.88372138609805,0.8967861519529734
core,1490,22.0,23.320658022049727,0.8664125071476944
core,1491,20.0,19.57708697371744,0.8609059826748702
core,1492,22.0,21.48634062065397,0.8748491927315336
core,1493,21.0,21.249262346909777,0.8825995492288213
core,1494,19.0,23.296508538126176,0.8650737646993625
core,1495,22.0,24.40334609429262,0.8461789964053011
core,1496,22.0,21.278330216765013,0.8566797873254173
core,1497,15.0,26.96638602157046,0.8584603034938394
core,1498,18.0,26.116254339942564,0.8721443235891329
core,1499,21.0,21.65805646198554,0.8704168944937672
core,1500,23.0,23.890848462048037,0.8854368080511343
core,1501,22.0,21.940397256428344,0.8781465613221637
core,1502,15.0,19.873700927766723,0.8687013767694188
core,1503,23.0,23.82462732559118,0.8468670165885415
core,1504,20.0,23.198660100286133,0.8659612258006933
core,1505,16.0,21.761473827022073,0.8865787703055924
core,1506,15.0,21.742245895931767,0.8559144856321494
core,1507,15.0,22.796614612829558,0.862725136570447
core,1508,22.0,21.96354208180341,0.8622333077330897
core,1509,19.0,24.229022468554035,0.8509968331935448
core,1510,24.0,22.810715989529587,0.8690176200194857
core,1511,22.0,24.791583818668958,0.8713067830951859
core,1512,21.0,22.34475694531116,0.8730058402695791
core,1513,18.0,23.7785641721974,0.8810194776515825
core,1514,13.0,22.378268507006474,0.8581935022347343
core,1515,22.0,23.47010570449851,0.8520133057524992
core,1516,16.0,22.750079387288228,0.8443796431063169
core,1517,14.0,19.88939366376735,0.8693124939774692
core,1518,14.0,18.521632031723968,0.869175463244009
core,1519,21.0,21.907749096602824,0.8726623916209828
core,1520,20.0,25.566062359633715,0.85570451908315
core,1521,15.0,22.27704872275041,0.8576303911490188
core,1522,24.0,23.79135543704146,0.8359091362148543
core,1523,22.0,25.735228610792298,0.8805383355215846
core,1524,25.0,23.75828198823577,0.8688927531879134
core,1525,23.0,22.391014735448174,0.8696185977271729
core,1526,23.0,24.282538219450963,0.8665597845235742
core,1527,17.0,20.28598019217372,0.8696650162457922
core,1528,22.0,22.669517845062042,0.8787264583065263
core,1529,14.0,20.767016887246346,0.8664050252355878
core,1530,19.0,21.821016824637404,0.8801823621391738
core,1531,21.0,20.918755292115915,0.8737891915032097
core,1532,22.0,22.3284864304986,0.8607448063616958
core,1533,16.0,20.961141267184136,0.860814407626697
core,1534,15.0,22.850595310754077,0.8660209966223323
core,1535,17.0,21.296461773524666,0.8644899628872986
core,1536,21.0,20.027682783634035,0.868464888241907
core,1537,18.0,17.721818033799916,0.8560702527899515
core,1538,14.0,22.702498337258945,0.8379200863192706
core,1539,18.0,23.721025948611153,0.8860494290332608
core,1540,15.0,23.20646927784483,0.87493279154045
core,1541,14.0,24.659307192859526,0.8507865004293036
core,1542,22.0,23.754049328915425,0.8611205178467041
core,1543,22.0,25.129154040077996,0.8659186362506534
core,1544,16.0,23.159041897646368,0.8741236428713044
core,1545,22.0,25.12751932111738,0.8600282238452304
core,1546,15.0,21.388374215490373,0.8586753492866948
core,1547,18.0,25.06146188919966,0.8746765358265958
core,1548,19.0,21.356063090712873,0.8609939905904633
core,1549,22.0,20.926649783980064,0.8720916544728329
core,1550,22.0,22.697217315576292,0.8835431406565466
core,1551,22.0,23.291702899249835,0.8731383898162398
core,1552,15.0,20.958254449528507,0.891004642369067
core,1553,20.0,23.80451253130993,0.8562769732829052
core,1554,19.0,20.340044808148164,0.8763723740742047
core,1555,22.0,23.732014142185598,0.8833731307028585
core,1556,14.0,24.6986418533247,0.8722297615535681
core,1557,21.0,27.6493859714682,0.8657020660928614
core,1558,22.0,21.5039052618869,0.8629449598672583
core,1559,22.0,21.860916073422292,0.8656783836241413
core,1560,22.0,21.92207702995545,0.8597802264209401
core,1561,15.0,22.358351439066816,0.8688464148822934
core,1562,25.0,22.939097356138387,0.8812602217208486
core,1563,23.0,23.360685333462893,0.8653863476192105
core,1564,15.0,21.788250337397105,0.8661430553670665
core,1565,23.0,19.950806956688872,0.8583534717959036
core,1566,22.0,22.83342143847688,0.8783175112338855
core,1567,17.0,19.877250733561596,0.8714564101773205
core,1568,24.0,24.31575044550655,0.8675251557550481
core,1569,21.0,20.938968708803063,0.8842016653323403
core,1570,23.0,20.926963817059068,0.8855262234314139
core,1571,22.0,24.267818359139245,0.8646399051628597
core,1572,22.0,26.068248825578493,0.8731947444625776
core,1573,23.0,21.876094451820858,0.8399130403879809
core,1574,21.0,23.319741404320908,0.8558900110598752
core,1575,15.0,22.265511459446966,0.8875208464475927
core,1576,16.0,24.772774509144284,0.8723620742212024
core,1577,22.0,21.33461935205775,0.8654356440297111
core,1578,19.0,22.14882587861266,0.8498852408400422
core,1579,17.0,18.5595695393818,0.8765553080966852
core,1580,18.0,20.408633909038162,0.8996790241480112
core,1581,25.0,23.807471159039356,0.8677795233516747
core,1582,15.0,22.765206726582733,0.8784387911452192
core,1583,25.0,20.41605220463135,0.8555914090630228
core,1584,17.0,24.67719190931925,0.8689027750796079
core,1585,14.0,23.72873017432851,0.8668628007809878
core,1586,19.0,24.497405962543837,0.8748282418580471
core,1587,24.0,23.8108274352727,0.8574122925952299
core,1588,18.0,19.076294615012163,0.8817898024652335
core,1589,21.0,24.80221660644279,0.8714437370561463
core,1590,22.0,24.262847546516436,0.8586441886455614
core,1591,23.0,23.89769476334344,0.8710725821812659
core,1592,16.0,23.19183228175371,0.8732457149766364
core,1593,21.0,20.446497057751188,0.8735199248825161
core,1594,15.0,22.15638812905369,0.8763142444894483
core,1595,15.0,24.241496584803755,0.8587739856073706
core,1596,22.0,21.267175759958928,0.8734639894036067
core,1597,24.0,24.262275825282916,0.8428016253986665
core,1598,21.0,22.766568680269035,0.8511695614855646
core,1599,15.0,24.133690699139365,0.8806641871064393
core,1600,18.0,22.3080084318592,0.8585084520992334
core,1601,20.0,24.608038929025412,0.8843953961367035
core,1602,21.0,22.85960133322557,0.8649546834271982
core,1603,14.0,22.781413705236208,0.8695341285297
core,1604,21.0,21.431115867783348,0.8688838884968886
core,1605,24.0,27.566771303397797,0.8515242642312342
core,1606,25.0,24.68356920375998,0.8798571256313669
core,1607,24.0,22.76023649054351,0.8649303458753097
core,1608,21.0,22.81711539205841,0.8651594742658737
core,1609,20.0,23.69292717772338,0.8735634771604783
core,1610,21.0,20.586295321054806,0.8433333166507528
core,1611,18.0,21.835824512551827,0.8795006316848082
core,1612,22.0,22.15846558127184,0.8703461627671953
core,1613,20.0,24.804208993929212,0.8708246382833641
core,1614,22.0,25.51842758583856,0.8608446722019221
core,1615,14.0,21.702857391167523,0.8737407074802155
core,1616,21.0,24.693031048815275,0.8683379237915558
core,1617,19.0,23.34504417587731,0.8541839291987063
core,1618,15.0,23.135795662042142,0.8657593044835183
core,1619,21.0,23.88690751197595,0.8786845853831748
core,1620,15.0,20.438978465966212,0.8603417715266811
core,1621,16.0,22.358643425372456,0.8693983266299716
core,1622,21.0,24.232848659158464,0.8798686689637567
core,1623,21.0,25.70565053381095,0.8592136284104057
core,1624,18.0,23.259966455579526,0.8698506849202501
core,1625,15.0,19.92572935742076,0.8693717255947697
core,1626,15.0,24.661484850225563,0.8644153031828468
core,1627,17.0,24.63862336485037,0.8681251354979458
core,1628,26.0,24.67232774581128,0.8883366691185643
core,1629,24.0,24.70003271520568,0.872633413264263
core,1630,12.0,25.54548901642221,0.8563917341319929
core,1631,15.0,22.7733063862386,0.8682752956028671
core,1632,14.0,22.752992174042312,0.8656764244856126
core,1633,14.0,20.73498086540054,0.84697600786818
core,1634,16.0,20.87653762676046,0.8748607719137287
core,1635,15.0,21.812174674735395,0.8927468335080853
core,1636,23.0,26.631953081605154,0.8551460635424899
core,1637,24.0,22.930463241946207,0.8737716130376881
core,1638,16.0,18.581892423656274,0.8864991102690976
core,1639,21.0,25.317452563217067,0.8779921321857896
core,1640,21.0,22.861107407042493,0.8635937348141578
core,1641,27.0,25.149159633393168,0.8610792620852847
core,1642,20.0,22.33590853282988,0.8722197125266238
core,1643,23.0,24.518014871173783,0.8576885238894179
core,1644,15.0,22.670472346169234,0.8622617329973737
core,1645,22.0,24.836579503038244,0.8559022471808284
core,1646,16.0,24.696205759309056,0.8849463176840826
core,1647,22.0,23.123370031740933,0.8642910116441591
core,1648,24.0,21.35822468430609,0.8641588276798606
core,1649,19.0,23.8357573071478,0.8604159371692022
core,1650,22.0,27.03579429503187,0.8784965344024662
core,1651,21.0,22.854623116098868,0.848376036201894
core,1652,14.0,22.830713577290137,0.8626231413677173
core,1653,15.0,22.77636498172996,0.8698292476792584
core,1654,21.0,23.332605790523683,0.8807940627225921
core,1655,21.0,25.569299648457815,0.8691278016475649
core,1656,16.0,22.642344603091576,0.8827626272415359
core,1657,15.0,25.159172223251616,0.8770130526164314
core,1658,21.0,25.29406134899365,0.8700143655867455
core,1659,15.0,22.735482682463726,0.8664150826851834
core,1660,16.0,22.760812326618844,0.8631777529999469
core,1661,22.0,21.886488293161495,0.8599526742713317
core,1662,16.0,24.325234299450297,0.8829412959270655
core,1663,18.0,19.338675919435193,0.8525373084532596
core,1664,22.0,23.68855328741147,0.8545457345433579
core,1665,20.0,23.426063730910055,0.8519308873667809
core,1666,14.0,22.153259498264436,0.8573098822341698
core,1667,15.0,24.183948432960545,0.867652241556433
core,1668,22.0,26.50450135205504,0.8543669609858728
core,1669,19.0,21.47373322798739,0.8637792748778016
core,1670,16.0,20.856132489103157,0.8763960018982737
core,1671,23.0,23.191534909255264,0.8668085350379089
core,1672,15.0,24.60774784221679,0.8523259667135419
core,1673,14.0,19.331051180514503,0.8623774624021626
core,1674,22.0,23.87066059251945,0.8610701353110296
core,1675,18.0,21.26902114410418,0.8694985204992101
core,1676,23.0,24.617838033942036,0.8629111245712084
core,1677,23.0,22.764625205978525,0.8652614355882124
core,1678,15.0,22.306834132987902,0.8609163625603277
core,1679,23.0,23.221288914044365,0.8781817324690201
core,1680,15.0,20.960327972087484,0.8648072793228254
core,1681,23.0,23.25641799357993,0.864424163937801
core,1682,21.0,25.124568075238177,0.8617356857128675
core,1683,17.0,26.212699492770884,0.8572888945401145
core,1684,22.0,21.917028550563845,0.8501799469828578
core,1685,23.0,23.358199625070085,0.8693424922590676
core,1686,19.0,19.889418511304132,0.8707140663528428
core,1687,18.0,24.559782832300158,0.8526904671311373
core,1688,15.0,21.344175772734225,0.8578856416487628
core,1689,15.0,22.299619882562453,0.8659789471499277
core,1690,19.0,21.676531156741095,0.868341883864711
core,1691,21.0,23.202827026219843,0.8738392268713238
core,1692,14.0,27.012486546884215,0.8863665310967646
core,1693,23.0,23.17840355363251,0.8632267140912161
core,1694,21.0,24.214298418318425,0.8774508749770513
core,1695,17.0,21.31198924968273,0.8509784249972474
core,1696,19.0,20.470014900552957,0.868576420305636
core,1697,18.0,21.16300622376593,0.8777029668835655
core,1698,22.0,24.663448355163865,0.861491164601123
core,1699,22.0,24.257419096396035,0.8564434692865548
core,1700,15.0,25.150332343288785,0.8611311895182896
core,1701,19.0,20.75673927899887,0.881423555771996
core,1702,22.0,25.263949824944966,0.8855207576822901
core,1703,23.0,22.44955109662367,0.8507215051302005
core,1704,24.0,22.848112853543988,0.8676979420576953
core,1705,25.0,22.512234091164995,0.8620119853665202
core,1706,14.0,24.17306928780719,0.8582492434518934
core,1707,16.0,23.67799542501386,0.8812149754390104
core,1708,22.0,23.24497911447125,0.8653432501411689
core,1709,15.0,24.776916179240526,0.8560500932205062
core,1710,15.0,24.653009225898685,0.87801662941982
core,1711,26.0,22.74304144500275,0.8566334417872976
core,1712,20.0,23.72834182645482,0.8518054540992952
core,1713,21.0,22.23768872823626,0.8611032357539619
core,1714,15.0,20.44764703464867,0.8844676554104647
core,1715,16.0,24.95464068246948,0.8684837417329012
core,1716,16.0,22.662749729717447,0.8664009505208992
core,1717,21.0,22.859333859793235,0.8771449266954312
core,1718,22.0,20.537730931689754,0.8613610713695371
core,1719,16.0,26.577204840887077,0.8782071567485896
core,1720,15.0,22.234959027023358,0.8643537135484646
core,1721,15.0,24.090366529447326,0.8701943365857405
core,1722,17.0,20.74703456252622,0.8561484821756511
core,1723,22.0,19.490320163443194,0.8511966429105969
core,1724,18.0,24.665025842324024,0.868903756851183
core,1725,16.0,23.712495508686064,0.8636544151104293
core,1726,16.0,23.232971577944728,0.8951519867053439
core,1727,15.0,20.82226016783264,0.8719323158222705
core,1728,25.0,21.886274760057162,0.8738859022650571
core,1729,15.0,24.579599258340572,0.8626428451908467
core,1730,22.0,24.713821773922465,0.8582607743781188
core,1731,22.0,23.27360871326315,0.8765452252260565
core,1732,14.0,18.974720457942993,0.8690457638000124
core,1733,15.0,24.643174443084288,0.8572313976109831
core,1734,20.0,21.297831097959257,0.8714234423144205
core,1735,21.0,22.35107793132224,0.8394970485583648
core,1736,17.0,22.27971768318938,0.8784976029123376
core,1737,15.0,21.38222379783721,0.8661161744542476
core,1738,21.0,25.344206256885265,0.8587533049003943
core,1739,15.0,19.926208419407395,0.8635064923442821
core,1740,24.0,22.38900848544837,0.8651576500729594
core,1741,14.0,21.702179109791437,0.8622985813412571
core,1742,22.0,22.2522138022425,0.8664702154785922
core,1743,22.0,21.426939893091706,0.8686538451969426
core,1744,15.0,24.761487379933065,0.8585832502588561
core,1745,22.0,22.717749105612405,0.8734609162927458
core,1746,22.0,24.304735727594956,0.8592421036269604
core,1747,22.0,24.652606081720872,0.8698883514013336
core,1748,17.0,23.750420982812045,0.8607870805532698
core,1749,24.0,25.683495536067372,0.8596485153796428
core,1750,14.0,23.216418049321113,0.8675909006178764
core,1751,18.0,20.994370144707297,0.8769860493076156
core,1752,22.0,28.012509501633712,0.8552405279310091
core,1753,25.0,22.273094799717647,0.8552906349960321
core,1754,15.0,25.046259966851718,0.8760303915052314
core,1755,22.0,21.036030364117174,0.868498102498102
core,1756,22.0,23.644995252671,0.8682367447647585
core,1757,21.0,26.67898094853907,0.8468127186618282
core,1758,23.0,23.62505069464572,0.8452994156235358
core,1759,21.0,25.49875709025621,0.8635603373772827
core,1760,22.0,23.816631926824765,0.8749252669365915
core,1761,20.0,24.74162743419147,0.8819118918379281
core,1762,23.0,19.604424917221504,0.8717757519172709
core,1763,24.0,23.773848844196838,0.8675218272211327
core,1764,22.0,23.211333066267635,0.865780939866617
core,1765,22.0,21.471264999975293,0.8653662240049578
core,1766,23.0,24.236929263735664,0.8480545503348041
core,1767,21.0,22.31092782726407,0.868944004992964
core,1768,22.0,22.49170687861559,0.8576348295731031
core,1769,24.0,23.71590251268498,0.8697988579949789
core,1770,18.0,24.29946979450529,0.8464528209431462
core,1771,14.0,23.763422429351966,0.8752984611838317
core,1772,15.0,24.742832705691335,0.8593912238268069
core,1773,16.0,22.253737070486324,0.8754527119269588
core,1774,15.0,24.85238288815258,0.8767562808718152
core,1775,20.0,21.895336904130893,0.8668340757749916
core,1776,23.0,26.783699611567574,0.8858738752276782
core,1777,22.0,21.858450711230184,0.8652784414845309
core,1778,22.0,22.76995938499974,0.8735557036169853
core,1779,22.0,21.882261219585217,0.8629235359673512
core,1780,15.0,23.20920460702731,0.8612678120730344
core,1781,22.0,21.894691748226307,0.8631203187091423
core,1782,17.0,24.23257947434574,0.8751248425698898
core,1783,22.0,21.274414761547842,0.861474729017416
core,1784,24.0,23.211043718441985,0.8545813591778857
core,1785,23.0,24.247796565920602,0.8594603137696646
core,1786,24.0,22.90625566929484,0.8685027980505184
core,1787,15.0,21.74432671654265,0.8550001930105204
core,1788,22.0,26.082934587271033,0.8554348333397894
core,1789,23.0,25.05636409417097,0.8673213228733471
core,1790,20.0,22.444382940557077,0.8796420694365379
core,1791,15.0,23.724410546180845,0.8503746502993721
core,1792,22.0,22.30811128585787,0.8695573895074291
core,1793,22.0,24.702790355105797,0.8819871866101054
core,1794,22.0,21.01277370646531,0.8536312292830419
core,1795,20.0,22.325447887413414,0.848346929862076
core,1796,20.0,22.819735535995765,0.8702689630949492
core,1797,19.0,20.84668054066633,0.8447951804490945
core,1798,24.0,23.265911562246433,0.8613509959745949
core,1799,18.0,23.091037634468936,0.8748770569358888
core,1800,17.0,20.744739942368714,0.8685234724351238
core,1801,22.0,24.602479355992504,0.8865663125470641
core,1802,24.0,25.3307441097052,0.8811118631146775
core,1803,20.0,23.846634844278043,0.8739100719529949
core,1804,27.0,24.234064585363267,0.8543708782177601
core,1805,16.0,21.43965832236265,0.8798480224568794
core,1806,15.0,23.753110197549386,0.8547571889868542
core,1807,22.0,20.054428980489632,0.8710693084688361
core,1808,23.0,21.404270891854843,0.8733837433059707
core,1809,14.0,22.2592149996615,0.8555975320090788
core,1810,22.0,22.74486036205097,0.8708866606542651
core,1811,21.0,23.20707954897668,0.8787614785082076
core,1812,21.0,21.88311190089256,0.8567022835924831
core,1813,18.0,21.51381602261371,0.8903106929535507
core,1814,15.0,23.25865305794989,0.8589326371995188
core,1815,22.0,21.855559236534834,0.8563018130217442
core,1816,22.0,22.83116743663201,0.8746592922835031
core,1817,26.0,26.11608164214382,0.8648426577052258
core,1818,23.0,24.176568300891752,0.8669322759039054
core,1819,16.0,24.234854939415136,0.8624192334090401
core,1820,14.0,21.312325893978045,0.8665684867750314
core,1821,15.0,21.505177439984266,0.8754668569544679
core,1822,24.0,20.42416935553887,0.8616152190119937
core,1823,16.0,22.85737859508623,0.8491943119666849
core,1824,16.0,20.880789167940407,0.8630806632991499
core,1825,17.0,23.111648989760788,0.8682336619994437
core,1826,19.0,23.778107647193508,0.8603247435151581
core,1827,22.0,21.875543770380663,0.8797507176066288
core,1828,22.0,22.99114444959021,0.8808566328764624
core,1829,26.0,27.762867794244457,0.8546976954336702
core,1830,15.0,20.288175330304988,0.8624935852166012
core,1831,15.0,23.639218109287427,0.8895528939076764
core,1832,17.0,17.518281794171767,0.8752537712529362
core,1833,23.0,21.400434104554915,0.8590129187619635
core,1834,18.0,23.326885177616106,0.8749243965893855
core,1835,18.0,22.569573564209275,0.8662840375665462
core,1836,14.0,22.702541200217507,0.8789020599023492
core,1837,21.0,24.62430088983063,0.8662348677975273
core,1838,21.0,23.680016151417874,0.8698211733936363
core,1839,21.0,23.18978826727095,0.8639542633753117
core,1840,15.0,21.367575856920862,0.8811890032907077
core,1841,18.0,20.79911205219155,0.8621638451550715
core,1842,15.0,20.876725191471415,0.8893475945138214
core,1843,21.0,20.919304609427776,0.8746245241582206
core,1844,21.0,23.65716333524291,0.871512564855124
core,1845,21.0,24.56650393468151,0.8588509546742523
core,1846,18.0,20.435778418998517,0.8509676556784829
core,1847,17.0,23.310949648379392,0.897970336274599
core,1848,16.0,20.83998242157034,0.8752430883173432
core,1849,16.0,21.916194548440668,0.874108355029797
core,1850,15.0,21.348535420516612,0.8722575027431695
core,1851,21.0,21.76799856001758,0.8786523087243949
core,1852,22.0,19.483222662091134,0.855655799644722
core,1853,15.0,22.8331127322578,0.8781990970748861
core,1854,14.0,21.919756360977374,0.8571882128456898
core,1855,20.0,19.989153782700384,0.879556853260679
core,1856,25.0,22.781523262583462,0.8502247973588478
core,1857,15.0,20.330602921734016,0.8780975787629809
core,1858,16.0,25.164968084057264,0.8792754220260756
core,1859,20.0,19.923419186433442,0.8769972686701043
core,1860,20.0,23.371405521538907,0.8681937404552522
core,1861,20.0,21.42190717849854,0.8615545448399807
core,1862,21.0,25.205116564187676,0.8605246125941048
core,1863,15.0,21.91707942434123,0.875317221078124
core,1864,23.0,24.723043939937796,0.880714318835115
core,1865,22.0,25.076739605082405,0.8762020266100576
core,1866,22.0,19.05875586928762,0.8650965957872878
core,1867,14.0,23.72552143312535,0.8539496687139606
core,1868,15.0,24.2784612818812,0.8597888400989919
core,1869,20.0,19.95444122041252,0.8702497381350194
core,1870,15.0,20.41192132880348,0.8778671478953732
core,1871,22.0,22.8160705661808,0.8713126656433894
core,1872,19.0,20.041497776220975,0.8639842519916041
core,1873,24.0,24.413009333695683,0.8587582766886733
core,1874,25.0,23.343709050834725,0.8658293781116775
core,1875,15.0,18.49427964729408,0.8769800539638674
core,1876,15.0,24.23443823273757,0.865676897396535
core,1877,15.0,23.265095679544682,0.8746012760098618
core,1878,20.0,23.13098982367302,0.8590765904695128
core,1879,17.0,20.749831442649047,0.8707216066327466
core,1880,22.0,21.871493119528147,0.8842787985763931
core,1881,14.0,23.03726270754951,0.8689886565432625
core,1882,15.0,25.571852825330087,0.8513270074520957
core,1883,20.0,24.71651217074026,0.8531659814672172
core,1884,21.0,21.997199880648658,0.8635230351893777
core,1885,18.0,25.065224810263754,0.8663163204499893
core,1886,22.0,22.791501218243525,0.8666981268006655
core,1887,16.0,22.890980830357528,0.8676515510191154
core,1888,22.0,23.74920794479397,0.8801097008337038
core,1889,22.0,24.191994961709135,0.857645610924342
core,1890,15.0,24.57121108697298,0.8830941974048576
core,1891,13.0,19.8006444758747,0.8819087082697711
core,1892,20.0,21.305749964778332,0.8664418393298995
core,1893,18.0,22.188883473389385,0.8706597667610292
core,1894,23.0,21.361369963343954,0.8637246513709194
core,1895,15.0,25.04916671050932,0.867817218947476
core,1896,21.0,22.45665196188933,0.8422600424224689
core,1897,21.0,22.6829232602851,0.8781332269418025
core,1898,21.0,22.27427356674155,0.860318030153024
core,1899,22.0,21.762125523151607,0.875298311965155
core,1900,17.0,23.213300711631252,0.8606810569626429
core,1901,22.0,18.570253178635205,0.8758634384877682
core,1902,15.0,22.84943061238245,0.8753763550160012
core,1903,18.0,17.93470436209371,0.8673692641860147
core,1904,14.0,24.275014281797926,0.8612250402119106
core,1905,16.0,23.294746536242236,0.8560415263752716
core,1906,14.0,24.200828966982193,0.8565638027323828
core,1907,25.0,27.982065766380316,0.8559614332811954
core,1908,23.0,21.791532567828106,0.8629959337191155
core,1909,23.0,25.112461858914862,0.8760231298892285
core,1910,15.0,21.76597305366681,0.8638033705604515
core,1911,16.0,24.61193568825481,0.8544611561233253
core,1912,15.0,20.312321924881985,0.878612291353845
core,1913,14.0,20.832345527663414,0.8768190870120387
core,1914,24.0,21.859831572268224,0.8597478766100656
core,1915,22.0,23.755522048508737,0.8512796960622391
core,1916,23.0,23.20855939869035,0.8666797179262304
core,1917,14.0,21.68888437372336,0.8573014106234037
core,1918,20.0,18.62564764808191,0.8708229991656802
core,1919,16.0,22.305429586036578,0.8516135952025297
core,1920,23.0,22.29771500004658,0.8654534717567108
core,1921,18.0,21.41812231409033,0.8602560793624856
core,1922,15.0,22.24992805384732,0.8802422872941824
core,1923,17.0,20.854537191751643,0.8637867061737485
core,1924,23.0,23.70518767155506,0.8638498341909262
core,1925,20.0,23.12788642854265,0.8559713039273584
core,1926,21.0,23.7435594968012,0.862092607517608
core,1927,23.0,22.9558851487442,0.8706448572701335
core,1928,12.0,17.997922816635676,0.8777352537097647
core,1929,16.0,23.246715991064658,0.8677826040221261
core,1930,16.0,26.987463184933883,0.8571407667962692
core,1931,22.0,22.860262623305346,0.872388664155184
core,1932,16.0,20.147010817047196,0.883626536317929
core,1933,21.0,23.210853766298246,0.8605709969748054
core,1934,15.0,22.303533728654266,0.8613608815581734
core,1935,21.0,22.809028388175268,0.8475190789410685
core,1936,22.0,23.826078935498504,0.8665534795413761
core,1937,15.0,19.86140978438195,0.88877167088701
core,1938,17.0,23.672153149713495,0.8666788704148545
core,1939,22.0,28.04798848838475,0.8703189933893465
core,1940,14.0,23.359913629339133,0.8494781660779055
core,1941,22.0,24.16876539520909,0.8687836773305712
core,1942,22.0,26.72665096455084,0.8418834240148398
core,1943,21.0,22.806978562755155,0.8648668123102431
core,1944,22.0,25.70070285797556,0.8817258325393059
core,1945,24.0,22.85912040407995,0.8607689622881376
core,1946,20.0,23.62181928973631,0.85981412994871
core,1947,17.0,21.82910470741322,0.872921683751726
core,1948,22.0,21.058126043036193,0.870553734270817
core,1949,15.0,23.664229635864295,0.8618655740226657
core,1950,21.0,24.812678620975337,0.8526654597067842
core,1951,22.0,20.876447634687068,0.8695589389484087
core,1952,22.0,22.857757302652303,0.8664820543142868
core,1953,22.0,24.578219068536196,0.8602435376752613
core,1954,21.0,23.330870529021304,0.8628730129730033
core,1955,19.0,22.377111946333358,0.8575947907139331
core,1956,18.0,22.304600569749166,0.839510418410933
core,1957,24.0,23.286938946692423,0.8591863639944699
core,1958,22.0,21.808807417414624,0.8744953799664337
core,1959,24.0,24.178891966835035,0.8389843646254075
core,1960,22.0,20.484282086735615,0.8808482632577439
core,1961,16.0,23.901973440907398,0.8540069436366963
core,1962,22.0,22.343528045641733,0.8770108775271118
core,1963,16.0,21.466748439204853,0.8822696196646755
core,1964,21.0,26.609858006985615,0.8817037745785781
core,1965,24.0,24.708594572448167,0.8501370830321362
core,1966,15.0,20.936499350182302,0.8731651846754622
core,1967,22.0,27.138872034430783,0.8710184773815637
core,1968,21.0,24.221670883073717,0.863416537198366
core,1969,18.0,20.815590631014814,0.862878408341682
core,1970,23.0,23.222996205561767,0.8586598774373062
core,1971,17.0,21.835396957737224,0.8728569972145621
core,1972,22.0,21.803800129327335,0.8921304777868998
core,1973,22.0,22.723788850070587,0.8672315088073188
core,1974,14.0,21.372553646238085,0.8603805046157286
core,1975,16.0,22.620801632270744,0.8522112810970413
core,1976,16.0,20.820605519369956,0.8506843203939558
core,1977,23.0,21.477331406319443,0.865177356470016
core,1978,15.0,24.683330241473495,0.8525350240812307
core,1979,15.0,18.564745181106094,0.8694090048915193
core,1980,24.0,22.771831480732324,0.8642513771583229
core,1981,23.0,23.18872468106677,0.847570590464392
core,1982,16.0,23.637682713408648,0.8807667036257774
core,1983,23.0,23.304494548365945,0.8733033879118351
core,1984,22.0,25.34122473444407,0.8776468955815315
core,1985,21.0,23.691700511658507,0.8925178405102505
core,1986,14.0,24.610282870860278,0.8869824785897795
core,1987,15.0,20.853286857833922,0.8616661187724524
core,1988,18.0,19.923488518371258,0.8745774747665451
core,1989,15.0,24.73468447655316,0.8539187809562063
core,1990,16.0,21.437654137458267,0.8799362842367788
core,1991,24.0,23.731681651863436,0.8498439595499417
core,1992,22.0,23.723872726944997,0.8600521306977014
core,1993,22.0,24.208951105861694,0.872005216413942
core,1994,22.0,23.303024442603128,0.8696608226257516
core,1995,21.0,22.39241187241527,0.8625862758915704
core,1996,23.0,21.414187958899774,0.8834540364536196
core,1997,22.0,24.243704623095383,0.8623615281211681
core,1998,22.0,21.364490363221762,0.8623273249226795
core,1999,14.0,26.08098721211038,0.8690994392414808
core,2000,21.0,19.876867577157235,0.8670038404458348
core,2001,21.0,22.92531003964464,0.8683117993765375
core,2002,21.0,20.888625440293517,0.8676016034532061
core,2003,22.0,21.389771328873724,0.8543706996450757
core,2004,20.0,22.665305379208263,0.8672619160672964
core,2005,15.0,18.885885051651602,0.8788525463517871
core,2006,17.0,25.11232744910346,0.8659222584210933
core,2007,15.0,22.261845220221815,0.8834443541852376
core,2008,22.0,22.3611498954081,0.8729493891512734
core,2009,23.0,24.77466404465993,0.8522202836993451
core,2010,18.0,21.815145813799816,0.8887509937351676
core,2011,15.0,22.29194426561149,0.8562037713973507
core,2012,15.0,22.92694743705647,0.8507008229575671
core,2013,21.0,25.659065372736332,0.8512655293105333
core,2014,15.0,23.183405691101445,0.8759169888348629
core,2015,24.0,23.265733422497583,0.8653107056234419
core,2016,21.0,23.82685976441425,0.8759436743102892
core,2017,22.0,23.10602223296762,0.8835621960989896
core,2018,14.0,22.222646859830412,0.8569144991284401
core,2019,23.0,21.03809345843513,0.8492758566502697
core,2020,21.0,24.244080976717026,0.8642102808797603
core,2021,13.0,21.36635582638321,0.8660585310183198
core,2022,13.0,26.55346144314158,0.8623893079615423
core,2023,21.0,19.108394800800518,0.8931614045011911
core,2024,22.0,21.91900876661761,0.8724236624574815
core,2025,21.0,25.2260544159347,0.8681591392598468
core,2026,17.0,19.977806154628727,0.8684585788490282
core,2027,15.0,19.94870083144027,0.8809704989461253
core,2028,21.0,21.88637463108583,0.8809894517322047
core,2029,15.0,21.752007358577167,0.8504050762735105
core,2030,22.0,21.437585397150894,0.8614047035249859
core,2031,21.0,23.29206863276646,0.8514362834253637
core,2032,22.0,24.81678138683061,0.861664900680821
core,2033,22.0,23.42681252952555,0.8605055628065563
core,2034,24.0,22.784388310092186,0.868909629062573
core,2035,22.0,26.07357564073245,0.8586868070090835
core,2036,23.0,25.583246507546406,0.8821671886662783
core,2037,22.0,23.275799805021823,0.8543582622645651
core,2038,16.0,23.34230621989707,0.8644665421575368
core,2039,14.0,24.462230423319163,0.8634709265109227
core,2040,16.0,23.22850341246542,0.8678310956664469
core,2041,22.0,23.278871938350722,0.8517792636471115
core,2042,24.0,21.41653881365567,0.8456811516082448
core,2043,15.0,23.341023124954482,0.8593786745097225
core,2044,22.0,24.35403682029691,0.8855407687991359
core,2045,18.0,21.256115520711045,0.8670231416438188
core,2046,22.0,20.928651749322942,0.8686381379508699
core,2047,15.0,24.13746861244269,0.8873081224680358
core,2048,16.0,23.17471134208173,0.8471745415368458
core,2049,22.0,24.804578053434696,0.8652538247168851
core,2050,16.0,19.543607270898878,0.8761130229810261
core,2051,16.0,21.354807837812917,0.874131856554839
core,2052,15.0,22.312046821164017,0.8616083727264703
core,2053,21.0,22.795584434470204,0.8699634245196026
core,2054,21.0,25.80152848723609,0.8763830612543466
core,2055,24.0,25.21274563364497,0.8633691206925695
core,2056,18.0,21.852491606030807,0.8449211764267418
core,2057,22.0,23.35373068010727,0.8668682801810548
core,2058,22.0,21.44233354605726,0.8740113852058367
core,2059,13.0,21.372827929706965,0.8733074381601172
core,2060,22.0,20.511458253051885,0.8793388942365762
core,2061,18.0,22.299538503496464,0.8847267493010121
core,2062,22.0,23.897258287418804,0.8666368564435113
core,2063,22.0,21.788337265744545,0.8694183288005277
core,2064,17.0,21.36467576170676,0.8810579515578454
core,2065,15.0,27.655687560449348,0.8590379683555142
core,2066,24.0,25.687715299049348,0.8594507795480497
core,2067,22.0,22.369857193717678,0.8687570231959908
core,2068,18.0,24.954745892755756,0.8586907165561878
core,2069,16.0,22.401681126272553,0.8797143520317381
core,2070,23.0,24.26359288086479,0.855581959301446
core,2071,15.0,24.24040638651119,0.8755864486166249
core,2072,23.0,21.821167639330884,0.8716981517722798
core,2073,21.0,23.897403362050532,0.8784388479107128
core,2074,15.0,23.15577965107023,0.8710755255750964
core,2075,20.0,21.397863603305534,0.8669584359991077
core,2076,22.0,23.45540196163455,0.8628493441720284
core,2077,22.0,21.85739225860083,0.8682827593472564
core,2078,22.0,20.37467130378715,0.8609773144911972
core,2079,22.0,23.75257053525498,0.8736447214923081
core,2080,21.0,19.98267563991015,0.8684024588673822
core,2081,19.0,24.11556585886954,0.8677011680320241
core,2082,15.0,21.93043939195714,0.8806195931290136
core,2083,22.0,24.746903643393434,0.8820570149886574
core,2084,20.0,20.866966216378678,0.8634431215501557
core,2085,22.0,21.344749570489288,0.8782133903612341
core,2086,15.0,23.756292522300917,0.8536951197366067
core,2087,24.0,23.733961049819175,0.8573362007443959
core,2088,23.0,24.236189956991456,0.8574245772545779
core,2089,16.0,23.306561014567674,0.8838386580989754
core,2090,22.0,20.91335743269291,0.876827459081511
core,2091,21.0,26.01040358800718,0.8587220907340518
core,2092,15.0,22.701409455113264,0.8568185392432652
core,2093,22.0,22.29768545920333,0.8558776594952067
core,2094,15.0,22.429216041405933,0.856844796361333
core,2095,24.0,19.45898585528084,0.8820704570885768
core,2096,26.0,26.590119929861455,0.8685188271301485
core,2097,22.0,20.8633739358493,0.8528149424390438
core,2098,17.0,21.85554404279366,0.8699930859951195
core,2099,23.0,25.624182388006293,0.8572301500143908
core,2100,15.0,20.435248694320258,0.8767799996854091
core,2101,15.0,22.743846776675174,0.8768613872168818
core,2102,16.0,23.659139584453886,0.8713334501148426
core,2103,15.0,22.823138973386296,0.8713286831883884
core,2104,24.0,22.384411950432185,0.8700465298194406
core,2105,22.0,22.847816621725794,0.8539119921797997
core,2106,15.0,22.884624415593464,0.875857843839458
core,2107,13.0,23.646311584791594,0.8725501855410965
core,2108,21.0,25.645197901003353,0.8818837761945946
core,2109,15.0,19.89673609004822,0.8636354772487658
core,2110,14.0,21.245242829616195,0.8778296500942718
core,2111,16.0,22.251536304704164,0.8543754714715304
core,2112,23.0,22.17710372905452,0.871466608406519
core,2113,19.0,19.38389411337952,0.8829622114289708
core,2114,20.0,20.901605500207303,0.8808422420775736
core,2115,17.0,21.222831189235713,0.856490974468149
core,2116,15.0,23.751139608200365,0.8740081813896241
core,2117,23.0,24.8495450196459,0.8680599363234904
core,2118,19.0,23.221701069889555,0.8508350392344324
core,2119,23.0,24.94874988847503,0.8788292254564254
core,2120,16.0,22.264633107785038,0.8705623667724965
core,2121,21.0,24.720039533297367,0.8622089937680917
core,2122,22.0,22.382329976210446,0.855226223494508
core,2123,23.0,21.91352024465971,0.8636668119154467
core,2124,16.0,22.903289380460752,0.868866833706655
core,2125,23.0,24.789789871869644,0.8690490117827392
core,2126,22.0,24.2158191687668,0.8759476392324107
core,2127,22.0,20.376614223188074,0.8661941090720815
core,2128,26.0,27.111374087177254,0.8582844397319083
core,2129,18.0,27.004253074669272,0.8616968191885901
core,2130,22.0,22.055788296249332,0.875358854263981
core,2131,23.0,24.86433701060834,0.8787424419445371
core,2132,23.0,27.24877238415556,0.855409763886808
core,2133,17.0,25.550852877004633,0.8454592598647288
core,2134,13.0,24.224936875359656,0.8377470213971628
core,2135,18.0,19.834913609876754,0.8681099401002403
core,2136,19.0,21.885845387512216,0.8700620720457255
core,2137,14.0,25.153518887550696,0.8680824149908579
core,2138,18.0,18.94569000528796,0.8726831634737581
core,2139,21.0,21.784547730458073,0.8691920908820117
core,2140,20.0,24.71695454991265,0.8607996433215374
core,2141,15.0,26.587054291604986,0.8824610428031365
core,2142,24.0,21.87884189377937,0.8723287743039331
core,2143,26.0,24.297661207828867,0.8571477180151639
core,2144,22.0,24.15076856178324,0.8838299941728676
core,2145,19.0,24.158531291992755,0.8695087268654791
core,2146,22.0,18.56639977035637,0.8838032240786429
core,2147,21.0,24.180605054800225,0.8778629605707111
core,2148,26.0,23.810215206354464,0.852768643274294
core,2149,18.0,23.21424129261519,0.8812282669912267
core,2150,15.0,24.54334476144771,0.8743573082314193
core,2151,23.0,23.792035989776195,0.8873132662122294
core,2152,13.0,22.24821412586941,0.8726725267946632
core,2153,23.0,22.339977503055138,0.8716235178980124
core,2154,19.0,19.94517009041334,0.8721399965299765
core,2155,23.0,23.72339392717102,0.8706831512047488
core,2156,22.0,23.347989940687782,0.8768440528374513
core,2157,21.0,21.942986642183417,0.8665189038110546
core,2158,22.0,22.785119476181244,0.8534289948738234
core,2159,22.0,23.812171916955002,0.8589835118091806
core,2160,24.0,20.918578735045404,0.8743578807408836
core,2161,14.0,23.598272390716247,0.8592080825774515
core,2162,21.0,28.904159174636305,0.8573206229419449
core,2163,19.0,24.248111690403544,0.859167886850239
core,2164,15.0,22.28814766790443,0.8830992187569726
core,2165,19.0,20.34392569646564,0.8740521979318994
core,2166,22.0,23.7444627984148,0.8837218317329327
core,2167,21.0,21.43043245300028,0.8714060301848405
core,2168,14.0,21.153650810731165,0.8839589020170474
core,2169,23.0,22.353493931364472,0.865145419410825
core,2170,19.0,23.72059599616056,0.8761492458211588
core,2171,14.0,21.30156828247999,0.8822888424765376
core,2172,17.0,23.16002529867746,0.8721576951820063
core,2173,21.0,22.008365982100756,0.8747759748637121
core,2174,21.0,25.061950887296334,0.8463750556341052
core,2175,21.0,24.665964830828187,0.8783497467944832
core,2176,22.0,25.20433046825495,0.862788210627867
core,2177,14.0,27.48109801417195,0.8574558061581878
core,2178,21.0,24.133500305232925,0.8559941004184399
core,2179,15.0,20.76696429675512,0.8708624251044497
core,2180,24.0,22.936111635595704,0.8654328841276582
core,2181,23.0,24.718599873222324,0.8682829669187287
core,2182,24.0,23.661863654914306,0.8595006288320504
core,2183,18.0,16.44978907166783,0.8631237050345638
core,2184,18.0,22.68872728724176,0.8499949146306154
core,2185,21.0,22.82965655272965,0.8778276402695862
core,2186,17.0,21.382601452978754,0.8523763041669152
core,2187,20.0,19.96845614330211,0.8999677100762988
core,2188,15.0,20.783076996081178,0.8553565238432534
core,2189,22.0,28.102444045431387,0.8653196605732418
core,2190,15.0,22.17432393560817,0.8740832244464145
core,2191,15.0,19.37430477893263,0.8544223971151579
core,2192,19.0,22.34906053682613,0.8915735419887756
core,2193,18.0,20.31842190544943,0.8755352936190401
core,2194,16.0,22.2141069952254,0.8618378473932473
core,2195,24.0,22.483283470654747,0.8650195819145929
core,2196,16.0,22.416448223095564,0.8663315403973841
core,2197,21.0,23.84431179407011,0.8657472315216419
core,2198,15.0,21.648532067662988,0.8593097362823932
core,2199,22.0,24.718442239185503,0.8808050030557145
core,2200,22.0,22.008051096021973,0.8622700077863772
core,2201,16.0,20.043052204264388,0.8922136762444091
core,2202,15.0,24.250239212369117,0.8414580444036139
core,2203,21.0,21.790302494125783,0.8678222182155954
core,2204,19.0,22.72367502325843,0.8534214908453339
core,2205,22.0,24.28905382579878,0.8676726387402374
core,2206,16.0,23.700654889094046,0.8458754806661231
core,2207,21.0,22.764000361728986,0.8659328343556112
core,2208,22.0,21.944497673681592,0.8770099067787851
core,2209,23.0,21.944186805019275,0.8695539810298897
core,2210,16.0,23.209130052135002,0.8557848123941099
core,2211,23.0,26.924775485137427,0.863793273843776
core,2212,21.0,21.960628773042913,0.8775412283614263
core,2213,21.0,22.773278663714112,0.8676703466725102
core,2214,22.0,23.23268433589832,0.8704181374440683
core,2215,22.0,23.355777722038646,0.8774493004313099
core,2216,17.0,24.186112183763097,0.8543641468700374
core,2217,22.0,25.602840953734148,0.8618350913806515
core,2218,16.0,23.925368217097095,0.8887719909313612
core,2219,21.0,24.19087673478103,0.8728103996690115
core,2220,16.0,20.389503798733504,0.8556193462706723
core,2221,16.0,19.541425618652795,0.8708037614222273
core,2222,22.0,24.189910405196443,0.8767870208410333
core,2223,16.0,21.394322212581937,0.8720479600582363
core,2224,22.0,24.537897809136,0.8554833216677729
core,2225,15.0,21.857587555593742,0.8712340786744532
core,2226,15.0,21.602276823627353,0.8532184670301057
core,2227,19.0,23.23294232870081,0.8763811976064131
core,2228,16.0,22.773727108513345,0.8650662998775474
core,2229,20.0,24.112529631162868,0.8692056701356067
core,2230,24.0,25.735359125201246,0.8670122702249914
core,2231,15.0,24.243426424235473,0.838467714598333
core,2232,18.0,22.30004312504515,0.8606211283114966
core,2233,23.0,21.793254600023573,0.8529516669847279
core,2234,22.0,22.222240358867584,0.8668113811159468
core,2235,21.0,21.385766669046557,0.8735673798759752
core,2236,24.0,22.802190334317594,0.8752023126949796
core,2237,22.0,22.925857403088898,0.861547159399502
core,2238,23.0,21.29566753373394,0.8741823928618149
core,2239,22.0,25.598303372184606,0.8572427099103045
core,2240,22.0,21.84702554679176,0.8476677840368567
core,2241,15.0,21.025457369690084,0.8621147288066284
core,2242,17.0,24.18247379474071,0.8680113702154186
core,2243,20.0,20.386401310005184,0.8697529473268464
core,2244,16.0,24.793170727522806,0.8589622593086621
core,2245,18.0,19.902941120969338,0.8836406858045296
core,2246,24.0,23.880903329192847,0.8704840659367803
core,2247,24.0,23.784646617159055,0.8476646125262668
core,2248,16.0,21.305015357106814,0.8838636211362333
core,2249,22.0,23.751598690238815,0.8706902120215255
core,2250,24.0,23.419929294934484,0.8746023958648488
core,2251,15.0,24.143361769330983,0.8562575986570139
core,2252,22.0,21.875157132647328,0.8805355267739188
core,2253,24.0,23.22361071306999,0.8406643318935274
core,2254,15.0,23.184670034175102,0.8791105109636841
core,2255,19.0,23.316761426651695,0.8770916119998331
core,2256,22.0,22.867174144136825,0.8567007866198224
core,2257,22.0,23.094544139504222,0.8720410005198171
core,2258,16.0,21.364327029606354,0.8646103161553281
core,2259,18.0,28.4658643330338,0.874922987631616
core,2260,21.0,21.87068227638413,0.8877203641658605
core,2261,20.0,22.75627587737654,0.8755486893124957
core,2262,15.0,23.71009790731288,0.8680140379756925
core,2263,15.0,23.229564782241507,0.8660495105121164
core,2264,22.0,21.351664609296417,0.852695545860499
core,2265,13.0,21.83754334156109,0.8728319111545597
core,2266,21.0,24.423135544792224,0.879029786858845
core,2267,11.0,20.791867355341147,0.8611575297795179
core,2268,22.0,21.888386537438677,0.85490865828678
core,2269,22.0,21.33089023387856,0.8657403777964536
core,2270,21.0,24.74155385285189,0.8819191092288042
core,2271,22.0,22.322213636541104,0.8818746350426337
core,2272,21.0,18.585769384694355,0.8960822886311465
core,2273,20.0,22.760795353274084,0.8777657509459398
core,2274,21.0,25.708040180101438,0.8552043164003933
core,2275,22.0,22.359305217705494,0.8700667363384446
core,2276,14.0,21.329594734670117,0.8751337932472356
core,2277,22.0,20.805702689313126,0.8589960546946731
core,2278,21.0,23.240997359600694,0.8633625712640072
core,2279,22.0,19.05946491717351,0.8758239837695205
core,2280,24.0,22.25413261476338,0.8503162076623607
core,2281,14.0,20.828776065634326,0.8456194434638802
core,2282,18.0,20.51822542172301,0.8521315332993487
core,2283,15.0,24.668661859544486,0.8761021717930095
core,2284,23.0,24.201191230830553,0.87022033545283
core,2285,22.0,22.7596435905443,0.8685742110038819
core,2286,21.0,23.716512000374472,0.8706949142190965
core,2287,16.0,20.81399994741417,0.8537489691785722
core,2288,23.0,25.215262210223905,0.8509964561745114
core,2289,22.0,22.41291619331071,0.8650245627379202
core,2290,15.0,19.98001535983211,0.8628531078473476
core,2291,15.0,23.042772931113287,0.871741974801614
core,2292,20.0,21.96953840029066,0.8594724027697824
core,2293,15.0,22.736793768099474,0.8857379769032776
core,2294,23.0,26.173778567961037,0.8789492850429055
core,2295,26.0,23.792387881216687,0.8560876237058439
core,2296,24.0,26.15866678278686,0.8837002102462486
core,2297,24.0,22.351502555964085,0.8604883132998034
core,2298,22.0,27.64232354434057,0.8514683702123482
core,2299,17.0,22.31076107691392,0.8692729547092459
core,2300,18.0,23.284457807402923,0.8672503630887305
core,2301,22.0,21.7578432017447,0.8717058491014156
core,2302,20.0,23.081230552193958,0.8687332478127381
core,2303,16.0,20.034978686426804,0.86228822651028
core,2304,14.0,21.70115403602188,0.8790541325119756
core,2305,15.0,21.81408167636568,0.8706017060782343
core,2306,24.0,30.608135914583755,0.8523191825020162
core,2307,22.0,22.807444915701304,0.8852255558177528
core,2308,22.0,23.76459327145732,0.8800204562997959
core,2309,16.0,22.34765057390852,0.8712028184165655
core,2310,14.0,20.876706783446522,0.8774516600066715
core,2311,21.0,23.317637154009912,0.8740272871481601
core,2312,22.0,21.462652894091494,0.8825648621523149
core,2313,18.0,23.276908754186604,0.8478545715457311
core,2314,21.0,21.823000597362434,0.878133979607009
core,2315,21.0,23.32635704988091,0.8695292762455143
core,2316,15.0,22.279220843262923,0.8851991032116622
core,2317,24.0,21.112941759241494,0.8903298506938682
core,2318,22.0,23.29544325245204,0.850688120330408
core,2319,22.0,23.30146755754385,0.8739625115827293
core,2320,20.0,21.836630210585096,0.878380826151073
core,2321,18.0,22.294304914162822,0.883705221477932
core,2322,14.0,22.746134918170068,0.8663701318882471
core,2323,21.0,21.88539340404029,0.8831181186256176
core,2324,21.0,28.084235274264756,0.8687340074555525
core,2325,18.0,24.175650951826043,0.8585496623765316
core,2326,24.0,25.683822555328472,0.8645215232087156
core,2327,21.0,21.47627692662604,0.869971526169886
core,2328,21.0,22.346365289818543,0.8763105131242541
core,2329,22.0,23.65139224568117,0.8636409103169969
core,2330,22.0,21.873399997456232,0.8669835028492383
core,2331,15.0,21.365278359056042,0.8898608758428523
core,2332,22.0,23.334414679266587,0.8750030296289488
core,2333,17.0,18.94146592163778,0.862279867624474
core,2334,21.0,21.83450545147748,0.8703097018900154
core,2335,19.0,18.56920267318228,0.8783380125755831
core,2336,22.0,24.127340577033962,0.8647687604806189
core,2337,15.0,22.3236605559173,0.8722788365686138
core,2338,14.0,23.633082807585037,0.8502604491028152
core,2339,24.0,25.840089790044956,0.8708381967977528
core,2340,22.0,21.02174073602506,0.8626104356756112
core,2341,22.0,21.827849171553407,0.8662014738957995
core,2342,22.0,22.83144234826989,0.8663181920059284
core,2343,22.0,25.65552873144271,0.8617695731782744
core,2344,15.0,23.295243929648166,0.859411517631509
core,2345,23.0,20.78738198482123,0.8727441785567781
core,2346,19.0,19.48747458422433,0.8680731031639561
core,2347,21.0,21.421279376089355,0.8574098512808902
core,2348,23.0,24.71079607498122,0.8496463005697537
core,2349,23.0,21.443792414668984,0.8837979173056507
core,2350,19.0,22.716419617130885,0.8755798355573221
core,2351,24.0,23.364180735429773,0.8727206918545565
core,2352,20.0,20.071443196495792,0.8632781868513844
core,2353,18.0,23.22498839323503,0.8683972851449069
core,2354,19.0,20.403837028855904,0.8785529709191428
core,2355,15.0,23.259084245816265,0.8517771738539996
core,2356,16.0,23.70463542442921,0.8810240533995404
core,2357,22.0,23.644699416082243,0.8764848868359303
core,2358,27.0,22.39816984198309,0.8208810380042968
core,2359,22.0,25.59225128953866,0.8660525859545745
core,2360,23.0,26.61383143575603,0.8551260337547253
core,2361,15.0,21.182152031110437,0.8674516689504574
core,2362,21.0,21.249762380549456,0.8811714628330934
core,2363,13.0,20.759120251551273,0.867169199960317
core,2364,21.0,24.1089019979566,0.8825969845686235
core,2365,16.0,22.174258657847798,0.8845827411657179
core,2366,20.0,20.036338553986226,0.8670930140243613
core,2367,19.0,24.591981332676507,0.8692980563956432
core,2368,19.0,22.6451704016094,0.8533016063124357
core,2369,21.0,22.32287150296773,0.8577053297841113
core,2370,20.0,20.814829225492403,0.8665012572966624
core,2371,15.0,21.286347351723713,0.8617103148053604
core,2372,15.0,18.884478727862636,0.8733632464859269
core,2373,22.0,23.572011298894452,0.8664825646293439
core,2374,18.0,23.207517162384914,0.8558757765820979
core,2375,23.0,24.15043158301741,0.8696723517812952
core,2376,14.0,22.332318373175468,0.8818855498477796
core,2377,22.0,20.46078125949944,0.8613716157116442
core,2378,20.0,22.68800037804954,0.878997524943357
core,2379,18.0,20.42188631395626,0.8863095781649879
core,2380,16.0,24.45723052696837,0.8708774794380876
core,2381,22.0,25.272468576033337,0.8430413885016971
core,2382,15.0,22.396313650316745,0.887143371515416
core,2383,13.0,20.30334684577035,0.8588576071022449
core,2384,24.0,22.99619295544637,0.8598890453313246
core,2385,21.0,24.2930894955787,0.8779795387248741
core,2386,24.0,26.217018572796768,0.8876999785689992
core,2387,21.0,23.211434199245314,0.8650928966850562
core,2388,19.0,20.45064468881225,0.8734374134934737
core,2389,22.0,22.277683145484264,0.8795483818119808
core,2390,23.0,22.345669305958566,0.8936273249093514
core,2391,16.0,24.162185029410757,0.8843911928139472
core,2392,27.0,24.980379141528275,0.8584517834019199
core,2393,15.0,24.173622048928586,0.8633809045348285
core,2394,16.0,21.89160676657563,0.8721138937076972
core,2395,14.0,18.95929401546834,0.8803325279111434
core,2396,24.0,23.845910716156755,0.8759313232192453
core,2397,21.0,21.06275766609068,0.8719665766484812
core,2398,23.0,23.757137881379727,0.8785143644746051
core,2399,17.0,21.964256132170057,0.888103835607351
core,2400,16.0,23.672967673751145,0.8586096527710576
core,2401,23.0,24.145375768227982,0.8574098641839318
core,2402,18.0,21.378099337023446,0.8670351191481772
core,2403,17.0,25.765833135338468,0.8814952873447759
core,2404,21.0,20.96287746419789,0.8596768179843395
core,2405,20.0,21.60618373658947,0.8861301907021049
core,2406,20.0,23.144508542838402,0.8643059576494223
core,2407,18.0,22.714997251937636,0.874263900365372
core,2408,22.0,25.74929799630307,0.8778456490572897
core,2409,17.0,20.892184928009858,0.8700875584370823
core,2410,19.0,24.336187931281277,0.8483566187244871
core,2411,21.0,23.665083575077137,0.8684639320782883
core,2412,17.0,20.757575640906072,0.8691667350882298
core,2413,20.0,22.78285891479996,0.862420366143593
core,2414,17.0,24.039831764142612,0.8749648305484237
core,2415,18.0,22.836234361035487,0.8714220788199797
core,2416,22.0,21.798493518942532,0.8545517765220254
core,2417,21.0,25.686405939655774,0.8663389006661968
core,2418,21.0,20.44351788162352,0.8574352343003968
core,2419,23.0,22.334324219624076,0.8671197807660258
core,2420,23.0,23.635929432686147,0.8827176946185895
core,2421,21.0,25.159242553190715,0.8747133038152923
core,2422,16.0,21.877139558143192,0.8650158742915214
core,2423,15.0,20.894593627279658,0.8737783545546142
core,2424,24.0,25.15316101744524,0.8533693029788307
core,2425,22.0,23.44127909585716,0.8668890450152692
core,2426,19.0,23.36487626254688,0.874286326944015
core,2427,23.0,21.514205362318314,0.8678640390267126
core,2428,23.0,20.840875515255128,0.8725865084256188
core,2429,13.0,21.77164683429461,0.8585903362945768
core,2430,15.0,23.144669292716944,0.8449250140786969
core,2431,20.0,21.2775844248729,0.8821684139259803
core,2432,18.0,22.110458035952835,0.8444441559674689
core,2433,16.0,23.28081870704312,0.8720503930769982
core,2434,15.0,22.20577999762535,0.863073981935
core,2435,21.0,23.242078290726088,0.8641639620362588
core,2436,15.0,20.480903879714354,0.8694858986046591
core,2437,22.0,21.861913739785525,0.8704951618701438
core,2438,23.0,23.315802966828105,0.8614667959290316
core,2439,21.0,25.583339330575928,0.8693700141242477
core,2440,22.0,22.271923693914328,0.8624284026750713
core,2441,22.0,23.353283677379505,0.8545504019502654
core,2442,22.0,23.309279602548926,0.8668902338137943
core,2443,18.0,25.560541664028744,0.8705702212607447
core,2444,21.0,23.18530776988185,0.8755560583587644
core,2445,14.0,22.27472889430981,0.863019794309468
core,2446,22.0,21.83402189592119,0.8756057254504956
core,2447,18.0,22.190875340055282,0.8604530910491213
core,2448,15.0,21.80580192778821,0.862088573518256
core,2449,15.0,22.84595042394395,0.8756459634014845
core,2450,24.0,21.942224091096282,0.8739323351093438
core,2451,16.0,22.761273066412322,0.8728420913382005
core,2452,22.0,24.781176771840432,0.8676120147718563
core,2453,21.0,23.762174140071732,0.8721953630061614
core,2454,22.0,23.273943253848437,0.8629708798594343
core,2455,22.0,23.33112056046682,0.8753671397770687
core,2456,22.0,21.725601392483252,0.8631500350371375
core,2457,23.0,23.281069957941284,0.8650837651393075
core,2458,18.0,19.584156452670683,0.8755969693137085
core,2459,15.0,23.29821158184141,0.8614163556793328
core,2460,16.0,19.54666667597362,0.8635423798924863
core,2461,22.0,21.407128044105217,0.8775006605536392
core,2462,18.0,21.428230315589513,0.8661370398833762
core,2463,22.0,20.917044322945557,0.8707325700259678
core,2464,22.0,18.670150406984042,0.8579842684132103
core,2465,15.0,25.92491711078204,0.8584371095536798
core,2466,21.0,22.975286990768165,0.8824344387713203
core,2467,21.0,23.28331876518009,0.8723425816579946
core,2468,21.0,22.33856482471445,0.8649289241846697
core,2469,15.0,20.811537528529414,0.864614957689557
core,2470,18.0,23.638665781177675,0.8555688179165768
core,2471,22.0,23.36276577694685,0.875257572613714
core,2472,15.0,18.54342882375115,0.8725601115174151
core,2473,21.0,25.142080252764092,0.8682107739025269
core,2474,16.0,23.20762728814527,0.8596925057059458
core,2475,22.0,23.68581693527954,0.8741012387577277
core,2476,15.0,23.78554225464971,0.8754514737325634
core,2477,22.0,25.1705551564403,0.8778977735294586
core,2478,25.0,20.51746226147925,0.8550440962345055
core,2479,19.0,23.10777727548288,0.8631032007654488
core,2480,16.0,19.493604830393163,0.8677754641861102
core,2481,15.0,21.799888687169958,0.8606398175161385
core,2482,16.0,23.706694122630857,0.8460842875811858
core,2483,23.0,24.699326518668112,0.8645551916716507
core,2484,18.0,22.438846627033314,0.8692587453322689
core,2485,24.0,26.2797253728561,0.8689225922248017
core,2486,21.0,22.800678016784385,0.8769814259017858
core,2487,14.0,20.409709682374313,0.8518102206579863
core,2488,14.0,25.188488814895674,0.8846224882437047
core,2489,17.0,22.661252078121066,0.8514787604744527
core,2490,14.0,23.691588323739612,0.8612766510155244
core,2491,15.0,24.24818836898142,0.8375291785256246
core,2492,22.0,22.760638350284445,0.8692316133241131
core,2493,14.0,21.79842488936497,0.875252965978807
core,2494,15.0,24.23254388545612,0.8413433298751676
core,2495,22.0,20.57765561291121,0.8839719045809177
core,2496,19.0,21.46322880708244,0.8783967573617065
core,2497,18.0,23.661127959767764,0.8722887095508896
core,2498,17.0,23.147546810779577,0.8678670896347049
core,2499,15.0,21.68042364177204,0.8706212585819884
core,2500,20.0,21.412257510378353,0.8402482176832029
core,2501,21.0,21.43609630022351,0.8452775237587775
core,2502,21.0,22.738683168671127,0.8541030668924048
core,2503,21.0,23.198209577776577,0.8545196465823002
core,2504,15.0,22.30924280810957,0.8587026270828151
core,2505,19.0,22.24496513349836,0.8385743169599467
core,2506,16.0,22.718097430407582,0.8526669731363714
core,2507,20.0,20.823568544986397,0.8773574564408113
core,2508,21.0,20.450916958207372,0.8553968780115488
core,2509,22.0,24.699082265924392,0.8685177872240629
core,2510,23.0,22.36820336097934,0.8669665304170977
core,2511,22.0,21.86047631786089,0.8609163806858326
core,2512,22.0,22.892982595734875,0.883913381831388
core,2513,15.0,25.58821465207954,0.8468112905239242
core,2514,22.0,22.851670030123998,0.8607494187807447
core,2515,15.0,24.207921028738586,0.8759930703463625
core,2516,15.0,21.80955093469424,0.8691013466634874
core,2517,22.0,20.428259660069667,0.8764734390904085
core,2518,23.0,21.505760991049033,0.8635891556325791
core,2519,18.0,21.744525309684207,0.8740023260051947
core,2520,24.0,23.350014357824488,0.8679054615300551
core,2521,22.0,24.306448594995796,0.8599960421183518
core,2522,17.0,22.268376037973933,0.8490288972251688
core,2523,20.0,22.278512333334167,0.8442906878077562
core,2524,22.0,21.41177119101743,0.8773241649351159
core,2525,14.0,21.313015077342016,0.8665113162416528
core,2526,24.0,22.811605182963135,0.8736172063453507
core,2527,24.0,23.3517200593632,0.8577293122968237
core,2528,22.0,21.94138069147996,0.8640175548323628
core,2529,22.0,21.47644505008686,0.8808097106940603
core,2530,18.0,22.290800684661836,0.8650611662450409
core,2531,20.0,22.868050692166744,0.8703828793061393
core,2532,13.0,25.531234298470213,0.8516075161317639
core,2533,22.0,23.329805371631732,0.8686029557418133
core,2534,23.0,25.175997198988885,0.8808197897616277
core,2535,20.0,20.384622551552837,0.8597465821777652
core,2536,22.0,23.75890949242562,0.8776648403922921
core,2537,16.0,21.812264568749804,0.871077713408271
core,2538,20.0,23.904953347621554,0.8765490492461484
core,2539,22.0,22.348814135581254,0.8629623763120686
core,2540,15.0,22.67803080810755,0.8832302612403239
core,2541,21.0,21.784852268813573,0.8544441768910525
core,2542,19.0,23.685483583955566,0.8512832297499864
core,2543,22.0,27.970253159442695,0.8705723491736022
core,2544,18.0,22.723482799333862,0.8779402978541422
core,2545,14.0,22.82001301378621,0.8805126977398292
core,2546,15.0,23.239936014952303,0.8735428201978644
core,2547,21.0,20.476770965124775,0.8556267832171183
core,2548,21.0,23.70083428209814,0.873103598397199
core,2549,21.0,23.78257014970442,0.8662003424241078
core,2550,22.0,21.8608778002818,0.8734306199607673
core,2551,18.0,23.684849390863025,0.8649800411043705
core,2552,22.0,19.79368929024942,0.8438040847246906
core,2553,21.0,21.414093007723775,0.8804374035883279
core,2554,18.0,25.15152606931509,0.8515299059812942
core,2555,20.0,23.66406091473532,0.865081757070592
core,2556,15.0,22.83137042980187,0.8653004107783635
core,2557,14.0,20.73545850022961,0.844551627245903
core,2558,21.0,22.80943392595555,0.8722065579696583
core,2559,21.0,21.74634368470733,0.8536438774980821
core,2560,24.0,19.466880334137446,0.8427445911554459
core,2561,15.0,21.658067886459108,0.862376345366167
core,2562,25.0,23.324764887562942,0.8611937673068878
core,2563,13.0,19.41199244739229,0.8672404297295084
core,2564,12.0,25.715771088596476,0.8571875954295505
core,2565,21.0,24.33105015132552,0.8690355940924857
core,2566,18.0,23.34699440391976,0.8631253590320382
core,2567,15.0,21.36956264376659,0.872745302625265
core,2568,21.0,22.46618991759046,0.8729759304665788
core,2569,21.0,23.288880413509087,0.8509093191149611
core,2570,22.0,24.176739110781774,0.8688194900621122
core,2571,22.0,20.260990638238745,0.8600956833996531
core,2572,22.0,23.223211395362444,0.8648390793179558
core,2573,22.0,22.76754412471833,0.8652974297636562
core,2574,14.0,19.8924830398288,0.8730614125874322
core,2575,23.0,22.73331147769692,0.8708116262227605
core,2576,21.0,22.2802110265714,0.8740142862131044
core,2577,22.0,26.0946439618157,0.8516692768449757
core,2578,16.0,25.25160125803248,0.8729661742777852
core,2579,13.0,21.766578573643553,0.8861184154524868
core,2580,15.0,22.22585086643928,0.8589412559312459
core,2581,23.0,25.124557528324832,0.8552148522879431
core,2582,20.0,21.424901901740128,0.8748969228472913
core,2583,16.0,22.727948621289066,0.8531846348847151
core,2584,21.0,23.72798614556221,0.8770190024996549
core,2585,17.0,20.926861936148075,0.878330495036727
core,2586,14.0,23.14444682466496,0.8674591058549379
core,2587,22.0,26.566197319851753,0.8441131720900039
core,2588,22.0,21.40001907781334,0.857885075350684
core,2589,23.0,25.589443834170833,0.8614161541330448
core,2590,22.0,24.773525276612606,0.8843504923708083
core,2591,22.0,22.876627373435245,0.8729160234962543
core,2592,16.0,20.77896049015543,0.8468601058531479
core,2593,15.0,23.148313439620335,0.8606656022729751
core,2594,24.0,25.159516267833627,0.8527646905378974
core,2595,15.0,22.146419073380375,0.8657217132021431
core,2596,15.0,21.94465871559514,0.8633104327618525
core,2597,15.0,20.89186740459923,0.8577348423429263
core,2598,20.0,23.23666156480143,0.8606300336577768
core,2599,24.0,25.264069801793866,0.8858589591433886
core,2600,22.0,19.568889437367112,0.8500866275178415
core,2601,15.0,19.811722322209928,0.8687392701617718
core,2602,22.0,21.959126129190697,0.855078870638414
core,2603,23.0,25.25566435883047,0.8494875026475681
core,2604,21.0,23.307257904950816,0.8687474685105754
core,2605,19.0,21.422217168171404,0.8748598655771185
core,2606,21.0,23.332074090730412,0.8730323341086479
core,2607,16.0,19.944644921913618,0.8607888596340185
core,2608,22.0,24.70137435682329,0.8769355474967545
core,2609,23.0,21.873395597095065,0.8589474763507043
core,2610,22.0,22.76551978488914,0.8769632953087395
core,2611,22.0,23.36954192079833,0.8655881571820869
core,2612,23.0,24.734086231117065,0.8664903994495903
core,2613,23.0,21.85043387337154,0.8738349218571955
core,2614,22.0,24.33301778754379,0.8705326168271728
core,2615,24.0,26.19712295163001,0.8595610698561211
core,2616,14.0,22.198767070877235,0.863406193641101
core,2617,22.0,23.634330394311196,0.8457272822080988
core,2618,23.0,24.174895506025408,0.8715388296530993
core,2619,24.0,22.255944353769745,0.8699075371308749
core,2620,23.0,21.562516740948283,0.8634224398390078
core,2621,15.0,22.391495927456305,0.8695630344721357
core,2622,15.0,23.30966513749298,0.8695989618177317
core,2623,21.0,21.747130963133696,0.8818357230050102
core,2624,15.0,22.246623530010375,0.8581773498118468
core,2625,23.0,24.638415494237748,0.8698416077449004
core,2626,17.0,22.944142442542137,0.8866198194887559
core,2627,18.0,26.132696054744155,0.8693715061773537
core,2628,21.0,21.006293247368173,0.8548936022665063
core,2629,15.0,24.04379639138844,0.87850956416721
core,2630,23.0,22.20161540966248,0.8714472668338731
core,2631,24.0,22.40566694950028,0.8350542846726472
core,2632,22.0,20.58970750543793,0.8734045263370211
core,2633,21.0,23.72706610243434,0.8626220687499215
core,2634,18.0,22.889648455207368,0.8693378672265101
core,2635,22.0,21.447667081889044,0.8718954130083293
core,2636,21.0,21.45302620147203,0.8609744236861407
core,2637,23.0,21.947063632746627,0.8755394792396758
core,2638,22.0,23.51371920050351,0.8793514751258739
core,2639,16.0,21.732097723356045,0.8405629463708357
core,2640,22.0,18.7855124853722,0.8429929262117157
core,2641,17.0,18.847315692115796,0.8865120366696122
core,2642,22.0,24.251381242209412,0.8783722302234958
core,2643,22.0,21.764561790874644,0.8749895498758298
core,2644,24.0,22.397003263442134,0.8604509327589014
core,2645,18.0,21.888764837757257,0.8680397934910908
core,2646,21.0,21.86546383755846,0.8713749149425877
core,2647,22.0,22.31705455521266,0.8770572488012854
core,2648,15.0,23.765980537566453,0.8671947540756653
core,2649,20.0,21.290280483982848,0.8934941805456023
core,2650,25.0,23.81273353369584,0.8668460072564779
core,2651,24.0,22.39200363351764,0.8883014002761888
core,2652,14.0,23.70216204582406,0.8424434850799434
core,2653,21.0,21.306145683394565,0.8756762682869282
core,2654,22.0,26.798821694519276,0.8733723029600278
core,2655,15.0,20.710515552870284,0.868852720373809
core,2656,16.0,20.787995369057807,0.8642321244921252
core,2657,21.0,23.6407476512184,0.8566702865980154
core,2658,23.0,23.288323941516573,0.8469456905259733
core,2659,26.0,25.168423682111765,0.8689886912181038
core,2660,15.0,22.26681720843191,0.866626549940698
core,2661,19.0,20.935390119555365,0.8554773059726262
core,2662,22.0,24.789775746334964,0.8564843916926345
core,2663,22.0,24.260234041516885,0.8734923735466578
core,2664,16.0,21.81980811757331,0.8551763892970603
core,2665,22.0,21.014266264597442,0.8633188678391015
core,2666,18.0,23.600869373366052,0.8456894524759144
core,2667,22.0,22.840962154698335,0.8596496609673958
core,2668,24.0,25.228508431322055,0.8587318115131244
core,2669,24.0,23.678674025526764,0.8681564229248246
core,2670,21.0,19.080980491979815,0.8623384277234671
core,2671,23.0,24.638777841901256,0.8638589895190261
core,2672,23.0,23.900768824468294,0.8693052627923503
core,2673,22.0,23.3941147885433,0.881080161458153
core,2674,14.0,23.686954718996578,0.8810090110669551
core,2675,14.0,21.22986368616773,0.8626421853021226
core,2676,19.0,23.70650188998738,0.8540660212678562
core,2677,16.0,19.099727109100055,0.8626648602613893
core,2678,16.0,22.2889551896647,0.8595776227707504
core,2679,16.0,26.980046633346586,0.8672790110453782
core,2680,24.0,24.752293076323607,0.8576066983082533
core,2681,22.0,21.299525609558174,0.8670640459972323
core,2682,21.0,25.15346603574923,0.8780031586760606
core,2683,22.0,20.381894582999756,0.884316764185621
core,2684,21.0,18.478195709030697,0.8718079986962519
core,2685,16.0,19.92352115693298,0.8615848691196566
core,2686,21.0,23.72709672715893,0.8889128625197347
core,2687,22.0,21.466542621182406,0.866554678768835
core,2688,19.0,21.731701884138488,0.875934424322858
core,2689,21.0,24.274258858615074,0.8733393634227302
core,2690,22.0,21.84549845872179,0.8754461000420007
core,2691,15.0,19.998658454774333,0.8620028905616439
core,2692,22.0,21.431555283530795,0.883916159860749
core,2693,24.0,25.311893317106097,0.8546363798840353
core,2694,17.0,25.214020054527392,0.8794061606811414
core,2695,21.0,22.849448271529457,0.8639000808322921
core,2696,22.0,21.41083101301416,0.8878649293307562
core,2697,23.0,20.92310037933648,0.8654843807092638
core,2698,22.0,23.83216900566352,0.8479670040044771
core,2699,23.0,23.72341056745807,0.8710521328960703
core,2700,23.0,24.418248591427087,0.8612457700067011
core,2701,23.0,20.819580326412396,0.8764690767185919
core,2702,21.0,23.91334379318559,0.8796340671434162
core,2703,27.0,23.3873521462877,0.8434062240577875
core,2704,15.0,23.661789670347826,0.8602672614485464
core,2705,22.0,22.342466378960694,0.8742621737548352
core,2706,25.0,23.923971992053584,0.8467931758848972
core,2707,24.0,20.900417195327904,0.8772034625002674
core,2708,13.0,22.24021217701438,0.8674204127169045
core,2709,23.0,24.701652057100624,0.8714492613809284
core,2710,22.0,23.388277006212157,0.8655138680029532
core,2711,20.0,23.337293146982933,0.8821668144239562
core,2712,22.0,21.389917754628733,0.8651402837311206
core,2713,18.0,21.8577072502463,0.8727435285062489
core,2714,22.0,25.30202844246313,0.8705493912516091
core,2715,14.0,22.770205705343425,0.880860050010412
core,2716,18.0,25.61549613167727,0.8498667740949739
core,2717,22.0,23.833430704857385,0.8668626404347146
core,2718,16.0,23.19921513659647,0.8781365308059798
core,2719,24.0,24.24890401813199,0.8638276574063818
core,2720,23.0,25.728509412831166,0.8647807816689845
core,2721,21.0,21.267008635813625,0.8594768904488643
core,2722,15.0,21.911552774543175,0.8651335214961214
core,2723,24.0,23.78073185764188,0.8772929179334077
core,2724,16.0,20.364851219073064,0.8773652049578737
core,2725,22.0,22.692320884327945,0.8604486054557606
core,2726,21.0,20.470512927646553,0.8683550394648714
core,2727,16.0,21.760918387520828,0.8757253005045668
core,2728,16.0,24.045925854704226,0.8487195660020574
core,2729,16.0,22.380784790741657,0.8701117331604848
core,2730,22.0,22.207651731561658,0.8451438084602446
core,2731,24.0,26.509138339256122,0.8807240813490003
core,2732,15.0,26.125625233737466,0.8525652673341815
core,2733,21.0,23.185080197863165,0.8602220619125779
core,2734,23.0,24.106497726897764,0.8672727283340784
core,2735,22.0,22.22475607119565,0.8619046816335212
core,2736,22.0,22.284172425030846,0.8615614307873718
core,2737,22.0,23.70787179718161,0.876010647938463
core,2738,16.0,20.28052315664423,0.8871475485394403
core,2739,14.0,23.726274157572075,0.8765668523157237
core,2740,16.0,20.421786639726424,0.8712720111705862
core,2741,22.0,22.76148294114966,0.8502087033257826
core,2742,20.0,23.185673745043292,0.8745197713369268
core,2743,21.0,25.290173527797243,0.8655000403510411
core,2744,16.0,23.218799444519206,0.861828982373001
core,2745,18.0,21.859920898507916,0.8842528751118655
core,2746,20.0,19.55093774930969,0.8601693606006096
core,2747,21.0,24.78968014779473,0.857643420880351
core,2748,15.0,21.36567905395736,0.8828874750828734
core,2749,22.0,22.81030956813621,0.8610531191842616
core,2750,15.0,23.60531765149367,0.8646594679718347
core,2751,15.0,19.987343261707686,0.8585293253697843
core,2752,21.0,23.75138082733873,0.8540083317289136
core,2753,22.0,22.725113589071473,0.8799194535519653
core,2754,15.0,23.652295537460667,0.8731086222531583
core,2755,21.0,24.22669871056418,0.8651360237547204
core,2756,22.0,25.65052259615717,0.8533949573974562
core,2757,18.0,24.79837159506527,0.8639754791355636
core,2758,23.0,22.76909041735625,0.8673150173520048
core,2759,19.0,20.991524785474795,0.8655390364325388
core,2760,24.0,22.41745775749223,0.8719779631779827
core,2761,23.0,25.11280045501098,0.8576499783419052
core,2762,16.0,22.35590950894364,0.8684220208827202
core,2763,15.0,24.273935434932994,0.85744383908135
core,2764,20.0,25.266461662825236,0.8633470029817074
core,2765,21.0,28.063249919313318,0.8775758865442231
core,2766,17.0,21.314473213692498,0.8726223011773235
core,2767,23.0,22.39469843805905,0.8638143318165987
core,2768,26.0,22.436844152701866,0.8549462605374862
core,2769,15.0,22.742549696105403,0.892939943543845
core,2770,21.0,23.28076713159638,0.8701223148579744
core,2771,22.0,23.27642730751583,0.8711847397320481
core,2772,21.0,22.209367240691332,0.8674829931873824
core,2773,19.0,22.322612259817618,0.8515943256620755
core,2774,23.0,21.943586274180685,0.8773063860081414
core,2775,18.0,22.322614782423404,0.8720430180812778
core,2776,21.0,24.304257146572237,0.8712185484518915
core,2777,15.0,22.311211864871275,0.8575617975594971
core,2778,23.0,22.348773047676545,0.8515430228112448
core,2779,22.0,19.986195446946823,0.867096581619975
core,2780,22.0,25.913343492636166,0.8639710358618237
core,2781,19.0,23.80085158923724,0.8439713248142193
core,2782,22.0,22.696083485207616,0.8679725054288516
core,2783,24.0,25.184630390486934,0.8474303620412731
core,2784,15.0,19.973515550892774,0.8779726391072196
core,2785,13.0,21.832344870042952,0.8573439449762157
core,2786,14.0,22.78880554818299,0.8708649407710699
core,2787,15.0,21.852296416536554,0.8808046205548756
core,2788,21.0,25.998413051929727,0.8580108247200258
core,2789,15.0,21.345960015277242,0.8662919118133225
core,2790,23.0,22.778025080037473,0.8549160123230002
core,2791,21.0,26.52794002615662,0.8460389915094112
core,2792,22.0,25.192597884683792,0.8597877077851783
core,2793,15.0,22.814807966737575,0.8611974681734077
core,2794,21.0,20.415858973980402,0.8749159833736874
core,2795,16.0,20.816468180401834,0.8826661219446682
core,2796,16.0,25.079094152054473,0.8721147937064914
core,2797,22.0,21.915380117642865,0.8657204959564705
core,2798,16.0,26.157150881567922,0.8669397611211447
core,2799,17.0,25.023586305405203,0.8515040839020953
core,2800,17.0,23.67496284668748,0.8690067499789111
core,2801,21.0,25.175676377385592,0.866008863689296
core,2802,19.0,23.759374000439518,0.865794869163657
core,2803,14.0,23.258656861362734,0.8633845883731867
core,2804,22.0,22.80676335507177,0.8627065719945624
core,2805,24.0,25.30246927567382,0.8760025954313845
core,2806,16.0,23.17562032706607,0.8717393506409623
core,2807,23.0,20.50074010628295,0.8621781989033659
core,2808,15.0,23.668186206838485,0.8744073518278836
core,2809,24.0,24.763665153528514,0.8671908366653887
core,2810,23.0,21.735429942523186,0.8907286766223855
core,2811,23.0,21.436146877366618,0.8679061841202595
core,2812,20.0,22.717762574431777,0.8784749917565371
core,2813,14.0,25.08308104953843,0.8684172222782439
core,2814,16.0,23.197756778630925,0.8668547239875177
core,2815,18.0,21.183016762491015,0.8773715209838665
core,2816,24.0,20.94975201080299,0.8716555525173619
core,2817,15.0,22.229424748434493,0.87353496054642
core,2818,22.0,21.21626113966398,0.871417023856755
core,2819,21.0,25.574275424939355,0.8754481759318964
core,2820,22.0,23.2482642206004,0.8672967150226656
core,2821,22.0,19.945233336045924,0.8679558848267656
core,2822,18.0,24.624106288837478,0.8743001110018804
core,2823,22.0,24.673221474322272,0.8554893484677948
core,2824,19.0,20.8442704504391,0.8698273841891051
core,2825,16.0,23.08351859715086,0.874401082812828
core,2826,15.0,22.32828377732035,0.8543810892888575
core,2827,15.0,19.928770813520178,0.8683055206733179
core,2828,22.0,24.242103446960495,0.8698157317404434
core,2829,22.0,23.661946538100732,0.8824736375565126
core,2830,16.0,20.40956149727919,0.8800236234366432
core,2831,17.0,22.719576620907343,0.8582306036313515
core,2832,24.0,26.547983500582802,0.8628284772242718
core,2833,24.0,21.944610415892253,0.8796644986788251
core,2834,19.0,24.310899393481215,0.8588329880344586
core,2835,16.0,24.145183339797292,0.879841602237919
core,2836,22.0,24.32727643259414,0.8609511137491577
core,2837,22.0,24.542673303868334,0.8600489929363352
core,2838,22.0,25.156999138271836,0.8688703660473538
core,2839,21.0,21.42768059542644,0.8593849003745222
core,2840,21.0,20.381232763703412,0.869828002752677
core,2841,21.0,22.757952197321785,0.8473463480948185
core,2842,14.0,22.252730170402586,0.8668606469433244
core,2843,23.0,23.344629073770122,0.8822941317222397
core,2844,14.0,21.36796420910776,0.8668062028688521
core,2845,23.0,21.069428207482087,0.8744510343009495
core,2846,18.0,22.315153616447873,0.8711514265759128
core,2847,21.0,26.130827405703112,0.8735283059114811
core,2848,23.0,24.28768294057141,0.8747261718025903
core,2849,19.0,24.08631993559365,0.8640585987604139
core,2850,23.0,21.847557284552437,0.8652779672990749
core,2851,15.0,21.080784985679312,0.8995637988117446
core,2852,24.0,19.512595656034183,0.8631308135759317
core,2853,15.0,20.805819028108985,0.856021550269434
core,2854,21.0,21.91406341703385,0.8474941286186746
core,2855,18.0,24.07136704197559,0.8694963324776082
core,2856,20.0,20.921707093434698,0.8680627983746094
core,2857,16.0,24.131529799008838,0.8501653778225668
core,2858,16.0,24.255365454844206,0.892020853373007
core,2859,23.0,22.788759371387876,0.8725403803760985
core,2860,21.0,23.305474471982873,0.8766866434188519
core,2861,21.0,24.225907191262248,0.8693819321006895
core,2862,24.0,25.663190366253293,0.8624895042839019
core,2863,19.0,23.697705158809953,0.8623084321566437
core,2864,24.0,23.823013355748685,0.8635933334925171
core,2865,21.0,19.066146388808317,0.8580878533572361
core,2866,24.0,23.29747962448705,0.862113532539877
core,2867,20.0,19.972185972929235,0.8625601939369925
core,2868,16.0,23.791540195338367,0.8636762470843145
core,2869,21.0,20.39044531233589,0.8676931536544181
core,2870,24.0,22.39175153302976,0.8499337084899752
core,2871,15.0,25.010420398867307,0.8578779170900345
core,2872,14.0,17.9978812424958,0.8804165966158248
core,2873,23.0,25.149665815683747,0.8780201541597337
core,2874,22.0,20.189081480947674,0.8687729039036783
core,2875,20.0,25.202917407698727,0.8666118012594115
core,2876,22.0,22.807970059617684,0.8723886263199144
core,2877,21.0,25.219587318331588,0.8619393882169767
core,2878,21.0,22.41325952542579,0.8631147362460354
core,2879,15.0,22.732128960581502,0.8621554285505624
core,2880,21.0,23.124011097777746,0.8497204365753379
core,2881,23.0,22.88681266223098,0.8531520597088953
core,2882,22.0,22.955841921972834,0.8646578782037241
core,2883,14.0,23.100262537051368,0.8572538435138357
core,2884,21.0,22.745916449968252,0.8736310974425566
core,2885,18.0,20.914826595891213,0.8889442323416094
core,2886,23.0,22.493688422555806,0.878162535373563
core,2887,22.0,23.842794738261755,0.8801457602931071
core,2888,21.0,22.302838198699224,0.8585999675012448
core,2889,22.0,23.318719454767415,0.8597345176777296
core,2890,23.0,24.16851184538205,0.859448661453623
core,2891,19.0,21.78762524186735,0.8410780777633526
core,2892,22.0,22.707178771531225,0.8615082914797578
core,2893,21.0,20.365566291568047,0.8789874690079639
core,2894,15.0,22.69253307596654,0.8784722298695323
core,2895,18.0,21.930900422834746,0.853773831264829
core,2896,22.0,24.224239171816524,0.8679520077143639
core,2897,15.0,21.85086165115109,0.8623385371442691
core,2898,16.0,21.221070100340874,0.8789561758871093
core,2899,21.0,24.788014304959848,0.8783799803228816
core,2900,22.0,23.251207668783522,0.8703938546860576
core,2901,18.0,21.47529999255123,0.870867541142619
core,2902,20.0,23.41010797230504,0.893461009677409
core,2903,14.0,18.86792996895991,0.8820973447218783
core,2904,23.0,23.286543179977276,0.891328448210423
core,2905,21.0,21.940805450024115,0.8872114857932065
core,2906,22.0,19.98117535154457,0.8731876505867613
core,2907,22.0,28.084950091551843,0.876498164167189
core,2908,22.0,21.379873863100617,0.8491508064498116
core,2909,16.0,24.622384559142027,0.8757992530784967
core,2910,24.0,25.06299381930464,0.8629529070437139
core,2911,20.0,21.082595490325733,0.8646845044030049
core,2912,18.0,20.305197601773358,0.865530051417773
core,2913,19.0,20.00517514606522,0.858677363681627
core,2914,24.0,23.669279186523287,0.8697560521228207
core,2915,15.0,22.37527859210097,0.8746645501112618
core,2916,14.0,23.251939375606057,0.866078005357567
core,2917,22.0,18.99002246884416,0.861475642708498
core,2918,22.0,21.526726525355006,0.8775500852965985
core,2919,22.0,22.853257050409688,0.8489282292626188
core,2920,21.0,22.33708482840153,0.8592804884700815
core,2921,15.0,23.263270958130295,0.8720142755273078
core,2922,23.0,21.846639036784058,0.8639712415935752
core,2923,21.0,21.973299053387823,0.8719503735376908
core,2924,20.0,20.004776068304007,0.8697172784163201
core,2925,22.0,25.140661200206488,0.8708792169453352
core,2926,22.0,22.18736505944067,0.8547518304536272
core,2927,22.0,22.29574887918884,0.8494510285432537
core,2928,16.0,22.69682700623645,0.8902772551140784
core,2929,16.0,24.23005425086473,0.8730930798530644
core,2930,26.0,24.800522743673923,0.8742083296343922
core,2931,16.0,19.873342166119382,0.8661924068682372
core,2932,23.0,21.802631071411234,0.8632676711778422
core,2933,22.0,22.472582395836373,0.8566954097228636
core,2934,14.0,21.870981912681714,0.8786300864148298
core,2935,22.0,21.696855452472,0.8675628873869219
core,2936,24.0,23.82133029919625,0.860708433814777
core,2937,19.0,21.869043007429177,0.8620784570468447
core,2938,17.0,21.279631756029964,0.8737766074829447
core,2939,17.0,23.22430361462418,0.8643954977532483
core,2940,18.0,22.17493354224786,0.8911828983328394
core,2941,21.0,21.833344622933318,0.8640904721497454
core,2942,22.0,20.903673802701885,0.8752716276732027
core,2943,22.0,20.97454406134775,0.8742327225902938
core,2944,15.0,21.79312364444837,0.8781867418874817
core,2945,22.0,19.93778587077053,0.8676664799555178
core,2946,19.0,24.208859132446584,0.873370193386459
core,2947,22.0,20.4471251924568,0.8663074030247264
core,2948,19.0,21.86075578652035,0.8552062207042179
core,2949,23.0,25.480438420787692,0.8481819524970592
core,2950,22.0,21.766893484391616,0.854545273427401
core,2951,19.0,23.341036268093617,0.8684885798678821
core,2952,13.0,22.264260581872293,0.8559901481603684
core,2953,15.0,23.314379529231136,0.8871779328771576
core,2954,22.0,26.6794038690968,0.8437369764896421
core,2955,22.0,22.394949994843138,0.8788379012443126
core,2956,15.0,22.34113508100026,0.8833118592286182
core,2957,15.0,25.628042346456205,0.8773607819270427
core,2958,13.0,21.684118100091897,0.84467220232167
core,2959,24.0,21.840507320706877,0.880984852613627
core,2960,18.0,23.68812985509359,0.8848979941870501
core,2961,15.0,21.453317570166845,0.8858770402700618
core,2962,16.0,20.91614413281095,0.8744587020766368
core,2963,21.0,22.74023866816197,0.8656623112930968
core,2964,18.0,25.58913076109848,0.8523274711101854
core,2965,24.0,23.380039827009703,0.8763814469442539
core,2966,15.0,23.84569217816763,0.8685384658121256
core,2967,18.0,23.671637638297394,0.8751551381994267
core,2968,18.0,23.571967593718153,0.8552258285622079
core,2969,24.0,22.01343192930556,0.8498245109482776
core,2970,19.0,24.699879103881894,0.8810213361260858
core,2971,22.0,17.050953424580662,0.8799360254218063
core,2972,24.0,24.416170974839275,0.8697438538287701
core,2973,23.0,21.784282018037878,0.8681746684630687
core,2974,14.0,23.182491936034545,0.867202917179137
core,2975,21.0,23.221109909232315,0.8637853540636049
core,2976,23.0,24.139379268924415,0.8541842330181074
core,2977,22.0,24.832150727143677,0.8726311931944988
core,2978,22.0,23.737382262028422,0.8690077884257845
core,2979,22.0,22.776522153025667,0.8847093677065461
core,2980,19.0,21.846798711786093,0.8529341195138997
core,2981,22.0,24.269974364826062,0.8583004536826031
core,2982,23.0,24.262073501398543,0.8867388074143432
core,2983,23.0,22.387050577179203,0.8668612064421624
core,2984,22.0,20.431359706887147,0.8714535795234004
core,2985,21.0,21.407287685867402,0.8651158190662948
core,2986,17.0,19.446904055878335,0.8685254775097239
core,2987,22.0,21.948914849229276,0.8796687496730371
core,2988,26.0,22.908236664754217,0.875684378749058
core,2989,21.0,26.024374935417697,0.8784671178716734
core,2990,14.0,19.49948457194618,0.8517895691405599
core,2991,16.0,20.551925713703813,0.8739860016058434
core,2992,23.0,21.344784421558973,0.8689663200041806
core,2993,22.0,23.264985449300568,0.8653878339236323
core,2994,20.0,21.38575188955547,0.8797209651927704
core,2995,14.0,20.648660685738193,0.8653322357500108
core,2996,14.0,20.448533863773225,0.8579572294655583
core,2997,22.0,25.223157081746248,0.8816923013455404
core,2998,22.0,22.278390930991986,0.8716680212188868
core,2999,21.0,22.414873593546684,0.8829308899873463
core,3000,15.0,23.213325788664303,0.8587982607088176
core,3001,23.0,22.84080365409931,0.8629082110787853
core,3002,17.0,19.813401298202844,0.8517347835825835
core,3003,19.0,21.7908545270423,0.8650971251494047
core,3004,17.0,24.69156135678385,0.8607416985071125
core,3005,22.0,23.796554631150943,0.8774836425688514
core,3006,15.0,22.278283380337722,0.8664444042953583
core,3007,20.0,23.78095883040371,0.8781619254281452
core,3008,19.0,22.24788960003335,0.8569721695359237
core,3009,21.0,23.26963865037864,0.8727600212511222
core,3010,15.0,20.978734563851642,0.8573889306353144
core,3011,18.0,23.74408244677961,0.8657169230161692
core,3012,18.0,22.858984332924848,0.8493881172204782
core,3013,23.0,22.429189131887977,0.8780568849627611
core,3014,22.0,21.376103843049634,0.8661281515820216
core,3015,14.0,24.54704496357468,0.8603409975788228
core,3016,24.0,21.977837913983624,0.849124032753036
core,3017,18.0,22.318466227301496,0.8681004573200568
core,3018,24.0,22.858285974965955,0.8791326833868662
core,3019,21.0,22.843990780438634,0.8615030462767728
core,3020,18.0,23.258636843740288,0.878946845465244
core,3021,22.0,22.332682656624687,0.8759589319949773
core,3022,15.0,25.079027010498674,0.8543564028048124
core,3023,16.0,19.996701303928738,0.8586003473116102
core,3024,22.0,22.703004988264773,0.8617798656754136
core,3025,22.0,24.176947712737164,0.8717850274509018
core,3026,23.0,22.605216160999564,0.8645233352036985
core,3027,21.0,22.883984863183308,0.8668507137549125
core,3028,19.0,22.422359700997234,0.8605115099726997
core,3029,18.0,27.571052098305323,0.8586900576683625
core,3030,21.0,23.651253898290665,0.8684216128411191
core,3031,26.0,23.876495139715583,0.8575596223859249
core,3032,22.0,23.844767862330272,0.8595882724604937
core,3033,23.0,24.681953035767904,0.8536362024792525
core,3034,21.0,24.198782613468367,0.8748074023423495
core,3035,13.0,20.215333964192748,0.8538718084589481
core,3036,20.0,24.215475023633257,0.8639219198895096
core,3037,22.0,24.704015403580602,0.8695213972173923
core,3038,22.0,22.790853496827996,0.8723934775023194
core,3039,24.0,27.151013485601123,0.8324476728413239
core,3040,22.0,23.86956112937267,0.8823730197986761
core,3041,22.0,23.75770737783839,0.859646357698252
core,3042,10.0,20.295159743522913,0.8669398892096405
core,3043,25.0,26.009186813320518,0.862295536576451
core,3044,22.0,23.278646945878766,0.8647950236452089
core,3045,21.0,21.895482341349087,0.873640120593291
core,3046,16.0,25.238207599356514,0.8741479637243443
core,3047,22.0,21.95819376253888,0.859031329938121
core,3048,22.0,22.860286212395376,0.8611743827902617
core,3049,22.0,21.449837524245673,0.877858061040619
core,3050,14.0,22.781891369027473,0.8819153206685137
core,3051,24.0,24.383929615429675,0.8631658156589632
core,3052,16.0,21.231401124755973,0.8742661048176323
core,3053,24.0,22.819199093071244,0.861332824814686
core,3054,23.0,21.365164444187386,0.8695802387432754
core,3055,17.0,20.795827483463313,0.8735271609900102
core,3056,17.0,22.732532778070308,0.8658214813948353
core,3057,23.0,23.77719703851598,0.8623800246334135
core,3058,14.0,22.757256449378833,0.8406702031372623
core,3059,22.0,23.79333717906163,0.8676750760669333
core,3060,23.0,23.7375057783275,0.8635693632485754
core,3061,21.0,21.90197885517743,0.8616575112650466
core,3062,17.0,23.703193106004107,0.8692759685280408
core,3063,18.0,24.507229289427517,0.8530852432887646
core,3064,22.0,23.848119846738154,0.8589754710915014
core,3065,11.0,20.27152804290133,0.8674591873893216
core,3066,18.0,18.49693163920703,0.8670368299385496
core,3067,14.0,22.743373896705346,0.8659607309887496
core,3068,23.0,21.858369162677967,0.8732474759196618
core,3069,24.0,21.88278592529537,0.8685318448642487
core,3070,15.0,21.733665347183425,0.8533980079557256
core,3071,16.0,26.63654528705525,0.889493776245293
core,3072,22.0,21.90712437592787,0.8602234976543197
core,3073,15.0,21.70269383051884,0.8634282285876583
core,3074,19.0,22.305440417103878,0.8737295033007103
core,3075,22.0,24.654398907203994,0.8772527791201837
core,3076,25.0,23.217034618654427,0.846864363377469
core,3077,17.0,23.70908625534852,0.8568554122141188
core,3078,21.0,20.90481592531038,0.8768213096327084
core,3079,22.0,22.313004792257864,0.8540391476195609
core,3080,15.0,21.408720797566286,0.8807617248967027
core,3081,18.0,19.97093155699062,0.8541276988326889
core,3082,22.0,31.022487145676354,0.8459163000997045
core,3083,16.0,23.704825465620317,0.870677253262756
core,3084,22.0,20.985215127514703,0.8682026442431273
core,3085,23.0,23.78522141557638,0.8400434977093598
core,3086,23.0,21.922393800085807,0.8672054777844038
core,3087,22.0,20.500363177340606,0.8772308655850529
core,3088,14.0,22.330374212416665,0.8765716731946267
core,3089,22.0,20.5095275284133,0.8653042595832376
core,3090,21.0,23.323068050581,0.8578014272845329
core,3091,16.0,24.489218833810337,0.8663226658557072
core,3092,22.0,22.258270397681997,0.880529026085324
core,3093,18.0,22.251795532601026,0.8834625249548869
core,3094,16.0,23.330637578824522,0.8484155562174631
core,3095,22.0,21.610003759179943,0.8750555885007172
core,3096,21.0,22.272485008792728,0.8735064026558728
core,3097,20.0,20.805339693773472,0.8558771793394064
core,3098,23.0,23.782180069437537,0.8624358621888895
core,3099,22.0,24.695854181360026,0.8833726114582083
core,3100,24.0,22.861834679464177,0.8570522156035243
core,3101,15.0,21.20846695945744,0.8689986690115812
core,3102,23.0,23.756160609987365,0.8721351968463649
core,3103,21.0,23.691301902167936,0.876015128804011
core,3104,23.0,23.166010764301937,0.8541848991376131
core,3105,22.0,24.236972011312314,0.8615533722572757
core,3106,22.0,21.31409198393138,0.8747634060191303
core,3107,21.0,20.419684692396427,0.8487835085229996
core,3108,22.0,21.870530536361,0.8740398555287044
core,3109,21.0,24.70708018065339,0.8579817789437134
core,3110,17.0,23.72835641472988,0.8621419732791096
core,3111,22.0,23.270348374589968,0.8713206883680911
core,3112,15.0,24.990587015852615,0.8708077067709459
core,3113,18.0,22.586018185437748,0.8730865549294753
core,3114,19.0,25.583610277514424,0.8650473419139387
core,3115,23.0,21.39866628987299,0.8619783721600729
core,3116,16.0,21.313352002436332,0.8621510690929954
core,3117,23.0,22.782220135965332,0.8836341420365115
core,3118,22.0,24.242929403796097,0.873215087580937
core,3119,19.0,24.22361575260906,0.8567660623449685
core,3120,15.0,22.270466756127767,0.870227799895523
core,3121,16.0,24.646947519445188,0.8557146919435609
core,3122,24.0,23.850455857604278,0.8611267330590435
core,3123,22.0,24.75631237372673,0.8644855709319772
core,3124,22.0,25.267554640724935,0.8620987892823764
core,3125,15.0,20.465433995271127,0.8645191419875478
core,3126,22.0,23.43176447953712,0.8509994499324414
core,3127,18.0,22.310109402963654,0.8635478974837265
core,3128,15.0,23.0756534446991,0.8881589508586525
core,3129,23.0,21.02307613693098,0.8647144642218968
core,3130,21.0,23.873053481291056,0.8631544410747122
core,3131,22.0,21.895646924964996,0.8923082982099921
core,3132,22.0,23.354441980860567,0.8653519997706068
core,3133,21.0,27.019015826862088,0.8724432394540049
core,3134,22.0,21.350163034373924,0.8836617586751707
core,3135,18.0,26.046689014919938,0.8685676862745852
core,3136,15.0,23.218089389981152,0.8537969028863812
core,3137,16.0,24.63329092537661,0.8562689485603234
core,3138,21.0,22.397303360515426,0.8689436845702492
core,3139,23.0,24.7088417895964,0.8620469625682423
core,3140,22.0,23.75388632155891,0.8622538133520583
core,3141,14.0,21.298410324367325,0.8632210300143918
core,3142,22.0,25.176638756687407,0.8549763402094372
core,3143,16.0,21.87720302579823,0.8688406032755751
core,3144,21.0,21.35745407206163,0.8674369312427281
core,3145,16.0,18.45963733889729,0.8739046799933845
core,3146,23.0,22.294526417211905,0.8499003207715446
core,3147,15.0,23.349491833207622,0.8684050410673001
core,3148,15.0,23.287151515331995,0.8656113772246379
core,3149,14.0,23.168433370060836,0.8504357886880876
core,3150,24.0,20.86905027454425,0.8653749331223497
core,3151,22.0,22.720059494007913,0.8661089087247914
core,3152,15.0,22.21355319754094,0.8622612052305683
core,3153,15.0,21.253690535815398,0.8688640485479528
core,3154,15.0,20.770426938048697,0.8732279993674679
core,3155,23.0,23.83073140262859,0.8812923035550442
core,3156,15.0,26.169617268388613,0.8851416739392824
core,3157,22.0,25.07937661112308,0.8773844903877275
core,3158,24.0,23.73414421583615,0.8791862107712032
core,3159,23.0,20.874446712014255,0.8584738872715761
core,3160,16.0,21.336338510537825,0.8669886856600267
core,3161,17.0,20.017455576510127,0.8573282134606541
core,3162,15.0,23.14196970621708,0.8817528601752442
core,3163,21.0,20.442157930656446,0.8694782810439255
core,3164,25.0,26.614167041459773,0.868628070200298
core,3165,22.0,22.173476971358255,0.870662756942923
core,3166,16.0,23.165599481640278,0.8543826421183645
core,3167,22.0,22.90986090524458,0.8859246050249284
core,3168,16.0,24.62866069084721,0.8679282558430648
core,3169,22.0,20.850217326046245,0.8596310831930564
core,3170,16.0,24.18182723715249,0.871206942173244
core,3171,18.0,20.791669753177906,0.867859401315891
core,3172,15.0,23.2340364687303,0.853034590438948
core,3173,15.0,21.308969043547197,0.8694033247615556
core,3174,21.0,21.869422872667762,0.8802718615206939
core,3175,20.0,21.686644371958483,0.8692820917351982
core,3176,18.0,23.570208468325703,0.8601515792797367
core,3177,15.0,21.24413375675901,0.8737999872879931
core,3178,21.0,22.427440176806623,0.8462982357028362
core,3179,14.0,21.86802000774008,0.852829180054384
core,3180,16.0,20.921083431335415,0.9007392276064246
core,3181,22.0,23.357290020688154,0.8791897389909259
core,3182,16.0,25.685730311556917,0.8587105422069072
core,3183,22.0,24.326920490595928,0.8736246790048233
core,3184,18.0,21.790334884715435,0.8549465745287351
core,3185,22.0,24.115253934639984,0.8688393171051655
core,3186,24.0,23.740531006731803,0.8695897637027192
core,3187,15.0,21.641709972059527,0.8634445420409815
core,3188,20.0,23.296015905894908,0.872791658316477
core,3189,22.0,22.884209696621575,0.8728263171262144
core,3190,22.0,23.3320057775809,0.8702441114877544
core,3191,19.0,21.437292207397242,0.8715482516461827
core,3192,24.0,22.638238376290133,0.857301117385601
core,3193,22.0,22.896662324435326,0.8614871233081068
core,3194,19.0,23.78452155844701,0.8726545301609845
core,3195,23.0,24.667241799966153,0.8584498489172325
core,3196,16.0,23.667435407137734,0.8697829380787476
core,3197,22.0,21.48368356290066,0.8777511568798761
core,3198,21.0,24.75325180122596,0.8680303825047619
core,3199,16.0,20.85749970404069,0.8619411548968577
core,3200,24.0,20.74537626580119,0.8678755603699386
core,3201,21.0,26.240806816624985,0.8709322896053111
core,3202,16.0,21.882447958757552,0.8617684135533313
core,3203,22.0,20.410215667190933,0.8736071006873642
core,3204,21.0,24.76658051133908,0.8774805780798807
core,3205,21.0,22.370708526657193,0.8672340891254373
core,3206,24.0,19.688860397022548,0.8686507429927792
core,3207,21.0,23.25654083845025,0.8690277233354553
core,3208,22.0,24.65030527583841,0.8872511552165696
core,3209,15.0,24.221974910992827,0.8654651837024125
core,3210,22.0,22.28146673375757,0.8626289560171418
core,3211,21.0,22.230209344730604,0.8740573612322546
core,3212,23.0,26.123896774992108,0.8532318708660913
core,3213,21.0,22.356386231540395,0.8741938956283724
core,3214,22.0,21.003325010276676,0.8489272472650606
core,3215,15.0,20.917418202129273,0.8444131759095288
core,3216,21.0,25.1519949977214,0.8525856007439795
core,3217,21.0,22.804114404777202,0.8586489970507398
core,3218,24.0,23.73767692776155,0.852662953765854
core,3219,22.0,23.692016596414838,0.8666042065329191
core,3220,17.0,23.06956297665085,0.8595621693021032
core,3221,15.0,24.82245278152998,0.8456277387132168
core,3222,18.0,20.89694569530725,0.874370007697703
core,3223,26.0,23.371845020830087,0.8686923317505765
core,3224,15.0,19.836395213251514,0.8734013837709794
core,3225,15.0,21.35548717440824,0.8606773582173741
core,3226,21.0,26.127398572703342,0.8335958417123256
core,3227,23.0,19.992168320248002,0.8711534548353079
core,3228,22.0,20.80760784724146,0.8734340966985943
core,3229,22.0,21.391765969109557,0.8834808884769503
core,3230,25.0,22.348613228621932,0.8619029639517533
core,3231,13.0,23.573278632610727,0.8738294183608712
core,3232,15.0,22.19744270966868,0.8651269593897801
core,3233,25.0,24.41872117868218,0.8758838246725202
core,3234,20.0,19.387234313333188,0.8551715830260311
core,3235,16.0,23.236120313827172,0.8606807470883862
core,3236,21.0,22.33728950049111,0.8694412726920442
core,3237,25.0,24.298260411893473,0.8508473472356151
core,3238,14.0,24.644499952940023,0.8717143711526038
core,3239,23.0,22.289228174054305,0.8693414345689023
core,3240,22.0,19.98973355286395,0.8675637735481312
core,3241,26.0,22.29589720256745,0.8483208434492565
core,3242,24.0,25.174688103340525,0.870786276162801
core,3243,15.0,21.905273405713398,0.8610065424059621
core,3244,23.0,25.25992445942317,0.8702679302289749
core,3245,22.0,20.987784898070988,0.8656984033955449
core,3246,20.0,19.44125932172843,0.8595128066777971
core,3247,27.0,26.180914620351473,0.8601148837418415
core,3248,21.0,21.293852913302896,0.8648111020385103
core,3249,20.0,22.2654260630087,0.8848055710932334
core,3250,22.0,20.728015315150362,0.8640503378711435
core,3251,15.0,20.815865137893162,0.8752149158914102
core,3252,20.0,27.15860773148732,0.8814057364523141
core,3253,23.0,22.69198490563291,0.8587203801902167
core,3254,22.0,22.819774218128934,0.8809132233795754
core,3255,13.0,21.31385470968329,0.876018278558919
core,3256,15.0,21.166627947349014,0.8685811169067483
core,3257,22.0,21.795797186272207,0.8794576009407853
core,3258,24.0,21.8533735410788,0.8797255177976538
core,3259,22.0,22.810074184855623,0.8763712114213748
core,3260,23.0,24.680738996769012,0.8571526335225023
core,3261,16.0,21.85279338322671,0.8556566540975924
core,3262,21.0,19.46547764834769,0.8569691890202336
core,3263,21.0,24.26365251031779,0.8850439220241435
core,3264,16.0,22.211010002777517,0.8855327586016003
core,3265,22.0,20.939095493512973,0.8581907720978297
core,3266,21.0,24.240136840680048,0.8553866291413867
core,3267,24.0,22.29430751621588,0.8707851508103387
core,3268,22.0,21.95776996594148,0.853198756354365
core,3269,22.0,22.800852496707783,0.8553387305667293
core,3270,16.0,23.305812069685352,0.8753328574176904
core,3271,23.0,22.580526398328185,0.8899559911698225
core,3272,20.0,19.893632894244988,0.8702346711487543
core,3273,23.0,23.769989409673236,0.8683357313861624
core,3274,21.0,20.84494727948088,0.8395281526219747
core,3275,26.0,26.373135933903296,0.8571375722872694
core,3276,15.0,24.130045539309805,0.8737286602007721
core,3277,21.0,23.73987511708977,0.8711335541447178
core,3278,26.0,22.376482480866937,0.8723761363892935
core,3279,24.0,23.13280955514994,0.873317191591751
core,3280,22.0,23.042226105502422,0.8667943219043794
core,3281,14.0,21.069412216687155,0.8693876349812539
core,3282,22.0,24.195063917945664,0.8694727297155299
core,3283,16.0,27.050608198186385,0.8570258550273577
core,3284,22.0,20.85679149389029,0.8688017108610162
core,3285,14.0,22.775134212812205,0.8677235673094721
core,3286,22.0,22.26243695103078,0.8665461852073033
core,3287,20.0,19.822826399379842,0.8686381950943186
core,3288,14.0,22.668420783876368,0.8736669106132856
core,3289,24.0,24.26295749308546,0.8573711343490814
core,3290,18.0,22.834768542791352,0.8792761297041758
core,3291,23.0,25.14805145715481,0.8673648097447139
core,3292,15.0,23.604268482507134,0.8688391253558851
core,3293,24.0,24.719005828293312,0.8659108964001453
core,3294,20.0,22.617009687569585,0.868878761661113
core,3295,15.0,21.24379898562205,0.8722485448293344
core,3296,24.0,24.712552446678245,0.8650907288729064
core,3297,21.0,24.217018998194316,0.8569713155456937
core,3298,23.0,22.356915644207945,0.8474109012221949
core,3299,24.0,22.299914178110097,0.8878589129721942
core,3300,21.0,26.115941222826347,0.8502164576976912
core,3301,26.0,22.867280944344603,0.8491445268726743
core,3302,22.0,23.76203934860911,0.8576746051225559
core,3303,22.0,22.86761512581708,0.867596650422719
core,3304,22.0,24.255525446945903,0.8601752891972183
core,3305,19.0,21.912072991463095,0.8459765805189476
core,3306,16.0,22.1745193055288,0.8638136314934047
core,3307,24.0,22.370356265974976,0.8799057144723689
core,3308,22.0,20.431971593399414,0.8728119991452845
core,3309,21.0,23.931183560671467,0.8656233965229851
core,3310,21.0,25.1364245587675,0.8693416486427095
core,3311,21.0,21.393395964565848,0.8577228430479631
core,3312,22.0,22.73990720076754,0.8655644660069972
core,3313,15.0,20.842811783308914,0.8791052293317898
core,3314,20.0,22.86172397617022,0.8664547625543446
core,3315,21.0,21.880749411401528,0.8782356779442484
core,3316,18.0,20.777671262285054,0.8672208379835818
core,3317,14.0,18.57323408095858,0.857921931923268
core,3318,15.0,24.752162721812482,0.8727071275379916
core,3319,22.0,23.360603856035485,0.868387143642213
core,3320,22.0,23.646979986839764,0.8792530575026536
core,3321,21.0,25.114600807157597,0.870788151907187
core,3322,15.0,23.582972588521727,0.8597434382308851
core,3323,23.0,22.384979773627588,0.8664309966987358
core,3324,21.0,20.413517029520374,0.8650373794216649
core,3325,22.0,23.251881893922796,0.8687404400860425
core,3326,24.0,22.780205070889846,0.8896929788900074
core,3327,24.0,22.294046428735456,0.8780860149821045
core,3328,22.0,21.048267322587474,0.864219820607102
core,3329,22.0,22.330190090732298,0.8712965262454369
core,3330,22.0,20.88296301070984,0.8691418919110907
core,3331,21.0,22.392880214492926,0.8616493612139594
core,3332,15.0,25.56274557285013,0.8611984371749861
core,3333,23.0,26.743960605378106,0.8463763370764431
core,3334,17.0,23.742869260515725,0.8697304601024187
core,3335,22.0,21.84652759310738,0.8788808934511154
core,3336,15.0,20.437526602577726,0.8748900047860728
core,3337,21.0,22.813459571297695,0.8689260732181249
core,3338,22.0,24.149915810625977,0.8563914275839505
core,3339,22.0,23.74069171622788,0.8613510588078259
core,3340,23.0,24.812931845503368,0.8511818799740355
core,3341,14.0,20.846650401228455,0.8724288959692399
core,3342,19.0,21.818167389456026,0.8811042745672539
core,3343,16.0,22.758957165844244,0.88126462472555
core,3344,15.0,18.456540697750107,0.8675401590315074
core,3345,23.0,19.664726199482995,0.8833847602512015
core,3346,22.0,23.22224275069501,0.8619496781114061
core,3347,14.0,21.790907563219065,0.8717686583315127
core,3348,16.0,23.620631962289877,0.8744193165903951
core,3349,22.0,23.730171608209755,0.8711419394352151
core,3350,21.0,20.438800259887575,0.8683878403593994
core,3351,22.0,19.963375440198142,0.8756026835083787
core,3352,20.0,23.28715643895513,0.8449917019237783
core,3353,23.0,24.211175800902126,0.8858558236666658
core,3354,23.0,24.269347692159016,0.8816499202662516
core,3355,22.0,26.158913986418074,0.8672829055135551
core,3356,14.0,22.83885490743367,0.8548424878023563
core,3357,15.0,21.729949524904754,0.8651091107311835
core,3358,23.0,25.248359886504,0.8853590229306639
core,3359,15.0,22.79396469647646,0.8853503125178408
core,3360,20.0,21.321677735278982,0.8711298376133397
core,3361,15.0,24.64317950976695,0.8623167594390517
core,3362,14.0,22.285659801749865,0.870310695953306
core,3363,22.0,22.78839272080404,0.8735792910367475
core,3364,15.0,21.8467472541075,0.8686657294417723
core,3365,15.0,21.945000818214083,0.8614990999399614
core,3366,21.0,20.449876056264383,0.8750747063918629
core,3367,24.0,21.822291158036414,0.8526241413489404
core,3368,23.0,23.71985408117829,0.8342264683650056
core,3369,19.0,22.276391917333562,0.8656922592059632
core,3370,23.0,22.29222897839049,0.8714051867987496
core,3371,24.0,24.26802196146003,0.8689315430323632
core,3372,15.0,22.729099851798207,0.8622606257544425
core,3373,21.0,25.201858646347308,0.8830328207283471
core,3374,21.0,22.93929191679804,0.8721356775023175
core,3375,18.0,22.736966583827428,0.8792050212792772
core,3376,20.0,23.659030933185075,0.8775791010231461
core,3377,15.0,23.345595026742973,0.8760605338586169
core,3378,24.0,22.924198121710944,0.8666381951225111
core,3379,22.0,18.61308863922161,0.8827919918841651
core,3380,16.0,21.323527913345036,0.8779462417616282
core,3381,22.0,22.86931292234542,0.8692774377608435
core,3382,21.0,24.79422936685456,0.8640781456737006
core,3383,23.0,21.89128598006493,0.8578464829300032
core,3384,14.0,20.80864955026903,0.8656184948040728
core,3385,22.0,23.82115548715828,0.8597588464278083
core,3386,22.0,21.00670106453801,0.8710020373721343
core,3387,24.0,20.957575522750787,0.8590413780082083
core,3388,17.0,20.332314449685576,0.868414436092519
core,3389,19.0,21.024468096197356,0.8664992430910725
core,3390,23.0,18.124781830994934,0.8714593626361884
core,3391,24.0,25.271768913327406,0.8586459607366748
core,3392,21.0,23.665199367493308,0.8688548134413216
core,3393,19.0,22.297540075951307,0.8601910941891786
core,3394,14.0,22.592443545078474,0.8669764656928052
core,3395,23.0,24.771973054200977,0.8725213545975177
core,3396,20.0,19.91550947432736,0.8764304480631899
core,3397,13.0,18.06421509615739,0.8656409011264481
core,3398,22.0,24.35735230866755,0.8653512188568339
core,3399,15.0,23.75592449035134,0.8585041338085162
core,3400,22.0,24.185034234165396,0.8552734240116646
core,3401,22.0,26.4947393986905,0.850651664402309
core,3402,21.0,20.428841939915845,0.8678185087934425
core,3403,15.0,21.655128302307148,0.8670013014584103
core,3404,22.0,24.276692819444737,0.8617170804104868
core,3405,22.0,24.10918934903573,0.8635280925955787
core,3406,16.0,21.28141919320184,0.8588883706020372
core,3407,20.0,25.07427350084225,0.8797283703883463
core,3408,23.0,24.864588178739915,0.8641525212405176
core,3409,15.0,21.14809232084087,0.8740612662621332
core,3410,14.0,21.816513649056382,0.8569192905030157
core,3411,15.0,18.45406349564445,0.8707220459734486
core,3412,22.0,23.364756049957553,0.863136981821863
core,3413,18.0,23.28147915009331,0.869007671248751
core,3414,21.0,23.7494181452143,0.8872410317620085
core,3415,22.0,25.62649984433232,0.8849635697776734
core,3416,15.0,17.571407741718613,0.8785444992440301
core,3417,23.0,24.144429721171672,0.8916999049730008
core,3418,11.0,21.3131579413477,0.856016959140671
core,3419,22.0,24.687827119626515,0.8493764333406477
core,3420,23.0,22.757569119672947,0.8495969523461173
core,3421,18.0,18.896660351053146,0.8631911351687636
core,3422,21.0,23.67971023496659,0.8732759997515389
core,3423,26.0,23.920119626293335,0.8738056430951313
core,3424,24.0,24.823225383291813,0.8690236197968353
core,3425,24.0,22.77673992019701,0.8571464475849158
core,3426,19.0,19.463761350994563,0.88073177857762
core,3427,16.0,24.128189178043996,0.8715751070236943
core,3428,21.0,20.454864753088827,0.8825061118392802
core,3429,16.0,24.137727295350665,0.8608016301697072
core,3430,15.0,23.710674077880036,0.8683861657948314
core,3431,23.0,26.211533544265016,0.8631686930717479
core,3432,24.0,21.4210774692092,0.8659385129782824
core,3433,15.0,22.281855067746513,0.8762895272314328
core,3434,21.0,22.331857583938877,0.8718267903202525
core,3435,22.0,25.1828348439703,0.8634728051861953
core,3436,23.0,21.557809903347707,0.8667757397596947
core,3437,24.0,24.724256393320434,0.8748980144330891
core,3438,24.0,25.548689830923507,0.8711403399651068
core,3439,21.0,22.214130576463177,0.8710949102193377
core,3440,15.0,20.831743477801982,0.8724091375331782
core,3441,16.0,20.939859309526117,0.877221041103911
core,3442,21.0,23.184261612689014,0.865225730612299
core,3443,24.0,22.86619722220513,0.8640939681190141
core,3444,16.0,24.14721500522222,0.8777685603862317
core,3445,22.0,20.474894056493458,0.8802782270281703
core,3446,18.0,25.211819029815572,0.8467501787438203
core,3447,16.0,23.248444354567525,0.8742888490797855
core,3448,19.0,23.201292485326118,0.8686283806818529
core,3449,26.0,25.162170901765847,0.8631862151036398
core,3450,16.0,24.248263108789303,0.8624836532532963
core,3451,20.0,23.29198969865076,0.8689795290276239
core,3452,22.0,24.065199588157682,0.8656775940592104
core,3453,24.0,24.21978770852188,0.854240427256275
core,3454,12.0,21.48058163279438,0.8639690142178023
core,3455,22.0,24.092847389385874,0.877432191654369
core,3456,22.0,24.234143879934425,0.8787531802495857
core,3457,23.0,21.557181220760324,0.8765240531727093
core,3458,22.0,20.8982751292098,0.8747510135280342
core,3459,22.0,24.130986966994293,0.8617899484680948
core,3460,20.0,20.401386298676275,0.8530957230132411
core,3461,22.0,21.94187385274588,0.8661548005314608
core,3462,22.0,23.792720004703902,0.8650363272732015
core,3463,19.0,22.77839284018971,0.8715828167654882
core,3464,15.0,20.379867935226674,0.8709100204636329
core,3465,16.0,21.8493471175476,0.888341460370296
core,3466,18.0,23.15263375364032,0.8750984079453987
core,3467,13.0,22.71768640070769,0.8550311378313276
core,3468,15.0,22.228188104724232,0.8680728682379355
core,3469,16.0,22.35886560907913,0.8756527385663355
core,3470,21.0,25.213230140648626,0.8696011820853681
core,3471,21.0,21.010842542835583,0.8652231059674629
core,3472,22.0,21.353693470284433,0.8666105505642694
core,3473,14.0,20.412131200508835,0.8689569945387927
core,3474,16.0,20.979284974510893,0.8642005564308675
core,3475,24.0,23.290481077789646,0.8713905306502109
core,3476,24.0,23.738220217641416,0.8549645960537897
core,3477,22.0,25.751503300606828,0.8608505879272621
core,3478,16.0,19.499246039984317,0.8833754832161622
core,3479,18.0,23.821932523790068,0.8532999943691219
core,3480,15.0,20.46221950985366,0.8599800545059237
core,3481,20.0,21.372022116546336,0.8629588421360714
core,3482,22.0,21.897689138922733,0.8836397011698203
core,3483,24.0,21.77061330952225,0.857283339471449
core,3484,17.0,20.885191590665293,0.8765887214110206
core,3485,22.0,20.913620684625783,0.8760372420986009
core,3486,22.0,21.892573748334016,0.876292722343935
core,3487,19.0,21.867034861140617,0.8814629369696303
core,3488,22.0,24.71317768004615,0.8472256766759354
core,3489,14.0,23.706312089008033,0.866696025447043
core,3490,19.0,22.243137183847445,0.8507532852516544
core,3491,16.0,20.82580414672001,0.8620272018259125
core,3492,22.0,22.89386476571763,0.8605085936198046
core,3493,15.0,26.795731049989755,0.8810938730809622
core,3494,22.0,24.110665348617605,0.865163817783968
core,3495,23.0,22.7793724843716,0.8535056646719195
core,3496,15.0,22.777828196079575,0.8692111562942155
core,3497,14.0,20.229032500077345,0.8765858542293326
core,3498,21.0,21.37986824780375,0.8699343877486034
core,3499,23.0,26.623506326077838,0.8568763232440444
core,3500,22.0,23.73445272067439,0.8714668474969431
core,3501,20.0,21.357068479932916,0.8588008665477912
core,3502,22.0,21.299459187790585,0.862059506173932
core,3503,22.0,26.276357185110996,0.8554296463653341
core,3504,22.0,25.04329545978505,0.8434371036739717
core,3505,16.0,20.695445402247945,0.8687056680723197
core,3506,23.0,27.062284085388683,0.8447854392877978
core,3507,22.0,22.85582362315467,0.8792039324622818
core,3508,21.0,21.306477334853028,0.8514478470562404
core,3509,16.0,19.553060193720086,0.8637301570735205
core,3510,22.0,21.395256039000714,0.8745820725134037
core,3511,13.0,21.65890881849524,0.8660879709643665
core,3512,22.0,21.448622345872398,0.8647545784400111
core,3513,22.0,25.259311257262514,0.8711862196828353
core,3514,22.0,21.002248520886017,0.8803725186821219
core,3515,23.0,24.40213093965582,0.8606664646565392
core,3516,15.0,24.65026702803684,0.8743761253119369
core,3517,16.0,22.83134645564984,0.8736149845219628
core,3518,14.0,23.15431547424624,0.8512947719392749
core,3519,15.0,23.1876016392918,0.8835967592412332
core,3520,23.0,21.962117190857633,0.8816121849842515
core,3521,22.0,21.83265615053483,0.8610654773686239
core,3522,23.0,22.78102406990094,0.8652491508642723
core,3523,18.0,21.31279189755084,0.8565544010713536
core,3524,15.0,22.420476827869017,0.8775567272914642
core,3525,17.0,21.83645063938462,0.8730625352260728
core,3526,23.0,24.669332277859354,0.8712613337310513
core,3527,19.0,21.797635548491055,0.8831990687347622
core,3528,22.0,24.138292099646925,0.8821483714406747
core,3529,22.0,23.278468415140708,0.8876433193772606
core,3530,22.0,22.74557237435513,0.8648388493125055
core,3531,21.0,21.776890712370705,0.8796878890947252
core,3532,22.0,22.359082609380767,0.8635985030088928
core,3533,21.0,22.210321571368116,0.8539793679242267
core,3534,21.0,26.67446874235078,0.8712232165990128
core,3535,24.0,22.308475200597503,0.866720998497776
core,3536,18.0,23.25216165763944,0.8663594779080293
core,3537,25.0,23.25582714649099,0.8559597603391266
core,3538,22.0,21.01607180801593,0.8730016655543305
core,3539,14.0,21.492665246137058,0.8556606894649543
core,3540,23.0,23.846978434971827,0.8766273962845785
core,3541,22.0,26.1608612361596,0.8484446336708685
core,3542,21.0,21.83439810611968,0.8741833263233274
core,3543,16.0,22.37892911796802,0.8551753077026899
core,3544,18.0,19.52662815858987,0.8587005073432166
core,3545,20.0,24.72287563847899,0.8498614292404233
core,3546,17.0,19.964706234845103,0.8602038502416298
core,3547,21.0,22.376066838265896,0.8547594091709853
core,3548,23.0,23.316716120123292,0.8714499541855408
core,3549,24.0,21.90462802252878,0.8692655539096447
core,3550,17.0,20.43913518457499,0.8606247805512264
core,3551,15.0,21.906298849361793,0.8555066647775631
core,3552,15.0,21.896893843391496,0.8882243609363081
core,3553,14.0,21.37501272911445,0.8725209443101021
core,3554,18.0,21.351093829273108,0.8634900086639916
core,3555,14.0,22.212102307624786,0.8785915830058002
core,3556,22.0,24.238488386900567,0.8642988439090594
core,3557,22.0,21.90767601430152,0.8550918188236845
core,3558,21.0,22.839074435496517,0.8661162806381019
core,3559,16.0,20.703071343840506,0.869993186491336
core,3560,24.0,22.348351620661905,0.8771968373788217
core,3561,24.0,27.40318693365789,0.8672852087544809
core,3562,14.0,21.26259177865931,0.8635232605595632
core,3563,23.0,26.112627432383878,0.8624481687117762
core,3564,15.0,22.867482592298884,0.8683618234533738
core,3565,18.0,23.13485357916269,0.8557865375434116
core,3566,23.0,19.82247046237647,0.8701882311586113
core,3567,17.0,22.79786387659183,0.8730063538568011
core,3568,22.0,24.272342600956506,0.851354204245689
core,3569,15.0,24.16611673716826,0.8570355629497184
core,3570,19.0,23.792502774628197,0.8746070485143824
core,3571,22.0,21.11725447036112,0.8672654879326143
core,3572,21.0,22.336916524690885,0.852550030835528
core,3573,21.0,23.31943248203619,0.8730723476273854
core,3574,13.0,20.886493386638094,0.8642811421284508
core,3575,21.0,21.35485893082945,0.8704521630520092
core,3576,22.0,22.81967645624333,0.8592537068083766
core,3577,20.0,21.78680967390277,0.8778024987061925
core,3578,16.0,21.83662285909708,0.8828550343183748
core,3579,23.0,23.69139279166625,0.8542543013330597
core,3580,21.0,20.887607809837927,0.8666044020543856
core,3581,21.0,23.326386794805316,0.8424386390800583
core,3582,24.0,26.69867738819139,0.8613564737545982
core,3583,18.0,24.60614521708821,0.8671956433219046
core,3584,16.0,21.45898344631251,0.8655226044090258
core,3585,18.0,21.855360004605327,0.861162079596776
core,3586,16.0,20.241326934116657,0.8836676313089432
core,3587,18.0,20.817853696635236,0.8672741525279914
core,3588,22.0,24.306511662292298,0.8746137212051093
core,3589,21.0,22.33587491546844,0.8724983724674895
core,3590,23.0,21.843269004226322,0.8727470430977359
core,3591,21.0,22.819637377405147,0.8700660199057322
core,3592,22.0,24.712460113147788,0.8707488101630942
core,3593,24.0,24.274043063004207,0.8583070072984731
core,3594,21.0,23.26004427246801,0.8689624241326246
core,3595,21.0,24.63385864732278,0.851922065163904
core,3596,22.0,20.986652609137675,0.8538021334502179
core,3597,12.0,22.703440003296794,0.8494880397846483
core,3598,22.0,20.88400521919136,0.8675640785061822
core,3599,15.0,20.90882202126148,0.8682236273992953
core,3600,16.0,22.120359988278274,0.8491028117297579
core,3601,16.0,20.808080882002248,0.8805124604179372
core,3602,22.0,23.62670223710388,0.8598241704654902
core,3603,20.0,25.145096959846537,0.8613989705948111
core,3604,16.0,25.19965411666262,0.8490037481124677
core,3605,22.0,20.925927445190823,0.8491215537509489
core,3606,23.0,21.8502974203784,0.8726107519524562
core,3607,21.0,25.228788562430644,0.8694029658629456
core,3608,22.0,24.731960549753044,0.8769533546014849
core,3609,15.0,25.179117172654635,0.8576343649828277
core,3610,23.0,21.02664250571415,0.8519395584048041
core,3611,16.0,22.830085229041163,0.8721288564292142
core,3612,22.0,22.21088805483006,0.8589411218178075
core,3613,22.0,25.755013464013075,0.8617138704264837
core,3614,24.0,23.27722114455413,0.8803393696385664
core,3615,15.0,21.78556022228714,0.8695827821977582
core,3616,23.0,24.299707446715033,0.8646548032949053
core,3617,23.0,23.72891935192353,0.8489775467272013
core,3618,15.0,22.687663034263064,0.8726912337040199
core,3619,18.0,21.797094189667025,0.8766212701339346
core,3620,23.0,24.339895143709747,0.8534054131491238
core,3621,22.0,24.828200641816238,0.8633885070242606
core,3622,22.0,23.155919948525156,0.8624093049995771
core,3623,17.0,21.33403018159215,0.8728436992054558
core,3624,24.0,22.94174028207192,0.8740419550964494
core,3625,21.0,23.669744977451355,0.8629774711508764
core,3626,21.0,23.29301255030698,0.8773199662340769
core,3627,15.0,23.127790704685754,0.8712257182220506
core,3628,21.0,22.275743921537202,0.8579091722033974
core,3629,22.0,20.92123072434771,0.8641834093686027
core,3630,23.0,22.24564886206342,0.8622111005979525
core,3631,18.0,22.195138049568865,0.8712940472531729
core,3632,22.0,22.89354570155462,0.8598628528027985
core,3633,22.0,19.916284393427166,0.8556390409743584
core,3634,14.0,23.652599796020198,0.8421657354158005
core,3635,14.0,22.73217642060831,0.8715869348526931
core,3636,14.0,23.772711726228184,0.872346435459499
core,3637,23.0,20.94669995313819,0.87383610492989
core,3638,15.0,23.231295137187875,0.8541293914259394
core,3639,17.0,25.55884245102196,0.8963390344589541
core,3640,15.0,22.29854416378003,0.8680854339565546
core,3641,14.0,20.80356357017699,0.8833280289287695
core,3642,26.0,25.22300484219559,0.8631425456485267
core,3643,15.0,21.97328368862021,0.8681224357688027
core,3644,18.0,22.865710646102137,0.8712591546886319
core,3645,15.0,19.89835627295838,0.8460365737016771
core,3646,16.0,21.226615692311814,0.8913092127937086
core,3647,22.0,23.181297118453585,0.8645922907656908
core,3648,18.0,22.2233441172662,0.8645606084675052
core,3649,22.0,26.4875906021384,0.873785454451465
core,3650,22.0,22.2976292550195,0.8724754210918851
core,3651,17.0,24.626177202333647,0.8803345219016216
core,3652,15.0,20.24527718715897,0.8475742841263734
core,3653,21.0,23.369713428959948,0.8565404852693619
core,3654,20.0,20.41465519905275,0.8680676551209067
core,3655,22.0,25.100787781275336,0.878081579012606
core,3656,22.0,25.016198878319987,0.8685874170866785
core,3657,15.0,25.031894890825455,0.864295983314125
core,3658,15.0,21.80667515348648,0.8651175486475884
core,3659,19.0,21.750685544338868,0.8424028591006657
core,3660,15.0,24.513542144466825,0.8666884499508861
core,3661,18.0,23.248027542425547,0.8654785685542421
core,3662,21.0,24.29648312115431,0.8806628875007871
core,3663,24.0,25.656705538921184,0.8420473981931331
core,3664,27.0,23.798416619448503,0.862615722097613
core,3665,19.0,22.796433032198085,0.8795021513586333
core,3666,18.0,24.643523195810754,0.8526874294751448
core,3667,21.0,20.955523756544277,0.8640844990911596
core,3668,20.0,24.161675574160988,0.8709736273588891
core,3669,16.0,21.865749414701973,0.854542027770893
core,3670,15.0,22.79032468739817,0.8388113615669162
core,3671,23.0,24.786767999374735,0.8697520989808443
core,3672,21.0,22.273288958737968,0.8652236042573336
core,3673,22.0,23.72376011983501,0.8766573597622926
core,3674,22.0,21.760909906421915,0.8498027210907655
core,3675,18.0,22.24679701555555,0.8805486081559859
core,3676,20.0,21.83563712265948,0.8603387815597807
core,3677,15.0,18.40882198965268,0.8688074873370293
core,3678,19.0,21.79129285631696,0.8728947166622019
core,3679,22.0,21.9641043920585,0.8719836910569784
core,3680,24.0,24.36313015309154,0.8526840392135061
core,3681,14.0,21.83112693941534,0.8823110389804238
core,3682,22.0,24.025026024501805,0.8625406202998755
core,3683,11.0,22.633339836364325,0.8654445099965038
core,3684,14.0,23.751563456441943,0.877603702909163
core,3685,18.0,20.918520415305583,0.8771541337078352
core,3686,23.0,23.230097817772144,0.8692597728463802
core,3687,22.0,19.579245641751964,0.8731398045259624
core,3688,23.0,23.132490037364942,0.8654238238291563
core,3689,21.0,20.964473290169753,0.8728424100805715
core,3690,21.0,22.300703532186695,0.8575706093574029
core,3691,15.0,23.06241457964317,0.8463592041368455
core,3692,20.0,20.976265453581682,0.8794432979609967
core,3693,22.0,21.842128918891007,0.8800373116101994
core,3694,16.0,24.263940294670242,0.877749421975128
core,3695,23.0,22.753661714929986,0.8550808835541572
core,3696,15.0,23.767819382442212,0.8576751955465556
core,3697,24.0,21.475465650485834,0.8660667045539652
core,3698,22.0,21.39137600508465,0.8556247931187824
core,3699,22.0,21.91715296325703,0.8700412494368135
core,3700,22.0,22.832551499101278,0.864606480387804
core,3701,23.0,23.641034266120375,0.8671853338660394
core,3702,22.0,22.78673562634557,0.8719128955194834
core,3703,21.0,25.68365384833337,0.8637743703378192
core,3704,22.0,21.97861533670367,0.8769217338123325
core,3705,22.0,24.761563846913383,0.8717008462605089
core,3706,18.0,24.199783871384664,0.8669352253970187
core,3707,23.0,21.790241326418606,0.8656546251260092
core,3708,22.0,24.13795957833055,0.8551582673684506
core,3709,23.0,25.412209524502444,0.8351850906604722
core,3710,16.0,19.34311820283043,0.8586756421542886
core,3711,23.0,26.63999731841901,0.8694976450110347
core,3712,22.0,24.411099802678986,0.8766751488775166
core,3713,19.0,21.801673291384457,0.879136936199743
core,3714,22.0,26.686086821001254,0.8560843848910056
core,3715,26.0,25.701349381572204,0.8610141111510219
core,3716,22.0,22.911740262373964,0.8777972871061606
core,3717,15.0,21.87162155826665,0.8667752654042766
core,3718,24.0,18.616894439866204,0.8552356884712575
core,3719,21.0,22.35640063535339,0.8613347066450376
core,3720,14.0,24.190219120674634,0.8470697630022641
core,3721,16.0,23.299033848108945,0.8726526937212762
core,3722,23.0,21.94270870567199,0.8770737380928502
core,3723,22.0,23.19370685812528,0.8577690358983039
core,3724,15.0,24.368542937013164,0.8858639808265576
core,3725,22.0,25.27244711770008,0.8620495328709008
core,3726,19.0,21.73139505660927,0.8603262826470514
core,3727,16.0,22.322012976222666,0.8816814660457541
core,3728,16.0,23.3056373494886,0.8612799739661517
core,3729,22.0,22.859552249493568,0.8668131084614314
core,3730,21.0,20.472447077709557,0.8692078764448223
core,3731,24.0,25.26377100712866,0.8652216626388906
core,3732,22.0,23.565050024417395,0.8568834290623215
core,3733,21.0,22.784286104812193,0.8663858333982413
core,3734,18.0,24.25884227840227,0.8635851541976485
core,3735,14.0,19.42969579725603,0.8581484250934511
core,3736,22.0,22.80055484291124,0.8667304240746864
core,3737,24.0,24.28980818847962,0.8649462655918616
core,3738,20.0,21.764537472950764,0.8718506862374945
core,3739,22.0,22.366169787462727,0.8775769957302036
core,3740,15.0,21.871182836922944,0.8548162097657643
core,3741,22.0,22.916548312846498,0.8802257306888726
core,3742,24.0,24.250390785183797,0.8832291736624023
core,3743,18.0,22.206144254606986,0.8686982416218978
core,3744,18.0,21.018687705118623,0.8849706885577453
core,3745,15.0,21.2556261423197,0.8837973615869237
core,3746,15.0,22.19965739074632,0.8747339081851528
core,3747,21.0,23.383056288404152,0.8327419350872938
core,3748,16.0,25.597206510074173,0.8686905967796672
core,3749,23.0,20.010637761187684,0.8800748410973114
core,3750,23.0,22.859007813715248,0.862550558223317
core,3751,19.0,19.99506388726489,0.8653300091197563
core,3752,19.0,20.916857966625475,0.8795163584895911
core,3753,23.0,21.391895416827452,0.8693098711873071
core,3754,20.0,20.98571928891956,0.8606525190772578
core,3755,16.0,21.897897662461457,0.9086035364828162
core,3756,15.0,18.04614451802223,0.8702567260747867
core,3757,16.0,22.225863631000315,0.8606519251859692
core,3758,22.0,22.352443137435756,0.8650733527647363
core,3759,16.0,24.168442754949933,0.8619568927792984
core,3760,22.0,23.269277967994558,0.8753525903039134
core,3761,21.0,24.1792643624266,0.8780936589138268
core,3762,17.0,24.186310741327652,0.8686000943409478
core,3763,23.0,25.662285785201313,0.8720688644040371
core,3764,22.0,21.691764821295507,0.8785496445873464
core,3765,22.0,24.686718122618906,0.8580663390444023
core,3766,19.0,21.422677789724073,0.8640636882791635
core,3767,21.0,23.825406484159064,0.8644654301341763
core,3768,23.0,23.19223667981793,0.8761381517878013
core,3769,21.0,28.090070820510636,0.8648443928487575
core,3770,20.0,19.952769214610605,0.8704259702773833
core,3771,16.0,22.84394710967733,0.8897867788437446
core,3772,22.0,21.490522382851502,0.8682640895741267
core,3773,17.0,22.33749163690062,0.8886574525171271
core,3774,16.0,19.10601965109315,0.8442052097236228
core,3775,22.0,23.295626762171818,0.8838792770607786
core,3776,22.0,26.598528967473076,0.8698958488053075
core,3777,23.0,23.690952175741778,0.8757883553399948
core,3778,14.0,21.305015401338746,0.8723226714747403
core,3779,22.0,20.878988099984227,0.8790951226868351
core,3780,19.0,22.79343580941672,0.8761399988378499
core,3781,22.0,24.56376054427423,0.8661394198308137
core,3782,24.0,26.23177499805087,0.8407050415462289
core,3783,21.0,24.164093310476087,0.8713309425748283
core,3784,24.0,24.609806671686894,0.8672096979349075
core,3785,21.0,25.51815553360671,0.8678082808512386
core,3786,22.0,21.424710120316266,0.8740925674124655
core,3787,23.0,20.903715762011114,0.8834008304146445
core,3788,14.0,18.992347199690858,0.8761151238271301
core,3789,22.0,25.249536996814747,0.8672682027819614
core,3790,15.0,22.714794673994696,0.8647412270728658
core,3791,23.0,20.948268578227232,0.8671067810416979
core,3792,21.0,21.354757186748788,0.8810627930497772
core,3793,22.0,23.86206077316612,0.8378118242030201
core,3794,22.0,25.029211564728225,0.8655311068344547
core,3795,23.0,25.61257337726895,0.8698994688465622
core,3796,20.0,21.93148692040463,0.867457404324725
core,3797,16.0,23.165483606792947,0.8908127023391712
core,3798,21.0,24.382615031305086,0.8760871994069064
core,3799,21.0,19.950531993489964,0.9017301668809625
core,3800,21.0,22.304346485409877,0.8745136047569781
core,3801,13.0,23.668023079865783,0.8757429865877433
core,3802,22.0,22.389750617355745,0.8678867175495364
core,3803,13.0,23.83813546979212,0.8759923913410159
core,3804,22.0,21.483399363165915,0.8716167042559173
core,3805,14.0,14.745149860382728,0.8667245311722089
core,3806,22.0,23.273850719175375,0.8715488540743341
core,3807,22.0,23.84629148975453,0.8939692266250787
core,3808,22.0,21.920412549434165,0.8618704593171119
core,3809,23.0,24.13296937709601,0.8524583565977846
core,3810,22.0,23.88612834162482,0.8756599168118764
core,3811,15.0,19.341501433237255,0.8533844409810183
core,3812,18.0,21.938334178348732,0.8631797792999245
core,3813,14.0,19.904675593969415,0.8518850856415081
core,3814,23.0,21.885531967740793,0.8590501106819226
core,3815,22.0,23.22022530464039,0.8520955748312634
core,3816,21.0,22.71849697746665,0.8670494396984225
core,3817,18.0,20.510691832847332,0.8731639888320475
core,3818,16.0,25.543974744446302,0.864258183809486
core,3819,20.0,24.11080676972221,0.8558470779044896
core,3820,18.0,23.82605632429546,0.8736232357144139
core,3821,22.0,20.973300421764748,0.8517546339983215
core,3822,17.0,18.626918833354143,0.8630368626448068
core,3823,24.0,25.351601719588484,0.8686513127491777
core,3824,16.0,23.6626742105788,0.8662947170481073
core,3825,23.0,22.849330207010652,0.8569843550872837
core,3826,17.0,21.779009915150233,0.8800086420781661
core,3827,17.0,23.299479029022212,0.866303117638324
core,3828,16.0,25.069782967255595,0.8788837409992503
core,3829,19.0,23.337987499496087,0.8640709925442058
core,3830,19.0,22.789118085502515,0.8642245552101553
core,3831,23.0,23.755844468659863,0.8531997501239325
core,3832,23.0,24.17333297620029,0.8442906515627004
core,3833,19.0,22.238092933735118,0.8596977178216738
core,3834,23.0,21.415428694800934,0.8669893731223903
core,3835,18.0,18.434022969257978,0.8801947967130057
core,3836,20.0,21.865614510384066,0.8667433881122224
core,3837,26.0,22.33379551094011,0.8643434990273064
core,3838,21.0,24.228555636771606,0.8583208039420298
core,3839,22.0,24.319590512063744,0.8609430321068856
core,3840,21.0,22.870518956699353,0.8613559675359785
core,3841,23.0,25.958814496438432,0.8665534750019418
core,3842,14.0,22.371627243697574,0.8712346753251365
core,3843,21.0,23.31194707939874,0.869692805092825
core,3844,25.0,23.721011573268733,0.8716418769673165
core,3845,16.0,24.171911864612813,0.8649011827350788
core,3846,22.0,20.916752090843303,0.8598323577000024
core,3847,15.0,24.02129672506551,0.8691608774117854
core,3848,17.0,21.290956677989392,0.8664270618718474
core,3849,22.0,25.283461770497258,0.8512086219688375
core,3850,16.0,22.335898307518224,0.8675728899269144
core,3851,22.0,22.821854937632416,0.8508150313035201
core,3852,26.0,24.781057258488833,0.8840871651632743
core,3853,22.0,23.306265556722526,0.8539647184706877
core,3854,15.0,24.12018217800519,0.8807472482429775
core,3855,14.0,20.904097322185606,0.8796712142874608
core,3856,21.0,22.814986013931353,0.8681707852256924
core,3857,16.0,22.826150241335935,0.8717289581510109
core,3858,18.0,23.70064837464494,0.8705266688123621
core,3859,15.0,23.350342067895188,0.878499229996871
core,3860,20.0,21.912725453542663,0.8645357274453389
core,3861,22.0,22.293348110941235,0.8815874435518001
core,3862,22.0,21.792755747246282,0.8822583227871807
core,3863,15.0,20.47925388602106,0.8640171418765517
core,3864,15.0,19.536927539535558,0.8728149872684223
core,3865,22.0,25.20954616491209,0.8653425902856401
core,3866,21.0,20.889160566082875,0.8735581866603315
core,3867,21.0,23.717549778365363,0.8486790164627229
core,3868,16.0,22.270835539812452,0.8789100008294473
core,3869,22.0,24.802653593882116,0.8654525227314891
core,3870,15.0,28.008418792352547,0.8575885188970689
core,3871,23.0,24.222161217765102,0.8644589283820925
core,3872,20.0,21.272669107259254,0.8728964823202703
core,3873,20.0,22.28049742378364,0.8728579179368879
core,3874,22.0,24.681626502925443,0.8752800435296739
core,3875,19.0,23.47614744722547,0.8716949840090256
core,3876,19.0,24.803989455411042,0.8630321494599238
core,3877,21.0,20.86563738774038,0.8819299184486638
core,3878,22.0,21.871512993318408,0.8698562415956672
core,3879,15.0,20.406473058576847,0.8931943254991273
core,3880,25.0,22.397473785316706,0.8696788703493572
core,3881,22.0,24.247532627410102,0.8711435967895693
core,3882,14.0,20.525938801063496,0.871459448313135
core,3883,22.0,22.850804437708593,0.8701415908539587
core,3884,15.0,25.077451157281388,0.8835735229421626
core,3885,21.0,23.18113958496469,0.8653353958861061
core,3886,22.0,24.336452660193448,0.8730603978970248
core,3887,17.0,23.35336248314299,0.869843832436181
core,3888,23.0,23.839189944450883,0.8596762768537736
core,3889,22.0,22.325703643686662,0.8677373871747192
core,3890,14.0,23.67117487243473,0.8528651213841192
core,3891,22.0,21.41689133109469,0.8726535085139926
core,3892,23.0,21.77231966647527,0.8697450551373496
core,3893,17.0,21.313987969276422,0.8794940777446849
core,3894,23.0,25.197932327446996,0.8700118600450171
core,3895,15.0,19.888055212875045,0.870383769470555
core,3896,13.0,22.22525863480365,0.8656036611153985
core,3897,18.0,21.85845890121556,0.8771512118434672
core,3898,22.0,24.722690969306452,0.8908157524611453
core,3899,21.0,19.855397591520262,0.8689964287836287
core,3900,21.0,24.168118816288796,0.8622682972624565
core,3901,22.0,22.234806848081718,0.8777488253749572
core,3902,22.0,21.83357797684997,0.8483068143182679
core,3903,22.0,24.131253117884096,0.8723910842633337
core,3904,23.0,21.012162676573695,0.8624022737052904
core,3905,22.0,20.84797277416819,0.8624324772857774
core,3906,16.0,23.106121247607515,0.8723498004795921
core,3907,18.0,21.34083773445809,0.8849823424735945
core,3908,15.0,22.778855734278974,0.8740822489021316
core,3909,23.0,19.962784384285094,0.878821844000665
core,3910,22.0,22.425783461591944,0.872006159480799
core,3911,23.0,22.86326216060884,0.8690561063841384
core,3912,15.0,21.87814948803626,0.8659307698785895
core,3913,17.0,24.650051402807,0.8621490857968662
core,3914,23.0,22.31955585392155,0.8571107509581884
core,3915,17.0,23.2921854546352,0.8508229936447085
core,3916,22.0,25.048333647411084,0.8678262542227406
core,3917,20.0,24.2143741210584,0.8704210976709096
core,3918,23.0,23.28577011692108,0.8552145675168172
core,3919,19.0,21.825685063370038,0.8624548869573037
core,3920,15.0,20.312925601340492,0.8621545552693705
core,3921,22.0,22.139897076074874,0.8533889186383764
core,3922,13.0,22.87690074421132,0.8652250828789436
core,3923,21.0,20.642173866063498,0.8582726997288742
core,3924,21.0,21.871754467061475,0.8596705634064203
core,3925,22.0,23.23081888498225,0.8787113367537753
core,3926,21.0,22.9859652253773,0.8714041553271066
core,3927,20.0,22.276122653266516,0.8699097032129302
core,3928,21.0,24.76067798014829,0.8805708606920797
core,3929,13.0,24.641728110203857,0.8695781209039842
core,3930,16.0,21.303460035963855,0.8792984205514256
core,3931,19.0,24.735885215245865,0.8612269208117407
core,3932,21.0,21.759561914383823,0.8761382207262445
core,3933,16.0,19.030611843911743,0.889118834015544
core,3934,23.0,22.414265616628942,0.8655253788907729
core,3935,22.0,25.153790415698175,0.8843739316865173
core,3936,16.0,21.23884866480096,0.850440942135928
core,3937,16.0,19.995326361603077,0.8616808108737457
core,3938,18.0,23.244093797169846,0.8869731130304278
core,3939,21.0,25.13048538462964,0.862657660214795
core,3940,24.0,21.99351158858252,0.8551097346503135
core,3941,20.0,23.322192556444296,0.866601431689219
core,3942,16.0,21.68629423570665,0.8528223594796944
core,3943,23.0,21.419897726530582,0.8672333160193911
core,3944,15.0,23.26129883351098,0.8727886990475928
core,3945,22.0,23.35188970820699,0.8773434783678753
core,3946,20.0,21.777689370547872,0.8680932395129257
core,3947,25.0,23.238311101186774,0.8658920821024924
core,3948,23.0,23.247948580029952,0.8694450247148655
core,3949,14.0,23.21438318655964,0.8750955772604605
core,3950,18.0,24.147506254453983,0.8651290185483759
core,3951,23.0,24.310321869278855,0.8702206750872283
core,3952,20.0,23.40594409626796,0.8821510941407723
core,3953,25.0,27.985936982829227,0.8489758769868612
core,3954,20.0,20.481090313226414,0.8792001460668075
core,3955,21.0,23.343867795544455,0.8613466149578399
core,3956,14.0,20.354891929320594,0.8607883330165382
core,3957,16.0,21.549560459068882,0.878999518261016
core,3958,23.0,22.729274678155857,0.8630104788672821
core,3959,24.0,21.459251726625443,0.8751531714346055
core,3960,23.0,23.74802496080172,0.8614121018988101
core,3961,24.0,24.66378854329329,0.8884345714475317
core,3962,16.0,19.816692010547534,0.8815327738990847
core,3963,16.0,21.338977280205484,0.8751424241635372
core,3964,15.0,19.400644816227395,0.8837250495083804
core,3965,21.0,24.772777091053797,0.8632067072471599
core,3966,24.0,25.66890270162911,0.8716705999224676
core,3967,21.0,24.72603783087519,0.8550136534935613
core,3968,16.0,25.978151414042,0.8523435722026916
core,3969,24.0,21.436580112590384,0.8557126090767548
core,3970,15.0,23.206479712494016,0.862284055512489
core,3971,22.0,23.645040325544045,0.8658104912338361
core,3972,19.0,23.332904507273895,0.8613697435705525
core,3973,24.0,21.396232318132682,0.8794849523585602
core,3974,18.0,24.82862868641688,0.8521163792071296
core,3975,22.0,23.389806826136358,0.8621477793032883
core,3976,24.0,26.97282744216744,0.8646725911886146
core,3977,18.0,21.253243313690625,0.8364394624335267
core,3978,22.0,22.845015161968444,0.8658006676228884
core,3979,16.0,24.668178128500937,0.8724806938170573
core,3980,23.0,24.447791897380007,0.8669556096221855
core,3981,15.0,22.727417483323514,0.8659559004032231
core,3982,21.0,20.5275778156006,0.8651524464360043
core,3983,21.0,26.484468043176626,0.8583546045757648
core,3984,21.0,24.167825377452644,0.8521097721957789
core,3985,15.0,20.894701466091515,0.8736460776556149
core,3986,19.0,23.609176625290974,0.8774654950739295
core,3987,22.0,23.360062385216047,0.87346464374801
core,3988,24.0,25.256572239826756,0.8534035133327333
core,3989,21.0,19.963836134478576,0.869109465745761
core,3990,22.0,24.049583939622945,0.8832179289262252
core,3991,21.0,21.784888852860444,0.8574450314090968
core,3992,14.0,25.112102573024387,0.8805587659408611
core,3993,24.0,21.43161799108742,0.8507164420189848
core,3994,22.0,22.78005317645015,0.8611460231326151
core,3995,16.0,24.310066420705922,0.8796347270875517
core,3996,21.0,22.208499572841905,0.878815955824926
core,3997,23.0,23.365491912419035,0.8713342830657056
core,3998,23.0,23.65266017153222,0.8677312507985351
core,3999,12.0,22.71977252939738,0.8609623979275971
core,4000,25.0,25.197619909037872,0.8545712897860158
core,4001,15.0,22.850290944434892,0.8627080706164179
core,4002,22.0,20.443261379092313,0.8758555123638896
core,4003,16.0,22.392584676320386,0.8908858998077728
core,4004,16.0,23.84165410223621,0.8773362104543223
core,4005,16.0,22.79138301840358,0.8674724798349764
core,4006,22.0,21.872927947038498,0.8611367101153553
core,4007,21.0,21.0049818913947,0.8657507034813977
core,4008,15.0,23.65925146433759,0.8939154455478558
core,4009,23.0,27.134389835301427,0.880129432574351
core,4010,20.0,23.343464938626923,0.8886105922427054
core,4011,23.0,24.76031972452181,0.8698879171364263
core,4012,22.0,22.258457078041815,0.8595665623854571
core,4013,22.0,23.637591173751495,0.8664817130292681
core,4014,22.0,21.774483080833118,0.8651051631489071
core,4015,23.0,23.40975915094999,0.8677722442972804
core,4016,21.0,23.817574420316813,0.8716941768100921
core,4017,22.0,25.167657536674074,0.8656140701053787
core,4018,11.0,23.28145524111315,0.8509673093849877
core,4019,22.0,25.112357677852085,0.861095305852938
core,4020,23.0,21.82474285936991,0.8647383446389267
core,4021,26.0,20.381431533511417,0.8602170976658443
core,4022,23.0,20.85677500616453,0.8690844496170798
core,4023,14.0,22.300213023663133,0.8771457772786215
core,4024,23.0,22.763093293799006,0.865824878368201
core,4025,15.0,20.41072326175993,0.8748146841199116
core,4026,20.0,22.780168186749812,0.8555816151914643
core,4027,21.0,24.073837779917547,0.8760215656613035
core,4028,22.0,23.47564473112344,0.8800549049077591
core,4029,22.0,20.939097078196085,0.8579739527022734
core,4030,19.0,23.679167052267683,0.8805880953999179
core,4031,15.0,19.916656132912493,0.8752739714950757
core,4032,15.0,24.553751928192195,0.8669296951247436
core,4033,17.0,23.141457495493892,0.8648976894252376
core,4034,22.0,20.63348764491545,0.8754620816382446
core,4035,18.0,22.829078083634275,0.8541773250841246
core,4036,24.0,24.29390787552827,0.8628037422920118
core,4037,20.0,22.300949000215514,0.8849460114977175
core,4038,21.0,22.232419045343214,0.8780902728676767
core,4039,28.0,27.219490357502373,0.8612191361717094
core,4040,22.0,23.733076091105826,0.8749559037301169
core,4041,14.0,22.42569885354845,0.8681560359092448
core,4042,20.0,20.86520702140299,0.8514585817722433
core,4043,13.0,24.015437181522657,0.8607273886698881
core,4044,22.0,23.299397633684258,0.8876540537890458
core,4045,19.0,20.568576891934597,0.8612774936131276
core,4046,23.0,21.90196122298483,0.8769816446116986
core,4047,22.0,23.271095683118574,0.8763526651024217
core,4048,15.0,23.27554731692042,0.8576580089495973
core,4049,21.0,23.821867945209597,0.8476047603573773
core,4050,16.0,23.24619845211177,0.8950972633486065
core,4051,23.0,20.900628732621065,0.848098587155057
core,4052,16.0,21.269848761306474,0.8745606480289847
core,4053,21.0,21.81055957787275,0.8589401445006429
core,4054,19.0,21.36575923014669,0.8670869555999282
core,4055,12.0,22.393813465355183,0.8573107945947658
core,4056,15.0,23.21079303715016,0.8638324242309441
core,4057,23.0,25.585620064962104,0.8726856779246358
core,4058,21.0,24.17757552714297,0.8653373248610805
core,4059,26.0,23.740105313884037,0.8813223562387087
core,4060,16.0,20.9532725663521,0.8888100521875881
core,4061,16.0,24.377860859017282,0.8593729057925981
core,4062,20.0,20.799705641333947,0.8617093876173552
core,4063,22.0,22.324909591785747,0.856234403295309
core,4064,16.0,23.791729210848608,0.8634578843664055
core,4065,15.0,23.383338790466947,0.8716291499768839
core,4066,21.0,23.810964126052916,0.8688664591437789
core,4067,17.0,23.09055027820556,0.8624963827275003
core,4068,22.0,28.010777631023835,0.8457268277585648
core,4069,23.0,21.46194663122168,0.8562464443768769
core,4070,16.0,19.922390937456516,0.8678036254611752
core,4071,16.0,23.31424796755112,0.8869619121814711
core,4072,14.0,20.323203580849178,0.8767943782017767
core,4073,22.0,21.783702910825724,0.8675303426592071
core,4074,20.0,23.84048731469047,0.8784689792790461
core,4075,21.0,23.171571277784953,0.852951750579132
core,4076,16.0,22.824653652344505,0.8619111383125913
core,4077,13.0,20.77140061899849,0.860384421649503
core,4078,21.0,22.68834432546487,0.870288267083158
core,4079,15.0,22.328140136987166,0.869522504569592
core,4080,23.0,19.07360169933744,0.8829261559014999
core,4081,12.0,25.51692966504983,0.8387671639901598
core,4082,16.0,25.962517942082947,0.8466874307107274
core,4083,13.0,23.110028957516803,0.8738058908824855
core,4084,21.0,22.290834732959933,0.8572114652395175
core,4085,23.0,22.356082490430758,0.8698246732142656
core,4086,26.0,23.301839529335986,0.8527662729252452
core,4087,22.0,25.072935040281198,0.8582455825176829
core,4088,25.0,23.639003916112348,0.8612796312282756
core,4089,25.0,29.00482713165725,0.8725661755429794
core,4090,18.0,22.663352733552177,0.8730419767506477
core,4091,16.0,21.87587957658483,0.8786635008312709
core,4092,16.0,21.997857240980206,0.8778005024829623
core,4093,22.0,22.806577162659114,0.8525192528042267
core,4094,22.0,23.28015883939077,0.8539041172666593
core,4095,22.0,22.015814001763786,0.8568042384734753
core,4096,22.0,20.912920078002276,0.8670504644351732
core,4097,24.0,24.79742667518777,0.8781341233636581
core,4098,21.0,26.580069782927676,0.864015645664816
core,4099,23.0,24.83379733762373,0.8634921728140255
core,4100,20.0,24.68909779974703,0.8724826186887933
core,4101,24.0,23.235258874670265,0.8617793591503375
core,4102,16.0,22.306763292303245,0.8592619962925032
core,4103,16.0,18.092438690269773,0.8783680052317139
core,4104,23.0,21.828327717092126,0.8752153010364074
core,4105,23.0,20.46739107818848,0.8692846414488807
core,4106,22.0,26.02804035060591,0.8377550098560487
core,4107,19.0,22.307678609667537,0.862018529741334
core,4108,23.0,24.68119134485668,0.8673813730850628
core,4109,22.0,22.50563866471633,0.8928179504922715
core,4110,23.0,21.803265376620363,0.8584538635286998
core,4111,22.0,22.388738199879214,0.869700391645703
core,4112,21.0,23.224862057440536,0.8760354984914975
core,4113,21.0,23.74924476337758,0.8644344461767056
core,4114,17.0,22.1496012476735,0.8683853249609444
core,4115,24.0,25.293431539655757,0.8586335104764959
core,4116,21.0,23.27455145311398,0.8618257665077638
core,4117,21.0,20.943341779757123,0.8729949755720551
core,4118,15.0,24.59535452725007,0.8636521777433614
core,4119,22.0,21.786759633599058,0.8711570525277372
core,4120,23.0,20.565085111804077,0.8690039563686922
core,4121,22.0,21.98507996276962,0.855188851416338
core,4122,22.0,21.3733897560091,0.8567128432036799
core,4123,21.0,22.351536674775325,0.8793646468603429
core,4124,21.0,22.884218140810546,0.8838384397178058
core,4125,16.0,20.510964512458052,0.8863161676814002
core,4126,23.0,25.12297643861784,0.8464171706637346
core,4127,22.0,22.32162233993788,0.8771242996936072
core,4128,22.0,22.30679168515212,0.8391053913070272
core,4129,20.0,22.290724188942015,0.875501577281645
core,4130,19.0,20.845468626080233,0.8771098272171416
core,4131,23.0,25.777766942309484,0.8628708679237873
core,4132,15.0,18.589728167447138,0.8595326122940328
core,4133,15.0,19.432968111946735,0.8777747206672997
core,4134,12.0,24.082366862416052,0.8650496865527721
core,4135,15.0,24.706505177182596,0.8745249758282727
core,4136,15.0,20.82504144974327,0.8511067736608247
core,4137,25.0,27.14137964607633,0.8779450212483917
core,4138,24.0,25.542620373320826,0.8656477263184563
core,4139,21.0,19.440518636197766,0.8759818346665993
core,4140,15.0,24.158821356320058,0.8548523180700446
core,4141,24.0,23.427333472330464,0.8675222493599354
core,4142,22.0,22.32443496347847,0.8682886519054149
core,4143,22.0,27.08343114100312,0.8573356287933169
core,4144,17.0,22.592123179670676,0.8848946602498852
core,4145,21.0,25.236932139664397,0.8746066005929579
core,4146,22.0,22.426567671968243,0.8657671984602409
core,4147,24.0,23.71572570436665,0.8639722186753779
core,4148,21.0,22.310271332784264,0.8516817667728497
core,4149,21.0,23.195991864352408,0.8597217309589387
core,4150,23.0,22.240702583644822,0.8581249118371748
core,4151,21.0,21.859114145464147,0.8978762394046932
core,4152,24.0,26.61292148358907,0.8437701935876665
core,4153,22.0,21.32766537299922,0.8793588309319129
core,4154,21.0,23.777225442932476,0.8495244599887384
core,4155,24.0,25.177070493028918,0.8663150543401645
core,4156,16.0,22.319757782252694,0.8926030297309714
core,4157,24.0,25.307682384232386,0.8614555311058657
core,4158,21.0,20.90532606867009,0.8732202836522035
core,4159,24.0,21.95917344451691,0.8878585319439525
core,4160,22.0,25.76212237049518,0.8744332760371194
core,4161,21.0,23.204815862591897,0.862213340957628
core,4162,23.0,24.711683379577828,0.8851844217948104
core,4163,24.0,23.23854266944246,0.8905814056550387
core,4164,23.0,20.44030802340078,0.8793606009174558
core,4165,16.0,22.6814937248973,0.8585460601583301
core,4166,23.0,22.339823935864533,0.8878852991796988
core,4167,24.0,22.436646154001316,0.8772911200171573
core,4168,22.0,23.824331482874328,0.8519875506239041
core,4169,15.0,17.61250663797531,0.8805471376744949
core,4170,24.0,23.78045383195157,0.8791815891621345
core,4171,23.0,20.985495259931326,0.8844012622497243
core,4172,15.0,21.8785667935739,0.8740315891855148
core,4173,21.0,22.751934997737067,0.8540691770838535
core,4174,24.0,24.34306294427164,0.88068568297768
core,4175,23.0,25.787958175541963,0.8712073561320894
core,4176,14.0,22.212002414811884,0.8640230736298453
core,4177,16.0,20.836441198995498,0.8713415208637683
core,4178,22.0,20.79903187372816,0.8529757318406171
core,4179,16.0,23.180033178981887,0.8733419375012854
core,4180,16.0,20.813497052045875,0.8698965550563957
core,4181,15.0,22.342594957166757,0.869622211615358
core,4182,16.0,20.414288263034425,0.8517523038698408
core,4183,16.0,22.2749716954259,0.8527318189424851
core,4184,23.0,22.81825414679719,0.8668679964604994
core,4185,22.0,18.69032132694298,0.8704802844513136
core,4186,14.0,20.371831929514567,0.8789514899991198
core,4187,13.0,21.860674113727452,0.8699896713826698
core,4188,21.0,24.16433297104247,0.8622579932017724
core,4189,23.0,24.16833257046873,0.8638093907846218
core,4190,16.0,21.7958257031099,0.8715232962380153
core,4191,15.0,23.677025608931128,0.8565059755690695
core,4192,13.0,18.49703355849996,0.8612840029731157
core,4193,23.0,21.973881064060382,0.860578894331683
core,4194,22.0,26.74976702460918,0.8628959847086337
core,4195,16.0,22.26250170982426,0.8635238549665127
core,4196,22.0,21.13204258986073,0.8742744399647101
core,4197,21.0,21.425923604263705,0.874748969148538
core,4198,21.0,21.71633763250458,0.8745115563001487
core,4199,14.0,19.94948182692107,0.850615897506754
core,4200,22.0,25.705541825402886,0.8614130591471152
core,4201,23.0,23.77875300653389,0.8814423709747377
core,4202,22.0,21.868347040512123,0.8594882033382769
core,4203,22.0,23.461717232171157,0.8679395867948899
core,4204,14.0,21.161036555848202,0.8778389501214461
core,4205,21.0,26.640038313683057,0.8511837301910605
core,4206,20.0,23.95308031344295,0.8819219412133903
core,4207,23.0,24.20531787594137,0.8719220933101546
core,4208,23.0,27.022798705851418,0.8612931009097377
core,4209,15.0,23.1704513612577,0.8824613604420675
core,4210,24.0,21.930706072166085,0.871724126918146
core,4211,21.0,24.201485647885118,0.862233927836284
core,4212,18.0,22.77809888511572,0.8681130650613524
core,4213,14.0,21.859639800170974,0.8630912236529649
core,4214,18.0,22.732183131853493,0.8815530377778316
core,4215,14.0,20.906520384879652,0.8850523902333358
core,4216,20.0,26.627907563450087,0.8684818659990537
core,4217,24.0,24.238466668296166,0.8786071357490994
core,4218,22.0,26.03717062402845,0.8449431617703792
core,4219,24.0,23.811974337251716,0.869062303838448
core,4220,15.0,21.471959371151115,0.8711831996703612
core,4221,18.0,22.188634740843266,0.8671039252000236
core,4222,14.0,22.698434697551683,0.8577516099076511
core,4223,21.0,22.204215389030722,0.8516153255091221
core,4224,23.0,22.807451336573166,0.8542822999252493
core,4225,22.0,23.179300574831586,0.875091399814777
core,4226,15.0,22.303921702333444,0.8696260288186759
core,4227,25.0,24.69429663497313,0.8633726687800469
core,4228,20.0,20.846763263995346,0.8819027429707121
core,4229,20.0,22.816606210481236,0.8630989276619139
core,4230,22.0,24.183022563464355,0.8754758761409287
core,4231,22.0,23.41161486442373,0.8568350693455131
core,4232,17.0,25.52710712919706,0.860022522846845
core,4233,18.0,20.84817878781584,0.8710215050917465
core,4234,21.0,21.436628720550726,0.8708207554249603
core,4235,15.0,25.082599048211144,0.8427139491878994
core,4236,24.0,25.34946739987472,0.8839656193295322
core,4237,18.0,24.756892279047783,0.8633295620582953
core,4238,22.0,21.018931263032037,0.8767718306953837
core,4239,22.0,21.482946089420793,0.8733684068696519
core,4240,17.0,21.28489777788272,0.8826625508796695
core,4241,16.0,19.939278258721917,0.8780736863972103
core,4242,16.0,21.77308217365741,0.8767086855268817
core,4243,22.0,21.83939391434733,0.8671820993881563
core,4244,21.0,28.334614056307696,0.8648898620779686
core,4245,15.0,26.133380158541858,0.8612098633086134
core,4246,21.0,25.2052463211247,0.8965916480336187
core,4247,22.0,19.549583207820458,0.8632104602722708
core,4248,22.0,24.252072596497758,0.8636699307488338
core,4249,22.0,21.818957412492264,0.8601224998737621
core,4250,23.0,23.800651164907446,0.8717089649454148
core,4251,22.0,25.037276741426464,0.8934512369241773
core,4252,26.0,25.202714565179196,0.8651730697080291
core,4253,20.0,17.590660876938134,0.8688711844061625
core,4254,14.0,22.674850982212575,0.8633375927034901
core,4255,16.0,22.429949689059175,0.8701079391652111
core,4256,22.0,19.5011330221079,0.8832039978768138
core,4257,14.0,22.29778939975354,0.8743113011966204
core,4258,14.0,21.166620299682766,0.8637490919568771
core,4259,18.0,23.192324093434124,0.875159992972667
core,4260,20.0,23.2661212916615,0.8625514074899181
core,4261,21.0,21.740543915956458,0.872232740977323
core,4262,17.0,22.139200313782936,0.8651657760718652
core,4263,24.0,22.646715409719107,0.8765202948570434
core,4264,24.0,22.85536430367382,0.8674417738818614
core,4265,22.0,24.62741027694272,0.8738588191511297
core,4266,22.0,21.018130123964717,0.8616856624590831
core,4267,19.0,22.88368854746279,0.8695513470416103
core,4268,22.0,22.27348163616146,0.8643226138508211
core,4269,23.0,22.914948640753348,0.8689311820496406
core,4270,22.0,23.851527450230282,0.8801034201884724
core,4271,15.0,24.177998350760266,0.8587568287743399
core,4272,23.0,25.141364944108865,0.8690012506960757
core,4273,21.0,24.09063589335074,0.8670581226566012
core,4274,21.0,20.883208818801833,0.8769166591666842
core,4275,18.0,24.212225969310996,0.8784521865943842
core,4276,21.0,23.70756611057875,0.880914579843775
core,4277,23.0,26.109015160695357,0.8633057576722214
core,4278,21.0,24.117874017546143,0.858273201226172
core,4279,16.0,23.194550838426135,0.846568095915978
core,4280,21.0,22.843604308905107,0.8747415600928334
core,4281,24.0,24.305571707918126,0.8756529851077954
core,4282,16.0,22.760281974400332,0.8842882485635415
core,4283,21.0,25.128565051324788,0.872985543898148
core,4284,21.0,21.46000018584034,0.8650035170221468
core,4285,24.0,24.3607442892083,0.8779376366135933
core,4286,16.0,23.812713248914637,0.8667841861092687
core,4287,24.0,21.914174034002876,0.8908389914382658
core,4288,13.0,24.675293606634124,0.8577827972377403
core,4289,23.0,23.22004357571561,0.8630693815471597
core,4290,22.0,19.145073374457148,0.8627369125040993
core,4291,26.0,23.290601993972725,0.8603876770842656
core,4292,21.0,24.122836333503177,0.8718926606015888
core,4293,22.0,24.146928753037315,0.8691150980968673
core,4294,21.0,23.194739667623487,0.861363198878667
core,4295,15.0,21.262623990705553,0.8592927929774168
core,4296,25.0,23.332686945115167,0.8597824620699196
core,4297,26.0,21.912060137364453,0.8673838362464237
core,4298,22.0,23.287636946495876,0.8563891910310248
core,4299,15.0,22.272209348701903,0.8817400269287325
core,4300,22.0,23.7442461924506,0.8836490325390908
core,4301,22.0,25.22201652375823,0.8631114453243882
core,4302,14.0,24.53795802353891,0.8664555021340259
core,4303,21.0,24.687315225428435,0.8669214040608473
core,4304,23.0,25.032633130817388,0.8601884396773214
core,4305,20.0,24.319802947353693,0.8822176358492491
core,4306,17.0,25.460100191583162,0.8630367035079447
core,4307,24.0,22.899008448589008,0.8580684372931857
core,4308,20.0,22.719435950903684,0.8644663681210893
core,4309,18.0,22.62022920172569,0.8753458545119681
core,4310,22.0,25.21783097807712,0.8483586941910268
core,4311,15.0,22.300722093615864,0.8731125289078466
core,4312,15.0,22.806043309054164,0.8660354419991683
core,4313,22.0,21.44334652506996,0.8644524030415683
core,4314,24.0,22.360922300882027,0.8727828547770397
core,4315,23.0,22.348181757604422,0.8647009094411593
core,4316,22.0,21.703152892043565,0.8776523951688313
core,4317,23.0,23.263409046900396,0.865790876198737
core,4318,19.0,22.89352390680046,0.8675384341827873
core,4319,18.0,20.4219687679696,0.8718353639441223
core,4320,24.0,23.449675109683856,0.8610630437030076
core,4321,23.0,25.133620301322185,0.8639772613427701
core,4322,19.0,22.711811054441707,0.871808239659274
core,4323,19.0,22.84063514017903,0.8725581488426634
core,4324,21.0,22.808027018467165,0.8551233648081055
core,4325,17.0,21.723502142991222,0.8598577163176975
core,4326,15.0,19.55649568384159,0.8578929551761878
core,4327,16.0,21.281786117419262,0.8804154443398846
core,4328,22.0,25.066964220931933,0.8434285058037865
core,4329,15.0,21.39372451615839,0.8637864043515089
core,4330,18.0,21.489330111432338,0.8747415149309681
core,4331,16.0,22.794009524866155,0.8775017170096803
core,4332,20.0,24.19735320084558,0.8638510051125305
core,4333,25.0,23.48639024505602,0.8712098734605985
core,4334,22.0,24.315244741897693,0.8479090824705516
core,4335,21.0,24.77502174270005,0.8665407237298695
core,4336,18.0,22.790503445330895,0.8609306326772973
core,4337,14.0,21.69186328651985,0.8621265977847674
core,4338,19.0,20.385880019034285,0.86699885170385
core,4339,19.0,23.630709044371915,0.8619553102120701
core,4340,21.0,23.406137341079432,0.8756913603909073
core,4341,19.0,21.258506552610797,0.8573529235731145
core,4342,22.0,23.68832212332867,0.8869482348683155
core,4343,15.0,25.57921839981053,0.8745676799675207
core,4344,22.0,23.151115890752752,0.8746900837896592
core,4345,20.0,23.63586337561896,0.8703447904539507
core,4346,22.0,24.69778224096916,0.8732787994731029
core,4347,21.0,22.22330555290743,0.870097149224503
core,4348,22.0,21.331702527760935,0.8643653568620914
core,4349,15.0,22.748842483388128,0.8583202830360197
core,4350,21.0,23.602386994777806,0.8686006916749254
core,4351,14.0,21.272775928514992,0.8746618002070612
core,4352,23.0,22.740238631656016,0.8717012671935376
core,4353,16.0,20.42193603825832,0.8602971634527198
core,4354,24.0,21.76706611301319,0.8716707654920626
core,4355,22.0,20.56887649755461,0.8501980274734775
core,4356,14.0,21.7030080645563,0.8750148463034105
core,4357,14.0,23.736894494935818,0.8646725225355144
core,4358,24.0,21.356123031316166,0.8610917229394374
core,4359,23.0,21.37427795282046,0.8871958591573393
core,4360,16.0,26.138070847907567,0.8690370057256993
core,4361,14.0,21.250153969276,0.88931633191302
core,4362,22.0,24.374360299037296,0.8659662518667712
core,4363,18.0,24.61909850268899,0.8627647601066605
core,4364,20.0,24.20184637794648,0.8478650858072959
core,4365,23.0,25.234972303331034,0.8756789131195205
core,4366,23.0,21.887213333008773,0.8528775292412005
core,4367,23.0,23.376232681886652,0.8595763549486899
core,4368,22.0,22.841612346786786,0.8732682287107166
core,4369,22.0,20.39610713832133,0.8630009591574221
core,4370,15.0,22.78396311662861,0.8617862468896779
core,4371,15.0,21.246219335857205,0.8475122032950215
core,4372,16.0,23.69960605365864,0.8585477067320457
core,4373,26.0,25.68235607052919,0.8590701157181527
core,4374,19.0,25.156617344418052,0.870223831916989
core,4375,22.0,23.69393172643324,0.8662044266496092
core,4376,14.0,18.34761153545063,0.8559854360069323
core,4377,24.0,24.391579412851762,0.875830614827509
core,4378,22.0,25.155307546174107,0.8731469181962594
core,4379,22.0,21.883915380438566,0.8728851748060611
core,4380,15.0,21.94249152257604,0.8573953606849352
core,4381,24.0,20.37584578338159,0.8725067020901596
core,4382,16.0,19.324464484117918,0.8476004168307492
core,4383,16.0,20.76839001989505,0.8673949012402901
core,4384,22.0,22.007123119396336,0.8557545789536167
core,4385,28.0,23.800020128101885,0.8451047104966247
core,4386,21.0,24.19997921547218,0.8589661792255796
core,4387,14.0,22.22263631749253,0.8564008880722419
core,4388,23.0,24.405236675275518,0.8485559091447832
core,4389,18.0,25.065614136851938,0.8530157068539674
core,4390,23.0,24.33925464734844,0.8928515020652121
core,4391,16.0,22.735469381400435,0.878701788051095
core,4392,14.0,21.222338835188133,0.8600425231037427
core,4393,22.0,21.885996371768154,0.8654188268510805
core,4394,23.0,24.277703649688455,0.8622185107806073
core,4395,16.0,22.68630921827117,0.8854097788934749
core,4396,15.0,22.749680323714273,0.8736359832740334
core,4397,15.0,21.363282635539477,0.8641443838350262
core,4398,18.0,23.18904631132604,0.856898872572901
core,4399,22.0,20.815678742203236,0.8771473949241574
core,4400,14.0,20.835706891566698,0.870507991588611
core,4401,22.0,22.26191674451743,0.8564713267088089
core,4402,16.0,21.90189063600111,0.8662216488742747
core,4403,21.0,24.77870531314446,0.8568734238763349
core,4404,22.0,20.879053972692482,0.8588709628390673
core,4405,15.0,18.409239723427383,0.876822145718739
core,4406,22.0,20.639475414662147,0.8393156039946486
core,4407,23.0,21.494811775188836,0.8717179870582639
core,4408,14.0,23.344535634857873,0.8498925029060551
core,4409,21.0,22.814285319004377,0.8690095890628938
core,4410,21.0,19.938812485452544,0.8797779645408881
core,4411,24.0,23.281687608048323,0.8765720572696316
core,4412,21.0,24.26868077358431,0.8628818358072157
core,4413,17.0,23.348320209268476,0.8574875608525465
core,4414,22.0,21.746407888961155,0.8654544352399858
core,4415,18.0,20.373534921443,0.8715067401541059
core,4416,20.0,21.442601356975075,0.8563620047171573
core,4417,22.0,24.919077046023133,0.8596699827758776
core,4418,21.0,23.388814621055595,0.8575147130847286
core,4419,15.0,21.915130503187015,0.8721034861803318
core,4420,15.0,21.870172348138563,0.877620707522424
core,4421,24.0,23.683991275632547,0.8532025068694629
core,4422,12.0,22.177952143300168,0.8582843801087734
core,4423,16.0,21.735608328408144,0.8612683360788259
core,4424,20.0,21.401189070532325,0.883956256070742
core,4425,22.0,24.759865499878483,0.876719003153434
core,4426,23.0,20.53955155238979,0.8674694789489172
core,4427,22.0,22.68374693115519,0.8777835022413748
core,4428,22.0,24.728760273927325,0.86161220210324
core,4429,23.0,20.346276040228073,0.8663063221639656
core,4430,16.0,26.47085731276819,0.856316519798958
core,4431,16.0,22.79863136508849,0.876297813937772
core,4432,22.0,21.588355383537724,0.8803068342862133
core,4433,19.0,22.293151565200457,0.8596166820523179
core,4434,21.0,21.88314751243945,0.860678460612354
core,4435,21.0,24.765374847008243,0.8706927719924016
core,4436,22.0,20.999740401543193,0.8557298407578291
core,4437,22.0,22.855086294234923,0.8826735594637417
core,4438,16.0,21.477868324416487,0.8740844074972911
core,4439,15.0,22.8014012578887,0.8677240161518918
core,4440,16.0,23.814186240635248,0.8760766985661164
core,4441,21.0,21.799482626068606,0.8674114687829027
core,4442,22.0,23.268647588663136,0.869004000055897
core,4443,15.0,23.847850216514676,0.8791851892622742
core,4444,23.0,23.33928733721809,0.8760013889744495
core,4445,18.0,20.467309659404023,0.8801712525462282
core,4446,23.0,24.68959656671173,0.8648988227874816
core,4447,22.0,21.493445310574142,0.8692051237686249
core,4448,20.0,22.701055825479532,0.8766779088702706
core,4449,16.0,26.095360409459143,0.8724524823314115
core,4450,24.0,25.27574282010261,0.8523463934351008
core,4451,23.0,21.529637764106166,0.8654516088089533
core,4452,21.0,23.20265475847419,0.843668160845876
core,4453,23.0,26.719426410547598,0.8784075354091987
core,4454,22.0,22.36351787670347,0.8625562329739953
core,4455,17.0,24.786536900101794,0.8690561272174253
core,4456,23.0,22.746993830603856,0.8493954918023066
core,4457,18.0,22.733293857726427,0.8598266773790251
core,4458,20.0,22.812624738633886,0.8680123704220519
core,4459,15.0,20.898775071383334,0.8715861144614602
core,4460,23.0,24.80412219241384,0.8690099852910674
core,4461,22.0,21.64204820717679,0.8435895325874684
core,4462,21.0,21.773879395667297,0.8731925616317646
core,4463,18.0,23.272451640973816,0.8803001202931031
core,4464,23.0,23.33054927926606,0.8738929488021998
core,4465,14.0,21.324751331758048,0.8713899334144398
core,4466,24.0,21.377199740738945,0.8532808894875681
core,4467,22.0,23.62907717055087,0.8637266139738291
core,4468,22.0,23.770415469233118,0.8676180678265597
core,4469,26.0,26.288011568504405,0.86033449881031
core,4470,21.0,25.578117615157762,0.8678082274367925
core,4471,22.0,25.026977402123883,0.8542047069973498
core,4472,15.0,19.388953193271757,0.871739407897816
core,4473,14.0,22.798766851850377,0.8757731895897196
core,4474,15.0,21.986182737171912,0.8641074507395472
core,4475,21.0,20.447530181931985,0.8643961285545968
core,4476,22.0,21.3965485468705,0.8715910122273995
core,4477,15.0,22.779594724941393,0.8670240258816584
core,4478,22.0,21.813237743179183,0.87581565794509
core,4479,21.0,20.500572855865826,0.8807026345046759
core,4480,22.0,22.385524374389462,0.8562417098937627
core,4481,22.0,25.14355806132957,0.8705020798168415
core,4482,15.0,22.899063415026827,0.8617141917731961
core,4483,17.0,26.953719285361448,0.8555415215781415
core,4484,22.0,22.685546382290447,0.8677916500644307
core,4485,22.0,25.137458347306623,0.8728533349275622
core,4486,19.0,22.885073529307807,0.8604513134794739
core,4487,22.0,24.224140776360077,0.8664524465971127
core,4488,22.0,20.31965450479641,0.8658850797919492
core,4489,23.0,23.324081080068332,0.8774733735253293
core,4490,22.0,23.27000645356198,0.8778670919236174
core,4491,14.0,22.745398970704453,0.8821958245152344
core,4492,22.0,22.417686963018525,0.8682332726697619
core,4493,22.0,23.221193802400162,0.8696632721786721
core,4494,18.0,22.44362882659321,0.8741397071173624
core,4495,23.0,24.265313060936307,0.8596551531255319
core,4496,23.0,26.555845511922236,0.8642777097411289
core,4497,23.0,23.333850042600886,0.8593645944242576
core,4498,16.0,23.16030932932218,0.8609835569394525
core,4499,23.0,20.955089120203112,0.8663431655637681
core,4500,16.0,22.698793651904914,0.8971503867486152
core,4501,17.0,20.828115954332862,0.8757609602026466
core,4502,22.0,22.80148980299094,0.8600945437623527
core,4503,21.0,24.661194263334412,0.8689758263340612
core,4504,23.0,24.383177428661284,0.8718911244100267
core,4505,21.0,22.318502654891102,0.8481181424489428
core,4506,22.0,25.18535975972971,0.8778906602782115
core,4507,15.0,24.332518363493637,0.8806193718264433
core,4508,15.0,20.920464036644304,0.859472908936739
core,4509,16.0,19.192054543738568,0.8823510140195978
core,4510,19.0,22.801588951646732,0.8690150539913614
core,4511,25.0,24.742312620964896,0.8771923889450256
core,4512,22.0,19.543708525476617,0.8798279812620684
core,4513,18.0,24.192677174925315,0.8719594812979741
core,4514,26.0,22.279512769475854,0.8679514496278262
core,4515,19.0,22.804545443862498,0.872630960950965
core,4516,15.0,24.25887284835364,0.8689521898402194
core,4517,22.0,23.374140635900243,0.8624709840388922
core,4518,21.0,23.329620756248673,0.871941092254207
core,4519,16.0,23.203341115876498,0.848353754444087
core,4520,15.0,27.028183906368607,0.8741966093391109
core,4521,24.0,23.848890179145474,0.8652074556382023
core,4522,22.0,24.34734839270149,0.8693643080278627
core,4523,22.0,23.819805426711667,0.8819818011064078
core,4524,15.0,23.203286232731873,0.8746287512478648
core,4525,22.0,20.908739711787227,0.8700105774449526
core,4526,16.0,23.183412180249082,0.8694623496933185
core,4527,22.0,23.33156799015385,0.8666155657740939
core,4528,19.0,23.745429985454354,0.8676651455248952
core,4529,16.0,21.355437637361966,0.849141620674922
core,4530,21.0,24.25037093749784,0.8529792145900418
core,4531,22.0,23.264317388254966,0.8525102688801475
core,4532,22.0,19.048193847873513,0.8653323784960947
core,4533,19.0,23.18447269862562,0.8840958702028487
core,4534,15.0,25.180109468750274,0.8721610956774276
core,4535,26.0,25.239086356645565,0.8679438658611347
core,4536,15.0,23.702368017120264,0.8650851047382211
core,4537,13.0,17.957843971001246,0.8600533323842798
core,4538,22.0,23.838734808431635,0.8741300873648516
core,4539,20.0,21.000451467332116,0.8755145536935678
core,4540,22.0,23.591562063506096,0.8723909417488538
core,4541,22.0,20.252113182297975,0.8677126765021335
core,4542,21.0,25.18374392266396,0.8635449351328942
core,4543,24.0,23.772826178033053,0.8576473665251803
core,4544,23.0,20.996382451212124,0.8486969971333392
core,4545,21.0,25.183605071080873,0.8675733035431505
core,4546,22.0,24.71203525982044,0.8606793865052591
core,4547,23.0,24.197520540291354,0.8813465078960577
core,4548,22.0,21.77661331862801,0.8714107564431828
core,4549,21.0,21.511744592308226,0.8653153012771788
core,4550,23.0,23.769144168806147,0.8886038266035574
core,4551,23.0,22.419290855403347,0.8915841854363304
core,4552,22.0,21.4891992967754,0.8647123723912347
core,4553,22.0,19.536742339421775,0.8593988390106801
core,4554,15.0,22.217696264815917,0.8714215327505355
core,4555,21.0,19.512358779656456,0.8682352018173549
core,4556,23.0,24.638090622247223,0.8803283067634048
core,4557,13.0,22.65338250104379,0.8667310954657741
core,4558,24.0,26.16104696380472,0.8631962075163226
core,4559,21.0,24.22771856970923,0.8545996629478951
core,4560,21.0,24.30908452441902,0.8679127948916779
core,4561,16.0,24.69970104248144,0.8744019863704692
core,4562,15.0,20.52129723841323,0.8813755982585578
core,4563,22.0,23.776047481987252,0.8762420582141086
core,4564,24.0,26.254648321625496,0.8791991201419586
core,4565,16.0,24.222882300585667,0.8722661674712182
core,4566,16.0,23.137950240918418,0.8456879776866887
core,4567,24.0,20.903408728244873,0.8804205307741741
core,4568,22.0,23.648697259018412,0.8560366718265033
core,4569,22.0,25.21425815961909,0.8621286631782122
core,4570,21.0,21.428078602498974,0.8618879737376164
core,4571,13.0,22.80759301341871,0.8526274727179124
core,4572,19.0,20.79111489625069,0.8625030190790964
core,4573,17.0,26.09186607222314,0.86879368575797
core,4574,18.0,21.4122711584471,0.8511970055576425
core,4575,22.0,25.19258119867895,0.86556392361059
core,4576,15.0,22.774459741798626,0.8540071953047432
core,4577,15.0,21.860735830237374,0.8648434794613888
core,4578,20.0,21.19163160388074,0.8792306930732021
core,4579,22.0,23.299802322620792,0.8670231062549791
core,4580,15.0,22.753574787725448,0.8781036060104828
core,4581,20.0,27.055522261090026,0.8634380300091267
core,4582,21.0,20.4825362091855,0.8676111777865999
core,4583,22.0,18.516956543202497,0.8653996509079118
core,4584,18.0,23.77475040799188,0.8633409021550071
core,4585,15.0,22.755715482089386,0.860726609238861
core,4586,22.0,23.90007235053039,0.8545183960403463
core,4587,15.0,25.286974842480507,0.8388522728225999
core,4588,15.0,22.39100470912447,0.8777486754655546
core,4589,21.0,22.37066619060726,0.8618965876487548
core,4590,22.0,21.329415395317255,0.8574660148527802
core,4591,22.0,24.474052754821766,0.8514057289678907
core,4592,22.0,20.29075078699327,0.8589063365255116
core,4593,24.0,24.26149822620525,0.8676611729369497
core,4594,15.0,20.49948243212497,0.8915366711138984
core,4595,15.0,24.697145643047328,0.8672158002066227
core,4596,15.0,20.738721112979704,0.8571626000028876
core,4597,22.0,22.223482250035225,0.8893317013265385
core,4598,22.0,23.22096976508375,0.8702754866553124
core,4599,16.0,19.969789307147156,0.8724026689196033
core,4600,24.0,26.231532249869154,0.8652758401026504
core,4601,20.0,22.832727592963366,0.8843796920310931
core,4602,22.0,23.843921689778927,0.860130761782002
core,4603,21.0,20.39624935822583,0.8727813980019528
core,4604,22.0,23.34214768766829,0.8698595746345266
core,4605,16.0,26.451204981513428,0.8599643629071072
core,4606,14.0,19.56215853117225,0.8659917962732795
core,4607,24.0,20.962822083348733,0.8615063186440068
core,4608,24.0,21.960408251393243,0.8633533070180328
core,4609,20.0,20.483677082747427,0.8536267619537108
core,4610,16.0,24.26981155128085,0.8587869949622307
core,4611,15.0,23.2798109117409,0.8761147859880147
core,4612,16.0,22.69788257707171,0.8415391001934742
core,4613,18.0,24.526389778074666,0.8731099845446422
core,4614,18.0,22.319800770550216,0.8718182891644559
core,4615,18.0,20.351673405085226,0.8600404260051533
core,4616,15.0,22.202843964844458,0.8665671783711943
core,4617,17.0,24.259399885501725,0.8673930707167652
core,4618,16.0,23.310839165009924,0.8641360557495903
core,4619,21.0,19.45425086686101,0.8837156949906972
core,4620,21.0,21.86770452422013,0.8661059308005199
core,4621,22.0,23.689389729949912,0.8657931901897555
core,4622,22.0,25.1692959415015,0.8676545305432048
core,4623,22.0,23.18983452338672,0.8822438564839714
core,4624,25.0,24.387559708294685,0.8655252737982395
core,4625,16.0,19.457740018628833,0.8824061321055063
core,4626,23.0,23.189587465993103,0.871553794748331
core,4627,15.0,24.530323839717337,0.8607165482554339
core,4628,23.0,24.284927176440462,0.8517743327278057
core,4629,23.0,23.768440906089452,0.8614621830135136
core,4630,23.0,23.309797646456328,0.8734986693722349
core,4631,21.0,21.953860819196912,0.8743374434586482
core,4632,21.0,22.76665253788185,0.8773159103901871
core,4633,20.0,24.28297220798934,0.8817633463723991
core,4634,15.0,20.51754885992699,0.8617336586791777
core,4635,23.0,23.734463767095036,0.8779702277772625
core,4636,20.0,25.030327998752313,0.8730339293405782
core,4637,15.0,18.021167037721074,0.8744335897217599
core,4638,22.0,24.613333470235027,0.876912970346001
core,4639,15.0,19.82375674926213,0.8407204495481744
core,4640,20.0,19.87325804144746,0.8754515299473491
core,4641,18.0,23.131363592347952,0.867145519499336
core,4642,15.0,21.787576147482852,0.8539291223308971
core,4643,21.0,20.544463305611927,0.8707272805308779
core,4644,21.0,21.39452091224098,0.8652336640826107
core,4645,15.0,22.229123741333673,0.8772889136324179
core,4646,17.0,21.41892829200674,0.86315898220489
core,4647,15.0,18.386607839846633,0.8779746581362151
core,4648,23.0,23.287303499661203,0.8585691917474343
core,4649,17.0,22.343253041846392,0.8405426631841894
core,4650,22.0,23.775817933658875,0.859265471150483
core,4651,15.0,23.15204170446181,0.8518630079119115
core,4652,22.0,23.393856175362906,0.8609964913828096
core,4653,22.0,19.03922033799524,0.8794618203393207
core,4654,22.0,24.941703083323528,0.8491287106996386
core,4655,17.0,24.328853635082616,0.8755388061789973
core,4656,21.0,23.383004378649563,0.8706001956805915
core,4657,20.0,20.398672402455173,0.8794858900584743
core,4658,21.0,23.239986915537997,0.8614760347224479
core,4659,22.0,21.867299745802633,0.8846829703815515
core,4660,16.0,19.870650737716254,0.8774417947536904
core,4661,16.0,25.62988548479517,0.8614728924147488
core,4662,16.0,24.251154964338113,0.8546661555041126
core,4663,23.0,25.203721484779624,0.8673064677643375
core,4664,24.0,22.7881301700047,0.8603961664905553
core,4665,24.0,21.984772855436745,0.8577734359437179
core,4666,22.0,23.23905966631615,0.8659620146633535
core,4667,15.0,22.2533792979592,0.8630368039815028
core,4668,24.0,24.66560032104095,0.8552551134099686
core,4669,16.0,22.374366905370778,0.8707161827990015
core,4670,16.0,22.28684661667176,0.879538215208244
core,4671,21.0,22.74455904707229,0.8625413571789462
core,4672,15.0,23.23395550679388,0.86143863135825
core,4673,15.0,20.411409429667795,0.8639804984302317
core,4674,15.0,19.574627746963944,0.8678477367501872
core,4675,19.0,22.373791137338753,0.8732207307258368
core,4676,15.0,22.630333529465325,0.8624661957034734
core,4677,22.0,24.796729843246855,0.8580706007449481
core,4678,25.0,20.02312386735401,0.8584130170222652
core,4679,23.0,25.24500543251469,0.871567939999514
core,4680,23.0,24.615127544641574,0.8568582446890668
core,4681,21.0,23.34931309517009,0.8711218288818179
core,4682,22.0,22.860336921418426,0.8712854342539128
core,4683,14.0,21.95425487714735,0.8599326511716062
core,4684,22.0,23.244099874825146,0.8756883991034312
core,4685,12.0,21.25505741852542,0.8648900278615005
core,4686,22.0,24.23967858414963,0.8525431803439107
core,4687,18.0,21.34904354388404,0.8685024516362894
core,4688,22.0,24.65076732709061,0.849047185680815
core,4689,22.0,18.973728975354714,0.8638400451458377
core,4690,18.0,19.38725506753874,0.8642136882793356
core,4691,26.0,24.697470945194507,0.8695857498408375
core,4692,15.0,23.76840414765898,0.870858073107189
core,4693,18.0,23.411759981753413,0.8655904797463347
core,4694,24.0,24.704603764288763,0.8773470732158122
core,4695,14.0,22.797890506482048,0.8695944380109562
core,4696,19.0,22.814733419989217,0.8583600975219418
core,4697,22.0,25.002539732305124,0.8751250548565316
core,4698,20.0,25.120118149500186,0.863490243729466
core,4699,24.0,21.558515642310336,0.8844519817616219
core,4700,19.0,23.296696720396163,0.8877286098035464
core,4701,22.0,21.83119388255341,0.8800993001312867
core,4702,16.0,23.174662876206146,0.8854539807595986
core,4703,22.0,23.297576222884867,0.8584245382718223
core,4704,23.0,22.741958599348727,0.8806131903016151
core,4705,24.0,19.447478051838715,0.8673847414430187
core,4706,22.0,22.438669694499087,0.8614841924519907
core,4707,19.0,21.340177041644967,0.8719486994262904
core,4708,18.0,19.868657859986953,0.8668477554501401
core,4709,21.0,22.21802678318448,0.8563684306105132
core,4710,23.0,22.700626911830135,0.8597346894997838
core,4711,21.0,22.71327253665678,0.8635170296985724
core,4712,16.0,19.480747217094077,0.8652436466005943
core,4713,16.0,22.206841864842858,0.89159942782862
core,4714,22.0,22.308174318886167,0.8640291685733574
core,4715,24.0,25.614291795983384,0.8701615015566515
core,4716,24.0,23.240493257523784,0.8821683708308397
core,4717,14.0,20.862460769936515,0.8719678621936919
core,4718,24.0,23.279969029236685,0.8725397496232726
core,4719,22.0,22.321336594459062,0.8558136030661831
core,4720,15.0,21.77455664901665,0.8703072245042118
core,4721,16.0,24.642768428697405,0.858093021453588
core,4722,23.0,24.198357011029344,0.8597593751529333
core,4723,19.0,21.445372566599243,0.869854510144612
core,4724,17.0,25.57762316685651,0.8708568107479668
core,4725,21.0,24.75298973319563,0.8630288427209407
core,4726,22.0,23.596714130824925,0.8605642796786368
core,4727,15.0,22.219098662646292,0.8868861248165688
core,4728,22.0,22.7518535019547,0.8708117488675848
core,4729,22.0,20.354809575411274,0.8564154246006515
core,4730,20.0,20.928218552073563,0.8707486233489237
core,4731,22.0,23.200543697891092,0.8661314678749095
core,4732,17.0,20.951502532032613,0.8842629826798889
core,4733,21.0,21.877453913899878,0.874554981344044
core,4734,18.0,21.293957109562527,0.8576136802361418
core,4735,24.0,23.76133582597992,0.8804317358265301
core,4736,22.0,21.9401214916154,0.8750724968784267
core,4737,22.0,24.715667979324056,0.8731220987682995
core,4738,18.0,24.60273399936131,0.8704984120519146
core,4739,15.0,21.326027676923193,0.872338386077745
core,4740,15.0,22.18968902390246,0.8745233029842858
core,4741,23.0,23.361224607788486,0.848469616105725
core,4742,17.0,25.23589242870019,0.8626599139536608
core,4743,16.0,22.364919774483788,0.8884252370866003
core,4744,19.0,23.32442379768913,0.8480108519155146
core,4745,24.0,22.140819529647356,0.8614534277393188
core,4746,24.0,20.047477283469803,0.8692337177195542
core,4747,21.0,22.266084492072203,0.8771112022959597
core,4748,17.0,24.340585030358483,0.8820945223067069
core,4749,23.0,20.975334043050072,0.8686806328741717
core,4750,21.0,23.67492303619977,0.8591582811430016
core,4751,21.0,24.24680021527642,0.8718161893046966
core,4752,21.0,22.323335856440046,0.8618866969807806
core,4753,13.0,22.271342146106953,0.8773543706342846
core,4754,15.0,21.94360353215874,0.8479725595901086
core,4755,21.0,26.534091874031855,0.8533486800267696
core,4756,22.0,23.297101462139096,0.8750897390076846
core,4757,24.0,21.323238329642273,0.8826563882447753
core,4758,25.0,24.37146157305465,0.8645614469537208
core,4759,22.0,24.365331626172136,0.8482855631117334
core,4760,15.0,22.334556774921126,0.8735086582438572
core,4761,23.0,23.28679714689155,0.8693528025621863
core,4762,11.0,22.2381093689497,0.8493094091293393
core,4763,14.0,21.765559263866077,0.8593924875590107
core,4764,20.0,23.270229211001524,0.8400046403398815
core,4765,24.0,23.21143637619283,0.8648043585996132
core,4766,23.0,25.281075309086912,0.8698039085256608
core,4767,23.0,25.56898183044533,0.865854073824172
core,4768,14.0,24.314324097931056,0.8538682957787256
core,4769,22.0,21.898182399891027,0.8807212331650665
core,4770,21.0,23.77222648181867,0.861806228221568
core,4771,21.0,21.855629600471183,0.886408464488275
core,4772,24.0,22.37640301343156,0.8623042100074627
core,4773,22.0,20.499055553073873,0.8683090736848977
core,4774,18.0,17.559306949510333,0.8726530385869693
core,4775,22.0,26.173673207968573,0.881493520059975
core,4776,21.0,22.7900736308052,0.864632753318789
core,4777,18.0,22.29124531091293,0.853138737992396
core,4778,22.0,24.26953785102413,0.8423753031799583
core,4779,22.0,23.872248145476217,0.8686718104105512
core,4780,19.0,21.33234548457038,0.8573544663034505
core,4781,16.0,23.69852445431249,0.8712876336444798
core,4782,24.0,24.693622714253372,0.8700465228912304
core,4783,15.0,23.200796087885568,0.863278061476999
core,4784,14.0,24.66372540115232,0.8625300264966083
core,4785,19.0,21.416209434109007,0.8781959200976185
core,4786,23.0,25.72044148307691,0.8809578482149699
core,4787,15.0,22.31178810492757,0.8788128218177551
core,4788,19.0,24.724703546060898,0.8712359954835163
core,4789,14.0,22.346615504666946,0.8607925072438771
core,4790,18.0,23.211439419426096,0.8714840134832513
core,4791,23.0,27.582026739857472,0.8653630956267113
core,4792,21.0,22.230665195708358,0.8786727491154914
core,4793,16.0,23.239063734998506,0.8703358668068368
core,4794,19.0,20.517412336481964,0.8681079720638163
core,4795,14.0,23.09621967878037,0.867983743118804
core,4796,14.0,22.149848236537416,0.8667839781560516
core,4797,15.0,25.47917967774328,0.8737571256603895
core,4798,15.0,19.049072448153446,0.8711320919855896
core,4799,19.0,23.762934068698538,0.8678697679436034
core,4800,15.0,24.24145960845532,0.8604195333948512
core,4801,15.0,20.94955172306461,0.8672308324728404
core,4802,21.0,21.765835661805863,0.8594555578394067
core,4803,24.0,23.731166513651097,0.8821789916369349
core,4804,16.0,25.28305035339688,0.8538417099402269
core,4805,22.0,22.27676580041112,0.866792946915629
core,4806,21.0,21.461439108619583,0.8580185625332248
core,4807,23.0,24.23894048213104,0.8701451987239934
core,4808,23.0,20.01796636029127,0.8626261806237453
core,4809,18.0,23.77151980672109,0.8687329598060589
core,4810,20.0,22.034256069494656,0.8639154299333818
core,4811,22.0,22.446682359349065,0.8586385813370474
core,4812,15.0,23.741818814957238,0.8509625994446925
core,4813,23.0,21.471342556020684,0.861500494962856
core,4814,23.0,25.76990730437418,0.8895682779268512
core,4815,14.0,22.254353502603337,0.8648907155526016
core,4816,14.0,21.693759997514704,0.8529175315204499
core,4817,14.0,21.235102843198568,0.8502561791639667
core,4818,22.0,24.4792025172727,0.8739046656862671
core,4819,22.0,22.25582168154268,0.8477661285066831
core,4820,15.0,23.20955341734368,0.8671274531669788
core,4821,24.0,20.970581762347393,0.8507442347063734
core,4822,15.0,23.301628032493195,0.8695284363588689
core,4823,21.0,24.75694774937414,0.8704936172809074
core,4824,14.0,21.665725872704332,0.8641683454861038
core,4825,22.0,24.80256564049447,0.8528366923241779
core,4826,23.0,25.33768872253968,0.867604942602576
core,4827,24.0,20.492812880464296,0.869319216794745
core,4828,15.0,21.747290109755497,0.8664287239394564
core,4829,20.0,26.12845112841854,0.8644971499144085
core,4830,15.0,23.74790947987339,0.8698498346241161
core,4831,15.0,22.665805345463777,0.852826300780825
core,4832,23.0,23.687435410158358,0.8699345464974072
core,4833,22.0,22.75484950251676,0.8637582442611761
core,4834,23.0,17.234851490240565,0.8692543992210301
core,4835,22.0,22.7563553987151,0.8828080848110333
core,4836,16.0,24.58762334843285,0.8603228752055988
core,4837,22.0,21.249214370767515,0.8613450474265487
core,4838,22.0,23.26151976082936,0.860424474997604
core,4839,21.0,23.324968268920994,0.8660689264680497
core,4840,21.0,23.909677037085807,0.8585598392565693
core,4841,23.0,24.623812920638727,0.8758131482314224
core,4842,14.0,21.776063047537587,0.8786848953894266
core,4843,22.0,20.844911881349308,0.8581692543902727
core,4844,19.0,22.321043096475925,0.8660519969790803
core,4845,13.0,23.076989464499878,0.8767088223256385
core,4846,26.0,21.87889900310986,0.8517172244592075
core,4847,17.0,24.171694659666493,0.8668314374545398
core,4848,15.0,21.84508957698634,0.8895965339845032
core,4849,22.0,24.024891938366398,0.8778068957277594
core,4850,20.0,21.79059484866537,0.8674529639851671
core,4851,23.0,25.207050000838056,0.868621574262157
core,4852,22.0,22.006920369578918,0.8716213700596827
core,4853,22.0,21.12306014559202,0.8543182269289892
core,4854,16.0,22.303467354317913,0.8691940445062256
core,4855,24.0,21.721645824139454,0.8799829158049057
core,4856,14.0,24.636825436162233,0.8667263079414768
core,4857,19.0,23.329595534217706,0.880321197615209
core,4858,22.0,25.73542315703994,0.873862976156847
core,4859,21.0,24.19933529829157,0.871671054341048
core,4860,21.0,23.32058021521033,0.8561598589290318
core,4861,20.0,21.41344652714626,0.8790732851408277
core,4862,15.0,24.5653746224204,0.8699843131426441
core,4863,24.0,19.976020918163236,0.8483622082106941
core,4864,22.0,21.748995792837174,0.8682966263512519
core,4865,15.0,21.324887163187448,0.8738019638226597
core,4866,22.0,22.27427050585266,0.8756177126025118
core,4867,21.0,23.916270231356748,0.865412158198233
core,4868,18.0,21.36146019242341,0.8680756568621255
core,4869,21.0,23.30711497972618,0.8694537264712587
core,4870,15.0,26.164925030325417,0.8635059415181909
core,4871,14.0,22.75777680988633,0.8608166810024429
core,4872,15.0,23.21551054794319,0.8682823491475011
core,4873,13.0,25.208081678484508,0.8731163946884484
core,4874,22.0,24.241190606324853,0.8761073478081024
core,4875,15.0,21.812145633345562,0.8728139926510378
core,4876,20.0,21.855986722048627,0.8707803981736426
core,4877,22.0,22.871830820032734,0.8608849627261321
core,4878,22.0,21.040306559326247,0.8659124360955334
core,4879,15.0,22.29588306775586,0.8751931374125778
core,4880,21.0,22.944440455640265,0.8778739253698029
core,4881,22.0,22.313651630413556,0.8706626019668761
core,4882,13.0,19.94958690226993,0.8611930352953672
core,4883,14.0,22.308071587160303,0.8712095965000151
core,4884,20.0,19.556595034298933,0.8807800062922984
core,4885,14.0,25.105494010444552,0.8758272618569617
core,4886,16.0,23.179941468649076,0.8769218319937033
core,4887,21.0,23.206304546300608,0.8749792307931546
core,4888,14.0,21.242954258661676,0.8908010317512948
core,4889,16.0,19.957297776543438,0.8709955229856807
core,4890,22.0,20.43231098231996,0.8436387043031589
core,4891,22.0,20.48305817435489,0.8652646956709007
core,4892,16.0,24.713449906950064,0.8806621029910453
core,4893,14.0,20.325730435209948,0.8705984083512857
core,4894,23.0,22.547840575970508,0.8550320588446632
core,4895,22.0,20.32865788249388,0.8654445307493417
core,4896,19.0,21.678732062744935,0.8558267638296155
core,4897,15.0,23.220579199476415,0.8649133027253215
core,4898,24.0,21.893671788944317,0.8626099920765671
core,4899,22.0,23.242717272873247,0.8604509480928395
core,4900,22.0,23.73899526725909,0.8870602988892717
core,4901,15.0,19.901767511239125,0.8766796504094481
core,4902,15.0,21.903581336131058,0.8695367128609965
core,4903,15.0,24.016478555792776,0.8617313011280993
core,4904,27.0,25.233820154506958,0.8720351155050446
core,4905,23.0,24.72938694486144,0.887734394736947
core,4906,15.0,22.813651981598667,0.8851053473336041
core,4907,23.0,22.78637089723482,0.8507269233658006
core,4908,24.0,21.781395198252653,0.8732469587179781
core,4909,22.0,22.837932545424195,0.8701963843544752
core,4910,15.0,22.38357834879645,0.8731417725831079
core,4911,22.0,20.49941710078288,0.8749995406874552
core,4912,21.0,22.819949464480274,0.8417257106793115
core,4913,19.0,21.359868420276797,0.8714685848853926
core,4914,18.0,20.94766825402139,0.8698140853946766
core,4915,16.0,22.34865048410659,0.8700733812709311
core,4916,23.0,22.895588015007597,0.885163543011507
core,4917,23.0,23.97652422912464,0.8708726405303917
core,4918,19.0,21.988356531945495,0.8796226594528987
core,4919,22.0,25.530906775159067,0.8626503026819505
core,4920,22.0,20.35602379869727,0.8769128014135357
core,4921,22.0,23.891778300162358,0.867307598332415
core,4922,21.0,21.724397346340474,0.8751103447522901
core,4923,22.0,24.582501826946913,0.8499554575811923
core,4924,20.0,25.128064055110222,0.8532101986533989
core,4925,22.0,22.787917931463742,0.863641311340007
core,4926,24.0,23.23936543955827,0.859631295353157
core,4927,16.0,23.80413172292419,0.8617710171150614
core,4928,22.0,21.788032227754094,0.8707077349105106
core,4929,18.0,24.745299087332796,0.8629877599208002
core,4930,23.0,26.21310952023424,0.8679128094011681
core,4931,21.0,22.877561564501033,0.8836070804092688
core,4932,19.0,22.343806961113835,0.8605107370829961
core,4933,24.0,24.16495782969007,0.8809672800347034
core,4934,15.0,23.7402800971506,0.8792889390421026
core,4935,16.0,21.089168516731526,0.8660850244001943
core,4936,22.0,21.85067517810146,0.8695555436270144
core,4937,15.0,25.041986022238078,0.871533767513516
core,4938,15.0,23.78099205729355,0.8675918684601727
core,4939,15.0,21.278048630815277,0.8467234712998778
core,4940,15.0,17.983712390801237,0.8816549005038209
core,4941,24.0,25.44211235425657,0.8760574075135116
core,4942,23.0,25.659783505726484,0.8515137113366179
core,4943,23.0,21.49229755017316,0.8769047779857599
core,4944,24.0,25.318858706086555,0.8627132474695016
core,4945,22.0,24.79418322725518,0.8634370524645397
core,4946,22.0,21.985171030510042,0.8646252302903512
core,4947,19.0,22.921716057303094,0.8864420145855287
core,4948,16.0,21.181530093609403,0.8607679053524154
core,4949,16.0,25.602512391099825,0.8669063893141102
core,4950,23.0,24.351993839307255,0.883307476741346
core,4951,22.0,22.39089720197831,0.8619147636230622
core,4952,20.0,23.717111315782613,0.8735340157580007
core,4953,22.0,25.102482589241536,0.8662125156890541
core,4954,22.0,21.39377657243966,0.8773836438159919
core,4955,15.0,21.899691230196957,0.8679842963316569
core,4956,22.0,20.85688125078346,0.8495172057094846
core,4957,21.0,25.16495088673045,0.8586882059090637
core,4958,14.0,23.278068703606824,0.8459810608444727
core,4959,22.0,25.11389029632384,0.863978219790573
core,4960,23.0,21.299902674450472,0.8791662735873969
core,4961,22.0,24.664492639360354,0.8704235326355917
core,4962,22.0,23.67927030726521,0.8464803754095265
core,4963,24.0,22.886805136484867,0.8492272516571474
core,4964,23.0,22.287501992957587,0.8657313606039394
core,4965,19.0,21.80244068528955,0.8619778394824955
core,4966,22.0,24.665374454461457,0.8682226399589794
core,4967,15.0,21.93699367695997,0.8683872760210394
core,4968,22.0,23.3271547805751,0.8663234026745008
core,4969,22.0,22.508129264647707,0.8859669130047212
core,4970,14.0,20.807904568554434,0.8884887126307557
core,4971,24.0,25.444224514992595,0.8607986233832273
core,4972,18.0,22.343399424474,0.8750102327946974
core,4973,23.0,22.007779239638506,0.8626727807556811
core,4974,22.0,22.74617224816145,0.8793010257444872
core,4975,16.0,19.44401475254196,0.8828509094954355
core,4976,16.0,22.80286798971314,0.8610364512449012
core,4977,21.0,19.943434364722194,0.8806342734229256
core,4978,21.0,23.74212394907842,0.8527383019931034
core,4979,23.0,25.281361502111498,0.8610730020149473
core,4980,16.0,21.327743754883876,0.8698068970004322
core,4981,15.0,21.43522506033517,0.8835998303832558
core,4982,15.0,25.642743332767054,0.8603678918307515
core,4983,21.0,23.233341796346227,0.879229536742523
core,4984,22.0,25.654119949403587,0.8811734108194513
core,4985,21.0,21.917271668386004,0.8830405433848547
core,4986,22.0,26.157666478621522,0.8635669416275165
core,4987,21.0,24.773679187033892,0.8677403564712511
core,4988,22.0,21.36582636928608,0.8580494412455253
core,4989,22.0,22.863999266336336,0.8732979126291013
core,4990,14.0,23.244549363698557,0.8598169663094486
core,4991,24.0,22.83319795985362,0.8824210449234615
core,4992,20.0,23.290803270967103,0.8717390457098615
core,4993,15.0,20.487097448648477,0.8794810920793326
core,4994,21.0,21.337780221428023,0.859136578718499
core,4995,20.0,21.45451588360297,0.865174919766158
core,4996,17.0,22.73197274504915,0.8638591978222905
core,4997,21.0,25.229126767591843,0.8760393746353885
core,4998,24.0,25.177395048972322,0.8752965493689788
core,4999,14.0,23.134761044428643,0.8639332545688446
red_wing,0,18.0,24.547034010439987,0.5772800263786535
red_wing,1,21.0,36.988672704555675,0.5603644536756538
red_wing,2,18.0,28.96363392517812,0.5902210263437858
red_wing,3,15.0,27.45158605377353,0.5834751950531722
red_wing,4,24.0,28.950707678547058,0.6563460187262389
red_wing,5,15.0,30.08452027731729,0.5650503322894833
red_wing,6,23.0,28.28009872867135,0.6001527896210539
red_wing,7,13.0,28.03445610033745,0.5752645422677358
red_wing,8,14.0,27.79982925269963,0.6044365590120018
red_wing,9,21.0,29.270217345187614,0.5672960279886168
red_wing,10,17.0,32.81051459961452,0.5365994054548772
red_wing,11,17.0,29.579681616536902,0.6133089333223316
red_wing,12,7.0,28.167079565134753,0.569354492698074
red_wing,13,13.0,31.68016369345625,0.5720554870262426
red_wing,14,9.0,25.590635002075437,0.561330229703673
red_wing,15,20.0,22.614616410251745,0.6102817955954687
red_wing,16,23.0,31.198969081041955,0.5851726537800714
red_wing,17,14.0,34.46446191138483,0.614096291074554
red_wing,18,14.0,28.488486363667494,0.6474592327746613
red_wing,19,15.0,30.373856025738192,0.5739656844481719
red_wing,20,19.0,29.42308716891983,0.6376494884683631
red_wing,21,11.0,28.92906640804912,0.5620827603248377
red_wing,22,13.0,28.523563591054465,0.6475706449130882
red_wing,23,34.0,29.2470206735932,0.6117914472641188
red_wing,24,21.0,33.87508942814423,0.5651390374096237
red_wing,25,16.0,32.553566514167706,0.6492290726448846
red_wing,26,29.0,31.374425841429773,0.6073571286777782
red_wing,27,14.0,29.94065247946891,0.6118720688311436
red_wing,28,15.0,31.468529575395248,0.5650645868191593
red_wing,29,17.0,30.87165509392667,0.6247730858455014
red_wing,30,29.0,36.02218494845856,0.5918609973435232
red_wing,31,21.0,27.619632816444177,0.5893532705823425
red_wing,32,16.0,32.79163675183992,0.6202006305079679
red_wing,33,19.0,24.199388113842943,0.5899957678305241
red_wing,34,16.0,23.909951933759803,0.6111287387770192
red_wing,35,31.0,31.2655318890137,0.6050490052466893
red_wing,36,29.0,32.14593808256331,0.5629136217303489
red_wing,37,19.0,28.047062317857808,0.6235463899871618
red_wing,38,18.0,28.988047297852333,0.5988423365196849
red_wing,39,21.0,41.575085887867985,0.612092220668133
red_wing,40,9.0,32.59483803276928,0.5680234032063052
red_wing,41,22.0,27.049219378261224,0.5891723908780546
red_wing,42,13.0,26.76591850309485,0.5938374666601984
red_wing,43,14.0,30.827343087725016,0.6266672543914132
red_wing,44,14.0,36.59992898939949,0.6315733156360811
red_wing,45,21.0,33.40054015306112,0.5737958025811378
red_wing,46,16.0,27.079005006912052,0.5622499270978003
red_wing,47,16.0,28.955967867540934,0.5897143322820246
red_wing,48,21.0,22.008805218978793,0.6204186046706573
red_wing,49,19.0,25.701514225048506,0.6361617634048167
red_wing,50,35.0,30.021331788723685,0.573706328882206
red_wing,51,19.0,29.488090907481944,0.6338707139071481
red_wing,52,10.0,34.84644673450535,0.5906743386094924
red_wing,53,13.0,37.28078736457877,0.5584147221381517
red_wing,54,15.0,30.59162013882645,0.6167527576849654
red_wing,55,16.0,22.13637951051616,0.6169811588017142
red_wing,56,14.0,38.81153085184808,0.5353655000851449
red_wing,57,11.0,18.96502311235731,0.605500348827425
red_wing,58,15.0,36.12832340268267,0.6206186087100543
red_wing,59,21.0,26.824182925685953,0.5915974150478926
red_wing,60,11.0,28.006216712967422,0.5918095147337354
red_wing,61,31.0,31.2327472382396,0.6351138485878147
red_wing,62,17.0,28.197736202961895,0.5875313325704264
red_wing,63,13.0,33.269596994859164,0.6004831689343959
red_wing,64,18.0,31.724097771695117,0.6393307622052689
red_wing,65,15.0,33.19640578966824,0.6242523703793705
red_wing,66,22.0,29.414125555326642,0.6142658839012383
red_wing,67,34.0,31.38892233976505,0.6348331660902986
red_wing,68,19.0,32.03936178319402,0.6049083972301662
red_wing,69,13.0,34.756104357237184,0.6212373087676871
red_wing,70,16.0,28.55574255526761,0.5946526974969216
red_wing,71,18.0,57.004513536512334,0.5578186146933688
red_wing,72,15.0,28.888259462699615,0.5543791588774543
red_wing,73,9.0,30.476119688263665,0.5470299122757905
red_wing,74,30.0,31.856926016668464,0.5797677086624133
red_wing,75,14.0,32.81449629465665,0.6353563671901563
red_wing,76,14.0,32.4477777265747,0.5587256687469713
red_wing,77,18.0,31.909548517862387,0.5655497816442645
red_wing,78,29.0,27.906401121802162,0.6194550011441713
red_wing,79,41.0,41.38433632464733,0.5845629535953006
red_wing,80,36.0,32.11070897602636,0.5556009924849847
red_wing,81,14.0,31.48052798603517,0.6362318639382596
red_wing,82,18.0,35.836703769628244,0.5662278565785224
red_wing,83,18.0,30.307208080695155,0.5856321169418319
red_wing,84,8.0,24.663002046068055,0.66607199624543
red_wing,85,15.0,29.060963323922234,0.6210468291365425
red_wing,86,7.0,29.478362643374872,0.607417446434571
red_wing,87,17.0,26.408609848300063,0.6005860070427453
red_wing,88,23.0,29.51192388972799,0.5725851114731917
red_wing,89,9.0,24.917389953928325,0.5564716268394344
red_wing,90,29.0,37.71026236379257,0.5752258076243696
red_wing,91,18.0,27.63176302836542,0.5676527750311343
red_wing,92,31.0,47.63609889911968,0.596212733968599
red_wing,93,15.0,22.847064528311034,0.6244706779911509
red_wing,94,32.0,37.6766516971526,0.5734303637207148
red_wing,95,18.0,27.129623970079436,0.6116347338538353
red_wing,96,15.0,24.093571619983905,0.6035349333003968
red_wing,97,21.0,37.06002418041516,0.6062641019385413
red_wing,98,15.0,29.890489239031428,0.6630047058257729
red_wing,99,15.0,38.88949208786984,0.5813297051240112
red_wing,100,18.0,31.564331738979423,0.5670557263902873
red_wing,101,29.0,29.608298979498393,0.6249886725867977
red_wing,102,15.0,25.840753974106583,0.5908852985642595
red_wing,103,29.0,34.08814047789066,0.5636639580862144
red_wing,104,19.0,31.42944947846028,0.5940815425590522
red_wing,105,25.0,26.231770800609166,0.587988647146035
red_wing,106,38.0,56.209317387471586,0.5568604103787593
red_wing,107,19.0,31.10191575880487,0.6276958520857207
red_wing,108,9.0,33.449818202496544,0.6038708004701281
red_wing,109,15.0,30.09326037033876,0.5856923671106107
red_wing,110,24.0,28.221367256696446,0.6168544498264679
red_wing,111,31.0,44.919633246588475,0.6116802821415747
red_wing,112,12.0,29.16318666165648,0.5703305978667327
red_wing,113,15.0,30.044977987217194,0.5910792342049422
red_wing,114,19.0,27.41503772412243,0.5936175048039584
red_wing,115,34.0,28.55357893983153,0.555728297828896
red_wing,116,34.0,39.04510667359009,0.5488595820709404
red_wing,117,24.0,30.51546297685876,0.6038633620488324
red_wing,118,14.0,25.57015661504231,0.6016609023499582
red_wing,119,17.0,28.095111052635648,0.6080473309449863
red_wing,120,32.0,52.66199485905522,0.5949139990768524
red_wing,121,29.0,28.915520658371083,0.5945298238816834
red_wing,122,15.0,27.434818619758378,0.659910497290415
red_wing,123,19.0,29.993672375471895,0.6042712596221402
red_wing,124,10.0,25.514735434822217,0.6060776374506383
red_wing,125,13.0,32.664644248014234,0.5730093923526374
red_wing,126,17.0,23.841007598365685,0.6042848620842576
red_wing,127,24.0,32.408682046586534,0.6136558627233711
red_wing,128,14.0,35.764273093256634,0.5828277222069767
red_wing,129,18.0,30.747579493198412,0.5646882000711164
red_wing,130,15.0,37.50601575915246,0.6191046589913272
red_wing,131,27.0,30.741190015342504,0.6152603128588159
red_wing,132,11.0,27.51412255543428,0.6361036184830288
red_wing,133,18.0,26.501917668773803,0.6177390335277323
red_wing,134,10.0,28.135112453691466,0.599260136194805
red_wing,135,8.0,36.30925366869556,0.5873034790922204
red_wing,136,18.0,33.81196602443528,0.6141071624682396
red_wing,137,15.0,26.990579191888724,0.6174404309864436
red_wing,138,24.0,29.844446388339446,0.5809820985600371
red_wing,139,13.0,38.56029088541147,0.5626642752893183
red_wing,140,20.0,38.852675937701534,0.510172001750328
red_wing,141,15.0,31.247333269459094,0.5949175923613779
red_wing,142,28.0,38.236058537389056,0.5932068778302898
red_wing,143,13.0,31.693512185330768,0.6107205259395247
red_wing,144,11.0,27.220129004258244,0.5557516916934119
red_wing,145,35.0,29.67253679906627,0.6272050206391592
red_wing,146,24.0,37.59183637688304,0.5548484049355165
red_wing,147,15.0,38.72834132859985,0.5342318380621743
red_wing,148,13.0,29.985973532773546,0.5910239169064597
red_wing,149,21.0,31.366160805655515,0.591942011378461
red_wing,150,11.0,24.577565245987397,0.5978993490525133
red_wing,151,18.0,37.94194080414097,0.5912372349185524
red_wing,152,19.0,25.557489500671405,0.5896333707401568
red_wing,153,20.0,26.0739081213719,0.6157967753320117
red_wing,154,14.0,36.995177031572915,0.5615589594803967
red_wing,155,21.0,32.1297302380171,0.5639389112865586
red_wing,156,15.0,26.020188646372798,0.6076356905114767
red_wing,157,13.0,32.20426432941486,0.6102424173083951
red_wing,158,11.0,28.52174648361347,0.6084277543863683
red_wing,159,12.0,28.980674678247365,0.5996408210163946
red_wing,160,14.0,26.72337556912947,0.5982226782724582
red_wing,161,33.0,29.79579450869996,0.6292896277039155
red_wing,162,19.0,27.188940979961572,0.5790742397023836
red_wing,163,14.0,32.61650650726316,0.5546035048998792
red_wing,164,31.0,26.038713497766096,0.6300824318733638
red_wing,165,13.0,29.978358053975274,0.6236296995714448
red_wing,166,13.0,31.207757227723647,0.5472989598636295
red_wing,167,35.0,30.476432668208833,0.6233568760310013
red_wing,168,10.0,30.619352839683444,0.6019790420116828
red_wing,169,18.0,30.920543425470225,0.5837676818490759
red_wing,170,15.0,36.98080086841405,0.5613116792600578
red_wing,171,25.0,26.40143553353363,0.593390123430362
red_wing,172,11.0,37.748351651111186,0.6182794502104154
red_wing,173,15.0,28.369149887019447,0.6076294518722836
red_wing,174,24.0,39.469115267768174,0.6015152828074508
red_wing,175,9.0,27.107429460344854,0.6118989633778009
red_wing,176,16.0,31.284644150835312,0.5824246876053075
red_wing,177,18.0,24.6929140682149,0.6293400648109622
red_wing,178,12.0,22.357065733281523,0.6277107683203946
red_wing,179,15.0,28.862826703936708,0.6180385934508221
red_wing,180,15.0,26.72537210762946,0.5519279097141374
red_wing,181,36.0,34.82401912290025,0.6001298448426469
red_wing,182,18.0,28.006453811051426,0.5983399302055958
red_wing,183,35.0,30.10219054394867,0.5413160024617042
red_wing,184,31.0,31.182465026126536,0.5743584416091816
red_wing,185,15.0,26.101288263219576,0.5929849824730913
red_wing,186,16.0,29.594505552929558,0.6531024259735422
red_wing,187,35.0,32.52934971457957,0.5357021543566364
red_wing,188,21.0,28.673706243308978,0.5832186859332393
red_wing,189,33.0,33.17681565368853,0.6163941877580825
red_wing,190,15.0,28.440389126060694,0.5895956007228688
red_wing,191,9.0,32.92362279404741,0.6239436321789299
red_wing,192,17.0,30.86758279335839,0.6181285871463916
red_wing,193,25.0,34.52503201692873,0.6046083962636226
red_wing,194,19.0,25.545295784269044,0.6272052210879306
red_wing,195,21.0,26.492117964204617,0.6066983328273279
red_wing,196,21.0,26.922420753538574,0.6116318417082867
red_wing,197,15.0,28.76949936819356,0.6038293971327298
red_wing,198,16.0,33.1079495124492,0.6022085275010743
red_wing,199,18.0,26.398827056212497,0.5998651834047559
red_wing,200,13.0,35.766068446161796,0.5939726462145729
red_wing,201,13.0,25.5391830362087,0.5594575381133895
red_wing,202,29.0,23.86425407912795,0.5802596400939277
red_wing,203,22.0,30.775009299010147,0.5636056548461053
red_wing,204,14.0,27.464661234922545,0.66522922810475
red_wing,205,24.0,31.42634050738435,0.5918930125410824
red_wing,206,17.0,28.85993048144614,0.6142536806505521
red_wing,207,16.0,28.84527513472791,0.6414358516254308
red_wing,208,15.0,25.064316340582227,0.5833409864810188
red_wing,209,8.0,28.498605932848317,0.5838549061740541
red_wing,210,33.0,33.93277726727256,0.6058815933356092
red_wing,211,14.0,29.406143457369982,0.603456114146691
red_wing,212,15.0,27.234879440374826,0.5857888834737244
red_wing,213,7.0,29.253879826936974,0.6158474114554802
red_wing,214,14.0,28.81859878177743,0.5669863192642495
red_wing,215,14.0,32.73854891890176,0.6012153997523194
red_wing,216,12.0,25.115085080630383,0.5714315906216987
red_wing,217,11.0,29.590688558766402,0.586316471115216
red_wing,218,15.0,34.798925808714316,0.6240185122644284
red_wing,219,19.0,33.642175642646315,0.5632214577376313
red_wing,220,32.0,29.294218855422656,0.6366002046004539
red_wing,221,10.0,31.90183212243956,0.572393680669443
red_wing,222,14.0,26.359928354346266,0.620370907539052
red_wing,223,31.0,32.81855655698973,0.6026653241798051
red_wing,224,24.0,29.291261039080194,0.6283389240431589
red_wing,225,23.0,29.749705889787588,0.5837568761508282
red_wing,226,18.0,36.42688772727706,0.5707565645231639
red_wing,227,16.0,31.936870291349116,0.5939775586629368
red_wing,228,13.0,22.574648357646872,0.6443121666135088
red_wing,229,34.0,33.3072977159363,0.5829812159341807
red_wing,230,51.0,40.94931621128906,0.5618725366973967
red_wing,231,13.0,31.754666429952856,0.5381040063164029
red_wing,232,16.0,27.8214709086404,0.6319646352900723
red_wing,233,15.0,22.010483473908003,0.6075110586743497
red_wing,234,15.0,26.516052159776176,0.6263627700867891
red_wing,235,15.0,31.60327221696706,0.6516185957463221
red_wing,236,15.0,35.46347038619354,0.5762272594614559
red_wing,237,19.0,38.81488853494502,0.6091654339608727
red_wing,238,34.0,37.61130562232497,0.5992827830920368
red_wing,239,14.0,24.148393132523296,0.6015896058412453
red_wing,240,21.0,33.93328039041706,0.585891127486252
red_wing,241,13.0,23.495981010547204,0.5924415196003032
red_wing,242,18.0,37.885725888748375,0.6035339114732461
red_wing,243,21.0,27.887463098132677,0.5717659201665817
red_wing,244,17.0,28.959658813791634,0.6211737427857805
red_wing,245,19.0,29.343020929758847,0.5615927494684463
red_wing,246,35.0,29.27490825985783,0.5741538660679504
red_wing,247,18.0,29.597645274028324,0.6061764898777173
red_wing,248,15.0,21.868884820554367,0.6149612352168434
red_wing,249,16.0,31.98862085713806,0.5637399261919578
red_wing,250,16.0,27.898025037773177,0.61679183048142
red_wing,251,14.0,28.465069494138802,0.5820827245971103
red_wing,252,19.0,28.696432973469086,0.6458400553455503
red_wing,253,16.0,30.591034156600138,0.5969561136419178
red_wing,254,13.0,32.62489645149941,0.6126143125509632
red_wing,255,16.0,27.30935115109463,0.6037623353312915
red_wing,256,15.0,28.35614431295735,0.556555812007064
red_wing,257,22.0,28.6304976014733,0.6274403473952996
red_wing,258,13.0,30.577538135226817,0.6131573715047564
red_wing,259,19.0,35.956902535151606,0.6181164496254297
red_wing,260,15.0,28.057407931318732,0.6072061407128344
red_wing,261,36.0,32.77066781454006,0.6254724995969856
red_wing,262,12.0,26.861252170175547,0.595477501282167
red_wing,263,13.0,23.72508949873448,0.6052244271697652
red_wing,264,15.0,30.215894054490942,0.5732762983420219
red_wing,265,19.0,30.308520809963156,0.6188841988092301
red_wing,266,10.0,40.09561586209081,0.5485333824814793
red_wing,267,12.0,32.21795315054214,0.5649753085823883
red_wing,268,15.0,27.313623196823652,0.5323177539441107
red_wing,269,31.0,38.68607857384134,0.584825397834668
red_wing,270,12.0,25.131532351640505,0.590855668030982
red_wing,271,28.0,31.910199895495644,0.6041386899642104
red_wing,272,22.0,27.083659979112763,0.6076453049026205
red_wing,273,15.0,26.67571557547937,0.6258291692890146
red_wing,274,14.0,30.462541705524337,0.5611215313517789
red_wing,275,32.0,30.30427160513487,0.6056036614860834
red_wing,276,32.0,32.82024849630071,0.6212665558042197
red_wing,277,15.0,31.69990157089833,0.5951840282014965
red_wing,278,13.0,30.407125948166264,0.6047511570396797
red_wing,279,16.0,24.357925809297125,0.6371156932806443
red_wing,280,19.0,24.681737416424927,0.650958545404356
red_wing,281,14.0,32.02409184569485,0.5226418787784691
red_wing,282,32.0,28.26318250474782,0.6064009098414369
red_wing,283,14.0,27.03303290598312,0.591578143481894
red_wing,284,18.0,29.65045816436573,0.5878869883076561
red_wing,285,21.0,28.179931623294515,0.5968227348424066
red_wing,286,8.0,30.288345231386433,0.5525965344132644
red_wing,287,21.0,29.14816583917985,0.6066794146081217
red_wing,288,11.0,31.56527568530591,0.570718739214439
red_wing,289,15.0,26.39639004863398,0.5953000344730639
red_wing,290,16.0,29.499240698275713,0.5978529353069191
red_wing,291,29.0,31.00041919534451,0.5858598659140996
red_wing,292,16.0,31.583016921676347,0.5816684029279974
red_wing,293,24.0,35.85906399505761,0.6307094682285316
red_wing,294,13.0,35.88799286467643,0.601597975835296
red_wing,295,19.0,31.127708949833888,0.5832591696738727
red_wing,296,15.0,26.839067230990146,0.5628695403603012
red_wing,297,17.0,31.11284216296688,0.6018098283500048
red_wing,298,15.0,35.04457497546117,0.607067326566135
red_wing,299,33.0,34.366374161590954,0.5695423691783156
red_wing,300,15.0,31.332820440084454,0.5719690087021363
red_wing,301,18.0,30.80647038835594,0.5683581310248297
red_wing,302,9.0,28.348403679879844,0.5883178815663179
red_wing,303,8.0,31.006966505112704,0.6146201541498769
red_wing,304,16.0,31.155748280188572,0.6030938050878694
red_wing,305,28.0,30.148132757836176,0.57102373016159
red_wing,306,10.0,35.64306302046701,0.5642675153156387
red_wing,307,32.0,38.475719951769236,0.5603931548827277
red_wing,308,24.0,31.516301889345705,0.6179861156722469
red_wing,309,32.0,33.50737093664533,0.577491797681726
red_wing,310,15.0,20.101390362431843,0.6177251044532105
red_wing,311,14.0,30.036054147340682,0.5605773986968687
red_wing,312,18.0,36.921896702444506,0.6019706106457845
red_wing,313,9.0,28.647177098419373,0.5916564564723408
red_wing,314,30.0,34.871570391799345,0.5450949438226638
red_wing,315,9.0,27.022835418153324,0.6414151716782699
red_wing,316,17.0,31.36609268709364,0.5868205424038897
red_wing,317,19.0,31.69247558475812,0.6005411799347754
red_wing,318,14.0,26.238666904106857,0.6101097288193162
red_wing,319,35.0,29.540836538684605,0.6114778262233795
red_wing,320,21.0,30.88147644278918,0.588902487836539
red_wing,321,14.0,31.61437146616937,0.5755533560742849
red_wing,322,15.0,25.586607134696152,0.5933706356011536
red_wing,323,13.0,29.000045705794673,0.5852433909990411
red_wing,324,21.0,55.78373220718023,0.5716902997467912
red_wing,325,15.0,31.338673780352387,0.5866048048120298
red_wing,326,31.0,36.64955324943006,0.6043962797044674
red_wing,327,12.0,27.873941306115988,0.614222366937465
red_wing,328,15.0,23.17499450408692,0.5879929130426502
red_wing,329,9.0,35.38850971898116,0.6027692341230312
red_wing,330,13.0,36.82958081834514,0.5730043150296208
red_wing,331,31.0,37.52221877518924,0.5957331832063459
red_wing,332,20.0,24.68213639147791,0.57611265030194
red_wing,333,24.0,31.406538689741797,0.6026589199647944
red_wing,334,15.0,34.79147690456935,0.5733647769866876
red_wing,335,24.0,28.181637180902964,0.5796205561173002
red_wing,336,31.0,34.03210130986054,0.6353656300824748
red_wing,337,21.0,29.02199550250999,0.6144944335615184
red_wing,338,21.0,29.914183993508242,0.6337080342387973
red_wing,339,30.0,36.736343100971794,0.613880984448959
red_wing,340,20.0,40.259387834845626,0.5373450647961429
red_wing,341,14.0,25.958880390284882,0.5746745843970571
red_wing,342,14.0,29.85475830744249,0.604601071341569
red_wing,343,13.0,38.00662331596779,0.6093433033548032
red_wing,344,14.0,27.462012879792404,0.5857236206639733
red_wing,345,15.0,30.034640709385766,0.599376585088379
red_wing,346,16.0,27.35480269604343,0.6280765930878964
red_wing,347,13.0,23.253595244968224,0.6003727197435971
red_wing,348,35.0,34.08078935917931,0.5680469247577367
red_wing,349,21.0,27.534549091921992,0.5420596707015728
red_wing,350,13.0,34.14153539854472,0.5893188312136276
red_wing,351,15.0,31.40667070592406,0.5916529169299847
red_wing,352,11.0,30.28000886384773,0.5693045281353288
red_wing,353,11.0,33.7338377385012,0.5672427595301337
red_wing,354,13.0,26.217954832372122,0.6441824565034675
red_wing,355,8.0,30.78683569979722,0.5481352671521262
red_wing,356,35.0,35.0850612113665,0.5910416372129088
red_wing,357,18.0,34.006076595967535,0.5912878376656449
red_wing,358,14.0,26.770501550683427,0.6065211612750641
red_wing,359,28.0,31.59381984165178,0.5786424304642983
red_wing,360,13.0,33.77906694411778,0.6017668352311822
red_wing,361,8.0,31.535531788024322,0.5736110352986594
red_wing,362,21.0,26.574947726553134,0.5699469083127797
red_wing,363,15.0,29.57612414561029,0.5658556495823006
red_wing,364,20.0,36.27945282439831,0.6167705184093484
red_wing,365,14.0,27.404380627307276,0.5770289778563065
red_wing,366,13.0,38.821536794584915,0.5838094049596887
red_wing,367,12.0,32.27534544271898,0.598364762769666
red_wing,368,14.0,30.896866923774194,0.6116406063741988
red_wing,369,21.0,32.1823784004193,0.5666066817360442
red_wing,370,15.0,34.813461137670984,0.5683047684927249
red_wing,371,22.0,25.766689763781056,0.5915818349509481
red_wing,372,16.0,30.26939529661373,0.6350088836622645
red_wing,373,19.0,28.461469658269394,0.5840603097271106
red_wing,374,14.0,25.863489312363797,0.5591210890027594
red_wing,375,25.0,29.233264900223208,0.5960939904275218
red_wing,376,9.0,29.46153942354253,0.6049536522456043
red_wing,377,14.0,25.652748665752288,0.6437367141639303
red_wing,378,19.0,27.212479732008514,0.5747538847305866
red_wing,379,23.0,32.45546668834838,0.5677553058662124
red_wing,380,8.0,35.270520983322754,0.5495083836022908
red_wing,381,13.0,31.067658739145152,0.6124324562875589
red_wing,382,32.0,33.63511990027727,0.6260280355871384
red_wing,383,30.0,37.60394881436711,0.6100657349695722
red_wing,384,13.0,27.78517004007742,0.6059869568501568
red_wing,385,8.0,24.549545600528116,0.5776537876857679
red_wing,386,21.0,28.3927908487281,0.5437968778306479
red_wing,387,21.0,30.670544062945424,0.6102330910667053
red_wing,388,17.0,36.56269095470546,0.6281223551904194
red_wing,389,13.0,28.255214805940792,0.629583470706617
red_wing,390,18.0,24.405206969697154,0.5993775418840315
red_wing,391,19.0,25.60094930637725,0.5408560265102496
red_wing,392,15.0,23.302905816234386,0.6265724522403244
red_wing,393,16.0,27.251385348567705,0.6309099139575306
red_wing,394,11.0,30.36369894323939,0.5970622545257246
red_wing,395,14.0,25.07604950205357,0.5761060333808877
red_wing,396,18.0,29.26960153215425,0.5556488715401191
red_wing,397,15.0,36.22054974890205,0.57820538348291
red_wing,398,16.0,24.825677683955572,0.5950924575489491
red_wing,399,11.0,30.571311918921417,0.5869695739375187
red_wing,400,25.0,24.304091840965174,0.5924902410799917
red_wing,401,17.0,56.662774340508875,0.5568334880547574
red_wing,402,30.0,32.09581466497512,0.6199291983861186
red_wing,403,18.0,28.888674591987467,0.5749696472240882
red_wing,404,9.0,31.197055831121347,0.6022069003517987
red_wing,405,18.0,29.781022419023316,0.619448441835273
red_wing,406,11.0,35.78973486382518,0.5765350858639495
red_wing,407,25.0,31.510895819905347,0.617076871341167
red_wing,408,19.0,36.854527050835515,0.5908097489779441
red_wing,409,19.0,31.617172664866043,0.5933254203244751
red_wing,410,19.0,34.659635107680366,0.6234914869941721
red_wing,411,7.0,28.379904727207894,0.600290523482919
red_wing,412,11.0,33.65700381016126,0.6139484387863985
red_wing,413,15.0,31.47240686127177,0.5888249515133841
red_wing,414,14.0,30.05174813187782,0.591760017725818
red_wing,415,7.0,26.120855394904975,0.5531936820538274
red_wing,416,15.0,28.008027983464597,0.5640460055934317
red_wing,417,37.0,34.76869614426338,0.5995223280040812
red_wing,418,19.0,22.56849932709982,0.6089185278027952
red_wing,419,8.0,34.73194919706044,0.6117350564566895
red_wing,420,21.0,31.457742935201047,0.619538497598444
red_wing,421,18.0,27.278541427481347,0.5603126389206343
red_wing,422,7.0,26.10927953522514,0.5722978112882828
red_wing,423,12.0,23.892770114484254,0.5788514712643447
red_wing,424,7.0,28.731386856126214,0.5724841114783337
red_wing,425,29.0,28.153334424165386,0.6090199027407224
red_wing,426,14.0,27.23123506920066,0.5825850949258897
red_wing,427,23.0,32.49452790028208,0.6327822754093246
red_wing,428,19.0,29.05063029469327,0.586732073639069
red_wing,429,12.0,24.765028333292836,0.5806353063286294
red_wing,430,15.0,30.90634717385114,0.6201646373030385
red_wing,431,15.0,33.190192540991774,0.5718987916430381
red_wing,432,19.0,32.192026510514985,0.5762089943837748
red_wing,433,31.0,32.37653245911445,0.5817240794855951
red_wing,434,17.0,34.083849731061164,0.6053131415054815
red_wing,435,21.0,30.56765574244095,0.5773977199344849
red_wing,436,21.0,32.30233011417102,0.5853453336283154
red_wing,437,13.0,25.519633021535896,0.5923240642731586
red_wing,438,8.0,33.399432086810705,0.5821336623997052
red_wing,439,15.0,28.11263055351486,0.6120903572588187
red_wing,440,22.0,30.833956090986305,0.5880968699964155
red_wing,441,36.0,28.880489682774133,0.5759499683839855
red_wing,442,20.0,25.72476581405226,0.6188091372379754
red_wing,443,16.0,37.52410220681035,0.5755496727063517
red_wing,444,15.0,25.472069756082433,0.6181113815736263
red_wing,445,19.0,32.653801440380484,0.5819616684265496
red_wing,446,16.0,36.045726293661005,0.5699976184442406
red_wing,447,17.0,22.30087229564232,0.5892463663614027
red_wing,448,15.0,26.423087064662276,0.6013151444513559
red_wing,449,23.0,29.42609168203188,0.5909824658264334
red_wing,450,15.0,31.114993285242605,0.6041177240766811
red_wing,451,14.0,25.560848725364284,0.5508601666464501
red_wing,452,19.0,36.95671246123274,0.6108205315319755
red_wing,453,11.0,26.011040228326998,0.6357498534395192
red_wing,454,31.0,37.397937452619836,0.5446822608373405
red_wing,455,21.0,30.446721882307735,0.5553760074386648
red_wing,456,14.0,33.302340068821195,0.5597231691072557
red_wing,457,31.0,26.4399048292034,0.61683560725092
red_wing,458,14.0,34.68349251439283,0.5418922196013721
red_wing,459,11.0,26.970015347057647,0.6343180608424528
red_wing,460,29.0,34.41280347274293,0.5952956761383549
red_wing,461,18.0,27.918570361770975,0.5864018553323433
red_wing,462,15.0,21.3561245208827,0.6421020787706901
red_wing,463,15.0,30.631377806741337,0.6099889421569009
red_wing,464,13.0,29.242558310912763,0.5789804635205598
red_wing,465,14.0,30.39070705684769,0.6102066567105537
red_wing,466,11.0,28.932413531615538,0.5845456702736754
red_wing,467,13.0,28.7927698267247,0.6174497195335956
red_wing,468,11.0,25.01407196567463,0.5771867885166561
red_wing,469,9.0,23.345470740916944,0.6142375256166166
red_wing,470,29.0,33.7065442340003,0.603054343127907
red_wing,471,9.0,26.854310781971613,0.5590079229428369
red_wing,472,29.0,37.84050281935017,0.5757127887028454
red_wing,473,16.0,28.56681368373863,0.5918121367342426
red_wing,474,25.0,36.37606126485756,0.5369267276244909
red_wing,475,31.0,29.720622851471934,0.5727365425564339
red_wing,476,15.0,34.76561043291348,0.5833266511888118
red_wing,477,36.0,40.46037833602467,0.6047022018698793
red_wing,478,15.0,25.08533005465272,0.564986406035598
red_wing,479,13.0,29.142207146523326,0.563742519999908
red_wing,480,29.0,30.49649090180567,0.5732075267484718
red_wing,481,13.0,31.716199764171208,0.5785906707012324
red_wing,482,22.0,32.6224816619966,0.5935722167587005
red_wing,483,19.0,33.72426812185002,0.6174048103147183
red_wing,484,21.0,30.993956846750372,0.5886565510149864
red_wing,485,33.0,33.86380431427369,0.5240850892002158
red_wing,486,8.0,27.863223021241943,0.5712570776570582
red_wing,487,28.0,29.50151729406031,0.6021944209522221
red_wing,488,9.0,29.14293055830361,0.6002758827719203
red_wing,489,14.0,24.258633795863414,0.6122781067475831
red_wing,490,17.0,30.82497325851703,0.5843112146323138
red_wing,491,18.0,25.548512981123523,0.5786880560707262
red_wing,492,19.0,28.798280188883307,0.5794921940053301
red_wing,493,13.0,25.592208669528894,0.6216496664086514
red_wing,494,25.0,32.05965831188285,0.6135145359866536
red_wing,495,10.0,23.56243904701021,0.5860838273914781
red_wing,496,21.0,38.732136124977956,0.5680708716635284
red_wing,497,11.0,30.193063967097185,0.570825359936817
red_wing,498,29.0,27.333937846674466,0.6127497781141003
red_wing,499,16.0,30.491632897503482,0.616129733862153
red_wing,500,18.0,38.203429340672834,0.5868936937180215
red_wing,501,18.0,30.636168806085244,0.5928593121046153
red_wing,502,23.0,30.25544401756031,0.5953633166379273
red_wing,503,21.0,29.030134949690297,0.6305515507816819
red_wing,504,31.0,31.699757694623965,0.5581627072185341
red_wing,505,30.0,30.615982927225662,0.6212480203168284
red_wing,506,14.0,27.572743962657192,0.5898656518452476
red_wing,507,15.0,32.15872182222174,0.5926842977095832
red_wing,508,13.0,22.66233545153631,0.6400113603750031
red_wing,509,29.0,28.941927561876636,0.610238770868732
red_wing,510,19.0,32.46045081643079,0.5927336890869566
red_wing,511,21.0,31.774665398292502,0.5484223715337879
red_wing,512,14.0,25.51763235285307,0.5901015884702048
red_wing,513,31.0,34.35776456727165,0.614585706710461
red_wing,514,15.0,31.019111345532394,0.5613047146219174
red_wing,515,16.0,30.15544629376005,0.5908567741667435
red_wing,516,21.0,28.619126779858075,0.5627348889086883
red_wing,517,13.0,36.30354872117118,0.5893678893603077
red_wing,518,29.0,30.704116780535976,0.5959990586657721
red_wing,519,19.0,29.357951984378946,0.5847004897385539
red_wing,520,22.0,29.539266930524207,0.5672104701556646
red_wing,521,13.0,30.99446160154772,0.5847911343678007
red_wing,522,13.0,26.177226632612495,0.6207561056675368
red_wing,523,15.0,30.334224692863152,0.551658182368439
red_wing,524,14.0,33.145653335667916,0.5633114429088415
red_wing,525,8.0,28.530005997927248,0.5950895611928263
red_wing,526,33.0,31.044276573623257,0.6229393935598619
red_wing,527,13.0,27.118732294234412,0.6111784221804579
red_wing,528,32.0,30.439023185238874,0.6224422083744313
red_wing,529,13.0,27.185997161952574,0.5870802456478663
red_wing,530,8.0,29.170322944060384,0.5664339767345982
red_wing,531,15.0,32.69788289333664,0.5937109425935616
red_wing,532,16.0,31.85733765496413,0.5823247773248015
red_wing,533,14.0,23.03990469744678,0.6470083608753372
red_wing,534,18.0,26.667043340675868,0.6207749049573426
red_wing,535,23.0,32.38484930054241,0.5509351614631306
red_wing,536,14.0,24.520114460242297,0.6307206050857964
red_wing,537,11.0,32.30756955790372,0.5553109793435228
red_wing,538,34.0,31.620118021914372,0.5334383885434457
red_wing,539,21.0,39.135103447898544,0.5737180275031596
red_wing,540,20.0,26.459937858391843,0.5793703053737131
red_wing,541,12.0,34.66634549577561,0.6361635821222058
red_wing,542,11.0,29.615521117604224,0.5732813948837843
red_wing,543,10.0,27.077338906827038,0.5834079422711334
red_wing,544,18.0,30.00163382171695,0.5918885975329786
red_wing,545,18.0,38.21803778738035,0.5562198509030476
red_wing,546,9.0,28.340972204185725,0.6078983007861551
red_wing,547,18.0,29.585782022718476,0.5728145035440424
red_wing,548,18.0,27.763656491909035,0.5707137436074137
red_wing,549,31.0,32.136167505266414,0.568377582821626
red_wing,550,18.0,28.07162850844971,0.5884093568792168
red_wing,551,12.0,29.13156254573573,0.5653261604477764
red_wing,552,11.0,27.880304994169183,0.6194684861022139
red_wing,553,13.0,29.076708593884582,0.6289348654569478
red_wing,554,11.0,25.460897361893274,0.5829679752042931
red_wing,555,21.0,38.00935977919525,0.6002297936353526
red_wing,556,21.0,34.20873879402356,0.5735678044945876
red_wing,557,15.0,30.99897667510368,0.5823034721906393
red_wing,558,15.0,37.41044204942258,0.5628929742527083
red_wing,559,14.0,25.78660966963053,0.5539279340121465
red_wing,560,7.0,37.89008167930202,0.6300953205451403
red_wing,561,8.0,24.182577412662194,0.5671431631856846
red_wing,562,28.0,31.130173271887504,0.6073434285005465
red_wing,563,10.0,29.775750288900817,0.668703169107959
red_wing,564,25.0,31.96275376153807,0.5583449778951912
red_wing,565,15.0,23.787767914601833,0.6254946660029262
red_wing,566,18.0,30.390990578476124,0.6122152193926425
red_wing,567,11.0,31.150468823413,0.5538785602824468
red_wing,568,16.0,33.10415023041259,0.5513141675293254
red_wing,569,17.0,30.914749864436185,0.6350030708097131
red_wing,570,14.0,38.55611276332918,0.5733979900718011
red_wing,571,24.0,29.617619149048508,0.6089819616464065
red_wing,572,21.0,47.49119171765222,0.5808090232719363
red_wing,573,19.0,28.556309246088627,0.6146628149807183
red_wing,574,17.0,29.73294914868587,0.5834753404020265
red_wing,575,13.0,23.064480139900265,0.5962931544698267
red_wing,576,14.0,28.941524002539218,0.6195203256377546
red_wing,577,22.0,28.444046971140047,0.5954529959666137
red_wing,578,21.0,29.764107473346833,0.5817919232893496
red_wing,579,24.0,30.207909995329405,0.5941120790436185
red_wing,580,22.0,31.97318323655692,0.6183291312500031
red_wing,581,11.0,30.555905637895734,0.5921113423944322
red_wing,582,29.0,27.406740143297778,0.6250360118449914
red_wing,583,15.0,30.9180428234493,0.6316704701458669
red_wing,584,12.0,28.52211191164149,0.5754063848097496
red_wing,585,15.0,33.603323426631334,0.5884803748616905
red_wing,586,31.0,31.898278532113828,0.5733726523297945
red_wing,587,21.0,32.868874480307596,0.6053106915601434
red_wing,588,18.0,28.604959381514043,0.5490877436114721
red_wing,589,18.0,27.74278930211426,0.6256442786619876
red_wing,590,31.0,29.887521394506887,0.6296296678562795
red_wing,591,18.0,29.79211240125328,0.6433237885527542
red_wing,592,18.0,34.40714349437681,0.5664933964956722
red_wing,593,13.0,29.455325704675655,0.6182898363163905
red_wing,594,14.0,36.11033189519955,0.6093217567911291
red_wing,595,11.0,24.710224387407475,0.5945581344422329
red_wing,596,16.0,23.400007440813845,0.6148630825895606
red_wing,597,8.0,30.166892035267185,0.6319504949817331
red_wing,598,29.0,35.63712312444691,0.6116843325633079
red_wing,599,35.0,28.11242910661035,0.6010480593245202
red_wing,600,13.0,26.750330961573297,0.6028698909200398
red_wing,601,8.0,28.121445803156497,0.5785712523569672
red_wing,602,21.0,31.280623335316566,0.5446565907992416
red_wing,603,33.0,36.743572368996524,0.6402858018345827
red_wing,604,24.0,28.954022650946513,0.5791629469293178
red_wing,605,14.0,30.38988973411413,0.6317417754585051
red_wing,606,14.0,26.115998571679544,0.6059047376515319
red_wing,607,21.0,30.516895100691436,0.5401144763560117
red_wing,608,18.0,31.153248943808638,0.6434829834113174
red_wing,609,32.0,29.056580401786018,0.5455240448972556
red_wing,610,21.0,29.89266441698391,0.6311517691937614
red_wing,611,9.0,30.72856315406385,0.6278558405874454
red_wing,612,15.0,27.147886344674202,0.5628161306414055
red_wing,613,25.0,31.844577807313932,0.6143837208112577
red_wing,614,16.0,29.4432569192462,0.6322832080856755
red_wing,615,16.0,30.999024678193038,0.5910501243167798
red_wing,616,20.0,27.453639086903813,0.5789469412690911
red_wing,617,10.0,22.690849385758394,0.6148310813432772
red_wing,618,24.0,26.706810793167396,0.637758152250556
red_wing,619,9.0,25.967960953300143,0.5553123309492564
red_wing,620,18.0,30.078905041144935,0.6428317040485187
red_wing,621,15.0,27.481515461901346,0.5961210952913601
red_wing,622,11.0,22.6699579563087,0.6106451033702037
red_wing,623,18.0,33.14652486300363,0.6241734947832388
red_wing,624,20.0,27.46242395685864,0.6227517906702517
red_wing,625,14.0,33.64321478910124,0.5854976465295765
red_wing,626,18.0,36.759330975530204,0.5684938330744997
red_wing,627,15.0,24.517145701818652,0.5724688742124452
red_wing,628,14.0,31.930215738575736,0.5939447020424069
red_wing,629,15.0,32.004842712498416,0.6101173830666664
red_wing,630,29.0,31.131034823065622,0.5912877389470163
red_wing,631,11.0,28.198969505248453,0.6006921727947628
red_wing,632,13.0,28.465795335563314,0.6252572323390956
red_wing,633,14.0,34.62050715971266,0.6165975643783761
red_wing,634,33.0,35.345873974309484,0.5724742227895638
red_wing,635,13.0,30.29949122441085,0.5505359749623651
red_wing,636,10.0,30.921881604917058,0.5858306486532838
red_wing,637,36.0,37.08372547582622,0.5919081665030348
red_wing,638,14.0,25.953892483915386,0.5860841475163066
red_wing,639,14.0,30.28803455183772,0.6309506253866715
red_wing,640,15.0,22.836708480166756,0.5798738153608102
red_wing,641,9.0,31.657661432468547,0.5958290182037593
red_wing,642,13.0,30.40594134849493,0.5537958826643983
red_wing,643,11.0,37.037633728805424,0.5457163621841792
red_wing,644,12.0,27.154809981316706,0.6050324812240075
red_wing,645,51.0,36.922392200809526,0.5466701278272976
red_wing,646,14.0,30.09910385878465,0.5997880437561864
red_wing,647,33.0,39.44348530452294,0.6152448915634454
red_wing,648,11.0,23.965066185797898,0.6017490084763968
red_wing,649,18.0,35.125586322924065,0.5974242855064698
red_wing,650,14.0,29.24436905130836,0.5995057215370889
red_wing,651,13.0,28.432451514197194,0.6123476040471965
red_wing,652,14.0,27.4924092788238,0.5842842465225645
red_wing,653,15.0,30.365151531585813,0.5698487639923842
red_wing,654,19.0,57.594220822393325,0.5335447491289482
red_wing,655,14.0,27.1755223717423,0.5819547827018248
red_wing,656,8.0,38.88319119996112,0.571916052830862
red_wing,657,21.0,32.47851254916483,0.6338140772921377
red_wing,658,15.0,23.2742347237561,0.5997603404239269
red_wing,659,29.0,38.59926854838282,0.6163647100682494
red_wing,660,38.0,47.57864046597678,0.5932658841998393
red_wing,661,16.0,27.275641989027456,0.6018510181494616
red_wing,662,19.0,29.56597713158911,0.5745092876284261
red_wing,663,19.0,26.603295320258464,0.623431452699951
red_wing,664,11.0,28.968593895182934,0.6071033236293044
red_wing,665,15.0,38.471755516130315,0.585864031451283
red_wing,666,21.0,37.11989762379414,0.5899039139651183
red_wing,667,21.0,26.192305636988497,0.5991546204027358
red_wing,668,18.0,35.47746208148203,0.5816761862973758
red_wing,669,9.0,27.322363799021094,0.561839628423731
red_wing,670,16.0,27.894931667885963,0.6117336442448953
red_wing,671,48.0,35.31305407880816,0.5866809318331067
red_wing,672,31.0,32.25404568534431,0.6156132058501105
red_wing,673,9.0,45.562122502872846,0.5992958632331482
red_wing,674,31.0,30.75428669194098,0.5987087618804838
red_wing,675,14.0,27.239599413723912,0.6201709232866388
red_wing,676,35.0,40.807489092704046,0.6139638973399102
red_wing,677,19.0,28.62007667204074,0.5614671041666079
red_wing,678,15.0,29.103240790132393,0.6301041596542538
red_wing,679,14.0,29.509112287847806,0.5970734981542258
red_wing,680,35.0,29.830909301039824,0.5771149521529422
red_wing,681,13.0,23.768160048343564,0.6133254114152256
red_wing,682,13.0,37.32786508363458,0.5990466455842988
red_wing,683,14.0,34.091492448731245,0.5941404415549594
red_wing,684,35.0,34.59451802785173,0.5868172122780162
red_wing,685,30.0,32.70595293662158,0.6178612249759636
red_wing,686,15.0,33.2365887466244,0.6455403793958137
red_wing,687,14.0,22.61097728827521,0.5772112859266179
red_wing,688,32.0,55.04929261850391,0.5614938236214169
red_wing,689,14.0,31.334781078370433,0.5905561243840953
red_wing,690,19.0,32.48422716429847,0.5986256257424392
red_wing,691,15.0,28.805954589113487,0.6330663338598432
red_wing,692,12.0,28.108986781946786,0.5690296557375263
red_wing,693,22.0,29.467677568431533,0.566097854975609
red_wing,694,17.0,24.534968025279984,0.5800557013549026
red_wing,695,16.0,23.63330774729645,0.5989151124366272
red_wing,696,20.0,31.245059478527295,0.584679147127698
red_wing,697,8.0,26.158176879571435,0.6027551201224961
red_wing,698,31.0,30.880932350212362,0.5634462480904405
red_wing,699,7.0,28.84607633752195,0.579643012353562
red_wing,700,16.0,29.599215033525354,0.6258893657763589
red_wing,701,18.0,30.24312724519194,0.5848757797561919
red_wing,702,21.0,29.31793694882342,0.579436524474132
red_wing,703,16.0,30.092781466477696,0.5909300363228343
red_wing,704,19.0,30.22933624108881,0.583768381654689
red_wing,705,19.0,30.134358181123822,0.5884234227157235
red_wing,706,8.0,29.577193012355107,0.5939635173488462
red_wing,707,21.0,30.962007961263758,0.600367525171716
red_wing,708,13.0,30.189049346821495,0.6327311245249213
red_wing,709,32.0,35.17580749865401,0.5473222676546957
red_wing,710,9.0,30.714176874745327,0.6197240063582836
red_wing,711,19.0,31.045407999661727,0.6344261509095426
red_wing,712,24.0,27.35989959072432,0.5931452224798712
red_wing,713,24.0,36.134257404455106,0.6198189478983899
red_wing,714,9.0,30.204666253916987,0.5525774522817145
red_wing,715,15.0,33.68964038691753,0.5713226288067358
red_wing,716,13.0,42.090678834034,0.5852972147770354
red_wing,717,21.0,33.47643519637392,0.5946817215884457
red_wing,718,16.0,30.53373890167321,0.568280306950301
red_wing,719,19.0,29.51305113506964,0.601648489231033
red_wing,720,16.0,22.3063520397688,0.6068615581920207
red_wing,721,14.0,35.65787241745011,0.5752504116068067
red_wing,722,37.0,32.80101138759187,0.6101050822862149
red_wing,723,12.0,35.416435471989445,0.6639959709790313
red_wing,724,21.0,26.46436425779899,0.5504840378254712
red_wing,725,9.0,32.450436666651576,0.5701393220275108
red_wing,726,16.0,26.68774271391257,0.598031544243763
red_wing,727,15.0,25.83834422891757,0.6152729167175659
red_wing,728,20.0,30.696266313790883,0.5762547419869511
red_wing,729,16.0,28.71074681334085,0.6189894705424586
red_wing,730,21.0,25.803326628667715,0.5375398239648342
red_wing,731,14.0,35.576457547736744,0.5753027872622452
red_wing,732,15.0,39.02712000478325,0.6023997733583772
red_wing,733,14.0,27.37802222164886,0.5640228430994964
red_wing,734,14.0,31.630232658224674,0.5843344057018045
red_wing,735,21.0,36.95329583850075,0.6436776171381469
red_wing,736,20.0,30.606785532422506,0.5924782407205952
red_wing,737,21.0,27.888230914317603,0.6092255570500708
red_wing,738,17.0,31.90527402365811,0.5683313115831545
red_wing,739,18.0,30.19844540638511,0.5773418397150696
red_wing,740,19.0,34.08524054181472,0.5554159932318921
red_wing,741,15.0,32.15857286575513,0.6057264976331611
red_wing,742,30.0,35.06962846745598,0.6167994473475982
red_wing,743,18.0,30.271044495513383,0.6093970532244537
red_wing,744,19.0,33.265573071377084,0.5581689135522248
red_wing,745,18.0,25.567145289358017,0.6125924547367528
red_wing,746,15.0,27.074002610080367,0.6276025448120512
red_wing,747,13.0,28.46171584809514,0.5916942761180702
red_wing,748,14.0,29.489883311518916,0.5892241572064192
red_wing,749,13.0,28.57066735542197,0.6189836940084462
red_wing,750,14.0,26.813656269789025,0.6640589733337933
red_wing,751,18.0,28.75495934739508,0.5788194342998898
red_wing,752,14.0,27.096132352856294,0.616187925808303
red_wing,753,20.0,25.186921012201907,0.6219613929650301
red_wing,754,22.0,37.76113870949419,0.5879924625746058
red_wing,755,14.0,29.958453148396536,0.5934746647320994
red_wing,756,18.0,30.122117897448003,0.5949419197675236
red_wing,757,18.0,31.413371089932866,0.5934497729831404
red_wing,758,14.0,21.159075941253718,0.6003505533470039
red_wing,759,14.0,30.549400995502943,0.6071863461844353
red_wing,760,22.0,23.59890253366543,0.6073307696789084
red_wing,761,19.0,27.83669939435426,0.6015681904716498
red_wing,762,13.0,35.79520687939797,0.570733597738497
red_wing,763,13.0,32.11174446830604,0.6075881023250347
red_wing,764,21.0,31.560895615118888,0.6083370120691711
red_wing,765,15.0,26.229583691712257,0.6141030281162478
red_wing,766,13.0,33.90449606475425,0.6151276703426576
red_wing,767,17.0,32.11168989257208,0.5655861940115094
red_wing,768,14.0,22.286900375573207,0.6067499515595107
red_wing,769,32.0,35.201739246158226,0.6047170515929086
red_wing,770,30.0,32.55516798054903,0.6849283358554743
red_wing,771,10.0,25.514285317062043,0.540078911276312
red_wing,772,35.0,33.733630580834905,0.5369078595253762
red_wing,773,20.0,35.152563524392555,0.5925349360376785
red_wing,774,32.0,33.45473447325662,0.5698696482493693
red_wing,775,16.0,31.843661856206005,0.6013654907879256
red_wing,776,21.0,31.86692200113957,0.570304545432029
red_wing,777,16.0,24.946931614863814,0.618227812511928
red_wing,778,21.0,30.022638980707523,0.5754265597546102
red_wing,779,15.0,54.562598991322844,0.5514415861727411
red_wing,780,35.0,29.587077519007266,0.5945109636456989
red_wing,781,18.0,31.9469461393641,0.5689288430050616
red_wing,782,21.0,27.72223389664078,0.5873030825429675
red_wing,783,32.0,27.645502108439945,0.6151752168898021
red_wing,784,13.0,32.155539466235105,0.5701064436449504
red_wing,785,21.0,26.578075845837866,0.6377009510935736
red_wing,786,32.0,36.57464840644259,0.6009794015822314
red_wing,787,17.0,30.756132276790616,0.5928125041279287
red_wing,788,29.0,36.86949653173021,0.6059313755910702
red_wing,789,15.0,33.19130222771456,0.6217744791449593
red_wing,790,15.0,28.781559317564216,0.6199994117004584
red_wing,791,18.0,32.5985686699302,0.5738540351871709
red_wing,792,21.0,33.40598577560636,0.613436040369959
red_wing,793,16.0,31.278143810347043,0.6153949861108801
red_wing,794,13.0,32.0522987914425,0.5464111421756876
red_wing,795,23.0,27.211606369987273,0.5856241759689886
red_wing,796,38.0,35.35785685195143,0.5899437302094008
red_wing,797,9.0,26.569682353809327,0.5873415388612828
red_wing,798,22.0,30.778490437219986,0.5774455147801416
red_wing,799,24.0,27.86323891081666,0.5556246844417388
red_wing,800,14.0,28.97928146965436,0.5768812722323686
red_wing,801,21.0,37.590499452496516,0.5882376403250347
red_wing,802,15.0,32.01405251721148,0.5898300814660812
red_wing,803,14.0,27.327609097065945,0.6048311629506637
red_wing,804,15.0,33.11359045722098,0.6029355163373162
red_wing,805,13.0,26.69650011690316,0.6314208305742727
red_wing,806,15.0,27.062767488469618,0.6173059934717615
red_wing,807,24.0,31.88446194242608,0.5870365544281939
red_wing,808,20.0,39.28234658299414,0.5694885454856745
red_wing,809,14.0,35.528224991254085,0.6364996209170912
red_wing,810,18.0,30.12289545234839,0.6049129496069052
red_wing,811,19.0,29.285282083506303,0.6189120926324841
red_wing,812,13.0,28.03210848700647,0.6187323035281667
red_wing,813,21.0,30.33545022153157,0.5701155597299825
red_wing,814,13.0,30.46407118403288,0.6501363324807743
red_wing,815,14.0,26.417525007521817,0.6253576370937475
red_wing,816,19.0,28.119888164647275,0.6221988924909106
red_wing,817,11.0,27.418767736777408,0.6085040980768108
red_wing,818,13.0,29.68089999316756,0.5417909587937186
red_wing,819,21.0,28.833019298651752,0.540366885717044
red_wing,820,17.0,30.20798193625395,0.5845842050673268
red_wing,821,15.0,28.894831551516884,0.5937102880497072
red_wing,822,18.0,31.061679975608918,0.6122645248480316
red_wing,823,35.0,27.926793010936958,0.6303544484612925
red_wing,824,39.0,29.18215341929308,0.5574962568552138
red_wing,825,19.0,51.36963313892709,0.5588212888091555
red_wing,826,15.0,31.20859027979975,0.6023106956747308
red_wing,827,16.0,30.51751967067836,0.5756965008500359
red_wing,828,15.0,30.931183486445974,0.5940640936366295
red_wing,829,38.0,35.10970419339441,0.6121756801611012
red_wing,830,24.0,31.590249292759093,0.6083853136255409
red_wing,831,14.0,28.561112868335957,0.5494605283747092
red_wing,832,12.0,28.8466986997501,0.6279512650502825
red_wing,833,12.0,24.416973743613337,0.6057210618282196
red_wing,834,16.0,35.15179311283197,0.6002140943519365
red_wing,835,24.0,27.771956794106295,0.6172877556752624
red_wing,836,23.0,33.649662295768124,0.5819261319029609
red_wing,837,15.0,30.66363424633975,0.5972295980707814
red_wing,838,25.0,32.78579962105471,0.5804980670581377
red_wing,839,24.0,32.53286291119944,0.6341250655738209
red_wing,840,18.0,29.000909408964212,0.5766757577218207
red_wing,841,14.0,32.73286360813056,0.6103030569307368
red_wing,842,24.0,30.136688851494945,0.5575820717477653
red_wing,843,24.0,33.27136991434924,0.6110672644433834
red_wing,844,18.0,29.424653281968475,0.6033124408213109
red_wing,845,14.0,28.304291885376927,0.606634317327952
red_wing,846,25.0,32.81284877056549,0.6508492891613464
red_wing,847,31.0,31.77133915831185,0.576489285725097
red_wing,848,24.0,35.426141810849956,0.5717577270403822
red_wing,849,10.0,29.391575633992954,0.6092222966934716
red_wing,850,15.0,32.14548594580931,0.567560496186887
red_wing,851,14.0,27.746315151120925,0.6077173393313142
red_wing,852,33.0,32.636254701163374,0.575149271424336
red_wing,853,19.0,24.18189135602723,0.5895962581682894
red_wing,854,29.0,33.801484824097095,0.6459781793649777
red_wing,855,14.0,37.05597732469983,0.6273971024649534
red_wing,856,12.0,30.367926922502374,0.5695731584727924
red_wing,857,21.0,26.619841767524917,0.563638715327548
red_wing,858,21.0,26.209945788813418,0.6036995860774246
red_wing,859,14.0,26.97755975956676,0.5740198548350306
red_wing,860,17.0,37.26455938226707,0.560737243002235
red_wing,861,19.0,25.061138245361484,0.580778771069143
red_wing,862,43.0,38.34907360267481,0.5913116578462205
red_wing,863,54.0,38.39455711351203,0.5828907681931299
red_wing,864,19.0,29.90042301366696,0.5958193950939296
red_wing,865,33.0,32.269733523923605,0.6199889786459993
red_wing,866,21.0,23.881634808443064,0.5804120340407217
red_wing,867,15.0,29.08733761363978,0.5655841974286793
red_wing,868,15.0,26.615136692792174,0.5980222864259952
red_wing,869,23.0,21.70738248515893,0.6198909230807746
red_wing,870,18.0,26.556923852992586,0.6466214379728865
red_wing,871,15.0,36.27342286851326,0.5691966192965432
red_wing,872,31.0,30.231213476456443,0.598768349535286
red_wing,873,11.0,33.54424749790323,0.5575344754889375
red_wing,874,11.0,30.742380056719306,0.5805706123945018
red_wing,875,18.0,27.753323740249837,0.6261391913503862
red_wing,876,23.0,33.484221216939375,0.563211340094828
red_wing,877,15.0,26.123687881921065,0.6172110933055985
red_wing,878,19.0,30.846775943565,0.5791521605247543
red_wing,879,9.0,33.35409216465834,0.5823540765724908
red_wing,880,21.0,29.57260100075426,0.5679220396558002
red_wing,881,13.0,28.135227103551383,0.6132225665285236
red_wing,882,13.0,28.438853827494633,0.6000540195698072
red_wing,883,16.0,33.424985036052945,0.6478638433918837
red_wing,884,16.0,32.672693134276585,0.5955488677042524
red_wing,885,14.0,41.714329523752305,0.5927587651668453
red_wing,886,11.0,23.078558028399726,0.5552908407543962
red_wing,887,15.0,30.085141514465363,0.6019617733749931
red_wing,888,19.0,28.973583149293162,0.5977053903011307
red_wing,889,14.0,28.1867496139877,0.5807772803724731
red_wing,890,32.0,26.805699043545342,0.5908227915056246
red_wing,891,7.0,19.182191675057396,0.619657458422193
red_wing,892,24.0,28.216499722277412,0.6148931126939297
red_wing,893,25.0,31.030381669835446,0.6198968970798184
red_wing,894,13.0,30.359973467433345,0.5656512600017235
red_wing,895,9.0,25.833794907900273,0.5683032196968557
red_wing,896,18.0,27.490546557777343,0.5865591756605366
red_wing,897,18.0,34.43837684233513,0.6041833364372926
red_wing,898,11.0,28.057345557925483,0.6758637444649045
red_wing,899,32.0,32.21275304702312,0.5613349616028209
red_wing,900,14.0,30.071098996366047,0.6047447683710268
red_wing,901,11.0,31.507814411781062,0.6305199898073626
red_wing,902,11.0,26.63488937839079,0.6063068406150984
red_wing,903,33.0,31.159406509237897,0.5374488841433563
red_wing,904,15.0,26.995392968769167,0.6131902716779165
red_wing,905,32.0,31.800148430235534,0.5801274792963371
red_wing,906,18.0,27.558561886484398,0.5606318334064913
red_wing,907,21.0,28.821275676882685,0.6465353837958496
red_wing,908,21.0,28.014936091939415,0.601675516200777
red_wing,909,29.0,25.62227861728458,0.6007390243293015
red_wing,910,22.0,29.34593843328799,0.5879440673917551
red_wing,911,32.0,25.97661990917962,0.6139942958154634
red_wing,912,19.0,33.78798405906848,0.6104254562364153
red_wing,913,29.0,35.34414619946981,0.5575919015806043
red_wing,914,15.0,24.033215279776396,0.6052082360695
red_wing,915,9.0,27.294450640668018,0.599834613796314
red_wing,916,15.0,32.24890844474652,0.5835856042194454
red_wing,917,9.0,28.381011077316188,0.5650885306080873
red_wing,918,17.0,29.744860208447275,0.6175983140677711
red_wing,919,18.0,21.42394157487856,0.6142829041768829
red_wing,920,15.0,25.740866359641853,0.5617380295013501
red_wing,921,28.0,30.519257466013368,0.5923570580008747
red_wing,922,14.0,31.434294443917523,0.5538001969543435
red_wing,923,23.0,31.65849894403855,0.6148092148843514
red_wing,924,9.0,27.225193219598495,0.6181328917472662
red_wing,925,31.0,30.83842823017737,0.5691585398509933
red_wing,926,13.0,27.479172226777617,0.6378322678634227
red_wing,927,32.0,30.903526543662966,0.5960493934146043
red_wing,928,15.0,29.423754560455667,0.6109825145693252
red_wing,929,11.0,40.94415097233331,0.5819468289195762
red_wing,930,9.0,30.75796070818256,0.5861139130471514
red_wing,931,8.0,32.145523809693636,0.6391161736708193
red_wing,932,8.0,25.381999498097045,0.5706196391118397
red_wing,933,15.0,31.417892087529644,0.5765947815648309
red_wing,934,8.0,30.489113989526064,0.556620200808323
red_wing,935,11.0,27.779069210457653,0.5831786631617245
red_wing,936,14.0,30.400990197866758,0.5720582480349088
red_wing,937,15.0,28.531068022306023,0.5838749012921649
red_wing,938,15.0,33.82504723840037,0.6164483785184094
red_wing,939,19.0,24.757322348540928,0.6393452817941643
red_wing,940,16.0,34.1066820701683,0.6374149679047723
red_wing,941,21.0,28.58293509425261,0.5889587607424513
red_wing,942,13.0,30.74338309383595,0.6212141976566148
red_wing,943,9.0,31.615774531559218,0.5749819221001743
red_wing,944,8.0,36.446146199706305,0.583346403097494
red_wing,945,13.0,26.327316855312358,0.587034045338667
red_wing,946,14.0,32.10451801019385,0.6253937256758796
red_wing,947,29.0,33.98349146528836,0.5768417108990882
red_wing,948,21.0,28.380177420094938,0.6032013418450527
red_wing,949,31.0,31.30574413389991,0.5793335728758389
red_wing,950,14.0,28.535205848257494,0.6204095815559403
red_wing,951,14.0,31.82775850631619,0.5624002222628381
red_wing,952,15.0,26.01110937672806,0.6046359751463433
red_wing,953,15.0,17.8560568120295,0.6087558351638858
red_wing,954,15.0,29.941021018395567,0.6392605142787178
red_wing,955,19.0,24.58628154775084,0.6184953691156001
red_wing,956,51.0,33.184044181617395,0.5651170383359826
red_wing,957,11.0,28.713442696741385,0.5795432615445657
red_wing,958,21.0,31.815005201349308,0.6055909728831721
red_wing,959,12.0,40.82356197665198,0.5286671347966567
red_wing,960,15.0,25.73320781170746,0.5736422539420987
red_wing,961,21.0,27.51657539280668,0.6509352457637285
red_wing,962,11.0,30.477591733726317,0.5349442108340847
red_wing,963,18.0,25.64506384896241,0.6327904301839684
red_wing,964,16.0,29.96779439209202,0.5935145008795475
red_wing,965,8.0,29.1219507150058,0.54489977400428
red_wing,966,8.0,29.084366920314725,0.5707341042996759
red_wing,967,15.0,35.1579974745874,0.5821868870926141
red_wing,968,15.0,33.2144131893509,0.6017874153486846
red_wing,969,43.0,34.505806566619924,0.5034116611368155
red_wing,970,18.0,32.11620818921983,0.573914825327769
red_wing,971,12.0,28.90505033751028,0.5693423987341626
red_wing,972,15.0,30.948554884360917,0.5887864512671825
red_wing,973,11.0,36.60983838640805,0.62168011044042
red_wing,974,21.0,36.81522369284591,0.6186462964437139
red_wing,975,22.0,37.54213352196115,0.5422770519177184
red_wing,976,23.0,34.78133579090142,0.5912110567600569
red_wing,977,20.0,28.499323009874928,0.5983739388214018
red_wing,978,45.0,32.44088912648624,0.6057649964849275
red_wing,979,21.0,33.472141025712354,0.5631388235013247
red_wing,980,13.0,17.957285242348156,0.5911624856060789
red_wing,981,15.0,36.04827788849168,0.5965653061499187
red_wing,982,9.0,27.902592066263164,0.5700712296391686
red_wing,983,21.0,21.103555232292347,0.6147024981150957
red_wing,984,18.0,38.05860928140631,0.5600858751924982
red_wing,985,9.0,26.988737358654518,0.6150085476262113
red_wing,986,21.0,31.482664727968704,0.6090885482973847
red_wing,987,12.0,29.12878449856381,0.6467530192637438
red_wing,988,32.0,34.84303625070689,0.5617277393166101
red_wing,989,15.0,27.57196846175151,0.5926357066508678
red_wing,990,23.0,28.80311885215013,0.603709300291791
red_wing,991,14.0,31.448251982221617,0.5780815641483094
red_wing,992,11.0,36.44505966203265,0.6000888768321178
red_wing,993,8.0,28.571049982705063,0.5689837826241277
red_wing,994,18.0,34.00685193847057,0.5725123172553691
red_wing,995,16.0,32.47888452914531,0.594071504767933
red_wing,996,15.0,25.321137202787046,0.5951638430417006
red_wing,997,29.0,29.59386751715472,0.5662723728469075
red_wing,998,19.0,30.912544723342144,0.5913021653023626
red_wing,999,23.0,27.391411489593736,0.5754394901380339
red_wing,1000,35.0,35.362085727190504,0.6081644662730311
red_wing,1001,15.0,33.547009760767594,0.5840156681566204
red_wing,1002,22.0,43.053393946797506,0.5755159443006379
red_wing,1003,24.0,36.23718827040911,0.5911556825373872
red_wing,1004,21.0,31.462569691731826,0.585993280882084
red_wing,1005,34.0,31.16227029227375,0.5925986091878025
red_wing,1006,35.0,32.89011002281177,0.5447477800936167
red_wing,1007,11.0,22.60079004011276,0.6329290967784218
red_wing,1008,20.0,29.602300568507093,0.5498716709563024
red_wing,1009,17.0,33.14418373058755,0.6076911451004918
red_wing,1010,28.0,34.871712555147155,0.6076543627153717
red_wing,1011,28.0,32.578006563801445,0.572267795039676
red_wing,1012,14.0,23.552334203993116,0.5845301540850151
red_wing,1013,12.0,35.83032503120029,0.5941294304041005
red_wing,1014,22.0,30.71535495993221,0.5735905329720694
red_wing,1015,21.0,31.270316120918885,0.5617886902098981
red_wing,1016,22.0,26.520754829828338,0.6132568179886276
red_wing,1017,9.0,32.812907749305474,0.5811020072424121
red_wing,1018,9.0,31.877178363823486,0.5799916379031254
red_wing,1019,19.0,35.760188872507534,0.5681917600113007
red_wing,1020,14.0,26.83738423404019,0.6394477991491669
red_wing,1021,18.0,37.75861153768912,0.6052590979683251
red_wing,1022,14.0,28.536081673505663,0.6086637294242665
red_wing,1023,8.0,32.537870739780196,0.5473613566229274
red_wing,1024,21.0,29.6102064860692,0.6100278324888508
red_wing,1025,8.0,33.56359526075742,0.5675960931885369
red_wing,1026,16.0,30.43074484098485,0.597214429156141
red_wing,1027,24.0,25.593566074575556,0.6146142356857087
red_wing,1028,19.0,26.123266512434647,0.5745208955072186
red_wing,1029,21.0,27.407880876149854,0.6049646303354113
red_wing,1030,19.0,32.510896602164735,0.5928749226869604
red_wing,1031,15.0,30.03323271908703,0.6012071070084017
red_wing,1032,21.0,30.18560139775245,0.6037704139282396
red_wing,1033,18.0,24.026071513537175,0.5536468972756766
red_wing,1034,15.0,28.140433711105803,0.5669400487323235
red_wing,1035,19.0,37.30218269181327,0.5763558411028036
red_wing,1036,15.0,29.574787639896705,0.590531101623352
red_wing,1037,14.0,35.58362106005173,0.592207043025387
red_wing,1038,10.0,29.043354345735043,0.5815765906290677
red_wing,1039,15.0,29.961410662761057,0.6004408616093893
red_wing,1040,8.0,34.69576940714989,0.5831174267928484
red_wing,1041,18.0,39.148263532524524,0.5706859942049864
red_wing,1042,21.0,25.45331996871611,0.6018043126408719
red_wing,1043,27.0,33.00165138280744,0.5985637371270556
red_wing,1044,18.0,32.45198268967069,0.595822833549867
red_wing,1045,10.0,35.55464178815819,0.5638881565229419
red_wing,1046,30.0,43.86850960550618,0.5786603110486139
red_wing,1047,15.0,31.19718279520173,0.5767392681543284
red_wing,1048,37.0,37.339475508083765,0.5810192244499401
red_wing,1049,13.0,35.44019434044846,0.5655140413210311
red_wing,1050,19.0,25.04131004735182,0.5927328987522016
red_wing,1051,21.0,31.85040922317403,0.5790869939360961
red_wing,1052,14.0,26.31841376125757,0.624102357187844
red_wing,1053,25.0,32.139798847588835,0.5627393893310126
red_wing,1054,21.0,24.834014515679517,0.5961635036323136
red_wing,1055,12.0,30.9415373545062,0.6225904922735225
red_wing,1056,9.0,28.61443652163018,0.567935645908098
red_wing,1057,15.0,32.153253174486295,0.5822028224774328
red_wing,1058,15.0,33.12496709591951,0.5976096258575885
red_wing,1059,18.0,28.839183726905485,0.5612588404508536
red_wing,1060,8.0,28.076516792528736,0.6205665989456313
red_wing,1061,13.0,22.180149931040877,0.6385586826439613
red_wing,1062,16.0,30.403614516215768,0.6013206079779141
red_wing,1063,22.0,28.812493301803848,0.6416875755994085
red_wing,1064,13.0,37.291009453460696,0.5747396240563271
red_wing,1065,21.0,30.691298110708768,0.5890765773471399
red_wing,1066,21.0,35.73749969396037,0.573282580069524
red_wing,1067,18.0,37.254225864326216,0.5837786460314905
red_wing,1068,16.0,33.3060379014923,0.5797131003096285
red_wing,1069,8.0,31.064866887654752,0.606666678757865
red_wing,1070,18.0,29.089503134894013,0.5901402109307311
red_wing,1071,22.0,27.586506292081364,0.6033161944190162
red_wing,1072,13.0,32.29558526013968,0.5844851768566415
red_wing,1073,12.0,31.59076454127142,0.6101258579023919
red_wing,1074,21.0,30.68365598884688,0.5894282703813438
red_wing,1075,15.0,34.72033242351997,0.6118425635006277
red_wing,1076,17.0,30.615233057664042,0.6081339974830032
red_wing,1077,25.0,35.052731975730836,0.5460263021905303
red_wing,1078,15.0,28.685762815567244,0.626146691102287
red_wing,1079,18.0,22.89027603478199,0.6064088544773449
red_wing,1080,11.0,30.66289127043746,0.6004139140233895
red_wing,1081,15.0,28.199417518478253,0.6386838563295034
red_wing,1082,14.0,29.663636089306486,0.610196528988574
red_wing,1083,16.0,29.80132481716451,0.6348660320756585
red_wing,1084,16.0,30.130585021992175,0.6163693908179337
red_wing,1085,32.0,32.150155925773895,0.581799186571172
red_wing,1086,13.0,37.44605106830425,0.6151064240978019
red_wing,1087,15.0,31.09970560821458,0.6048754604944182
red_wing,1088,15.0,31.48307255440353,0.6074025622491748
red_wing,1089,14.0,37.05459961285273,0.5643208467451406
red_wing,1090,30.0,29.451762587703953,0.5964978122983788
red_wing,1091,13.0,33.64719857877519,0.5483897095410805
red_wing,1092,32.0,32.647685739320835,0.6374655278295756
red_wing,1093,15.0,36.35511722662182,0.571682677952921
red_wing,1094,18.0,34.766271140498795,0.4890179973087925
red_wing,1095,10.0,26.983273566306618,0.5583083595493561
red_wing,1096,21.0,28.346699836658722,0.6119925328257183
red_wing,1097,9.0,36.629066237458986,0.5851667456436674
red_wing,1098,13.0,28.557101720929335,0.5793552527143195
red_wing,1099,21.0,35.07047712706612,0.5784857156057535
red_wing,1100,15.0,26.393334237902977,0.6354524297368125
red_wing,1101,23.0,33.939250138008354,0.5627547344795703
red_wing,1102,15.0,37.869287619156864,0.592358813537827
red_wing,1103,16.0,26.458859910255683,0.6112992445104232
red_wing,1104,19.0,31.445084182552524,0.578072690375192
red_wing,1105,21.0,38.19009522082154,0.6128781552573399
red_wing,1106,21.0,29.421299927911964,0.5944156714842785
red_wing,1107,35.0,29.898154218564088,0.6106862501199488
red_wing,1108,14.0,29.98455232499141,0.5896688094824848
red_wing,1109,15.0,32.33097066852778,0.5998976128208743
red_wing,1110,28.0,31.0277464307066,0.5841457702648142
red_wing,1111,15.0,34.94085994742235,0.5767841682648048
red_wing,1112,21.0,30.639542397690043,0.5655526765296087
red_wing,1113,31.0,30.36541331958645,0.6260544833007806
red_wing,1114,13.0,30.78358888242699,0.5814024438178618
red_wing,1115,35.0,35.84491570724555,0.5938034386317699
red_wing,1116,15.0,26.237022913576794,0.6122540557265896
red_wing,1117,15.0,28.052965683680114,0.6961099712683639
red_wing,1118,15.0,35.65272995125948,0.5606462943958355
red_wing,1119,11.0,25.669153899922595,0.6107512432232927
red_wing,1120,35.0,32.82397245133479,0.574311814262244
red_wing,1121,9.0,26.60044697384659,0.5966036054707864
red_wing,1122,14.0,33.895538881783274,0.6219409987052684
red_wing,1123,18.0,31.187388444021273,0.6338501660698481
red_wing,1124,14.0,32.59061632504554,0.5793259933615997
red_wing,1125,23.0,28.544786100463615,0.6241675784053469
red_wing,1126,15.0,30.04319274938841,0.6180687382576124
red_wing,1127,15.0,28.64195685068029,0.584162121406697
red_wing,1128,17.0,28.725216402987293,0.5942928564348644
red_wing,1129,56.0,52.30127452306222,0.6014308791202363
red_wing,1130,9.0,27.305942303623755,0.6069046903839899
red_wing,1131,13.0,28.636838404807058,0.6059690567835728
red_wing,1132,33.0,31.827360532273136,0.5839593648817551
red_wing,1133,15.0,37.860244880313594,0.5827035215730949
red_wing,1134,18.0,26.812162151007325,0.5932277108136275
red_wing,1135,15.0,37.162044259284755,0.5800788638032985
red_wing,1136,11.0,28.449167734411798,0.5888384384560759
red_wing,1137,16.0,28.618020540744887,0.5715049102815202
red_wing,1138,17.0,26.02475366901954,0.5833377612195508
red_wing,1139,29.0,34.90947201185872,0.5944455975029855
red_wing,1140,12.0,34.94950652084453,0.5295244399931736
red_wing,1141,18.0,29.24278553515955,0.5784722571339316
red_wing,1142,15.0,24.902492594533918,0.6083704063273798
red_wing,1143,21.0,31.297079811695834,0.5644742383541561
red_wing,1144,9.0,30.28451491116628,0.6205040830242546
red_wing,1145,22.0,29.516327563897104,0.5902283470626161
red_wing,1146,20.0,27.724942621092207,0.5839050476668921
red_wing,1147,19.0,30.777047430393733,0.6211394028154746
red_wing,1148,15.0,37.9953054851574,0.5557623200784444
red_wing,1149,15.0,31.702795440049034,0.6221049571981903
red_wing,1150,8.0,35.64684598164853,0.5879067230976573
red_wing,1151,21.0,29.507783919945602,0.6052718148444859
red_wing,1152,21.0,31.64783684723938,0.5975825702539148
red_wing,1153,32.0,36.49697737078748,0.5816386950620149
red_wing,1154,14.0,27.717866319633643,0.5926347630052204
red_wing,1155,35.0,31.4084516720237,0.616340549992455
red_wing,1156,19.0,37.729805931439685,0.5999567453685224
red_wing,1157,21.0,30.984034407989327,0.5893778994266127
red_wing,1158,18.0,29.50610109609908,0.5821934880865988
red_wing,1159,20.0,31.83498731665884,0.5667280654904229
red_wing,1160,14.0,30.308947396077095,0.5684379127979591
red_wing,1161,21.0,32.21387027562801,0.5652837366218348
red_wing,1162,9.0,31.194589652775726,0.6285725821904161
red_wing,1163,16.0,27.811946479044742,0.6276300306726827
red_wing,1164,16.0,28.839639350988843,0.6428278386159239
red_wing,1165,18.0,22.259271918566718,0.563161454652009
red_wing,1166,51.0,37.53413166378127,0.5401624425282645
red_wing,1167,10.0,31.781059707385765,0.5723433998213521
red_wing,1168,14.0,36.3554993883816,0.6064280089921548
red_wing,1169,15.0,31.292874810369707,0.5685656450098886
red_wing,1170,14.0,27.176340566265868,0.5931667091784414
red_wing,1171,13.0,27.539087227119108,0.5914329161434098
red_wing,1172,13.0,28.49851057981605,0.5693721515922967
red_wing,1173,22.0,35.46118401128431,0.5911075604728275
red_wing,1174,15.0,35.36177013228874,0.5821838988621539
red_wing,1175,15.0,26.98590407788011,0.5914662945633444
red_wing,1176,31.0,33.2824984388874,0.5969065309441648
red_wing,1177,21.0,30.76226117098869,0.5578964703633977
red_wing,1178,24.0,34.71693620427424,0.565390091792087
red_wing,1179,9.0,21.929214937153677,0.6611648424144685
red_wing,1180,36.0,28.925257987389394,0.5721177183295141
red_wing,1181,29.0,33.14876132805801,0.5917057679714861
red_wing,1182,15.0,34.12344361316146,0.6333205383329426
red_wing,1183,23.0,36.35057015504731,0.577641857850547
red_wing,1184,18.0,27.591931231388617,0.6128748221589735
red_wing,1185,21.0,34.99276781945203,0.6062174584214852
red_wing,1186,16.0,26.21562569438124,0.6094777001832241
red_wing,1187,15.0,27.453964967755628,0.6159774897375966
red_wing,1188,18.0,29.052205154952183,0.5493017371672407
red_wing,1189,14.0,22.74691702506469,0.6179476699261319
red_wing,1190,14.0,30.950653950273164,0.5904076171853563
red_wing,1191,13.0,29.457118769095324,0.6149256161745149
red_wing,1192,19.0,36.741052386493934,0.6107644643338765
red_wing,1193,9.0,29.351997448906133,0.5662028678847805
red_wing,1194,16.0,33.1616383256992,0.6356777817661858
red_wing,1195,33.0,31.311175603186257,0.5789298455339118
red_wing,1196,15.0,27.780012352904013,0.5963313340130643
red_wing,1197,13.0,28.624801048746104,0.5703242747173167
red_wing,1198,36.0,29.862924544437192,0.5873178741152683
red_wing,1199,25.0,30.84510630085533,0.6304990232166958
red_wing,1200,23.0,31.000889546381874,0.6377781569680827
red_wing,1201,17.0,28.825707679005028,0.575740027141201
red_wing,1202,19.0,32.47025027859487,0.5669423606002815
red_wing,1203,8.0,25.55760449613768,0.5785582101772125
red_wing,1204,21.0,29.084265327336457,0.6021809711388727
red_wing,1205,17.0,33.26695219306502,0.6236078979787184
red_wing,1206,31.0,35.70233468351194,0.5968622404135255
red_wing,1207,16.0,30.001356818688706,0.5706030155438487
red_wing,1208,16.0,29.390518783818898,0.5888191974767165
red_wing,1209,21.0,30.64772659377205,0.6049121051448167
red_wing,1210,29.0,27.867141097428455,0.633472130430881
red_wing,1211,15.0,33.5058700554241,0.6000661954775127
red_wing,1212,35.0,31.661842753124358,0.5712280915383203
red_wing,1213,35.0,35.285291393255974,0.594866671022829
red_wing,1214,13.0,32.67521222192886,0.5525868157827585
red_wing,1215,11.0,37.4469698580515,0.5869590394388047
red_wing,1216,21.0,36.44175139081771,0.586585694307155
red_wing,1217,15.0,39.18637834054794,0.6093364330162971
red_wing,1218,10.0,28.798932364253076,0.6155619575699844
red_wing,1219,21.0,33.040547071982935,0.5988302318769938
red_wing,1220,18.0,31.173896493031503,0.5918534529322463
red_wing,1221,14.0,39.29630415808821,0.5782830798760256
red_wing,1222,22.0,27.682167786107176,0.5785852343293784
red_wing,1223,23.0,37.871416090347935,0.5888890603092921
red_wing,1224,15.0,32.15357852306465,0.5908800366459118
red_wing,1225,6.0,34.574661258524685,0.5969778618209953
red_wing,1226,19.0,27.341802849554753,0.6303863506026193
red_wing,1227,22.0,37.38820203324649,0.5530682366736484
red_wing,1228,18.0,25.850230976657958,0.6062491307872022
red_wing,1229,9.0,30.998823249713208,0.5266713691055867
red_wing,1230,11.0,25.779170685801045,0.6044634734044656
red_wing,1231,18.0,26.150506903722025,0.5921461441066144
red_wing,1232,28.0,29.509570068293993,0.6058095044251459
red_wing,1233,13.0,30.508997913422803,0.6360215078464841
red_wing,1234,9.0,23.94699517960545,0.5986140006016433
red_wing,1235,16.0,37.037355163825694,0.6078360639521789
red_wing,1236,18.0,28.083882082348453,0.5994438688258431
red_wing,1237,13.0,28.23114033445802,0.6065497577957126
red_wing,1238,18.0,30.924535153526268,0.6051721196368587
red_wing,1239,7.0,30.214917182965934,0.6045782628043164
red_wing,1240,11.0,26.112230377388517,0.5826820193347033
red_wing,1241,28.0,38.17652792102489,0.6301017074491218
red_wing,1242,11.0,27.94903127599498,0.5803588038223604
red_wing,1243,12.0,33.52992513123284,0.630230177866171
red_wing,1244,20.0,31.46608564765937,0.5994350731020022
red_wing,1245,21.0,31.145167574575062,0.612971379989516
red_wing,1246,32.0,27.86791583335026,0.5614067964568834
red_wing,1247,17.0,39.0732824524061,0.558093719480339
red_wing,1248,21.0,30.698717700459202,0.6209980351263802
red_wing,1249,14.0,27.404915810480126,0.6139060084842853
red_wing,1250,18.0,28.985487169674528,0.5964898698331231
red_wing,1251,15.0,33.70952192912999,0.60506158976499
red_wing,1252,21.0,33.546714474278396,0.6403555878419002
red_wing,1253,33.0,31.970096516235976,0.5919756541325274
red_wing,1254,15.0,31.284931711275295,0.5712202161804164
red_wing,1255,21.0,36.502062311890384,0.5746392471017444
red_wing,1256,9.0,28.058114981966554,0.5867414944873816
red_wing,1257,16.0,29.378358050974473,0.6061111098981855
red_wing,1258,25.0,37.191305660249576,0.5536546842967212
red_wing,1259,28.0,33.642760614924605,0.5948015611794848
red_wing,1260,18.0,29.630607997307074,0.5671410054784807
red_wing,1261,36.0,35.631525911771,0.5628435438789756
red_wing,1262,21.0,31.735595277473056,0.6692715336122885
red_wing,1263,21.0,33.1808846616762,0.5769257448443226
red_wing,1264,15.0,32.096915349991036,0.6019800838174529
red_wing,1265,16.0,27.38400854173982,0.5805150038201683
red_wing,1266,34.0,37.997962396832484,0.6587266177632294
red_wing,1267,14.0,37.071322349098345,0.5902562590726567
red_wing,1268,15.0,28.339817066233707,0.6225299591565548
red_wing,1269,11.0,30.801047654969498,0.6085956227897088
red_wing,1270,31.0,28.68462821072145,0.619271850766707
red_wing,1271,31.0,36.67589579020149,0.6246597417134698
red_wing,1272,8.0,26.91969881486932,0.5990301167359057
red_wing,1273,24.0,25.34944225060081,0.6034820328689277
red_wing,1274,18.0,38.18264172690335,0.5501074602028526
red_wing,1275,13.0,26.340153075521762,0.5723637865622433
red_wing,1276,13.0,32.98714413706696,0.6127976352124955
red_wing,1277,20.0,29.631066458717058,0.5866953287539354
red_wing,1278,11.0,26.27763743910714,0.5937733261116973
red_wing,1279,37.0,32.61890322492281,0.6048557755775896
red_wing,1280,18.0,38.62734456015083,0.589679774069287
red_wing,1281,9.0,28.396279626236833,0.5655780441192282
red_wing,1282,14.0,25.666967555978935,0.5363304939169539
red_wing,1283,7.0,28.735173975950993,0.5395032400434912
red_wing,1284,21.0,30.08604747750551,0.5566918934254226
red_wing,1285,13.0,39.51107583852299,0.5273189636907005
red_wing,1286,16.0,27.13601768512632,0.6105464173113777
red_wing,1287,13.0,29.516569726152813,0.6282649983847934
red_wing,1288,14.0,31.998146473045768,0.6459550538843155
red_wing,1289,13.0,34.33006101473697,0.5860419771112173
red_wing,1290,15.0,27.211094991714425,0.6126562192651135
red_wing,1291,16.0,22.431440439303834,0.627564318031902
red_wing,1292,14.0,32.531568963010145,0.6119751985466027
red_wing,1293,16.0,29.17025059095586,0.6124757113484329
red_wing,1294,15.0,33.885238870638176,0.6147359860239383
red_wing,1295,19.0,26.624841362159025,0.6430922509656805
red_wing,1296,18.0,32.08908482223891,0.5529044979007852
red_wing,1297,18.0,34.00732768745362,0.6054001100715243
red_wing,1298,24.0,31.428276316371722,0.6484750841237023
red_wing,1299,18.0,20.521377885415966,0.5349853291070706
red_wing,1300,21.0,28.61992095466599,0.6304368132842896
red_wing,1301,14.0,23.16464647336593,0.604760502184456
red_wing,1302,28.0,29.79013356708636,0.5709643892195229
red_wing,1303,15.0,31.255556087443455,0.5902196696491292
red_wing,1304,15.0,27.322504015244583,0.6466996370625888
red_wing,1305,15.0,32.01831466991778,0.5741839726692815
red_wing,1306,15.0,25.843568255969156,0.5752030606779812
red_wing,1307,29.0,34.83141681593401,0.613211727098914
red_wing,1308,15.0,28.263213643720583,0.6339428109659074
red_wing,1309,15.0,27.841315316903522,0.604727925611857
red_wing,1310,16.0,30.443724486185516,0.6036368244081237
red_wing,1311,21.0,36.015122920010576,0.5965107151731898
red_wing,1312,19.0,26.393402465425496,0.6224311454719507
red_wing,1313,16.0,27.299115627388133,0.5548550873937589
red_wing,1314,16.0,32.468014471474305,0.6126141011893049
red_wing,1315,13.0,28.715460284103454,0.5958831673819536
red_wing,1316,8.0,30.299516553043716,0.6097474724374674
red_wing,1317,12.0,27.922249801660325,0.5771550677529704
red_wing,1318,14.0,24.988521518668637,0.6014197946061308
red_wing,1319,21.0,31.64200100420871,0.5652659617250904
red_wing,1320,21.0,26.70274570980242,0.5907764329460945
red_wing,1321,18.0,37.631746074134995,0.5677323464570216
red_wing,1322,27.0,32.48035873532398,0.6057772573534508
red_wing,1323,21.0,28.712865529005214,0.5815362414961536
red_wing,1324,11.0,36.963075117159676,0.587912976811682
red_wing,1325,9.0,28.840495114981604,0.6399122133848711
red_wing,1326,11.0,29.06148975556148,0.6169926981889318
red_wing,1327,29.0,31.385793767605826,0.5756108356667438
red_wing,1328,10.0,23.60742818482865,0.6171086438124391
red_wing,1329,14.0,37.3925492760404,0.5786438804179972
red_wing,1330,8.0,23.43685984317926,0.5963858388586603
red_wing,1331,19.0,28.970064428676505,0.6209021983687224
red_wing,1332,34.0,32.120884831186444,0.5966148554160462
red_wing,1333,18.0,28.32423280262922,0.6116071165086239
red_wing,1334,14.0,31.337438980926052,0.6205859901252353
red_wing,1335,13.0,28.610978109153095,0.5873975606551056
red_wing,1336,9.0,27.06207040257036,0.540315926768389
red_wing,1337,38.0,27.722466441309745,0.5869459101048082
red_wing,1338,21.0,33.232038829856776,0.5660957229138284
red_wing,1339,19.0,32.933125345750746,0.508447465651928
red_wing,1340,32.0,27.82099304966093,0.5865768925226931
red_wing,1341,47.0,52.1993383829802,0.586040224018977
red_wing,1342,24.0,37.728639967359655,0.5675928192263606
red_wing,1343,29.0,31.730035765665416,0.6194728230001938
red_wing,1344,20.0,28.9500942163071,0.5579214590225138
red_wing,1345,18.0,33.47043328415408,0.6645501629911936
red_wing,1346,24.0,35.38253657901218,0.6297196963405594
red_wing,1347,18.0,25.107481053538535,0.5876391427961057
red_wing,1348,23.0,30.070260225694433,0.6259794430668528
red_wing,1349,10.0,23.23113770064337,0.6072183766899297
red_wing,1350,10.0,28.0255764737199,0.5906469139950891
red_wing,1351,14.0,29.150312907472756,0.6584200331170831
red_wing,1352,16.0,30.017082110548078,0.650694555927315
red_wing,1353,13.0,27.92448125754929,0.6196051129619591
red_wing,1354,47.0,31.3787695531261,0.6139017479267674
red_wing,1355,15.0,27.932647020778035,0.6361381996392237
red_wing,1356,22.0,29.069259790402878,0.6429412858636436
red_wing,1357,12.0,32.69814003843335,0.5733544318862869
red_wing,1358,11.0,21.563303926881613,0.6115849220465681
red_wing,1359,15.0,30.936869797406096,0.6175855810587794
red_wing,1360,22.0,23.83546771820094,0.6342214693732569
red_wing,1361,7.0,27.981108241350395,0.5985720491432659
red_wing,1362,18.0,25.127174573619733,0.5944078017631784
red_wing,1363,22.0,27.098765604848204,0.5395161925244656
red_wing,1364,14.0,30.853829532585493,0.5985893204833257
red_wing,1365,8.0,34.854455373827115,0.556042427149789
red_wing,1366,12.0,28.234524717706954,0.5792204581650662
red_wing,1367,10.0,39.319463156791414,0.580071537904139
red_wing,1368,15.0,28.84563368826536,0.6242155539488151
red_wing,1369,8.0,35.02421284439718,0.5383332149781216
red_wing,1370,8.0,23.78534946384486,0.5805949422766168
red_wing,1371,21.0,31.229181013986874,0.642664794097035
red_wing,1372,14.0,34.433112292624664,0.6182539591937364
red_wing,1373,13.0,25.765251729890817,0.6040665384060853
red_wing,1374,21.0,33.244427190880025,0.5614195810566281
red_wing,1375,15.0,29.535436299243106,0.624345069795831
red_wing,1376,14.0,28.484169106512464,0.5813201762501975
red_wing,1377,14.0,27.512291102661813,0.6335399304827889
red_wing,1378,17.0,37.308866424975406,0.5965878771629944
red_wing,1379,13.0,30.14165475782483,0.621162004620067
red_wing,1380,16.0,29.82366368587499,0.5779633613186695
red_wing,1381,22.0,26.824755833784252,0.6299847406690047
red_wing,1382,12.0,26.5746186255145,0.5767249377463249
red_wing,1383,13.0,20.634854453945074,0.5922541039490179
red_wing,1384,14.0,36.839510286177656,0.5689235272161345
red_wing,1385,36.0,29.23278873326472,0.6314690608786839
red_wing,1386,14.0,29.848225572957357,0.5897142556299009
red_wing,1387,11.0,32.58559605075961,0.6084273225309541
red_wing,1388,8.0,39.47589944248555,0.5531186170288298
red_wing,1389,14.0,26.565589144911755,0.6200824234245796
red_wing,1390,11.0,27.609986941812878,0.6095371089343091
red_wing,1391,15.0,37.931456698850226,0.5921917334106266
red_wing,1392,7.0,26.959979621115643,0.6197508537041152
red_wing,1393,28.0,32.620171260927506,0.5878419244225443
red_wing,1394,14.0,35.84593933945128,0.5501208965225337
red_wing,1395,21.0,29.570257154609074,0.5699137422396476
red_wing,1396,16.0,28.602189183142666,0.6436310523922131
red_wing,1397,11.0,26.07174461086936,0.5805300845260644
red_wing,1398,15.0,28.33062678050596,0.5846008691259053
red_wing,1399,16.0,25.94690933336158,0.5796008274437601
red_wing,1400,22.0,26.71529780341032,0.5482835042586932
red_wing,1401,18.0,30.378047856842965,0.5612476226919523
red_wing,1402,10.0,36.18672946023252,0.5753360394848079
red_wing,1403,10.0,27.314414872104486,0.6204139236619968
red_wing,1404,15.0,28.09958603680746,0.6237779354353719
red_wing,1405,18.0,33.97805639131596,0.5906015613704845
red_wing,1406,29.0,32.42228849527486,0.6179922434816846
red_wing,1407,16.0,28.73617758758426,0.6047247367834887
red_wing,1408,11.0,23.831743076209317,0.5703753037608399
red_wing,1409,13.0,30.502357758812703,0.6152142645602221
red_wing,1410,18.0,29.718825577412705,0.6089283518779569
red_wing,1411,9.0,29.90819300263703,0.58835344142348
red_wing,1412,19.0,32.866829364293004,0.5017167760215847
red_wing,1413,15.0,32.852730643425865,0.6051933866775145
red_wing,1414,21.0,36.305799097412155,0.5920904329437536
red_wing,1415,14.0,27.640913596763344,0.6161049345303017
red_wing,1416,19.0,30.697231425358037,0.6090856181388712
red_wing,1417,21.0,30.923235243234917,0.6056976420973073
red_wing,1418,15.0,29.085490120716532,0.5830081768691622
red_wing,1419,16.0,35.51923514938625,0.5762795458201346
red_wing,1420,34.0,29.196509925388455,0.6014883452265509
red_wing,1421,12.0,31.391660329084843,0.5520549082043069
red_wing,1422,24.0,32.939472400643574,0.6253997371073698
red_wing,1423,32.0,27.252574755294447,0.5791045944080493
red_wing,1424,30.0,56.74703645841132,0.580114722241698
red_wing,1425,29.0,31.876370775900746,0.5707833371292783
red_wing,1426,15.0,30.93435952696156,0.5788940099494104
red_wing,1427,13.0,25.024467704841054,0.6244780341662941
red_wing,1428,32.0,35.92287726205248,0.5814697826438961
red_wing,1429,8.0,28.472508223642677,0.6144054922867281
red_wing,1430,51.0,31.498676142974535,0.5806070848139815
red_wing,1431,10.0,24.830467522537344,0.625519407130368
red_wing,1432,18.0,29.07156159042364,0.5986421642935639
red_wing,1433,12.0,29.770654093290677,0.5849514993489038
red_wing,1434,31.0,59.34222957826357,0.5676007046760935
red_wing,1435,13.0,22.93372252381821,0.5901687193148424
red_wing,1436,14.0,28.233019195768364,0.6165008473955226
red_wing,1437,15.0,28.088442988010843,0.5860233400607568
red_wing,1438,8.0,34.347652729676845,0.5350646620335571
red_wing,1439,15.0,25.010761770200585,0.5963458391848308
red_wing,1440,16.0,29.981771452531905,0.6010424922041695
red_wing,1441,13.0,27.281110351658867,0.5955747059536376
red_wing,1442,23.0,28.429201020351805,0.605089224587593
red_wing,1443,11.0,22.80253296974183,0.5804213773000746
red_wing,1444,17.0,30.396491618112083,0.5899434567367253
red_wing,1445,18.0,39.76589481880776,0.6162612305432711
red_wing,1446,13.0,29.596305263094795,0.547670400506743
red_wing,1447,19.0,27.98263583583698,0.6388029359369831
red_wing,1448,15.0,29.76290460387633,0.6834471505902217
red_wing,1449,33.0,31.18574928108758,0.5837614616827502
red_wing,1450,15.0,33.32133452432141,0.6060425667748404
red_wing,1451,20.0,26.65522272983886,0.6085975366649805
red_wing,1452,32.0,30.952148033031946,0.5789547961518824
red_wing,1453,21.0,40.793354985526165,0.5996797283392203
red_wing,1454,15.0,25.678641013181206,0.6146152773754231
red_wing,1455,17.0,32.64127193752423,0.5951635626324416
red_wing,1456,36.0,30.81935621152014,0.6056591377955454
red_wing,1457,23.0,31.96040643644264,0.6024329878040706
red_wing,1458,15.0,26.97136412026355,0.6363003793954436
red_wing,1459,19.0,33.51415752346556,0.5949515236201867
red_wing,1460,19.0,31.793328011742457,0.5759439319666053
red_wing,1461,14.0,34.683586637967615,0.6120078132084628
red_wing,1462,21.0,28.3002252516645,0.6577690347607019
red_wing,1463,14.0,27.48354493845995,0.5319573588362246
red_wing,1464,24.0,30.82795673735753,0.5668376750851613
red_wing,1465,18.0,29.571336776733347,0.5775588808880922
red_wing,1466,14.0,29.47239968264583,0.5869238479890069
red_wing,1467,19.0,29.45771223514876,0.5958167889793616
red_wing,1468,51.0,29.730337332081497,0.5818648069608491
red_wing,1469,11.0,28.80122609898907,0.6078559970158679
red_wing,1470,24.0,25.724203539623904,0.6423888188621459
red_wing,1471,20.0,24.201263837867543,0.5811939112810718
red_wing,1472,10.0,22.64037393517625,0.5772224218249083
red_wing,1473,18.0,35.2524440038382,0.6334096374911014
red_wing,1474,21.0,28.706891322705356,0.6204144910200099
red_wing,1475,21.0,22.98420648554035,0.5573885787028399
red_wing,1476,9.0,35.07863280037026,0.5920200828826929
red_wing,1477,25.0,33.214838489485054,0.5881683016301993
red_wing,1478,14.0,31.38095071515047,0.6286281915752276
red_wing,1479,29.0,38.8015783773744,0.5863319939249407
red_wing,1480,7.0,30.110758807985547,0.5918788430243633
red_wing,1481,30.0,38.00240589706387,0.6242556686008934
red_wing,1482,15.0,25.127843487554916,0.615834587682524
red_wing,1483,13.0,33.88178386555238,0.5914901390160412
red_wing,1484,25.0,43.58991204155238,0.5765992079514641
red_wing,1485,32.0,54.89579133984471,0.5630500018786089
red_wing,1486,14.0,29.789101068979562,0.5924834660170613
red_wing,1487,16.0,33.24090590527613,0.6141990163683051
red_wing,1488,12.0,25.78955762060815,0.6066802049367028
red_wing,1489,21.0,28.942510209473305,0.5620186245521352
red_wing,1490,21.0,27.195436873922365,0.6011543230397536
red_wing,1491,16.0,28.479264901522743,0.5877530270937943
red_wing,1492,18.0,38.346515702910274,0.6151980456998196
red_wing,1493,13.0,28.739766535406016,0.5661152933911925
red_wing,1494,16.0,25.068987440181257,0.6050835853277788
red_wing,1495,18.0,37.85417016458334,0.605843138106017
red_wing,1496,15.0,30.609774933791023,0.6022297489961992
red_wing,1497,21.0,36.35616365592501,0.630996875153317
red_wing,1498,13.0,25.199113272655946,0.6175765529384728
red_wing,1499,15.0,26.834749078414298,0.619762133075822
red_wing,1500,15.0,30.182134968663554,0.5562755856567436
red_wing,1501,33.0,29.6690219928237,0.5883112452089447
red_wing,1502,33.0,37.004008287176944,0.5967509565932138
red_wing,1503,15.0,32.7684527336299,0.5886666440584712
red_wing,1504,16.0,29.75794152075745,0.608876145911751
red_wing,1505,29.0,27.19323388962016,0.5962700052703924
red_wing,1506,21.0,29.183975319473443,0.5971857876284417
red_wing,1507,28.0,29.628062265637155,0.5930159051426582
red_wing,1508,24.0,39.69608931551192,0.5760192716083787
red_wing,1509,16.0,32.45860068739379,0.5565517040207444
red_wing,1510,15.0,29.684788078521198,0.6377051951750554
red_wing,1511,14.0,26.75655281961126,0.576539818169943
red_wing,1512,21.0,30.770501396733806,0.5804593815078412
red_wing,1513,19.0,30.358547102470485,0.607642285347674
red_wing,1514,15.0,33.94320377076588,0.6000896326562897
red_wing,1515,11.0,25.043822692135215,0.5944254873515141
red_wing,1516,18.0,30.292098703387268,0.6006679198893692
red_wing,1517,13.0,33.42056681788973,0.6289876637409824
red_wing,1518,16.0,31.059030732999627,0.6013500865239353
red_wing,1519,21.0,28.64795143271441,0.5878897903823194
red_wing,1520,30.0,34.91008434631866,0.6160502382314039
red_wing,1521,15.0,30.93681512140783,0.6347667348703345
red_wing,1522,21.0,28.33496808354239,0.574561528437747
red_wing,1523,13.0,25.560023983794363,0.6035040529171329
red_wing,1524,19.0,30.25639606803971,0.6173655395447547
red_wing,1525,10.0,26.03954009884027,0.6113378210060452
red_wing,1526,19.0,28.671614688621826,0.5761040954042195
red_wing,1527,9.0,34.6199658245901,0.5844141694861358
red_wing,1528,28.0,28.52704945641759,0.5742913232923879
red_wing,1529,14.0,32.02637193276304,0.5800161441749823
red_wing,1530,18.0,34.868112169321506,0.5944670655877919
red_wing,1531,11.0,24.55937213931912,0.6103802004626449
red_wing,1532,15.0,23.02781842290424,0.6411262516313516
red_wing,1533,21.0,33.04354066173562,0.5710025454745492
red_wing,1534,13.0,25.385462944100368,0.5769049722440164
red_wing,1535,14.0,30.05080169473855,0.6270232386633221
red_wing,1536,14.0,33.797586831704116,0.6045452188337055
red_wing,1537,15.0,31.697594676797458,0.5783475903151272
red_wing,1538,13.0,26.200734410411354,0.5885731702357707
red_wing,1539,35.0,29.1560536566263,0.5760418451078053
red_wing,1540,19.0,29.57968042546793,0.5813730780950659
red_wing,1541,11.0,25.834173689814357,0.6342077327963478
red_wing,1542,13.0,28.86922531417238,0.6509795767312596
red_wing,1543,9.0,26.80025593377533,0.5824273819062862
red_wing,1544,25.0,37.19767901012387,0.5639195204697502
red_wing,1545,8.0,29.69151677543003,0.5890314064908304
red_wing,1546,13.0,26.510011537480953,0.6167935830962955
red_wing,1547,34.0,32.39721838076525,0.6150780958613036
red_wing,1548,18.0,31.199127159978424,0.5710857381185528
red_wing,1549,23.0,29.81516738251683,0.5401056273623843
red_wing,1550,21.0,28.859239395817788,0.6504073099353046
red_wing,1551,29.0,38.04925885483283,0.5522576140130218
red_wing,1552,14.0,34.51407898008591,0.5633284564496603
red_wing,1553,15.0,29.065054426770185,0.6189807280699064
red_wing,1554,14.0,31.05458495456108,0.6217075677088825
red_wing,1555,14.0,30.01245184243895,0.605529732097905
red_wing,1556,10.0,34.564840856916156,0.5803954057267808
red_wing,1557,13.0,27.984857682161824,0.6118860571733666
red_wing,1558,18.0,35.05317617322679,0.6410940300893926
red_wing,1559,30.0,33.63169479747502,0.5827209049069183
red_wing,1560,11.0,31.018754736902356,0.6214756845991274
red_wing,1561,9.0,38.20825643769016,0.5803117039808167
red_wing,1562,19.0,29.186297535637955,0.6097254937557046
red_wing,1563,14.0,31.27377250390337,0.6433887653411348
red_wing,1564,35.0,40.3058963767393,0.5865209780538465
red_wing,1565,10.0,30.967128175252395,0.6103381357378295
red_wing,1566,14.0,31.34316496449505,0.6165736176472265
red_wing,1567,31.0,37.194683956941184,0.6186210540161422
red_wing,1568,35.0,30.24783090946939,0.6277868504331132
red_wing,1569,14.0,29.812956235830992,0.6109523254659207
red_wing,1570,15.0,30.45511343704097,0.5577944971431624
red_wing,1571,14.0,21.17582646100523,0.6600433278577873
red_wing,1572,14.0,55.694904929798284,0.5730176558675404
red_wing,1573,14.0,31.750697285391134,0.6005730776703757
red_wing,1574,21.0,31.874503123735945,0.5905380245690344
red_wing,1575,9.0,31.277319942001444,0.6269908220668996
red_wing,1576,8.0,25.147491509819545,0.5921991439371483
red_wing,1577,18.0,34.2267757231211,0.6002931171794539
red_wing,1578,24.0,31.665633764790716,0.6256863297043399
red_wing,1579,11.0,28.481305093448874,0.5920651281997689
red_wing,1580,10.0,26.301445675921475,0.5440099732720061
red_wing,1581,15.0,25.13951080705881,0.5872331842571588
red_wing,1582,11.0,26.825383038639764,0.5853790626209034
red_wing,1583,18.0,30.319257251307334,0.5915040823952591
red_wing,1584,16.0,27.451309735922326,0.5727229590929166
red_wing,1585,11.0,24.663484250408747,0.5595307511142373
red_wing,1586,16.0,29.176067659905257,0.6255145058518721
red_wing,1587,11.0,29.33184759102869,0.615947420911908
red_wing,1588,21.0,28.72293124445931,0.5723551299763356
red_wing,1589,12.0,36.216500309084,0.6001499268833805
red_wing,1590,16.0,34.79684360826751,0.5964548885382168
red_wing,1591,26.0,35.15741346513404,0.6156854087727753
red_wing,1592,16.0,37.385574580135916,0.5981674038660212
red_wing,1593,10.0,35.98145387539735,0.6053073203865829
red_wing,1594,21.0,26.6922027808149,0.625622009855346
red_wing,1595,29.0,30.991541109832514,0.5732903011971785
red_wing,1596,15.0,26.619374793854686,0.6194585511824064
red_wing,1597,21.0,27.7194719953243,0.6160898479291541
red_wing,1598,34.0,28.57702608071442,0.6273963867576157
red_wing,1599,16.0,30.164604013018675,0.5701282549184498
red_wing,1600,18.0,30.705508353403395,0.5650099997119458
red_wing,1601,26.0,29.720335765875728,0.5971077216962033
red_wing,1602,8.0,25.033960961632083,0.600099735918969
red_wing,1603,14.0,31.648724167682783,0.627817618158842
red_wing,1604,13.0,21.78153377898249,0.5853483306022842
red_wing,1605,21.0,35.69886152848789,0.5898771684019495
red_wing,1606,13.0,29.172982932122043,0.6128830916957373
red_wing,1607,19.0,29.622687504927953,0.5662931296432387
red_wing,1608,42.0,35.63212788118665,0.6248837106410294
red_wing,1609,29.0,32.60315990286923,0.5834740463332554
red_wing,1610,18.0,32.86276195012729,0.6041815030549168
red_wing,1611,33.0,36.21660410336941,0.587269315867552
red_wing,1612,12.0,28.062444815397168,0.6136563313759327
red_wing,1613,15.0,27.64402118641952,0.6091233086434629
red_wing,1614,15.0,29.868153622984003,0.5719849184844096
red_wing,1615,15.0,35.524642792868114,0.589700545605094
red_wing,1616,37.0,27.115035960098428,0.6079405343467563
red_wing,1617,22.0,32.863491328575435,0.6134062320277893
red_wing,1618,9.0,29.562917977915998,0.5727307683926729
red_wing,1619,18.0,30.561514546989848,0.5745302016603595
red_wing,1620,33.0,30.811578812089436,0.5361774861813651
red_wing,1621,11.0,26.659195246748663,0.613236475634199
red_wing,1622,19.0,26.588129568138687,0.5946981136454979
red_wing,1623,13.0,24.104086043875114,0.5956627258104636
red_wing,1624,15.0,33.50221596612322,0.5744928526698017
red_wing,1625,32.0,32.2487803114029,0.5786376178120274
red_wing,1626,9.0,27.26701939507502,0.6076709309266801
red_wing,1627,24.0,38.481266110648065,0.5487138412485671
red_wing,1628,22.0,26.07958200368558,0.601319694153815
red_wing,1629,9.0,35.71319778957544,0.5750010430326988
red_wing,1630,31.0,33.08121462523917,0.5610649586918448
red_wing,1631,13.0,30.239162538788104,0.5771549979523609
red_wing,1632,13.0,33.25864982437314,0.6027404840581947
red_wing,1633,11.0,30.80856560710629,0.5972907926775666
red_wing,1634,23.0,31.42830865412822,0.6004185415495303
red_wing,1635,15.0,30.677655024716557,0.632317275639585
red_wing,1636,16.0,40.908376114266396,0.5944260657625364
red_wing,1637,15.0,28.25809755937745,0.6303815121547172
red_wing,1638,17.0,36.21329774937075,0.6072066229280115
red_wing,1639,11.0,35.97854900401015,0.6312878501343688
red_wing,1640,12.0,35.60950974948106,0.5785545043393601
red_wing,1641,9.0,29.824356901938874,0.6306045567520437
red_wing,1642,13.0,31.94215527232833,0.573205167606411
red_wing,1643,11.0,31.453607243449703,0.5678090499985006
red_wing,1644,14.0,34.40068600086869,0.5581645499351587
red_wing,1645,14.0,26.1771330828944,0.5649203592401028
red_wing,1646,29.0,29.24333359544099,0.5815860789729675
red_wing,1647,13.0,30.22573040436605,0.5839163485456722
red_wing,1648,39.0,36.505552078707105,0.5914653016742223
red_wing,1649,17.0,18.44702230432124,0.6247482435665368
red_wing,1650,15.0,28.341445484628682,0.6486796042022644
red_wing,1651,23.0,38.39377184019757,0.5574899275772964
red_wing,1652,34.0,32.92125292131689,0.5939340822114086
red_wing,1653,21.0,26.769723045362205,0.6087754651449174
red_wing,1654,18.0,32.896635294250935,0.5943316676567236
red_wing,1655,15.0,24.670980931020747,0.6213034198642264
red_wing,1656,21.0,31.26503823802404,0.5973931507089891
red_wing,1657,16.0,29.822996963143876,0.6130801608074425
red_wing,1658,13.0,27.032551055202706,0.5621958971778942
red_wing,1659,14.0,32.27630434313081,0.5999891353790625
red_wing,1660,21.0,38.736775598373704,0.5606232254117748
red_wing,1661,32.0,35.88851490973038,0.5788829814503222
red_wing,1662,16.0,27.831510009651492,0.5978748525653474
red_wing,1663,18.0,27.227272732115463,0.62098037935532
red_wing,1664,21.0,25.267014641583582,0.6118954921348441
red_wing,1665,14.0,34.95023990119998,0.5657532369007638
red_wing,1666,13.0,29.711118358318146,0.5742037280892505
red_wing,1667,21.0,30.797023101689316,0.586910427591752
red_wing,1668,12.0,30.862363413799965,0.5715873781021319
red_wing,1669,43.0,27.33181494439273,0.5620438876931418
red_wing,1670,47.0,38.11378313599823,0.5697106444186124
red_wing,1671,33.0,32.41046058392017,0.5720956120378333
red_wing,1672,13.0,25.12075477315074,0.594540875470002
red_wing,1673,10.0,30.465453210260332,0.5703404783549082
red_wing,1674,21.0,36.07768552876114,0.5373622880194675
red_wing,1675,13.0,35.316459276167684,0.558162302964919
red_wing,1676,38.0,38.36162657312068,0.5831058107820211
red_wing,1677,14.0,36.1265794891019,0.5793239756203072
red_wing,1678,22.0,27.32045442137719,0.6090829429621374
red_wing,1679,23.0,28.53362730066623,0.5369366819510979
red_wing,1680,13.0,36.98401567299928,0.6151817570430805
red_wing,1681,16.0,33.75996693093488,0.5881863771376838
red_wing,1682,16.0,29.57604857436226,0.6150357662700072
red_wing,1683,13.0,30.76359659922513,0.5414155157215708
red_wing,1684,15.0,27.526365878572495,0.6621399856483049
red_wing,1685,45.0,34.35172393672102,0.6022888786043077
red_wing,1686,13.0,30.905364435576043,0.595068852922022
red_wing,1687,18.0,30.667014103305586,0.60783349857634
red_wing,1688,15.0,25.64389107727514,0.616928476256609
red_wing,1689,15.0,40.426612997445254,0.6185956439667868
red_wing,1690,15.0,33.10776662733629,0.567319015620575
red_wing,1691,17.0,24.723429771867565,0.6562233094418497
red_wing,1692,13.0,27.271221590644064,0.6217723309467076
red_wing,1693,18.0,36.25674581155916,0.6228263228080586
red_wing,1694,15.0,28.597470688341865,0.5814469750174496
red_wing,1695,16.0,27.766673626854185,0.5807124346548359
red_wing,1696,20.0,26.477692232980903,0.5864263420444551
red_wing,1697,31.0,59.282864770271296,0.5628485461927171
red_wing,1698,15.0,27.14900378944399,0.650578396043985
red_wing,1699,16.0,27.67279938368334,0.5967873157005377
red_wing,1700,23.0,30.60974205406333,0.5728747117180742
red_wing,1701,13.0,38.988612408629,0.5854242454307644
red_wing,1702,31.0,42.663725822114294,0.5817003933720125
red_wing,1703,14.0,31.28487527303512,0.5839131733687379
red_wing,1704,15.0,29.983957207773596,0.587189322521207
red_wing,1705,36.0,24.764756009365755,0.6024641746601356
red_wing,1706,15.0,32.34812166204053,0.5954436612383583
red_wing,1707,24.0,30.89402156151412,0.5665159049590592
red_wing,1708,13.0,30.9902145631352,0.6024029034519339
red_wing,1709,21.0,38.21972872445621,0.5512797842268493
red_wing,1710,13.0,36.572881018405106,0.5824858668520074
red_wing,1711,21.0,31.69348258452509,0.6238792633662494
red_wing,1712,19.0,36.36921820359888,0.6172987954278495
red_wing,1713,13.0,32.55185995956004,0.5660669136451555
red_wing,1714,15.0,25.648399255725987,0.6013626308606809
red_wing,1715,17.0,23.05555981375337,0.6058376847121709
red_wing,1716,15.0,20.50654453205875,0.6310772702479124
red_wing,1717,18.0,32.337251505851185,0.590537778724675
red_wing,1718,35.0,33.42679510035028,0.6031859628539404
red_wing,1719,17.0,32.035764800627355,0.6041794364032843
red_wing,1720,24.0,34.128052364196016,0.5578296820912825
red_wing,1721,14.0,36.411114852376514,0.5560276447779464
red_wing,1722,10.0,36.522620761111575,0.5636820108212992
red_wing,1723,15.0,34.73025736141112,0.5683313149999679
red_wing,1724,8.0,25.388612608560173,0.5924505874729975
red_wing,1725,19.0,29.479539700794003,0.5849618345028497
red_wing,1726,16.0,27.385939692643536,0.62081336098417
red_wing,1727,14.0,29.395711802611885,0.6209209516631627
red_wing,1728,9.0,30.145350050141356,0.60771392918704
red_wing,1729,15.0,19.394221747164437,0.5978295098600253
red_wing,1730,28.0,31.330099907308515,0.5362505225761636
red_wing,1731,15.0,27.39685146507753,0.5932729197719429
red_wing,1732,15.0,28.293119409865536,0.6065049378593961
red_wing,1733,39.0,32.94233713848071,0.5799680674462592
red_wing,1734,15.0,24.48913169984309,0.597362800191412
red_wing,1735,14.0,29.15147665383674,0.5839730623335568
red_wing,1736,18.0,25.207284491416193,0.577529789321546
red_wing,1737,21.0,35.1016531787175,0.6259260829062202
red_wing,1738,13.0,31.754674149757445,0.5773203150154065
red_wing,1739,17.0,32.083954640113156,0.5626166755923367
red_wing,1740,16.0,30.14489246712059,0.5446870042595691
red_wing,1741,24.0,28.728503563030777,0.5958640908725914
red_wing,1742,9.0,27.859423539206297,0.5900849673005346
red_wing,1743,21.0,32.68079912240236,0.561083059174345
red_wing,1744,15.0,31.372653640061852,0.6172880846007669
red_wing,1745,16.0,29.699195211867224,0.6061238424015458
red_wing,1746,13.0,27.768851951129804,0.6265372018783324
red_wing,1747,14.0,27.72057103266654,0.6077844376078516
red_wing,1748,13.0,32.94470799749674,0.5704001384105402
red_wing,1749,19.0,16.48817771347631,0.5751793214184777
red_wing,1750,21.0,28.24302351589521,0.5796773035557152
red_wing,1751,15.0,31.25607375300152,0.606971954375685
red_wing,1752,13.0,35.04676874062292,0.6260577538403992
red_wing,1753,11.0,24.042889678220913,0.5841344889159845
red_wing,1754,16.0,33.72684652239379,0.5880417494999259
red_wing,1755,20.0,32.53543759795014,0.6276110620970126
red_wing,1756,13.0,28.253754496132807,0.5882460772335933
red_wing,1757,14.0,34.15810355298748,0.6049188690589439
red_wing,1758,11.0,27.28924377551133,0.592649899414484
red_wing,1759,18.0,28.10643746105243,0.5855357462785924
red_wing,1760,15.0,31.69777877205019,0.6024959889922337
red_wing,1761,18.0,31.72958805720218,0.5766286895960107
red_wing,1762,15.0,24.81979346275229,0.6223313726247719
red_wing,1763,15.0,23.53092264603794,0.5862575359265694
red_wing,1764,10.0,25.99619188194263,0.5975694174050367
red_wing,1765,15.0,26.36337205098513,0.5647715158499272
red_wing,1766,14.0,33.918073583606436,0.6402834266141564
red_wing,1767,21.0,29.702691969713015,0.6280530536879341
red_wing,1768,13.0,29.9689658296948,0.5403674832335799
red_wing,1769,15.0,27.126898539537336,0.6177355102179769
red_wing,1770,12.0,46.96108791273115,0.591360183796664
red_wing,1771,9.0,34.57715031451954,0.6135982587695759
red_wing,1772,18.0,32.05606513388848,0.5859132328344421
red_wing,1773,19.0,30.915599696724886,0.6131029546005433
red_wing,1774,14.0,32.63163481430312,0.6078113298058065
red_wing,1775,12.0,27.940123977156233,0.5801313135860217
red_wing,1776,21.0,28.079376352936038,0.5924158585427246
red_wing,1777,25.0,32.66912671084287,0.5997147235197062
red_wing,1778,15.0,57.623382872096144,0.5035932676009054
red_wing,1779,13.0,30.158031203060037,0.6482366799477517
red_wing,1780,15.0,32.30080169501777,0.5494301452222355
red_wing,1781,18.0,28.657673997520476,0.6315104661060222
red_wing,1782,15.0,24.143007373037843,0.5838228925982378
red_wing,1783,15.0,30.585887059307282,0.5971060423276027
red_wing,1784,14.0,34.0317730983592,0.6231456550201193
red_wing,1785,35.0,33.054721478721135,0.5647542609076162
red_wing,1786,15.0,39.881751341368506,0.5645059336855557
red_wing,1787,11.0,28.10518793190821,0.5666323071210637
red_wing,1788,11.0,24.7549380252832,0.5898638004130967
red_wing,1789,31.0,36.25325769579751,0.5744837141151464
red_wing,1790,22.0,35.96248379352046,0.6005097835581177
red_wing,1791,13.0,29.118108859139937,0.6021511013520768
red_wing,1792,38.0,32.31877832287948,0.6097609113577949
red_wing,1793,15.0,24.264928539183455,0.6549346894038901
red_wing,1794,11.0,37.92989393173442,0.5845087355840044
red_wing,1795,12.0,32.16333009476559,0.604986492868492
red_wing,1796,17.0,25.20952033031396,0.6212538236581888
red_wing,1797,19.0,29.63660301055746,0.576367598262814
red_wing,1798,18.0,29.51957238053297,0.5721725300572982
red_wing,1799,13.0,29.693450171792648,0.6423233868100959
red_wing,1800,18.0,29.389159374976185,0.5401695926522543
red_wing,1801,23.0,30.36017790065936,0.5862912734199787
red_wing,1802,14.0,24.706327273505586,0.5953667637074178
red_wing,1803,21.0,29.658307480909574,0.5849072720107447
red_wing,1804,21.0,29.06979511002012,0.6066832068518362
red_wing,1805,18.0,32.00053735415064,0.5927496980584955
red_wing,1806,34.0,29.564852151430276,0.5996255886277483
red_wing,1807,18.0,26.029227796420514,0.6284007335798327
red_wing,1808,14.0,37.585870105444556,0.5964164214737124
red_wing,1809,16.0,35.00561625155463,0.6150794106938811
red_wing,1810,15.0,35.180252333612444,0.6033960904009565
red_wing,1811,14.0,29.63425425182247,0.6108755720882668
red_wing,1812,20.0,28.653945175384575,0.5800271772045797
red_wing,1813,11.0,30.157991784072294,0.5982882152043469
red_wing,1814,21.0,32.61332578331281,0.6445014827410709
red_wing,1815,13.0,31.000644231443783,0.5724091656880057
red_wing,1816,29.0,35.51864641892909,0.5989488588931169
red_wing,1817,11.0,29.525730856662545,0.620154242616234
red_wing,1818,29.0,37.20089877423807,0.6223857776763126
red_wing,1819,11.0,25.358240640626853,0.5959092909683472
red_wing,1820,18.0,24.81390040955941,0.5692049588470318
red_wing,1821,12.0,31.549588167970175,0.5867903565793987
red_wing,1822,32.0,26.583626915119126,0.5849644296185281
red_wing,1823,16.0,28.407544679808193,0.5955833606772303
red_wing,1824,16.0,32.36030947706785,0.5791133596662876
red_wing,1825,15.0,50.81305075804213,0.5823172072791425
red_wing,1826,11.0,25.204965900976784,0.6119419057610747
red_wing,1827,37.0,38.42098647121379,0.5854169889851969
red_wing,1828,15.0,24.58230051395121,0.6490201293255626
red_wing,1829,18.0,33.02446257766852,0.56582288437935
red_wing,1830,19.0,26.3042150306476,0.6074315615354852
red_wing,1831,8.0,27.45576686126008,0.5838684943342544
red_wing,1832,18.0,30.352625583775602,0.5639332194974511
red_wing,1833,21.0,26.186786235524753,0.6164801446741206
red_wing,1834,22.0,26.543035769290665,0.5892698056810092
red_wing,1835,21.0,25.90260925657191,0.6199106954799125
red_wing,1836,8.0,36.71533699009051,0.5462387281255338
red_wing,1837,21.0,29.434030551423376,0.668085113230779
red_wing,1838,18.0,25.451702440262082,0.60482081448704
red_wing,1839,22.0,37.90457779172144,0.636849065254186
red_wing,1840,18.0,34.2618238137324,0.5642391154781017
red_wing,1841,19.0,35.223310351336615,0.637596038275092
red_wing,1842,16.0,26.291761808358917,0.6220296961106071
red_wing,1843,12.0,31.154844636403695,0.5887965994191418
red_wing,1844,10.0,27.44885597248549,0.6097861755823932
red_wing,1845,16.0,29.8905754723533,0.5924789445536713
red_wing,1846,18.0,29.91557563411264,0.579288831047452
red_wing,1847,12.0,31.410568373772076,0.5743759024855947
red_wing,1848,25.0,29.367287486166905,0.6120855597429515
red_wing,1849,18.0,27.471793553850286,0.6143258113655018
red_wing,1850,15.0,29.5803434046509,0.6138962582162404
red_wing,1851,15.0,28.97564593445832,0.5969088885744139
red_wing,1852,9.0,28.802039343503118,0.6101694032333228
red_wing,1853,15.0,28.35243337197828,0.6228215008840688
red_wing,1854,14.0,31.037791034342373,0.6164066958630279
red_wing,1855,17.0,31.612184567550653,0.5834151431612562
red_wing,1856,14.0,25.084959535667974,0.5965006937770323
red_wing,1857,19.0,27.305526114953285,0.6139647500946305
red_wing,1858,15.0,36.95919942224205,0.5537474985601343
red_wing,1859,24.0,42.02869919209989,0.5808288715188685
red_wing,1860,15.0,24.661187987987873,0.5949962846179249
red_wing,1861,15.0,33.195371209912494,0.6023376479858186
red_wing,1862,17.0,28.420973277527736,0.5768394281911235
red_wing,1863,16.0,31.955991833017194,0.5963097054714814
red_wing,1864,13.0,27.02636701160106,0.5633081826813559
red_wing,1865,15.0,31.64216999338043,0.6408874538044784
red_wing,1866,8.0,33.417035317567255,0.5764888289224632
red_wing,1867,15.0,27.405118133447832,0.6376113202529552
red_wing,1868,18.0,30.280526243343193,0.5904617099576055
red_wing,1869,14.0,32.054689558497174,0.6031207346456229
red_wing,1870,17.0,28.534469216818646,0.6296508088119283
red_wing,1871,35.0,32.425030706258475,0.5678701429921957
red_wing,1872,23.0,27.962307288151486,0.6095277074476049
red_wing,1873,32.0,33.99231302466418,0.629361875316943
red_wing,1874,28.0,27.980106336599246,0.5848848828197243
red_wing,1875,11.0,29.57460156373253,0.5927555632814349
red_wing,1876,15.0,30.57907287945471,0.6104677066560271
red_wing,1877,14.0,26.79374012037032,0.5976722374042605
red_wing,1878,32.0,33.32081919304713,0.6092890686631566
red_wing,1879,14.0,24.292438215544927,0.5930429152789551
red_wing,1880,14.0,28.388330331371602,0.629974338312787
red_wing,1881,32.0,58.34033609814502,0.6050521068201854
red_wing,1882,32.0,33.085272261739235,0.6233005583418794
red_wing,1883,19.0,34.24175615419638,0.5491236200881724
red_wing,1884,35.0,65.76833658297427,0.5596939092274045
red_wing,1885,12.0,28.524669713367707,0.5942092803242571
red_wing,1886,24.0,30.462835705060986,0.5836944083202757
red_wing,1887,22.0,29.77413036705817,0.6206305803490564
red_wing,1888,16.0,27.166806808087333,0.6066278444742206
red_wing,1889,12.0,31.17855643949878,0.5509973015904761
red_wing,1890,11.0,27.29458112171198,0.5735902627199384
red_wing,1891,17.0,30.136571897765407,0.610240792344318
red_wing,1892,35.0,32.74827047922319,0.5929566770842117
red_wing,1893,8.0,30.770495402129512,0.5926742675112361
red_wing,1894,22.0,33.3404387653881,0.5688735172842259
red_wing,1895,16.0,31.06128021006124,0.5981700199123017
red_wing,1896,14.0,28.51447698751943,0.6142084919514242
red_wing,1897,19.0,36.38870611325583,0.5834517323100571
red_wing,1898,15.0,23.474457287338954,0.5991549763333814
red_wing,1899,10.0,41.31552866243579,0.6323396104604435
red_wing,1900,32.0,35.81175916813211,0.5690760339145399
red_wing,1901,13.0,27.609546928263185,0.6033910763584585
red_wing,1902,19.0,28.96259573095808,0.6320483905755532
red_wing,1903,15.0,31.159263087918983,0.6265586696284989
red_wing,1904,16.0,28.945824409961332,0.6214252805430498
red_wing,1905,32.0,32.75297196917658,0.6003810492069295
red_wing,1906,19.0,29.142426657764528,0.553572144273624
red_wing,1907,15.0,30.05433863030063,0.578499596454946
red_wing,1908,20.0,31.827213930444103,0.5672843866418518
red_wing,1909,14.0,30.278251680117563,0.5943556301561091
red_wing,1910,28.0,30.062892997986495,0.5550092166079736
red_wing,1911,15.0,31.33000006573836,0.5827624334990369
red_wing,1912,14.0,27.760248225712484,0.6360457249994289
red_wing,1913,18.0,30.48509284684435,0.6279689654067686
red_wing,1914,29.0,34.652259441094266,0.571911727624548
red_wing,1915,21.0,29.857629371368215,0.6508648303375382
red_wing,1916,20.0,29.56057304010944,0.6401145392761491
red_wing,1917,33.0,32.21161982955031,0.5874411948292535
red_wing,1918,11.0,28.910093807526913,0.6115718169859249
red_wing,1919,15.0,27.639710738529107,0.6205502986220863
red_wing,1920,33.0,34.62979333013585,0.6421510826872088
red_wing,1921,18.0,30.721502346321806,0.631261588124023
red_wing,1922,31.0,38.136724099961626,0.623908465589863
red_wing,1923,15.0,30.72981245941988,0.5704873454889555
red_wing,1924,18.0,27.859560645194094,0.6116859786111195
red_wing,1925,21.0,31.30281329200467,0.6134274289944492
red_wing,1926,28.0,36.38059684616727,0.5829066662761007
red_wing,1927,31.0,34.389884758478104,0.5089947194657687
red_wing,1928,34.0,31.990464546567164,0.6012078508860899
red_wing,1929,22.0,29.129691098795902,0.5955422441697107
red_wing,1930,15.0,31.779493062451937,0.665638189197321
red_wing,1931,39.0,30.84107258534528,0.5648734487953232
red_wing,1932,14.0,25.534501811947877,0.6021024168432372
red_wing,1933,16.0,28.40535736352024,0.5782288940435729
red_wing,1934,15.0,32.647097623023186,0.5783706491676518
red_wing,1935,21.0,31.763809002336057,0.627620352694404
red_wing,1936,27.0,32.500824345991,0.5562309877565181
red_wing,1937,19.0,24.143557132318715,0.6124266439943455
red_wing,1938,21.0,25.565576695076942,0.6145853935291048
red_wing,1939,21.0,23.790771001622314,0.6092491287644604
red_wing,1940,16.0,21.764960911627444,0.606683017522647
red_wing,1941,29.0,30.322605934824146,0.5857489865537847
red_wing,1942,15.0,29.662207009323545,0.6268257925937578
red_wing,1943,16.0,34.366475093330145,0.6069040344056693
red_wing,1944,13.0,35.54412629216922,0.61622290363968
red_wing,1945,21.0,33.20797375092877,0.5804620560432712
red_wing,1946,15.0,23.083477259376316,0.594673282915156
red_wing,1947,16.0,31.834664587158187,0.6329194239055973
red_wing,1948,11.0,26.256833380923915,0.5812143334935196
red_wing,1949,21.0,31.3162471883851,0.5756528195395089
red_wing,1950,18.0,32.562406279444524,0.5571668458213513
red_wing,1951,8.0,37.64308947852499,0.5970766090892493
red_wing,1952,18.0,31.487224075889365,0.585848782831411
red_wing,1953,20.0,33.8221475718936,0.5747801849184668
red_wing,1954,13.0,27.501056510318787,0.586427253201335
red_wing,1955,13.0,23.977086226368492,0.6306633583772507
red_wing,1956,17.0,32.27784354707377,0.5913562115461094
red_wing,1957,14.0,25.821152749719015,0.5679132230151527
red_wing,1958,8.0,28.154489272308325,0.5705936046968276
red_wing,1959,14.0,30.24220281172556,0.6300785318635331
red_wing,1960,21.0,30.850314136720257,0.5841770894671523
red_wing,1961,19.0,25.356267723264974,0.5634809036467744
red_wing,1962,13.0,32.92912775433842,0.5930667337934441
red_wing,1963,18.0,30.569525457988288,0.5820638390806191
red_wing,1964,11.0,31.46733181930382,0.5962896274156531
red_wing,1965,39.0,37.330300563442954,0.5878455147951827
red_wing,1966,21.0,29.74505234219074,0.5928790562104522
red_wing,1967,14.0,38.47148830719843,0.5698169503246162
red_wing,1968,8.0,27.235827752073785,0.5879956622546841
red_wing,1969,33.0,30.045296482120133,0.5806079801160509
red_wing,1970,8.0,30.514115825383538,0.5285934460986546
red_wing,1971,14.0,32.01795541955519,0.5699057720451572
red_wing,1972,9.0,24.841453776008898,0.5976217838538708
red_wing,1973,15.0,25.135011531222293,0.6168978811891828
red_wing,1974,9.0,31.113313362774022,0.5782839590509758
red_wing,1975,13.0,26.45253757057515,0.6174766421002108
red_wing,1976,25.0,30.22335786285951,0.6234494601285775
red_wing,1977,15.0,29.680032200850658,0.612307956965348
red_wing,1978,13.0,36.611006717718126,0.6471964781715934
red_wing,1979,14.0,30.103311179831056,0.6513713492714155
red_wing,1980,11.0,32.86888340741615,0.5940160217580415
red_wing,1981,28.0,34.588413406823555,0.5814771372803762
red_wing,1982,32.0,34.105024544255095,0.5895850755513228
red_wing,1983,14.0,24.152955332802296,0.6419059315240249
red_wing,1984,13.0,28.75938964382525,0.5831956387006281
red_wing,1985,16.0,34.92306822978492,0.6073841362534564
red_wing,1986,27.0,61.54120771845823,0.5505069371546064
red_wing,1987,13.0,30.114963790400925,0.5649723710688643
red_wing,1988,24.0,31.647684297754985,0.5931689722318438
red_wing,1989,19.0,26.96015552402481,0.6155320148691094
red_wing,1990,13.0,28.966569583830992,0.5629040199214822
red_wing,1991,13.0,27.671409109847637,0.6080793804021779
red_wing,1992,10.0,37.039183750924444,0.544424001873415
red_wing,1993,18.0,24.13826102128323,0.6250439586849843
red_wing,1994,16.0,29.58331534624007,0.5999659000762847
red_wing,1995,13.0,29.031277293220263,0.593905469403667
red_wing,1996,24.0,30.278321207717873,0.5915271239788382
red_wing,1997,13.0,33.31022332453689,0.5856293282020588
red_wing,1998,32.0,35.26002729613044,0.6102123595860001
red_wing,1999,14.0,33.969641679739375,0.5778585732731198
red_wing,2000,8.0,34.98846476271287,0.6132028486049248
red_wing,2001,16.0,36.504311705790634,0.5799619338674782
red_wing,2002,15.0,30.276901884758793,0.6009899860757537
red_wing,2003,11.0,29.30092226070521,0.5557493707680379
red_wing,2004,31.0,37.61724604454428,0.5422207204078203
red_wing,2005,11.0,30.477853205202944,0.544674479897735
red_wing,2006,24.0,38.12812678035046,0.5945412510655717
red_wing,2007,10.0,30.551507196426122,0.5977640672300059
red_wing,2008,11.0,26.642840457279977,0.6169381608749651
red_wing,2009,36.0,35.99036210830706,0.6189371551101841
red_wing,2010,13.0,31.36486419259363,0.6218713279926638
red_wing,2011,19.0,53.46889291014,0.5715013363968899
red_wing,2012,19.0,28.435685197940998,0.6000386294466826
red_wing,2013,11.0,36.31561296893749,0.5884574402036364
red_wing,2014,24.0,29.986980293276837,0.5680670439160671
red_wing,2015,16.0,33.13334757895601,0.5799741011198558
red_wing,2016,15.0,32.1099157375136,0.549650124267156
red_wing,2017,10.0,35.85819718984356,0.6205368146497976
red_wing,2018,19.0,29.060747593043846,0.5998281420654096
red_wing,2019,14.0,29.195587588974597,0.5619709400737414
red_wing,2020,25.0,28.228334076460747,0.623479555206301
red_wing,2021,31.0,30.401705167320337,0.5542865347648178
red_wing,2022,15.0,32.143809138673284,0.5603717970501653
red_wing,2023,12.0,26.1707811651928,0.5889165489134215
red_wing,2024,22.0,27.226816960688254,0.5939905804045891
red_wing,2025,38.0,33.33999012599969,0.5659814698964276
red_wing,2026,13.0,28.73905688100519,0.5736744184730449
red_wing,2027,25.0,31.88977951695951,0.6170358330865554
red_wing,2028,15.0,30.601324994447953,0.6536151703057989
red_wing,2029,14.0,30.236538470464318,0.6229921573761505
red_wing,2030,19.0,31.51795530020585,0.6241571917161178
red_wing,2031,13.0,27.18443799477399,0.6201168840390056
red_wing,2032,13.0,29.40660950108298,0.5867460172558349
red_wing,2033,13.0,31.067120330396623,0.6000981159155805
red_wing,2034,12.0,29.97289884328236,0.5875017603137143
red_wing,2035,9.0,26.01152363361329,0.6314803105042843
red_wing,2036,19.0,33.626335063341315,0.6005758436629305
red_wing,2037,18.0,31.923610689848896,0.6062401810822765
red_wing,2038,11.0,26.466780259984233,0.6032690372981864
red_wing,2039,13.0,31.342336173437573,0.598131938088005
red_wing,2040,29.0,30.464226431170985,0.5689840660703683
red_wing,2041,13.0,32.98909745218875,0.5762120806077293
red_wing,2042,23.0,25.734597674952866,0.6592381993605352
red_wing,2043,31.0,29.40877560340115,0.5863112581241609
red_wing,2044,19.0,27.91061935786913,0.6066532518796863
red_wing,2045,10.0,28.69165203887696,0.5841815473868495
red_wing,2046,28.0,32.554551047625594,0.5653862373277263
red_wing,2047,35.0,33.93989145499421,0.6020365778591469
red_wing,2048,17.0,29.75162939419734,0.6269606744713465
red_wing,2049,29.0,29.151540637638554,0.5847004084688685
red_wing,2050,25.0,30.243277435502776,0.5824015821185843
red_wing,2051,10.0,27.989945957050978,0.599569932578523
red_wing,2052,15.0,31.269585288810358,0.6392980847825304
red_wing,2053,21.0,31.645804332366776,0.6047699086407989
red_wing,2054,25.0,34.91348848360388,0.5807736269680279
red_wing,2055,8.0,28.807767469166368,0.5642631326966512
red_wing,2056,12.0,29.131471830998652,0.6129472799037392
red_wing,2057,18.0,30.878292937713105,0.5751458571450272
red_wing,2058,9.0,30.10213959727366,0.6087238415982683
red_wing,2059,15.0,19.731040431496783,0.5832302809387693
red_wing,2060,21.0,32.438605211267586,0.5649324563710374
red_wing,2061,31.0,27.57346199108911,0.6082581999342469
red_wing,2062,14.0,26.94914151326198,0.5962727381695881
red_wing,2063,24.0,37.036602011787394,0.5785715199530417
red_wing,2064,14.0,34.570492989536284,0.5757897643259442
red_wing,2065,19.0,29.535226070105885,0.5758378475432181
red_wing,2066,21.0,27.033921428593015,0.6095268610408343
red_wing,2067,46.0,36.49884604202443,0.582129023481472
red_wing,2068,16.0,31.952070686114318,0.6080873473126234
red_wing,2069,34.0,34.51082685772202,0.6277505972906248
red_wing,2070,15.0,28.879817303582787,0.5907286216080909
red_wing,2071,13.0,25.344569982996443,0.5582937340869419
red_wing,2072,16.0,34.97933735899243,0.5719506276429693
red_wing,2073,19.0,31.37489373661957,0.5788231262570591
red_wing,2074,17.0,37.424898950936615,0.6172130656479711
red_wing,2075,21.0,30.39254621423007,0.6167395403092328
red_wing,2076,8.0,36.07697676497223,0.5839856007519353
red_wing,2077,17.0,35.423433098269676,0.550415165308973
red_wing,2078,11.0,26.328155052341934,0.6313409362792781
red_wing,2079,22.0,28.417271299001186,0.6169706047146595
red_wing,2080,21.0,36.274746533919476,0.5949805840828944
red_wing,2081,17.0,38.67802662557815,0.5714586499884591
red_wing,2082,13.0,28.017565435370763,0.592315557553231
red_wing,2083,12.0,24.018168143919866,0.6319122740902778
red_wing,2084,11.0,31.213778053988158,0.5869520551578763
red_wing,2085,21.0,31.434910655046767,0.5972131826269971
red_wing,2086,16.0,32.34711056938095,0.6166136207332202
red_wing,2087,13.0,21.667599865302076,0.6018319702921253
red_wing,2088,17.0,29.886848449986946,0.5472568707174643
red_wing,2089,28.0,58.5916510544668,0.586102803518572
red_wing,2090,15.0,38.34213788433484,0.5743765667297177
red_wing,2091,35.0,27.32425394525959,0.575705585512479
red_wing,2092,13.0,28.481215990632393,0.5983477448206111
red_wing,2093,19.0,30.245596833782184,0.6013387497102431
red_wing,2094,21.0,28.184306658907584,0.5824866081592068
red_wing,2095,31.0,29.979074011338554,0.5720639715045777
red_wing,2096,14.0,38.696643487620456,0.5492700650228839
red_wing,2097,13.0,26.305172732960134,0.5694988707096891
red_wing,2098,17.0,33.63213484128034,0.5742017099544212
red_wing,2099,9.0,29.0681746600797,0.5754627196226414
red_wing,2100,34.0,27.40751173321844,0.5974721475912431
red_wing,2101,14.0,31.554623040558393,0.5824428703371765
red_wing,2102,13.0,27.529941892202398,0.6297806758160087
red_wing,2103,13.0,26.91272779540438,0.5688187878938358
red_wing,2104,19.0,24.144091049111367,0.6037757204812854
red_wing,2105,13.0,26.48318319276983,0.580427310438692
red_wing,2106,13.0,27.993744679381667,0.5937120637331155
red_wing,2107,15.0,32.711998090093026,0.5790023747399416
red_wing,2108,22.0,26.766465775569642,0.5915321500411653
red_wing,2109,13.0,30.223720272716214,0.640475144512648
red_wing,2110,21.0,27.086030511616375,0.6528903055932517
red_wing,2111,33.0,30.150483388485338,0.6009169003782118
red_wing,2112,12.0,29.991511449645582,0.6088103092667818
red_wing,2113,14.0,32.30509822574883,0.565835043270327
red_wing,2114,15.0,42.06377245111623,0.5992121694947607
red_wing,2115,21.0,31.733481429020596,0.5547681970361669
red_wing,2116,32.0,25.18134446798359,0.6096954442680247
red_wing,2117,31.0,29.76261930592833,0.5967743868117292
red_wing,2118,21.0,31.923988871868417,0.6009063417865398
red_wing,2119,13.0,27.5588173219185,0.6275047615541272
red_wing,2120,21.0,51.80982269868306,0.564702468784174
red_wing,2121,10.0,24.910671285146655,0.6282454609026995
red_wing,2122,13.0,24.330533740224826,0.5772821989929798
red_wing,2123,18.0,31.57619318735734,0.5859313960074775
red_wing,2124,24.0,30.493909819635842,0.5915265155512499
red_wing,2125,8.0,27.547503566383238,0.5989591337606321
red_wing,2126,13.0,52.76070870213847,0.5846157831434239
red_wing,2127,13.0,34.60733396597231,0.6001305498181122
red_wing,2128,21.0,26.318398972769486,0.5836217804133544
red_wing,2129,51.0,35.919926007348735,0.5456825189969482
red_wing,2130,29.0,28.157274872298384,0.6260465416579568
red_wing,2131,15.0,27.73791128959538,0.5967222871974791
red_wing,2132,15.0,34.63156059270031,0.5854207622976195
red_wing,2133,16.0,26.689133610546737,0.5684755376021837
red_wing,2134,22.0,28.776501636946254,0.5882821111537843
red_wing,2135,16.0,29.070177611723405,0.579920849818439
red_wing,2136,13.0,33.75782042583188,0.6078388410781974
red_wing,2137,29.0,35.939658344525796,0.607146706663188
red_wing,2138,19.0,29.19744786478647,0.6016671774959166
red_wing,2139,12.0,28.926935424104354,0.5844332426938332
red_wing,2140,14.0,28.75050565903174,0.5861211489769997
red_wing,2141,19.0,22.805874097195957,0.5873466601890065
red_wing,2142,25.0,38.080523638349064,0.5839524596189996
red_wing,2143,9.0,30.74506083601498,0.5959476883924235
red_wing,2144,14.0,29.817283141440583,0.6627868903850076
red_wing,2145,11.0,27.911497310583254,0.6420790151872046
red_wing,2146,34.0,27.437001477865348,0.6054779877167618
red_wing,2147,14.0,33.35446276923702,0.5887923548660955
red_wing,2148,33.0,36.6394900971458,0.6058583110758595
red_wing,2149,15.0,26.646444972760023,0.5653430815851885
red_wing,2150,16.0,29.521979413487514,0.5991150613805875
red_wing,2151,32.0,32.75395292339835,0.5646243755332816
red_wing,2152,16.0,33.6952457634657,0.6115815309757372
red_wing,2153,21.0,37.33876742829884,0.569894436977054
red_wing,2154,20.0,26.980635167947423,0.5984697136453435
red_wing,2155,29.0,32.01402212626077,0.5760327139435514
red_wing,2156,21.0,29.836966032518337,0.593522484232001
red_wing,2157,19.0,34.25928337848329,0.587375601463737
red_wing,2158,18.0,36.74172554383228,0.5915262326029657
red_wing,2159,32.0,32.07760105845436,0.667503113655384
red_wing,2160,15.0,25.80311915131959,0.5924565111728124
red_wing,2161,22.0,30.245259631213184,0.5650561175452432
red_wing,2162,15.0,30.398518958524644,0.57888960191343
red_wing,2163,7.0,26.445495930943853,0.5731067531234351
red_wing,2164,32.0,30.636005473722392,0.5913132558768873
red_wing,2165,15.0,26.0095409654684,0.6170604134295339
red_wing,2166,15.0,29.486619048335086,0.5266730727411526
red_wing,2167,13.0,33.665231353709494,0.6043663610169969
red_wing,2168,20.0,37.640730027791506,0.5726020406506904
red_wing,2169,15.0,40.643187219456145,0.5863913174515766
red_wing,2170,15.0,32.537625604066946,0.5831417950857969
red_wing,2171,8.0,29.840812766578832,0.6148924624641358
red_wing,2172,14.0,25.295972157454656,0.593406240483533
red_wing,2173,16.0,30.8686505065496,0.6248480199869295
red_wing,2174,13.0,33.91305443701183,0.6131579259470201
red_wing,2175,11.0,34.15770645345261,0.6099543836247103
red_wing,2176,21.0,28.456345397177312,0.5568666934173095
red_wing,2177,15.0,34.17882829818253,0.5774374034325702
red_wing,2178,16.0,29.367258061237923,0.6202551611999912
red_wing,2179,12.0,32.29975352224605,0.5853038229280484
red_wing,2180,29.0,36.58165059303086,0.6119569189780243
red_wing,2181,8.0,31.533305202728197,0.557271125208965
red_wing,2182,18.0,31.843752263833174,0.5702717821571178
red_wing,2183,16.0,27.33704115547185,0.5843395152245296
red_wing,2184,16.0,28.09913712260141,0.5901300886401215
red_wing,2185,16.0,35.46225140707075,0.5922185499248271
red_wing,2186,21.0,34.09078878388355,0.5696774559257984
red_wing,2187,16.0,24.49396012886254,0.6642207009424692
red_wing,2188,21.0,37.4295843515072,0.5629013919173258
red_wing,2189,7.0,29.562995825313713,0.612598464211151
red_wing,2190,15.0,36.14016230590853,0.5823949439327363
red_wing,2191,15.0,31.711777168859157,0.5528251235589554
red_wing,2192,22.0,27.71927730140022,0.6098071755265748
red_wing,2193,29.0,29.375665515380444,0.5108082668247615
red_wing,2194,19.0,27.93317262469978,0.617683597402507
red_wing,2195,10.0,24.84622223583585,0.6058163407121022
red_wing,2196,20.0,33.52533116644468,0.6099717102742358
red_wing,2197,14.0,31.764461890529823,0.5900819697390629
red_wing,2198,14.0,31.421343467531962,0.5983857400856812
red_wing,2199,36.0,34.71452437946678,0.6225214213062487
red_wing,2200,9.0,27.05058701866802,0.608354793584917
red_wing,2201,17.0,27.408253517926,0.5880358431801643
red_wing,2202,14.0,29.94499048359822,0.6004076561944527
red_wing,2203,10.0,25.048804047832654,0.6100441272136209
red_wing,2204,19.0,35.79966553694789,0.5553302277480938
red_wing,2205,15.0,34.91806420952354,0.5825747935811685
red_wing,2206,20.0,30.765102081969108,0.5961296158780911
red_wing,2207,20.0,28.379599511087513,0.6081596163346266
red_wing,2208,13.0,30.585015043825976,0.5439722109369198
red_wing,2209,13.0,26.033332025497575,0.5614426504916787
red_wing,2210,19.0,29.389211661269652,0.6111960058174204
red_wing,2211,17.0,25.35636939253505,0.6166412637030911
red_wing,2212,15.0,27.127661960016937,0.6557047230569564
red_wing,2213,35.0,32.21041607361647,0.5869263874515334
red_wing,2214,9.0,24.541043319315907,0.6321615756422481
red_wing,2215,23.0,28.860437537942317,0.5496976616470128
red_wing,2216,13.0,35.30063069803074,0.6237003098333908
red_wing,2217,29.0,25.18043966128829,0.6004505542948211
red_wing,2218,8.0,55.86182838850935,0.5513282678661091
red_wing,2219,13.0,29.594585523739852,0.5612520139916876
red_wing,2220,23.0,30.54951252706327,0.5547387970738819
red_wing,2221,15.0,31.890474643428615,0.6212262729979878
red_wing,2222,7.0,28.71165750798601,0.5757695228818492
red_wing,2223,21.0,35.56947660914788,0.5545281692032705
red_wing,2224,24.0,32.68610470586642,0.5986184074040619
red_wing,2225,8.0,29.384441258127843,0.5708838491757944
red_wing,2226,34.0,36.803737796603855,0.5726283260525216
red_wing,2227,34.0,31.50065549383507,0.5466546342009978
red_wing,2228,21.0,30.74485612055053,0.6265778668574024
red_wing,2229,14.0,27.9118883674077,0.5694338731565181
red_wing,2230,10.0,32.36165986144963,0.5836575829327293
red_wing,2231,13.0,27.11176356414637,0.5662541804920924
red_wing,2232,15.0,27.918072886203653,0.5878564946996829
red_wing,2233,8.0,34.36808730406698,0.6257248473141142
red_wing,2234,18.0,27.976271022683463,0.6044805688393833
red_wing,2235,33.0,34.56094615420733,0.5783192854438083
red_wing,2236,21.0,28.567675231325435,0.5962555005824817
red_wing,2237,19.0,30.091175445946686,0.5895174960971233
red_wing,2238,10.0,33.399095641539326,0.6234663875070292
red_wing,2239,15.0,28.116035586766177,0.6065059286853796
red_wing,2240,33.0,37.000738479686376,0.5640471693091624
red_wing,2241,15.0,37.25022612850448,0.5994052908453295
red_wing,2242,29.0,29.56612620518132,0.5950134519008463
red_wing,2243,18.0,31.993216606335082,0.6063352501932837
red_wing,2244,15.0,33.51474255285383,0.5818796676133937
red_wing,2245,15.0,31.666617727230154,0.622800546748955
red_wing,2246,18.0,37.081382301369246,0.5759971423387078
red_wing,2247,15.0,20.722646784059553,0.6378900769585707
red_wing,2248,24.0,32.02925471252954,0.6300139489833179
red_wing,2249,16.0,35.36477225797576,0.6129294838253299
red_wing,2250,14.0,28.193700226045447,0.5821555598764351
red_wing,2251,14.0,30.18427225491881,0.5645451461603326
red_wing,2252,11.0,30.71282134559163,0.549491611876197
red_wing,2253,16.0,27.513103884048032,0.5582115002411097
red_wing,2254,35.0,31.202494001571047,0.599095093695506
red_wing,2255,18.0,30.37781810338574,0.5817871303464052
red_wing,2256,8.0,33.88526999177692,0.5321962110823875
red_wing,2257,11.0,30.001162268698064,0.5949372152916423
red_wing,2258,32.0,36.23637000048864,0.6001566514515104
red_wing,2259,15.0,31.05770355108325,0.6224128524223936
red_wing,2260,14.0,27.47397529260492,0.6032772324844082
red_wing,2261,34.0,31.250154358752592,0.561983175876145
red_wing,2262,18.0,26.760729659179844,0.597894665672331
red_wing,2263,16.0,27.035796003231887,0.616960982725099
red_wing,2264,13.0,37.260416089747615,0.624788209972135
red_wing,2265,18.0,27.990457894096537,0.5973513213122223
red_wing,2266,36.0,33.90115680381449,0.6189723373333833
red_wing,2267,13.0,30.36935337588196,0.596871793532255
red_wing,2268,21.0,26.758160871385087,0.6062366329817637
red_wing,2269,19.0,28.03958161109597,0.575859331684573
red_wing,2270,12.0,32.257561595094536,0.5936761134360937
red_wing,2271,14.0,31.968315414236805,0.568789325553706
red_wing,2272,16.0,24.085879979147535,0.6351683984176988
red_wing,2273,10.0,19.66912880559391,0.6275052172801587
red_wing,2274,17.0,31.193623707531973,0.5750985608822913
red_wing,2275,30.0,29.745111714993296,0.6215865926917179
red_wing,2276,13.0,33.13867063713216,0.623657379230055
red_wing,2277,18.0,33.59163954398302,0.5788154731751588
red_wing,2278,15.0,34.68118089439393,0.6009529078158946
red_wing,2279,22.0,31.10401757671628,0.6117413172032147
red_wing,2280,8.0,25.589500817523206,0.6080432801999351
red_wing,2281,19.0,29.381701617991123,0.6096725605091508
red_wing,2282,16.0,26.495539329806615,0.5793186194434377
red_wing,2283,15.0,44.8890528001772,0.6494244695595571
red_wing,2284,16.0,28.2549577560614,0.5692571284697607
red_wing,2285,14.0,37.86494465947363,0.5712852194926958
red_wing,2286,20.0,30.137118863371754,0.6177267297254796
red_wing,2287,19.0,31.256430402487712,0.6290414029890263
red_wing,2288,22.0,26.548452092585585,0.6137884621400905
red_wing,2289,19.0,31.144458345731298,0.5916215150297399
red_wing,2290,15.0,36.939484276875625,0.5833752917161217
red_wing,2291,23.0,31.48819641117134,0.5377183233940306
red_wing,2292,8.0,27.908622945205817,0.5997042838304619
red_wing,2293,15.0,26.6253386804976,0.6276224350840061
red_wing,2294,18.0,37.76210712823016,0.5733330677584123
red_wing,2295,34.0,32.72941623785163,0.5928703424037937
red_wing,2296,32.0,35.57155499821057,0.5818520091725873
red_wing,2297,14.0,23.64211713996065,0.608650552315526
red_wing,2298,14.0,33.88337509050616,0.5652509466272164
red_wing,2299,13.0,26.296340288315818,0.5483602740695808
red_wing,2300,9.0,28.795363749949757,0.5744892025157747
red_wing,2301,14.0,30.924805356112795,0.5846435499670901
red_wing,2302,16.0,27.543089175120425,0.5665761588003511
red_wing,2303,21.0,29.508704569759765,0.5679039495188052
red_wing,2304,13.0,25.47416391986911,0.6035402827062092
red_wing,2305,10.0,29.393270780452475,0.5972613940333771
red_wing,2306,15.0,30.96787607497935,0.625624762265244
red_wing,2307,39.0,36.065612745548,0.5483707979284452
red_wing,2308,31.0,32.85467039681547,0.5564074367702352
red_wing,2309,18.0,29.996858532525117,0.5886698845638512
red_wing,2310,16.0,26.35779279796387,0.6243887559138486
red_wing,2311,13.0,32.69381916691322,0.586166313319897
red_wing,2312,16.0,25.96150942926696,0.6010165369444294
red_wing,2313,23.0,30.013675437267832,0.6316092818706516
red_wing,2314,33.0,31.709711142934378,0.6098094953722084
red_wing,2315,20.0,29.74483010919755,0.5816131296242469
red_wing,2316,9.0,32.480540859517156,0.5689075719136836
red_wing,2317,15.0,25.602581971441822,0.5793839874812488
red_wing,2318,11.0,29.50063421789904,0.5944177924109052
red_wing,2319,56.0,36.56389176052207,0.5587614190474597
red_wing,2320,32.0,29.748603832802903,0.6253920564241404
red_wing,2321,17.0,25.641102789055424,0.5758662104738337
red_wing,2322,29.0,30.665631144236826,0.5875153788181852
red_wing,2323,15.0,29.943234857250545,0.5796492509480167
red_wing,2324,9.0,29.52654518693246,0.5731780300543162
red_wing,2325,18.0,33.840371590324274,0.5990076766481321
red_wing,2326,16.0,28.699303142099147,0.6576806405401858
red_wing,2327,21.0,23.77171568889971,0.6084658843441307
red_wing,2328,8.0,27.871872187263445,0.6252457496207853
red_wing,2329,17.0,36.3905298298619,0.603540349295207
red_wing,2330,16.0,26.034926621549186,0.609165753779522
red_wing,2331,18.0,31.961953038253053,0.6021265840539306
red_wing,2332,24.0,31.64046911129073,0.6158577948774113
red_wing,2333,21.0,29.41423652418072,0.6122090751139062
red_wing,2334,21.0,37.72946434957405,0.5530120511003496
red_wing,2335,32.0,29.901566481187636,0.5908730973648971
red_wing,2336,15.0,29.036365478368115,0.5808796510378128
red_wing,2337,15.0,26.92650295767209,0.5741339660673397
red_wing,2338,8.0,36.95189599600392,0.6073187566495621
red_wing,2339,35.0,35.41022517630911,0.5665949063902885
red_wing,2340,24.0,30.906933589045693,0.6073987130170597
red_wing,2341,35.0,32.9202854811092,0.5905241665162817
red_wing,2342,10.0,25.741551457906482,0.6292695407974154
red_wing,2343,11.0,33.34652833736777,0.5853790698477959
red_wing,2344,9.0,28.663010476348642,0.6129291925646423
red_wing,2345,15.0,27.534296616732835,0.6375074918875148
red_wing,2346,12.0,29.770504525600845,0.621767571585862
red_wing,2347,9.0,36.71815358134771,0.6164169737210587
red_wing,2348,34.0,29.847047714245384,0.6138094959296483
red_wing,2349,11.0,28.005470014432255,0.616306202985195
red_wing,2350,8.0,26.783453329689024,0.6388810492417889
red_wing,2351,20.0,26.19651478407983,0.6253186056103338
red_wing,2352,28.0,32.34103822190342,0.6191774336697788
red_wing,2353,10.0,25.871653884994227,0.6136024862949976
red_wing,2354,12.0,32.611647284126136,0.5815464099927409
red_wing,2355,16.0,28.89567442469922,0.592613862935281
red_wing,2356,24.0,53.90899642882751,0.5914407872542524
red_wing,2357,15.0,28.696410033422303,0.5770309381453441
red_wing,2358,11.0,23.501305502017427,0.6077649926061239
red_wing,2359,19.0,28.376332566856828,0.6084287971777288
red_wing,2360,14.0,23.26314925758448,0.5726212102392965
red_wing,2361,15.0,26.223085674562324,0.6133295423959867
red_wing,2362,31.0,35.50299504804661,0.5769472799661828
red_wing,2363,12.0,29.544021281939614,0.5439177722588877
red_wing,2364,31.0,29.304149547536344,0.539088939710712
red_wing,2365,19.0,33.82525720654454,0.550976441166205
red_wing,2366,22.0,30.838833793305714,0.62476196509987
red_wing,2367,20.0,25.577490377579323,0.6090112733309547
red_wing,2368,8.0,29.14671921012751,0.6196453136222084
red_wing,2369,8.0,29.306029493626806,0.6078824112657202
red_wing,2370,12.0,26.323048178619313,0.6069723769074786
red_wing,2371,11.0,30.224353155008163,0.5841374003581667
red_wing,2372,14.0,26.92388033286418,0.5844960296632966
red_wing,2373,18.0,30.045853229845672,0.6055777137561211
red_wing,2374,7.0,26.55953784216225,0.6243683774340811
red_wing,2375,36.0,27.068278567638657,0.5632857308276311
red_wing,2376,19.0,25.50951775903977,0.5590679528135285
red_wing,2377,17.0,25.48440119352358,0.6179453069522158
red_wing,2378,13.0,25.506945841426226,0.6114930976704112
red_wing,2379,21.0,33.69450721437717,0.5861792974863762
red_wing,2380,14.0,53.38438605107396,0.5662714507463471
red_wing,2381,14.0,34.215847265008485,0.6404820162441375
red_wing,2382,18.0,26.033068630882553,0.6480797941135721
red_wing,2383,34.0,35.184795529396624,0.5872972216896952
red_wing,2384,13.0,36.366814468552185,0.5704741138994017
red_wing,2385,29.0,33.367735086993946,0.5861740330589582
red_wing,2386,9.0,22.160014552863185,0.6268619695356827
red_wing,2387,14.0,32.893456258891575,0.5811361484166346
red_wing,2388,18.0,26.729946375859846,0.632984395832352
red_wing,2389,21.0,29.221746958532655,0.6025458694533494
red_wing,2390,35.0,38.50999879124146,0.5915721305768014
red_wing,2391,14.0,37.188106679804804,0.5570880339653039
red_wing,2392,15.0,31.00557266500644,0.5728202529326576
red_wing,2393,19.0,30.500675474676733,0.542998407743324
red_wing,2394,24.0,56.517795354799944,0.5580255991920542
red_wing,2395,10.0,27.7362275567341,0.6025438786349026
red_wing,2396,18.0,38.81208905025219,0.5873367858347593
red_wing,2397,16.0,37.028722810165384,0.5715091801503707
red_wing,2398,15.0,31.71944111826357,0.6289592243097639
red_wing,2399,38.0,35.74183327410486,0.5992037477847735
red_wing,2400,10.0,26.471094766118988,0.6219112258192838
red_wing,2401,9.0,25.350749824623332,0.5960623671649812
red_wing,2402,14.0,27.82411070224962,0.6014400446684867
red_wing,2403,28.0,29.530061692934506,0.6040226310763456
red_wing,2404,35.0,33.93616181150641,0.5899944939443059
red_wing,2405,31.0,31.24317611966774,0.526543090296123
red_wing,2406,31.0,28.5682467707547,0.6210868936096929
red_wing,2407,9.0,30.82552490197917,0.6075684508361776
red_wing,2408,24.0,30.33071874688917,0.616881298468337
red_wing,2409,15.0,23.534507521825976,0.6704686178945306
red_wing,2410,21.0,40.193573574160276,0.56948327644146
red_wing,2411,29.0,26.400958349967517,0.5537297388461233
red_wing,2412,15.0,20.224636702560126,0.6325873859832642
red_wing,2413,31.0,29.802060764659927,0.5975363240310712
red_wing,2414,18.0,28.19709697324619,0.6079431879264099
red_wing,2415,15.0,28.414123657604456,0.6406021992992884
red_wing,2416,18.0,30.921546390924362,0.59259722022666
red_wing,2417,18.0,32.22260433891265,0.59346038664009
red_wing,2418,25.0,30.11372720214368,0.5967468596194034
red_wing,2419,32.0,28.13018070412559,0.5991996264722224
red_wing,2420,13.0,24.989108568862868,0.6214454244486821
red_wing,2421,13.0,22.639621222429252,0.5602118528102356
red_wing,2422,19.0,31.634530411546653,0.6153333655631115
red_wing,2423,16.0,29.60840961840508,0.5784803196533599
red_wing,2424,32.0,37.17287752508542,0.6150834429656766
red_wing,2425,24.0,31.93507208572332,0.6181630314471096
red_wing,2426,14.0,30.952743172005302,0.6295299999321774
red_wing,2427,18.0,29.053635950360043,0.5665914092018338
red_wing,2428,30.0,51.26843210079849,0.5773272404591915
red_wing,2429,14.0,32.40681932882809,0.6624967341741668
red_wing,2430,18.0,26.112279904891015,0.6090959342002289
red_wing,2431,16.0,28.616814471421403,0.6205444890143776
red_wing,2432,13.0,25.404969181736853,0.5975293365398903
red_wing,2433,16.0,32.03567746782507,0.626750627837047
red_wing,2434,51.0,34.80557092907547,0.5607836719333635
red_wing,2435,32.0,31.12435396537542,0.5836449875355573
red_wing,2436,22.0,28.270196782972295,0.5617224766795748
red_wing,2437,15.0,30.963914458128745,0.5937367318757454
red_wing,2438,22.0,36.78456237589292,0.5770910995014384
red_wing,2439,10.0,32.1961458005321,0.5870379246216164
red_wing,2440,22.0,33.72850065173419,0.6033522123925159
red_wing,2441,19.0,34.32540798968433,0.59002698741243
red_wing,2442,14.0,37.41810728611217,0.5688789759982972
red_wing,2443,14.0,28.52514494410075,0.6268209749732949
red_wing,2444,8.0,30.42340501615494,0.5971684433341331
red_wing,2445,18.0,29.922829358086812,0.6249188524132142
red_wing,2446,22.0,26.752614254025964,0.6256810153678918
red_wing,2447,18.0,30.894867098644884,0.5843817532104187
red_wing,2448,15.0,29.022641005399127,0.6181043483264672
red_wing,2449,15.0,28.18965840635179,0.6027689026197176
red_wing,2450,15.0,24.62704411706836,0.586230005713214
red_wing,2451,12.0,30.09129435784239,0.565564129090663
red_wing,2452,11.0,27.578561596096815,0.5931232879561648
red_wing,2453,13.0,31.126949618815676,0.6421752277539095
red_wing,2454,31.0,29.63127245485826,0.5337639365377578
red_wing,2455,21.0,33.933657317342444,0.6306280203607408
red_wing,2456,35.0,30.970937457841906,0.5673650886407764
red_wing,2457,13.0,24.397705329788423,0.6499234636051264
red_wing,2458,29.0,31.644687556691284,0.5775480865993365
red_wing,2459,12.0,27.04251111081224,0.6412308838439603
red_wing,2460,15.0,28.37556612834107,0.5871350182432908
red_wing,2461,19.0,32.48215584620275,0.5838091200365829
red_wing,2462,32.0,24.664050647622965,0.6162090752015168
red_wing,2463,16.0,32.84471291944307,0.571903345987889
red_wing,2464,14.0,24.738537415091013,0.6096384116861533
red_wing,2465,13.0,25.190386759487613,0.5934273118397033
red_wing,2466,21.0,25.341958617586318,0.5848838176764473
red_wing,2467,20.0,31.66027289682711,0.5914908593129968
red_wing,2468,16.0,31.159995222818576,0.5866779483579856
red_wing,2469,15.0,30.19602628256706,0.6486150873725012
red_wing,2470,9.0,39.10219806427755,0.5219684476872822
red_wing,2471,19.0,23.785062918315063,0.6356232397972413
red_wing,2472,14.0,37.498048758196816,0.580146428775967
red_wing,2473,19.0,27.336922169008115,0.5821718333592976
red_wing,2474,15.0,31.139904074603702,0.5700003133222578
red_wing,2475,15.0,30.056603537331522,0.5706114008872056
red_wing,2476,30.0,32.713593037642035,0.5807935095270444
red_wing,2477,23.0,29.01132539640893,0.6057784838985334
red_wing,2478,27.0,28.134711897419848,0.6197294568840672
red_wing,2479,9.0,29.065596480173937,0.6062965229127161
red_wing,2480,14.0,29.155477918453133,0.5671727102726603
red_wing,2481,15.0,26.68672741531888,0.5994410584904606
red_wing,2482,20.0,28.35654664004437,0.5959330511085967
red_wing,2483,14.0,37.109546494954195,0.5551725669607723
red_wing,2484,21.0,27.15128970705073,0.5554191340671272
red_wing,2485,12.0,21.868483360269845,0.555521415934801
red_wing,2486,25.0,28.214138262088095,0.6027858778100071
red_wing,2487,14.0,25.688877667859614,0.6101791514921427
red_wing,2488,8.0,29.784287773055077,0.5815342858924837
red_wing,2489,31.0,32.321121856884226,0.6141462404543743
red_wing,2490,18.0,34.170409045585615,0.6251294946380912
red_wing,2491,19.0,30.52700593536038,0.5982844369136702
red_wing,2492,23.0,28.981560403676486,0.6063341204756949
red_wing,2493,15.0,27.00981967986389,0.6071369652078076
red_wing,2494,23.0,31.002494121990694,0.5522855460493257
red_wing,2495,18.0,34.08513574840858,0.58136243833035
red_wing,2496,39.0,28.421192207761095,0.6248490393893169
red_wing,2497,31.0,29.340358886094922,0.623641278987054
red_wing,2498,33.0,29.622431626435727,0.5915465133933675
red_wing,2499,36.0,37.89710987652811,0.5632559094595082
red_wing,2500,13.0,30.973953693563505,0.5961069069045751
red_wing,2501,18.0,27.83677516728708,0.5939433411920403
red_wing,2502,11.0,28.247000190276882,0.5780499043425027
red_wing,2503,29.0,35.16182713444121,0.6081820792137653
red_wing,2504,15.0,24.530791346430593,0.6397442178812723
red_wing,2505,8.0,27.854559360154138,0.5894311935618097
red_wing,2506,19.0,29.257255079070525,0.5721350301065585
red_wing,2507,29.0,38.89293178788899,0.5661737287348646
red_wing,2508,33.0,34.07469378801038,0.5581059194401895
red_wing,2509,15.0,23.775632902035902,0.6415051886412393
red_wing,2510,21.0,29.642923810297454,0.5783427249767749
red_wing,2511,13.0,29.490726098420343,0.5343779186184598
red_wing,2512,13.0,28.73395725516446,0.59471357232434
red_wing,2513,29.0,32.59614711779485,0.6215719915050136
red_wing,2514,34.0,30.805230510915454,0.5911003930159502
red_wing,2515,13.0,30.886719194772844,0.6379866630044241
red_wing,2516,15.0,23.35407825238422,0.5733891933846578
red_wing,2517,12.0,23.533848918535345,0.6072413102149226
red_wing,2518,8.0,27.601762790225173,0.6008690479488821
red_wing,2519,18.0,38.70656494453041,0.5785099038750301
red_wing,2520,22.0,28.981736566162652,0.6014587506793778
red_wing,2521,16.0,26.066633493318015,0.6184007178953954
red_wing,2522,21.0,32.9546802759535,0.60285635024119
red_wing,2523,15.0,21.23332219844932,0.6208874398330387
red_wing,2524,24.0,34.69161438922451,0.6306819786960964
red_wing,2525,16.0,29.538389449808374,0.6289553994591833
red_wing,2526,18.0,28.522778541436004,0.588862128226689
red_wing,2527,21.0,29.196977670213485,0.58935962823757
red_wing,2528,23.0,34.002259047464285,0.594675244123525
red_wing,2529,35.0,29.255204285828757,0.579877981222005
red_wing,2530,28.0,30.15512217343936,0.5895800548170351
red_wing,2531,14.0,26.48516226485228,0.5975084661554677
red_wing,2532,21.0,30.30511300300464,0.5788052928648425
red_wing,2533,15.0,28.22311291610883,0.5738213225963864
red_wing,2534,10.0,23.977869659570853,0.6267858383772551
red_wing,2535,24.0,28.727293480839062,0.6147941336712546
red_wing,2536,14.0,33.839158625917264,0.5735084820267138
red_wing,2537,25.0,29.343412128288254,0.5939533872790901
red_wing,2538,16.0,34.77594033725482,0.601666799238214
red_wing,2539,23.0,28.72701735240161,0.6435326205443183
red_wing,2540,20.0,30.25732307144729,0.6088235287079222
red_wing,2541,38.0,35.902422745129044,0.5952494335882419
red_wing,2542,11.0,32.06164506022423,0.6298430719079239
red_wing,2543,15.0,28.892530568985066,0.5751669867164895
red_wing,2544,34.0,29.485929764855598,0.6067160793342342
red_wing,2545,13.0,25.049324671211277,0.6029454741340607
red_wing,2546,39.0,37.58990474073387,0.5761324800358902
red_wing,2547,13.0,28.45301167044565,0.6587002487015896
red_wing,2548,18.0,29.130319256566697,0.6096021779257137
red_wing,2549,22.0,31.326176618037227,0.6074976274140094
red_wing,2550,8.0,29.06371934051092,0.5567332066008244
red_wing,2551,35.0,32.78746478766441,0.5766453347763755
red_wing,2552,14.0,32.13533297159875,0.55671806560154
red_wing,2553,29.0,29.579044584358197,0.6221806659338804
red_wing,2554,15.0,32.35760583635316,0.6026678621565149
red_wing,2555,14.0,25.989163846102798,0.5928862518781
red_wing,2556,16.0,25.700858563673574,0.5711538229135679
red_wing,2557,23.0,33.774054313144404,0.6025325656005327
red_wing,2558,9.0,35.22446695181985,0.5797190656338895
red_wing,2559,18.0,36.08045401986319,0.5904932019890978
red_wing,2560,32.0,28.14576559418228,0.5720121150556201
red_wing,2561,19.0,30.18372876873626,0.5882456059017058
red_wing,2562,19.0,27.327273866883445,0.6205005728028292
red_wing,2563,10.0,26.417322152639795,0.5935701238641291
red_wing,2564,15.0,38.818097393308115,0.5388199584298866
red_wing,2565,12.0,26.390797274088293,0.6009481802745593
red_wing,2566,13.0,33.78494554463181,0.5183735912165963
red_wing,2567,11.0,30.483974287686284,0.5952698767826112
red_wing,2568,11.0,23.960545233745492,0.6172774028209109
red_wing,2569,19.0,29.70335195733548,0.5574687890273362
red_wing,2570,16.0,32.20913322463241,0.6043266915450642
red_wing,2571,15.0,31.471536741223193,0.6020441379983511
red_wing,2572,28.0,35.061017547821166,0.5489328266882865
red_wing,2573,9.0,36.45631209548534,0.5695007059943616
red_wing,2574,28.0,36.212998323699274,0.6263437016678362
red_wing,2575,8.0,30.7782599738555,0.5999163646602749
red_wing,2576,10.0,28.477453865369444,0.5758329112327385
red_wing,2577,21.0,27.076462725899045,0.5892918043432549
red_wing,2578,13.0,32.99236630922922,0.5955903132104745
red_wing,2579,25.0,32.73111513397468,0.5875798259010745
red_wing,2580,12.0,24.909046573018887,0.6107015325285771
red_wing,2581,15.0,25.413756046387807,0.6155748231252495
red_wing,2582,14.0,30.591637411834007,0.6098359098474142
red_wing,2583,20.0,28.91673601643384,0.6488866119145585
red_wing,2584,13.0,29.79695746263217,0.6000871306095203
red_wing,2585,18.0,31.256388225923715,0.609377876299628
red_wing,2586,32.0,35.396986628035606,0.5897239032707278
red_wing,2587,21.0,28.955261384038486,0.5774550722585623
red_wing,2588,21.0,30.760820821253443,0.6070748662019265
red_wing,2589,14.0,21.347083544060823,0.6208408969309107
red_wing,2590,29.0,32.108861381327785,0.5904683481545007
red_wing,2591,32.0,36.5617322519823,0.5626730770823136
red_wing,2592,15.0,29.075507050545518,0.5953587984320899
red_wing,2593,19.0,31.507320296811397,0.606738293628608
red_wing,2594,17.0,28.809618287212594,0.6224373985732181
red_wing,2595,30.0,33.91899058978912,0.6177172051876205
red_wing,2596,13.0,33.4240662061837,0.5944507094167691
red_wing,2597,16.0,36.36669766908719,0.5745530555161644
red_wing,2598,24.0,30.059777830170027,0.6259066863913121
red_wing,2599,21.0,28.627507909884965,0.582256284644824
red_wing,2600,17.0,33.10862324531489,0.6178471975051723
red_wing,2601,15.0,32.4235242312523,0.599334201599159
red_wing,2602,21.0,30.302371415702908,0.6283567753444335
red_wing,2603,14.0,26.693782863694217,0.5716024753489972
red_wing,2604,15.0,23.103655197279245,0.5938224903958801
red_wing,2605,16.0,34.181017140990306,0.5993422776546715
red_wing,2606,42.0,37.24820481949188,0.5714508522240258
red_wing,2607,34.0,33.83273870690045,0.5679027902235969
red_wing,2608,18.0,34.91145640910142,0.5662698841123084
red_wing,2609,29.0,34.78246751914128,0.5930040201145644
red_wing,2610,24.0,39.31297785984484,0.5902367312089546
red_wing,2611,29.0,33.74984924067951,0.5942562892604668
red_wing,2612,23.0,29.45886550764724,0.5411598585721897
red_wing,2613,15.0,29.9375904980512,0.5110666225419696
red_wing,2614,18.0,27.401128160529684,0.5790847324308128
red_wing,2615,15.0,38.52957338362278,0.5828959933926436
red_wing,2616,15.0,30.4998147343436,0.6036453054106055
red_wing,2617,21.0,32.081443630718034,0.58948265808477
red_wing,2618,21.0,29.430520720103548,0.5840461970052198
red_wing,2619,8.0,25.116317294731235,0.5881858499626298
red_wing,2620,18.0,30.161952688957705,0.5754606647795877
red_wing,2621,15.0,28.516348261079084,0.5782634018338286
red_wing,2622,32.0,31.217413562630963,0.5752495203964214
red_wing,2623,14.0,36.10433378412072,0.613473664974683
red_wing,2624,15.0,35.94248518213041,0.5900521614824744
red_wing,2625,15.0,29.83167037576159,0.5792830327766112
red_wing,2626,15.0,31.316612035550158,0.6124989735644342
red_wing,2627,19.0,33.36297187915489,0.5713805910416928
red_wing,2628,22.0,28.730070219568503,0.5933824447108795
red_wing,2629,16.0,29.17046116765801,0.6038765290847607
red_wing,2630,11.0,35.90039102666483,0.6011913982083937
red_wing,2631,18.0,31.908174987953092,0.6207517546699914
red_wing,2632,15.0,26.336377659716142,0.6164018433157579
red_wing,2633,11.0,30.112157296788624,0.5852857450206361
red_wing,2634,18.0,34.993400259421286,0.6214364062483049
red_wing,2635,15.0,28.84665135826022,0.5878840112806462
red_wing,2636,21.0,31.063090252219865,0.5433602229868195
red_wing,2637,7.0,30.332281657630382,0.5782667013213969
red_wing,2638,15.0,31.53917848572244,0.6088920145568486
red_wing,2639,13.0,30.10417816176242,0.5996337222633521
red_wing,2640,18.0,18.535511499692685,0.6421802225724373
red_wing,2641,19.0,29.712470872860653,0.6349562012666533
red_wing,2642,18.0,29.810637953178848,0.5995285871165064
red_wing,2643,29.0,33.375438256518635,0.6215608552272595
red_wing,2644,22.0,32.02015423205557,0.5996229435994478
red_wing,2645,19.0,29.92884063708745,0.5607672660469706
red_wing,2646,12.0,27.62753878929244,0.6304351702572528
red_wing,2647,8.0,29.35057286928355,0.5901853535584909
red_wing,2648,15.0,26.6424933608652,0.5643906027015274
red_wing,2649,13.0,34.74949506399277,0.6262319946743933
red_wing,2650,14.0,31.799696354655417,0.596410078290819
red_wing,2651,9.0,26.150920162472605,0.5780909227256541
red_wing,2652,11.0,27.871803219222134,0.585140117406521
red_wing,2653,8.0,31.764179556032882,0.6115278749442443
red_wing,2654,19.0,25.460515313735385,0.63375430685664
red_wing,2655,19.0,26.591390809956483,0.6023758585487902
red_wing,2656,19.0,28.6759052726469,0.5940840477373925
red_wing,2657,21.0,36.80378574205456,0.5862340883858848
red_wing,2658,11.0,37.269410579227795,0.598932099098685
red_wing,2659,15.0,23.675098178274517,0.6122831709456114
red_wing,2660,13.0,31.292499631421634,0.5482062833559791
red_wing,2661,9.0,27.054428224926358,0.5524224513896274
red_wing,2662,10.0,29.425655546721025,0.6311483129998086
red_wing,2663,14.0,29.38809512131122,0.616367350556269
red_wing,2664,14.0,27.702585875835595,0.6472022596095635
red_wing,2665,20.0,26.44578804825189,0.6905733062478732
red_wing,2666,18.0,24.22832756124364,0.6181566569522132
red_wing,2667,19.0,32.605580518776975,0.5564143176115608
red_wing,2668,32.0,32.00834857013964,0.5650720631150905
red_wing,2669,23.0,31.04500747707855,0.5743187946890895
red_wing,2670,8.0,30.785496491427995,0.5892863498792351
red_wing,2671,19.0,36.05776581254675,0.591965131852203
red_wing,2672,19.0,33.111279881455395,0.567071337338433
red_wing,2673,19.0,24.90731781699372,0.5860309496658987
red_wing,2674,15.0,33.22082874877703,0.577503089039554
red_wing,2675,18.0,29.233597534079852,0.6352913060114511
red_wing,2676,9.0,30.492002200177765,0.6131056202194092
red_wing,2677,18.0,34.964757169097616,0.554414206611129
red_wing,2678,21.0,38.36502590860204,0.551837526638192
red_wing,2679,34.0,34.38322069932818,0.5711920505101861
red_wing,2680,27.0,32.43948910571367,0.5682878142257353
red_wing,2681,16.0,34.66510835349414,0.5837162067856235
red_wing,2682,15.0,31.01452629130299,0.5579520103912513
red_wing,2683,15.0,30.93615494098238,0.5941145715008392
red_wing,2684,17.0,28.78422209223163,0.5942500489229434
red_wing,2685,14.0,38.01918332448056,0.6002421221108752
red_wing,2686,16.0,29.856345150925744,0.617169383283598
red_wing,2687,16.0,24.40809089998538,0.6175982846308312
red_wing,2688,14.0,27.30569156644795,0.6296559282759631
red_wing,2689,11.0,31.403954852521657,0.5616329169511678
red_wing,2690,13.0,26.077292240224345,0.6364214955509513
red_wing,2691,31.0,33.451336959598294,0.5977575549874621
red_wing,2692,13.0,32.17361282930921,0.6269893163712682
red_wing,2693,20.0,32.51797243411359,0.584601205912376
red_wing,2694,16.0,29.17025453532728,0.6107032858971864
red_wing,2695,23.0,32.036332902716936,0.6017757110811348
red_wing,2696,18.0,36.36473877679857,0.5705629241745629
red_wing,2697,10.0,30.399026265814822,0.598109364941724
red_wing,2698,18.0,32.7306246738871,0.6168402495139163
red_wing,2699,14.0,26.865929293545772,0.6211632176730368
red_wing,2700,12.0,24.909048727247303,0.6150961797967062
red_wing,2701,29.0,26.853605081270032,0.6161443620343252
red_wing,2702,29.0,36.03175795066994,0.642727653796022
red_wing,2703,15.0,30.700289278797268,0.614029073848887
red_wing,2704,25.0,30.64007884447376,0.5689990255112161
red_wing,2705,11.0,30.628842579333746,0.6526981790076889
red_wing,2706,14.0,33.492387512052225,0.6062986377164954
red_wing,2707,11.0,27.195541197082598,0.5971474431520788
red_wing,2708,11.0,32.062524506472414,0.5837580007478567
red_wing,2709,37.0,31.25108520032993,0.573630046103172
red_wing,2710,22.0,30.420515082302238,0.6203306670444789
red_wing,2711,15.0,37.86891560129056,0.5997582737439424
red_wing,2712,16.0,29.962351440958322,0.6219625726147127
red_wing,2713,15.0,30.214250889155785,0.618283420563913
red_wing,2714,13.0,30.388145378238924,0.56792314853893
red_wing,2715,24.0,24.14517405179457,0.5768424543811803
red_wing,2716,24.0,30.72425677287948,0.591679476672939
red_wing,2717,18.0,28.846920803267736,0.5467499514019603
red_wing,2718,9.0,27.381088688383795,0.5878488401832602
red_wing,2719,15.0,28.498482592660483,0.629155302433702
red_wing,2720,16.0,29.83600353500595,0.6347116415999715
red_wing,2721,22.0,31.889209712271686,0.579968382980207
red_wing,2722,21.0,28.41334930066277,0.5895298382070508
red_wing,2723,21.0,32.42045340571757,0.564274531284608
red_wing,2724,19.0,31.509026422247498,0.5356872198919598
red_wing,2725,19.0,20.79656320904815,0.5752445832753996
red_wing,2726,21.0,28.056018797800647,0.5976326562871936
red_wing,2727,17.0,28.82509826050245,0.6179785777946114
red_wing,2728,21.0,27.814863700248825,0.6216424248966255
red_wing,2729,21.0,21.784151667179728,0.6351093630681883
red_wing,2730,15.0,33.813001580948395,0.5707279057243502
red_wing,2731,13.0,30.743927588814653,0.5967914655585687
red_wing,2732,19.0,29.51535742788642,0.6101549898336381
red_wing,2733,13.0,28.360104584905407,0.6297724892876118
red_wing,2734,21.0,27.568693270738322,0.5950044522497898
red_wing,2735,13.0,37.080260565114834,0.6204437437709442
red_wing,2736,25.0,30.702628069299546,0.5919670672823268
red_wing,2737,18.0,36.45374685422727,0.611736164743466
red_wing,2738,21.0,32.16841671022615,0.5276353423479774
red_wing,2739,8.0,25.44955256271642,0.5547158684158602
red_wing,2740,9.0,29.04969682052286,0.5624557889716073
red_wing,2741,21.0,36.611644225015766,0.5632261181464191
red_wing,2742,14.0,29.921419314710434,0.6259001543919209
red_wing,2743,14.0,37.432380555713614,0.5791107006370773
red_wing,2744,21.0,35.77291754042758,0.5952781892544601
red_wing,2745,34.0,32.335762993805375,0.6317369430330773
red_wing,2746,21.0,29.453375135358744,0.5678905836721267
red_wing,2747,38.0,34.30771031378979,0.6038270283022471
red_wing,2748,14.0,25.997925644682667,0.6037834247052317
red_wing,2749,14.0,31.452425577452,0.6037503013588366
red_wing,2750,15.0,25.03898538287356,0.5880619265858598
red_wing,2751,16.0,27.97360177230276,0.666375896379645
red_wing,2752,10.0,33.61558320130688,0.5812350742184315
red_wing,2753,15.0,38.582970146511,0.620343003667607
red_wing,2754,16.0,24.357887064576346,0.5874563236551724
red_wing,2755,15.0,27.043699547841616,0.5887348308798256
red_wing,2756,28.0,33.173745993898,0.619243626186605
red_wing,2757,15.0,27.439917089960094,0.6283255510821129
red_wing,2758,21.0,28.85303022135332,0.6087289907960425
red_wing,2759,10.0,26.637259217811714,0.6135810962751573
red_wing,2760,21.0,33.29939932812114,0.5985388023594409
red_wing,2761,32.0,35.40504004936977,0.5576677417379807
red_wing,2762,14.0,25.32753601051932,0.645472268053167
red_wing,2763,8.0,27.562903117779385,0.6068098634048628
red_wing,2764,34.0,31.673513630083026,0.5983048161097356
red_wing,2765,8.0,22.117061128144805,0.5834579142177709
red_wing,2766,19.0,29.05219580215598,0.5931765482396079
red_wing,2767,21.0,26.53279117405028,0.6035604567747938
red_wing,2768,22.0,26.36608049450476,0.6214331240355881
red_wing,2769,13.0,25.612211011592454,0.6049564209398992
red_wing,2770,14.0,30.820044966474757,0.62741596466966
red_wing,2771,9.0,30.53792571934001,0.5671340306772072
red_wing,2772,13.0,32.565383417600046,0.60251839285418
red_wing,2773,19.0,24.251598714307466,0.5905831019066687
red_wing,2774,18.0,29.6055592527787,0.5834822089170546
red_wing,2775,15.0,49.768502497267214,0.5796933756237685
red_wing,2776,19.0,26.446648820879425,0.5699117586049975
red_wing,2777,13.0,27.300216351761804,0.5901034015414722
red_wing,2778,16.0,31.50413711292352,0.5982180732825371
red_wing,2779,23.0,38.097559895266514,0.5508657951642806
red_wing,2780,15.0,29.899579078614742,0.6220809845379659
red_wing,2781,24.0,31.359723620033574,0.6010438073633333
red_wing,2782,10.0,30.77936835210799,0.6056519825695199
red_wing,2783,21.0,33.03901504385538,0.6602039354374889
red_wing,2784,50.0,33.71028467755715,0.5491463859676048
red_wing,2785,16.0,35.74756395180315,0.5688506652672929
red_wing,2786,9.0,23.651084127214293,0.5541784556624566
red_wing,2787,29.0,30.997748517765157,0.5935600402008168
red_wing,2788,35.0,37.98220796066241,0.55134397118649
red_wing,2789,18.0,29.484460279369472,0.608949531063617
red_wing,2790,36.0,35.17396695371968,0.5834904628013198
red_wing,2791,20.0,18.969870994704973,0.6356284596793451
red_wing,2792,15.0,35.43023056947779,0.5964219409461178
red_wing,2793,10.0,32.04250053827328,0.6191601032660345
red_wing,2794,14.0,28.02072045518086,0.5764353432359727
red_wing,2795,21.0,32.391866518108586,0.5801871549395298
red_wing,2796,16.0,24.59397016208863,0.6083161798402448
red_wing,2797,34.0,38.08161551626367,0.582910782716695
red_wing,2798,14.0,28.35253581259326,0.6018954551231259
red_wing,2799,18.0,32.08078900799389,0.5953800511272215
red_wing,2800,24.0,28.459870626075297,0.5683714386909277
red_wing,2801,39.0,30.10209031265878,0.6140788315927941
red_wing,2802,15.0,38.678634842599095,0.5976058983642683
red_wing,2803,21.0,35.72641841296521,0.5415576724922149
red_wing,2804,21.0,29.783167087829835,0.6125466326832191
red_wing,2805,32.0,30.461692862084462,0.6037103692984306
red_wing,2806,15.0,31.262394488759163,0.6293419450676621
red_wing,2807,16.0,23.15671980009178,0.5954754940642604
red_wing,2808,13.0,30.32072490995167,0.6008474287398724
red_wing,2809,13.0,25.965398057803977,0.6074859354615828
red_wing,2810,19.0,26.54429638038305,0.6142599371956714
red_wing,2811,13.0,29.314460325925346,0.6033323618039174
red_wing,2812,21.0,35.36580250044715,0.6173527555213669
red_wing,2813,12.0,24.17972532293018,0.5887913539452474
red_wing,2814,32.0,29.7421576187502,0.6036583823926124
red_wing,2815,21.0,34.136348079453235,0.6198140599661468
red_wing,2816,14.0,31.79159640300844,0.5899174282515245
red_wing,2817,19.0,31.825921882705195,0.5687921344015672
red_wing,2818,18.0,26.93893961295598,0.602566220292629
red_wing,2819,14.0,28.53036467578937,0.5664523539174898
red_wing,2820,15.0,26.00792898068067,0.5312517350671228
red_wing,2821,16.0,26.81734419247835,0.6075094414677299
red_wing,2822,19.0,33.90138761430424,0.6083214499135114
red_wing,2823,14.0,31.274323087412228,0.5395193373658185
red_wing,2824,13.0,30.273239370604713,0.6059666998653171
red_wing,2825,15.0,26.830527592091954,0.6173920604144405
red_wing,2826,33.0,28.475012201862256,0.6170474332872756
red_wing,2827,9.0,31.387540727481134,0.5712175635849082
red_wing,2828,15.0,28.02919694540589,0.5792133883121793
red_wing,2829,18.0,31.343957500643423,0.5752926880117337
red_wing,2830,32.0,36.44475305039271,0.5768674125264035
red_wing,2831,31.0,37.24611311556019,0.5542406094566825
red_wing,2832,13.0,27.260565139101494,0.6035509376518999
red_wing,2833,14.0,37.23864610846812,0.5756079921979758
red_wing,2834,11.0,31.563089420764772,0.5821485192912007
red_wing,2835,11.0,23.034113044558985,0.5918485739417263
red_wing,2836,21.0,27.756743297374108,0.576552709793736
red_wing,2837,13.0,28.30934191958636,0.616212182780012
red_wing,2838,18.0,24.212871744502774,0.6388403286364123
red_wing,2839,21.0,29.489880834608748,0.5708528776637891
red_wing,2840,23.0,33.4927200495486,0.612468387174101
red_wing,2841,13.0,36.66348043383404,0.5899115034807224
red_wing,2842,7.0,26.47903570717962,0.6212279037632247
red_wing,2843,21.0,27.006708790263517,0.568882634131603
red_wing,2844,29.0,24.850131677400775,0.5776851259915974
red_wing,2845,33.0,26.543949140466744,0.5625599058141205
red_wing,2846,21.0,28.48151107253337,0.533028685267426
red_wing,2847,17.0,32.57095440174036,0.562079190382948
red_wing,2848,15.0,29.855832186118043,0.6039254921085406
red_wing,2849,11.0,34.94031939169092,0.6156166735599169
red_wing,2850,7.0,21.042713184666656,0.6139797354038368
red_wing,2851,21.0,24.155926639536762,0.5900010369205313
red_wing,2852,9.0,27.241707963712727,0.5806381680046693
red_wing,2853,16.0,28.843582997769712,0.6159069313321062
red_wing,2854,9.0,30.39852596732582,0.5935266332769926
red_wing,2855,10.0,27.479690947610766,0.5977398383625494
red_wing,2856,12.0,27.28857470077645,0.5930660365858593
red_wing,2857,11.0,29.971307936616157,0.5849477890749384
red_wing,2858,31.0,52.80954635180122,0.5956834946067875
red_wing,2859,17.0,27.289626991255293,0.6431643732428151
red_wing,2860,31.0,33.473476624418225,0.541012500998476
red_wing,2861,22.0,23.844703086083076,0.6370826879130509
red_wing,2862,9.0,39.083861458148846,0.5524863171810472
red_wing,2863,11.0,38.135365155964806,0.5449585157131118
red_wing,2864,28.0,36.606820600467586,0.5566148485669965
red_wing,2865,20.0,31.34441458557388,0.5865670432057444
red_wing,2866,23.0,30.337350113366345,0.6160390337224891
red_wing,2867,14.0,46.348629521489976,0.6194609365105377
red_wing,2868,11.0,26.82678775264915,0.5998035030199267
red_wing,2869,29.0,33.20027114985241,0.6333073154725539
red_wing,2870,21.0,27.197511749361958,0.6030833894054238
red_wing,2871,22.0,33.414942287800784,0.5861051876705696
red_wing,2872,29.0,32.41752244259477,0.6108659989445795
red_wing,2873,37.0,36.81851780342929,0.6125184750735064
red_wing,2874,21.0,36.29856335087978,0.5843770425919661
red_wing,2875,34.0,24.957819982409717,0.6315047965511549
red_wing,2876,21.0,37.076949649444536,0.6137157316569966
red_wing,2877,13.0,37.43703970445238,0.5508852436667971
red_wing,2878,14.0,36.20089285162546,0.5573191001027675
red_wing,2879,22.0,37.94481211259807,0.5676399950012354
red_wing,2880,7.0,26.983961554387374,0.5914176351733575
red_wing,2881,22.0,30.535041313961685,0.6107035279653048
red_wing,2882,14.0,23.792381998778932,0.5825055374001731
red_wing,2883,12.0,37.190899114216826,0.5742253148667127
red_wing,2884,21.0,29.805555090022587,0.5916642287013141
red_wing,2885,14.0,35.336735461740346,0.5784330277309042
red_wing,2886,21.0,22.273108106386104,0.6137288482062165
red_wing,2887,18.0,30.85635846778041,0.5510394699645267
red_wing,2888,23.0,27.636103838752003,0.618051737162878
red_wing,2889,21.0,32.32878446694103,0.5822438890048058
red_wing,2890,21.0,35.56758068010475,0.5625322067687256
red_wing,2891,14.0,27.599665869528597,0.6104229371016314
red_wing,2892,11.0,30.21116257793566,0.6255135131140255
red_wing,2893,8.0,30.1322192426395,0.5575371466177639
red_wing,2894,39.0,33.05293974587843,0.5572202776833879
red_wing,2895,15.0,38.76655887589496,0.6109854990485377
red_wing,2896,21.0,25.73050627217848,0.6278452794360463
red_wing,2897,7.0,34.29122700669359,0.5727302108486783
red_wing,2898,12.0,32.24322603158287,0.5748466571819189
red_wing,2899,23.0,25.33243992197842,0.6087965595175602
red_wing,2900,15.0,36.02600855299724,0.6185360696597813
red_wing,2901,21.0,33.9120200947519,0.5940810400419768
red_wing,2902,9.0,28.82953340842495,0.5908302536725729
red_wing,2903,19.0,31.242919117529635,0.6241557520052314
red_wing,2904,13.0,24.8927100359515,0.6119701609770838
red_wing,2905,35.0,31.200921464310913,0.622597985501852
red_wing,2906,22.0,27.767192130043306,0.5858361078514573
red_wing,2907,47.0,33.791815494450994,0.5757867640792411
red_wing,2908,19.0,32.30593828218829,0.6172740123667961
red_wing,2909,15.0,25.647413820255164,0.628106341591335
red_wing,2910,18.0,26.359302909968203,0.5926074081106208
red_wing,2911,20.0,29.749671990550173,0.5967458374979295
red_wing,2912,15.0,30.98150672755871,0.5764933200073341
red_wing,2913,23.0,33.039833658383394,0.6212340823392909
red_wing,2914,15.0,23.814988559480955,0.6227398806329227
red_wing,2915,29.0,31.69175070455482,0.571538684855474
red_wing,2916,21.0,27.062773203746584,0.6325993318054688
red_wing,2917,19.0,26.826440683483632,0.5952049972947788
red_wing,2918,39.0,30.95484739414532,0.5525697130943406
red_wing,2919,9.0,30.37206430296259,0.523578296010426
red_wing,2920,15.0,41.22444074191448,0.5848289242580577
red_wing,2921,24.0,30.639560356539608,0.6638272841581909
red_wing,2922,18.0,28.39012666761372,0.5690069427299218
red_wing,2923,14.0,34.981260575358306,0.6147372027409492
red_wing,2924,14.0,23.66050366781111,0.6221928800597071
red_wing,2925,14.0,30.31496327911277,0.612030029552131
red_wing,2926,19.0,36.895643857098015,0.5309353711488234
red_wing,2927,15.0,30.333354143442097,0.5935324104374502
red_wing,2928,11.0,28.331994273292626,0.6029547492998604
red_wing,2929,21.0,30.10255491718221,0.669633458170384
red_wing,2930,14.0,29.802954730429224,0.6541764049067916
red_wing,2931,8.0,27.091446771916512,0.6124072163783711
red_wing,2932,15.0,33.169174976683195,0.5767450688218463
red_wing,2933,15.0,32.00004244348463,0.5778136856913243
red_wing,2934,18.0,19.88947683873478,0.6289239607554846
red_wing,2935,11.0,20.295117759181228,0.5651847216994539
red_wing,2936,14.0,25.45680891710182,0.5744070606072881
red_wing,2937,30.0,34.848047984322626,0.6430696271491556
red_wing,2938,33.0,33.417567555969406,0.5910824760802991
red_wing,2939,13.0,24.137519396778377,0.6255069105204786
red_wing,2940,14.0,30.81970513260012,0.5737568859198944
red_wing,2941,16.0,31.315894347164196,0.5804692742956893
red_wing,2942,21.0,33.64706525194652,0.6040685697652668
red_wing,2943,15.0,28.859967156378364,0.5789644884899274
red_wing,2944,11.0,31.22890712872347,0.5798715343610217
red_wing,2945,49.0,30.705302244113753,0.5988119132381504
red_wing,2946,23.0,31.114031204532484,0.6220518028539791
red_wing,2947,15.0,26.968383039352414,0.6066692433243227
red_wing,2948,9.0,30.16945038389471,0.5918571296720154
red_wing,2949,11.0,28.664507113012636,0.5465138059720479
red_wing,2950,16.0,28.072615698550155,0.6061997704068018
red_wing,2951,32.0,32.17759296740478,0.5609268767877102
red_wing,2952,11.0,32.09424275950253,0.593095836568228
red_wing,2953,26.0,26.300677893992596,0.5752679344453988
red_wing,2954,15.0,31.50298988040033,0.5786096292323577
red_wing,2955,14.0,35.55739674304399,0.6070606146371055
red_wing,2956,15.0,26.64663557372788,0.6041311726767451
red_wing,2957,18.0,36.87947563323663,0.5397608637257775
red_wing,2958,19.0,30.821410267144337,0.5947536332852299
red_wing,2959,9.0,30.271483613974663,0.6323021557636499
red_wing,2960,15.0,27.227239373164526,0.613615077918184
red_wing,2961,29.0,35.35122637517489,0.5879583910871595
red_wing,2962,21.0,31.00430751224444,0.605551704239
red_wing,2963,16.0,31.7788125645454,0.5761623481949772
red_wing,2964,13.0,27.467586668640685,0.5840205275498889
red_wing,2965,15.0,30.47734272844921,0.5996098991751624
red_wing,2966,30.0,30.761667090533713,0.642939093633528
red_wing,2967,17.0,26.130823536079436,0.6065661202174842
red_wing,2968,16.0,28.238950768962727,0.5998851146893778
red_wing,2969,23.0,23.422248034109533,0.5979557708018579
red_wing,2970,15.0,31.911814429002792,0.6109439693932383
red_wing,2971,8.0,27.903703386744194,0.5919853273879296
red_wing,2972,18.0,26.442136712135675,0.6323159376029808
red_wing,2973,19.0,30.521053923599354,0.6136859668418375
red_wing,2974,13.0,23.904507767425734,0.5982473241571459
red_wing,2975,32.0,35.57453979507527,0.6048194977392117
red_wing,2976,18.0,30.196628025883548,0.6017671346063987
red_wing,2977,29.0,27.280498532855006,0.6142373856747558
red_wing,2978,18.0,31.179514040615448,0.5863679432631865
red_wing,2979,18.0,24.555548308134444,0.6160286804924793
red_wing,2980,18.0,34.94900504845404,0.5515008376486841
red_wing,2981,12.0,23.434638252485442,0.644080191336445
red_wing,2982,14.0,29.826065593346947,0.5714157341326832
red_wing,2983,15.0,34.19378554883859,0.5740759551192218
red_wing,2984,10.0,30.506512826378426,0.6326446267976975
red_wing,2985,15.0,33.10806765903669,0.6357894117787886
red_wing,2986,14.0,37.011614385074495,0.615022841328
red_wing,2987,15.0,30.306973602454143,0.5718449260721601
red_wing,2988,10.0,31.32980782859354,0.5963312049109368
red_wing,2989,21.0,32.328306938807344,0.5629180481118417
red_wing,2990,15.0,38.91840030714042,0.5867207225211687
red_wing,2991,9.0,35.87013134069925,0.6090372196342908
red_wing,2992,22.0,37.33494611942953,0.5806984263838155
red_wing,2993,25.0,37.636970756096034,0.5989560707445649
red_wing,2994,15.0,28.671525767048887,0.6043254390867308
red_wing,2995,8.0,34.89758816791145,0.5457222569669365
red_wing,2996,18.0,30.550083958301002,0.5917202588614449
red_wing,2997,20.0,26.040949355981134,0.5699802490142254
red_wing,2998,22.0,29.908839088052222,0.6230651602157894
red_wing,2999,32.0,32.34434076654747,0.5782463327021423
red_wing,3000,15.0,32.33556553046483,0.6446583052265289
red_wing,3001,8.0,33.96583188777107,0.5686004344057872
red_wing,3002,14.0,23.969547509263688,0.5944298141344204
red_wing,3003,9.0,26.661125667548557,0.5808648260449847
red_wing,3004,15.0,30.52886139944569,0.6090012136986139
red_wing,3005,23.0,29.536752552036575,0.5975740432915959
red_wing,3006,33.0,30.66306670662321,0.5736664390619437
red_wing,3007,21.0,32.630452202808414,0.5714700031758104
red_wing,3008,15.0,53.925463970764326,0.6014305672339681
red_wing,3009,16.0,30.20208874604404,0.600823228338468
red_wing,3010,17.0,29.64864083209354,0.6429080890805476
red_wing,3011,19.0,34.91361938020278,0.6392258434547916
red_wing,3012,23.0,26.881558888864134,0.5963804670618413
red_wing,3013,16.0,28.42027535095377,0.5825918832495361
red_wing,3014,15.0,27.012760689386546,0.5966194366543947
red_wing,3015,8.0,36.46026497646735,0.5775051848422297
red_wing,3016,21.0,31.55597790058002,0.5914335057943949
red_wing,3017,13.0,27.17839317635151,0.5986902684442528
red_wing,3018,14.0,29.724477519464205,0.6030822984109293
red_wing,3019,8.0,28.993467011330367,0.6093048238334218
red_wing,3020,18.0,28.151723298092723,0.6030494659309045
red_wing,3021,11.0,21.419949196934425,0.6191667133662739
red_wing,3022,14.0,35.41729333413459,0.6256148011207978
red_wing,3023,21.0,30.006292620413593,0.5950800927122857
red_wing,3024,19.0,29.631023169736785,0.5408069379557824
red_wing,3025,13.0,21.95685541527006,0.6082934932770482
red_wing,3026,23.0,28.989438397285667,0.5993292442486013
red_wing,3027,31.0,31.40782970456942,0.6026208405064359
red_wing,3028,15.0,28.766769676290977,0.6411573167988571
red_wing,3029,15.0,30.24484624710559,0.5723420512603478
red_wing,3030,14.0,32.398845815469585,0.5904702198422758
red_wing,3031,11.0,34.209572527709575,0.6046012425985684
red_wing,3032,8.0,30.255189704620882,0.5864976903843881
red_wing,3033,35.0,35.920884938827186,0.5680289866853057
red_wing,3034,16.0,32.270909083872006,0.5532837735582867
red_wing,3035,13.0,24.92123956514568,0.5958638403037488
red_wing,3036,15.0,31.87650229936028,0.6003419506074272
red_wing,3037,21.0,32.71039773365501,0.6031112320780656
red_wing,3038,29.0,33.89522241924123,0.5947756351224287
red_wing,3039,17.0,27.821631532085465,0.6098548008003886
red_wing,3040,30.0,46.70755007175761,0.56947805450403
red_wing,3041,11.0,28.80842249182616,0.6252818496568721
red_wing,3042,21.0,44.414022029829546,0.6035572222615021
red_wing,3043,11.0,31.752349079294905,0.552440661457704
red_wing,3044,25.0,35.820184187667486,0.5837006575167698
red_wing,3045,19.0,30.21864776748729,0.6174807290499644
red_wing,3046,16.0,36.430673190096705,0.6050376183106767
red_wing,3047,14.0,31.45429830571583,0.6191637194423238
red_wing,3048,15.0,26.712120586168982,0.5298769982309457
red_wing,3049,15.0,18.65528750211948,0.6014369304252252
red_wing,3050,14.0,30.42018979926346,0.570910858866299
red_wing,3051,13.0,30.49565742162072,0.6004816159219422
red_wing,3052,15.0,32.37632089793957,0.5945874595348459
red_wing,3053,8.0,32.53258538411428,0.5895310946926657
red_wing,3054,13.0,31.03722658834498,0.554936901027766
red_wing,3055,15.0,28.927899660812965,0.5631718462524673
red_wing,3056,32.0,30.747658131562343,0.5940162657943584
red_wing,3057,11.0,31.0219525279292,0.6298868067235088
red_wing,3058,24.0,27.10086394435042,0.60009504289751
red_wing,3059,21.0,22.743704420161173,0.5865104526140624
red_wing,3060,35.0,35.104641958647704,0.6041533197585072
red_wing,3061,14.0,30.166161353968057,0.6251508282339343
red_wing,3062,14.0,31.703084042010552,0.5934527091009292
red_wing,3063,15.0,26.587866580296126,0.6544995065521941
red_wing,3064,30.0,32.727168948601275,0.5765575515547057
red_wing,3065,22.0,31.81701692446595,0.5915736696907579
red_wing,3066,21.0,31.488693383133977,0.550509029746252
red_wing,3067,14.0,29.10464246098093,0.5919590130928845
red_wing,3068,29.0,30.66663238880279,0.608404054635618
red_wing,3069,15.0,40.338036535182574,0.5668384621855861
red_wing,3070,13.0,29.953359170011247,0.5967056154020833
red_wing,3071,12.0,37.07400389757611,0.6086789935098915
red_wing,3072,12.0,30.903113003672182,0.5508857284312805
red_wing,3073,19.0,22.510949023990165,0.6083524131487525
red_wing,3074,18.0,32.13532598554422,0.541757365623363
red_wing,3075,35.0,27.654853603885773,0.5496369803842615
red_wing,3076,14.0,31.1597580148964,0.6182730207829437
red_wing,3077,28.0,28.95001512519854,0.6151227526054621
red_wing,3078,8.0,34.64065919053516,0.5914997239821174
red_wing,3079,33.0,41.00561476894305,0.6249800031339647
red_wing,3080,21.0,33.84059774782152,0.5538748203953746
red_wing,3081,9.0,25.949989502174972,0.6054215791652772
red_wing,3082,11.0,30.312420994920494,0.5766514672529052
red_wing,3083,11.0,25.454383582731584,0.567754628579329
red_wing,3084,35.0,29.225742181763447,0.6055305601397343
red_wing,3085,16.0,52.89526854651104,0.5970972705356161
red_wing,3086,15.0,26.31289553019105,0.587816103625812
red_wing,3087,19.0,30.882442422850517,0.5900790343887594
red_wing,3088,24.0,28.010724892977024,0.5387973824987853
red_wing,3089,14.0,38.5985618925319,0.5614024862366989
red_wing,3090,11.0,32.982427367102375,0.6349639769516879
red_wing,3091,19.0,30.68907880659715,0.6140390986385387
red_wing,3092,21.0,26.921775072671107,0.5905015248290602
red_wing,3093,19.0,33.31540732366761,0.6313065342196955
red_wing,3094,15.0,26.884815720861916,0.6003210075321002
red_wing,3095,21.0,32.566670976198374,0.6473305204710919
red_wing,3096,21.0,36.47537505982388,0.6144009392197483
red_wing,3097,33.0,30.224689544700386,0.6368225312998665
red_wing,3098,18.0,28.467608392085182,0.5755896078725384
red_wing,3099,23.0,26.72729217205734,0.5938274952084663
red_wing,3100,14.0,26.587330417894524,0.6163621986557273
red_wing,3101,18.0,28.455169414264535,0.6002819954197887
red_wing,3102,14.0,31.004112869230013,0.576409078724911
red_wing,3103,9.0,30.564469362739487,0.5859206259577918
red_wing,3104,9.0,35.02833864684245,0.6234527550171813
red_wing,3105,10.0,29.64036109467959,0.5803844364493491
red_wing,3106,19.0,30.297284310236556,0.5774581614586429
red_wing,3107,31.0,55.84189346002847,0.6050705174599558
red_wing,3108,31.0,30.423345426108366,0.5569110912317847
red_wing,3109,14.0,26.733687911055174,0.6119108723456683
red_wing,3110,18.0,34.389421010368,0.5773549343085853
red_wing,3111,32.0,32.351111757390655,0.577529942135961
red_wing,3112,17.0,30.06931356380709,0.5854799254692358
red_wing,3113,14.0,28.427406976870817,0.608137211718625
red_wing,3114,15.0,24.879624330662843,0.5988012950689887
red_wing,3115,15.0,26.620160527006842,0.5855449331487297
red_wing,3116,13.0,30.96905141415309,0.5763534285321552
red_wing,3117,11.0,31.355097663669035,0.5748210162842772
red_wing,3118,11.0,25.5110862449896,0.6126424186924166
red_wing,3119,14.0,31.297844418730733,0.6066549380322067
red_wing,3120,37.0,36.493958538493935,0.5808584874834919
red_wing,3121,15.0,30.47315295291077,0.582147912559097
red_wing,3122,24.0,33.36336333536371,0.5999509537867194
red_wing,3123,15.0,29.04218524199717,0.6227375235601469
red_wing,3124,18.0,28.179461403524957,0.5751989253263305
red_wing,3125,29.0,31.489711687295706,0.5843829951873332
red_wing,3126,8.0,28.6290363291556,0.6052537914724252
red_wing,3127,10.0,35.48243044563018,0.5914551594413022
red_wing,3128,14.0,25.71109328660174,0.6073116172249972
red_wing,3129,13.0,26.34056698243578,0.6392620829510364
red_wing,3130,21.0,33.22735227990063,0.5883748161732874
red_wing,3131,31.0,31.678148458019287,0.606743210265305
red_wing,3132,21.0,35.272214448547466,0.5886891789922164
red_wing,3133,9.0,27.31758727837682,0.6253994616650885
red_wing,3134,13.0,26.518823823849544,0.5820808099913569
red_wing,3135,15.0,30.373179364411364,0.5913011865968664
red_wing,3136,14.0,29.800534188617544,0.5710195514433145
red_wing,3137,14.0,27.778649886421114,0.59240109942499
red_wing,3138,33.0,32.61181265176601,0.5829264640565444
red_wing,3139,22.0,38.30551317355894,0.530590473634038
red_wing,3140,11.0,29.96426200272683,0.5743070220421249
red_wing,3141,15.0,32.45494884217228,0.5642920278381984
red_wing,3142,11.0,34.533639079275936,0.5834360143682649
red_wing,3143,16.0,30.95346805281468,0.6338715686936411
red_wing,3144,10.0,31.900258506917936,0.6070757660156605
red_wing,3145,23.0,31.210750282133112,0.6143762686001258
red_wing,3146,16.0,28.917277646512943,0.6502255932996294
red_wing,3147,15.0,23.210789698536257,0.5540205424290531
red_wing,3148,19.0,27.469944503059526,0.580379659115166
red_wing,3149,14.0,26.3904700076608,0.591264372933088
red_wing,3150,16.0,29.629981788436883,0.5929182706388647
red_wing,3151,16.0,34.78772254071129,0.526191474044841
red_wing,3152,14.0,34.7617540005968,0.5726962393975118
red_wing,3153,14.0,32.150192046014595,0.5602210210790864
red_wing,3154,15.0,29.336273459089295,0.6166961609211534
red_wing,3155,24.0,28.294490595472755,0.5643443020409511
red_wing,3156,21.0,29.759395435449672,0.6100723633639855
red_wing,3157,13.0,31.115561121866122,0.5966906082412338
red_wing,3158,15.0,29.017527744512815,0.5795220369602423
red_wing,3159,23.0,32.50220075610387,0.62633123959118
red_wing,3160,13.0,29.33134663289072,0.6122446078944652
red_wing,3161,19.0,26.72864129927042,0.5765139330676605
red_wing,3162,19.0,23.443324189870037,0.5875703428946815
red_wing,3163,18.0,26.91278282508825,0.6221674639770856
red_wing,3164,16.0,30.786515192025686,0.610263191003188
red_wing,3165,11.0,31.181464792380226,0.6128640476676803
red_wing,3166,18.0,34.7551518415784,0.5930732395118918
red_wing,3167,15.0,33.36397507730007,0.6180766535961602
red_wing,3168,9.0,26.762881989255416,0.5997183183005903
red_wing,3169,18.0,29.867105128445203,0.579435740895425
red_wing,3170,14.0,33.59945374382962,0.5928817300664451
red_wing,3171,20.0,25.28601408018891,0.5844311654611797
red_wing,3172,11.0,26.880425584889274,0.5631215833366696
red_wing,3173,8.0,36.24880361224292,0.5727638991878093
red_wing,3174,9.0,37.71646655178881,0.5909765342959379
red_wing,3175,13.0,30.90055066247332,0.625424788495448
red_wing,3176,12.0,29.38088182109169,0.606103275119719
red_wing,3177,15.0,30.184065486793358,0.6011730596097933
red_wing,3178,19.0,35.543903762867316,0.5921770388333447
red_wing,3179,22.0,27.45989542440763,0.5586695841359142
red_wing,3180,24.0,28.853940824966173,0.6091044302355024
red_wing,3181,21.0,25.561893693582128,0.6161240861971732
red_wing,3182,12.0,32.52603017541633,0.5969935475407518
red_wing,3183,15.0,24.50949966699082,0.5942965441182233
red_wing,3184,24.0,30.58312198412943,0.5814638922157289
red_wing,3185,15.0,31.66640040706763,0.6071606707873641
red_wing,3186,32.0,31.924085720522637,0.590488186030721
red_wing,3187,11.0,38.95466406386877,0.6369900363465855
red_wing,3188,13.0,29.930692424866145,0.5971281728196038
red_wing,3189,21.0,29.51113707834275,0.6037795049352563
red_wing,3190,21.0,54.846889840448014,0.5752070605143222
red_wing,3191,14.0,33.97076768601283,0.5892676508344283
red_wing,3192,18.0,32.42751863389673,0.6206434546005548
red_wing,3193,22.0,31.76287394893914,0.5526673184455391
red_wing,3194,13.0,19.79230202844802,0.588665748209281
red_wing,3195,14.0,28.331417117733785,0.5735391818566408
red_wing,3196,15.0,28.127115745493686,0.5667286767086033
red_wing,3197,14.0,26.312185597016068,0.6199339871442109
red_wing,3198,16.0,27.71101431705088,0.5715618433383383
red_wing,3199,8.0,30.252717920734234,0.597056559298427
red_wing,3200,24.0,32.42869299840095,0.6251938471476537
red_wing,3201,14.0,31.3926845201925,0.5797873692020334
red_wing,3202,25.0,32.4819517777929,0.5909385090070923
red_wing,3203,13.0,27.677573873279325,0.5719988463846509
red_wing,3204,19.0,28.91913223257329,0.6279832637065086
red_wing,3205,15.0,23.143072659197724,0.5878671120767381
red_wing,3206,18.0,29.190911333206472,0.6021169132401197
red_wing,3207,7.0,32.08495288840239,0.5957890985855137
red_wing,3208,21.0,39.52730378939632,0.5831189843409518
red_wing,3209,15.0,28.500766040568777,0.5881693230510203
red_wing,3210,25.0,30.702303295801862,0.5684145602970565
red_wing,3211,15.0,31.079909430946408,0.5932137610063117
red_wing,3212,19.0,32.614336000919096,0.5986454268169017
red_wing,3213,16.0,33.347035670021135,0.5680830588200088
red_wing,3214,11.0,30.94197768801016,0.5867970495930761
red_wing,3215,36.0,36.5427037540356,0.570461421380158
red_wing,3216,15.0,26.08982024329032,0.5983973246554362
red_wing,3217,17.0,28.74823298555168,0.5818052394895021
red_wing,3218,15.0,30.972935830207273,0.5553266687028515
red_wing,3219,13.0,32.06289198449244,0.649861615573398
red_wing,3220,21.0,27.772936802342315,0.5903074800742651
red_wing,3221,13.0,27.280727250512697,0.6182666078371108
red_wing,3222,14.0,27.14497476994831,0.6868183595786457
red_wing,3223,23.0,30.79226419990734,0.6041177388851877
red_wing,3224,39.0,42.23145727291265,0.590241419233231
red_wing,3225,16.0,27.877283000441746,0.599897112128976
red_wing,3226,9.0,31.592408273873865,0.5819739870119307
red_wing,3227,15.0,21.711823771809712,0.5676666430789852
red_wing,3228,18.0,32.412036435208904,0.571573953759237
red_wing,3229,22.0,34.204196167184215,0.5899415977307291
red_wing,3230,11.0,27.044429721448488,0.5734452268374755
red_wing,3231,14.0,38.896822022122116,0.5641409381379123
red_wing,3232,21.0,31.48251927185361,0.5334184494498244
red_wing,3233,16.0,32.349704087837885,0.5902442132779875
red_wing,3234,14.0,28.84741024441393,0.5985674714871166
red_wing,3235,21.0,32.13442293403316,0.5985422719291312
red_wing,3236,15.0,27.500884059445582,0.6260597265032445
red_wing,3237,13.0,27.49750959222742,0.6288854888075731
red_wing,3238,16.0,32.10686424815004,0.5442986523966092
red_wing,3239,22.0,31.022833436875,0.6339750963379557
red_wing,3240,35.0,31.68712376827862,0.5929463400838675
red_wing,3241,18.0,25.50417783874051,0.6363139597720657
red_wing,3242,9.0,22.57460204394193,0.59058647435587
red_wing,3243,19.0,31.62977107987841,0.581315357186853
red_wing,3244,16.0,26.994263410083406,0.6446913451716629
red_wing,3245,31.0,35.996934820499064,0.6085910280086059
red_wing,3246,35.0,31.737742684838746,0.622138109180205
red_wing,3247,15.0,29.652894093403745,0.6215046643447939
red_wing,3248,8.0,27.53614645368297,0.5995870685020716
red_wing,3249,19.0,33.53665459807093,0.6186165428132068
red_wing,3250,29.0,26.355918114830583,0.6023746317712708
red_wing,3251,24.0,31.03740153918991,0.5795626521034494
red_wing,3252,13.0,28.213296183802676,0.5916868215942387
red_wing,3253,13.0,30.04071052839986,0.6181657399306946
red_wing,3254,25.0,30.395970907836315,0.5647669362150537
red_wing,3255,22.0,34.51690412071907,0.592574875999422
red_wing,3256,17.0,27.539720858126923,0.6047335530733788
red_wing,3257,35.0,41.38299678178162,0.5754264532969637
red_wing,3258,15.0,30.271423876264464,0.6022260121226506
red_wing,3259,36.0,39.17633974245207,0.5419072456725234
red_wing,3260,18.0,27.872487202649516,0.5858405627020238
red_wing,3261,12.0,29.000932107254695,0.6032364111466593
red_wing,3262,32.0,31.125891973661883,0.5872102353183708
red_wing,3263,16.0,26.00956947458742,0.6122779060868525
red_wing,3264,8.0,31.6930623286261,0.5484904758479361
red_wing,3265,18.0,32.16293180671717,0.5757034034182412
red_wing,3266,20.0,51.467786591208764,0.6220549139714843
red_wing,3267,16.0,34.81272356991786,0.5864841374576822
red_wing,3268,15.0,36.47704251637219,0.581212512687076
red_wing,3269,15.0,31.074498290168766,0.6062340678984051
red_wing,3270,21.0,24.466476576544377,0.5861227761000782
red_wing,3271,15.0,27.524247389621156,0.5924752203468853
red_wing,3272,8.0,30.21121593643921,0.6272282442141802
red_wing,3273,30.0,39.995561373693405,0.557927523164939
red_wing,3274,7.0,33.984046891318066,0.5969849043848339
red_wing,3275,14.0,25.672940006199646,0.5766412736640225
red_wing,3276,11.0,30.315471527316515,0.5723871720518887
red_wing,3277,33.0,32.551540170886646,0.57295476499867
red_wing,3278,15.0,31.50878768860396,0.6066557718216432
red_wing,3279,24.0,28.404910558597802,0.604810213108927
red_wing,3280,16.0,28.7153034876647,0.5801694969341045
red_wing,3281,13.0,32.313924560629836,0.6432586284449022
red_wing,3282,39.0,31.7135460031684,0.5925825327340195
red_wing,3283,14.0,31.860074852940762,0.56704655619089
red_wing,3284,32.0,32.59518174075517,0.569841939250614
red_wing,3285,16.0,27.575317886021864,0.5881938923067696
red_wing,3286,15.0,28.607849013303685,0.5864901824384399
red_wing,3287,21.0,28.001037541732774,0.5728311505666801
red_wing,3288,18.0,31.606647792821335,0.6246586101643272
red_wing,3289,19.0,26.194644794416316,0.620789152911766
red_wing,3290,14.0,31.27197185539104,0.6073595592125474
red_wing,3291,21.0,36.17239790979633,0.5796445246623335
red_wing,3292,22.0,35.68134809718231,0.6296575821955808
red_wing,3293,35.0,35.6914781951769,0.5681283065072774
red_wing,3294,21.0,29.26192782692687,0.6032494730638813
red_wing,3295,21.0,32.54134124161991,0.6201351906360346
red_wing,3296,38.0,28.261623071771314,0.5971691742120915
red_wing,3297,24.0,28.083060384752947,0.60236294249429
red_wing,3298,23.0,26.699635618551202,0.5777121321708074
red_wing,3299,13.0,31.67979423741001,0.5594675476335036
red_wing,3300,18.0,24.213726805472035,0.5794283493192898
red_wing,3301,14.0,31.82013615548548,0.6224834286290749
red_wing,3302,11.0,28.461591386566848,0.5766197024521889
red_wing,3303,15.0,25.180626006197286,0.5636532934273826
red_wing,3304,14.0,33.03065103783745,0.6180089355366694
red_wing,3305,24.0,31.459220898273976,0.5855759752406974
red_wing,3306,33.0,29.66365105691206,0.6158203087679457
red_wing,3307,34.0,38.91866505607409,0.5481108831204045
red_wing,3308,21.0,30.12501381372107,0.5916948918541677
red_wing,3309,16.0,27.921922654886473,0.6170546634822331
red_wing,3310,32.0,30.64833619777677,0.5964810029887322
red_wing,3311,18.0,29.305963346589103,0.6039289721783389
red_wing,3312,15.0,30.93821659643363,0.5880105064435655
red_wing,3313,9.0,37.140072275613974,0.6227944337274605
red_wing,3314,14.0,24.289784118362455,0.5697732577316073
red_wing,3315,18.0,24.392694254968166,0.5920684895344158
red_wing,3316,18.0,31.177472336395677,0.5982232970548387
red_wing,3317,32.0,35.590247377558,0.5526932244735243
red_wing,3318,11.0,31.98304247794672,0.6715839043358862
red_wing,3319,28.0,33.87471231518014,0.5739243700391119
red_wing,3320,15.0,27.514644615739144,0.5491634054630326
red_wing,3321,33.0,30.9725349501937,0.5486589469497047
red_wing,3322,15.0,31.814337855947095,0.5814792558721832
red_wing,3323,18.0,33.30806095952263,0.5816109667980448
red_wing,3324,18.0,29.210583626336017,0.6285149252391463
red_wing,3325,13.0,30.333550025150902,0.5567086927901814
red_wing,3326,18.0,30.931457228805797,0.6011488229869133
red_wing,3327,21.0,36.50722685618276,0.5601193552473072
red_wing,3328,16.0,30.39055630264098,0.634634459640325
red_wing,3329,14.0,28.950087872699882,0.6426222806622253
red_wing,3330,15.0,32.116330746145,0.5478184055743046
red_wing,3331,11.0,54.73163769456209,0.587045831871694
red_wing,3332,13.0,33.41613188439084,0.5817423967920637
red_wing,3333,18.0,27.634571791525193,0.652342743647421
red_wing,3334,9.0,23.61461997474749,0.6129144573902604
red_wing,3335,15.0,28.26409812319796,0.594453843145516
red_wing,3336,14.0,32.15942181335543,0.6181654134986505
red_wing,3337,14.0,29.282158366811515,0.609232650743311
red_wing,3338,18.0,28.918193283277688,0.6193737726157953
red_wing,3339,21.0,35.66500255881168,0.5892201919549707
red_wing,3340,9.0,39.97896907641138,0.542598154754516
red_wing,3341,18.0,34.61705859421648,0.6198462326622118
red_wing,3342,22.0,26.427078239989527,0.5828475114660271
red_wing,3343,10.0,27.583644869967177,0.6083723259590319
red_wing,3344,11.0,26.892524442393945,0.6190399317487867
red_wing,3345,18.0,30.65918383930499,0.6361690733898988
red_wing,3346,23.0,32.487062991314666,0.5957319798128189
red_wing,3347,29.0,32.047102728737904,0.5695042975802516
red_wing,3348,15.0,26.323728422905752,0.6409680550175874
red_wing,3349,9.0,53.90245359268807,0.5692516109954437
red_wing,3350,14.0,35.620662713811356,0.6093303152555896
red_wing,3351,20.0,35.17601838207906,0.5972364104150112
red_wing,3352,13.0,30.719503229594398,0.6072406471717603
red_wing,3353,14.0,30.747591146885416,0.5987483629295103
red_wing,3354,17.0,29.449606054749097,0.5955114110367137
red_wing,3355,9.0,34.88692349826788,0.5436351599328573
red_wing,3356,8.0,26.581468316360006,0.5757990400842317
red_wing,3357,14.0,20.31136563331706,0.5916604707197486
red_wing,3358,15.0,32.033186011598595,0.5838116983693133
red_wing,3359,19.0,30.44356813595215,0.5735154617070228
red_wing,3360,35.0,34.11560675831095,0.5700734557778844
red_wing,3361,15.0,31.14139716617774,0.6345273406883062
red_wing,3362,15.0,33.924244920144034,0.5740232560055956
red_wing,3363,11.0,30.807403719285865,0.5774762836040753
red_wing,3364,15.0,26.928194138066633,0.5974930342001548
red_wing,3365,13.0,32.70283371281765,0.5235021384449006
red_wing,3366,15.0,25.87121801283672,0.5805438896979702
red_wing,3367,14.0,24.183936612530818,0.6015467125304876
red_wing,3368,9.0,28.818073497127845,0.600379513180308
red_wing,3369,15.0,32.04886446783909,0.595547068059695
red_wing,3370,16.0,37.41025642377854,0.6187842483485616
red_wing,3371,15.0,25.36400867318664,0.5833566291613119
red_wing,3372,16.0,23.310985556332078,0.6479441084038502
red_wing,3373,15.0,26.99069521993183,0.5916447571266803
red_wing,3374,31.0,29.179371998925948,0.6340157607590233
red_wing,3375,34.0,28.397172634865242,0.6159271246164555
red_wing,3376,14.0,52.891982499255036,0.5775235582782623
red_wing,3377,20.0,30.77412123172359,0.5735880122557974
red_wing,3378,23.0,27.438775454817755,0.5822533183989257
red_wing,3379,28.0,52.17319623843198,0.605766394779351
red_wing,3380,18.0,34.59037999423182,0.6009138818915025
red_wing,3381,19.0,31.987865473155782,0.5788860367448959
red_wing,3382,16.0,29.581954196313283,0.6237649746781355
red_wing,3383,23.0,28.897218347014327,0.5832800958770649
red_wing,3384,33.0,37.67321415754693,0.5823860193915178
red_wing,3385,16.0,25.58809663641806,0.6194810455205275
red_wing,3386,14.0,25.44060252836797,0.5781934142202277
red_wing,3387,32.0,36.39349230380723,0.6170329571146672
red_wing,3388,19.0,18.549236036375213,0.5999079656894784
red_wing,3389,15.0,30.067560608594814,0.5987569480103804
red_wing,3390,16.0,26.856724073309294,0.6369633582754961
red_wing,3391,18.0,36.7443583572186,0.5798233600870313
red_wing,3392,13.0,28.224078911223216,0.5869373041291387
red_wing,3393,13.0,28.275594776511877,0.624086587983866
red_wing,3394,24.0,32.37442532130758,0.5743313778227087
red_wing,3395,31.0,31.527276731673147,0.5779702802737517
red_wing,3396,11.0,30.022922009640773,0.5586422754124347
red_wing,3397,13.0,25.064165250381716,0.6471957208028474
red_wing,3398,13.0,28.421981238367838,0.5979210253105578
red_wing,3399,44.0,36.93202386276657,0.605614121875629
red_wing,3400,14.0,25.699623598195025,0.601486822771004
red_wing,3401,14.0,27.983635955249333,0.6001659261361738
red_wing,3402,21.0,33.39446964005391,0.6010934529275943
red_wing,3403,14.0,25.26744267755276,0.562071261196212
red_wing,3404,19.0,30.37189354866553,0.5830582881401499
red_wing,3405,21.0,35.87534707642616,0.5965552487255228
red_wing,3406,18.0,29.41365018049196,0.5608548009364791
red_wing,3407,39.0,33.33874883854022,0.5834082392468998
red_wing,3408,22.0,29.778617908862174,0.5993175550887129
red_wing,3409,11.0,27.853591598215527,0.6174868840609024
red_wing,3410,15.0,31.946445767237925,0.648189708414487
red_wing,3411,21.0,27.988987551665225,0.6111207324635377
red_wing,3412,18.0,35.11403983907745,0.6006836954676904
red_wing,3413,13.0,28.822694347101187,0.5863449501814679
red_wing,3414,39.0,32.87497933905488,0.5689090869232938
red_wing,3415,23.0,35.14407325158179,0.5857920427385388
red_wing,3416,32.0,31.745518627918937,0.6113739037946023
red_wing,3417,13.0,26.693046924278686,0.6033215524945834
red_wing,3418,21.0,36.59566291924818,0.6292845677068084
red_wing,3419,8.0,21.4103453292429,0.6597008020246745
red_wing,3420,33.0,34.82280813271047,0.5835827929316592
red_wing,3421,13.0,33.563141197561905,0.6081413717113031
red_wing,3422,15.0,37.28530153287496,0.5632178832534652
red_wing,3423,15.0,23.567903852402893,0.61387199129095
red_wing,3424,9.0,30.024786609949636,0.6147695494406893
red_wing,3425,15.0,29.146275959459622,0.5886344315426244
red_wing,3426,18.0,30.09301018700526,0.5700003751274285
red_wing,3427,35.0,24.327011533884072,0.6369081588730511
red_wing,3428,18.0,27.47456460949139,0.6528389963751307
red_wing,3429,15.0,32.85367676095416,0.6033980150887946
red_wing,3430,43.0,29.330470902344864,0.5694474581889881
red_wing,3431,14.0,26.050956616801994,0.6359187910441269
red_wing,3432,13.0,30.06980367732928,0.5917818623224096
red_wing,3433,12.0,28.907397833051313,0.6073429125701274
red_wing,3434,28.0,37.023352374931854,0.6049379174940044
red_wing,3435,21.0,49.145417777911355,0.5771254722809762
red_wing,3436,19.0,29.99777219991876,0.5848616522707958
red_wing,3437,21.0,32.03537744182047,0.5977689776185787
red_wing,3438,32.0,31.848895157622575,0.6191551136593934
red_wing,3439,15.0,30.689025510608992,0.6017684897697979
red_wing,3440,16.0,28.07720611720937,0.6267542771239902
red_wing,3441,24.0,32.50416465690804,0.5759698088293782
red_wing,3442,35.0,34.41258130397474,0.5345435460753056
red_wing,3443,11.0,19.11773995032865,0.6267748399635982
red_wing,3444,11.0,31.590116845719646,0.608248861721322
red_wing,3445,13.0,28.932814564220674,0.6069978167029815
red_wing,3446,29.0,35.22122662270149,0.5925123602333641
red_wing,3447,28.0,32.034829309373414,0.5754478797613227
red_wing,3448,24.0,28.128815915996658,0.5733994223114431
red_wing,3449,13.0,31.134365951925943,0.5762135949547792
red_wing,3450,7.0,34.55966978735764,0.6046309798114193
red_wing,3451,15.0,28.726792506508332,0.59943274620882
red_wing,3452,15.0,31.40062239013959,0.6104172292217762
red_wing,3453,19.0,30.21445963370448,0.5733287904784936
red_wing,3454,34.0,35.081861658332514,0.6052654065947882
red_wing,3455,9.0,34.53964450830702,0.6478249046687505
red_wing,3456,20.0,33.04554914863852,0.556480603653285
red_wing,3457,15.0,24.258016623631473,0.6291121321504236
red_wing,3458,18.0,27.472989467285103,0.5976430644092046
red_wing,3459,43.0,37.09172465014957,0.6095409573620054
red_wing,3460,17.0,30.736554928349026,0.6180833665660159
red_wing,3461,15.0,28.281128772292334,0.6545661197770256
red_wing,3462,22.0,28.58111375405457,0.5464864014344664
red_wing,3463,14.0,34.044139308724375,0.5970877103444059
red_wing,3464,19.0,31.406824833713667,0.6214521335993559
red_wing,3465,22.0,31.22120780062792,0.6028880026865743
red_wing,3466,16.0,27.774837391449672,0.6245491461469137
red_wing,3467,13.0,30.018814726589166,0.6093565289304085
red_wing,3468,11.0,23.525928671490963,0.653223336190246
red_wing,3469,19.0,26.332016223802675,0.6434903633030564
red_wing,3470,19.0,30.889941865053533,0.5990870822135748
red_wing,3471,18.0,34.55795934644355,0.5943186304359729
red_wing,3472,34.0,31.321251243531268,0.5997645664548681
red_wing,3473,16.0,35.576542276167665,0.5993167366273621
red_wing,3474,15.0,31.358223176236955,0.5831188526539359
red_wing,3475,9.0,23.052831644620355,0.617999606445077
red_wing,3476,15.0,24.69587668242037,0.6116690601576715
red_wing,3477,33.0,34.0892321240433,0.6254119496190877
red_wing,3478,14.0,20.614780423509966,0.5816506827624189
red_wing,3479,11.0,21.945145824435073,0.6417249228693136
red_wing,3480,21.0,31.43831412331486,0.555251354450561
red_wing,3481,29.0,29.625883103157868,0.6041917573845468
red_wing,3482,12.0,30.85940003673523,0.652053592168662
red_wing,3483,18.0,39.13472047896458,0.5662898595671979
red_wing,3484,25.0,31.20051155797561,0.5871114386406615
red_wing,3485,11.0,25.409863150652154,0.614466482802063
red_wing,3486,21.0,51.267838882805485,0.5775705425391955
red_wing,3487,18.0,24.8761698307897,0.5509553099292495
red_wing,3488,15.0,29.51130175933781,0.6082706360986837
red_wing,3489,25.0,32.027554805904494,0.6001343319242105
red_wing,3490,19.0,35.598512790369895,0.5976617397740729
red_wing,3491,21.0,36.474296066299566,0.5784681032297779
red_wing,3492,15.0,29.844043984306342,0.6259989116510136
red_wing,3493,16.0,29.349153906405633,0.6589055060963842
red_wing,3494,20.0,29.417193785583166,0.5457614504648484
red_wing,3495,39.0,30.836233060777204,0.5489396639838742
red_wing,3496,23.0,29.10236904350261,0.6143100340365215
red_wing,3497,14.0,26.530944094750794,0.57897447556494
red_wing,3498,29.0,35.17543462519764,0.6218874669653207
red_wing,3499,18.0,34.343657603166236,0.6202405284702501
red_wing,3500,31.0,36.741902503348804,0.5732658314569339
red_wing,3501,14.0,38.338163546182564,0.602103594644238
red_wing,3502,9.0,29.663833364131094,0.5765695524138278
red_wing,3503,19.0,34.93030552666927,0.6014430129872139
red_wing,3504,15.0,30.987283811765263,0.6190765810730163
red_wing,3505,15.0,31.897276153001926,0.5756711724703023
red_wing,3506,21.0,34.39230749139701,0.5549213232975557
red_wing,3507,31.0,35.06569171376334,0.5405987407585899
red_wing,3508,13.0,32.556430870014616,0.5753746311872305
red_wing,3509,31.0,36.77916513846488,0.6294824121670273
red_wing,3510,33.0,31.142574129392468,0.5790664285196472
red_wing,3511,18.0,28.770707055984015,0.5739033694276504
red_wing,3512,14.0,34.80978193476941,0.5908156202105017
red_wing,3513,18.0,37.42582194197606,0.5790525394013009
red_wing,3514,18.0,31.27971030855763,0.6036029568411058
red_wing,3515,8.0,32.66271478186398,0.5668226102122069
red_wing,3516,24.0,31.224561173356307,0.5547901366838761
red_wing,3517,14.0,29.161005933210188,0.6245329963010988
red_wing,3518,15.0,26.502280626471624,0.616364981570082
red_wing,3519,14.0,28.667469776482523,0.6131605008523728
red_wing,3520,15.0,30.671878989488892,0.6087584069550643
red_wing,3521,31.0,30.29963453689528,0.636939145683527
red_wing,3522,15.0,30.598522692343792,0.5825510894858508
red_wing,3523,16.0,35.37886539254736,0.5806497734504518
red_wing,3524,18.0,36.842200823661194,0.5896434504539264
red_wing,3525,23.0,30.655202579986195,0.5935576070883362
red_wing,3526,23.0,29.059827701118405,0.6354338380394295
red_wing,3527,16.0,30.243995208435187,0.6046877761440697
red_wing,3528,12.0,29.53929065391979,0.5691924842218854
red_wing,3529,23.0,31.111645743631552,0.5604965905190746
red_wing,3530,13.0,31.921145758042474,0.5714002283727033
red_wing,3531,17.0,28.068629370068454,0.6172765485820506
red_wing,3532,14.0,30.744251599567082,0.5581941601788036
red_wing,3533,11.0,26.48882882497001,0.5511721465875759
red_wing,3534,11.0,26.940176789963786,0.5915954833188743
red_wing,3535,15.0,37.41829350949683,0.5513716099013495
red_wing,3536,17.0,32.828170707580924,0.5801649061675692
red_wing,3537,14.0,33.00092754738013,0.5281565200578704
red_wing,3538,18.0,31.355326816449427,0.5455292326110226
red_wing,3539,29.0,36.56963185387463,0.5961495828436223
red_wing,3540,16.0,20.0320195966272,0.6753526456424297
red_wing,3541,33.0,37.91556445702143,0.5954395270806443
red_wing,3542,19.0,29.22122042436679,0.5759935920593511
red_wing,3543,15.0,29.14780427560786,0.5926969568983096
red_wing,3544,14.0,30.733798284844706,0.6209634749255075
red_wing,3545,12.0,29.055728644980604,0.6178706315803318
red_wing,3546,21.0,33.220517269951124,0.5870908465124264
red_wing,3547,15.0,23.062388809795387,0.6081870042080085
red_wing,3548,13.0,20.660187367036674,0.5649049665913106
red_wing,3549,11.0,29.628362184829776,0.558191354032213
red_wing,3550,21.0,32.39864984063611,0.6049151507214863
red_wing,3551,14.0,29.300019462783712,0.5588011230761156
red_wing,3552,16.0,28.401276477208423,0.604504502405971
red_wing,3553,21.0,30.962001244517637,0.6156107018855095
red_wing,3554,19.0,29.57496888275053,0.6141897032088559
red_wing,3555,20.0,28.464630959588007,0.611893606169525
red_wing,3556,19.0,31.98937915322347,0.5778333834339451
red_wing,3557,14.0,18.71065935522283,0.5887705590049425
red_wing,3558,21.0,30.479264366715398,0.5986292383955261
red_wing,3559,9.0,28.032568235450505,0.6182751773200962
red_wing,3560,14.0,30.027589784263046,0.6175960447394443
red_wing,3561,15.0,26.004353707751488,0.6095832823022117
red_wing,3562,19.0,31.316771515567734,0.5787928702201675
red_wing,3563,10.0,31.563487447852356,0.5668585836101738
red_wing,3564,9.0,33.62842132374456,0.580786518817326
red_wing,3565,21.0,32.616063531863794,0.6017297567035448
red_wing,3566,14.0,34.34034211319634,0.5740877978554619
red_wing,3567,11.0,28.7687710801243,0.5921695656082835
red_wing,3568,15.0,36.254756451857844,0.568700949359841
red_wing,3569,11.0,29.409222542906488,0.5999969035003759
red_wing,3570,15.0,33.80826122855358,0.6100765300602766
red_wing,3571,13.0,29.2305082324364,0.6331995203725607
red_wing,3572,13.0,30.16712753254764,0.6031399936476136
red_wing,3573,23.0,31.760632903440424,0.6283512275316985
red_wing,3574,12.0,25.863571994407284,0.6165715644874066
red_wing,3575,18.0,37.56511013055669,0.5794122444505142
red_wing,3576,22.0,29.95048374193327,0.5991952344544209
red_wing,3577,13.0,25.994200082050877,0.6480112268197868
red_wing,3578,13.0,24.13526725082597,0.5390845502696703
red_wing,3579,8.0,56.90709357419137,0.5612880055432737
red_wing,3580,32.0,28.119682448787163,0.5872228318587087
red_wing,3581,15.0,26.27343943692267,0.6378912187487301
red_wing,3582,13.0,33.899962062056964,0.5794901984728295
red_wing,3583,8.0,36.7787751374727,0.5509352347269483
red_wing,3584,18.0,29.058400753017057,0.5598533377265722
red_wing,3585,13.0,25.6537888523506,0.6164148324066887
red_wing,3586,14.0,32.46480215050314,0.554949661089669
red_wing,3587,15.0,29.08984072037904,0.6126779120015446
red_wing,3588,14.0,36.55157983005379,0.5444502653219321
red_wing,3589,16.0,26.455329111752054,0.6056885442679815
red_wing,3590,15.0,29.804681281322495,0.5950806770357934
red_wing,3591,19.0,29.73054184677644,0.6244673722409658
red_wing,3592,10.0,22.178026427260317,0.6233719701045746
red_wing,3593,36.0,38.06707927443879,0.5454505524565099
red_wing,3594,31.0,39.570036191631395,0.5547779746045474
red_wing,3595,14.0,26.49913242492448,0.6028656272566066
red_wing,3596,35.0,31.036926571753792,0.6405289803192504
red_wing,3597,21.0,29.608042122793137,0.6067225309091584
red_wing,3598,13.0,29.13888749537405,0.5558867413281804
red_wing,3599,11.0,30.270473840309478,0.5854849536200404
red_wing,3600,29.0,40.64752604104376,0.5627628906897548
red_wing,3601,16.0,28.069168048404826,0.6258546292330438
red_wing,3602,16.0,21.82623441674861,0.5714328177235277
red_wing,3603,16.0,29.500853465115966,0.5884402787318452
red_wing,3604,15.0,34.43804057370377,0.605374182861222
red_wing,3605,15.0,30.53155728424693,0.5631801055059485
red_wing,3606,18.0,29.007709702689347,0.5950974495017588
red_wing,3607,18.0,30.81952368493516,0.6006721851420005
red_wing,3608,15.0,31.4892905445501,0.5855666212421977
red_wing,3609,13.0,51.68362870489513,0.5848841873744377
red_wing,3610,36.0,29.4201265241335,0.5855773730932472
red_wing,3611,18.0,30.017709147385958,0.5844313881058107
red_wing,3612,11.0,29.501706994646245,0.5897498683387585
red_wing,3613,9.0,32.89398640181127,0.577417912739384
red_wing,3614,32.0,29.877448610293555,0.5621954291917045
red_wing,3615,16.0,34.74528954686058,0.6153922769449457
red_wing,3616,11.0,32.263209706396886,0.5496256741163439
red_wing,3617,14.0,24.34406349042283,0.6606452749718359
red_wing,3618,30.0,30.805381295371895,0.612444169968902
red_wing,3619,14.0,37.3142473649224,0.561763710090608
red_wing,3620,18.0,35.703878473449926,0.5853759330938333
red_wing,3621,37.0,36.576112973075,0.5818338076596687
red_wing,3622,18.0,33.972358714710126,0.6042472481490071
red_wing,3623,14.0,26.519473024318387,0.6290401139188234
red_wing,3624,15.0,27.886247026875026,0.6197417769384721
red_wing,3625,17.0,29.808939775352734,0.6018765361917866
red_wing,3626,12.0,34.54461251758661,0.5877640281986873
red_wing,3627,21.0,29.54284681049439,0.5960025348587871
red_wing,3628,18.0,31.6217238594984,0.5764051602809672
red_wing,3629,9.0,23.68772358362748,0.6140760458786418
red_wing,3630,11.0,23.49166816471293,0.5662653294305429
red_wing,3631,18.0,33.90758096315444,0.6321799931013913
red_wing,3632,21.0,24.784800970682106,0.6346849963676344
red_wing,3633,14.0,25.479440971829355,0.6144176121657704
red_wing,3634,13.0,32.21575531531868,0.5910171952827156
red_wing,3635,24.0,37.774639921125704,0.5805325706001973
red_wing,3636,29.0,29.51322591179456,0.5796819548502037
red_wing,3637,7.0,27.58443331895547,0.5666477113482049
red_wing,3638,23.0,32.384452761812824,0.609611159882989
red_wing,3639,52.0,33.591939395983204,0.5710170443884713
red_wing,3640,24.0,29.801927255685765,0.6319674336311358
red_wing,3641,33.0,30.314747593997033,0.6264053305157467
red_wing,3642,21.0,26.57611598511606,0.6376798758179087
red_wing,3643,21.0,30.1126375156706,0.611127540626129
red_wing,3644,11.0,31.10756335716419,0.5788565792688996
red_wing,3645,14.0,30.195383024940593,0.6185578446584681
red_wing,3646,15.0,32.96005551177764,0.6051871042667332
red_wing,3647,15.0,28.34107997024257,0.6229795193898461
red_wing,3648,19.0,20.381054695097973,0.6286371827774286
red_wing,3649,24.0,25.882320006997112,0.5867860546899875
red_wing,3650,22.0,25.663721246689008,0.5558623175185937
red_wing,3651,3.0,23.762579727111955,0.584152630569031
red_wing,3652,13.0,29.71924052234884,0.5903784331295805
red_wing,3653,14.0,36.24314630612368,0.5714676894601869
red_wing,3654,15.0,29.478720601818107,0.5766568527428082
red_wing,3655,16.0,40.35395735019427,0.5841461374304184
red_wing,3656,16.0,35.47372123740133,0.6215996516163009
red_wing,3657,20.0,29.43912299276897,0.6229512074969142
red_wing,3658,10.0,27.42156540213334,0.6133408423597283
red_wing,3659,22.0,29.22923813953547,0.613068215604231
red_wing,3660,13.0,28.568114572413492,0.5734456828162318
red_wing,3661,15.0,27.85495687187572,0.5977846916059176
red_wing,3662,13.0,24.851003957342026,0.6068344355941379
red_wing,3663,12.0,31.873531201948836,0.6330164617474024
red_wing,3664,19.0,29.52068980325606,0.5944240345675071
red_wing,3665,23.0,36.289763522011405,0.5245906252562571
red_wing,3666,20.0,27.423605476763445,0.5878274387492157
red_wing,3667,15.0,26.437094681823027,0.580512151010061
red_wing,3668,19.0,25.19783227050443,0.5654625104583737
red_wing,3669,20.0,34.34816767153131,0.6009231605643619
red_wing,3670,20.0,35.29709985049301,0.6266900112697635
red_wing,3671,28.0,29.603074645465718,0.5980641291433716
red_wing,3672,18.0,38.88002526799454,0.5811809654061422
red_wing,3673,29.0,30.9461305639293,0.5728729122459261
red_wing,3674,13.0,31.332125622133805,0.6002672355970782
red_wing,3675,29.0,30.7354542154732,0.6010780913485747
red_wing,3676,11.0,25.4392515255637,0.6255345649531414
red_wing,3677,19.0,28.496791728598296,0.615224342373338
red_wing,3678,15.0,32.00155369797386,0.5858214460804755
red_wing,3679,31.0,27.32390847377841,0.6161798547727395
red_wing,3680,15.0,41.031460519661195,0.5926046598021997
red_wing,3681,16.0,31.994484914557713,0.572014936477766
red_wing,3682,32.0,34.190563198431875,0.6003903580964505
red_wing,3683,14.0,37.33479230452231,0.5931162279453414
red_wing,3684,13.0,35.837255404444335,0.6254747832128058
red_wing,3685,35.0,31.31284129785389,0.6112915787127005
red_wing,3686,31.0,32.62176328558571,0.6221669757255834
red_wing,3687,11.0,30.442903640955887,0.6484421396702278
red_wing,3688,21.0,28.657282483721982,0.5886716065769124
red_wing,3689,18.0,26.62991835425752,0.5978448225664919
red_wing,3690,15.0,28.530944292139576,0.6382048275114725
red_wing,3691,16.0,30.393704123104712,0.5807498605662307
red_wing,3692,35.0,31.129851096680085,0.6307631645852729
red_wing,3693,13.0,25.98678294816707,0.6149906102296941
red_wing,3694,51.0,31.516441382901203,0.5509657710902451
red_wing,3695,15.0,30.26298301838288,0.5916341428027965
red_wing,3696,13.0,32.288228032808576,0.5629112946756627
red_wing,3697,16.0,25.672873848122546,0.5969448468104184
red_wing,3698,29.0,26.032351212414348,0.596432830916777
red_wing,3699,21.0,36.2939204595073,0.609365622753198
red_wing,3700,10.0,30.38769162295598,0.6034602862972978
red_wing,3701,14.0,26.434491316793867,0.6065498023516448
red_wing,3702,35.0,31.61350252442025,0.5349480996910922
red_wing,3703,10.0,29.190455209528043,0.6077302245243903
red_wing,3704,19.0,39.12400291523711,0.5870516785948188
red_wing,3705,23.0,25.631909307539672,0.6020020051520762
red_wing,3706,19.0,33.67535592038471,0.5707527367204278
red_wing,3707,15.0,30.43657870834008,0.6337817576455396
red_wing,3708,12.0,28.893149091093342,0.5934987417854414
red_wing,3709,18.0,28.610816133007756,0.5378933406608268
red_wing,3710,14.0,29.977089590452337,0.5975976029901829
red_wing,3711,16.0,29.73451638568759,0.5932473424189247
red_wing,3712,32.0,24.877955805103216,0.5790304451510244
red_wing,3713,11.0,35.97094592929061,0.5854827103613789
red_wing,3714,32.0,28.860347914224715,0.6356563192703801
red_wing,3715,24.0,31.05764062598456,0.5850830141965278
red_wing,3716,11.0,26.92615644111671,0.5442620191977374
red_wing,3717,32.0,30.717418164121366,0.5768978490624729
red_wing,3718,21.0,27.438931824489682,0.5810914353853469
red_wing,3719,12.0,31.643261920212257,0.6001064469129405
red_wing,3720,30.0,31.456275089704388,0.6051734193317095
red_wing,3721,33.0,33.614211627026066,0.5953027615324915
red_wing,3722,31.0,32.89498027251356,0.5848612110606439
red_wing,3723,11.0,32.21035065921534,0.5776926928481703
red_wing,3724,8.0,36.35720802807716,0.5576208948873995
red_wing,3725,13.0,20.951513301342217,0.6033496149854869
red_wing,3726,32.0,49.98358902305607,0.6015362611094015
red_wing,3727,21.0,33.48466498944728,0.5701284839278071
red_wing,3728,25.0,38.990101488303296,0.5598727715979785
red_wing,3729,19.0,26.58205791455211,0.599523393929255
red_wing,3730,15.0,38.64269098553486,0.5753569236701431
red_wing,3731,8.0,28.787842754961712,0.5752595085688268
red_wing,3732,16.0,36.054003741579024,0.6080221640434368
red_wing,3733,19.0,37.480880482445166,0.6050462971544432
red_wing,3734,38.0,34.572889323953504,0.5615825508687639
red_wing,3735,29.0,33.27725950516021,0.609001649522368
red_wing,3736,11.0,23.886894563707024,0.5466508618301669
red_wing,3737,13.0,28.99213302144324,0.6204460355563994
red_wing,3738,15.0,31.0822765594421,0.5897716996835489
red_wing,3739,13.0,26.603828800163566,0.5944473444822693
red_wing,3740,21.0,32.94253810735212,0.5744557030014162
red_wing,3741,11.0,32.211363200962886,0.5710789464146586
red_wing,3742,14.0,16.93330450310934,0.6325797685899992
red_wing,3743,13.0,31.089065396230847,0.5506008419853118
red_wing,3744,15.0,31.70807039373549,0.6055626617527665
red_wing,3745,35.0,29.53480347389793,0.580936154134102
red_wing,3746,15.0,26.928037047317364,0.5372715067080431
red_wing,3747,15.0,31.179372037200345,0.5819403867230479
red_wing,3748,33.0,32.60351587982162,0.5625133124731032
red_wing,3749,16.0,29.596214959152658,0.5647075881920662
red_wing,3750,14.0,29.193876873288346,0.5543107379529861
red_wing,3751,8.0,27.931558812215314,0.5983709519374659
red_wing,3752,13.0,25.382664290662525,0.5771400618379237
red_wing,3753,18.0,26.160829332187724,0.59549055653598
red_wing,3754,20.0,30.198954564543094,0.5697017261221129
red_wing,3755,16.0,32.45471909486289,0.5960271016722921
red_wing,3756,15.0,29.95714783611249,0.5963897098710469
red_wing,3757,24.0,34.44896408908675,0.5488766311209834
red_wing,3758,18.0,27.93427728387086,0.6180776444445382
red_wing,3759,16.0,18.337580922773533,0.5993876308807802
red_wing,3760,15.0,35.448483937138825,0.5335849268391362
red_wing,3761,18.0,35.83079644800801,0.5081417090036604
red_wing,3762,33.0,26.886292486074005,0.5989480807208956
red_wing,3763,21.0,37.67422051021455,0.5777352490384616
red_wing,3764,16.0,31.867708467408754,0.641412895094924
red_wing,3765,21.0,28.756875797190567,0.541312923370877
red_wing,3766,13.0,37.15031375355635,0.5853318560262515
red_wing,3767,13.0,30.41963631932052,0.5908896098126104
red_wing,3768,32.0,33.28807963712079,0.5989802447527264
red_wing,3769,13.0,30.91172507390294,0.5937986820921004
red_wing,3770,9.0,33.40772980175364,0.5515836044890372
red_wing,3771,8.0,26.96713362620695,0.5609297112952674
red_wing,3772,31.0,31.853558944280973,0.5761592055899285
red_wing,3773,21.0,30.20236054338446,0.6201447885045712
red_wing,3774,15.0,27.330639947718886,0.5710440065878348
red_wing,3775,13.0,31.87799786688748,0.6217108142235419
red_wing,3776,21.0,31.188270786704717,0.5713861628264201
red_wing,3777,15.0,29.17321799343555,0.565548054425989
red_wing,3778,8.0,28.675495265192495,0.5406273252507576
red_wing,3779,35.0,26.66010586205226,0.5925013370255832
red_wing,3780,32.0,32.73809883024091,0.6241291401677955
red_wing,3781,14.0,31.36628057656037,0.5926634883013246
red_wing,3782,11.0,29.947613898759652,0.598569572857264
red_wing,3783,13.0,32.78644317176114,0.6131134787891404
red_wing,3784,33.0,33.758274355725426,0.6330191437945925
red_wing,3785,15.0,25.0475787658035,0.6633094589761976
red_wing,3786,19.0,33.9129646477448,0.5940228645687498
red_wing,3787,23.0,33.705446509109656,0.5985179116301556
red_wing,3788,21.0,38.318169338786596,0.5522810216881449
red_wing,3789,29.0,30.094857472715514,0.5984328803025134
red_wing,3790,21.0,32.53011404878963,0.5916779756204242
red_wing,3791,24.0,28.77298912271314,0.5852001815140873
red_wing,3792,30.0,33.20842859981714,0.5891003437555591
red_wing,3793,18.0,30.791777571272597,0.5790585955163359
red_wing,3794,13.0,28.793728511115532,0.6508708670150078
red_wing,3795,16.0,29.06935737623127,0.579547376591609
red_wing,3796,16.0,28.74879774320263,0.580612981017696
red_wing,3797,30.0,29.265244770870833,0.565850816044287
red_wing,3798,13.0,23.80824914139058,0.6345469372543252
red_wing,3799,19.0,26.16747732275559,0.6065222334080167
red_wing,3800,15.0,30.23405805563444,0.5883585132346352
red_wing,3801,23.0,27.455748805028573,0.6166274742242099
red_wing,3802,23.0,29.520252523434017,0.6212127966407033
red_wing,3803,23.0,30.06114175994095,0.6278513177995919
red_wing,3804,9.0,31.056125146046718,0.5642158537231594
red_wing,3805,9.0,25.32899088082719,0.6041868960338272
red_wing,3806,43.0,32.007880132847355,0.58029110727071
red_wing,3807,19.0,29.56297954224637,0.6146071299614697
red_wing,3808,23.0,35.19776854879859,0.5379073286182426
red_wing,3809,14.0,28.759999366669497,0.5514015472473313
red_wing,3810,15.0,27.090493815453378,0.6011797904465157
red_wing,3811,13.0,28.050884843775073,0.6296729376197301
red_wing,3812,8.0,29.850655863435918,0.5814089270366573
red_wing,3813,9.0,25.898984133129016,0.6640534672413355
red_wing,3814,29.0,28.99151333777424,0.5742183245304293
red_wing,3815,31.0,30.389822633644158,0.6221766101694468
red_wing,3816,17.0,30.73208152307457,0.5780595951999615
red_wing,3817,16.0,30.869551736694945,0.5753617341563899
red_wing,3818,14.0,36.10588419188905,0.6056378913570098
red_wing,3819,17.0,28.799346979074716,0.6139462448404314
red_wing,3820,23.0,27.05861860173548,0.5850464295501486
red_wing,3821,19.0,27.64435001574421,0.5844687042915682
red_wing,3822,18.0,41.13428281155493,0.5526787900166171
red_wing,3823,28.0,30.371809120725423,0.5907192512131019
red_wing,3824,18.0,30.800242048262263,0.5397543788078556
red_wing,3825,21.0,26.18046213578872,0.5619548611533776
red_wing,3826,19.0,31.167376719859384,0.5710029984989913
red_wing,3827,11.0,29.778037703718972,0.5936328195895137
red_wing,3828,18.0,29.086515067551023,0.5518697329052072
red_wing,3829,16.0,27.797585490945576,0.6461297338648722
red_wing,3830,14.0,27.797349530119114,0.606176663372779
red_wing,3831,11.0,28.460640113090555,0.5749441586284361
red_wing,3832,15.0,30.93169447526161,0.6464437260680531
red_wing,3833,21.0,35.935924628411506,0.542336111643887
red_wing,3834,12.0,29.904131528809536,0.5531974040496579
red_wing,3835,21.0,30.280443672063626,0.6143335050843782
red_wing,3836,14.0,26.45878871353546,0.6338524255745503
red_wing,3837,15.0,24.26421457228828,0.6035182239550212
red_wing,3838,34.0,33.3691720597098,0.6165153622232322
red_wing,3839,15.0,26.573765132378906,0.6016080653033138
red_wing,3840,11.0,26.59293857166532,0.5904621143102873
red_wing,3841,21.0,27.777809859399063,0.630000977818781
red_wing,3842,14.0,28.800754837017063,0.6076445708811842
red_wing,3843,15.0,28.83066891919889,0.6221053781925472
red_wing,3844,17.0,20.83776659436343,0.6201973559513452
red_wing,3845,15.0,35.145735550334045,0.5714040784701688
red_wing,3846,21.0,31.960273334023736,0.5815353440464573
red_wing,3847,18.0,30.189938909848927,0.5942166189555286
red_wing,3848,23.0,27.382929016635796,0.5766073490494457
red_wing,3849,18.0,28.628939236328954,0.5872452580507886
red_wing,3850,19.0,32.286561962870316,0.5312086816241839
red_wing,3851,9.0,25.83930658081371,0.5989015946624733
red_wing,3852,41.0,42.14375995972538,0.576676953757487
red_wing,3853,31.0,25.317286983716166,0.6321539743580199
red_wing,3854,24.0,32.93295751914592,0.6001881300793639
red_wing,3855,15.0,24.978519070892947,0.5843797973817575
red_wing,3856,27.0,32.898500623238235,0.6211861476252534
red_wing,3857,21.0,36.19363396781378,0.5794074126098181
red_wing,3858,13.0,28.70316972650207,0.581338703161884
red_wing,3859,24.0,32.48827500525075,0.6105010052738493
red_wing,3860,15.0,30.564035382675215,0.596203952156959
red_wing,3861,18.0,28.05253681206953,0.612800448535132
red_wing,3862,16.0,35.59831509501284,0.6047076350764224
red_wing,3863,14.0,29.588933891724423,0.5704892350236606
red_wing,3864,19.0,29.72807786839374,0.5808435074773696
red_wing,3865,19.0,34.772602828154916,0.6046364932280404
red_wing,3866,21.0,28.764682394946416,0.6107089468784864
red_wing,3867,16.0,30.248509634205465,0.6268944965826702
red_wing,3868,14.0,29.742304059661986,0.6335570254308336
red_wing,3869,38.0,37.38023194350934,0.5643617294903396
red_wing,3870,38.0,54.94504751136375,0.5769045840285943
red_wing,3871,15.0,29.364796540266816,0.5986638929195989
red_wing,3872,16.0,36.88160989555919,0.5957228663502935
red_wing,3873,21.0,29.992284735639682,0.6328423235391112
red_wing,3874,11.0,27.908115784660243,0.6149180058224513
red_wing,3875,21.0,28.882562484578994,0.5745144868912715
red_wing,3876,21.0,37.461655248979035,0.6106221294147083
red_wing,3877,35.0,21.73486061421085,0.5786523540793429
red_wing,3878,16.0,27.117995537008323,0.5692249959622955
red_wing,3879,18.0,29.52673079678344,0.5693542660330156
red_wing,3880,11.0,24.414356206592,0.6032650234523853
red_wing,3881,32.0,28.199359417522494,0.6068297827675491
red_wing,3882,29.0,29.831907539265032,0.570827420292521
red_wing,3883,14.0,36.49341904801792,0.5819208703689621
red_wing,3884,18.0,30.89702343209831,0.6001472336626796
red_wing,3885,34.0,31.455081116697922,0.5573910188520204
red_wing,3886,11.0,25.08973011399946,0.5923217242171235
red_wing,3887,15.0,31.95070853923373,0.6499793630340787
red_wing,3888,23.0,29.966240240069226,0.6228208648223487
red_wing,3889,15.0,31.703975623569043,0.6412333589590815
red_wing,3890,13.0,34.536069703905234,0.5971118551513673
red_wing,3891,16.0,32.6066839827703,0.5962423076384743
red_wing,3892,14.0,28.882337831081614,0.6100015202875804
red_wing,3893,35.0,30.285948280389146,0.5606030488837895
red_wing,3894,14.0,24.51271728561272,0.5980762913517051
red_wing,3895,15.0,32.16819275702332,0.5936987803928072
red_wing,3896,19.0,27.11251786924209,0.5543008216913505
red_wing,3897,15.0,34.64296083911427,0.5941878694910102
red_wing,3898,33.0,32.699057753256085,0.6198787077834219
red_wing,3899,23.0,31.324608452993104,0.6425949573653538
red_wing,3900,9.0,20.95380482210323,0.6240184270260423
red_wing,3901,11.0,33.3219073378192,0.6550219845707047
red_wing,3902,15.0,33.987544081037214,0.5418145355282302
red_wing,3903,19.0,31.850123762822957,0.5987360597924896
red_wing,3904,13.0,35.712608647614715,0.5707365202365441
red_wing,3905,14.0,31.422531254233217,0.6097198918270474
red_wing,3906,16.0,34.857434781992296,0.6286298932295118
red_wing,3907,14.0,24.093219752574868,0.5844632737364408
red_wing,3908,21.0,37.57487573613505,0.6207013424579102
red_wing,3909,28.0,29.54212198228423,0.5611280685270534
red_wing,3910,18.0,37.06417902206541,0.5793736084711645
red_wing,3911,14.0,28.80177510549943,0.6227882536593425
red_wing,3912,25.0,31.90667478567803,0.5960353115979539
red_wing,3913,14.0,26.52878595060304,0.6284644612262134
red_wing,3914,18.0,24.523930371099887,0.5783900329380938
red_wing,3915,14.0,42.708611076414954,0.5913382100905871
red_wing,3916,16.0,26.579533150234287,0.5922172375096095
red_wing,3917,18.0,32.25580229583885,0.560772074101663
red_wing,3918,15.0,29.8725932343676,0.608701029787714
red_wing,3919,13.0,31.449152230787572,0.5891359681190338
red_wing,3920,18.0,33.635818854588834,0.5925810959675317
red_wing,3921,14.0,20.692796542380563,0.6138435209981565
red_wing,3922,21.0,31.069958077193938,0.5915275689807185
red_wing,3923,22.0,33.02116873188957,0.5544332336769909
red_wing,3924,21.0,34.41295707221465,0.6039639713881746
red_wing,3925,18.0,31.598716370944505,0.586158522632679
red_wing,3926,17.0,29.88537467034698,0.6280725344796232
red_wing,3927,22.0,26.894560771365928,0.5892164634880959
red_wing,3928,16.0,28.081751645180532,0.6025280547289796
red_wing,3929,21.0,32.8932392534504,0.6100187093907707
red_wing,3930,15.0,27.841472049233797,0.6087646824274616
red_wing,3931,29.0,34.7258154018477,0.6689461377737278
red_wing,3932,10.0,28.36038372341147,0.6126716341163025
red_wing,3933,19.0,31.548760410464215,0.5907769170285457
red_wing,3934,26.0,30.410157998205904,0.6417073558907924
red_wing,3935,32.0,33.25939843248537,0.5838338263468025
red_wing,3936,29.0,34.44622268943192,0.5509337227784903
red_wing,3937,32.0,30.581655004252344,0.6168225292873731
red_wing,3938,15.0,27.91312878818679,0.5710222625791559
red_wing,3939,20.0,30.28564106962748,0.5385240595356138
red_wing,3940,13.0,29.993851667110675,0.5689358622630523
red_wing,3941,18.0,28.728804751597373,0.5922921662098528
red_wing,3942,14.0,28.736764773482054,0.5945891431436464
red_wing,3943,14.0,30.169384855763248,0.6324357834172143
red_wing,3944,22.0,27.262231275541883,0.5850202201468069
red_wing,3945,13.0,29.506362627089363,0.5993216704148419
red_wing,3946,15.0,37.489659602972786,0.5811559458883839
red_wing,3947,20.0,34.523853229175295,0.6190007154392296
red_wing,3948,29.0,30.55391281942706,0.6479147976245121
red_wing,3949,8.0,30.882016081460307,0.5841407336716222
red_wing,3950,13.0,25.50866137498091,0.5517557122038379
red_wing,3951,21.0,26.85974256662784,0.600153027892826
red_wing,3952,16.0,18.73350561099892,0.5674777394409276
red_wing,3953,14.0,27.57741453472694,0.5733205265525048
red_wing,3954,31.0,33.55533456624314,0.5977305027252927
red_wing,3955,25.0,25.929227056733477,0.6189988392418139
red_wing,3956,21.0,25.32976973002512,0.6024852867936495
red_wing,3957,21.0,31.33923611659679,0.5635762796830459
red_wing,3958,29.0,32.76335243399292,0.5619390890737003
red_wing,3959,15.0,24.701989164141885,0.5731476342552786
red_wing,3960,18.0,26.338235555056524,0.6185204269390948
red_wing,3961,31.0,30.57487304412969,0.566866891753075
red_wing,3962,15.0,36.385616085115025,0.612790221408395
red_wing,3963,33.0,33.87601335046147,0.622035272639663
red_wing,3964,31.0,29.285787185663583,0.6332323599875842
red_wing,3965,30.0,31.77853153700815,0.5728790671573459
red_wing,3966,14.0,32.53007021937654,0.5719488267155755
red_wing,3967,15.0,22.156281985277484,0.6242540586298322
red_wing,3968,16.0,31.870929483181058,0.5786014213104602
red_wing,3969,16.0,28.62434993833964,0.5958667660793272
red_wing,3970,28.0,28.8554504634904,0.6163196250695122
red_wing,3971,9.0,25.502395237459694,0.6150565795570164
red_wing,3972,13.0,29.73870054855938,0.5904645883454959
red_wing,3973,16.0,30.325521587729394,0.5988891111534443
red_wing,3974,15.0,26.352572239729476,0.5793979901841404
red_wing,3975,15.0,24.133134691417727,0.614996049240484
red_wing,3976,32.0,29.394579702308686,0.5910934542980928
red_wing,3977,18.0,38.23171668684544,0.5753905411500291
red_wing,3978,9.0,38.492319412538066,0.5953464516051561
red_wing,3979,33.0,29.954171535093785,0.6264213522623046
red_wing,3980,14.0,37.09376141088024,0.6056443226610331
red_wing,3981,18.0,27.34698832932801,0.6081283170886789
red_wing,3982,11.0,32.301552420174296,0.628373299960211
red_wing,3983,9.0,38.40305927563096,0.6006793050425883
red_wing,3984,14.0,30.248566452597117,0.6196163127914851
red_wing,3985,19.0,38.97239437882842,0.5748161365803974
red_wing,3986,13.0,34.3406831205535,0.5748199817566345
red_wing,3987,21.0,34.27184917056998,0.6188311662489392
red_wing,3988,24.0,28.201019802589745,0.6003626102195337
red_wing,3989,14.0,30.2813417676249,0.5902768140134228
red_wing,3990,13.0,32.36133499753903,0.6110129729403297
red_wing,3991,30.0,33.24387186268114,0.5487094160976771
red_wing,3992,31.0,29.59728159536962,0.6229770454950578
red_wing,3993,16.0,30.361943273926517,0.6253598063896452
red_wing,3994,34.0,31.547156659971048,0.5776591714586077
red_wing,3995,14.0,28.34388781867358,0.5902337011541241
red_wing,3996,13.0,22.975354956565095,0.599148327459599
red_wing,3997,16.0,21.085845486113303,0.6173242903164375
red_wing,3998,21.0,33.64101665551537,0.5709764061489153
red_wing,3999,25.0,32.41585308349158,0.5846269251532353
red_wing,4000,11.0,23.93452916951775,0.6235763469446594
red_wing,4001,14.0,25.27159272064033,0.5622301501128091
red_wing,4002,18.0,29.096553382630468,0.6202902823313695
red_wing,4003,13.0,33.25929201819723,0.6145051871746062
red_wing,4004,9.0,28.61799128899809,0.5961012307149216
red_wing,4005,21.0,38.74284735062429,0.6084336518208449
red_wing,4006,22.0,35.37599700339623,0.5882168160190078
red_wing,4007,14.0,22.155440413084825,0.6301951899803283
red_wing,4008,16.0,27.955871460009426,0.5787243568040654
red_wing,4009,14.0,23.13610195090767,0.5986360804248544
red_wing,4010,21.0,35.91285980972459,0.5659261039390304
red_wing,4011,32.0,33.0947887886318,0.5728442256457495
red_wing,4012,38.0,35.47329321129037,0.5967152849601389
red_wing,4013,8.0,29.181998261403933,0.6308398378977339
red_wing,4014,12.0,36.886384646805,0.5656803584252255
red_wing,4015,33.0,30.31347789480156,0.6382863060131116
red_wing,4016,19.0,26.996385104778163,0.6088825195282289
red_wing,4017,9.0,27.027251402055906,0.5925982359020046
red_wing,4018,15.0,26.8973573112376,0.601056786270876
red_wing,4019,18.0,33.36350226265955,0.5763320922008788
red_wing,4020,18.0,35.03422652018376,0.610206280228591
red_wing,4021,11.0,31.411008369740152,0.5528797556219713
red_wing,4022,8.0,31.875807179262242,0.5529865114950969
red_wing,4023,39.0,32.11491562798049,0.607452378972876
red_wing,4024,15.0,26.7758286380477,0.5737237700983002
red_wing,4025,36.0,33.537716136478366,0.5931505371027349
red_wing,4026,8.0,28.272354507719648,0.6275843486349768
red_wing,4027,15.0,27.04007120833482,0.6069325952686401
red_wing,4028,13.0,38.43151165615321,0.5883268585156569
red_wing,4029,14.0,34.2168508561692,0.6039102769531695
red_wing,4030,19.0,37.414323954596945,0.5800742804900062
red_wing,4031,29.0,33.660874565315595,0.5602370213540224
red_wing,4032,10.0,26.684111510360008,0.5761453953745156
red_wing,4033,22.0,30.787366285878754,0.5971955020775388
red_wing,4034,15.0,19.35077834017852,0.5879716889113851
red_wing,4035,19.0,34.92150231581521,0.6044596031283685
red_wing,4036,16.0,28.598554882154374,0.5751690683858406
red_wing,4037,21.0,30.990814689520228,0.5910236097607328
red_wing,4038,18.0,29.193930397624037,0.6094956303191135
red_wing,4039,14.0,30.20885046545859,0.5790391377912802
red_wing,4040,37.0,32.19232275207775,0.6371163718595797
red_wing,4041,13.0,32.729701998578584,0.6067363588844452
red_wing,4042,9.0,29.175471012928792,0.5620416730489792
red_wing,4043,30.0,30.613551244804935,0.6009076240079679
red_wing,4044,19.0,28.712759471922993,0.584932522759106
red_wing,4045,16.0,24.406423283330412,0.6057245914859146
red_wing,4046,23.0,36.290867852668256,0.5594675669076681
red_wing,4047,13.0,24.5339142100039,0.6110909960426447
red_wing,4048,16.0,35.42592575082248,0.6086016717795063
red_wing,4049,19.0,29.23432449360208,0.576266141012103
red_wing,4050,16.0,33.767997848706244,0.5662915956294854
red_wing,4051,21.0,28.087276829293927,0.5783629051486238
red_wing,4052,13.0,29.973966476983207,0.6330737921701839
red_wing,4053,14.0,31.709473983063607,0.6172740079453459
red_wing,4054,24.0,31.193114658406913,0.6154003884168355
red_wing,4055,15.0,27.985684901858072,0.6323988090884396
red_wing,4056,22.0,28.728154908221846,0.6101891953736488
red_wing,4057,13.0,27.999405025257673,0.5828217038872474
red_wing,4058,18.0,27.78201823968519,0.5609529943376175
red_wing,4059,13.0,29.66352275660514,0.6257458478330262
red_wing,4060,24.0,31.244064583021466,0.6057521359403906
red_wing,4061,14.0,26.434744526529734,0.5980726766875375
red_wing,4062,20.0,37.08382235308735,0.5598627041062103
red_wing,4063,15.0,27.7234994190884,0.5559082465182599
red_wing,4064,19.0,32.2518845660972,0.6268582695961815
red_wing,4065,19.0,28.088614190279475,0.579230717315774
red_wing,4066,20.0,25.339457319881753,0.6015526693219706
red_wing,4067,18.0,36.99429247299482,0.5553897394593208
red_wing,4068,34.0,32.64146598275893,0.5470616057581954
red_wing,4069,23.0,33.34730402542099,0.5710556798548576
red_wing,4070,32.0,37.19432662913089,0.6023041782439411
red_wing,4071,15.0,26.958733879351165,0.6096494897614007
red_wing,4072,16.0,30.74355113460688,0.5659237842410625
red_wing,4073,11.0,36.37072481711917,0.5830015791654647
red_wing,4074,18.0,33.15188538426988,0.6064558012688015
red_wing,4075,36.0,34.527381310092736,0.602398365846081
red_wing,4076,15.0,34.24498925235136,0.5495400206867438
red_wing,4077,11.0,26.994694830356064,0.6331361358231387
red_wing,4078,22.0,24.122657793217694,0.6403851533989894
red_wing,4079,9.0,28.02730789173478,0.6050673876850854
red_wing,4080,21.0,29.20350554047398,0.6166604233477038
red_wing,4081,15.0,24.722255882615435,0.6427388655225739
red_wing,4082,12.0,26.972262016150648,0.6215564216388247
red_wing,4083,31.0,29.069997093659413,0.5722466454275327
red_wing,4084,21.0,32.58216899717215,0.5635526217755493
red_wing,4085,8.0,29.485266586863162,0.5761734502074982
red_wing,4086,15.0,32.76275037611909,0.5622899702757873
red_wing,4087,15.0,32.627129813831445,0.6022407819544726
red_wing,4088,16.0,29.790699756976124,0.6193454292970539
red_wing,4089,34.0,37.05989664635606,0.6004778188307642
red_wing,4090,16.0,22.369088289897547,0.5814574055310007
red_wing,4091,11.0,28.331870223073416,0.6207606938266487
red_wing,4092,9.0,28.989338020823105,0.5924753114800796
red_wing,4093,31.0,32.260182840413535,0.5956587357811908
red_wing,4094,22.0,27.936985939476877,0.5838512055739818
red_wing,4095,9.0,33.65596200195557,0.5697357246412392
red_wing,4096,21.0,36.49455301827852,0.5657068380427044
red_wing,4097,15.0,27.469690631996063,0.5563665119451078
red_wing,4098,18.0,24.456235831942028,0.6126110026560456
red_wing,4099,14.0,34.98569800116313,0.5954117322499302
red_wing,4100,31.0,32.620774469244814,0.5953304557050809
red_wing,4101,11.0,26.821541169257152,0.6318248539491846
red_wing,4102,16.0,32.84374679532633,0.6215036958938727
red_wing,4103,16.0,27.109381220322206,0.6203293945571791
red_wing,4104,15.0,32.38759838519223,0.6028792758527697
red_wing,4105,29.0,33.46006647135067,0.5849955383843536
red_wing,4106,24.0,31.46716504894558,0.6048546195883784
red_wing,4107,32.0,31.54606337989964,0.6088040919605505
red_wing,4108,25.0,39.320593564965954,0.565672788249256
red_wing,4109,16.0,30.36978935410946,0.5809319908467426
red_wing,4110,21.0,32.85673294012784,0.6171109940995076
red_wing,4111,21.0,32.753211696974375,0.5689745717361372
red_wing,4112,20.0,27.74950018595098,0.585296185872992
red_wing,4113,13.0,21.615106979717623,0.6159259087365474
red_wing,4114,15.0,26.136367136716867,0.6015593046389663
red_wing,4115,13.0,30.676974923501767,0.6164722272424381
red_wing,4116,15.0,34.2288339475456,0.6239738535518032
red_wing,4117,50.0,52.23162805216197,0.5596458173075813
red_wing,4118,18.0,32.070004664036865,0.5594453978105196
red_wing,4119,29.0,34.979419427647024,0.6163749471913536
red_wing,4120,38.0,30.29765370712836,0.584886582572702
red_wing,4121,10.0,33.56676329224595,0.5602921490118666
red_wing,4122,14.0,30.928627075187773,0.5773265411879458
red_wing,4123,15.0,28.349975137310246,0.5691543253066135
red_wing,4124,9.0,28.306181345415602,0.5803180962523746
red_wing,4125,8.0,29.995294746466353,0.601200000510242
red_wing,4126,30.0,32.82069115524223,0.5862675747245938
red_wing,4127,21.0,40.213018437163015,0.5656154590647552
red_wing,4128,10.0,23.738997183862544,0.6027866543652995
red_wing,4129,32.0,29.88534488218473,0.5928775402350107
red_wing,4130,19.0,32.83546532325008,0.5815723263003671
red_wing,4131,9.0,29.743584363772747,0.5822846045169208
red_wing,4132,31.0,34.92070128357579,0.5739378676031681
red_wing,4133,13.0,24.070108718066127,0.6776820262918435
red_wing,4134,24.0,29.086247340812466,0.5869201997464872
red_wing,4135,18.0,27.003663694560785,0.5937502968647181
red_wing,4136,11.0,22.987953920328465,0.5645887782789438
red_wing,4137,15.0,27.248041995008787,0.6230486142723892
red_wing,4138,33.0,28.981307500205343,0.5665590375829236
red_wing,4139,34.0,35.180738850951386,0.6279481318505811
red_wing,4140,8.0,28.73936600937337,0.572740317379791
red_wing,4141,18.0,31.218128213242675,0.6068349433568839
red_wing,4142,15.0,32.813013716548035,0.5249264061688252
red_wing,4143,19.0,30.755547584848994,0.5794029929531455
red_wing,4144,35.0,30.41960673611637,0.5844992199640274
red_wing,4145,11.0,27.57953529005155,0.5950626832032611
red_wing,4146,15.0,26.8140616436373,0.6073850419208084
red_wing,4147,32.0,36.02669095531714,0.5972552205407913
red_wing,4148,15.0,29.46500090124129,0.6308260796427181
red_wing,4149,18.0,29.856734001179863,0.5852492354291594
red_wing,4150,20.0,32.614900953069224,0.5405107531908566
red_wing,4151,15.0,30.35531971561481,0.5413300033788018
red_wing,4152,12.0,29.389450292159086,0.5398412568539986
red_wing,4153,14.0,30.773936223769,0.5930246865711103
red_wing,4154,9.0,27.989246057838944,0.6132612615907898
red_wing,4155,21.0,34.67006912427195,0.6018065797772583
red_wing,4156,21.0,36.38180139113295,0.5622917608063227
red_wing,4157,13.0,32.0249886953826,0.5714908730011238
red_wing,4158,21.0,30.71019701874494,0.56885441272847
red_wing,4159,10.0,33.5251206297447,0.6100273880995891
red_wing,4160,21.0,33.33515467201531,0.5753079561556276
red_wing,4161,34.0,31.655178696155662,0.6468833836581633
red_wing,4162,16.0,29.45912393146265,0.567949447336318
red_wing,4163,12.0,31.87227795358905,0.5543016743802484
red_wing,4164,16.0,30.16203912563763,0.5778790858307747
red_wing,4165,17.0,27.659836170085057,0.6365230738161667
red_wing,4166,15.0,35.46096007616158,0.5749628424911473
red_wing,4167,32.0,35.0673032503862,0.6089396107109621
red_wing,4168,33.0,30.81803209536699,0.5814258985687246
red_wing,4169,15.0,31.02956108699383,0.5891349157155445
red_wing,4170,9.0,26.047243710204103,0.579763454369421
red_wing,4171,15.0,29.80753590049812,0.6081407415345939
red_wing,4172,31.0,33.12988314497927,0.5627887078448179
red_wing,4173,21.0,30.0769423902738,0.5774887422873389
red_wing,4174,35.0,38.443044808830116,0.5997587864457863
red_wing,4175,25.0,32.0701125921255,0.5978180238260833
red_wing,4176,35.0,27.707548868455685,0.608334051904889
red_wing,4177,28.0,40.07301986039192,0.6071228195522598
red_wing,4178,38.0,32.9462937271581,0.6163144761370059
red_wing,4179,15.0,24.841119538377153,0.5804456695609157
red_wing,4180,15.0,28.536934154725735,0.6144293606086495
red_wing,4181,11.0,22.507950243020844,0.5617372581560534
red_wing,4182,21.0,29.748942001073832,0.5769876728412826
red_wing,4183,14.0,35.933787444612285,0.5803603777651034
red_wing,4184,12.0,25.94024020171686,0.5969812739173905
red_wing,4185,47.0,37.21215630212229,0.5268957972742152
red_wing,4186,21.0,31.53427663986227,0.59551474078313
red_wing,4187,8.0,20.10432913793832,0.5782557420112291
red_wing,4188,18.0,34.6064713356701,0.5682182274184944
red_wing,4189,35.0,29.639997461375003,0.6295570028322895
red_wing,4190,9.0,24.988699790008766,0.6240304333941926
red_wing,4191,19.0,31.58565552425668,0.6158455944134469
red_wing,4192,18.0,29.778654963691874,0.5957376534923409
red_wing,4193,16.0,30.15133705487182,0.6080719029420657
red_wing,4194,24.0,28.48321177010512,0.6128867148387065
red_wing,4195,14.0,22.321942880158936,0.6050391877322485
red_wing,4196,35.0,26.035003411787137,0.5656967010894258
red_wing,4197,11.0,27.572914111784183,0.6179438412659237
red_wing,4198,21.0,32.739679711748224,0.6426532836241003
red_wing,4199,18.0,40.51352545079397,0.5289567793999235
red_wing,4200,32.0,29.99484685150507,0.5820834557534902
red_wing,4201,21.0,38.403091050004825,0.5671057214437913
red_wing,4202,32.0,35.95575134622315,0.6228098904817623
red_wing,4203,14.0,29.230955659914866,0.6249256278700472
red_wing,4204,20.0,28.481115020115393,0.5720883365339795
red_wing,4205,14.0,26.963514001351584,0.5937988359414903
red_wing,4206,16.0,30.778455998155966,0.6119365945836778
red_wing,4207,19.0,38.35820426178549,0.5959108952998105
red_wing,4208,10.0,30.66104444231245,0.6053442986972397
red_wing,4209,15.0,29.78442714786752,0.5614148889774886
red_wing,4210,20.0,29.544882498283393,0.6221893391642888
red_wing,4211,12.0,28.669718810006295,0.6071576596744989
red_wing,4212,18.0,22.201884767789746,0.6011333618369213
red_wing,4213,23.0,25.240646149334783,0.5985901218394133
red_wing,4214,38.0,39.69345811507686,0.6130080523103685
red_wing,4215,14.0,26.799548698916368,0.5665407785949417
red_wing,4216,8.0,35.728131499195385,0.5680565382210243
red_wing,4217,15.0,24.64669429848691,0.6206901136333515
red_wing,4218,29.0,38.544820927039574,0.6311889085641181
red_wing,4219,16.0,30.48761459012533,0.6296769655590817
red_wing,4220,15.0,24.808286026269972,0.6481760696168561
red_wing,4221,22.0,41.75291817113058,0.6107779191196718
red_wing,4222,15.0,28.393184443211897,0.5770167528673434
red_wing,4223,14.0,31.26449371914433,0.6076082094843629
red_wing,4224,33.0,41.21400238249345,0.5866478387213967
red_wing,4225,21.0,22.2125576956981,0.5766751436865755
red_wing,4226,29.0,30.609806253195565,0.5671553439345255
red_wing,4227,12.0,36.68747365146372,0.6296113035575895
red_wing,4228,31.0,31.875487080231927,0.5636454926850121
red_wing,4229,30.0,30.987238334354803,0.6103915061379241
red_wing,4230,34.0,41.29519500073579,0.606515538661047
red_wing,4231,16.0,24.342100669082118,0.6047632071692213
red_wing,4232,19.0,30.235907644052837,0.5728067979636962
red_wing,4233,20.0,26.482183104967856,0.632495103191247
red_wing,4234,19.0,27.950296397974455,0.583417268448022
red_wing,4235,18.0,25.796236886479356,0.5553612017006146
red_wing,4236,12.0,41.8859963656002,0.5761097703713848
red_wing,4237,21.0,29.0103551038792,0.5955747957864617
red_wing,4238,13.0,27.06888086669169,0.5722200989461064
red_wing,4239,29.0,27.414157360257384,0.6481869949910499
red_wing,4240,14.0,28.480542655168737,0.6644053176943151
red_wing,4241,15.0,25.139463471943234,0.6254512084785131
red_wing,4242,27.0,29.522307315311682,0.6308264131190195
red_wing,4243,33.0,33.35469957727461,0.6016822719197735
red_wing,4244,13.0,35.48012852500911,0.6050004218120457
red_wing,4245,23.0,33.03642874760181,0.5750488041965152
red_wing,4246,17.0,31.340738655961115,0.5653335422926538
red_wing,4247,17.0,28.94827149306898,0.6123511388171479
red_wing,4248,21.0,42.11665541208339,0.5298023160719844
red_wing,4249,9.0,26.94738276194408,0.6039086201878096
red_wing,4250,16.0,28.060190293467,0.5610968785654806
red_wing,4251,14.0,29.49613328040928,0.6043656636444258
red_wing,4252,15.0,35.45285504411069,0.6170416919247094
red_wing,4253,11.0,29.437125936862195,0.6180661331215251
red_wing,4254,33.0,32.02089829652188,0.5531521699905566
red_wing,4255,13.0,28.322870361936857,0.5862814477940061
red_wing,4256,15.0,34.20538396538955,0.5939802535794279
red_wing,4257,21.0,30.962020423038826,0.6109977409844735
red_wing,4258,13.0,33.804164431862404,0.6248585709972583
red_wing,4259,31.0,38.14337899801613,0.6040943325557064
red_wing,4260,31.0,34.22751277046588,0.5578356743252659
red_wing,4261,14.0,36.31337131792101,0.5925467818174195
red_wing,4262,13.0,25.490085122388855,0.640855882981662
red_wing,4263,53.0,35.477666055301604,0.6008814756010684
red_wing,4264,8.0,32.09882506494446,0.5840946862220606
red_wing,4265,22.0,32.121577420162446,0.6152710558781558
red_wing,4266,21.0,35.57311984092534,0.566893204543502
red_wing,4267,21.0,29.741523453837058,0.5880654947332098
red_wing,4268,14.0,30.486505508468287,0.5507295714550948
red_wing,4269,34.0,30.88680029558961,0.5750201633199457
red_wing,4270,39.0,31.514788037595636,0.5885508026849733
red_wing,4271,19.0,26.61812035787604,0.617815241105563
red_wing,4272,20.0,33.37243933665058,0.6343883111719931
red_wing,4273,7.0,20.8302652719431,0.626314948307177
red_wing,4274,15.0,26.188349125985532,0.584673617920836
red_wing,4275,9.0,30.727117603896634,0.5741256322009292
red_wing,4276,18.0,37.10348996747665,0.6100510692051452
red_wing,4277,16.0,25.493923358977767,0.6311634804170119
red_wing,4278,29.0,33.522811530168084,0.5812537413617285
red_wing,4279,15.0,28.346842552725004,0.5808154756866418
red_wing,4280,13.0,23.974817663138897,0.5638956246761637
red_wing,4281,19.0,32.5543558358306,0.5612313634445663
red_wing,4282,17.0,29.614409291270753,0.579828406244306
red_wing,4283,13.0,30.165184620773953,0.6144510711727986
red_wing,4284,23.0,30.333578567297135,0.6143367645837126
red_wing,4285,28.0,28.254973821393015,0.6639531464271282
red_wing,4286,8.0,23.502747158261187,0.6292632839651991
red_wing,4287,15.0,35.72513428596001,0.5770824125521123
red_wing,4288,18.0,28.812697082268645,0.5805881041950423
red_wing,4289,14.0,27.964727812875243,0.6285053225985948
red_wing,4290,15.0,25.563414777704338,0.6307279710469607
red_wing,4291,14.0,54.23945045693128,0.5793658381453851
red_wing,4292,24.0,32.422832667906604,0.5760580591618232
red_wing,4293,18.0,30.369851712944403,0.5963183625532412
red_wing,4294,14.0,33.192061523983305,0.6036369551955686
red_wing,4295,30.0,31.48850804878547,0.5875897933212455
red_wing,4296,15.0,30.190612940596214,0.6283327333039614
red_wing,4297,23.0,30.949235907027518,0.5891774680445079
red_wing,4298,33.0,32.32238426065943,0.5977004457621526
red_wing,4299,10.0,20.288286354992902,0.6063651149769649
red_wing,4300,14.0,29.50669760982094,0.5924410041227628
red_wing,4301,9.0,24.21637125388124,0.6051442623027308
red_wing,4302,11.0,25.03776356062468,0.5789995742429885
red_wing,4303,14.0,31.656266073310594,0.5776770416069569
red_wing,4304,9.0,34.30739933964467,0.5756808411840563
red_wing,4305,13.0,30.246371204470332,0.5794147013994517
red_wing,4306,14.0,26.903482095977747,0.6164623229239049
red_wing,4307,8.0,30.14421336945794,0.5730686175725257
red_wing,4308,29.0,35.40100540710174,0.5892345849398242
red_wing,4309,15.0,33.272923152382674,0.5704999193709046
red_wing,4310,29.0,40.49962534656814,0.5997157650409058
red_wing,4311,9.0,28.827884045041493,0.6225733696672469
red_wing,4312,30.0,30.497451410860297,0.6373844862300648
red_wing,4313,16.0,28.116367206996962,0.578666955912547
red_wing,4314,37.0,30.72669781130505,0.5929186410863636
red_wing,4315,14.0,28.339322570098947,0.6041771466078886
red_wing,4316,18.0,30.366673435610394,0.6355619211496057
red_wing,4317,10.0,30.543053710965985,0.6141694753900688
red_wing,4318,32.0,31.26384137290396,0.5808228530032555
red_wing,4319,11.0,23.67460334688978,0.6311914425473272
red_wing,4320,25.0,31.107759183510268,0.5702290595977281
red_wing,4321,9.0,26.922332003242577,0.6439956470211226
red_wing,4322,13.0,30.36186459045618,0.5962324103275307
red_wing,4323,10.0,30.340445661009284,0.5988089505581502
red_wing,4324,21.0,29.235258675136567,0.5963027417862639
red_wing,4325,35.0,40.97400229070386,0.5971943459867346
red_wing,4326,15.0,25.630321391952744,0.6141569460925556
red_wing,4327,8.0,31.68225594491279,0.5777448737882279
red_wing,4328,29.0,28.3167477786546,0.6084214779227475
red_wing,4329,11.0,34.444844987787945,0.5876552217053637
red_wing,4330,23.0,33.16877284423836,0.5514794252305384
red_wing,4331,13.0,25.29269375355535,0.6175979846134487
red_wing,4332,14.0,42.05264312048722,0.5839215136733527
red_wing,4333,22.0,31.648005053018522,0.5695654920044702
red_wing,4334,15.0,59.83410043599609,0.5688717982017184
red_wing,4335,13.0,27.558643091799606,0.6316117019754302
red_wing,4336,18.0,25.21929757116606,0.6133204992150603
red_wing,4337,21.0,30.434334065503506,0.6005919971764164
red_wing,4338,15.0,25.9081815189115,0.6226333819108147
red_wing,4339,19.0,58.345518680970414,0.5538814970834723
red_wing,4340,14.0,28.53969585869024,0.6083293157622645
red_wing,4341,24.0,32.84195863818064,0.6191569896203069
red_wing,4342,14.0,57.84586804164694,0.5466962835701517
red_wing,4343,21.0,26.703136622962234,0.5929747639047753
red_wing,4344,14.0,25.15413739608638,0.6331834502759612
red_wing,4345,17.0,27.660303921196167,0.6240260671124578
red_wing,4346,13.0,32.809935407439376,0.5912767257534468
red_wing,4347,13.0,29.02525163544851,0.5975000776397875
red_wing,4348,9.0,29.72963397707369,0.6135516825626957
red_wing,4349,8.0,27.905376965812163,0.6104103879308636
red_wing,4350,14.0,20.681204786927633,0.5881813942557734
red_wing,4351,29.0,26.14673092183551,0.6227554544943956
red_wing,4352,30.0,26.596793722241998,0.6213333022202471
red_wing,4353,18.0,36.28442652714277,0.6064581719958192
red_wing,4354,18.0,42.288033865311064,0.5624287894566895
red_wing,4355,15.0,50.774091872839264,0.5690990606163351
red_wing,4356,14.0,31.33048116407544,0.5984347781874324
red_wing,4357,14.0,30.315724909627395,0.6064143514023924
red_wing,4358,31.0,33.17724931221878,0.5533514014458991
red_wing,4359,19.0,31.0157524166685,0.5505952930975141
red_wing,4360,14.0,26.92923914484731,0.6162959212178665
red_wing,4361,12.0,32.46590649111339,0.6181999569286534
red_wing,4362,8.0,23.10621017670504,0.6174351555127022
red_wing,4363,35.0,31.427776013812405,0.5609997923817835
red_wing,4364,23.0,29.617585849141705,0.5754331621428834
red_wing,4365,21.0,30.039160797065968,0.5910776778331563
red_wing,4366,36.0,36.5990396357507,0.5986576724607691
red_wing,4367,10.0,28.91126719056657,0.5403379024280521
red_wing,4368,32.0,28.748528263804214,0.6405046898732818
red_wing,4369,16.0,49.418419214699256,0.5835586541271428
red_wing,4370,18.0,23.107721953091538,0.624636192910359
red_wing,4371,20.0,29.763285353639148,0.5608445615026316
red_wing,4372,15.0,35.90106331145294,0.6229951141475748
red_wing,4373,38.0,35.4475958409135,0.5702214988781669
red_wing,4374,11.0,21.614841435949096,0.604147325252891
red_wing,4375,16.0,25.944439322794764,0.6221307740835884
red_wing,4376,22.0,26.81814969457914,0.6409507256813134
red_wing,4377,19.0,28.741614733968493,0.5703476343589686
red_wing,4378,8.0,27.1879388808632,0.5899120382338434
red_wing,4379,32.0,35.50572627341541,0.5520278612238698
red_wing,4380,19.0,29.635512082504032,0.5554109398510071
red_wing,4381,14.0,29.447459128377364,0.5993527109453982
red_wing,4382,13.0,24.842830389775493,0.5921897328267021
red_wing,4383,27.0,27.919960623888144,0.6167147882806137
red_wing,4384,24.0,29.89266212812007,0.5879446297455794
red_wing,4385,29.0,28.62724192074803,0.6363615013445881
red_wing,4386,18.0,29.42418224143451,0.5888480912622319
red_wing,4387,15.0,26.944384492388128,0.6100620690568807
red_wing,4388,15.0,30.40535914213655,0.565188774445393
red_wing,4389,33.0,37.993347914407934,0.5629235039552425
red_wing,4390,22.0,37.366088782367605,0.617035679040435
red_wing,4391,14.0,30.313723483842814,0.5845375551688405
red_wing,4392,13.0,30.451717360580247,0.561963862514004
red_wing,4393,11.0,27.33544983800248,0.5383613122882267
red_wing,4394,10.0,29.319108495797327,0.5581493969111314
red_wing,4395,11.0,28.967084584096426,0.5874729532642617
red_wing,4396,32.0,32.733486326166286,0.5885740687009776
red_wing,4397,21.0,37.222423344135734,0.5753456497973393
red_wing,4398,15.0,25.58352431308811,0.5882709220743623
red_wing,4399,18.0,26.21847156377026,0.6045241606922767
red_wing,4400,19.0,28.03415691534917,0.5455611925787236
red_wing,4401,33.0,36.91289771059257,0.5588149964495979
red_wing,4402,14.0,30.015514383608814,0.5765750543168622
red_wing,4403,14.0,37.72578585261994,0.5427056926485594
red_wing,4404,15.0,24.778203766692783,0.5712939045942458
red_wing,4405,15.0,29.94715922238284,0.6043647715500564
red_wing,4406,24.0,33.90491388378562,0.5844897967582128
red_wing,4407,13.0,38.224013274468284,0.5927187396621182
red_wing,4408,16.0,34.20977049303617,0.6309926995470118
red_wing,4409,12.0,26.620914772410547,0.589312726769846
red_wing,4410,35.0,36.19679166864338,0.5598311921688959
red_wing,4411,16.0,32.29024903111278,0.5903968764992125
red_wing,4412,16.0,29.85988312592485,0.6218507341116762
red_wing,4413,8.0,31.596650960538224,0.5774312970787598
red_wing,4414,18.0,32.548893481241926,0.5837390472861945
red_wing,4415,33.0,35.00412084634337,0.5688290011234811
red_wing,4416,15.0,30.52353299351108,0.6088355891185203
red_wing,4417,11.0,26.220661756836073,0.5997632071501312
red_wing,4418,14.0,35.29148935157513,0.5845028143332293
red_wing,4419,8.0,30.497906043375128,0.6100596251487574
red_wing,4420,34.0,28.631302516256817,0.5890054274985654
red_wing,4421,30.0,37.47312194910159,0.6109528416493739
red_wing,4422,14.0,26.044095243832682,0.5662154400954538
red_wing,4423,15.0,20.75020299885628,0.5633570173202674
red_wing,4424,21.0,25.26260317938995,0.6116729858149782
red_wing,4425,13.0,27.42676136568405,0.6469157624909716
red_wing,4426,9.0,26.248281781111295,0.5864745654338599
red_wing,4427,10.0,25.006169264479187,0.5979424470974306
red_wing,4428,11.0,25.062381443286693,0.5981409369163713
red_wing,4429,18.0,29.802013793495735,0.6088972743983062
red_wing,4430,21.0,28.445137198211892,0.6178206199086325
red_wing,4431,19.0,24.0473109902705,0.5750517466325902
red_wing,4432,19.0,31.93607742770722,0.5763473731325253
red_wing,4433,21.0,25.259695257963312,0.617584461394052
red_wing,4434,19.0,30.855429047415242,0.5662993818063886
red_wing,4435,14.0,28.20758457712045,0.5824596386099103
red_wing,4436,9.0,29.153594396976413,0.5581544210381746
red_wing,4437,11.0,38.8257062587875,0.5648425820079023
red_wing,4438,15.0,27.055488330456484,0.6264252287236522
red_wing,4439,18.0,32.017446974362606,0.5721452269654974
red_wing,4440,21.0,33.33730836062815,0.5674987933685441
red_wing,4441,18.0,30.722450126709408,0.6180318091976038
red_wing,4442,22.0,27.947811290359883,0.5387007793173566
red_wing,4443,14.0,29.84655692237341,0.6030232567461488
red_wing,4444,11.0,27.576593823917328,0.5999268800849344
red_wing,4445,19.0,28.201549829565007,0.5872250481313933
red_wing,4446,23.0,29.274785621376488,0.5910560746776323
red_wing,4447,13.0,28.390849220965052,0.6073510555200632
red_wing,4448,10.0,24.024726224193408,0.5925645647665434
red_wing,4449,14.0,32.50933909278975,0.6387668958194814
red_wing,4450,29.0,32.53487592112422,0.6207235057429699
red_wing,4451,14.0,27.581768939085432,0.5872903532403018
red_wing,4452,21.0,27.4323955622491,0.6194973622325642
red_wing,4453,35.0,34.778466750351264,0.5975014075733069
red_wing,4454,14.0,36.62316400761376,0.5998111606778984
red_wing,4455,29.0,34.47365208569868,0.6030181075188097
red_wing,4456,23.0,27.42461912533503,0.590703266735658
red_wing,4457,15.0,29.80403467844428,0.5620025565698927
red_wing,4458,16.0,32.2625660828701,0.5879848853756038
red_wing,4459,15.0,34.45621291973162,0.5444220368356992
red_wing,4460,14.0,31.592303614418046,0.608344240348162
red_wing,4461,17.0,37.73568412544367,0.5706693767403539
red_wing,4462,14.0,25.559342028105903,0.5894734090969234
red_wing,4463,13.0,37.28310782366379,0.621775135533204
red_wing,4464,15.0,32.20078589113499,0.5908870325412813
red_wing,4465,21.0,29.97273196035029,0.6159243268743473
red_wing,4466,16.0,32.54784591198555,0.6164486824933416
red_wing,4467,15.0,30.3166607359172,0.5998768350309389
red_wing,4468,19.0,31.262426479114357,0.5631551831467703
red_wing,4469,12.0,33.44322165078201,0.576643756216045
red_wing,4470,15.0,35.91848150851848,0.5943042679701238
red_wing,4471,31.0,36.50527023320264,0.5480526203919829
red_wing,4472,14.0,30.41062736311799,0.6014288496487394
red_wing,4473,24.0,32.49918869742669,0.5607795033410795
red_wing,4474,24.0,31.81693676494172,0.619474561530468
red_wing,4475,14.0,32.22555265380135,0.5666713399872586
red_wing,4476,11.0,29.363978539354044,0.6057762290473996
red_wing,4477,17.0,25.584842467950367,0.563514513709615
red_wing,4478,11.0,29.533523132041495,0.5756536322099374
red_wing,4479,12.0,25.60289376796714,0.5929971874001854
red_wing,4480,15.0,30.871402006253614,0.6381983816384336
red_wing,4481,29.0,31.1778985623731,0.6115860796469967
red_wing,4482,16.0,31.26486419021552,0.5904946047932499
red_wing,4483,24.0,29.996212615921017,0.6397652559341374
red_wing,4484,14.0,31.8197571502258,0.6041789163726192
red_wing,4485,19.0,30.234811797287986,0.6137943784033697
red_wing,4486,26.0,30.384417016062358,0.5894670845988512
red_wing,4487,29.0,35.086466191089926,0.5787266299443419
red_wing,4488,13.0,42.709750240450745,0.567950960763401
red_wing,4489,18.0,24.893160076672693,0.5882866528008198
red_wing,4490,18.0,56.064451394077174,0.5357076350691636
red_wing,4491,27.0,30.29615940008833,0.6275050862478393
red_wing,4492,15.0,35.44625169587495,0.6511102498447856
red_wing,4493,32.0,28.149733249125152,0.5194918969233953
red_wing,4494,38.0,33.985719112277614,0.625448580505461
red_wing,4495,8.0,31.444717123839073,0.5438974913765626
red_wing,4496,16.0,35.37679088994558,0.5571776261862111
red_wing,4497,23.0,26.218911715981996,0.5890169394955753
red_wing,4498,15.0,29.754545148158968,0.5984714559835251
red_wing,4499,8.0,20.525158320205303,0.606582763873526
red_wing,4500,19.0,32.70933390625371,0.5904005624802973
red_wing,4501,22.0,29.941877957771307,0.5818987388228154
red_wing,4502,14.0,32.86824754266595,0.6014835600204149
red_wing,4503,11.0,32.76818325831252,0.6217174760938219
red_wing,4504,15.0,34.8107977550364,0.5810270918641027
red_wing,4505,22.0,34.61645860193013,0.5772311901378694
red_wing,4506,14.0,36.52309236292595,0.6632353217116207
red_wing,4507,18.0,30.665082884228728,0.5867380788807313
red_wing,4508,15.0,29.408815392257214,0.5836609410382445
red_wing,4509,15.0,27.627421809047167,0.5855701925776748
red_wing,4510,14.0,23.007964301602776,0.5572258034521396
red_wing,4511,11.0,29.40055200158574,0.5724117552272981
red_wing,4512,21.0,27.81395090165494,0.6022931897067918
red_wing,4513,15.0,29.01714417178614,0.6012832935240755
red_wing,4514,15.0,32.274072175676025,0.5679853365750838
red_wing,4515,13.0,31.009647356878606,0.6017323208583445
red_wing,4516,14.0,36.577191411686144,0.5548662562879051
red_wing,4517,21.0,38.68891088163657,0.6303839473429053
red_wing,4518,18.0,31.68294132176779,0.613730920414508
red_wing,4519,8.0,34.56673587381539,0.6035372940583787
red_wing,4520,21.0,32.39481657957107,0.5876920601229283
red_wing,4521,34.0,31.693093036165443,0.6163074907709489
red_wing,4522,10.0,25.35032476946739,0.5758416760433931
red_wing,4523,10.0,34.89931801567303,0.6103193249660812
red_wing,4524,18.0,29.850427998881933,0.6110972970303665
red_wing,4525,29.0,36.482651374283634,0.5921846272117954
red_wing,4526,10.0,28.82215830811296,0.5401360775198707
red_wing,4527,15.0,30.058925837173437,0.5889669520172031
red_wing,4528,21.0,25.077883122334846,0.5959130785085907
red_wing,4529,18.0,30.332673051991943,0.5205956784115823
red_wing,4530,18.0,34.17585969928531,0.5935734743025478
red_wing,4531,27.0,32.60467942849871,0.5917776087326159
red_wing,4532,15.0,30.938475047467993,0.593931998791732
red_wing,4533,15.0,27.99813870165953,0.6103951864140271
red_wing,4534,35.0,31.70842025367098,0.5762109060466468
red_wing,4535,16.0,30.185606918085487,0.6297242578084211
red_wing,4536,13.0,31.22698270371025,0.6455460505801415
red_wing,4537,23.0,50.95891291535202,0.5832973978924105
red_wing,4538,11.0,38.64499117106594,0.5587767499774408
red_wing,4539,32.0,31.5365974117575,0.6243649199532122
red_wing,4540,21.0,31.255163862514,0.5916347496040961
red_wing,4541,14.0,31.68822199797886,0.5770752853140724
red_wing,4542,15.0,27.079607910069342,0.6240700736137335
red_wing,4543,18.0,35.4707912979926,0.5636423959242474
red_wing,4544,14.0,31.179408243829094,0.5958086160239358
red_wing,4545,14.0,30.865301425137083,0.5843114792831785
red_wing,4546,13.0,27.917971691624007,0.5991639566473306
red_wing,4547,16.0,25.134328446313894,0.633795330299854
red_wing,4548,19.0,32.94917315056263,0.5979351998921913
red_wing,4549,18.0,32.772288952735416,0.6369353778604909
red_wing,4550,16.0,21.698360146950705,0.5737516910531816
red_wing,4551,24.0,34.46358833997024,0.5459291826872056
red_wing,4552,16.0,26.54166380822316,0.585727484720226
red_wing,4553,18.0,58.30805370632809,0.562952834309885
red_wing,4554,15.0,29.26390841123205,0.5885109035681498
red_wing,4555,15.0,26.191983065939166,0.616542776324946
red_wing,4556,21.0,24.752662329398856,0.549264741141629
red_wing,4557,13.0,23.073712166134698,0.6444229531473344
red_wing,4558,15.0,28.855033035113387,0.6284286307648651
red_wing,4559,11.0,28.934031632880444,0.588096392247569
red_wing,4560,11.0,23.69343056303919,0.5972004981874928
red_wing,4561,11.0,27.747122342241372,0.5825666963016013
red_wing,4562,11.0,27.54539362106714,0.655258531822082
red_wing,4563,11.0,31.8175700884833,0.5978697962700393
red_wing,4564,15.0,26.379803698693888,0.6170777800846745
red_wing,4565,31.0,32.63887842760072,0.5906667247575246
red_wing,4566,32.0,30.552724140258217,0.5872681183188266
red_wing,4567,37.0,28.014842664336005,0.6093926850030262
red_wing,4568,12.0,32.43497897436961,0.5590617113231665
red_wing,4569,15.0,28.43391256612507,0.6183932934600008
red_wing,4570,22.0,29.69195501784147,0.587674029127818
red_wing,4571,15.0,32.45708479032663,0.5701016526809253
red_wing,4572,14.0,30.518423051432467,0.5789242934138865
red_wing,4573,10.0,26.7630329023234,0.647404578064971
red_wing,4574,16.0,29.18124712945691,0.6368728578684313
red_wing,4575,31.0,33.91688464267607,0.5601884754398156
red_wing,4576,11.0,28.626205590119998,0.605189550880046
red_wing,4577,16.0,27.71163350467313,0.6496909941199903
red_wing,4578,15.0,20.38722376569381,0.613668340579657
red_wing,4579,11.0,29.837072102809874,0.5624338567029619
red_wing,4580,15.0,32.08239188581303,0.5878766610672839
red_wing,4581,18.0,30.084005453312855,0.6127515822744644
red_wing,4582,35.0,30.310759848463512,0.5785535476805114
red_wing,4583,16.0,30.009330024767475,0.6571299466010343
red_wing,4584,24.0,27.057832159028663,0.5886559283473307
red_wing,4585,15.0,31.556987614073964,0.5495592625678617
red_wing,4586,15.0,22.03230651694132,0.569853554357582
red_wing,4587,18.0,29.975539941095455,0.5854765808201057
red_wing,4588,21.0,32.957557732001305,0.5730883831862197
red_wing,4589,14.0,31.797246500835108,0.5595020594853182
red_wing,4590,9.0,19.366481311606424,0.6421871136956561
red_wing,4591,31.0,31.539869649115307,0.6063401422188818
red_wing,4592,18.0,27.861885483395557,0.6193962895575085
red_wing,4593,20.0,23.01749751542785,0.617175512977161
red_wing,4594,17.0,26.07902393547176,0.6391176234500797
red_wing,4595,10.0,28.96014159379721,0.6080083635796216
red_wing,4596,33.0,33.75807169858122,0.5484610452301477
red_wing,4597,35.0,36.591673081862005,0.613901253565854
red_wing,4598,14.0,27.45975923321389,0.5991519381588368
red_wing,4599,18.0,56.39532703336268,0.583995934200769
red_wing,4600,21.0,27.1827503391424,0.5521550114032905
red_wing,4601,21.0,37.70646224855225,0.6054565206012321
red_wing,4602,13.0,27.32904980559465,0.5669270120287753
red_wing,4603,20.0,31.440698173456372,0.5903439299792996
red_wing,4604,39.0,37.77970045545429,0.5731452610943518
red_wing,4605,14.0,32.296622423232286,0.563614547999008
red_wing,4606,18.0,33.26394009235411,0.5820520684191541
red_wing,4607,21.0,32.50519666447801,0.5723522840707681
red_wing,4608,18.0,25.464693328539973,0.6108096916366389
red_wing,4609,18.0,35.1766113223341,0.634138417682276
red_wing,4610,14.0,39.645544002540504,0.5820837151918746
red_wing,4611,10.0,34.960752940081285,0.5839147223529617
red_wing,4612,8.0,32.11794214315233,0.5538177057597511
red_wing,4613,18.0,26.402795552939985,0.6197702621409091
red_wing,4614,15.0,28.88127564752349,0.5702459781385094
red_wing,4615,18.0,33.819956385146526,0.6078403544097942
red_wing,4616,27.0,34.53373314215073,0.5836741076529162
red_wing,4617,15.0,19.63987126303825,0.6002822160772658
red_wing,4618,20.0,32.03762980377933,0.5634296455913134
red_wing,4619,29.0,28.17940935668941,0.6086665178831882
red_wing,4620,18.0,28.9222430283258,0.6028369338539344
red_wing,4621,15.0,19.79642698074764,0.5671444591548942
red_wing,4622,17.0,27.879306442407113,0.6021905638717127
red_wing,4623,16.0,34.57827950022613,0.5674842559686589
red_wing,4624,15.0,36.34748262245032,0.6264231503582887
red_wing,4625,19.0,25.709262775511117,0.5753247256286871
red_wing,4626,19.0,38.017081600847796,0.5823001409650401
red_wing,4627,8.0,29.591817079516833,0.6067619213077664
red_wing,4628,29.0,32.99120979698807,0.6080852518500169
red_wing,4629,15.0,31.467831024892156,0.5607925835951367
red_wing,4630,11.0,37.62263369404206,0.6349711661763591
red_wing,4631,14.0,37.02497479087012,0.5489171140622979
red_wing,4632,16.0,33.46219047262984,0.532889730884231
red_wing,4633,29.0,25.11958658307926,0.5954741601861933
red_wing,4634,15.0,27.82562232050755,0.6110569833734494
red_wing,4635,17.0,29.411930859458263,0.5778082620594891
red_wing,4636,38.0,26.86353722567462,0.5528675918568741
red_wing,4637,15.0,26.790271042178375,0.6376560580291634
red_wing,4638,15.0,30.56540458479232,0.56678076896344
red_wing,4639,18.0,27.730213920676395,0.6106382788831002
red_wing,4640,18.0,30.472269996091136,0.5933647082812923
red_wing,4641,10.0,39.007563231785056,0.5814493602293073
red_wing,4642,18.0,37.000679082091445,0.5914096260864778
red_wing,4643,21.0,28.405179717814814,0.5824936653841783
red_wing,4644,20.0,30.840502511149058,0.5648350264952469
red_wing,4645,12.0,33.80838907551462,0.6151988359094818
red_wing,4646,31.0,29.09739721986292,0.5958755429764003
red_wing,4647,14.0,29.247670767194254,0.6234247364235028
red_wing,4648,15.0,24.714007501948334,0.6545853194495006
red_wing,4649,37.0,38.6284304214534,0.5763609098292171
red_wing,4650,15.0,32.18122133362463,0.6034548236954846
red_wing,4651,15.0,30.06824087196384,0.5659235854067833
red_wing,4652,19.0,30.094640177442397,0.5937046025241953
red_wing,4653,11.0,29.431563273298746,0.5962996916558715
red_wing,4654,32.0,38.457190064169765,0.5857133045554777
red_wing,4655,34.0,34.1655418957425,0.5740558342870288
red_wing,4656,13.0,34.59142158980022,0.5809169658912183
red_wing,4657,18.0,29.44622401174928,0.6478603314843274
red_wing,4658,11.0,34.05898443959747,0.5893326690617859
red_wing,4659,16.0,29.912550600249325,0.5868203585447737
red_wing,4660,15.0,30.49509862914764,0.5985678641714558
red_wing,4661,14.0,27.886242052979963,0.5466582043094856
red_wing,4662,35.0,28.09023186916087,0.5764193741739898
red_wing,4663,35.0,32.986344015318046,0.5692114421622315
red_wing,4664,37.0,39.49705743823433,0.5892647050269979
red_wing,4665,16.0,26.747789652597998,0.5860800949777843
red_wing,4666,15.0,23.703491816830795,0.5934209713843851
red_wing,4667,18.0,34.09762280577183,0.5986297386918502
red_wing,4668,21.0,29.425957997384412,0.6026128171280034
red_wing,4669,16.0,34.2714854087189,0.5816266780967696
red_wing,4670,14.0,32.75982530766019,0.6052145673158562
red_wing,4671,52.0,39.87822665551785,0.5776248358904115
red_wing,4672,8.0,28.413003028063876,0.5854400528606973
red_wing,4673,11.0,33.076567728876256,0.5769221807783822
red_wing,4674,9.0,24.815530959005187,0.580106224243532
red_wing,4675,13.0,22.98364092831317,0.5604118694141715
red_wing,4676,18.0,29.329624756678758,0.5735666556242998
red_wing,4677,39.0,26.639428696741838,0.5919809579553434
red_wing,4678,19.0,24.154559495019406,0.5788620504252062
red_wing,4679,19.0,26.034142633511035,0.5940168835781703
red_wing,4680,19.0,39.93284904059053,0.5609238228551636
red_wing,4681,18.0,25.72034926975668,0.630222491128112
red_wing,4682,34.0,31.104897926075306,0.5891380842958656
red_wing,4683,34.0,32.604222261056165,0.5465513873394054
red_wing,4684,13.0,33.17752371137674,0.6154769265221857
red_wing,4685,25.0,29.488907525160297,0.6170212564107858
red_wing,4686,10.0,24.686049476720214,0.6135319276336653
red_wing,4687,14.0,36.715776620342716,0.5563959366960266
red_wing,4688,28.0,30.470312741791133,0.605473635584646
red_wing,4689,13.0,27.59134404638148,0.6053115813633113
red_wing,4690,15.0,31.052408773263963,0.574216912018467
red_wing,4691,23.0,36.50316382094335,0.6115555349485335
red_wing,4692,14.0,35.02366887235456,0.5523937267161758
red_wing,4693,38.0,33.530012136738584,0.5901769218531322
red_wing,4694,11.0,29.315467116797862,0.5757653695929505
red_wing,4695,14.0,28.48461092875249,0.6003112700914404
red_wing,4696,17.0,29.166848067441123,0.5836853618063677
red_wing,4697,16.0,23.66416411037387,0.6174690662437375
red_wing,4698,24.0,34.81575134249399,0.6099876156119273
red_wing,4699,19.0,28.560725918713963,0.6041370114479574
red_wing,4700,15.0,32.414487005107134,0.594722210653448
red_wing,4701,13.0,30.542693217529926,0.6084610913680415
red_wing,4702,15.0,26.90015562669926,0.6514905789094232
red_wing,4703,13.0,28.523831826318833,0.5654894862673541
red_wing,4704,15.0,36.254618825381144,0.5699754502928445
red_wing,4705,15.0,38.19426529072844,0.5983607163280864
red_wing,4706,19.0,27.42556699337901,0.6168690616807444
red_wing,4707,14.0,31.05067854851461,0.6256444160595154
red_wing,4708,8.0,28.039875666862567,0.580085069583198
red_wing,4709,18.0,33.39668553439812,0.6133919201339331
red_wing,4710,21.0,25.91350084028881,0.5809808338704554
red_wing,4711,16.0,28.91239882208284,0.596881090362994
red_wing,4712,33.0,31.364819668158237,0.5922828884817994
red_wing,4713,21.0,34.24414773884186,0.5854306013922694
red_wing,4714,13.0,27.056168449411047,0.5809675507515575
red_wing,4715,15.0,28.380549723864156,0.60240773442108
red_wing,4716,9.0,26.556632563195517,0.6134429401207062
red_wing,4717,31.0,37.67031597143659,0.5721770527999173
red_wing,4718,14.0,30.481083352518024,0.5788020966327239
red_wing,4719,25.0,25.132172334183455,0.601768960350926
red_wing,4720,15.0,27.496850342464885,0.57930998907486
red_wing,4721,16.0,25.689271703430713,0.6199349724170413
red_wing,4722,18.0,30.457921884242996,0.6316492368447439
red_wing,4723,11.0,31.51584995028453,0.6053397171407717
red_wing,4724,15.0,25.878384432280114,0.5935295727976354
red_wing,4725,11.0,30.465206762208542,0.6058044845999472
red_wing,4726,12.0,31.446125343322176,0.584151244853722
red_wing,4727,21.0,27.26630206123253,0.6188672528970052
red_wing,4728,12.0,31.6772716485722,0.5386034387351258
red_wing,4729,16.0,29.47687347698014,0.589524619966271
red_wing,4730,37.0,35.82813510185993,0.5775156404881852
red_wing,4731,15.0,24.67266338757511,0.6068944690709346
red_wing,4732,29.0,39.472862764899894,0.6272688702064436
red_wing,4733,10.0,36.45427698326299,0.5952844632036619
red_wing,4734,12.0,27.831583522231153,0.6293574687034444
red_wing,4735,17.0,31.14189253376916,0.6011036838365542
red_wing,4736,28.0,29.454105018679996,0.6055084166339004
red_wing,4737,24.0,32.883529324062096,0.5930921366622279
red_wing,4738,9.0,24.362417182308015,0.6412108470849526
red_wing,4739,29.0,31.20725378701055,0.5928096279079327
red_wing,4740,16.0,31.534724111857297,0.5739158532265849
red_wing,4741,16.0,33.24952622858606,0.6116796589755117
red_wing,4742,9.0,37.444289028968825,0.5742418170840962
red_wing,4743,16.0,36.85786368299351,0.6485378084449275
red_wing,4744,19.0,28.978182770839787,0.6020615637533071
red_wing,4745,20.0,29.611001127426846,0.6063119253647566
red_wing,4746,21.0,34.15548920979836,0.5927670673740503
red_wing,4747,15.0,25.999492410126376,0.6124754364550826
red_wing,4748,18.0,26.633379061670244,0.6375232367443588
red_wing,4749,14.0,37.87011062343979,0.5557600752313689
red_wing,4750,15.0,29.074144787501112,0.5847286127610287
red_wing,4751,23.0,30.263063397138016,0.6034270662874153
red_wing,4752,21.0,32.50425684471331,0.6288257063845377
red_wing,4753,23.0,32.82956761127189,0.613829340126702
red_wing,4754,16.0,29.848618956511093,0.6025877496275527
red_wing,4755,18.0,24.361101812171484,0.6057426573477733
red_wing,4756,15.0,28.0639817879796,0.6044749990255314
red_wing,4757,11.0,57.690437713422114,0.596282863436243
red_wing,4758,33.0,34.70256326264548,0.6299865973533558
red_wing,4759,20.0,29.42339223896232,0.6346733728892947
red_wing,4760,15.0,37.39691765193236,0.574449933498048
red_wing,4761,12.0,33.390920349487196,0.6185884032816495
red_wing,4762,21.0,27.483128180225332,0.6205098563847236
red_wing,4763,19.0,29.92691681714683,0.614513524733705
red_wing,4764,21.0,33.32754466744409,0.6175063019958102
red_wing,4765,13.0,29.886848095766094,0.6091073060474572
red_wing,4766,30.0,33.81844031981124,0.5535721528004298
red_wing,4767,15.0,30.46796790701547,0.6059385930849128
red_wing,4768,30.0,29.19158952389434,0.6180696275780755
red_wing,4769,15.0,25.746512861963108,0.6165746427567497
red_wing,4770,16.0,32.70211037372162,0.6176159286601873
red_wing,4771,14.0,35.41279322814946,0.5587024645579199
red_wing,4772,9.0,23.48487467071702,0.6477206122599619
red_wing,4773,24.0,33.555147227307636,0.5848764963033612
red_wing,4774,31.0,28.914757084044908,0.5629211488781198
red_wing,4775,18.0,28.853409832553513,0.622037142097522
red_wing,4776,13.0,27.747493356284377,0.5997319438883268
red_wing,4777,18.0,26.154124853787316,0.5880968244602987
red_wing,4778,22.0,27.57795995319416,0.59395513263488
red_wing,4779,25.0,31.675215310349376,0.5454378610466404
red_wing,4780,18.0,29.582850340641887,0.5808426333177465
red_wing,4781,11.0,27.867872161584106,0.5946876232907805
red_wing,4782,16.0,21.495485566160973,0.6621292577331006
red_wing,4783,18.0,35.58352381687438,0.5687795863310239
red_wing,4784,18.0,25.875861527145666,0.5878979810316423
red_wing,4785,12.0,49.44753760630343,0.6044708577727009
red_wing,4786,13.0,29.354595534719518,0.614440867941672
red_wing,4787,15.0,39.028234714968825,0.5537335717065084
red_wing,4788,18.0,22.93991453612687,0.6331205454279409
red_wing,4789,29.0,36.61751602585982,0.5747466894331328
red_wing,4790,14.0,26.989922817498723,0.5394759217498701
red_wing,4791,11.0,25.866585440790132,0.599625630482205
red_wing,4792,22.0,26.566931652314224,0.5995207404794692
red_wing,4793,17.0,28.020424101211933,0.5864189503571693
red_wing,4794,11.0,28.485755326290967,0.6258463160802141
red_wing,4795,17.0,31.30438166688863,0.5966838902018429
red_wing,4796,33.0,34.66659439106408,0.5934247188163029
red_wing,4797,32.0,33.83398953382056,0.6280330652947572
red_wing,4798,9.0,31.001198061009827,0.5788434694686917
red_wing,4799,16.0,31.441938359973634,0.5999185854022512
red_wing,4800,32.0,26.566907230040542,0.6060330197369352
red_wing,4801,20.0,27.31007978086427,0.578591488085868
red_wing,4802,22.0,34.21355298596427,0.5639305453543031
red_wing,4803,32.0,31.65259025229481,0.5845880941517174
red_wing,4804,13.0,29.424884200392192,0.5757889309627431
red_wing,4805,13.0,27.17015106002682,0.5927007752950919
red_wing,4806,19.0,34.292236167105564,0.5636123039242988
red_wing,4807,21.0,29.867697071773275,0.5841757288492802
red_wing,4808,15.0,31.74152262880859,0.5723969432599911
red_wing,4809,15.0,27.1056928141357,0.6177175927473426
red_wing,4810,13.0,31.767140235986243,0.6152816526263751
red_wing,4811,16.0,23.285291105974775,0.6303812800353913
red_wing,4812,29.0,30.68723498006996,0.6017386828349847
red_wing,4813,24.0,27.553691727496716,0.6367334872950113
red_wing,4814,14.0,31.644003451455013,0.581493411385706
red_wing,4815,35.0,37.14585355811898,0.5721128831254498
red_wing,4816,16.0,28.201419474702924,0.6211363679240717
red_wing,4817,22.0,31.07845753551421,0.5891886095142155
red_wing,4818,15.0,27.390226334363916,0.6414217182721773
red_wing,4819,21.0,26.58687324346375,0.6053775772576921
red_wing,4820,18.0,33.603066702637925,0.5982047216062267
red_wing,4821,16.0,32.728815176095274,0.6195488559609605
red_wing,4822,19.0,30.082095182989473,0.6118322624093442
red_wing,4823,15.0,33.40688011750346,0.5755106386777192
red_wing,4824,29.0,38.32273950696633,0.5485909053858845
red_wing,4825,15.0,26.821799186912692,0.5880571898562835
red_wing,4826,12.0,33.85395595164995,0.6207728637379719
red_wing,4827,17.0,32.341981422311896,0.6193739820070446
red_wing,4828,33.0,30.29834485944337,0.5884847063948807
red_wing,4829,14.0,32.460698812850985,0.6411108691576202
red_wing,4830,18.0,27.054021044785273,0.6100326183242075
red_wing,4831,22.0,27.918127094394276,0.5691139918405499
red_wing,4832,17.0,29.909182940022937,0.5857514644551282
red_wing,4833,11.0,27.752990415883396,0.6344452182321683
red_wing,4834,16.0,22.537159634981737,0.6093525778138689
red_wing,4835,13.0,30.870348106920904,0.5904257651554958
red_wing,4836,19.0,24.54246744336818,0.6106700601173454
red_wing,4837,19.0,19.212549674899176,0.5759687589950445
red_wing,4838,21.0,21.800306608659078,0.6366250163908382
red_wing,4839,22.0,27.95147840691633,0.5823171195678137
red_wing,4840,15.0,28.63345411477632,0.6525852579674367
red_wing,4841,16.0,23.585401584056516,0.63043082044995
red_wing,4842,15.0,28.40857544848336,0.6139318295938245
red_wing,4843,11.0,32.268719972763634,0.5694697474201091
red_wing,4844,9.0,31.54436810131494,0.5735698350125003
red_wing,4845,12.0,30.464853053322773,0.6016639670088522
red_wing,4846,25.0,34.91408401272056,0.6363748840019587
red_wing,4847,16.0,25.48840403844708,0.5939402600588743
red_wing,4848,13.0,32.2932129077793,0.5964065908467722
red_wing,4849,14.0,33.3556573481171,0.5585979744455806
red_wing,4850,21.0,26.87330719798281,0.6098571442743344
red_wing,4851,9.0,33.900576183913806,0.5572149285403437
red_wing,4852,15.0,25.25721335912732,0.6453298209662579
red_wing,4853,8.0,35.136452510989265,0.5373894336051225
red_wing,4854,35.0,33.054544788258134,0.568077203913765
red_wing,4855,15.0,28.7394051005108,0.586016741234727
red_wing,4856,29.0,32.5739707502807,0.6068933673739373
red_wing,4857,17.0,29.182499901436636,0.5603901888358402
red_wing,4858,18.0,24.434408252604616,0.6158183511941729
red_wing,4859,18.0,29.101836317207535,0.6170215052770938
red_wing,4860,21.0,26.361009026999138,0.5922819862552271
red_wing,4861,7.0,27.29755658101218,0.6145556497300717
red_wing,4862,17.0,24.048007607763996,0.5835262768912972
red_wing,4863,13.0,19.715335678003363,0.6021289919327308
red_wing,4864,18.0,30.650104264538086,0.5874647567671643
red_wing,4865,19.0,26.073449369914492,0.5609169139945884
red_wing,4866,18.0,27.168729741258623,0.615592188841976
red_wing,4867,13.0,25.2053168301022,0.6549175638058271
red_wing,4868,8.0,25.992267462388984,0.614667726250193
red_wing,4869,19.0,30.65219620956013,0.6570018331729567
red_wing,4870,19.0,33.95604183985272,0.5985426263007749
red_wing,4871,18.0,29.67371770093671,0.5820712073003571
red_wing,4872,9.0,30.85907815591253,0.6129895448713729
red_wing,4873,13.0,29.0432804726028,0.6612634886927305
red_wing,4874,51.0,37.65041979996028,0.5973001464143419
red_wing,4875,7.0,24.720687953605264,0.5910133392041508
red_wing,4876,15.0,29.857478402180462,0.6430766258002859
red_wing,4877,14.0,26.98417392416146,0.5815947766378398
red_wing,4878,15.0,27.861949193387424,0.6208532897216091
red_wing,4879,23.0,34.948095905559256,0.5941935327422034
red_wing,4880,16.0,28.220178987609355,0.619886980405014
red_wing,4881,19.0,27.008255712597606,0.6455912656804124
red_wing,4882,15.0,21.177936495537697,0.6295952871753867
red_wing,4883,15.0,36.008701730523015,0.6045704263118435
red_wing,4884,32.0,29.22636514172454,0.555156114155802
red_wing,4885,13.0,31.343730651197717,0.5719504394921375
red_wing,4886,9.0,27.87590426557192,0.6105889163698822
red_wing,4887,15.0,31.41085098022128,0.595735038726999
red_wing,4888,21.0,30.868333919287238,0.5791553558505271
red_wing,4889,28.0,30.929072080822817,0.5919921636941423
red_wing,4890,33.0,31.432301165088898,0.5969437967542731
red_wing,4891,29.0,32.04709091782068,0.6249457691415883
red_wing,4892,29.0,27.477222115199236,0.5829224506233633
red_wing,4893,14.0,26.669603576072134,0.5951993471741126
red_wing,4894,18.0,38.25995412005631,0.6131029407509904
red_wing,4895,15.0,26.17597612806691,0.5886299192521703
red_wing,4896,11.0,28.388795423977065,0.5910566701647928
red_wing,4897,21.0,31.631717344126553,0.5820755901068886
red_wing,4898,21.0,33.30217498450202,0.6110120215051889
red_wing,4899,16.0,31.989634122730287,0.5961322300156388
red_wing,4900,8.0,20.63609476262475,0.6085387292816409
red_wing,4901,15.0,26.03219572408647,0.646011416406364
red_wing,4902,40.0,36.80880454529129,0.5791549619266985
red_wing,4903,32.0,36.0125060726591,0.5979079717461059
red_wing,4904,35.0,33.400309374160756,0.6218180284061251
red_wing,4905,18.0,32.04150618383921,0.5678756168241355
red_wing,4906,38.0,32.128105002895296,0.5997000171117166
red_wing,4907,16.0,28.185258222888024,0.6160179369972751
red_wing,4908,28.0,27.300129761500692,0.6408392544256762
red_wing,4909,11.0,30.93720553763808,0.6267858897604996
red_wing,4910,15.0,27.245535906077976,0.6238320770452283
red_wing,4911,21.0,27.569337858766623,0.6043269090367597
red_wing,4912,8.0,29.796350949430103,0.6048772985719119
red_wing,4913,22.0,28.520813840869685,0.5659853608656613
red_wing,4914,19.0,29.793398991197414,0.5088281617099375
red_wing,4915,14.0,31.12752315325231,0.560589331432204
red_wing,4916,21.0,28.797034909186856,0.5777020232945218
red_wing,4917,8.0,23.056917358311846,0.5618542712345636
red_wing,4918,17.0,29.222660500055483,0.6699433196930233
red_wing,4919,9.0,29.287084502805843,0.5966671570219335
red_wing,4920,24.0,37.67106582703118,0.5741964619798885
red_wing,4921,16.0,28.532757307894176,0.6120135577047041
red_wing,4922,18.0,27.668523324670005,0.6152318459337703
red_wing,4923,8.0,35.513124713049606,0.5490354788857738
red_wing,4924,10.0,27.37257612676649,0.6655100739731405
red_wing,4925,11.0,32.20240310979834,0.5696012709611539
red_wing,4926,13.0,28.098952302226614,0.6075464210922328
red_wing,4927,21.0,29.79794180388103,0.6201628830325969
red_wing,4928,9.0,22.608971908162925,0.6186867193896275
red_wing,4929,29.0,29.528732139701567,0.6152652925673042
red_wing,4930,13.0,29.011936605072187,0.5881728822573857
red_wing,4931,18.0,33.13216293070756,0.6169210704892534
red_wing,4932,12.0,23.196036821662357,0.6414413620942516
red_wing,4933,12.0,20.936639963105208,0.6067335496812778
red_wing,4934,33.0,31.246855628698047,0.6208422262096107
red_wing,4935,18.0,27.099218428446783,0.5713006925314739
red_wing,4936,14.0,25.280504322706417,0.6174855582985372
red_wing,4937,16.0,30.614066760003045,0.5706833748997123
red_wing,4938,46.0,34.58909802986917,0.5875980396117839
red_wing,4939,16.0,29.550533585379082,0.612937888322775
red_wing,4940,17.0,27.172747944691547,0.5570605561352908
red_wing,4941,18.0,33.91131878046881,0.5542296222144998
red_wing,4942,15.0,35.19559364795703,0.5990944907059128
red_wing,4943,15.0,25.5472363285616,0.5721972804067115
red_wing,4944,14.0,38.25042049144526,0.563386185421582
red_wing,4945,18.0,30.35697868719985,0.6026383799393014
red_wing,4946,9.0,29.266056426319558,0.5996705726128264
red_wing,4947,15.0,26.474573667363828,0.5951103662275874
red_wing,4948,21.0,31.12583594963817,0.6140024814104339
red_wing,4949,15.0,25.288540950647462,0.5926781301248448
red_wing,4950,29.0,36.813309813107445,0.5725925792837931
red_wing,4951,15.0,28.50466795456237,0.5865526428685219
red_wing,4952,13.0,28.721042931891812,0.5730753809253033
red_wing,4953,24.0,49.62775384018229,0.5920577873650341
red_wing,4954,14.0,37.17029521653925,0.5803202115557143
red_wing,4955,9.0,18.974353583313782,0.5248864949221231
red_wing,4956,13.0,26.902835852402244,0.5921887323055894
red_wing,4957,33.0,34.30772303434684,0.6230488919064828
red_wing,4958,15.0,27.620202661716053,0.6369308532542457
red_wing,4959,21.0,29.609089382135092,0.6223930163509817
red_wing,4960,21.0,27.551055233673104,0.6026206741068267
red_wing,4961,12.0,25.036127232469454,0.6036341276925734
red_wing,4962,13.0,36.76066061599119,0.6075301419399519
red_wing,4963,13.0,33.34619864063673,0.5894841695897274
red_wing,4964,11.0,33.38424713484949,0.5937025925054391
red_wing,4965,15.0,35.14526076121749,0.5830640204196456
red_wing,4966,15.0,30.752025532546295,0.6053969032019806
red_wing,4967,11.0,29.730859265524238,0.5824568225737923
red_wing,4968,21.0,25.3704298333143,0.5989649635436473
red_wing,4969,13.0,32.126834378090976,0.5825994633030664
red_wing,4970,32.0,38.19240414526524,0.610070119428938
red_wing,4971,11.0,24.269282060092703,0.5563220283888122
red_wing,4972,13.0,30.94111377940948,0.6085998474686574
red_wing,4973,18.0,33.092069121786245,0.5787803035281762
red_wing,4974,30.0,26.362946556338336,0.588087009399511
red_wing,4975,29.0,28.01170202642345,0.6083628979669458
red_wing,4976,21.0,32.611394059074094,0.5993131439294492
red_wing,4977,9.0,29.887003086363148,0.6296179690063148
red_wing,4978,9.0,35.37092104574626,0.5588328939278723
red_wing,4979,8.0,28.009584234979087,0.5881861075508101
red_wing,4980,20.0,24.242480644482274,0.6072856813900434
red_wing,4981,11.0,32.17662757652338,0.5718784750741569
red_wing,4982,45.0,36.97266950934994,0.5756633909500627
red_wing,4983,22.0,38.39694181329788,0.5805350463275185
red_wing,4984,15.0,29.45636496507482,0.5988947419730882
red_wing,4985,18.0,32.04847984544433,0.5476520079949463
red_wing,4986,24.0,35.607330539245005,0.5848539242823518
red_wing,4987,13.0,27.626004110797002,0.5961746390901532
red_wing,4988,8.0,24.468758205779068,0.5701537525214726
red_wing,4989,15.0,31.33839452796998,0.6135254270821171
red_wing,4990,23.0,27.865666159165887,0.5620321600889507
red_wing,4991,19.0,24.3113933099704,0.6112387343960408
red_wing,4992,24.0,32.75645036887014,0.6065750360475723
red_wing,4993,18.0,30.202634644977866,0.6413315884490595
red_wing,4994,15.0,38.180260650044964,0.596457161675525
red_wing,4995,30.0,35.439032898060645,0.5685714982332735
red_wing,4996,21.0,29.15882749125684,0.5766024273972803
red_wing,4997,21.0,26.077827886928507,0.6257201976394453
red_wing,4998,15.0,29.076046363982005,0.6036982387763341
red_wing,4999,19.0,28.32848147268727,0.6335239679580329
