lag,width,scale
32.879122803127444,0.619103514323976,3.013150329388769
32.879122803127444,0.619103514323976,3.013150329388769
32.879122803127444,0.619103514323976,3.013150329388769
32.879122803127444,0.619103514323976,3.013150329388769
29.836839066516067,0.5420241808081867,3.051014263899913
22.640191356928725,0.5713885425644312,2.7904483818492762
22.640191356928725,0.5713885425644312,2.7904483818492762
22.640191356928725,0.5713885425644312,2.7904483818492762
22.640191356928725,0.5713885425644312,2.7904483818492762
22.640191356928725,0.5713885425644312,2.7904483818492762
22.640191356928725,0.5713885425644312,2.7904483818492762
22.455628599098716,0.4744137402123021,2.8616231804322707
22.455628599098716,0.4744137402123021,2.8616231804322707
22.455628599098716,0.4744137402123021,2.8616231804322707
22.455628599098716,0.4744137402123021,2.8616231804322707
22.455628599098716,0.4744137402123021,2.8616231804322707
22.455628599098716,0.4744137402123021,2.8616231804322707
22.381537980087366,0.4109961296189225,2.889927411011612
22.381537980087366,0.4109961296189225,2.889927411011612
22.381537980087366,0.4109961296189225,2.889927411011612
22.381537980087366,0.4109961296189225,2.889927411011612
22.381537980087366,0.4109961296189225,2.889927411011612
22.381537980087366,0.4109961296189225,2.889927411011612
22.381537980087366,0.4109961296189225,2.889927411011612
22.381537980087366,0.4109961296189225,2.889927411011612
22.381537980087366,0.4109961296189225,2.889927411011612
22.381537980087366,0.4109961296189225,2.889927411011612
21.781260518908912,0.05189013808237575,3.0789198175602492
21.781260518908912,0.05189013808237575,3.0789198175602492
21.781260518908912,0.05189013808237575,3.0789198175602492
21.781260518908912,0.05189013808237575,3.0789198175602492
21.781260518908912,0.05189013808237575,3.0789198175602492
21.781260518908912,0.05189013808237575,3.0789198175602492
21.781260518908912,0.05189013808237575,3.0789198175602492
21.781260518908912,0.05189013808237575,3.0789198175602492
21.605759929774607,0.0606292100163216,3.0839397801421193
21.605759929774607,0.0606292100163216,3.0839397801421193
21.605759929774607,0.0606292100163216,3.0839397801421193
21.605759929774607,0.0606292100163216,3.0839397801421193
21.605759929774607,0.0606292100163216,3.0839397801421193
21.605759929774607,0.0606292100163216,3.0839397801421193
21.605759929774607,0.0606292100163216,3.0839397801421193
22.33935139112907,0.06329876452721561,3.0768174577633447
22.33935139112907,0.06329876452721561,3.0768174577633447
22.33935139112907,0.06329876452721561,3.0768174577633447
22.33935139112907,0.06329876452721561,3.0768174577633447
22.33935139112907,0.06329876452721561,3.0768174577633447
22.33935139112907,0.06329876452721561,3.0768174577633447
22.33935139112907,0.06329876452721561,3.0768174577633447
22.33935139112907,0.06329876452721561,3.0768174577633447
22.33935139112907,0.06329876452721561,3.0768174577633447
22.33935139112907,0.06329876452721561,3.0768174577633447
22.33935139112907,0.06329876452721561,3.0768174577633447
22.724384330108432,0.27976036509243873,3.0183627115438503
22.724384330108432,0.27976036509243873,3.0183627115438503
22.724384330108432,0.27976036509243873,3.0183627115438503
22.724384330108432,0.27976036509243873,3.0183627115438503
22.724384330108432,0.27976036509243873,3.0183627115438503
22.724384330108432,0.27976036509243873,3.0183627115438503
22.724384330108432,0.27976036509243873,3.0183627115438503
22.724384330108432,0.27976036509243873,3.0183627115438503
22.724384330108432,0.27976036509243873,3.0183627115438503
22.69534798004223,0.25853006174276616,3.023957062985539
22.69534798004223,0.25853006174276616,3.023957062985539
22.69534798004223,0.25853006174276616,3.023957062985539
22.69534798004223,0.25853006174276616,3.023957062985539
22.69534798004223,0.25853006174276616,3.023957062985539
22.753397401050176,0.2655759844597593,3.019208125999672
22.753397401050176,0.2655759844597593,3.019208125999672
22.753397401050176,0.2655759844597593,3.019208125999672
22.753397401050176,0.2655759844597593,3.019208125999672
22.754826351155888,0.2188922761908496,3.011150525176934
22.754826351155888,0.2188922761908496,3.011150525176934
22.78446983925225,0.21797351496680872,3.011713305389241
22.78446983925225,0.21797351496680872,3.011713305389241
22.78446983925225,0.21797351496680872,3.011713305389241
22.679539980369377,0.1875055651503122,2.999017746775931
22.679539980369377,0.1875055651503122,2.999017746775931
22.679539980369377,0.1875055651503122,2.999017746775931
22.679539980369377,0.1875055651503122,2.999017746775931
22.679539980369377,0.1875055651503122,2.999017746775931
22.679539980369377,0.1875055651503122,2.999017746775931
22.679539980369377,0.1875055651503122,2.999017746775931
22.679539980369377,0.1875055651503122,2.999017746775931
22.679539980369377,0.1875055651503122,2.999017746775931
22.679539980369377,0.1875055651503122,2.999017746775931
22.679539980369377,0.1875055651503122,2.999017746775931
22.679539980369377,0.1875055651503122,2.999017746775931
22.679539980369377,0.1875055651503122,2.999017746775931
22.679539980369377,0.1875055651503122,2.999017746775931
22.718415733873492,0.13139889852132897,2.9258149055506935
22.718415733873492,0.13139889852132897,2.9258149055506935
22.718415733873492,0.13139889852132897,2.9258149055506935
22.718415733873492,0.13139889852132897,2.9258149055506935
22.718415733873492,0.13139889852132897,2.9258149055506935
22.718415733873492,0.13139889852132897,2.9258149055506935
22.718415733873492,0.13139889852132897,2.9258149055506935
22.718415733873492,0.13139889852132897,2.9258149055506935
22.718415733873492,0.13139889852132897,2.9258149055506935
22.718415733873492,0.13139889852132897,2.9258149055506935
22.718415733873492,0.13139889852132897,2.9258149055506935
22.718415733873492,0.13139889852132897,2.9258149055506935
22.70834531936907,0.10396904198449962,2.9819450935799114
22.70834531936907,0.10396904198449962,2.9819450935799114
22.70834531936907,0.10396904198449962,2.9819450935799114
22.70834531936907,0.10396904198449962,2.9819450935799114
22.70834531936907,0.10396904198449962,2.9819450935799114
22.70834531936907,0.10396904198449962,2.9819450935799114
22.55545390668902,0.1316016233809476,2.9910326218924084
22.55545390668902,0.1316016233809476,2.9910326218924084
22.530500451552403,0.06258434262207979,2.972063359621186
22.530500451552403,0.06258434262207979,2.972063359621186
22.52742570542631,0.0658664771721591,2.983907987227388
22.52742570542631,0.0658664771721591,2.983907987227388
22.52742570542631,0.0658664771721591,2.983907987227388
22.52742570542631,0.0658664771721591,2.983907987227388
22.52742570542631,0.0658664771721591,2.983907987227388
22.52742570542631,0.0658664771721591,2.983907987227388
22.52742570542631,0.0658664771721591,2.983907987227388
22.52742570542631,0.0658664771721591,2.983907987227388
22.629207340991133,0.9600535618735573,2.1416804243631744
22.629207340991133,0.9600535618735573,2.1416804243631744
22.629207340991133,0.9600535618735573,2.1416804243631744
22.629207340991133,0.9600535618735573,2.1416804243631744
22.629207340991133,0.9600535618735573,2.1416804243631744
22.629207340991133,0.9600535618735573,2.1416804243631744
20.390437137635736,0.6100686336001411,2.6573247576260552
25.169931057124998,0.6143522141664955,2.788715756806031
25.169931057124998,0.6143522141664955,2.788715756806031
25.169931057124998,0.6143522141664955,2.788715756806031
25.169931057124998,0.6143522141664955,2.788715756806031
25.169931057124998,0.6143522141664955,2.788715756806031
15.23194633597602,0.6780645204421931,2.893369287811102
14.796887923360883,0.831539908774168,3.022129475279515
14.796887923360883,0.831539908774168,3.022129475279515
14.796887923360883,0.831539908774168,3.022129475279515
14.796887923360883,0.831539908774168,3.022129475279515
14.491926026752243,0.829060052333475,3.0391668618333836
11.266097598645286,0.5942348281632296,3.0464349284974843
11.266097598645286,0.5942348281632296,3.0464349284974843
11.266097598645286,0.5942348281632296,3.0464349284974843
11.266097598645286,0.5942348281632296,3.0464349284974843
11.266097598645286,0.5942348281632296,3.0464349284974843
11.266097598645286,0.5942348281632296,3.0464349284974843
11.266097598645286,0.5942348281632296,3.0464349284974843
11.266097598645286,0.5942348281632296,3.0464349284974843
11.266097598645286,0.5942348281632296,3.0464349284974843
11.266097598645286,0.5942348281632296,3.0464349284974843
11.266097598645286,0.5942348281632296,3.0464349284974843
11.266097598645286,0.5942348281632296,3.0464349284974843
11.266097598645286,0.5942348281632296,3.0464349284974843
11.266097598645286,0.5942348281632296,3.0464349284974843
11.266097598645286,0.5942348281632296,3.0464349284974843
11.266097598645286,0.5942348281632296,3.0464349284974843
11.266097598645286,0.5942348281632296,3.0464349284974843
11.266097598645286,0.5942348281632296,3.0464349284974843
11.266097598645286,0.5942348281632296,3.0464349284974843
11.266097598645286,0.5942348281632296,3.0464349284974843
11.269431083539633,0.5884365852776366,3.047754991945072
11.269431083539633,0.5884365852776366,3.047754991945072
11.269431083539633,0.5884365852776366,3.047754991945072
12.608230282179672,0.5985471292458799,3.0035435062856655
12.608230282179672,0.5985471292458799,3.0035435062856655
12.608230282179672,0.5985471292458799,3.0035435062856655
12.608230282179672,0.5985471292458799,3.0035435062856655
12.608230282179672,0.5985471292458799,3.0035435062856655
12.608230282179672,0.5985471292458799,3.0035435062856655
12.608230282179672,0.5985471292458799,3.0035435062856655
12.608230282179672,0.5985471292458799,3.0035435062856655
12.608230282179672,0.5985471292458799,3.0035435062856655
12.608230282179672,0.5985471292458799,3.0035435062856655
12.608230282179672,0.5985471292458799,3.0035435062856655
12.608230282179672,0.5985471292458799,3.0035435062856655
12.608230282179672,0.5985471292458799,3.0035435062856655
11.547614430323677,0.5866142112897511,3.016836858295899
11.547614430323677,0.5866142112897511,3.016836858295899
11.547614430323677,0.5866142112897511,3.016836858295899
11.547614430323677,0.5866142112897511,3.016836858295899
11.547614430323677,0.5866142112897511,3.016836858295899
11.547614430323677,0.5866142112897511,3.016836858295899
11.490920790072064,0.5454805893751181,3.0614601367446315
11.490920790072064,0.5454805893751181,3.0614601367446315
11.490920790072064,0.5454805893751181,3.0614601367446315
11.490920790072064,0.5454805893751181,3.0614601367446315
11.490920790072064,0.5454805893751181,3.0614601367446315
11.490920790072064,0.5454805893751181,3.0614601367446315
11.490920790072064,0.5454805893751181,3.0614601367446315
11.490920790072064,0.5454805893751181,3.0614601367446315
11.490920790072064,0.5454805893751181,3.0614601367446315
11.490920790072064,0.5454805893751181,3.0614601367446315
11.457966648340607,0.48658108093674324,3.0560446446898637
11.457966648340607,0.48658108093674324,3.0560446446898637
11.457966648340607,0.48658108093674324,3.0560446446898637
11.457966648340607,0.48658108093674324,3.0560446446898637
11.457966648340607,0.48658108093674324,3.0560446446898637
11.457966648340607,0.48658108093674324,3.0560446446898637
11.457966648340607,0.48658108093674324,3.0560446446898637
11.457966648340607,0.48658108093674324,3.0560446446898637
11.44876917593594,0.43579880826423795,3.062630588973668
11.44876917593594,0.43579880826423795,3.062630588973668
11.579957806344982,0.43294933906001465,3.078164583433783
11.579957806344982,0.43294933906001465,3.078164583433783
11.579957806344982,0.43294933906001465,3.078164583433783
11.579957806344982,0.43294933906001465,3.078164583433783
11.579957806344982,0.43294933906001465,3.078164583433783
11.579957806344982,0.43294933906001465,3.078164583433783
11.579957806344982,0.43294933906001465,3.078164583433783
11.579957806344982,0.43294933906001465,3.078164583433783
11.579957806344982,0.43294933906001465,3.078164583433783
11.579957806344982,0.43294933906001465,3.078164583433783
11.579957806344982,0.43294933906001465,3.078164583433783
15.543062255758652,0.39910572741721134,3.0429288577961136
15.543062255758652,0.39910572741721134,3.0429288577961136
15.543062255758652,0.39910572741721134,3.0429288577961136
15.543062255758652,0.39910572741721134,3.0429288577961136
15.543062255758652,0.39910572741721134,3.0429288577961136
15.543062255758652,0.39910572741721134,3.0429288577961136
15.543062255758652,0.39910572741721134,3.0429288577961136
13.643737220574307,0.4274433735657431,3.1555442936018023
13.643737220574307,0.4274433735657431,3.1555442936018023
13.643737220574307,0.4274433735657431,3.1555442936018023
13.643737220574307,0.4274433735657431,3.1555442936018023
13.643737220574307,0.4274433735657431,3.1555442936018023
13.643737220574307,0.4274433735657431,3.1555442936018023
13.643737220574307,0.4274433735657431,3.1555442936018023
14.596130727097718,0.4021198486325991,3.1050998956406435
14.596130727097718,0.4021198486325991,3.1050998956406435
14.596130727097718,0.4021198486325991,3.1050998956406435
14.596130727097718,0.4021198486325991,3.1050998956406435
14.596130727097718,0.4021198486325991,3.1050998956406435
14.596130727097718,0.4021198486325991,3.1050998956406435
15.457393231169512,0.36489694547016466,3.115923278144379
15.457393231169512,0.36489694547016466,3.115923278144379
15.457393231169512,0.36489694547016466,3.115923278144379
15.456053899778366,0.3711977203130959,3.1183572093639875
15.456053899778366,0.3711977203130959,3.1183572093639875
15.456053899778366,0.3711977203130959,3.1183572093639875
15.456053899778366,0.3711977203130959,3.1183572093639875
15.456053899778366,0.3711977203130959,3.1183572093639875
15.456053899778366,0.3711977203130959,3.1183572093639875
9.940437374040215,1.119351993503802,2.575842359151711
9.940437374040215,1.119351993503802,2.575842359151711
9.940437374040215,1.119351993503802,2.575842359151711
9.940437374040215,1.119351993503802,2.575842359151711
9.940437374040215,1.119351993503802,2.575842359151711
10.23243160155154,1.1174139370859175,2.562559845492242
10.23243160155154,1.1174139370859175,2.562559845492242
10.23243160155154,1.1174139370859175,2.562559845492242
10.23243160155154,1.1174139370859175,2.562559845492242
15.625025236941621,1.2525279099941922,2.7595741282457014
15.625025236941621,1.2525279099941922,2.7595741282457014
15.625025236941621,1.2525279099941922,2.7595741282457014
15.625025236941621,1.2525279099941922,2.7595741282457014
15.625025236941621,1.2525279099941922,2.7595741282457014
11.363086548354396,1.4370650391473174,2.983414359047385
11.363086548354396,1.4370650391473174,2.983414359047385
11.363086548354396,1.4370650391473174,2.983414359047385
11.363086548354396,1.4370650391473174,2.983414359047385
11.363086548354396,1.4370650391473174,2.983414359047385
11.363086548354396,1.4370650391473174,2.983414359047385
11.363086548354396,1.4370650391473174,2.983414359047385
11.363086548354396,1.4370650391473174,2.983414359047385
11.363086548354396,1.4370650391473174,2.983414359047385
11.363086548354396,1.4370650391473174,2.983414359047385
11.363086548354396,1.4370650391473174,2.983414359047385
11.363086548354396,1.4370650391473174,2.983414359047385
11.363086548354396,1.4370650391473174,2.983414359047385
11.363086548354396,1.4370650391473174,2.983414359047385
11.363086548354396,1.4370650391473174,2.983414359047385
11.363086548354396,1.4370650391473174,2.983414359047385
11.363086548354396,1.4370650391473174,2.983414359047385
11.363086548354396,1.4370650391473174,2.983414359047385
11.363086548354396,1.4370650391473174,2.983414359047385
11.488139633042275,1.132038010594997,3.108832121769396
11.488139633042275,1.132038010594997,3.108832121769396
11.488139633042275,1.132038010594997,3.108832121769396
11.512167274172606,0.8645767533986263,3.2256870502623545
11.512167274172606,0.8645767533986263,3.2256870502623545
11.512167274172606,0.8645767533986263,3.2256870502623545
11.532832691853907,0.5450371593754386,3.1638159685924894
11.532832691853907,0.5450371593754386,3.1638159685924894
11.532832691853907,0.5450371593754386,3.1638159685924894
11.532832691853907,0.5450371593754386,3.1638159685924894
11.532832691853907,0.5450371593754386,3.1638159685924894
11.532832691853907,0.5450371593754386,3.1638159685924894
11.532832691853907,0.5450371593754386,3.1638159685924894
11.532832691853907,0.5450371593754386,3.1638159685924894
11.532832691853907,0.5450371593754386,3.1638159685924894
11.532832691853907,0.5450371593754386,3.1638159685924894
11.532832691853907,0.5450371593754386,3.1638159685924894
11.532832691853907,0.5450371593754386,3.1638159685924894
11.532832691853907,0.5450371593754386,3.1638159685924894
11.532832691853907,0.5450371593754386,3.1638159685924894
11.532832691853907,0.5450371593754386,3.1638159685924894
11.532832691853907,0.5450371593754386,3.1638159685924894
11.532832691853907,0.5450371593754386,3.1638159685924894
11.532832691853907,0.5450371593754386,3.1638159685924894
11.532832691853907,0.5450371593754386,3.1638159685924894
11.532832691853907,0.5450371593754386,3.1638159685924894
11.532832691853907,0.5450371593754386,3.1638159685924894
11.532832691853907,0.5450371593754386,3.1638159685924894
11.531225483263835,0.5417747691839141,3.175856014286558
11.531225483263835,0.5417747691839141,3.175856014286558
11.531225483263835,0.5417747691839141,3.175856014286558
11.531225483263835,0.5417747691839141,3.175856014286558
11.531225483263835,0.5417747691839141,3.175856014286558
11.526710582007986,0.5116847613369371,3.2064462534672242
11.526710582007986,0.5116847613369371,3.2064462534672242
11.526710582007986,0.5116847613369371,3.2064462534672242
11.526710582007986,0.5116847613369371,3.2064462534672242
11.526710582007986,0.5116847613369371,3.2064462534672242
15.566123384635599,0.3765040447404563,3.1737879279923416
15.566123384635599,0.3765040447404563,3.1737879279923416
15.465003371449296,0.3612612014124787,3.1722224645876125
15.465003371449296,0.3612612014124787,3.1722224645876125
15.465003371449296,0.3612612014124787,3.1722224645876125
15.465003371449296,0.3612612014124787,3.1722224645876125
15.465003371449296,0.3612612014124787,3.1722224645876125
15.465003371449296,0.3612612014124787,3.1722224645876125
15.465003371449296,0.3612612014124787,3.1722224645876125
15.465003371449296,0.3612612014124787,3.1722224645876125
15.465003371449296,0.3612612014124787,3.1722224645876125
15.465003371449296,0.3612612014124787,3.1722224645876125
15.465003371449296,0.3612612014124787,3.1722224645876125
15.486527975767373,0.36072061111496956,3.1716475263826616
15.486527975767373,0.36072061111496956,3.1716475263826616
15.486527975767373,0.36072061111496956,3.1716475263826616
15.486527975767373,0.36072061111496956,3.1716475263826616
15.486527975767373,0.36072061111496956,3.1716475263826616
15.486527975767373,0.36072061111496956,3.1716475263826616
15.486527975767373,0.36072061111496956,3.1716475263826616
15.486527975767373,0.36072061111496956,3.1716475263826616
15.486527975767373,0.36072061111496956,3.1716475263826616
13.6236861796287,0.2715196288406913,3.2183657433197714
13.6236861796287,0.2715196288406913,3.2183657433197714
14.71931674256406,0.1291101727656484,3.254082178142357
14.71931674256406,0.1291101727656484,3.254082178142357
14.71931674256406,0.1291101727656484,3.254082178142357
14.677188013823734,0.11251552348274435,3.259971455215675
14.677188013823734,0.11251552348274435,3.259971455215675
14.677188013823734,0.11251552348274435,3.259971455215675
14.677188013823734,0.11251552348274435,3.259971455215675
14.654817358015901,0.10293854225795906,3.263341716101114
14.654817358015901,0.10293854225795906,3.263341716101114
14.654817358015901,0.10293854225795906,3.263341716101114
14.654817358015901,0.10293854225795906,3.263341716101114
14.654817358015901,0.10293854225795906,3.263341716101114
14.654817358015901,0.10293854225795906,3.263341716101114
14.654817358015901,0.10293854225795906,3.263341716101114
14.654817358015901,0.10293854225795906,3.263341716101114
14.654817358015901,0.10293854225795906,3.263341716101114
14.654817358015901,0.10293854225795906,3.263341716101114
14.654817358015901,0.10293854225795906,3.263341716101114
14.654817358015901,0.10293854225795906,3.263341716101114
14.654817358015901,0.10293854225795906,3.263341716101114
15.394785131620027,0.04560717835986297,3.292103806781111
15.394785131620027,0.04560717835986297,3.292103806781111
15.394785131620027,0.04560717835986297,3.292103806781111
15.394785131620027,0.04560717835986297,3.292103806781111
11.442487841199792,0.042292245616475155,3.350796087505405
22.279517033535146,1.3035301858296224,2.9386105962653573
22.279517033535146,1.3035301858296224,2.9386105962653573
22.279517033535146,1.3035301858296224,2.9386105962653573
22.279517033535146,1.3035301858296224,2.9386105962653573
22.279517033535146,1.3035301858296224,2.9386105962653573
22.95353162722885,1.3394611235997422,3.0073425858682987
22.95353162722885,1.3394611235997422,3.0073425858682987
22.95353162722885,1.3394611235997422,3.0073425858682987
22.95353162722885,1.3394611235997422,3.0073425858682987
22.95353162722885,1.3394611235997422,3.0073425858682987
22.95353162722885,1.3394611235997422,3.0073425858682987
22.95353162722885,1.3394611235997422,3.0073425858682987
22.91015862650854,1.3609237973466057,3.0104161328493517
22.91015862650854,1.3609237973466057,3.0104161328493517
22.91015862650854,1.3609237973466057,3.0104161328493517
22.91015862650854,1.3609237973466057,3.0104161328493517
22.91015862650854,1.3609237973466057,3.0104161328493517
22.91015862650854,1.3609237973466057,3.0104161328493517
22.91015862650854,1.3609237973466057,3.0104161328493517
22.91015862650854,1.3609237973466057,3.0104161328493517
22.91015862650854,1.3609237973466057,3.0104161328493517
22.91015862650854,1.3609237973466057,3.0104161328493517
22.91015862650854,1.3609237973466057,3.0104161328493517
22.91015862650854,1.3609237973466057,3.0104161328493517
22.91015862650854,1.3609237973466057,3.0104161328493517
22.91015862650854,1.3609237973466057,3.0104161328493517
22.91015862650854,1.3609237973466057,3.0104161328493517
22.91015862650854,1.3609237973466057,3.0104161328493517
22.91015862650854,1.3609237973466057,3.0104161328493517
22.91015862650854,1.3609237973466057,3.0104161328493517
22.91015862650854,1.3609237973466057,3.0104161328493517
22.70660900254813,1.0235533239668135,2.927237531884984
22.70660900254813,1.0235533239668135,2.927237531884984
22.70660900254813,1.0235533239668135,2.927237531884984
22.70660900254813,1.0235533239668135,2.927237531884984
22.70660900254813,1.0235533239668135,2.927237531884984
22.70660900254813,1.0235533239668135,2.927237531884984
22.70660900254813,1.0235533239668135,2.927237531884984
22.70660900254813,1.0235533239668135,2.927237531884984
22.70660900254813,1.0235533239668135,2.927237531884984
22.70660900254813,1.0235533239668135,2.927237531884984
22.70660900254813,1.0235533239668135,2.927237531884984
22.70660900254813,1.0235533239668135,2.927237531884984
22.70660900254813,1.0235533239668135,2.927237531884984
22.70660900254813,1.0235533239668135,2.927237531884984
22.70660900254813,1.0235533239668135,2.927237531884984
22.70660900254813,1.0235533239668135,2.927237531884984
22.685004113054642,1.0222077735248918,2.928005978890421
22.685004113054642,1.0222077735248918,2.928005978890421
22.685004113054642,1.0222077735248918,2.928005978890421
22.685004113054642,1.0222077735248918,2.928005978890421
22.685004113054642,1.0222077735248918,2.928005978890421
23.001374020905384,0.6426387826625259,2.938158946902474
23.001374020905384,0.6426387826625259,2.938158946902474
23.001374020905384,0.6426387826625259,2.938158946902474
22.86207527669677,0.6326127712496489,2.949629491688226
22.86207527669677,0.6326127712496489,2.949629491688226
22.86207527669677,0.6326127712496489,2.949629491688226
22.86207527669677,0.6326127712496489,2.949629491688226
22.66077886143395,0.6181244844509264,2.96620523011
22.66077886143395,0.6181244844509264,2.96620523011
22.66077886143395,0.6181244844509264,2.96620523011
22.66077886143395,0.6181244844509264,2.96620523011
22.66077886143395,0.6181244844509264,2.96620523011
22.66077886143395,0.6181244844509264,2.96620523011
22.66077886143395,0.6181244844509264,2.96620523011
22.66077886143395,0.6181244844509264,2.96620523011
22.66077886143395,0.6181244844509264,2.96620523011
22.66077886143395,0.6181244844509264,2.96620523011
22.66077886143395,0.6181244844509264,2.96620523011
22.66077886143395,0.6181244844509264,2.96620523011
22.66077886143395,0.6181244844509264,2.96620523011
22.66077886143395,0.6181244844509264,2.96620523011
22.67425479868009,0.6861286531934595,2.999589083820745
22.65400285218083,0.6487312259676057,2.9953636337954923
22.702363221440205,0.631049126388538,3.068826139484994
22.702363221440205,0.631049126388538,3.068826139484994
22.702363221440205,0.631049126388538,3.068826139484994
22.702363221440205,0.631049126388538,3.068826139484994
22.702363221440205,0.631049126388538,3.068826139484994
22.702363221440205,0.631049126388538,3.068826139484994
22.702363221440205,0.631049126388538,3.068826139484994
22.702363221440205,0.631049126388538,3.068826139484994
22.702363221440205,0.631049126388538,3.068826139484994
22.702363221440205,0.631049126388538,3.068826139484994
22.702363221440205,0.631049126388538,3.068826139484994
22.702363221440205,0.631049126388538,3.068826139484994
22.702363221440205,0.631049126388538,3.068826139484994
22.599900841158444,0.43218649766864714,3.0331309445189767
22.599900841158444,0.43218649766864714,3.0331309445189767
22.599900841158444,0.43218649766864714,3.0331309445189767
22.599900841158444,0.43218649766864714,3.0331309445189767
22.599900841158444,0.43218649766864714,3.0331309445189767
22.599900841158444,0.43218649766864714,3.0331309445189767
22.599900841158444,0.43218649766864714,3.0331309445189767
22.599900841158444,0.43218649766864714,3.0331309445189767
22.599900841158444,0.43218649766864714,3.0331309445189767
22.599900841158444,0.43218649766864714,3.0331309445189767
22.599900841158444,0.43218649766864714,3.0331309445189767
22.599900841158444,0.43218649766864714,3.0331309445189767
22.599900841158444,0.43218649766864714,3.0331309445189767
22.599900841158444,0.43218649766864714,3.0331309445189767
22.5920074954431,0.38000295312179033,3.0053113825134354
22.5920074954431,0.38000295312179033,3.0053113825134354
22.5920074954431,0.38000295312179033,3.0053113825134354
22.5920074954431,0.38000295312179033,3.0053113825134354
22.5920074954431,0.38000295312179033,3.0053113825134354
22.5920074954431,0.38000295312179033,3.0053113825134354
22.5920074954431,0.38000295312179033,3.0053113825134354
22.5920074954431,0.38000295312179033,3.0053113825134354
22.5920074954431,0.38000295312179033,3.0053113825134354
22.5920074954431,0.38000295312179033,3.0053113825134354
22.5920074954431,0.38000295312179033,3.0053113825134354
22.5920074954431,0.38000295312179033,3.0053113825134354
22.5920074954431,0.38000295312179033,3.0053113825134354
22.5920074954431,0.38000295312179033,3.0053113825134354
22.5920074954431,0.38000295312179033,3.0053113825134354
22.5920074954431,0.38000295312179033,3.0053113825134354
22.5920074954431,0.38000295312179033,3.0053113825134354
22.5920074954431,0.38000295312179033,3.0053113825134354
117.13956634425813,0.8504413158858283,2.7429380069868916
117.13956634425813,0.8504413158858283,2.7429380069868916
117.13956634425813,0.8504413158858283,2.7429380069868916
113.1502491660876,0.8530154670107046,2.726905506213389
113.1502491660876,0.8530154670107046,2.726905506213389
113.1502491660876,0.8530154670107046,2.726905506213389
113.1502491660876,0.8530154670107046,2.726905506213389
113.09202298680165,0.8587018552152754,2.7233396340072087
113.09202298680165,0.8587018552152754,2.7233396340072087
113.09202298680165,0.8587018552152754,2.7233396340072087
113.09202298680165,0.8587018552152754,2.7233396340072087
113.09202298680165,0.8587018552152754,2.7233396340072087
113.09202298680165,0.8587018552152754,2.7233396340072087
113.09202298680165,0.8587018552152754,2.7233396340072087
100.54099338407532,0.8022313877269202,2.810953649820837
100.54099338407532,0.8022313877269202,2.810953649820837
100.54099338407532,0.8022313877269202,2.810953649820837
100.54099338407532,0.8022313877269202,2.810953649820837
100.54099338407532,0.8022313877269202,2.810953649820837
100.54099338407532,0.8022313877269202,2.810953649820837
100.54099338407532,0.8022313877269202,2.810953649820837
100.54099338407532,0.8022313877269202,2.810953649820837
100.54099338407532,0.8022313877269202,2.810953649820837
100.54099338407532,0.8022313877269202,2.810953649820837
100.54099338407532,0.8022313877269202,2.810953649820837
112.72930184493002,0.8981748237165863,2.77519184346418
112.72930184493002,0.8981748237165863,2.77519184346418
112.72930184493002,0.8981748237165863,2.77519184346418
112.72930184493002,0.8981748237165863,2.77519184346418
112.72930184493002,0.8981748237165863,2.77519184346418
112.72930184493002,0.8981748237165863,2.77519184346418
112.72930184493002,0.8981748237165863,2.77519184346418
112.72930184493002,0.8981748237165863,2.77519184346418
112.72930184493002,0.8981748237165863,2.77519184346418
112.72930184493002,0.8981748237165863,2.77519184346418
112.72930184493002,0.8981748237165863,2.77519184346418
112.72930184493002,0.8981748237165863,2.77519184346418
112.72930184493002,0.8981748237165863,2.77519184346418
112.72930184493002,0.8981748237165863,2.77519184346418
112.72930184493002,0.8981748237165863,2.77519184346418
112.72930184493002,0.8981748237165863,2.77519184346418
112.72930184493002,0.8981748237165863,2.77519184346418
112.72930184493002,0.8981748237165863,2.77519184346418
112.72930184493002,0.8981748237165863,2.77519184346418
112.72930184493002,0.8981748237165863,2.77519184346418
112.72930184493002,0.8981748237165863,2.77519184346418
112.72930184493002,0.8981748237165863,2.77519184346418
112.72930184493002,0.8981748237165863,2.77519184346418
112.69449005637586,0.8130026010543672,2.678715995309153
112.69449005637586,0.8130026010543672,2.678715995309153
112.69449005637586,0.8130026010543672,2.678715995309153
112.69449005637586,0.8130026010543672,2.678715995309153
112.69449005637586,0.8130026010543672,2.678715995309153
112.69449005637586,0.8130026010543672,2.678715995309153
112.69449005637586,0.8130026010543672,2.678715995309153
112.69449005637586,0.8130026010543672,2.678715995309153
112.69449005637586,0.8130026010543672,2.678715995309153
112.69449005637586,0.8130026010543672,2.678715995309153
112.69449005637586,0.8130026010543672,2.678715995309153
112.69449005637586,0.8130026010543672,2.678715995309153
112.69449005637586,0.8130026010543672,2.678715995309153
112.69449005637586,0.8130026010543672,2.678715995309153
112.69449005637586,0.8130026010543672,2.678715995309153
112.69449005637586,0.8130026010543672,2.678715995309153
112.69449005637586,0.8130026010543672,2.678715995309153
112.69449005637586,0.8130026010543672,2.678715995309153
112.69449005637586,0.8130026010543672,2.678715995309153
112.69449005637586,0.8130026010543672,2.678715995309153
112.69449005637586,0.8130026010543672,2.678715995309153
112.69449005637586,0.8130026010543672,2.678715995309153
112.69449005637586,0.8130026010543672,2.678715995309153
112.69449005637586,0.8130026010543672,2.678715995309153
112.69449005637586,0.8130026010543672,2.678715995309153
112.69449005637586,0.8130026010543672,2.678715995309153
112.69449005637586,0.8130026010543672,2.678715995309153
112.69449005637586,0.8130026010543672,2.678715995309153
112.69449005637586,0.8130026010543672,2.678715995309153
112.69449005637586,0.8130026010543672,2.678715995309153
112.69449005637586,0.8130026010543672,2.678715995309153
112.69449005637586,0.8130026010543672,2.678715995309153
112.69449005637586,0.8130026010543672,2.678715995309153
112.69449005637586,0.8130026010543672,2.678715995309153
112.69449005637586,0.8130026010543672,2.678715995309153
112.69449005637586,0.8130026010543672,2.678715995309153
112.69449005637586,0.8130026010543672,2.678715995309153
112.69449005637586,0.8130026010543672,2.678715995309153
112.53545017632453,0.7994431447794491,2.6647984104987725
112.53725021307582,0.6707207489731699,2.504062275700696
111.47400287697009,0.6247281904334021,2.852200115484572
111.47400287697009,0.6247281904334021,2.852200115484572
111.47400287697009,0.6247281904334021,2.852200115484572
112.66945184758315,0.5000612527537318,3.2366269354548836
112.66945184758315,0.5000612527537318,3.2366269354548836
112.66945184758315,0.5000612527537318,3.2366269354548836
112.66945184758315,0.5000612527537318,3.2366269354548836
112.66945184758315,0.5000612527537318,3.2366269354548836
112.66945184758315,0.5000612527537318,3.2366269354548836
112.66945184758315,0.5000612527537318,3.2366269354548836
112.66945184758315,0.5000612527537318,3.2366269354548836
112.66945184758315,0.5000612527537318,3.2366269354548836
112.66945184758315,0.5000612527537318,3.2366269354548836
112.66945184758315,0.5000612527537318,3.2366269354548836
112.66945184758315,0.5000612527537318,3.2366269354548836
112.66945184758315,0.5000612527537318,3.2366269354548836
112.66945184758315,0.5000612527537318,3.2366269354548836
112.66945184758315,0.5000612527537318,3.2366269354548836
112.66945184758315,0.5000612527537318,3.2366269354548836
112.66945184758315,0.5000612527537318,3.2366269354548836
112.66945184758315,0.5000612527537318,3.2366269354548836
112.66945184758315,0.5000612527537318,3.2366269354548836
112.66945184758315,0.5000612527537318,3.2366269354548836
112.66945184758315,0.5000612527537318,3.2366269354548836
112.66945184758315,0.5000612527537318,3.2366269354548836
112.66945184758315,0.5000612527537318,3.2366269354548836
112.66945184758315,0.5000612527537318,3.2366269354548836
112.66945184758315,0.5000612527537318,3.2366269354548836
112.66945184758315,0.5000612527537318,3.2366269354548836
112.66945184758315,0.5000612527537318,3.2366269354548836
112.66945184758315,0.5000612527537318,3.2366269354548836
112.66945184758315,0.5000612527537318,3.2366269354548836
18.808536443541538,1.0080517295800793,1.9417218000485155
18.808536443541538,1.0080517295800793,1.9417218000485155
18.694262276330218,1.0058722888955056,1.952844251373358
18.694262276330218,1.0058722888955056,1.952844251373358
18.694262276330218,1.0058722888955056,1.952844251373358
18.694262276330218,1.0058722888955056,1.952844251373358
18.694262276330218,1.0058722888955056,1.952844251373358
18.694262276330218,1.0058722888955056,1.952844251373358
18.694262276330218,1.0058722888955056,1.952844251373358
18.51040339541674,1.0104204261689145,1.9397257489909059
18.51040339541674,1.0104204261689145,1.9397257489909059
15.214263571537536,0.7719479094006678,2.1374749169057403
15.865553283648559,0.674949760375407,2.345993361833586
15.707752232403768,0.6729202067219524,2.2912816711773263
18.140748791161332,0.9213241296399397,2.5858586783781154
18.140748791161332,0.9213241296399397,2.5858586783781154
18.140748791161332,0.9213241296399397,2.5858586783781154
16.676179606482805,0.9290001322529194,2.5987185255239864
16.676179606482805,0.9290001322529194,2.5987185255239864
16.676179606482805,0.9290001322529194,2.5987185255239864
16.676179606482805,0.9290001322529194,2.5987185255239864
16.676179606482805,0.9290001322529194,2.5987185255239864
14.740753364901728,0.7907624184735974,2.887203103015141
14.740753364901728,0.7907624184735974,2.887203103015141
14.740753364901728,0.7907624184735974,2.887203103015141
14.740753364901728,0.7907624184735974,2.887203103015141
14.740753364901728,0.7907624184735974,2.887203103015141
13.551169863031916,0.6463103454156104,3.0886872448800724
13.551169863031916,0.6463103454156104,3.0886872448800724
13.551169863031916,0.6463103454156104,3.0886872448800724
13.551169863031916,0.6463103454156104,3.0886872448800724
13.551169863031916,0.6463103454156104,3.0886872448800724
13.551169863031916,0.6463103454156104,3.0886872448800724
13.551169863031916,0.6463103454156104,3.0886872448800724
13.551169863031916,0.6463103454156104,3.0886872448800724
13.551169863031916,0.6463103454156104,3.0886872448800724
13.551169863031916,0.6463103454156104,3.0886872448800724
13.551169863031916,0.6463103454156104,3.0886872448800724
13.551169863031916,0.6463103454156104,3.0886872448800724
13.551169863031916,0.6463103454156104,3.0886872448800724
13.551169863031916,0.6463103454156104,3.0886872448800724
13.551169863031916,0.6463103454156104,3.0886872448800724
13.551169863031916,0.6463103454156104,3.0886872448800724
13.551169863031916,0.6463103454156104,3.0886872448800724
13.551169863031916,0.6463103454156104,3.0886872448800724
13.551169863031916,0.6463103454156104,3.0886872448800724
13.551169863031916,0.6463103454156104,3.0886872448800724
13.551169863031916,0.6463103454156104,3.0886872448800724
13.551169863031916,0.6463103454156104,3.0886872448800724
13.551169863031916,0.6463103454156104,3.0886872448800724
13.551169863031916,0.6463103454156104,3.0886872448800724
13.551169863031916,0.6463103454156104,3.0886872448800724
13.551169863031916,0.6463103454156104,3.0886872448800724
13.551169863031916,0.6463103454156104,3.0886872448800724
13.551169863031916,0.6463103454156104,3.0886872448800724
13.551169863031916,0.6463103454156104,3.0886872448800724
13.551169863031916,0.6463103454156104,3.0886872448800724
13.551169863031916,0.6463103454156104,3.0886872448800724
13.551169863031916,0.6463103454156104,3.0886872448800724
13.551169863031916,0.6463103454156104,3.0886872448800724
13.551169863031916,0.6463103454156104,3.0886872448800724
13.551169863031916,0.6463103454156104,3.0886872448800724
13.551169863031916,0.6463103454156104,3.0886872448800724
13.551169863031916,0.6463103454156104,3.0886872448800724
10.500379436853363,0.5162655009163647,3.126131056644903
10.500379436853363,0.5162655009163647,3.126131056644903
10.500379436853363,0.5162655009163647,3.126131056644903
10.500379436853363,0.5162655009163647,3.126131056644903
14.759472622324612,0.3392341337839465,3.1566430583635654
14.759472622324612,0.3392341337839465,3.1566430583635654
14.759472622324612,0.3392341337839465,3.1566430583635654
14.759472622324612,0.3392341337839465,3.1566430583635654
14.759472622324612,0.3392341337839465,3.1566430583635654
14.39698098896851,0.3102895814420519,3.157318265053471
13.704260947692667,0.27868658574001876,3.1807117417424475
13.704260947692667,0.27868658574001876,3.1807117417424475
13.704260947692667,0.27868658574001876,3.1807117417424475
13.704260947692667,0.27868658574001876,3.1807117417424475
13.704260947692667,0.27868658574001876,3.1807117417424475
13.704260947692667,0.27868658574001876,3.1807117417424475
13.704260947692667,0.27868658574001876,3.1807117417424475
13.704260947692667,0.27868658574001876,3.1807117417424475
13.704260947692667,0.27868658574001876,3.1807117417424475
13.704260947692667,0.27868658574001876,3.1807117417424475
13.704260947692667,0.27868658574001876,3.1807117417424475
13.704260947692667,0.27868658574001876,3.1807117417424475
13.704260947692667,0.27868658574001876,3.1807117417424475
13.704260947692667,0.27868658574001876,3.1807117417424475
13.704260947692667,0.27868658574001876,3.1807117417424475
12.766186313217279,0.23272668748615755,3.2154467025670925
13.384416968918455,0.055043964480213314,3.137555438703991
13.384416968918455,0.055043964480213314,3.137555438703991
13.384416968918455,0.055043964480213314,3.137555438703991
13.384416968918455,0.055043964480213314,3.137555438703991
13.384416968918455,0.055043964480213314,3.137555438703991
13.384416968918455,0.055043964480213314,3.137555438703991
13.384416968918455,0.055043964480213314,3.137555438703991
13.384416968918455,0.055043964480213314,3.137555438703991
13.384416968918455,0.055043964480213314,3.137555438703991
13.384416968918455,0.055043964480213314,3.137555438703991
13.384416968918455,0.055043964480213314,3.137555438703991
13.384416968918455,0.055043964480213314,3.137555438703991
13.480162355871508,0.007125548433217999,3.108709465041366
13.480162355871508,0.007125548433217999,3.108709465041366
13.480162355871508,0.007125548433217999,3.108709465041366
13.480162355871508,0.007125548433217999,3.108709465041366
13.480162355871508,0.007125548433217999,3.108709465041366
13.480162355871508,0.007125548433217999,3.108709465041366
13.480162355871508,0.007125548433217999,3.108709465041366
13.480162355871508,0.007125548433217999,3.108709465041366
13.480162355871508,0.007125548433217999,3.108709465041366
13.480162355871508,0.007125548433217999,3.108709465041366
13.480162355871508,0.007125548433217999,3.108709465041366
13.480162355871508,0.007125548433217999,3.108709465041366
13.480162355871508,0.007125548433217999,3.108709465041366
13.480162355871508,0.007125548433217999,3.108709465041366
13.480162355871508,0.007125548433217999,3.108709465041366
13.480162355871508,0.007125548433217999,3.108709465041366
13.480162355871508,0.007125548433217999,3.108709465041366
13.480162355871508,0.007125548433217999,3.108709465041366
111.4919475796134,0.6310353990263062,1.5921214590702912
111.4919475796134,0.6310353990263062,1.5921214590702912
111.4919475796134,0.6310353990263062,1.5921214590702912
111.4919475796134,0.6310353990263062,1.5921214590702912
111.4919475796134,0.6310353990263062,1.5921214590702912
111.4919475796134,0.6310353990263062,1.5921214590702912
111.4919475796134,0.6310353990263062,1.5921214590702912
111.4919475796134,0.6310353990263062,1.5921214590702912
111.4919475796134,0.6310353990263062,1.5921214590702912
111.4919475796134,0.6310353990263062,1.5921214590702912
111.4919475796134,0.6310353990263062,1.5921214590702912
111.4919475796134,0.6310353990263062,1.5921214590702912
111.4919475796134,0.6310353990263062,1.5921214590702912
111.4919475796134,0.6310353990263062,1.5921214590702912
110.80259466554381,0.6032120149695963,2.083061378956187
110.80259466554381,0.6032120149695963,2.083061378956187
110.80259466554381,0.6032120149695963,2.083061378956187
110.80259466554381,0.6032120149695963,2.083061378956187
107.5158969139103,0.9957544120337658,2.2531206057668394
107.5158969139103,0.9957544120337658,2.2531206057668394
107.5158969139103,0.9957544120337658,2.2531206057668394
107.5158969139103,0.9957544120337658,2.2531206057668394
107.5158969139103,0.9957544120337658,2.2531206057668394
107.5158969139103,0.9957544120337658,2.2531206057668394
107.5158969139103,0.9957544120337658,2.2531206057668394
107.5158969139103,0.9957544120337658,2.2531206057668394
107.5158969139103,0.9957544120337658,2.2531206057668394
107.5158969139103,0.9957544120337658,2.2531206057668394
107.5158969139103,0.9957544120337658,2.2531206057668394
107.53613356211262,0.9847859625183804,2.287416899925348
107.53613356211262,0.9847859625183804,2.287416899925348
107.53613356211262,0.9847859625183804,2.287416899925348
107.53613356211262,0.9847859625183804,2.287416899925348
107.53613356211262,0.9847859625183804,2.287416899925348
79.43094337657182,0.8574487688129664,2.603791105766385
71.53983462755457,0.776231806319182,2.671168682155467
71.53983462755457,0.776231806319182,2.671168682155467
71.53983462755457,0.776231806319182,2.671168682155467
44.57289785885392,0.5543450896067392,2.9888269850430955
44.57289785885392,0.5543450896067392,2.9888269850430955
44.57289785885392,0.5543450896067392,2.9888269850430955
44.57289785885392,0.5543450896067392,2.9888269850430955
44.57289785885392,0.5543450896067392,2.9888269850430955
44.57289785885392,0.5543450896067392,2.9888269850430955
31.449527735211895,0.4491082422651883,2.9484756495229716
31.449527735211895,0.4491082422651883,2.9484756495229716
25.777000259780767,0.36797189288581894,3.0042217843624557
25.777000259780767,0.36797189288581894,3.0042217843624557
25.777000259780767,0.36797189288581894,3.0042217843624557
25.777000259780767,0.36797189288581894,3.0042217843624557
25.777000259780767,0.36797189288581894,3.0042217843624557
24.062799701689205,0.38037404742876796,3.0404983940995924
23.70255971398025,0.34396237256881845,3.0639439218632822
23.70255971398025,0.34396237256881845,3.0639439218632822
23.70255971398025,0.34396237256881845,3.0639439218632822
23.70255971398025,0.34396237256881845,3.0639439218632822
23.70255971398025,0.34396237256881845,3.0639439218632822
23.70255971398025,0.34396237256881845,3.0639439218632822
23.70255971398025,0.34396237256881845,3.0639439218632822
22.801355362605445,0.35869176479963705,3.0824621681375737
22.801355362605445,0.35869176479963705,3.0824621681375737
23.29917890714509,0.36658176620821964,3.0778506328226105
23.29917890714509,0.36658176620821964,3.0778506328226105
23.29917890714509,0.36658176620821964,3.0778506328226105
23.29917890714509,0.36658176620821964,3.0778506328226105
23.29917890714509,0.36658176620821964,3.0778506328226105
23.29917890714509,0.36658176620821964,3.0778506328226105
23.29917890714509,0.36658176620821964,3.0778506328226105
23.29917890714509,0.36658176620821964,3.0778506328226105
23.29917890714509,0.36658176620821964,3.0778506328226105
23.29917890714509,0.36658176620821964,3.0778506328226105
23.29917890714509,0.36658176620821964,3.0778506328226105
23.362206102316406,0.34077682856064523,3.0868372292881503
23.362206102316406,0.34077682856064523,3.0868372292881503
23.362206102316406,0.34077682856064523,3.0868372292881503
23.362206102316406,0.34077682856064523,3.0868372292881503
23.362206102316406,0.34077682856064523,3.0868372292881503
23.362206102316406,0.34077682856064523,3.0868372292881503
23.362206102316406,0.34077682856064523,3.0868372292881503
23.362206102316406,0.34077682856064523,3.0868372292881503
23.362206102316406,0.34077682856064523,3.0868372292881503
23.362206102316406,0.34077682856064523,3.0868372292881503
23.362206102316406,0.34077682856064523,3.0868372292881503
23.340753530545072,0.34458950759197693,3.0866314968438107
23.340753530545072,0.34458950759197693,3.0866314968438107
23.340753530545072,0.34458950759197693,3.0866314968438107
23.34357090894233,0.3454170929885727,3.0865095413729424
23.34357090894233,0.3454170929885727,3.0865095413729424
23.34357090894233,0.3454170929885727,3.0865095413729424
23.34357090894233,0.3454170929885727,3.0865095413729424
23.34357090894233,0.3454170929885727,3.0865095413729424
23.34357090894233,0.3454170929885727,3.0865095413729424
23.34357090894233,0.3454170929885727,3.0865095413729424
23.34357090894233,0.3454170929885727,3.0865095413729424
23.34357090894233,0.3454170929885727,3.0865095413729424
23.350560065273914,0.34702131394164515,3.0847588325177853
23.350560065273914,0.34702131394164515,3.0847588325177853
23.3485244035215,0.35512047365890864,3.0922785182910744
23.350995323188457,0.34528958058078024,3.083151000202901
23.350995323188457,0.34528958058078024,3.083151000202901
23.350995323188457,0.34528958058078024,3.083151000202901
23.350995323188457,0.34528958058078024,3.083151000202901
23.350995323188457,0.34528958058078024,3.083151000202901
23.350995323188457,0.34528958058078024,3.083151000202901
23.350995323188457,0.34528958058078024,3.083151000202901
23.350995323188457,0.34528958058078024,3.083151000202901
23.350995323188457,0.34528958058078024,3.083151000202901
23.350995323188457,0.34528958058078024,3.083151000202901
23.350995323188457,0.34528958058078024,3.083151000202901
23.350995323188457,0.34528958058078024,3.083151000202901
23.350995323188457,0.34528958058078024,3.083151000202901
23.350995323188457,0.34528958058078024,3.083151000202901
23.350995323188457,0.34528958058078024,3.083151000202901
23.350995323188457,0.34528958058078024,3.083151000202901
23.350995323188457,0.34528958058078024,3.083151000202901
23.350995323188457,0.34528958058078024,3.083151000202901
23.350995323188457,0.34528958058078024,3.083151000202901
23.350995323188457,0.34528958058078024,3.083151000202901
23.350995323188457,0.34528958058078024,3.083151000202901
23.350995323188457,0.34528958058078024,3.083151000202901
15.413075659636547,0.6680570532711929,2.4121194474064955
15.413075659636547,0.6680570532711929,2.4121194474064955
15.413075659636547,0.6680570532711929,2.4121194474064955
15.430045569013272,0.6762502275959414,2.4096417589874424
15.430045569013272,0.6762502275959414,2.4096417589874424
15.430045569013272,0.6762502275959414,2.4096417589874424
15.430045569013272,0.6762502275959414,2.4096417589874424
15.430045569013272,0.6762502275959414,2.4096417589874424
15.430045569013272,0.6762502275959414,2.4096417589874424
15.430045569013272,0.6762502275959414,2.4096417589874424
15.430045569013272,0.6762502275959414,2.4096417589874424
15.430045569013272,0.6762502275959414,2.4096417589874424
15.430045569013272,0.6762502275959414,2.4096417589874424
15.430045569013272,0.6762502275959414,2.4096417589874424
15.430045569013272,0.6762502275959414,2.4096417589874424
15.430045569013272,0.6762502275959414,2.4096417589874424
15.430045569013272,0.6762502275959414,2.4096417589874424
15.430045569013272,0.6762502275959414,2.4096417589874424
15.430045569013272,0.6762502275959414,2.4096417589874424
15.430045569013272,0.6762502275959414,2.4096417589874424
15.427625800676209,0.6764680388519738,2.4105689779581683
15.427625800676209,0.6764680388519738,2.4105689779581683
15.427625800676209,0.6764680388519738,2.4105689779581683
15.427625800676209,0.6764680388519738,2.4105689779581683
15.427625800676209,0.6764680388519738,2.4105689779581683
15.427625800676209,0.6764680388519738,2.4105689779581683
15.427625800676209,0.6764680388519738,2.4105689779581683
15.427625800676209,0.6764680388519738,2.4105689779581683
15.427625800676209,0.6764680388519738,2.4105689779581683
15.427625800676209,0.6764680388519738,2.4105689779581683
15.427625800676209,0.6764680388519738,2.4105689779581683
15.427625800676209,0.6764680388519738,2.4105689779581683
15.427625800676209,0.6764680388519738,2.4105689779581683
15.427625800676209,0.6764680388519738,2.4105689779581683
15.427625800676209,0.6764680388519738,2.4105689779581683
15.427625800676209,0.6764680388519738,2.4105689779581683
15.427625800676209,0.6764680388519738,2.4105689779581683
15.427625800676209,0.6764680388519738,2.4105689779581683
15.427625800676209,0.6764680388519738,2.4105689779581683
15.427625800676209,0.6764680388519738,2.4105689779581683
23.14384400869504,0.6989976694781325,2.4372928857818197
23.14384400869504,0.6989976694781325,2.4372928857818197
23.14384400869504,0.6989976694781325,2.4372928857818197
23.14384400869504,0.6989976694781325,2.4372928857818197
23.14384400869504,0.6989976694781325,2.4372928857818197
23.14384400869504,0.6989976694781325,2.4372928857818197
23.14384400869504,0.6989976694781325,2.4372928857818197
23.14384400869504,0.6989976694781325,2.4372928857818197
22.93986696927488,0.8207915271654314,2.608249604279892
23.150069688387685,0.6312206057721725,2.7144535665661547
23.150069688387685,0.6312206057721725,2.7144535665661547
23.150069688387685,0.6312206057721725,2.7144535665661547
23.150069688387685,0.6312206057721725,2.7144535665661547
23.150069688387685,0.6312206057721725,2.7144535665661547
23.150069688387685,0.6312206057721725,2.7144535665661547
23.150069688387685,0.6312206057721725,2.7144535665661547
22.90222528713361,0.49234881997773616,2.8339830881732073
22.90222528713361,0.49234881997773616,2.8339830881732073
22.90222528713361,0.49234881997773616,2.8339830881732073
22.90222528713361,0.49234881997773616,2.8339830881732073
22.90222528713361,0.49234881997773616,2.8339830881732073
22.90222528713361,0.49234881997773616,2.8339830881732073
22.90222528713361,0.49234881997773616,2.8339830881732073
22.90222528713361,0.49234881997773616,2.8339830881732073
22.90222528713361,0.49234881997773616,2.8339830881732073
22.90222528713361,0.49234881997773616,2.8339830881732073
22.90222528713361,0.49234881997773616,2.8339830881732073
22.90222528713361,0.49234881997773616,2.8339830881732073
22.90653663802004,0.4897775385664518,2.8333522163845433
22.90653663802004,0.4897775385664518,2.8333522163845433
22.90653663802004,0.4897775385664518,2.8333522163845433
23.017867648410636,0.4461652318436808,2.872399852032274
23.017867648410636,0.4461652318436808,2.872399852032274
23.017867648410636,0.4461652318436808,2.872399852032274
23.017867648410636,0.4461652318436808,2.872399852032274
23.017867648410636,0.4461652318436808,2.872399852032274
23.017867648410636,0.4461652318436808,2.872399852032274
23.017867648410636,0.4461652318436808,2.872399852032274
23.017867648410636,0.4461652318436808,2.872399852032274
23.017867648410636,0.4461652318436808,2.872399852032274
23.017867648410636,0.4461652318436808,2.872399852032274
22.555464378145473,0.45661341342486095,2.9000289480420918
22.593688999585094,0.7209094904875077,3.0324884018405824
22.593688999585094,0.7209094904875077,3.0324884018405824
22.501678266117654,0.3979859531780448,2.999704108141494
22.501678266117654,0.3979859531780448,2.999704108141494
22.501678266117654,0.3979859531780448,2.999704108141494
22.501678266117654,0.3979859531780448,2.999704108141494
22.501678266117654,0.3979859531780448,2.999704108141494
22.501678266117654,0.3979859531780448,2.999704108141494
22.51020818370063,0.4279227991855481,3.0027433983713476
22.51020818370063,0.4279227991855481,3.0027433983713476
22.51020818370063,0.4279227991855481,3.0027433983713476
22.51020818370063,0.4279227991855481,3.0027433983713476
22.51020818370063,0.4279227991855481,3.0027433983713476
22.51020818370063,0.4279227991855481,3.0027433983713476
22.51020818370063,0.4279227991855481,3.0027433983713476
22.51020818370063,0.4279227991855481,3.0027433983713476
22.51020818370063,0.4279227991855481,3.0027433983713476
22.51020818370063,0.4279227991855481,3.0027433983713476
22.51020818370063,0.4279227991855481,3.0027433983713476
22.51020818370063,0.4279227991855481,3.0027433983713476
22.51020818370063,0.4279227991855481,3.0027433983713476
22.51020818370063,0.4279227991855481,3.0027433983713476
22.798998234797157,0.36083801382655883,2.9925642905634424
22.644820691031462,0.39665284675250534,2.9979986531171043
22.660564307902966,0.4005737538073844,3.0524594886961287
22.660564307902966,0.4005737538073844,3.0524594886961287
22.660564307902966,0.4005737538073844,3.0524594886961287
22.660564307902966,0.4005737538073844,3.0524594886961287
22.660564307902966,0.4005737538073844,3.0524594886961287
22.660564307902966,0.4005737538073844,3.0524594886961287
22.660564307902966,0.4005737538073844,3.0524594886961287
22.660564307902966,0.4005737538073844,3.0524594886961287
22.660564307902966,0.4005737538073844,3.0524594886961287
22.660564307902966,0.4005737538073844,3.0524594886961287
22.660564307902966,0.4005737538073844,3.0524594886961287
22.660564307902966,0.4005737538073844,3.0524594886961287
22.660564307902966,0.4005737538073844,3.0524594886961287
22.660564307902966,0.4005737538073844,3.0524594886961287
112.61309757635152,0.8495997970631125,1.9056231520378475
112.61309757635152,0.8495997970631125,1.9056231520378475
112.61309757635152,0.8495997970631125,1.9056231520378475
112.61309757635152,0.8495997970631125,1.9056231520378475
112.61309757635152,0.8495997970631125,1.9056231520378475
112.61309757635152,0.8495997970631125,1.9056231520378475
112.61309757635152,0.8495997970631125,1.9056231520378475
112.61309757635152,0.8495997970631125,1.9056231520378475
112.61309757635152,0.8495997970631125,1.9056231520378475
112.61309757635152,0.8495997970631125,1.9056231520378475
112.61309757635152,0.8495997970631125,1.9056231520378475
111.48214335060125,0.9757121661624274,1.9579292864916287
111.48214335060125,0.9757121661624274,1.9579292864916287
111.48214335060125,0.9757121661624274,1.9579292864916287
111.48214335060125,0.9757121661624274,1.9579292864916287
111.48214335060125,0.9757121661624274,1.9579292864916287
111.48214335060125,0.9757121661624274,1.9579292864916287
111.48214335060125,0.9757121661624274,1.9579292864916287
111.48214335060125,0.9757121661624274,1.9579292864916287
111.48214335060125,0.9757121661624274,1.9579292864916287
111.48214335060125,0.9757121661624274,1.9579292864916287
111.48214335060125,0.9757121661624274,1.9579292864916287
111.48214335060125,0.9757121661624274,1.9579292864916287
111.48214335060125,0.9757121661624274,1.9579292864916287
111.48214335060125,0.9757121661624274,1.9579292864916287
111.48214335060125,0.9757121661624274,1.9579292864916287
111.48214335060125,0.9757121661624274,1.9579292864916287
111.48214335060125,0.9757121661624274,1.9579292864916287
111.48214335060125,0.9757121661624274,1.9579292864916287
111.48214335060125,0.9757121661624274,1.9579292864916287
111.48214335060125,0.9757121661624274,1.9579292864916287
111.48214335060125,0.9757121661624274,1.9579292864916287
111.48214335060125,0.9757121661624274,1.9579292864916287
111.48214335060125,0.9757121661624274,1.9579292864916287
111.48214335060125,0.9757121661624274,1.9579292864916287
111.48214335060125,0.9757121661624274,1.9579292864916287
111.48214335060125,0.9757121661624274,1.9579292864916287
111.48214335060125,0.9757121661624274,1.9579292864916287
111.48214335060125,0.9757121661624274,1.9579292864916287
111.48214335060125,0.9757121661624274,1.9579292864916287
111.48214335060125,0.9757121661624274,1.9579292864916287
111.48214335060125,0.9757121661624274,1.9579292864916287
111.48214335060125,0.9757121661624274,1.9579292864916287
111.48214335060125,0.9757121661624274,1.9579292864916287
111.48214335060125,0.9757121661624274,1.9579292864916287
111.48214335060125,0.9757121661624274,1.9579292864916287
111.48214335060125,0.9757121661624274,1.9579292864916287
111.48214335060125,0.9757121661624274,1.9579292864916287
111.48214335060125,0.9757121661624274,1.9579292864916287
111.48214335060125,0.9757121661624274,1.9579292864916287
111.48214335060125,0.9757121661624274,1.9579292864916287
111.48214335060125,0.9757121661624274,1.9579292864916287
111.48214335060125,0.9757121661624274,1.9579292864916287
111.48214335060125,0.9757121661624274,1.9579292864916287
111.48214335060125,0.9757121661624274,1.9579292864916287
111.48214335060125,0.9757121661624274,1.9579292864916287
111.48214335060125,0.9757121661624274,1.9579292864916287
111.48214335060125,0.9757121661624274,1.9579292864916287
111.48214335060125,0.9757121661624274,1.9579292864916287
111.48214335060125,0.9757121661624274,1.9579292864916287
111.48214335060125,0.9757121661624274,1.9579292864916287
111.48214335060125,0.9757121661624274,1.9579292864916287
111.48214335060125,0.9757121661624274,1.9579292864916287
111.48214335060125,0.9757121661624274,1.9579292864916287
111.48214335060125,0.9757121661624274,1.9579292864916287
111.48214335060125,0.9757121661624274,1.9579292864916287
111.48214335060125,0.9757121661624274,1.9579292864916287
111.48214335060125,0.9757121661624274,1.9579292864916287
111.48214335060125,0.9757121661624274,1.9579292864916287
111.48214335060125,0.9757121661624274,1.9579292864916287
111.48214335060125,0.9757121661624274,1.9579292864916287
111.48214335060125,0.9757121661624274,1.9579292864916287
111.48214335060125,0.9757121661624274,1.9579292864916287
111.48214335060125,0.9757121661624274,1.9579292864916287
111.48214335060125,0.9757121661624274,1.9579292864916287
111.48214335060125,0.9757121661624274,1.9579292864916287
111.48214335060125,0.9757121661624274,1.9579292864916287
111.48214335060125,0.9757121661624274,1.9579292864916287
111.48214335060125,0.9757121661624274,1.9579292864916287
111.48214335060125,0.9757121661624274,1.9579292864916287
111.48214335060125,0.9757121661624274,1.9579292864916287
111.48214335060125,0.9757121661624274,1.9579292864916287
111.48214335060125,0.9757121661624274,1.9579292864916287
111.48214335060125,0.9757121661624274,1.9579292864916287
111.48214335060125,0.9757121661624274,1.9579292864916287
111.48214335060125,0.9757121661624274,1.9579292864916287
111.48214335060125,0.9757121661624274,1.9579292864916287
111.48214335060125,0.9757121661624274,1.9579292864916287
111.48214335060125,0.9757121661624274,1.9579292864916287
111.48214335060125,0.9757121661624274,1.9579292864916287
111.48214335060125,0.9757121661624274,1.9579292864916287
111.48214335060125,0.9757121661624274,1.9579292864916287
111.48214335060125,0.9757121661624274,1.9579292864916287
111.48214335060125,0.9757121661624274,1.9579292864916287
111.48214335060125,0.9757121661624274,1.9579292864916287
111.48214335060125,0.9757121661624274,1.9579292864916287
111.48214335060125,0.9757121661624274,1.9579292864916287
111.48214335060125,0.9757121661624274,1.9579292864916287
111.48214335060125,0.9757121661624274,1.9579292864916287
111.48214335060125,0.9757121661624274,1.9579292864916287
111.48214335060125,0.9757121661624274,1.9579292864916287
111.48214335060125,0.9757121661624274,1.9579292864916287
111.52076674594878,0.788286610614941,2.0204896638056855
111.52076674594878,0.788286610614941,2.0204896638056855
111.52076674594878,0.788286610614941,2.0204896638056855
111.52076674594878,0.788286610614941,2.0204896638056855
111.5121426737064,0.7899995359838708,2.0158125618319644
111.5121426737064,0.7899995359838708,2.0158125618319644
111.5121426737064,0.7899995359838708,2.0158125618319644
111.5121426737064,0.7899995359838708,2.0158125618319644
111.5121426737064,0.7899995359838708,2.0158125618319644
111.5121426737064,0.7899995359838708,2.0158125618319644
111.5121426737064,0.7899995359838708,2.0158125618319644
111.5121426737064,0.7899995359838708,2.0158125618319644
111.5121426737064,0.7899995359838708,2.0158125618319644
111.5121426737064,0.7899995359838708,2.0158125618319644
111.5121426737064,0.7899995359838708,2.0158125618319644
111.5121426737064,0.7899995359838708,2.0158125618319644
111.5121426737064,0.7899995359838708,2.0158125618319644
111.5121426737064,0.7899995359838708,2.0158125618319644
29.25684944637512,0.9024442002804615,2.216252081609556
29.25684944637512,0.9024442002804615,2.216252081609556
29.25684944637512,0.9024442002804615,2.216252081609556
29.25684944637512,0.9024442002804615,2.216252081609556
29.25684944637512,0.9024442002804615,2.216252081609556
29.25684944637512,0.9024442002804615,2.216252081609556
29.715467832989944,0.9294062586245077,2.1761064635820206
29.715467832989944,0.9294062586245077,2.1761064635820206
29.715467832989944,0.9294062586245077,2.1761064635820206
29.715467832989944,0.9294062586245077,2.1761064635820206
25.308068703518757,0.876459947622756,2.3479192663163015
25.308068703518757,0.876459947622756,2.3479192663163015
25.308068703518757,0.876459947622756,2.3479192663163015
25.308068703518757,0.876459947622756,2.3479192663163015
25.308068703518757,0.876459947622756,2.3479192663163015
25.308068703518757,0.876459947622756,2.3479192663163015
25.308068703518757,0.876459947622756,2.3479192663163015
25.308068703518757,0.876459947622756,2.3479192663163015
24.469184245511737,0.9905018109132582,2.3783020194016333
24.469184245511737,0.9905018109132582,2.3783020194016333
24.469184245511737,0.9905018109132582,2.3783020194016333
24.469184245511737,0.9905018109132582,2.3783020194016333
24.469184245511737,0.9905018109132582,2.3783020194016333
24.469184245511737,0.9905018109132582,2.3783020194016333
24.469184245511737,0.9905018109132582,2.3783020194016333
24.469184245511737,0.9905018109132582,2.3783020194016333
24.469184245511737,0.9905018109132582,2.3783020194016333
24.469184245511737,0.9905018109132582,2.3783020194016333
23.793914439814813,0.9692633738725409,2.3969631599664623
23.181298381281792,1.1332708758559014,2.6933386011295335
23.180778971012067,1.1310047279681075,2.796294591194641
23.180778971012067,1.1310047279681075,2.796294591194641
23.180778971012067,1.1310047279681075,2.796294591194641
23.180778971012067,1.1310047279681075,2.796294591194641
23.180778971012067,1.1310047279681075,2.796294591194641
23.180778971012067,1.1310047279681075,2.796294591194641
23.180778971012067,1.1310047279681075,2.796294591194641
23.180778971012067,1.1310047279681075,2.796294591194641
23.180778971012067,1.1310047279681075,2.796294591194641
23.035919396053462,0.9893637032767604,2.806716929009223
23.035919396053462,0.9893637032767604,2.806716929009223
23.035919396053462,0.9893637032767604,2.806716929009223
23.035919396053462,0.9893637032767604,2.806716929009223
23.035919396053462,0.9893637032767604,2.806716929009223
22.956863195521052,0.8608528679883825,2.830443044088478
22.956863195521052,0.8608528679883825,2.830443044088478
22.956863195521052,0.8608528679883825,2.830443044088478
22.956863195521052,0.8608528679883825,2.830443044088478
22.956863195521052,0.8608528679883825,2.830443044088478
22.956863195521052,0.8608528679883825,2.830443044088478
22.956863195521052,0.8608528679883825,2.830443044088478
22.956863195521052,0.8608528679883825,2.830443044088478
22.956863195521052,0.8608528679883825,2.830443044088478
22.956863195521052,0.8608528679883825,2.830443044088478
22.956863195521052,0.8608528679883825,2.830443044088478
22.956863195521052,0.8608528679883825,2.830443044088478
22.956863195521052,0.8608528679883825,2.830443044088478
22.956863195521052,0.8608528679883825,2.830443044088478
22.956863195521052,0.8608528679883825,2.830443044088478
22.902576002647162,0.9152783227073064,2.908473145976197
22.902576002647162,0.9152783227073064,2.908473145976197
22.902576002647162,0.9152783227073064,2.908473145976197
22.902576002647162,0.9152783227073064,2.908473145976197
22.902576002647162,0.9152783227073064,2.908473145976197
22.902576002647162,0.9152783227073064,2.908473145976197
22.902576002647162,0.9152783227073064,2.908473145976197
22.899128655221556,0.9185306730096928,2.907949817782978
23.065242530310357,0.6947458436710282,2.92793858485968
23.065242530310357,0.6947458436710282,2.92793858485968
22.939692360639715,0.6644219160423442,2.951029139447316
23.04963173017655,0.5362403356449121,2.970710454823206
23.04963173017655,0.5362403356449121,2.970710454823206
22.924094921648738,0.7097811822662314,3.0382544034626306
22.924094921648738,0.7097811822662314,3.0382544034626306
22.924094921648738,0.7097811822662314,3.0382544034626306
22.924094921648738,0.7097811822662314,3.0382544034626306
22.924094921648738,0.7097811822662314,3.0382544034626306
22.924094921648738,0.7097811822662314,3.0382544034626306
22.924094921648738,0.7097811822662314,3.0382544034626306
22.830914327662914,0.6459764527723546,3.0318644444365592
22.830914327662914,0.6459764527723546,3.0318644444365592
22.830914327662914,0.6459764527723546,3.0318644444365592
22.830914327662914,0.6459764527723546,3.0318644444365592
22.830914327662914,0.6459764527723546,3.0318644444365592
22.830914327662914,0.6459764527723546,3.0318644444365592
22.830914327662914,0.6459764527723546,3.0318644444365592
22.830914327662914,0.6459764527723546,3.0318644444365592
22.80136762808769,0.6338368690483535,3.02827687719901
22.80136762808769,0.6338368690483535,3.02827687719901
22.80136762808769,0.6338368690483535,3.02827687719901
22.80136762808769,0.6338368690483535,3.02827687719901
22.814835190057046,0.6258228174431576,3.026829217162386
22.814835190057046,0.6258228174431576,3.026829217162386
22.814835190057046,0.6258228174431576,3.026829217162386
22.814835190057046,0.6258228174431576,3.026829217162386
22.814835190057046,0.6258228174431576,3.026829217162386
22.807460060493582,0.6367230774538155,3.0300623760789773
22.807460060493582,0.6367230774538155,3.0300623760789773
22.807460060493582,0.6367230774538155,3.0300623760789773
22.807460060493582,0.6367230774538155,3.0300623760789773
22.807460060493582,0.6367230774538155,3.0300623760789773
22.807460060493582,0.6367230774538155,3.0300623760789773
22.807460060493582,0.6367230774538155,3.0300623760789773
22.779661021642777,0.5055412746891172,3.0582552919569097
22.779661021642777,0.5055412746891172,3.0582552919569097
22.779661021642777,0.5055412746891172,3.0582552919569097
22.779661021642777,0.5055412746891172,3.0582552919569097
22.779661021642777,0.5055412746891172,3.0582552919569097
22.775056616161134,0.49874486735090606,3.06048817963533
22.779268708063444,0.5030736651565553,3.056788638238608
22.779268708063444,0.5030736651565553,3.056788638238608
22.779268708063444,0.5030736651565553,3.056788638238608
22.779268708063444,0.5030736651565553,3.056788638238608
22.779268708063444,0.5030736651565553,3.056788638238608
22.779268708063444,0.5030736651565553,3.056788638238608
22.779268708063444,0.5030736651565553,3.056788638238608
22.779268708063444,0.5030736651565553,3.056788638238608
22.779268708063444,0.5030736651565553,3.056788638238608
22.779268708063444,0.5030736651565553,3.056788638238608
22.779268708063444,0.5030736651565553,3.056788638238608
11.23755042984136,0.45424253681009924,2.996179821887126
11.23755042984136,0.45424253681009924,2.996179821887126
11.23755042984136,0.45424253681009924,2.996179821887126
11.23755042984136,0.45424253681009924,2.996179821887126
11.23755042984136,0.45424253681009924,2.996179821887126
11.23755042984136,0.45424253681009924,2.996179821887126
11.23755042984136,0.45424253681009924,2.996179821887126
11.23755042984136,0.45424253681009924,2.996179821887126
11.23755042984136,0.45424253681009924,2.996179821887126
11.23755042984136,0.45424253681009924,2.996179821887126
11.297864818701946,0.45207549260845226,2.9909610010488765
11.297864818701946,0.45207549260845226,2.9909610010488765
11.297864818701946,0.45207549260845226,2.9909610010488765
11.297864818701946,0.45207549260845226,2.9909610010488765
11.297864818701946,0.45207549260845226,2.9909610010488765
11.297864818701946,0.45207549260845226,2.9909610010488765
11.512445417075309,0.44223038445422264,3.0026030256667195
11.512445417075309,0.44223038445422264,3.0026030256667195
11.512445417075309,0.44223038445422264,3.0026030256667195
11.512445417075309,0.44223038445422264,3.0026030256667195
11.512445417075309,0.44223038445422264,3.0026030256667195
11.512445417075309,0.44223038445422264,3.0026030256667195
11.512445417075309,0.44223038445422264,3.0026030256667195
11.512445417075309,0.44223038445422264,3.0026030256667195
11.512445417075309,0.44223038445422264,3.0026030256667195
11.512445417075309,0.44223038445422264,3.0026030256667195
11.512445417075309,0.44223038445422264,3.0026030256667195
11.512445417075309,0.44223038445422264,3.0026030256667195
11.530938978499288,0.4417347268912934,3.0031632203771297
11.530938978499288,0.4417347268912934,3.0031632203771297
11.530938978499288,0.4417347268912934,3.0031632203771297
11.530938978499288,0.4417347268912934,3.0031632203771297
11.530938978499288,0.4417347268912934,3.0031632203771297
11.530938978499288,0.4417347268912934,3.0031632203771297
11.530938978499288,0.4417347268912934,3.0031632203771297
11.530938978499288,0.4417347268912934,3.0031632203771297
11.530938978499288,0.4417347268912934,3.0031632203771297
11.530938978499288,0.4417347268912934,3.0031632203771297
11.530938978499288,0.4417347268912934,3.0031632203771297
11.509355453439458,0.21894825476530672,2.9658619218599593
11.509355453439458,0.21894825476530672,2.9658619218599593
11.509355453439458,0.21894825476530672,2.9658619218599593
11.530754116777548,0.3083885195830029,3.1890694372185453
11.530754116777548,0.3083885195830029,3.1890694372185453
11.530754116777548,0.3083885195830029,3.1890694372185453
11.530754116777548,0.3083885195830029,3.1890694372185453
11.530754116777548,0.3083885195830029,3.1890694372185453
11.437171603491262,0.3122698918442184,3.1900469633692
11.437171603491262,0.3122698918442184,3.1900469633692
11.437171603491262,0.3122698918442184,3.1900469633692
11.437171603491262,0.3122698918442184,3.1900469633692
11.437171603491262,0.3122698918442184,3.1900469633692
11.437171603491262,0.3122698918442184,3.1900469633692
11.437171603491262,0.3122698918442184,3.1900469633692
11.437171603491262,0.3122698918442184,3.1900469633692
12.681252179471535,0.3629918448486258,3.2047239925585727
12.681252179471535,0.3629918448486258,3.2047239925585727
13.5754331679795,0.1340652012222654,3.3187924494046235
13.5754331679795,0.1340652012222654,3.3187924494046235
13.5754331679795,0.1340652012222654,3.3187924494046235
13.5754331679795,0.1340652012222654,3.3187924494046235
13.5754331679795,0.1340652012222654,3.3187924494046235
13.5754331679795,0.1340652012222654,3.3187924494046235
13.5754331679795,0.1340652012222654,3.3187924494046235
13.5754331679795,0.1340652012222654,3.3187924494046235
13.5754331679795,0.1340652012222654,3.3187924494046235
13.5754331679795,0.1340652012222654,3.3187924494046235
13.5754331679795,0.1340652012222654,3.3187924494046235
13.5754331679795,0.1340652012222654,3.3187924494046235
13.5754331679795,0.1340652012222654,3.3187924494046235
13.5754331679795,0.1340652012222654,3.3187924494046235
13.5754331679795,0.1340652012222654,3.3187924494046235
13.5754331679795,0.1340652012222654,3.3187924494046235
13.5754331679795,0.1340652012222654,3.3187924494046235
13.5754331679795,0.1340652012222654,3.3187924494046235
13.5754331679795,0.1340652012222654,3.3187924494046235
13.5754331679795,0.1340652012222654,3.3187924494046235
13.5754331679795,0.1340652012222654,3.3187924494046235
13.5754331679795,0.1340652012222654,3.3187924494046235
13.5754331679795,0.1340652012222654,3.3187924494046235
13.5754331679795,0.1340652012222654,3.3187924494046235
13.5754331679795,0.1340652012222654,3.3187924494046235
15.45957365882191,0.11569789291049348,3.2430945085496914
15.45957365882191,0.11569789291049348,3.2430945085496914
15.45957365882191,0.11569789291049348,3.2430945085496914
15.45957365882191,0.11569789291049348,3.2430945085496914
15.45957365882191,0.11569789291049348,3.2430945085496914
13.778882499991294,0.17366041700750923,3.296851536853283
13.778882499991294,0.17366041700750923,3.296851536853283
13.778882499991294,0.17366041700750923,3.296851536853283
13.778882499991294,0.17366041700750923,3.296851536853283
13.778882499991294,0.17366041700750923,3.296851536853283
13.778882499991294,0.17366041700750923,3.296851536853283
14.624171739587467,0.06160822935188287,3.305709605754564
14.624171739587467,0.06160822935188287,3.305709605754564
14.624171739587467,0.06160822935188287,3.305709605754564
14.624171739587467,0.06160822935188287,3.305709605754564
14.624171739587467,0.06160822935188287,3.305709605754564
14.624171739587467,0.06160822935188287,3.305709605754564
14.624171739587467,0.06160822935188287,3.305709605754564
14.624171739587467,0.06160822935188287,3.305709605754564
14.624171739587467,0.06160822935188287,3.305709605754564
14.624171739587467,0.06160822935188287,3.305709605754564
14.624171739587467,0.06160822935188287,3.305709605754564
14.624171739587467,0.06160822935188287,3.305709605754564
14.624171739587467,0.06160822935188287,3.305709605754564
14.624171739587467,0.06160822935188287,3.305709605754564
14.624171739587467,0.06160822935188287,3.305709605754564
14.624171739587467,0.06160822935188287,3.305709605754564
14.626007913367491,0.06136625552488062,3.3058412271681266
14.626007913367491,0.06136625552488062,3.3058412271681266
14.626007913367491,0.06136625552488062,3.3058412271681266
14.626007913367491,0.06136625552488062,3.3058412271681266
14.626007913367491,0.06136625552488062,3.3058412271681266
14.626007913367491,0.06136625552488062,3.3058412271681266
14.626007913367491,0.06136625552488062,3.3058412271681266
14.626007913367491,0.06136625552488062,3.3058412271681266
14.626007913367491,0.06136625552488062,3.3058412271681266
14.626007913367491,0.06136625552488062,3.3058412271681266
14.626007913367491,0.06136625552488062,3.3058412271681266
24.27656881265777,0.1336581113209448,3.315103548820716
23.8116227124414,0.5017637817843681,3.0449239753761224
23.8116227124414,0.5017637817843681,3.0449239753761224
23.8116227124414,0.5017637817843681,3.0449239753761224
23.8116227124414,0.5017637817843681,3.0449239753761224
23.8116227124414,0.5017637817843681,3.0449239753761224
23.8116227124414,0.5017637817843681,3.0449239753761224
23.8116227124414,0.5017637817843681,3.0449239753761224
23.8116227124414,0.5017637817843681,3.0449239753761224
23.8116227124414,0.5017637817843681,3.0449239753761224
23.8116227124414,0.5017637817843681,3.0449239753761224
23.8116227124414,0.5017637817843681,3.0449239753761224
23.8116227124414,0.5017637817843681,3.0449239753761224
22.897740339048216,0.47310551243916826,2.9839987710142206
22.897740339048216,0.47310551243916826,2.9839987710142206
22.897740339048216,0.47310551243916826,2.9839987710142206
22.897740339048216,0.47310551243916826,2.9839987710142206
22.897740339048216,0.47310551243916826,2.9839987710142206
22.897740339048216,0.47310551243916826,2.9839987710142206
22.897740339048216,0.47310551243916826,2.9839987710142206
22.897740339048216,0.47310551243916826,2.9839987710142206
22.897740339048216,0.47310551243916826,2.9839987710142206
22.897740339048216,0.47310551243916826,2.9839987710142206
23.20140906672312,0.33314105532796023,3.128446614153952
23.20140906672312,0.33314105532796023,3.128446614153952
23.20140906672312,0.33314105532796023,3.128446614153952
23.20140906672312,0.33314105532796023,3.128446614153952
23.20140906672312,0.33314105532796023,3.128446614153952
23.20140906672312,0.33314105532796023,3.128446614153952
23.20140906672312,0.33314105532796023,3.128446614153952
23.20140906672312,0.33314105532796023,3.128446614153952
23.20140906672312,0.33314105532796023,3.128446614153952
23.20140906672312,0.33314105532796023,3.128446614153952
23.20140906672312,0.33314105532796023,3.128446614153952
23.20140906672312,0.33314105532796023,3.128446614153952
23.20140906672312,0.33314105532796023,3.128446614153952
23.200668735479443,0.3420887005987878,3.1190950356122267
23.343277557048836,0.24405642728337895,3.3074470166050918
23.343277557048836,0.24405642728337895,3.3074470166050918
23.343277557048836,0.24405642728337895,3.3074470166050918
23.343277557048836,0.24405642728337895,3.3074470166050918
23.343277557048836,0.24405642728337895,3.3074470166050918
23.434194202180542,0.03411394229468023,3.35654696016769
23.434194202180542,0.03411394229468023,3.35654696016769
23.434194202180542,0.03411394229468023,3.35654696016769
23.434194202180542,0.03411394229468023,3.35654696016769
23.434194202180542,0.03411394229468023,3.35654696016769
23.434194202180542,0.03411394229468023,3.35654696016769
23.434194202180542,0.03411394229468023,3.35654696016769
23.434194202180542,0.03411394229468023,3.35654696016769
23.434194202180542,0.03411394229468023,3.35654696016769
23.434194202180542,0.03411394229468023,3.35654696016769
23.434194202180542,0.03411394229468023,3.35654696016769
23.434194202180542,0.03411394229468023,3.35654696016769
23.431460930088083,0.10436802061232842,3.3073030950843396
23.431460930088083,0.10436802061232842,3.3073030950843396
23.318562168411997,0.10859158334536506,3.3031280688842726
23.318562168411997,0.10859158334536506,3.3031280688842726
23.318562168411997,0.10859158334536506,3.3031280688842726
23.318562168411997,0.10859158334536506,3.3031280688842726
23.318562168411997,0.10859158334536506,3.3031280688842726
23.318562168411997,0.10859158334536506,3.3031280688842726
23.318562168411997,0.10859158334536506,3.3031280688842726
23.318562168411997,0.10859158334536506,3.3031280688842726
23.318562168411997,0.10859158334536506,3.3031280688842726
23.318562168411997,0.10859158334536506,3.3031280688842726
23.318562168411997,0.10859158334536506,3.3031280688842726
23.318562168411997,0.10859158334536506,3.3031280688842726
23.318562168411997,0.10859158334536506,3.3031280688842726
23.318562168411997,0.10859158334536506,3.3031280688842726
23.318562168411997,0.10859158334536506,3.3031280688842726
23.318562168411997,0.10859158334536506,3.3031280688842726
23.318562168411997,0.10859158334536506,3.3031280688842726
23.318562168411997,0.10859158334536506,3.3031280688842726
22.847559857235787,0.11968781759030189,3.294937159249921
22.82363710493847,0.10859724298356613,3.3116442069776326
22.82363710493847,0.10859724298356613,3.3116442069776326
22.82363710493847,0.10859724298356613,3.3116442069776326
22.82363710493847,0.10859724298356613,3.3116442069776326
22.82363710493847,0.10859724298356613,3.3116442069776326
22.82363710493847,0.10859724298356613,3.3116442069776326
22.82363710493847,0.10859724298356613,3.3116442069776326
22.82363710493847,0.10859724298356613,3.3116442069776326
22.82363710493847,0.10859724298356613,3.3116442069776326
22.82363710493847,0.10859724298356613,3.3116442069776326
22.82363710493847,0.10859724298356613,3.3116442069776326
22.82363710493847,0.10859724298356613,3.3116442069776326
22.82363710493847,0.10859724298356613,3.3116442069776326
22.76382042209551,0.37303581343909725,3.222661799265426
22.76382042209551,0.37303581343909725,3.222661799265426
22.76382042209551,0.37303581343909725,3.222661799265426
22.702368032325722,0.3178402592327228,3.1787642727068333
22.702368032325722,0.3178402592327228,3.1787642727068333
22.702368032325722,0.3178402592327228,3.1787642727068333
22.702368032325722,0.3178402592327228,3.1787642727068333
22.702368032325722,0.3178402592327228,3.1787642727068333
22.702368032325722,0.3178402592327228,3.1787642727068333
22.702368032325722,0.3178402592327228,3.1787642727068333
22.702368032325722,0.3178402592327228,3.1787642727068333
22.702368032325722,0.3178402592327228,3.1787642727068333
22.702368032325722,0.3178402592327228,3.1787642727068333
22.702368032325722,0.3178402592327228,3.1787642727068333
22.702368032325722,0.3178402592327228,3.1787642727068333
22.702368032325722,0.3178402592327228,3.1787642727068333
22.702368032325722,0.3178402592327228,3.1787642727068333
22.702368032325722,0.3178402592327228,3.1787642727068333
22.646651977601337,0.3254104151047493,3.1957340121273794
22.64684784780508,0.3254126067478432,3.195668237209381
22.64684784780508,0.3254126067478432,3.195668237209381
22.64684784780508,0.3254126067478432,3.195668237209381
22.64684784780508,0.3254126067478432,3.195668237209381
22.64684784780508,0.3254126067478432,3.195668237209381
22.64684784780508,0.3254126067478432,3.195668237209381
22.64684784780508,0.3254126067478432,3.195668237209381
22.64684784780508,0.3254126067478432,3.195668237209381
22.64684784780508,0.3254126067478432,3.195668237209381
22.64684784780508,0.3254126067478432,3.195668237209381
22.64648865674284,0.32307307484570635,3.1960723100727693
22.64648865674284,0.32307307484570635,3.1960723100727693
22.64648865674284,0.32307307484570635,3.1960723100727693
16.500783546391528,0.08413747234591074,2.185112892818084
16.500783546391528,0.08413747234591074,2.185112892818084
16.500783546391528,0.08413747234591074,2.185112892818084
16.500783546391528,0.08413747234591074,2.185112892818084
16.500783546391528,0.08413747234591074,2.185112892818084
16.500783546391528,0.08413747234591074,2.185112892818084
16.500783546391528,0.08413747234591074,2.185112892818084
16.500783546391528,0.08413747234591074,2.185112892818084
16.500783546391528,0.08413747234591074,2.185112892818084
16.500783546391528,0.08413747234591074,2.185112892818084
16.500783546391528,0.08413747234591074,2.185112892818084
16.500783546391528,0.08413747234591074,2.185112892818084
16.500783546391528,0.08413747234591074,2.185112892818084
16.500783546391528,0.08413747234591074,2.185112892818084
16.500783546391528,0.08413747234591074,2.185112892818084
16.500783546391528,0.08413747234591074,2.185112892818084
16.500783546391528,0.08413747234591074,2.185112892818084
16.500783546391528,0.08413747234591074,2.185112892818084
19.26700760857032,0.63842419263083,2.5851215796882414
19.50184165218717,0.6514163363761694,2.5959702150971524
19.50184165218717,0.6514163363761694,2.5959702150971524
19.50184165218717,0.6514163363761694,2.5959702150971524
16.819263545415467,0.6250036935217742,2.8516417975240627
20.695979681765046,0.28127843137875885,2.9593551195009273
20.695979681765046,0.28127843137875885,2.9593551195009273
21.522139983098764,0.7186789021953082,2.981711190461523
21.522139983098764,0.7186789021953082,2.981711190461523
21.522139983098764,0.7186789021953082,2.981711190461523
21.522139983098764,0.7186789021953082,2.981711190461523
21.673005784862603,0.7547525519023055,3.0149543658557802
21.673005784862603,0.7547525519023055,3.0149543658557802
21.673005784862603,0.7547525519023055,3.0149543658557802
21.673005784862603,0.7547525519023055,3.0149543658557802
22.1834632467305,0.7396578338236154,2.9162573700366576
22.1834632467305,0.7396578338236154,2.9162573700366576
22.32860158859166,0.8395879237996975,3.0666745033957095
22.32860158859166,0.8395879237996975,3.0666745033957095
22.32860158859166,0.8395879237996975,3.0666745033957095
22.32860158859166,0.8395879237996975,3.0666745033957095
22.32860158859166,0.8395879237996975,3.0666745033957095
22.32860158859166,0.8395879237996975,3.0666745033957095
22.32860158859166,0.8395879237996975,3.0666745033957095
22.32860158859166,0.8395879237996975,3.0666745033957095
22.32860158859166,0.8395879237996975,3.0666745033957095
22.32860158859166,0.8395879237996975,3.0666745033957095
22.32860158859166,0.8395879237996975,3.0666745033957095
22.32860158859166,0.8395879237996975,3.0666745033957095
22.32860158859166,0.8395879237996975,3.0666745033957095
22.32860158859166,0.8395879237996975,3.0666745033957095
22.32860158859166,0.8395879237996975,3.0666745033957095
22.50344041552533,0.9459440089591804,3.1462049552759552
22.50344041552533,0.9459440089591804,3.1462049552759552
22.50344041552533,0.9459440089591804,3.1462049552759552
22.50344041552533,0.9459440089591804,3.1462049552759552
22.50344041552533,0.9459440089591804,3.1462049552759552
22.50344041552533,0.9459440089591804,3.1462049552759552
22.461800711240215,0.96101242741969,3.2106158608388533
22.49135982020697,0.8935347942308356,3.121151854831848
22.49135982020697,0.8935347942308356,3.121151854831848
22.670952796696202,0.8378913566410373,3.0727475389093244
22.670952796696202,0.8378913566410373,3.0727475389093244
22.670952796696202,0.8378913566410373,3.0727475389093244
22.670952796696202,0.8378913566410373,3.0727475389093244
22.670952796696202,0.8378913566410373,3.0727475389093244
22.670952796696202,0.8378913566410373,3.0727475389093244
22.670952796696202,0.8378913566410373,3.0727475389093244
22.670952796696202,0.8378913566410373,3.0727475389093244
22.670952796696202,0.8378913566410373,3.0727475389093244
22.670952796696202,0.8378913566410373,3.0727475389093244
22.656578668913742,0.8052354958042098,3.056398431358982
22.656578668913742,0.8052354958042098,3.056398431358982
22.656578668913742,0.8052354958042098,3.056398431358982
22.656578668913742,0.8052354958042098,3.056398431358982
22.656578668913742,0.8052354958042098,3.056398431358982
22.645730223673922,0.4953076450292728,3.08446927253693
22.645730223673922,0.4953076450292728,3.08446927253693
22.640676003849002,0.36432818160441066,3.096455241739503
22.710894962129554,0.1449597009293352,3.242784025865845
22.710894962129554,0.1449597009293352,3.242784025865845
22.710894962129554,0.1449597009293352,3.242784025865845
22.710894962129554,0.1449597009293352,3.242784025865845
22.710894962129554,0.1449597009293352,3.242784025865845
22.405649242234542,0.04881289580398024,3.380412949591401
22.405649242234542,0.04881289580398024,3.380412949591401
22.405649242234542,0.04881289580398024,3.380412949591401
22.405649242234542,0.04881289580398024,3.380412949591401
22.405649242234542,0.04881289580398024,3.380412949591401
22.526555785319175,0.04264282628373273,3.3835025620635117
22.526555785319175,0.04264282628373273,3.3835025620635117
22.526555785319175,0.04264282628373273,3.3835025620635117
22.526555785319175,0.04264282628373273,3.3835025620635117
22.526555785319175,0.04264282628373273,3.3835025620635117
22.526555785319175,0.04264282628373273,3.3835025620635117
22.526555785319175,0.04264282628373273,3.3835025620635117
22.526555785319175,0.04264282628373273,3.3835025620635117
22.526555785319175,0.04264282628373273,3.3835025620635117
22.526555785319175,0.04264282628373273,3.3835025620635117
22.526555785319175,0.04264282628373273,3.3835025620635117
22.526555785319175,0.04264282628373273,3.3835025620635117
22.526555785319175,0.04264282628373273,3.3835025620635117
22.526555785319175,0.04264282628373273,3.3835025620635117
22.526555785319175,0.04264282628373273,3.3835025620635117
22.526555785319175,0.04264282628373273,3.3835025620635117
22.526555785319175,0.04264282628373273,3.3835025620635117
22.526555785319175,0.04264282628373273,3.3835025620635117
22.526555785319175,0.04264282628373273,3.3835025620635117
22.49970665493203,0.0432423095977479,3.4027439894595424
22.49970665493203,0.0432423095977479,3.4027439894595424
22.49970665493203,0.0432423095977479,3.4027439894595424
22.491198208930797,0.04352535106630179,3.402501018967245
22.491198208930797,0.04352535106630179,3.402501018967245
22.491198208930797,0.04352535106630179,3.402501018967245
22.491198208930797,0.04352535106630179,3.402501018967245
22.491198208930797,0.04352535106630179,3.402501018967245
22.491198208930797,0.04352535106630179,3.402501018967245
22.491198208930797,0.04352535106630179,3.402501018967245
22.491198208930797,0.04352535106630179,3.402501018967245
22.491198208930797,0.04352535106630179,3.402501018967245
22.491198208930797,0.04352535106630179,3.402501018967245
22.491198208930797,0.04352535106630179,3.402501018967245
44.394054479856464,0.677412264689804,2.1890298028352215
44.394054479856464,0.677412264689804,2.1890298028352215
44.394054479856464,0.677412264689804,2.1890298028352215
44.394054479856464,0.677412264689804,2.1890298028352215
44.394054479856464,0.677412264689804,2.1890298028352215
44.394054479856464,0.677412264689804,2.1890298028352215
37.69704895020395,0.9064576934199267,2.4515793539894073
37.69704895020395,0.9064576934199267,2.4515793539894073
37.69704895020395,0.9064576934199267,2.4515793539894073
37.69704895020395,0.9064576934199267,2.4515793539894073
37.69704895020395,0.9064576934199267,2.4515793539894073
37.69704895020395,0.9064576934199267,2.4515793539894073
37.69704895020395,0.9064576934199267,2.4515793539894073
37.69704895020395,0.9064576934199267,2.4515793539894073
37.69704895020395,0.9064576934199267,2.4515793539894073
35.70335044387035,0.8639726875067755,2.470729605755609
35.70335044387035,0.8639726875067755,2.470729605755609
29.813676896916096,0.9685047523205093,2.52606604678653
29.813676896916096,0.9685047523205093,2.52606604678653
25.435786699347872,0.975826974867373,2.5616442274625126
25.435786699347872,0.975826974867373,2.5616442274625126
23.732335789054744,0.9529563434502997,2.629193349048797
23.732335789054744,0.9529563434502997,2.629193349048797
23.732335789054744,0.9529563434502997,2.629193349048797
23.732335789054744,0.9529563434502997,2.629193349048797
22.333448147404297,0.9591186413796657,2.638220944570574
22.333448147404297,0.9591186413796657,2.638220944570574
22.333448147404297,0.9591186413796657,2.638220944570574
22.734347299472123,0.9066402846754932,2.613379136776755
22.734347299472123,0.9066402846754932,2.613379136776755
22.734347299472123,0.9066402846754932,2.613379136776755
22.734347299472123,0.9066402846754932,2.613379136776755
22.734347299472123,0.9066402846754932,2.613379136776755
22.734347299472123,0.9066402846754932,2.613379136776755
22.734347299472123,0.9066402846754932,2.613379136776755
22.734347299472123,0.9066402846754932,2.613379136776755
22.734347299472123,0.9066402846754932,2.613379136776755
22.734347299472123,0.9066402846754932,2.613379136776755
22.734347299472123,0.9066402846754932,2.613379136776755
22.734347299472123,0.9066402846754932,2.613379136776755
22.734347299472123,0.9066402846754932,2.613379136776755
22.734347299472123,0.9066402846754932,2.613379136776755
22.691823697567436,0.9219857058400345,2.7435113448652166
22.84018342375791,0.8842712884062023,2.9018876128567195
22.84018342375791,0.8842712884062023,2.9018876128567195
22.84018342375791,0.8842712884062023,2.9018876128567195
22.84018342375791,0.8842712884062023,2.9018876128567195
22.84018342375791,0.8842712884062023,2.9018876128567195
22.872275943356815,0.8719146565093067,2.902588671626307
22.872275943356815,0.8719146565093067,2.902588671626307
23.368336845380092,0.9010993631822184,2.89389542172308
23.368336845380092,0.9010993631822184,2.89389542172308
23.368336845380092,0.9010993631822184,2.89389542172308
23.368336845380092,0.9010993631822184,2.89389542172308
23.368336845380092,0.9010993631822184,2.89389542172308
23.368336845380092,0.9010993631822184,2.89389542172308
23.368336845380092,0.9010993631822184,2.89389542172308
23.368336845380092,0.9010993631822184,2.89389542172308
23.368336845380092,0.9010993631822184,2.89389542172308
23.24298923468267,0.7666116592116216,2.902952214044597
23.24298923468267,0.7666116592116216,2.902952214044597
23.24298923468267,0.7666116592116216,2.902952214044597
23.24298923468267,0.7666116592116216,2.902952214044597
23.24298923468267,0.7666116592116216,2.902952214044597
23.24298923468267,0.7666116592116216,2.902952214044597
23.24298923468267,0.7666116592116216,2.902952214044597
23.24298923468267,0.7666116592116216,2.902952214044597
23.24298923468267,0.7666116592116216,2.902952214044597
23.24298923468267,0.7666116592116216,2.902952214044597
22.411768100378776,0.7359840150499541,2.9381841820713155
22.411768100378776,0.7359840150499541,2.9381841820713155
22.633142339799097,0.6363129535574468,2.947013006854343
22.664715454252352,0.6246308652276931,2.966594123623283
22.664715454252352,0.6246308652276931,2.966594123623283
22.664715454252352,0.6246308652276931,2.966594123623283
22.648048420658352,0.6307976866519265,2.956257508542779
22.648048420658352,0.6307976866519265,2.956257508542779
22.648048420658352,0.6307976866519265,2.956257508542779
22.648048420658352,0.6307976866519265,2.956257508542779
22.648048420658352,0.6307976866519265,2.956257508542779
22.648048420658352,0.6307976866519265,2.956257508542779
22.648048420658352,0.6307976866519265,2.956257508542779
22.648048420658352,0.6307976866519265,2.956257508542779
22.648048420658352,0.6307976866519265,2.956257508542779
22.648048420658352,0.6307976866519265,2.956257508542779
22.648048420658352,0.6307976866519265,2.956257508542779
22.648048420658352,0.6307976866519265,2.956257508542779
22.649818565016524,0.638068182560377,2.9506441201755544
22.649818565016524,0.638068182560377,2.9506441201755544
22.649818565016524,0.638068182560377,2.9506441201755544
22.649818565016524,0.638068182560377,2.9506441201755544
22.649818565016524,0.638068182560377,2.9506441201755544
22.649818565016524,0.638068182560377,2.9506441201755544
22.649818565016524,0.638068182560377,2.9506441201755544
22.649818565016524,0.638068182560377,2.9506441201755544
22.649818565016524,0.638068182560377,2.9506441201755544
22.649818565016524,0.638068182560377,2.9506441201755544
22.649818565016524,0.638068182560377,2.9506441201755544
22.649818565016524,0.638068182560377,2.9506441201755544
22.649818565016524,0.638068182560377,2.9506441201755544
22.649818565016524,0.638068182560377,2.9506441201755544
22.663287328888455,0.327981682306473,3.0564060473504444
22.663287328888455,0.327981682306473,3.0564060473504444
22.663287328888455,0.327981682306473,3.0564060473504444
22.663287328888455,0.327981682306473,3.0564060473504444
22.663287328888455,0.327981682306473,3.0564060473504444
22.663287328888455,0.327981682306473,3.0564060473504444
22.663287328888455,0.327981682306473,3.0564060473504444
22.663287328888455,0.327981682306473,3.0564060473504444
22.663287328888455,0.327981682306473,3.0564060473504444
22.662513579188797,0.32087390444036484,3.055008351231605
22.662513579188797,0.32087390444036484,3.055008351231605
22.662513579188797,0.32087390444036484,3.055008351231605
22.662513579188797,0.32087390444036484,3.055008351231605
22.662513579188797,0.32087390444036484,3.055008351231605
22.662513579188797,0.32087390444036484,3.055008351231605
22.662513579188797,0.32087390444036484,3.055008351231605
22.662513579188797,0.32087390444036484,3.055008351231605
22.662513579188797,0.32087390444036484,3.055008351231605
22.662513579188797,0.32087390444036484,3.055008351231605
18.575537475650112,0.7463525788943131,2.517323323271123
18.575537475650112,0.7463525788943131,2.517323323271123
18.575537475650112,0.7463525788943131,2.517323323271123
18.575537475650112,0.7463525788943131,2.517323323271123
19.787071045926112,0.6653213597524167,2.6232280028650403
19.787071045926112,0.6653213597524167,2.6232280028650403
19.787071045926112,0.6653213597524167,2.6232280028650403
20.386853566776818,0.6252059968133106,2.67565723574404
18.051661291367978,0.022498501736613274,3.021639814282293
18.051661291367978,0.022498501736613274,3.021639814282293
18.051661291367978,0.022498501736613274,3.021639814282293
16.639698336468985,0.10492071413453086,3.110830719291341
16.639698336468985,0.10492071413453086,3.110830719291341
16.590839863687602,0.09905557581982272,3.1149733702370224
16.590839863687602,0.09905557581982272,3.1149733702370224
16.590839863687602,0.09905557581982272,3.1149733702370224
16.590839863687602,0.09905557581982272,3.1149733702370224
16.590839863687602,0.09905557581982272,3.1149733702370224
16.590839863687602,0.09905557581982272,3.1149733702370224
16.590839863687602,0.09905557581982272,3.1149733702370224
16.590839863687602,0.09905557581982272,3.1149733702370224
16.590839863687602,0.09905557581982272,3.1149733702370224
16.590839863687602,0.09905557581982272,3.1149733702370224
16.590839863687602,0.09905557581982272,3.1149733702370224
16.590839863687602,0.09905557581982272,3.1149733702370224
16.590839863687602,0.09905557581982272,3.1149733702370224
16.590839863687602,0.09905557581982272,3.1149733702370224
16.590839863687602,0.09905557581982272,3.1149733702370224
16.590839863687602,0.09905557581982272,3.1149733702370224
16.590839863687602,0.09905557581982272,3.1149733702370224
16.61958551028975,0.15160774071820132,3.1067554744711243
16.61958551028975,0.15160774071820132,3.1067554744711243
16.61958551028975,0.15160774071820132,3.1067554744711243
16.61958551028975,0.15160774071820132,3.1067554744711243
16.61958551028975,0.15160774071820132,3.1067554744711243
16.61958551028975,0.15160774071820132,3.1067554744711243
16.61958551028975,0.15160774071820132,3.1067554744711243
16.429581205961835,0.21325714763634668,3.083427543005185
16.429581205961835,0.21325714763634668,3.083427543005185
16.429581205961835,0.21325714763634668,3.083427543005185
16.429581205961835,0.21325714763634668,3.083427543005185
16.429581205961835,0.21325714763634668,3.083427543005185
16.429581205961835,0.21325714763634668,3.083427543005185
16.429581205961835,0.21325714763634668,3.083427543005185
16.429581205961835,0.21325714763634668,3.083427543005185
16.429581205961835,0.21325714763634668,3.083427543005185
16.429581205961835,0.21325714763634668,3.083427543005185
16.429581205961835,0.21325714763634668,3.083427543005185
16.429581205961835,0.21325714763634668,3.083427543005185
16.429581205961835,0.21325714763634668,3.083427543005185
16.429581205961835,0.21325714763634668,3.083427543005185
16.429581205961835,0.21325714763634668,3.083427543005185
16.429581205961835,0.21325714763634668,3.083427543005185
16.429581205961835,0.21325714763634668,3.083427543005185
16.429581205961835,0.21325714763634668,3.083427543005185
14.380829078467219,0.15070675864325245,3.1556000594011078
14.380829078467219,0.15070675864325245,3.1556000594011078
14.380829078467219,0.15070675864325245,3.1556000594011078
13.692147730606546,0.22924037780653644,3.123351854465469
13.692147730606546,0.22924037780653644,3.123351854465469
13.692147730606546,0.22924037780653644,3.123351854465469
13.692147730606546,0.22924037780653644,3.123351854465469
13.692147730606546,0.22924037780653644,3.123351854465469
13.692147730606546,0.22924037780653644,3.123351854465469
13.692147730606546,0.22924037780653644,3.123351854465469
13.692147730606546,0.22924037780653644,3.123351854465469
13.692147730606546,0.22924037780653644,3.123351854465469
13.692147730606546,0.22924037780653644,3.123351854465469
13.692147730606546,0.22924037780653644,3.123351854465469
13.554547533470764,0.22539906610445024,3.121813219714635
13.554547533470764,0.22539906610445024,3.121813219714635
13.554547533470764,0.22539906610445024,3.121813219714635
13.554547533470764,0.22539906610445024,3.121813219714635
13.554547533470764,0.22539906610445024,3.121813219714635
13.554547533470764,0.22539906610445024,3.121813219714635
13.554547533470764,0.22539906610445024,3.121813219714635
13.554547533470764,0.22539906610445024,3.121813219714635
13.554547533470764,0.22539906610445024,3.121813219714635
12.566707524769413,0.19782206066259758,3.1107672692197212
12.566707524769413,0.19782206066259758,3.1107672692197212
12.566707524769413,0.19782206066259758,3.1107672692197212
12.55531380165379,0.19648009805759742,3.1103029878275814
12.55531380165379,0.19648009805759742,3.1103029878275814
12.55531380165379,0.19648009805759742,3.1103029878275814
11.490830023840717,0.20283088211322192,3.1095620901250927
11.490830023840717,0.20283088211322192,3.1095620901250927
11.490830023840717,0.20283088211322192,3.1095620901250927
11.490830023840717,0.20283088211322192,3.1095620901250927
11.490830023840717,0.20283088211322192,3.1095620901250927
11.490830023840717,0.20283088211322192,3.1095620901250927
11.490830023840717,0.20283088211322192,3.1095620901250927
11.490830023840717,0.20283088211322192,3.1095620901250927
11.448270047515301,0.3008805162180225,3.172628349416354
11.396976954997063,0.25961072973392463,3.139719128555379
11.611432348480061,0.2597631008821494,3.1475281101022796
11.611432348480061,0.2597631008821494,3.1475281101022796
11.553677902190612,0.2515034146895758,3.1568543718538207
11.553677902190612,0.2515034146895758,3.1568543718538207
11.553677902190612,0.2515034146895758,3.1568543718538207
11.553677902190612,0.2515034146895758,3.1568543718538207
11.553677902190612,0.2515034146895758,3.1568543718538207
11.553677902190612,0.2515034146895758,3.1568543718538207
11.553677902190612,0.2515034146895758,3.1568543718538207
11.553677902190612,0.2515034146895758,3.1568543718538207
11.553677902190612,0.2515034146895758,3.1568543718538207
11.553677902190612,0.2515034146895758,3.1568543718538207
11.553677902190612,0.2515034146895758,3.1568543718538207
11.553677902190612,0.2515034146895758,3.1568543718538207
11.553677902190612,0.2515034146895758,3.1568543718538207
11.553677902190612,0.2515034146895758,3.1568543718538207
11.553677902190612,0.2515034146895758,3.1568543718538207
11.432779385837705,0.24371349686191557,3.1560584900123687
11.393422686089458,0.3607583004402679,3.2256047524487896
11.393422686089458,0.3607583004402679,3.2256047524487896
11.393422686089458,0.3607583004402679,3.2256047524487896
11.393422686089458,0.3607583004402679,3.2256047524487896
11.393422686089458,0.3607583004402679,3.2256047524487896
11.386456413426613,0.35800000629043566,3.2334653629411365
11.386456413426613,0.35800000629043566,3.2334653629411365
11.387171844262065,0.3534222626029526,3.2340478193117375
107.5033285198103,1.2432168722748096,1.8466133232137982
107.5033285198103,1.2432168722748096,1.8466133232137982
107.5033285198103,1.2432168722748096,1.8466133232137982
107.5033285198103,1.2432168722748096,1.8466133232137982
109.3821993080426,1.2451937533427666,1.830620972521237
109.3821993080426,1.2451937533427666,1.830620972521237
109.3821993080426,1.2451937533427666,1.830620972521237
109.3821993080426,1.2451937533427666,1.830620972521237
109.3821993080426,1.2451937533427666,1.830620972521237
109.3821993080426,1.2451937533427666,1.830620972521237
109.38598748810881,1.2320400501239583,1.82355030774978
109.38598748810881,1.2320400501239583,1.82355030774978
109.38598748810881,1.2320400501239583,1.82355030774978
109.38598748810881,1.2320400501239583,1.82355030774978
109.38598748810881,1.2320400501239583,1.82355030774978
109.38598748810881,1.2320400501239583,1.82355030774978
109.38598748810881,1.2320400501239583,1.82355030774978
109.38598748810881,1.2320400501239583,1.82355030774978
109.38598748810881,1.2320400501239583,1.82355030774978
109.38598748810881,1.2320400501239583,1.82355030774978
109.38598748810881,1.2320400501239583,1.82355030774978
109.38598748810881,1.2320400501239583,1.82355030774978
109.38598748810881,1.2320400501239583,1.82355030774978
109.38598748810881,1.2320400501239583,1.82355030774978
109.38598748810881,1.2320400501239583,1.82355030774978
109.38598748810881,1.2320400501239583,1.82355030774978
109.38598748810881,1.2320400501239583,1.82355030774978
109.38598748810881,1.2320400501239583,1.82355030774978
109.38598748810881,1.2320400501239583,1.82355030774978
109.38598748810881,1.2320400501239583,1.82355030774978
109.38598748810881,1.2320400501239583,1.82355030774978
109.38598748810881,1.2320400501239583,1.82355030774978
109.38598748810881,1.2320400501239583,1.82355030774978
109.38598748810881,1.2320400501239583,1.82355030774978
109.38598748810881,1.2320400501239583,1.82355030774978
109.38598748810881,1.2320400501239583,1.82355030774978
109.38598748810881,1.2320400501239583,1.82355030774978
109.38598748810881,1.2320400501239583,1.82355030774978
109.38598748810881,1.2320400501239583,1.82355030774978
109.38598748810881,1.2320400501239583,1.82355030774978
109.38598748810881,1.2320400501239583,1.82355030774978
109.38598748810881,1.2320400501239583,1.82355030774978
110.73388480055945,0.8707784982696096,1.9858783726745435
110.73388480055945,0.8707784982696096,1.9858783726745435
110.73388480055945,0.8707784982696096,1.9858783726745435
110.73388480055945,0.8707784982696096,1.9858783726745435
110.73388480055945,0.8707784982696096,1.9858783726745435
110.73388480055945,0.8707784982696096,1.9858783726745435
110.73388480055945,0.8707784982696096,1.9858783726745435
110.73388480055945,0.8707784982696096,1.9858783726745435
110.73388480055945,0.8707784982696096,1.9858783726745435
110.73388480055945,0.8707784982696096,1.9858783726745435
108.52418564631593,0.8615460530576089,2.0148511270720215
108.52418564631593,0.8615460530576089,2.0148511270720215
108.52418564631593,0.8615460530576089,2.0148511270720215
108.52418564631593,0.8615460530576089,2.0148511270720215
108.52418564631593,0.8615460530576089,2.0148511270720215
108.52418564631593,0.8615460530576089,2.0148511270720215
108.52418564631593,0.8615460530576089,2.0148511270720215
108.52418564631593,0.8615460530576089,2.0148511270720215
108.52418564631593,0.8615460530576089,2.0148511270720215
108.52418564631593,0.8615460530576089,2.0148511270720215
108.52418564631593,0.8615460530576089,2.0148511270720215
108.52418564631593,0.8615460530576089,2.0148511270720215
108.52418564631593,0.8615460530576089,2.0148511270720215
108.52418564631593,0.8615460530576089,2.0148511270720215
108.52418564631593,0.8615460530576089,2.0148511270720215
108.52418564631593,0.8615460530576089,2.0148511270720215
108.52418564631593,0.8615460530576089,2.0148511270720215
108.52418564631593,0.8615460530576089,2.0148511270720215
108.52418564631593,0.8615460530576089,2.0148511270720215
108.52418564631593,0.8615460530576089,2.0148511270720215
108.52418564631593,0.8615460530576089,2.0148511270720215
108.52418564631593,0.8615460530576089,2.0148511270720215
108.52418564631593,0.8615460530576089,2.0148511270720215
108.52418564631593,0.8615460530576089,2.0148511270720215
108.52418564631593,0.8615460530576089,2.0148511270720215
108.52418564631593,0.8615460530576089,2.0148511270720215
108.52418564631593,0.8615460530576089,2.0148511270720215
108.52418564631593,0.8615460530576089,2.0148511270720215
108.52418564631593,0.8615460530576089,2.0148511270720215
108.52418564631593,0.8615460530576089,2.0148511270720215
108.52418564631593,0.8615460530576089,2.0148511270720215
108.52418564631593,0.8615460530576089,2.0148511270720215
108.52418564631593,0.8615460530576089,2.0148511270720215
108.52418564631593,0.8615460530576089,2.0148511270720215
108.52418564631593,0.8615460530576089,2.0148511270720215
108.52418564631593,0.8615460530576089,2.0148511270720215
108.52418564631593,0.8615460530576089,2.0148511270720215
108.51850084808896,0.8426114230244819,2.1091877887734567
108.51850084808896,0.8426114230244819,2.1091877887734567
108.51850084808896,0.8426114230244819,2.1091877887734567
108.51850084808896,0.8426114230244819,2.1091877887734567
108.51850084808896,0.8426114230244819,2.1091877887734567
108.51850084808896,0.8426114230244819,2.1091877887734567
108.51850084808896,0.8426114230244819,2.1091877887734567
108.51850084808896,0.8426114230244819,2.1091877887734567
108.51850084808896,0.8426114230244819,2.1091877887734567
108.51850084808896,0.8426114230244819,2.1091877887734567
108.51850084808896,0.8426114230244819,2.1091877887734567
108.51850084808896,0.8426114230244819,2.1091877887734567
104.62461435232674,0.8050767861828292,2.156994769453868
104.62461435232674,0.8050767861828292,2.156994769453868
104.62461435232674,0.8050767861828292,2.156994769453868
104.62461435232674,0.8050767861828292,2.156994769453868
104.62461435232674,0.8050767861828292,2.156994769453868
104.62461435232674,0.8050767861828292,2.156994769453868
104.62461435232674,0.8050767861828292,2.156994769453868
104.62461435232674,0.8050767861828292,2.156994769453868
104.62461435232674,0.8050767861828292,2.156994769453868
104.62461435232674,0.8050767861828292,2.156994769453868
104.62461435232674,0.8050767861828292,2.156994769453868
104.62461435232674,0.8050767861828292,2.156994769453868
104.62461435232674,0.8050767861828292,2.156994769453868
104.62461435232674,0.8050767861828292,2.156994769453868
104.62461435232674,0.8050767861828292,2.156994769453868
104.62461435232674,0.8050767861828292,2.156994769453868
104.62461435232674,0.8050767861828292,2.156994769453868
104.62461435232674,0.8050767861828292,2.156994769453868
104.62461435232674,0.8050767861828292,2.156994769453868
28.933991239231275,1.5886747786232713,2.1025165770351184
19.16172241739578,1.7639583543498936,2.1324876867921487
19.16172241739578,1.7639583543498936,2.1324876867921487
19.16172241739578,1.7639583543498936,2.1324876867921487
19.16172241739578,1.7639583543498936,2.1324876867921487
19.16172241739578,1.7639583543498936,2.1324876867921487
19.05467251783315,1.70807540547735,2.1480206445298684
20.45053273558542,1.5833959986833952,2.5785064271911047
20.45053273558542,1.5833959986833952,2.5785064271911047
19.075585260695718,1.3586841271491865,2.559185665287048
18.4181019864465,1.3649521404261553,2.550190416172174
23.68875049049458,1.9624407180115173,2.5959947987372973
23.68875049049458,1.9624407180115173,2.5959947987372973
23.68875049049458,1.9624407180115173,2.5959947987372973
23.63863399431115,1.8777059243604208,2.5952680125317853
23.63863399431115,1.8777059243604208,2.5952680125317853
23.63863399431115,1.8777059243604208,2.5952680125317853
23.63863399431115,1.8777059243604208,2.5952680125317853
23.63863399431115,1.8777059243604208,2.5952680125317853
23.20628217270435,1.7817398816774945,2.592581759505195
23.20628217270435,1.7817398816774945,2.592581759505195
23.20628217270435,1.7817398816774945,2.592581759505195
23.20628217270435,1.7817398816774945,2.592581759505195
23.20628217270435,1.7817398816774945,2.592581759505195
23.20628217270435,1.7817398816774945,2.592581759505195
22.825864806318414,1.7309242791419284,2.603491777751256
22.825864806318414,1.7309242791419284,2.603491777751256
22.825864806318414,1.7309242791419284,2.603491777751256
22.825864806318414,1.7309242791419284,2.603491777751256
22.743316210008615,1.5188102141933022,2.7680617827373455
22.743316210008615,1.5188102141933022,2.7680617827373455
22.743316210008615,1.5188102141933022,2.7680617827373455
22.743316210008615,1.5188102141933022,2.7680617827373455
22.673612671799336,1.2816422845760287,2.8317343173451457
22.673612671799336,1.2816422845760287,2.8317343173451457
22.673612671799336,1.2816422845760287,2.8317343173451457
22.754616147301615,1.1772561278570308,2.8289600436639364
22.754616147301615,1.1772561278570308,2.8289600436639364
22.754616147301615,1.1772561278570308,2.8289600436639364
22.754616147301615,1.1772561278570308,2.8289600436639364
22.786125113891284,0.9134997356333179,2.9148629645225053
22.786125113891284,0.9134997356333179,2.9148629645225053
22.786125113891284,0.9134997356333179,2.9148629645225053
22.786125113891284,0.9134997356333179,2.9148629645225053
22.786125113891284,0.9134997356333179,2.9148629645225053
22.678914682632197,0.9562259092097298,2.9149550260940065
22.678914682632197,0.9562259092097298,2.9149550260940065
22.786183939923898,1.079187954255431,2.9479804797602243
22.786183939923898,1.079187954255431,2.9479804797602243
22.786183939923898,1.079187954255431,2.9479804797602243
22.786183939923898,1.079187954255431,2.9479804797602243
22.786183939923898,1.079187954255431,2.9479804797602243
22.786183939923898,1.079187954255431,2.9479804797602243
22.786183939923898,1.079187954255431,2.9479804797602243
22.786183939923898,1.079187954255431,2.9479804797602243
22.802753560035782,1.1321432439360617,2.98219662797646
22.802753560035782,1.1321432439360617,2.98219662797646
22.802753560035782,1.1321432439360617,2.98219662797646
22.802753560035782,1.1321432439360617,2.98219662797646
22.802753560035782,1.1321432439360617,2.98219662797646
22.802753560035782,1.1321432439360617,2.98219662797646
22.709835139535727,0.8731816958396298,3.055124026743528
22.750210797780376,0.8366609892922977,3.0496344858062847
22.750210797780376,0.8366609892922977,3.0496344858062847
22.750210797780376,0.8366609892922977,3.0496344858062847
22.750210797780376,0.8366609892922977,3.0496344858062847
22.750210797780376,0.8366609892922977,3.0496344858062847
22.750210797780376,0.8366609892922977,3.0496344858062847
22.750210797780376,0.8366609892922977,3.0496344858062847
22.750210797780376,0.8366609892922977,3.0496344858062847
22.750210797780376,0.8366609892922977,3.0496344858062847
22.750210797780376,0.8366609892922977,3.0496344858062847
22.750210797780376,0.8366609892922977,3.0496344858062847
22.750210797780376,0.8366609892922977,3.0496344858062847
22.750210797780376,0.8366609892922977,3.0496344858062847
22.750210797780376,0.8366609892922977,3.0496344858062847
22.750210797780376,0.8366609892922977,3.0496344858062847
22.750210797780376,0.8366609892922977,3.0496344858062847
22.750210797780376,0.8366609892922977,3.0496344858062847
22.750210797780376,0.8366609892922977,3.0496344858062847
22.750210797780376,0.8366609892922977,3.0496344858062847
22.750210797780376,0.8366609892922977,3.0496344858062847
22.750210797780376,0.8366609892922977,3.0496344858062847
22.750210797780376,0.8366609892922977,3.0496344858062847
22.45992230948137,0.8205374004832016,3.0536214135610185
22.45992230948137,0.8205374004832016,3.0536214135610185
22.45992230948137,0.8205374004832016,3.0536214135610185
22.45992230948137,0.8205374004832016,3.0536214135610185
22.45992230948137,0.8205374004832016,3.0536214135610185
22.45992230948137,0.8205374004832016,3.0536214135610185
22.45992230948137,0.8205374004832016,3.0536214135610185
22.55640322709153,0.46237517119801663,3.10230916640485
22.55640322709153,0.46237517119801663,3.10230916640485
22.55640322709153,0.46237517119801663,3.10230916640485
22.554192051347528,0.4396755166002151,3.1163867486061223
22.554192051347528,0.4396755166002151,3.1163867486061223
22.554192051347528,0.4396755166002151,3.1163867486061223
22.554192051347528,0.4396755166002151,3.1163867486061223
22.554192051347528,0.4396755166002151,3.1163867486061223
22.554192051347528,0.4396755166002151,3.1163867486061223
22.554192051347528,0.4396755166002151,3.1163867486061223
22.554192051347528,0.4396755166002151,3.1163867486061223
22.554192051347528,0.4396755166002151,3.1163867486061223
22.554192051347528,0.4396755166002151,3.1163867486061223
22.554192051347528,0.4396755166002151,3.1163867486061223
22.554192051347528,0.4396755166002151,3.1163867486061223
22.554192051347528,0.4396755166002151,3.1163867486061223
22.554192051347528,0.4396755166002151,3.1163867486061223
22.554192051347528,0.4396755166002151,3.1163867486061223
22.554192051347528,0.4396755166002151,3.1163867486061223
22.554192051347528,0.4396755166002151,3.1163867486061223
22.590323454998483,0.4135256290061213,3.1062548452328302
22.58593810864209,0.43395665084487733,3.1033221002970603
22.58593810864209,0.43395665084487733,3.1033221002970603
22.58593810864209,0.43395665084487733,3.1033221002970603
22.58593810864209,0.43395665084487733,3.1033221002970603
22.58593810864209,0.43395665084487733,3.1033221002970603
22.58593810864209,0.43395665084487733,3.1033221002970603
22.58593810864209,0.43395665084487733,3.1033221002970603
22.58593810864209,0.43395665084487733,3.1033221002970603
23.52316688776689,1.616808824104143,2.3186730132872087
23.452979521252953,1.4573237147208078,2.345097454012959
23.452979521252953,1.4573237147208078,2.345097454012959
23.452979521252953,1.4573237147208078,2.345097454012959
23.452979521252953,1.4573237147208078,2.345097454012959
23.452979521252953,1.4573237147208078,2.345097454012959
23.452979521252953,1.4573237147208078,2.345097454012959
23.452979521252953,1.4573237147208078,2.345097454012959
23.452979521252953,1.4573237147208078,2.345097454012959
23.15517523985978,1.4460982700365927,2.6385584962134354
23.15517523985978,1.4460982700365927,2.6385584962134354
23.15517523985978,1.4460982700365927,2.6385584962134354
23.15517523985978,1.4460982700365927,2.6385584962134354
23.15517523985978,1.4460982700365927,2.6385584962134354
23.15517523985978,1.4460982700365927,2.6385584962134354
23.15517523985978,1.4460982700365927,2.6385584962134354
22.971840082193882,1.4391876283848923,2.8192198560465793
22.829905804141454,1.747304902624396,3.0931929417774295
22.829905804141454,1.747304902624396,3.0931929417774295
22.829905804141454,1.747304902624396,3.0931929417774295
22.829905804141454,1.747304902624396,3.0931929417774295
22.633287842993376,1.4579329951168087,3.0000890593011094
22.633287842993376,1.4579329951168087,3.0000890593011094
22.633287842993376,1.4579329951168087,3.0000890593011094
22.633287842993376,1.4579329951168087,3.0000890593011094
22.633287842993376,1.4579329951168087,3.0000890593011094
22.633287842993376,1.4579329951168087,3.0000890593011094
22.633287842993376,1.4579329951168087,3.0000890593011094
22.633287842993376,1.4579329951168087,3.0000890593011094
22.633287842993376,1.4579329951168087,3.0000890593011094
22.633287842993376,1.4579329951168087,3.0000890593011094
22.557245139018224,1.0740054475903422,2.9213183800021043
22.617101314093922,0.9637767074889757,2.8854623542207767
22.617101314093922,0.9637767074889757,2.8854623542207767
22.617101314093922,0.9637767074889757,2.8854623542207767
22.617101314093922,0.9637767074889757,2.8854623542207767
22.617101314093922,0.9637767074889757,2.8854623542207767
22.617101314093922,0.9637767074889757,2.8854623542207767
22.634166896431513,0.9160233426445066,2.8572195913388807
22.634166896431513,0.9160233426445066,2.8572195913388807
22.634166896431513,0.9160233426445066,2.8572195913388807
23.222510847247392,0.9162428690073685,2.8563657695563305
23.222510847247392,0.9162428690073685,2.8563657695563305
23.222510847247392,0.9162428690073685,2.8563657695563305
23.222510847247392,0.9162428690073685,2.8563657695563305
23.222510847247392,0.9162428690073685,2.8563657695563305
23.222510847247392,0.9162428690073685,2.8563657695563305
23.222510847247392,0.9162428690073685,2.8563657695563305
23.222510847247392,0.9162428690073685,2.8563657695563305
23.189119390331,0.8200335220316961,2.9516766037487594
23.189119390331,0.8200335220316961,2.9516766037487594
23.189119390331,0.8200335220316961,2.9516766037487594
23.189119390331,0.8200335220316961,2.9516766037487594
23.189119390331,0.8200335220316961,2.9516766037487594
23.189119390331,0.8200335220316961,2.9516766037487594
23.189119390331,0.8200335220316961,2.9516766037487594
23.193272762328295,0.8080714216622238,2.9491666009123003
23.193272762328295,0.8080714216622238,2.9491666009123003
23.193272762328295,0.8080714216622238,2.9491666009123003
23.193272762328295,0.8080714216622238,2.9491666009123003
23.193272762328295,0.8080714216622238,2.9491666009123003
23.176406039516927,0.8784004519068159,2.945506934528077
23.176406039516927,0.8784004519068159,2.945506934528077
23.176406039516927,0.8784004519068159,2.945506934528077
23.176406039516927,0.8784004519068159,2.945506934528077
23.176406039516927,0.8784004519068159,2.945506934528077
23.176406039516927,0.8784004519068159,2.945506934528077
23.204299208082094,0.7780633439095377,2.951257151225026
23.204299208082094,0.7780633439095377,2.951257151225026
23.204299208082094,0.7780633439095377,2.951257151225026
23.204299208082094,0.7780633439095377,2.951257151225026
23.15071372584067,0.8004821220868458,2.9728591083775284
23.15071372584067,0.8004821220868458,2.9728591083775284
23.15071372584067,0.8004821220868458,2.9728591083775284
23.15071372584067,0.8004821220868458,2.9728591083775284
23.15071372584067,0.8004821220868458,2.9728591083775284
23.15071372584067,0.8004821220868458,2.9728591083775284
22.557305946953658,0.784478364770697,2.997271821374972
22.557305946953658,0.784478364770697,2.997271821374972
22.557305946953658,0.784478364770697,2.997271821374972
22.557305946953658,0.784478364770697,2.997271821374972
22.708759194505706,0.6711518220602763,3.002113884135219
22.708759194505706,0.6711518220602763,3.002113884135219
22.708759194505706,0.6711518220602763,3.002113884135219
22.708759194505706,0.6711518220602763,3.002113884135219
22.708759194505706,0.6711518220602763,3.002113884135219
22.708759194505706,0.6711518220602763,3.002113884135219
22.708759194505706,0.6711518220602763,3.002113884135219
22.708759194505706,0.6711518220602763,3.002113884135219
22.708759194505706,0.6711518220602763,3.002113884135219
22.708759194505706,0.6711518220602763,3.002113884135219
22.708759194505706,0.6711518220602763,3.002113884135219
22.708759194505706,0.6711518220602763,3.002113884135219
22.708759194505706,0.6711518220602763,3.002113884135219
22.708759194505706,0.6711518220602763,3.002113884135219
22.708759194505706,0.6711518220602763,3.002113884135219
22.693603673223414,0.3593326212984839,3.0786378269618146
22.693603673223414,0.3593326212984839,3.0786378269618146
22.693603673223414,0.3593326212984839,3.0786378269618146
22.693603673223414,0.3593326212984839,3.0786378269618146
22.693603673223414,0.3593326212984839,3.0786378269618146
22.614147839780212,0.27736857357047506,3.139947824317813
22.614147839780212,0.27736857357047506,3.139947824317813
22.614147839780212,0.27736857357047506,3.139947824317813
22.614147839780212,0.27736857357047506,3.139947824317813
22.614147839780212,0.27736857357047506,3.139947824317813
22.614147839780212,0.27736857357047506,3.139947824317813
22.614147839780212,0.27736857357047506,3.139947824317813
22.79756912699625,0.2920382944520794,3.0960049679016746
22.79756912699625,0.2920382944520794,3.0960049679016746
22.755576645332884,0.3132892031633416,3.1753739678269213
22.755576645332884,0.3132892031633416,3.1753739678269213
22.755576645332884,0.3132892031633416,3.1753739678269213
22.755576645332884,0.3132892031633416,3.1753739678269213
22.755576645332884,0.3132892031633416,3.1753739678269213
22.755576645332884,0.3132892031633416,3.1753739678269213
22.741091321867298,0.2095177401781289,3.0960646848641757
22.741091321867298,0.2095177401781289,3.0960646848641757
22.741091321867298,0.2095177401781289,3.0960646848641757
22.741091321867298,0.2095177401781289,3.0960646848641757
110.38119975003595,0.502951121170597,2.4987108280674954
110.38119975003595,0.502951121170597,2.4987108280674954
110.38119975003595,0.502951121170597,2.4987108280674954
110.38119975003595,0.502951121170597,2.4987108280674954
110.38119975003595,0.502951121170597,2.4987108280674954
110.38119975003595,0.502951121170597,2.4987108280674954
110.38119975003595,0.502951121170597,2.4987108280674954
110.38119975003595,0.502951121170597,2.4987108280674954
110.38119975003595,0.502951121170597,2.4987108280674954
110.38119975003595,0.502951121170597,2.4987108280674954
110.38119975003595,0.502951121170597,2.4987108280674954
110.38119975003595,0.502951121170597,2.4987108280674954
112.56663004484507,0.46862019744785793,2.2254173703018494
112.56663004484507,0.46862019744785793,2.2254173703018494
112.56663004484507,0.46862019744785793,2.2254173703018494
112.47651550362363,0.33595817662579774,2.1925553136392355
112.47651550362363,0.33595817662579774,2.1925553136392355
112.47651550362363,0.33595817662579774,2.1925553136392355
112.47651550362363,0.33595817662579774,2.1925553136392355
112.47651550362363,0.33595817662579774,2.1925553136392355
112.47651550362363,0.33595817662579774,2.1925553136392355
112.47651550362363,0.33595817662579774,2.1925553136392355
112.47651550362363,0.33595817662579774,2.1925553136392355
112.47651550362363,0.33595817662579774,2.1925553136392355
112.47651550362363,0.33595817662579774,2.1925553136392355
112.47651550362363,0.33595817662579774,2.1925553136392355
112.47651550362363,0.33595817662579774,2.1925553136392355
112.47651550362363,0.33595817662579774,2.1925553136392355
112.47651550362363,0.33595817662579774,2.1925553136392355
112.47651550362363,0.33595817662579774,2.1925553136392355
112.47651550362363,0.33595817662579774,2.1925553136392355
112.47651550362363,0.33595817662579774,2.1925553136392355
112.47651550362363,0.33595817662579774,2.1925553136392355
112.47651550362363,0.33595817662579774,2.1925553136392355
112.47651550362363,0.33595817662579774,2.1925553136392355
112.47651550362363,0.33595817662579774,2.1925553136392355
112.47651550362363,0.33595817662579774,2.1925553136392355
112.47651550362363,0.33595817662579774,2.1925553136392355
112.47651550362363,0.33595817662579774,2.1925553136392355
112.47651550362363,0.33595817662579774,2.1925553136392355
112.47651550362363,0.33595817662579774,2.1925553136392355
112.47651550362363,0.33595817662579774,2.1925553136392355
112.47651550362363,0.33595817662579774,2.1925553136392355
112.47651550362363,0.33595817662579774,2.1925553136392355
112.47651550362363,0.33595817662579774,2.1925553136392355
112.47651550362363,0.33595817662579774,2.1925553136392355
112.47651550362363,0.33595817662579774,2.1925553136392355
112.47651550362363,0.33595817662579774,2.1925553136392355
112.47651550362363,0.33595817662579774,2.1925553136392355
112.47651550362363,0.33595817662579774,2.1925553136392355
112.47651550362363,0.33595817662579774,2.1925553136392355
112.47651550362363,0.33595817662579774,2.1925553136392355
112.47651550362363,0.33595817662579774,2.1925553136392355
112.47651550362363,0.33595817662579774,2.1925553136392355
112.47651550362363,0.33595817662579774,2.1925553136392355
112.47651550362363,0.33595817662579774,2.1925553136392355
112.47651550362363,0.33595817662579774,2.1925553136392355
112.47651550362363,0.33595817662579774,2.1925553136392355
112.47651550362363,0.33595817662579774,2.1925553136392355
112.47651550362363,0.33595817662579774,2.1925553136392355
112.47651550362363,0.33595817662579774,2.1925553136392355
112.44437993871222,0.14598371322942205,2.1721561319620823
112.44437993871222,0.14598371322942205,2.1721561319620823
112.44437993871222,0.14598371322942205,2.1721561319620823
112.44437993871222,0.14598371322942205,2.1721561319620823
112.44437993871222,0.14598371322942205,2.1721561319620823
112.44437993871222,0.14598371322942205,2.1721561319620823
112.44437993871222,0.14598371322942205,2.1721561319620823
112.44437993871222,0.14598371322942205,2.1721561319620823
112.44437993871222,0.14598371322942205,2.1721561319620823
112.44437993871222,0.14598371322942205,2.1721561319620823
112.44437993871222,0.14598371322942205,2.1721561319620823
112.44437993871222,0.14598371322942205,2.1721561319620823
112.44437993871222,0.14598371322942205,2.1721561319620823
112.44437993871222,0.14598371322942205,2.1721561319620823
112.44437993871222,0.14598371322942205,2.1721561319620823
112.44437993871222,0.14598371322942205,2.1721561319620823
112.44437993871222,0.14598371322942205,2.1721561319620823
112.44437993871222,0.14598371322942205,2.1721561319620823
112.44437993871222,0.14598371322942205,2.1721561319620823
112.44437993871222,0.14598371322942205,2.1721561319620823
112.44437993871222,0.14598371322942205,2.1721561319620823
112.44437993871222,0.14598371322942205,2.1721561319620823
112.44437993871222,0.14598371322942205,2.1721561319620823
112.44437993871222,0.14598371322942205,2.1721561319620823
112.44437993871222,0.14598371322942205,2.1721561319620823
112.44437993871222,0.14598371322942205,2.1721561319620823
112.44437993871222,0.14598371322942205,2.1721561319620823
112.44437993871222,0.14598371322942205,2.1721561319620823
112.44437993871222,0.14598371322942205,2.1721561319620823
112.44437993871222,0.14598371322942205,2.1721561319620823
112.44437993871222,0.14598371322942205,2.1721561319620823
112.44437993871222,0.14598371322942205,2.1721561319620823
112.44437993871222,0.14598371322942205,2.1721561319620823
112.44437993871222,0.14598371322942205,2.1721561319620823
112.44437993871222,0.14598371322942205,2.1721561319620823
112.44437993871222,0.14598371322942205,2.1721561319620823
112.44437993871222,0.14598371322942205,2.1721561319620823
112.44437993871222,0.14598371322942205,2.1721561319620823
112.44437993871222,0.14598371322942205,2.1721561319620823
112.44437993871222,0.14598371322942205,2.1721561319620823
112.44437993871222,0.14598371322942205,2.1721561319620823
112.44437993871222,0.14598371322942205,2.1721561319620823
112.44437993871222,0.14598371322942205,2.1721561319620823
112.44437993871222,0.14598371322942205,2.1721561319620823
112.44437993871222,0.14598371322942205,2.1721561319620823
112.44437993871222,0.14598371322942205,2.1721561319620823
112.44437993871222,0.14598371322942205,2.1721561319620823
112.44437993871222,0.14598371322942205,2.1721561319620823
112.44437993871222,0.14598371322942205,2.1721561319620823
112.44437993871222,0.14598371322942205,2.1721561319620823
112.44437993871222,0.14598371322942205,2.1721561319620823
112.44437993871222,0.14598371322942205,2.1721561319620823
112.44437993871222,0.14598371322942205,2.1721561319620823
112.44437993871222,0.14598371322942205,2.1721561319620823
112.44437993871222,0.14598371322942205,2.1721561319620823
112.44437993871222,0.14598371322942205,2.1721561319620823
112.44437993871222,0.14598371322942205,2.1721561319620823
112.44437993871222,0.14598371322942205,2.1721561319620823
112.44437993871222,0.14598371322942205,2.1721561319620823
29.298995815852454,1.4664427550271624,2.6289924017063964
29.298995815852454,1.4664427550271624,2.6289924017063964
29.298995815852454,1.4664427550271624,2.6289924017063964
29.298995815852454,1.4664427550271624,2.6289924017063964
29.298995815852454,1.4664427550271624,2.6289924017063964
29.298995815852454,1.4664427550271624,2.6289924017063964
29.29100093378357,1.4664424086039514,2.628474856617737
29.29100093378357,1.4664424086039514,2.628474856617737
29.29100093378357,1.4664424086039514,2.628474856617737
29.29100093378357,1.4664424086039514,2.628474856617737
29.29100093378357,1.4664424086039514,2.628474856617737
29.29100093378357,1.4664424086039514,2.628474856617737
29.29100093378357,1.4664424086039514,2.628474856617737
24.2372820804854,1.1048130982926727,2.643982971227722
24.2372820804854,1.1048130982926727,2.643982971227722
24.2372820804854,1.1048130982926727,2.643982971227722
24.170736788752325,1.1018696291714196,2.638827922209674
24.0249583870626,1.0996159411479163,2.6314892715873452
24.0249583870626,1.0996159411479163,2.6314892715873452
23.952953875434705,1.084986989581925,2.6076739809647305
23.952953875434705,1.084986989581925,2.6076739809647305
24.494526341277606,0.962621740817426,2.7240164560922526
24.494526341277606,0.962621740817426,2.7240164560922526
24.494526341277606,0.962621740817426,2.7240164560922526
21.925158606474387,0.9282620951730084,2.7957683519232126
21.925158606474387,0.9282620951730084,2.7957683519232126
21.800585459296656,0.9265222155374057,2.8210218154530815
21.800585459296656,0.9265222155374057,2.8210218154530815
21.800585459296656,0.9265222155374057,2.8210218154530815
21.800585459296656,0.9265222155374057,2.8210218154530815
21.800585459296656,0.9265222155374057,2.8210218154530815
21.800585459296656,0.9265222155374057,2.8210218154530815
21.800585459296656,0.9265222155374057,2.8210218154530815
22.453241357151114,0.8902787229151605,2.7085927635261786
22.453241357151114,0.8902787229151605,2.7085927635261786
22.453241357151114,0.8902787229151605,2.7085927635261786
22.453241357151114,0.8902787229151605,2.7085927635261786
22.608109270841755,0.6112885238115515,2.886987341139293
22.608109270841755,0.6112885238115515,2.886987341139293
22.608109270841755,0.6112885238115515,2.886987341139293
22.608109270841755,0.6112885238115515,2.886987341139293
22.608109270841755,0.6112885238115515,2.886987341139293
22.608109270841755,0.6112885238115515,2.886987341139293
22.608109270841755,0.6112885238115515,2.886987341139293
22.608109270841755,0.6112885238115515,2.886987341139293
22.608109270841755,0.6112885238115515,2.886987341139293
22.608109270841755,0.6112885238115515,2.886987341139293
22.608109270841755,0.6112885238115515,2.886987341139293
22.608109270841755,0.6112885238115515,2.886987341139293
22.608109270841755,0.6112885238115515,2.886987341139293
22.608109270841755,0.6112885238115515,2.886987341139293
22.608109270841755,0.6112885238115515,2.886987341139293
22.608109270841755,0.6112885238115515,2.886987341139293
22.608109270841755,0.6112885238115515,2.886987341139293
22.608109270841755,0.6112885238115515,2.886987341139293
22.608109270841755,0.6112885238115515,2.886987341139293
22.608109270841755,0.6112885238115515,2.886987341139293
22.608109270841755,0.6112885238115515,2.886987341139293
22.608109270841755,0.6112885238115515,2.886987341139293
22.628568940926016,0.5557975426177593,2.891633824056849
22.628568940926016,0.5557975426177593,2.891633824056849
22.628568940926016,0.5557975426177593,2.891633824056849
22.628568940926016,0.5557975426177593,2.891633824056849
22.628568940926016,0.5557975426177593,2.891633824056849
22.628568940926016,0.5557975426177593,2.891633824056849
22.766776130368015,0.5103868666981809,2.9083860326179893
22.766776130368015,0.5103868666981809,2.9083860326179893
22.766776130368015,0.5103868666981809,2.9083860326179893
22.766776130368015,0.5103868666981809,2.9083860326179893
22.766776130368015,0.5103868666981809,2.9083860326179893
22.766776130368015,0.5103868666981809,2.9083860326179893
22.766776130368015,0.5103868666981809,2.9083860326179893
22.766776130368015,0.5103868666981809,2.9083860326179893
22.766776130368015,0.5103868666981809,2.9083860326179893
22.766776130368015,0.5103868666981809,2.9083860326179893
22.766776130368015,0.5103868666981809,2.9083860326179893
22.766776130368015,0.5103868666981809,2.9083860326179893
22.766776130368015,0.5103868666981809,2.9083860326179893
22.766776130368015,0.5103868666981809,2.9083860326179893
22.766776130368015,0.5103868666981809,2.9083860326179893
22.71680401705261,0.3718307425705408,2.9857836522969516
22.71680401705261,0.3718307425705408,2.9857836522969516
22.71680401705261,0.3718307425705408,2.9857836522969516
22.71680401705261,0.3718307425705408,2.9857836522969516
22.71680401705261,0.3718307425705408,2.9857836522969516
22.71680401705261,0.3718307425705408,2.9857836522969516
22.729115253181515,0.3439630191442335,2.982609631497843
22.729115253181515,0.3439630191442335,2.982609631497843
22.717640748185936,0.3466633072869618,2.9818625224000117
22.717640748185936,0.3466633072869618,2.9818625224000117
22.717640748185936,0.3466633072869618,2.9818625224000117
22.717640748185936,0.3466633072869618,2.9818625224000117
22.717640748185936,0.3466633072869618,2.9818625224000117
22.717640748185936,0.3466633072869618,2.9818625224000117
22.717640748185936,0.3466633072869618,2.9818625224000117
22.717640748185936,0.3466633072869618,2.9818625224000117
22.709011454985895,0.3463704341665009,3.0559314351872735
22.709011454985895,0.3463704341665009,3.0559314351872735
22.709011454985895,0.3463704341665009,3.0559314351872735
22.709011454985895,0.3463704341665009,3.0559314351872735
22.709011454985895,0.3463704341665009,3.0559314351872735
22.70568919953969,0.35531360744708573,3.0577623048017233
22.70568919953969,0.35531360744708573,3.0577623048017233
22.689861732461097,0.3698823472088618,3.0619972124039347
22.689861732461097,0.3698823472088618,3.0619972124039347
22.689861732461097,0.3698823472088618,3.0619972124039347
22.689861732461097,0.3698823472088618,3.0619972124039347
22.689861732461097,0.3698823472088618,3.0619972124039347
22.689861732461097,0.3698823472088618,3.0619972124039347
22.689861732461097,0.3698823472088618,3.0619972124039347
22.689861732461097,0.3698823472088618,3.0619972124039347
22.689861732461097,0.3698823472088618,3.0619972124039347
22.689861732461097,0.3698823472088618,3.0619972124039347
22.689861732461097,0.3698823472088618,3.0619972124039347
22.689861732461097,0.3698823472088618,3.0619972124039347
22.686901442658638,0.3985947277631794,3.0683754792561397
22.686901442658638,0.3985947277631794,3.0683754792561397
22.686022541051894,0.407119351731303,3.0702691685091272
22.686022541051894,0.407119351731303,3.0702691685091272
22.673930708845887,0.4084137806250896,3.070902399098127
15.161811944983041,1.0178657540520315,2.9682974232807355
13.49888959464079,1.179315325295112,3.0366560568740066
13.49888959464079,1.179315325295112,3.0366560568740066
13.49888959464079,1.179315325295112,3.0366560568740066
13.49888959464079,1.179315325295112,3.0366560568740066
13.49888959464079,1.179315325295112,3.0366560568740066
13.49888959464079,1.179315325295112,3.0366560568740066
13.49888959464079,1.179315325295112,3.0366560568740066
14.370607395532177,0.9997793780755118,3.067560498513377
14.370607395532177,0.9997793780755118,3.067560498513377
14.370607395532177,0.9997793780755118,3.067560498513377
14.370607395532177,0.9997793780755118,3.067560498513377
14.370607395532177,0.9997793780755118,3.067560498513377
14.370607395532177,0.9997793780755118,3.067560498513377
14.370607395532177,0.9997793780755118,3.067560498513377
14.370607395532177,0.9997793780755118,3.067560498513377
14.370607395532177,0.9997793780755118,3.067560498513377
10.19802753479365,1.0515258804873278,3.3581387646118825
11.623532099915423,0.8714292243174984,3.1721854071870217
11.623532099915423,0.8714292243174984,3.1721854071870217
11.623532099915423,0.8714292243174984,3.1721854071870217
11.623532099915423,0.8714292243174984,3.1721854071870217
11.623532099915423,0.8714292243174984,3.1721854071870217
11.623532099915423,0.8714292243174984,3.1721854071870217
11.623532099915423,0.8714292243174984,3.1721854071870217
11.623532099915423,0.8714292243174984,3.1721854071870217
11.623532099915423,0.8714292243174984,3.1721854071870217
11.623532099915423,0.8714292243174984,3.1721854071870217
11.623532099915423,0.8714292243174984,3.1721854071870217
11.435903679964543,0.7261965916661155,3.163335676004813
11.435903679964543,0.7261965916661155,3.163335676004813
11.435903679964543,0.7261965916661155,3.163335676004813
11.435903679964543,0.7261965916661155,3.163335676004813
11.435903679964543,0.7261965916661155,3.163335676004813
11.566122823812398,0.6559462662808889,3.2443472455117828
11.566122823812398,0.6559462662808889,3.2443472455117828
11.566122823812398,0.6559462662808889,3.2443472455117828
11.653164552116683,0.6089891941117395,3.298497402041518
11.653164552116683,0.6089891941117395,3.298497402041518
11.653164552116683,0.6089891941117395,3.298497402041518
11.653164552116683,0.6089891941117395,3.298497402041518
11.653164552116683,0.6089891941117395,3.298497402041518
11.653164552116683,0.6089891941117395,3.298497402041518
11.653164552116683,0.6089891941117395,3.298497402041518
11.653164552116683,0.6089891941117395,3.298497402041518
11.653164552116683,0.6089891941117395,3.298497402041518
11.653164552116683,0.6089891941117395,3.298497402041518
11.653164552116683,0.6089891941117395,3.298497402041518
11.653164552116683,0.6089891941117395,3.298497402041518
11.653164552116683,0.6089891941117395,3.298497402041518
11.653164552116683,0.6089891941117395,3.298497402041518
11.653164552116683,0.6089891941117395,3.298497402041518
11.653164552116683,0.6089891941117395,3.298497402041518
11.653164552116683,0.6089891941117395,3.298497402041518
11.653164552116683,0.6089891941117395,3.298497402041518
11.653164552116683,0.6089891941117395,3.298497402041518
11.653164552116683,0.6089891941117395,3.298497402041518
11.653164552116683,0.6089891941117395,3.298497402041518
11.508166526737414,0.6149603042563045,3.304388134400089
11.508166526737414,0.6149603042563045,3.304388134400089
11.492541806119554,0.6150873229257461,3.304601397360185
11.492541806119554,0.6150873229257461,3.304601397360185
11.492541806119554,0.6150873229257461,3.304601397360185
11.492541806119554,0.6150873229257461,3.304601397360185
11.492541806119554,0.6150873229257461,3.304601397360185
11.492541806119554,0.6150873229257461,3.304601397360185
11.492541806119554,0.6150873229257461,3.304601397360185
11.492541806119554,0.6150873229257461,3.304601397360185
11.492541806119554,0.6150873229257461,3.304601397360185
11.492541806119554,0.6150873229257461,3.304601397360185
11.492541806119554,0.6150873229257461,3.304601397360185
11.492541806119554,0.6150873229257461,3.304601397360185
11.492541806119554,0.6150873229257461,3.304601397360185
11.492541806119554,0.6150873229257461,3.304601397360185
11.495302896526844,0.6145159623202328,3.3042565048367663
11.495302896526844,0.6145159623202328,3.3042565048367663
11.495302896526844,0.6145159623202328,3.3042565048367663
11.493196173501826,0.6144393108324978,3.300023258948246
11.492555388009896,0.6103317358631162,3.296248966763967
11.492555388009896,0.6103317358631162,3.296248966763967
11.492555388009896,0.6103317358631162,3.296248966763967
11.492555388009896,0.6103317358631162,3.296248966763967
11.488517164885447,0.490431253014705,3.3015990815857426
11.488517164885447,0.490431253014705,3.3015990815857426
11.483360653021123,0.4915664275420005,3.3025317820865814
11.483360653021123,0.4915664275420005,3.3025317820865814
11.483360653021123,0.4915664275420005,3.3025317820865814
11.483360653021123,0.4915664275420005,3.3025317820865814
11.483360653021123,0.4915664275420005,3.3025317820865814
11.483360653021123,0.4915664275420005,3.3025317820865814
11.483360653021123,0.4915664275420005,3.3025317820865814
11.483360653021123,0.4915664275420005,3.3025317820865814
11.483423011017113,0.49654779843679653,3.3011157171508265
11.483423011017113,0.49654779843679653,3.3011157171508265
11.483423011017113,0.49654779843679653,3.3011157171508265
11.483423011017113,0.49654779843679653,3.3011157171508265
11.485106563605363,0.496123035522516,3.3008264249132155
11.485106563605363,0.496123035522516,3.3008264249132155
11.485106563605363,0.496123035522516,3.3008264249132155
11.482983429393846,0.44675138996495745,3.3235412793266743
11.482983429393846,0.44675138996495745,3.3235412793266743
11.482983429393846,0.44675138996495745,3.3235412793266743
11.451690099847555,0.5098679698681562,3.3821828506530287
11.451690099847555,0.5098679698681562,3.3821828506530287
11.451690099847555,0.5098679698681562,3.3821828506530287
11.451690099847555,0.5098679698681562,3.3821828506530287
11.451690099847555,0.5098679698681562,3.3821828506530287
11.451690099847555,0.5098679698681562,3.3821828506530287
11.451690099847555,0.5098679698681562,3.3821828506530287
11.451690099847555,0.5098679698681562,3.3821828506530287
11.451690099847555,0.5098679698681562,3.3821828506530287
11.451690099847555,0.5098679698681562,3.3821828506530287
11.451690099847555,0.5098679698681562,3.3821828506530287
11.451690099847555,0.5098679698681562,3.3821828506530287
11.451690099847555,0.5098679698681562,3.3821828506530287
11.451690099847555,0.5098679698681562,3.3821828506530287
11.451690099847555,0.5098679698681562,3.3821828506530287
11.451690099847555,0.5098679698681562,3.3821828506530287
11.451690099847555,0.5098679698681562,3.3821828506530287
11.451690099847555,0.5098679698681562,3.3821828506530287
115.3218626681771,0.5407981958425626,1.557750187698832
115.47760270659042,0.5802576649301915,1.731934977601235
115.47760270659042,0.5802576649301915,1.731934977601235
115.47760270659042,0.5802576649301915,1.731934977601235
115.47760270659042,0.5802576649301915,1.731934977601235
115.47760270659042,0.5802576649301915,1.731934977601235
115.515696823457,0.3322355362964607,1.779637878714257
115.515696823457,0.3322355362964607,1.779637878714257
115.515696823457,0.3322355362964607,1.779637878714257
115.515696823457,0.3322355362964607,1.779637878714257
115.515696823457,0.3322355362964607,1.779637878714257
115.515696823457,0.3322355362964607,1.779637878714257
115.515696823457,0.3322355362964607,1.779637878714257
115.515696823457,0.3322355362964607,1.779637878714257
115.515696823457,0.3322355362964607,1.779637878714257
115.51761283359372,0.31976083018226414,1.7820371794357597
115.51761283359372,0.31976083018226414,1.7820371794357597
115.51761283359372,0.31976083018226414,1.7820371794357597
115.51761283359372,0.31976083018226414,1.7820371794357597
115.51761283359372,0.31976083018226414,1.7820371794357597
115.51761283359372,0.31976083018226414,1.7820371794357597
115.51761283359372,0.31976083018226414,1.7820371794357597
115.51761283359372,0.31976083018226414,1.7820371794357597
115.51761283359372,0.31976083018226414,1.7820371794357597
115.51761283359372,0.31976083018226414,1.7820371794357597
115.51761283359372,0.31976083018226414,1.7820371794357597
115.51761283359372,0.31976083018226414,1.7820371794357597
115.51761283359372,0.31976083018226414,1.7820371794357597
115.51761283359372,0.31976083018226414,1.7820371794357597
115.51761283359372,0.31976083018226414,1.7820371794357597
115.51761283359372,0.31976083018226414,1.7820371794357597
115.51761283359372,0.31976083018226414,1.7820371794357597
115.51761283359372,0.31976083018226414,1.7820371794357597
115.51761283359372,0.31976083018226414,1.7820371794357597
115.51761283359372,0.31976083018226414,1.7820371794357597
115.51761283359372,0.31976083018226414,1.7820371794357597
115.51761283359372,0.31976083018226414,1.7820371794357597
115.51761283359372,0.31976083018226414,1.7820371794357597
115.51761283359372,0.31976083018226414,1.7820371794357597
115.51761283359372,0.31976083018226414,1.7820371794357597
115.51761283359372,0.31976083018226414,1.7820371794357597
115.51761283359372,0.31976083018226414,1.7820371794357597
115.51761283359372,0.31976083018226414,1.7820371794357597
115.51761283359372,0.31976083018226414,1.7820371794357597
115.51761283359372,0.31976083018226414,1.7820371794357597
115.51761283359372,0.31976083018226414,1.7820371794357597
115.51761283359372,0.31976083018226414,1.7820371794357597
112.60887807435819,0.39645189335017417,2.601194266433434
112.60887807435819,0.39645189335017417,2.601194266433434
112.60887807435819,0.39645189335017417,2.601194266433434
112.60887807435819,0.39645189335017417,2.601194266433434
112.60887807435819,0.39645189335017417,2.601194266433434
112.60887807435819,0.39645189335017417,2.601194266433434
112.60887807435819,0.39645189335017417,2.601194266433434
112.60887807435819,0.39645189335017417,2.601194266433434
112.60887807435819,0.39645189335017417,2.601194266433434
112.60887807435819,0.39645189335017417,2.601194266433434
112.60887807435819,0.39645189335017417,2.601194266433434
112.60887807435819,0.39645189335017417,2.601194266433434
112.60887807435819,0.39645189335017417,2.601194266433434
112.60887807435819,0.39645189335017417,2.601194266433434
112.60887807435819,0.39645189335017417,2.601194266433434
112.60887807435819,0.39645189335017417,2.601194266433434
112.60887807435819,0.39645189335017417,2.601194266433434
112.60887807435819,0.39645189335017417,2.601194266433434
112.60887807435819,0.39645189335017417,2.601194266433434
112.60887807435819,0.39645189335017417,2.601194266433434
112.60887807435819,0.39645189335017417,2.601194266433434
112.60887807435819,0.39645189335017417,2.601194266433434
112.60887807435819,0.39645189335017417,2.601194266433434
112.58651590243515,0.39643008710664884,2.601349684575447
112.58651590243515,0.39643008710664884,2.601349684575447
112.58651590243515,0.39643008710664884,2.601349684575447
112.58651590243515,0.39643008710664884,2.601349684575447
112.58651590243515,0.39643008710664884,2.601349684575447
112.58651590243515,0.39643008710664884,2.601349684575447
112.58651590243515,0.39643008710664884,2.601349684575447
112.58651590243515,0.39643008710664884,2.601349684575447
112.59975667450067,0.42118697009862227,2.60851479184897
112.59975667450067,0.42118697009862227,2.60851479184897
112.59975667450067,0.42118697009862227,2.60851479184897
112.59975667450067,0.42118697009862227,2.60851479184897
112.59975667450067,0.42118697009862227,2.60851479184897
112.59975667450067,0.42118697009862227,2.60851479184897
112.59975667450067,0.42118697009862227,2.60851479184897
112.57959292028913,0.3834858676837638,2.5976033841721584
112.57959292028913,0.3834858676837638,2.5976033841721584
112.57959292028913,0.3834858676837638,2.5976033841721584
112.57959292028913,0.3834858676837638,2.5976033841721584
112.57959292028913,0.3834858676837638,2.5976033841721584
112.57959292028913,0.3834858676837638,2.5976033841721584
112.57959292028913,0.3834858676837638,2.5976033841721584
112.57959292028913,0.3834858676837638,2.5976033841721584
112.57959292028913,0.3834858676837638,2.5976033841721584
112.57959292028913,0.3834858676837638,2.5976033841721584
112.57959292028913,0.3834858676837638,2.5976033841721584
112.57959292028913,0.3834858676837638,2.5976033841721584
112.57959292028913,0.3834858676837638,2.5976033841721584
112.57959292028913,0.3834858676837638,2.5976033841721584
112.57959292028913,0.3834858676837638,2.5976033841721584
112.57959292028913,0.3834858676837638,2.5976033841721584
112.57959292028913,0.3834858676837638,2.5976033841721584
112.57385604329981,0.30567136174573983,2.5956609830238864
112.57385604329981,0.30567136174573983,2.5956609830238864
112.57385604329981,0.30567136174573983,2.5956609830238864
112.57385604329981,0.30567136174573983,2.5956609830238864
112.57385604329981,0.30567136174573983,2.5956609830238864
112.57385604329981,0.30567136174573983,2.5956609830238864
112.57385604329981,0.30567136174573983,2.5956609830238864
112.57385604329981,0.30567136174573983,2.5956609830238864
112.57385604329981,0.30567136174573983,2.5956609830238864
112.57385604329981,0.30567136174573983,2.5956609830238864
112.57385604329981,0.30567136174573983,2.5956609830238864
112.57385604329981,0.30567136174573983,2.5956609830238864
112.56095993563679,0.13074966686004336,2.5912945979018853
112.56095993563679,0.13074966686004336,2.5912945979018853
112.56095993563679,0.13074966686004336,2.5912945979018853
112.56095993563679,0.13074966686004336,2.5912945979018853
112.56095993563679,0.13074966686004336,2.5912945979018853
112.56095993563679,0.13074966686004336,2.5912945979018853
26.05819704225496,0.9980821847525972,1.9386004141192763
26.05819704225496,0.9980821847525972,1.9386004141192763
24.5722115758164,1.0736742970152726,2.2422004853024924
24.5722115758164,1.0736742970152726,2.2422004853024924
24.5722115758164,1.0736742970152726,2.2422004853024924
24.5722115758164,1.0736742970152726,2.2422004853024924
23.310106772459353,0.9501324497801101,2.3533204361424316
23.310106772459353,0.9501324497801101,2.3533204361424316
23.310106772459353,0.9501324497801101,2.3533204361424316
23.310106772459353,0.9501324497801101,2.3533204361424316
23.310106772459353,0.9501324497801101,2.3533204361424316
23.310106772459353,0.9501324497801101,2.3533204361424316
23.310106772459353,0.9501324497801101,2.3533204361424316
23.310106772459353,0.9501324497801101,2.3533204361424316
23.355313323674714,0.8146172635901948,2.351094235724321
23.355313323674714,0.8146172635901948,2.351094235724321
23.355313323674714,0.8146172635901948,2.351094235724321
23.355313323674714,0.8146172635901948,2.351094235724321
23.275784376107854,0.9959165711827926,2.3856561786400654
23.275784376107854,0.9959165711827926,2.3856561786400654
20.55871895783572,0.6012884498644719,2.834360106384745
21.9485405597769,0.5560873391122645,2.795637502670148
21.685532543470416,0.23503130071614708,2.7457637071468968
21.685532543470416,0.23503130071614708,2.7457637071468968
21.685532543470416,0.23503130071614708,2.7457637071468968
21.685532543470416,0.23503130071614708,2.7457637071468968
21.685532543470416,0.23503130071614708,2.7457637071468968
22.289434748471123,0.8538850086564964,2.9111973206390163
22.289434748471123,0.8538850086564964,2.9111973206390163
22.289434748471123,0.8538850086564964,2.9111973206390163
22.289434748471123,0.8538850086564964,2.9111973206390163
22.289434748471123,0.8538850086564964,2.9111973206390163
22.289434748471123,0.8538850086564964,2.9111973206390163
22.289434748471123,0.8538850086564964,2.9111973206390163
22.289434748471123,0.8538850086564964,2.9111973206390163
22.289434748471123,0.8538850086564964,2.9111973206390163
22.289434748471123,0.8538850086564964,2.9111973206390163
22.289434748471123,0.8538850086564964,2.9111973206390163
22.275989056909197,0.8656394920003883,2.911281684685904
22.275989056909197,0.8656394920003883,2.911281684685904
22.401178074300518,0.975566281036884,2.939870446798639
22.401178074300518,0.975566281036884,2.939870446798639
22.401178074300518,0.975566281036884,2.939870446798639
22.401178074300518,0.975566281036884,2.939870446798639
22.401178074300518,0.975566281036884,2.939870446798639
22.401178074300518,0.975566281036884,2.939870446798639
22.401178074300518,0.975566281036884,2.939870446798639
22.401178074300518,0.975566281036884,2.939870446798639
22.729185908652664,0.8343116064358637,3.0160921443164734
22.729185908652664,0.8343116064358637,3.0160921443164734
22.729185908652664,0.8343116064358637,3.0160921443164734
22.739518485422465,0.8235148880717569,3.0169632727440483
22.739518485422465,0.8235148880717569,3.0169632727440483
22.739518485422465,0.8235148880717569,3.0169632727440483
22.739518485422465,0.8235148880717569,3.0169632727440483
22.739518485422465,0.8235148880717569,3.0169632727440483
22.739518485422465,0.8235148880717569,3.0169632727440483
22.739518485422465,0.8235148880717569,3.0169632727440483
22.739518485422465,0.8235148880717569,3.0169632727440483
22.739518485422465,0.8235148880717569,3.0169632727440483
22.739518485422465,0.8235148880717569,3.0169632727440483
22.739518485422465,0.8235148880717569,3.0169632727440483
22.739518485422465,0.8235148880717569,3.0169632727440483
22.739518485422465,0.8235148880717569,3.0169632727440483
22.775488426272403,0.7576785722719614,3.029416556473314
22.775488426272403,0.7576785722719614,3.029416556473314
22.775488426272403,0.7576785722719614,3.029416556473314
22.775488426272403,0.7576785722719614,3.029416556473314
22.775488426272403,0.7576785722719614,3.029416556473314
22.775488426272403,0.7576785722719614,3.029416556473314
22.775488426272403,0.7576785722719614,3.029416556473314
22.775488426272403,0.7576785722719614,3.029416556473314
22.775488426272403,0.7576785722719614,3.029416556473314
22.775488426272403,0.7576785722719614,3.029416556473314
22.76694863125797,0.7387341319453856,3.0248667748903175
22.84183016849921,0.6761694682549925,3.0184264177307565
22.84183016849921,0.6761694682549925,3.0184264177307565
22.84183016849921,0.6761694682549925,3.0184264177307565
22.84183016849921,0.6761694682549925,3.0184264177307565
22.84183016849921,0.6761694682549925,3.0184264177307565
22.84183016849921,0.6761694682549925,3.0184264177307565
22.692554463589534,0.6733147414593104,3.0226271065238444
22.692554463589534,0.6733147414593104,3.0226271065238444
22.692554463589534,0.6733147414593104,3.0226271065238444
22.692554463589534,0.6733147414593104,3.0226271065238444
22.692554463589534,0.6733147414593104,3.0226271065238444
22.63701017442674,0.5537948765923212,3.0114543569822203
22.63701017442674,0.5537948765923212,3.0114543569822203
22.63701017442674,0.5537948765923212,3.0114543569822203
22.63701017442674,0.5537948765923212,3.0114543569822203
22.63701017442674,0.5537948765923212,3.0114543569822203
22.645150229040055,0.5279350116413336,3.031388719749718
22.645150229040055,0.5279350116413336,3.031388719749718
22.645150229040055,0.5279350116413336,3.031388719749718
22.645150229040055,0.5279350116413336,3.031388719749718
22.645150229040055,0.5279350116413336,3.031388719749718
22.645150229040055,0.5279350116413336,3.031388719749718
22.645150229040055,0.5279350116413336,3.031388719749718
22.645150229040055,0.5279350116413336,3.031388719749718
22.645150229040055,0.5279350116413336,3.031388719749718
22.645150229040055,0.5279350116413336,3.031388719749718
22.645150229040055,0.5279350116413336,3.031388719749718
22.645150229040055,0.5279350116413336,3.031388719749718
22.645150229040055,0.5279350116413336,3.031388719749718
22.645150229040055,0.5279350116413336,3.031388719749718
22.645150229040055,0.5279350116413336,3.031388719749718
22.645150229040055,0.5279350116413336,3.031388719749718
22.645150229040055,0.5279350116413336,3.031388719749718
22.645150229040055,0.5279350116413336,3.031388719749718
22.645150229040055,0.5279350116413336,3.031388719749718
22.645150229040055,0.5279350116413336,3.031388719749718
22.645150229040055,0.5279350116413336,3.031388719749718
22.645150229040055,0.5279350116413336,3.031388719749718
22.645150229040055,0.5279350116413336,3.031388719749718
22.645150229040055,0.5279350116413336,3.031388719749718
22.645150229040055,0.5279350116413336,3.031388719749718
22.645150229040055,0.5279350116413336,3.031388719749718
22.645150229040055,0.5279350116413336,3.031388719749718
22.645150229040055,0.5279350116413336,3.031388719749718
22.645150229040055,0.5279350116413336,3.031388719749718
23.44085283561181,0.8283351283763987,2.497469272282946
23.44085283561181,0.8283351283763987,2.497469272282946
23.44085283561181,0.8283351283763987,2.497469272282946
23.44085283561181,0.8283351283763987,2.497469272282946
23.44085283561181,0.8283351283763987,2.497469272282946
23.44085283561181,0.8283351283763987,2.497469272282946
22.668579068568526,0.6845662961757342,2.566490424018517
22.668579068568526,0.6845662961757342,2.566490424018517
22.668579068568526,0.6845662961757342,2.566490424018517
22.03762604192193,0.10124274358581498,2.84172111901659
22.03762604192193,0.10124274358581498,2.84172111901659
22.03762604192193,0.10124274358581498,2.84172111901659
22.03762604192193,0.10124274358581498,2.84172111901659
23.285490537836438,0.0489205581291251,2.86985581404
23.285490537836438,0.0489205581291251,2.86985581404
23.285490537836438,0.0489205581291251,2.86985581404
23.285490537836438,0.0489205581291251,2.86985581404
23.285490537836438,0.0489205581291251,2.86985581404
23.285490537836438,0.0489205581291251,2.86985581404
23.285490537836438,0.0489205581291251,2.86985581404
23.285490537836438,0.0489205581291251,2.86985581404
23.285490537836438,0.0489205581291251,2.86985581404
23.285490537836438,0.0489205581291251,2.86985581404
23.285490537836438,0.0489205581291251,2.86985581404
23.285490537836438,0.0489205581291251,2.86985581404
23.285490537836438,0.0489205581291251,2.86985581404
23.285490537836438,0.0489205581291251,2.86985581404
23.285490537836438,0.0489205581291251,2.86985581404
23.285490537836438,0.0489205581291251,2.86985581404
23.285490537836438,0.0489205581291251,2.86985581404
23.285490537836438,0.0489205581291251,2.86985581404
23.285490537836438,0.0489205581291251,2.86985581404
23.285490537836438,0.0489205581291251,2.86985581404
23.285490537836438,0.0489205581291251,2.86985581404
23.285490537836438,0.0489205581291251,2.86985581404
23.285490537836438,0.0489205581291251,2.86985581404
23.285490537836438,0.0489205581291251,2.86985581404
23.285490537836438,0.0489205581291251,2.86985581404
23.285490537836438,0.0489205581291251,2.86985581404
23.285490537836438,0.0489205581291251,2.86985581404
23.285490537836438,0.0489205581291251,2.86985581404
23.285490537836438,0.0489205581291251,2.86985581404
23.285490537836438,0.0489205581291251,2.86985581404
23.285490537836438,0.0489205581291251,2.86985581404
23.285490537836438,0.0489205581291251,2.86985581404
23.285490537836438,0.0489205581291251,2.86985581404
23.285490537836438,0.0489205581291251,2.86985581404
23.285490537836438,0.0489205581291251,2.86985581404
23.285490537836438,0.0489205581291251,2.86985581404
23.285490537836438,0.0489205581291251,2.86985581404
23.285827602896653,0.05135277963145468,2.871235097785032
23.285827602896653,0.05135277963145468,2.871235097785032
23.2758059894002,0.0017444359786763508,2.877478353076833
23.2758059894002,0.0017444359786763508,2.877478353076833
23.2758059894002,0.0017444359786763508,2.877478353076833
23.2758059894002,0.0017444359786763508,2.877478353076833
23.2758059894002,0.0017444359786763508,2.877478353076833
23.2758059894002,0.0017444359786763508,2.877478353076833
23.2758059894002,0.0017444359786763508,2.877478353076833
23.2758059894002,0.0017444359786763508,2.877478353076833
23.2758059894002,0.0017444359786763508,2.877478353076833
23.2758059894002,0.0017444359786763508,2.877478353076833
23.2758059894002,0.0017444359786763508,2.877478353076833
23.2758059894002,0.0017444359786763508,2.877478353076833
23.2758059894002,0.0017444359786763508,2.877478353076833
23.2758059894002,0.0017444359786763508,2.877478353076833
23.2758059894002,0.0017444359786763508,2.877478353076833
23.2758059894002,0.0017444359786763508,2.877478353076833
23.2758059894002,0.0017444359786763508,2.877478353076833
23.2758059894002,0.0017444359786763508,2.877478353076833
23.2758059894002,0.0017444359786763508,2.877478353076833
23.2758059894002,0.0017444359786763508,2.877478353076833
23.2758059894002,0.0017444359786763508,2.877478353076833
23.2758059894002,0.0017444359786763508,2.877478353076833
23.2758059894002,0.0017444359786763508,2.877478353076833
23.2758059894002,0.0017444359786763508,2.877478353076833
23.2758059894002,0.0017444359786763508,2.877478353076833
23.2758059894002,0.0017444359786763508,2.877478353076833
23.2758059894002,0.0017444359786763508,2.877478353076833
23.2758059894002,0.0017444359786763508,2.877478353076833
23.2758059894002,0.0017444359786763508,2.877478353076833
23.2758059894002,0.0017444359786763508,2.877478353076833
23.2758059894002,0.0017444359786763508,2.877478353076833
23.2758059894002,0.0017444359786763508,2.877478353076833
23.2758059894002,0.0017444359786763508,2.877478353076833
23.2758059894002,0.0017444359786763508,2.877478353076833
23.2758059894002,0.0017444359786763508,2.877478353076833
23.2758059894002,0.0017444359786763508,2.877478353076833
23.2758059894002,0.0017444359786763508,2.877478353076833
23.2758059894002,0.0017444359786763508,2.877478353076833
23.2758059894002,0.0017444359786763508,2.877478353076833
23.2758059894002,0.0017444359786763508,2.877478353076833
23.2758059894002,0.0017444359786763508,2.877478353076833
23.2758059894002,0.0017444359786763508,2.877478353076833
23.2758059894002,0.0017444359786763508,2.877478353076833
23.2758059894002,0.0017444359786763508,2.877478353076833
23.2758059894002,0.0017444359786763508,2.877478353076833
23.2758059894002,0.0017444359786763508,2.877478353076833
23.2758059894002,0.0017444359786763508,2.877478353076833
23.2758059894002,0.0017444359786763508,2.877478353076833
23.2758059894002,0.0017444359786763508,2.877478353076833
23.2758059894002,0.0017444359786763508,2.877478353076833
23.2758059894002,0.0017444359786763508,2.877478353076833
23.2758059894002,0.0017444359786763508,2.877478353076833
23.2758059894002,0.0017444359786763508,2.877478353076833
23.2758059894002,0.0017444359786763508,2.877478353076833
23.272610484770166,0.0023150608557336826,2.8791295595950315
23.272610484770166,0.0023150608557336826,2.8791295595950315
23.272610484770166,0.0023150608557336826,2.8791295595950315
23.272610484770166,0.0023150608557336826,2.8791295595950315
23.272610484770166,0.0023150608557336826,2.8791295595950315
23.272610484770166,0.0023150608557336826,2.8791295595950315
23.272610484770166,0.0023150608557336826,2.8791295595950315
23.272610484770166,0.0023150608557336826,2.8791295595950315
23.272610484770166,0.0023150608557336826,2.8791295595950315
23.272610484770166,0.0023150608557336826,2.8791295595950315
23.272610484770166,0.0023150608557336826,2.8791295595950315
23.272610484770166,0.0023150608557336826,2.8791295595950315
23.245690151544405,0.013145838554602496,2.8946748921601997
23.245690151544405,0.013145838554602496,2.8946748921601997
24.617395513834758,0.8856850985922697,2.0405205150417247
24.617395513834758,0.8856850985922697,2.0405205150417247
24.61300094429212,0.8855771331943636,2.039629340520523
24.61300094429212,0.8855771331943636,2.039629340520523
24.61300094429212,0.8855771331943636,2.039629340520523
24.61300094429212,0.8855771331943636,2.039629340520523
24.61300094429212,0.8855771331943636,2.039629340520523
24.61300094429212,0.8855771331943636,2.039629340520523
24.61300094429212,0.8855771331943636,2.039629340520523
24.476123932174303,0.885981566949174,2.0808993463177847
24.476123932174303,0.885981566949174,2.0808993463177847
24.476123932174303,0.885981566949174,2.0808993463177847
21.58611060477993,0.7849957847227687,2.157255296726829
21.58611060477993,0.7849957847227687,2.157255296726829
21.58611060477993,0.7849957847227687,2.157255296726829
20.265899988957507,0.5819529933748518,2.5414603933117084
21.61587402644026,0.6909664961117061,2.538401554132512
21.61587402644026,0.6909664961117061,2.538401554132512
21.61587402644026,0.6909664961117061,2.538401554132512
11.634176093364474,0.6906219204618809,2.6500987537076295
11.634176093364474,0.6906219204618809,2.6500987537076295
11.634176093364474,0.6906219204618809,2.6500987537076295
11.634176093364474,0.6906219204618809,2.6500987537076295
11.634176093364474,0.6906219204618809,2.6500987537076295
11.634176093364474,0.6906219204618809,2.6500987537076295
11.634176093364474,0.6906219204618809,2.6500987537076295
11.634176093364474,0.6906219204618809,2.6500987537076295
11.634176093364474,0.6906219204618809,2.6500987537076295
11.634176093364474,0.6906219204618809,2.6500987537076295
11.634176093364474,0.6906219204618809,2.6500987537076295
11.648198408976224,0.6709133525424658,2.767110779634207
11.648198408976224,0.6709133525424658,2.767110779634207
11.648198408976224,0.6709133525424658,2.767110779634207
11.648198408976224,0.6709133525424658,2.767110779634207
11.648198408976224,0.6709133525424658,2.767110779634207
11.648198408976224,0.6709133525424658,2.767110779634207
12.618880482142135,0.6190071450241393,2.8897457623450755
12.618880482142135,0.6190071450241393,2.8897457623450755
12.618880482142135,0.6190071450241393,2.8897457623450755
12.618880482142135,0.6190071450241393,2.8897457623450755
12.618880482142135,0.6190071450241393,2.8897457623450755
12.618880482142135,0.6190071450241393,2.8897457623450755
12.618880482142135,0.6190071450241393,2.8897457623450755
12.618880482142135,0.6190071450241393,2.8897457623450755
12.618880482142135,0.6190071450241393,2.8897457623450755
12.618880482142135,0.6190071450241393,2.8897457623450755
12.618880482142135,0.6190071450241393,2.8897457623450755
12.618880482142135,0.6190071450241393,2.8897457623450755
12.618880482142135,0.6190071450241393,2.8897457623450755
12.618880482142135,0.6190071450241393,2.8897457623450755
12.618880482142135,0.6190071450241393,2.8897457623450755
12.618880482142135,0.6190071450241393,2.8897457623450755
12.618880482142135,0.6190071450241393,2.8897457623450755
17.57980780763719,0.8383054393081975,3.0596297885858976
17.527345992898578,0.8282981990161151,3.0584166675455666
17.527345992898578,0.8282981990161151,3.0584166675455666
17.527345992898578,0.8282981990161151,3.0584166675455666
15.51754197851578,0.8337104054725727,3.0798158298477922
15.51754197851578,0.8337104054725727,3.0798158298477922
15.51754197851578,0.8337104054725727,3.0798158298477922
15.51754197851578,0.8337104054725727,3.0798158298477922
15.51754197851578,0.8337104054725727,3.0798158298477922
15.51754197851578,0.8337104054725727,3.0798158298477922
15.51754197851578,0.8337104054725727,3.0798158298477922
15.51754197851578,0.8337104054725727,3.0798158298477922
15.51754197851578,0.8337104054725727,3.0798158298477922
15.51754197851578,0.8337104054725727,3.0798158298477922
15.517239425382071,0.6693269488218461,3.1062466073295534
15.517239425382071,0.6693269488218461,3.1062466073295534
15.517239425382071,0.6693269488218461,3.1062466073295534
15.517239425382071,0.6693269488218461,3.1062466073295534
15.517239425382071,0.6693269488218461,3.1062466073295534
15.517239425382071,0.6693269488218461,3.1062466073295534
15.517239425382071,0.6693269488218461,3.1062466073295534
15.517239425382071,0.6693269488218461,3.1062466073295534
15.517239425382071,0.6693269488218461,3.1062466073295534
15.517239425382071,0.6693269488218461,3.1062466073295534
15.517239425382071,0.6693269488218461,3.1062466073295534
15.517239425382071,0.6693269488218461,3.1062466073295534
15.517239425382071,0.6693269488218461,3.1062466073295534
15.517239425382071,0.6693269488218461,3.1062466073295534
15.517239425382071,0.6693269488218461,3.1062466073295534
14.580367935821215,0.6181244258551366,3.1468709752738024
14.580367935821215,0.6181244258551366,3.1468709752738024
14.580367935821215,0.6181244258551366,3.1468709752738024
14.580367935821215,0.6181244258551366,3.1468709752738024
14.580367935821215,0.6181244258551366,3.1468709752738024
14.580367935821215,0.6181244258551366,3.1468709752738024
14.580367935821215,0.6181244258551366,3.1468709752738024
14.580367935821215,0.6181244258551366,3.1468709752738024
14.580367935821215,0.6181244258551366,3.1468709752738024
14.580367935821215,0.6181244258551366,3.1468709752738024
14.580367935821215,0.6181244258551366,3.1468709752738024
14.580367935821215,0.6181244258551366,3.1468709752738024
14.580367935821215,0.6181244258551366,3.1468709752738024
14.580367935821215,0.6181244258551366,3.1468709752738024
14.580367935821215,0.6181244258551366,3.1468709752738024
14.580367935821215,0.6181244258551366,3.1468709752738024
14.580367935821215,0.6181244258551366,3.1468709752738024
14.580367935821215,0.6181244258551366,3.1468709752738024
14.580367935821215,0.6181244258551366,3.1468709752738024
14.580367935821215,0.6181244258551366,3.1468709752738024
14.540351451385357,0.6162207339424093,3.1519486116928603
14.540351451385357,0.6162207339424093,3.1519486116928603
14.540351451385357,0.6162207339424093,3.1519486116928603
14.540351451385357,0.6162207339424093,3.1519486116928603
14.540351451385357,0.6162207339424093,3.1519486116928603
14.540351451385357,0.6162207339424093,3.1519486116928603
14.540351451385357,0.6162207339424093,3.1519486116928603
14.540351451385357,0.6162207339424093,3.1519486116928603
14.540351451385357,0.6162207339424093,3.1519486116928603
14.571635408617533,0.6174945386340904,3.1507263282352747
14.571635408617533,0.6174945386340904,3.1507263282352747
14.571635408617533,0.6174945386340904,3.1507263282352747
14.571635408617533,0.6174945386340904,3.1507263282352747
14.571635408617533,0.6174945386340904,3.1507263282352747
14.571635408617533,0.6174945386340904,3.1507263282352747
14.571635408617533,0.6174945386340904,3.1507263282352747
14.571635408617533,0.6174945386340904,3.1507263282352747
14.571635408617533,0.6174945386340904,3.1507263282352747
27.557959860736034,0.9913627513165082,2.5608945430635104
27.557959860736034,0.9913627513165082,2.5608945430635104
27.557959860736034,0.9913627513165082,2.5608945430635104
25.98596983560791,1.050561617010567,2.474531555591015
24.8900734200539,1.088472724975712,2.50795592947449
24.8900734200539,1.088472724975712,2.50795592947449
24.713687396319358,1.0882464109135757,2.5034666244085284
24.713687396319358,1.0882464109135757,2.5034666244085284
21.150673213130297,0.9024168432802364,2.7548899409229577
18.946537215830638,0.41788964558909614,3.262488852899696
19.34260032477364,0.40138420390841734,3.3303356020627515
19.34260032477364,0.40138420390841734,3.3303356020627515
19.34260032477364,0.40138420390841734,3.3303356020627515
19.401826607273613,0.40891659799422064,3.3185414195319556
19.401826607273613,0.40891659799422064,3.3185414195319556
19.401826607273613,0.40891659799422064,3.3185414195319556
19.401826607273613,0.40891659799422064,3.3185414195319556
18.373963454371587,0.17961669844411166,3.471885132150569
18.373963454371587,0.17961669844411166,3.471885132150569
18.373963454371587,0.17961669844411166,3.471885132150569
18.373963454371587,0.17961669844411166,3.471885132150569
18.353871607514357,0.17387358090636162,3.4727450663883532
20.533650952474737,0.03723807170282045,3.7592091173237696
20.533650952474737,0.03723807170282045,3.7592091173237696
20.533650952474737,0.03723807170282045,3.7592091173237696
20.533650952474737,0.03723807170282045,3.7592091173237696
20.533650952474737,0.03723807170282045,3.7592091173237696
20.533650952474737,0.03723807170282045,3.7592091173237696
20.533650952474737,0.03723807170282045,3.7592091173237696
20.533650952474737,0.03723807170282045,3.7592091173237696
20.533650952474737,0.03723807170282045,3.7592091173237696
20.533650952474737,0.03723807170282045,3.7592091173237696
20.533650952474737,0.03723807170282045,3.7592091173237696
20.533650952474737,0.03723807170282045,3.7592091173237696
16.274702116194373,0.3382920452932283,3.4189419165969737
16.274702116194373,0.3382920452932283,3.4189419165969737
12.318240598495638,0.14542880469917185,3.968323992623311
12.318240598495638,0.14542880469917185,3.968323992623311
12.318240598495638,0.14542880469917185,3.968323992623311
12.318240598495638,0.14542880469917185,3.968323992623311
12.318240598495638,0.14542880469917185,3.968323992623311
12.318240598495638,0.14542880469917185,3.968323992623311
12.318240598495638,0.14542880469917185,3.968323992623311
12.318240598495638,0.14542880469917185,3.968323992623311
12.318240598495638,0.14542880469917185,3.968323992623311
12.318240598495638,0.14542880469917185,3.968323992623311
13.798242768269569,0.2746431396866535,3.4949613876728622
13.411750479820352,0.3207893009465441,3.3627628514429224
12.627974049239272,0.2723675456328483,3.252068231257701
12.627974049239272,0.2723675456328483,3.252068231257701
12.618218268509215,0.26575415500312904,3.282327523565699
12.618218268509215,0.26575415500312904,3.282327523565699
12.618218268509215,0.26575415500312904,3.282327523565699
12.618218268509215,0.26575415500312904,3.282327523565699
12.618218268509215,0.26575415500312904,3.282327523565699
12.618218268509215,0.26575415500312904,3.282327523565699
12.618218268509215,0.26575415500312904,3.282327523565699
12.618218268509215,0.26575415500312904,3.282327523565699
12.618218268509215,0.26575415500312904,3.282327523565699
12.618218268509215,0.26575415500312904,3.282327523565699
12.57485523110547,0.302842511825105,3.283313321809591
12.568085011433556,0.30480448228618645,3.2812311409921255
12.592719997407151,0.3767909972759534,3.3187747072911344
12.600137092694425,0.33951092983692654,3.2984322840459512
12.600137092694425,0.33951092983692654,3.2984322840459512
12.601885763676401,0.33072169771682747,3.2936363088219354
12.601885763676401,0.33072169771682747,3.2936363088219354
12.601885763676401,0.33072169771682747,3.2936363088219354
12.601885763676401,0.33072169771682747,3.2936363088219354
12.601885763676401,0.33072169771682747,3.2936363088219354
12.601885763676401,0.33072169771682747,3.2936363088219354
12.601885763676401,0.33072169771682747,3.2936363088219354
12.601885763676401,0.33072169771682747,3.2936363088219354
12.601885763676401,0.33072169771682747,3.2936363088219354
12.601885763676401,0.33072169771682747,3.2936363088219354
12.601885763676401,0.33072169771682747,3.2936363088219354
12.46601331889026,0.3765644043954212,3.326288536256888
12.46601331889026,0.3765644043954212,3.326288536256888
12.46601331889026,0.3765644043954212,3.326288536256888
12.46601331889026,0.3765644043954212,3.326288536256888
12.46601331889026,0.3765644043954212,3.326288536256888
12.46601331889026,0.3765644043954212,3.326288536256888
12.46601331889026,0.3765644043954212,3.326288536256888
12.46601331889026,0.3765644043954212,3.326288536256888
12.46601331889026,0.3765644043954212,3.326288536256888
12.46601331889026,0.3765644043954212,3.326288536256888
12.46601331889026,0.3765644043954212,3.326288536256888
12.46601331889026,0.3765644043954212,3.326288536256888
12.46601331889026,0.3765644043954212,3.326288536256888
12.46601331889026,0.3765644043954212,3.326288536256888
12.46601331889026,0.3765644043954212,3.326288536256888
12.46601331889026,0.3765644043954212,3.326288536256888
12.46601331889026,0.3765644043954212,3.326288536256888
12.46601331889026,0.3765644043954212,3.326288536256888
12.46601331889026,0.3765644043954212,3.326288536256888
12.46601331889026,0.3765644043954212,3.326288536256888
12.46601331889026,0.3765644043954212,3.326288536256888
12.46601331889026,0.3765644043954212,3.326288536256888
12.46601331889026,0.3765644043954212,3.326288536256888
12.46601331889026,0.3765644043954212,3.326288536256888
12.542372106291795,0.37818505543919706,3.3216316978822653
12.542372106291795,0.37818505543919706,3.3216316978822653
12.542372106291795,0.37818505543919706,3.3216316978822653
12.542372106291795,0.37818505543919706,3.3216316978822653
12.542372106291795,0.37818505543919706,3.3216316978822653
12.542372106291795,0.37818505543919706,3.3216316978822653
12.542372106291795,0.37818505543919706,3.3216316978822653
12.542372106291795,0.37818505543919706,3.3216316978822653
12.542372106291795,0.37818505543919706,3.3216316978822653
12.542372106291795,0.37818505543919706,3.3216316978822653
12.542372106291795,0.37818505543919706,3.3216316978822653
12.542372106291795,0.37818505543919706,3.3216316978822653
12.542372106291795,0.37818505543919706,3.3216316978822653
12.542372106291795,0.37818505543919706,3.3216316978822653
12.542372106291795,0.37818505543919706,3.3216316978822653
12.542372106291795,0.37818505543919706,3.3216316978822653
12.542372106291795,0.37818505543919706,3.3216316978822653
12.542372106291795,0.37818505543919706,3.3216316978822653
12.542372106291795,0.37818505543919706,3.3216316978822653
12.542372106291795,0.37818505543919706,3.3216316978822653
100.83792934017296,0.6241942603854451,2.5212586051540256
101.71300876360583,0.5968971971967281,2.906680734426141
101.71300876360583,0.5968971971967281,2.906680734426141
101.71300876360583,0.5968971971967281,2.906680734426141
101.71300876360583,0.5968971971967281,2.906680734426141
101.71300876360583,0.5968971971967281,2.906680734426141
101.71300876360583,0.5968971971967281,2.906680734426141
101.71300876360583,0.5968971971967281,2.906680734426141
99.33860142667852,0.7656896841212893,2.725819174731957
99.33860142667852,0.7656896841212893,2.725819174731957
107.29995163462524,0.6811318740745568,2.7200491541437692
107.29995163462524,0.6811318740745568,2.7200491541437692
107.29995163462524,0.6811318740745568,2.7200491541437692
107.29995163462524,0.6811318740745568,2.7200491541437692
99.8682211039299,1.2625046617459388,3.514563226967067
99.8682211039299,1.2625046617459388,3.514563226967067
99.8682211039299,1.2625046617459388,3.514563226967067
99.8682211039299,1.2625046617459388,3.514563226967067
99.8682211039299,1.2625046617459388,3.514563226967067
99.8682211039299,1.2625046617459388,3.514563226967067
99.8682211039299,1.2625046617459388,3.514563226967067
99.8682211039299,1.2625046617459388,3.514563226967067
99.8682211039299,1.2625046617459388,3.514563226967067
99.8682211039299,1.2625046617459388,3.514563226967067
99.8682211039299,1.2625046617459388,3.514563226967067
99.8682211039299,1.2625046617459388,3.514563226967067
99.8682211039299,1.2625046617459388,3.514563226967067
99.8682211039299,1.2625046617459388,3.514563226967067
99.8682211039299,1.2625046617459388,3.514563226967067
99.8682211039299,1.2625046617459388,3.514563226967067
99.8682211039299,1.2625046617459388,3.514563226967067
99.8682211039299,1.2625046617459388,3.514563226967067
99.8682211039299,1.2625046617459388,3.514563226967067
99.8682211039299,1.2625046617459388,3.514563226967067
99.8682211039299,1.2625046617459388,3.514563226967067
99.8682211039299,1.2625046617459388,3.514563226967067
99.8682211039299,1.2625046617459388,3.514563226967067
99.8682211039299,1.2625046617459388,3.514563226967067
113.13764088761792,1.3919660606148694,3.587192976567348
113.13764088761792,1.3919660606148694,3.587192976567348
113.13764088761792,1.3919660606148694,3.587192976567348
113.13764088761792,1.3919660606148694,3.587192976567348
113.13764088761792,1.3919660606148694,3.587192976567348
113.13764088761792,1.3919660606148694,3.587192976567348
113.13764088761792,1.3919660606148694,3.587192976567348
113.13764088761792,1.3919660606148694,3.587192976567348
113.13764088761792,1.3919660606148694,3.587192976567348
113.13764088761792,1.3919660606148694,3.587192976567348
113.13764088761792,1.3919660606148694,3.587192976567348
113.13764088761792,1.3919660606148694,3.587192976567348
113.05074590214221,1.2877483887300494,3.3920694147937995
113.05074590214221,1.2877483887300494,3.3920694147937995
113.05074590214221,1.2877483887300494,3.3920694147937995
113.05074590214221,1.2877483887300494,3.3920694147937995
113.05074590214221,1.2877483887300494,3.3920694147937995
113.05074590214221,1.2877483887300494,3.3920694147937995
113.05074590214221,1.2877483887300494,3.3920694147937995
113.05074590214221,1.2877483887300494,3.3920694147937995
113.05074590214221,1.2877483887300494,3.3920694147937995
113.05074590214221,1.2877483887300494,3.3920694147937995
113.05074590214221,1.2877483887300494,3.3920694147937995
113.04445076828726,1.2801983075490246,3.377933628558341
113.04445076828726,1.2801983075490246,3.377933628558341
113.04445076828726,1.2801983075490246,3.377933628558341
113.04445076828726,1.2801983075490246,3.377933628558341
113.04445076828726,1.2801983075490246,3.377933628558341
113.04445076828726,1.2801983075490246,3.377933628558341
113.04445076828726,1.2801983075490246,3.377933628558341
113.04445076828726,1.2801983075490246,3.377933628558341
113.04445076828726,1.2801983075490246,3.377933628558341
113.04445076828726,1.2801983075490246,3.377933628558341
113.04445076828726,1.2801983075490246,3.377933628558341
113.04445076828726,1.2801983075490246,3.377933628558341
113.04445076828726,1.2801983075490246,3.377933628558341
113.04445076828726,1.2801983075490246,3.377933628558341
113.04445076828726,1.2801983075490246,3.377933628558341
113.04445076828726,1.2801983075490246,3.377933628558341
113.04445076828726,1.2801983075490246,3.377933628558341
113.04445076828726,1.2801983075490246,3.377933628558341
113.04445076828726,1.2801983075490246,3.377933628558341
113.04445076828726,1.2801983075490246,3.377933628558341
113.04445076828726,1.2801983075490246,3.377933628558341
113.04445076828726,1.2801983075490246,3.377933628558341
113.04445076828726,1.2801983075490246,3.377933628558341
113.04445076828726,1.2801983075490246,3.377933628558341
113.04445076828726,1.2801983075490246,3.377933628558341
113.04445076828726,1.2801983075490246,3.377933628558341
113.04445076828726,1.2801983075490246,3.377933628558341
113.04445076828726,1.2801983075490246,3.377933628558341
113.04445076828726,1.2801983075490246,3.377933628558341
113.04445076828726,1.2801983075490246,3.377933628558341
113.04445076828726,1.2801983075490246,3.377933628558341
113.04445076828726,1.2801983075490246,3.377933628558341
113.04445076828726,1.2801983075490246,3.377933628558341
113.04445076828726,1.2801983075490246,3.377933628558341
113.04445076828726,1.2801983075490246,3.377933628558341
113.04445076828726,1.2801983075490246,3.377933628558341
113.04445076828726,1.2801983075490246,3.377933628558341
113.04445076828726,1.2801983075490246,3.377933628558341
113.04445076828726,1.2801983075490246,3.377933628558341
113.04445076828726,1.2801983075490246,3.377933628558341
113.04445076828726,1.2801983075490246,3.377933628558341
113.04445076828726,1.2801983075490246,3.377933628558341
113.04445076828726,1.2801983075490246,3.377933628558341
113.04445076828726,1.2801983075490246,3.377933628558341
113.04445076828726,1.2801983075490246,3.377933628558341
113.04445076828726,1.2801983075490246,3.377933628558341
113.04445076828726,1.2801983075490246,3.377933628558341
113.04445076828726,1.2801983075490246,3.377933628558341
113.04445076828726,1.2801983075490246,3.377933628558341
113.04445076828726,1.2801983075490246,3.377933628558341
113.04445076828726,1.2801983075490246,3.377933628558341
113.04445076828726,1.2801983075490246,3.377933628558341
113.04445076828726,1.2801983075490246,3.377933628558341
113.04445076828726,1.2801983075490246,3.377933628558341
113.04445076828726,1.2801983075490246,3.377933628558341
113.04445076828726,1.2801983075490246,3.377933628558341
113.04445076828726,1.2801983075490246,3.377933628558341
113.04445076828726,1.2801983075490246,3.377933628558341
113.04445076828726,1.2801983075490246,3.377933628558341
108.18568650017232,1.0490021749482246,1.7148856553536629
108.18568650017232,1.0490021749482246,1.7148856553536629
108.18568650017232,1.0490021749482246,1.7148856553536629
108.18568650017232,1.0490021749482246,1.7148856553536629
108.18568650017232,1.0490021749482246,1.7148856553536629
108.18568650017232,1.0490021749482246,1.7148856553536629
108.18568650017232,1.0490021749482246,1.7148856553536629
108.18568650017232,1.0490021749482246,1.7148856553536629
108.18568650017232,1.0490021749482246,1.7148856553536629
108.18568650017232,1.0490021749482246,1.7148856553536629
108.18568650017232,1.0490021749482246,1.7148856553536629
108.18568650017232,1.0490021749482246,1.7148856553536629
108.18568650017232,1.0490021749482246,1.7148856553536629
108.18568650017232,1.0490021749482246,1.7148856553536629
108.18568650017232,1.0490021749482246,1.7148856553536629
108.18568650017232,1.0490021749482246,1.7148856553536629
108.18568650017232,1.0490021749482246,1.7148856553536629
108.18568650017232,1.0490021749482246,1.7148856553536629
108.18568650017232,1.0490021749482246,1.7148856553536629
108.18568650017232,1.0490021749482246,1.7148856553536629
108.18568650017232,1.0490021749482246,1.7148856553536629
106.012427658005,0.842372181130396,1.8994880331094905
86.03764239775076,1.007194396494883,2.1375955060087612
86.03764239775076,1.007194396494883,2.1375955060087612
75.39199654898586,0.87738876007623,2.2720367078433767
48.13508937832294,0.6916574832555087,2.711903649175642
44.486441144983054,0.6903118903006812,2.7053646583583593
43.51277141794717,0.6847689419744228,2.71199204363193
43.51277141794717,0.6847689419744228,2.71199204363193
34.30621179136612,0.8048635025828688,2.9272728315767536
33.01555339784839,0.7858348169197498,2.9166983948628227
33.01555339784839,0.7858348169197498,2.9166983948628227
33.01555339784839,0.7858348169197498,2.9166983948628227
33.01555339784839,0.7858348169197498,2.9166983948628227
28.72429673156633,0.6479319535182313,2.9725907829693545
28.59476840307242,0.6461969058153252,2.9694307669639066
28.59476840307242,0.6461969058153252,2.9694307669639066
28.59476840307242,0.6461969058153252,2.9694307669639066
28.59476840307242,0.6461969058153252,2.9694307669639066
29.879292373565466,0.6866975959746231,2.9828208162423557
29.879292373565466,0.6866975959746231,2.9828208162423557
29.86108739760693,0.6867467929136166,2.9824214941315055
29.86108739760693,0.6867467929136166,2.9824214941315055
29.86108739760693,0.6867467929136166,2.9824214941315055
29.86108739760693,0.6867467929136166,2.9824214941315055
29.86108739760693,0.6867467929136166,2.9824214941315055
29.86108739760693,0.6867467929136166,2.9824214941315055
29.86108739760693,0.6867467929136166,2.9824214941315055
29.86108739760693,0.6867467929136166,2.9824214941315055
29.86108739760693,0.6867467929136166,2.9824214941315055
29.86108739760693,0.6867467929136166,2.9824214941315055
29.86108739760693,0.6867467929136166,2.9824214941315055
29.86108739760693,0.6867467929136166,2.9824214941315055
29.86108739760693,0.6867467929136166,2.9824214941315055
29.772538018992545,0.6854369285685941,2.9828471726339143
29.772538018992545,0.6854369285685941,2.9828471726339143
29.772538018992545,0.6854369285685941,2.9828471726339143
29.772538018992545,0.6854369285685941,2.9828471726339143
24.26519138065413,0.6039696488414887,3.0093223337918906
24.26519138065413,0.6039696488414887,3.0093223337918906
24.26519138065413,0.6039696488414887,3.0093223337918906
24.26519138065413,0.6039696488414887,3.0093223337918906
24.26519138065413,0.6039696488414887,3.0093223337918906
22.671085990375936,0.584840247441462,3.046559733335196
22.671085990375936,0.584840247441462,3.046559733335196
22.671085990375936,0.584840247441462,3.046559733335196
22.671085990375936,0.584840247441462,3.046559733335196
22.672878222007203,0.5859822675759717,3.0440056050285955
22.672878222007203,0.5859822675759717,3.0440056050285955
22.672878222007203,0.5859822675759717,3.0440056050285955
22.672878222007203,0.5859822675759717,3.0440056050285955
22.672878222007203,0.5859822675759717,3.0440056050285955
22.672878222007203,0.5859822675759717,3.0440056050285955
22.672878222007203,0.5859822675759717,3.0440056050285955
22.62957995049144,0.4719525427073533,3.05057823139353
22.62957995049144,0.4719525427073533,3.05057823139353
22.62957995049144,0.4719525427073533,3.05057823139353
22.62957995049144,0.4719525427073533,3.05057823139353
22.62957995049144,0.4719525427073533,3.05057823139353
22.645260286478155,0.4359398189472744,3.079208260915419
22.645260286478155,0.4359398189472744,3.079208260915419
22.645260286478155,0.4359398189472744,3.079208260915419
22.61156645452735,0.3417452975833054,3.152498936102072
22.61156645452735,0.3417452975833054,3.152498936102072
22.61156645452735,0.3417452975833054,3.152498936102072
22.61156645452735,0.3417452975833054,3.152498936102072
22.61156645452735,0.3417452975833054,3.152498936102072
22.61156645452735,0.3417452975833054,3.152498936102072
22.61156645452735,0.3417452975833054,3.152498936102072
22.61156645452735,0.3417452975833054,3.152498936102072
22.61156645452735,0.3417452975833054,3.152498936102072
22.61156645452735,0.3417452975833054,3.152498936102072
22.61156645452735,0.3417452975833054,3.152498936102072
22.61156645452735,0.3417452975833054,3.152498936102072
22.642821375689582,0.1854469622879516,3.1575740723767094
22.642821375689582,0.1854469622879516,3.1575740723767094
22.642821375689582,0.1854469622879516,3.1575740723767094
22.642821375689582,0.1854469622879516,3.1575740723767094
22.6386096361495,0.16459808912408846,3.1328518015518347
22.6386096361495,0.16459808912408846,3.1328518015518347
22.6386096361495,0.16459808912408846,3.1328518015518347
22.638546754014026,0.16388475024498794,3.1329770789033797
22.638546754014026,0.16388475024498794,3.1329770789033797
22.638546754014026,0.16388475024498794,3.1329770789033797
23.321340868248676,0.13427865684391138,3.1168512632774346
23.321340868248676,0.13427865684391138,3.1168512632774346
23.321340868248676,0.13427865684391138,3.1168512632774346
23.321340868248676,0.13427865684391138,3.1168512632774346
23.321340868248676,0.13427865684391138,3.1168512632774346
23.321340868248676,0.13427865684391138,3.1168512632774346
23.321340868248676,0.13427865684391138,3.1168512632774346
23.321340868248676,0.13427865684391138,3.1168512632774346
23.321340868248676,0.13427865684391138,3.1168512632774346
23.321340868248676,0.13427865684391138,3.1168512632774346
23.321340868248676,0.13427865684391138,3.1168512632774346
23.321340868248676,0.13427865684391138,3.1168512632774346
23.321340868248676,0.13427865684391138,3.1168512632774346
23.321340868248676,0.13427865684391138,3.1168512632774346
23.321340868248676,0.13427865684391138,3.1168512632774346
23.321340868248676,0.13427865684391138,3.1168512632774346
10.015246625592894,1.1655317579724385,2.4742709770928606
10.015246625592894,1.1655317579724385,2.4742709770928606
10.015246625592894,1.1655317579724385,2.4742709770928606
10.015246625592894,1.1655317579724385,2.4742709770928606
10.015246625592894,1.1655317579724385,2.4742709770928606
10.015246625592894,1.1655317579724385,2.4742709770928606
10.015246625592894,1.1655317579724385,2.4742709770928606
10.804603420365098,1.0517707525187536,2.4838012268947383
12.569714438937126,1.1077972192403598,2.562993213301605
12.569714438937126,1.1077972192403598,2.562993213301605
12.569714438937126,1.1077972192403598,2.562993213301605
12.569714438937126,1.1077972192403598,2.562993213301605
11.24529153822713,0.7760094670401781,2.5230033099736553
10.503147318617438,0.7668201730647092,2.533037073526185
10.503147318617438,0.7668201730647092,2.533037073526185
10.503147318617438,0.7668201730647092,2.533037073526185
10.503147318617438,0.7668201730647092,2.533037073526185
10.503147318617438,0.7668201730647092,2.533037073526185
10.503147318617438,0.7668201730647092,2.533037073526185
10.503147318617438,0.7668201730647092,2.533037073526185
10.893292231037133,0.6841265550060558,2.6851192956275156
11.242314429932831,0.6707454816707193,2.7035674996045955
12.441237745286053,0.7369600616570765,2.6787017692271924
12.441237745286053,0.7369600616570765,2.6787017692271924
12.441237745286053,0.7369600616570765,2.6787017692271924
13.6080790179222,0.7328599390678557,2.6575871107843647
13.6080790179222,0.7328599390678557,2.6575871107843647
13.6080790179222,0.7328599390678557,2.6575871107843647
13.6080790179222,0.7328599390678557,2.6575871107843647
13.6080790179222,0.7328599390678557,2.6575871107843647
13.6080790179222,0.7328599390678557,2.6575871107843647
13.588068497996389,0.7311873774196718,2.66478507690952
13.588068497996389,0.7311873774196718,2.66478507690952
13.588068497996389,0.7311873774196718,2.66478507690952
13.588068497996389,0.7311873774196718,2.66478507690952
17.323536837827994,0.7305964392678573,2.798370913632242
17.323536837827994,0.7305964392678573,2.798370913632242
12.584508282286157,0.17982327057758463,2.5884755812641904
13.42943988257828,0.25112171044778747,2.7335344287588295
13.42943988257828,0.25112171044778747,2.7335344287588295
13.42943988257828,0.25112171044778747,2.7335344287588295
13.42943988257828,0.25112171044778747,2.7335344287588295
13.42943988257828,0.25112171044778747,2.7335344287588295
13.42943988257828,0.25112171044778747,2.7335344287588295
13.736779426402352,0.28629000817151184,2.8134840993642136
13.736779426402352,0.28629000817151184,2.8134840993642136
13.736779426402352,0.28629000817151184,2.8134840993642136
13.736779426402352,0.28629000817151184,2.8134840993642136
13.736779426402352,0.28629000817151184,2.8134840993642136
13.736779426402352,0.28629000817151184,2.8134840993642136
13.736779426402352,0.28629000817151184,2.8134840993642136
13.736779426402352,0.28629000817151184,2.8134840993642136
13.736779426402352,0.28629000817151184,2.8134840993642136
13.736779426402352,0.28629000817151184,2.8134840993642136
15.703421755767463,0.27164725633874504,2.882494214763734
15.703421755767463,0.27164725633874504,2.882494214763734
15.703421755767463,0.27164725633874504,2.882494214763734
15.703421755767463,0.27164725633874504,2.882494214763734
15.703421755767463,0.27164725633874504,2.882494214763734
15.703421755767463,0.27164725633874504,2.882494214763734
15.703421755767463,0.27164725633874504,2.882494214763734
15.703421755767463,0.27164725633874504,2.882494214763734
15.703421755767463,0.27164725633874504,2.882494214763734
15.703421755767463,0.27164725633874504,2.882494214763734
15.703421755767463,0.27164725633874504,2.882494214763734
15.703421755767463,0.27164725633874504,2.882494214763734
15.703421755767463,0.27164725633874504,2.882494214763734
15.703421755767463,0.27164725633874504,2.882494214763734
15.703421755767463,0.27164725633874504,2.882494214763734
15.703421755767463,0.27164725633874504,2.882494214763734
15.703421755767463,0.27164725633874504,2.882494214763734
15.703421755767463,0.27164725633874504,2.882494214763734
15.703421755767463,0.27164725633874504,2.882494214763734
15.703421755767463,0.27164725633874504,2.882494214763734
15.703421755767463,0.27164725633874504,2.882494214763734
15.703421755767463,0.27164725633874504,2.882494214763734
15.703421755767463,0.27164725633874504,2.882494214763734
15.703421755767463,0.27164725633874504,2.882494214763734
15.703421755767463,0.27164725633874504,2.882494214763734
15.703421755767463,0.27164725633874504,2.882494214763734
15.703421755767463,0.27164725633874504,2.882494214763734
15.70455202151827,0.2705865196659427,2.8811021997312176
15.70455202151827,0.2705865196659427,2.8811021997312176
15.70455202151827,0.2705865196659427,2.8811021997312176
15.70455202151827,0.2705865196659427,2.8811021997312176
15.70455202151827,0.2705865196659427,2.8811021997312176
15.70455202151827,0.2705865196659427,2.8811021997312176
15.70455202151827,0.2705865196659427,2.8811021997312176
15.70455202151827,0.2705865196659427,2.8811021997312176
15.70455202151827,0.2705865196659427,2.8811021997312176
15.70455202151827,0.2705865196659427,2.8811021997312176
15.70455202151827,0.2705865196659427,2.8811021997312176
15.70455202151827,0.2705865196659427,2.8811021997312176
15.70455202151827,0.2705865196659427,2.8811021997312176
15.70455202151827,0.2705865196659427,2.8811021997312176
15.70455202151827,0.2705865196659427,2.8811021997312176
13.814041693497808,0.2851941373565937,3.014049296690841
16.32998045134849,0.30223724392929835,3.108593163634156
16.32998045134849,0.30223724392929835,3.108593163634156
16.32998045134849,0.30223724392929835,3.108593163634156
16.32998045134849,0.30223724392929835,3.108593163634156
16.32998045134849,0.30223724392929835,3.108593163634156
16.32998045134849,0.30223724392929835,3.108593163634156
16.32998045134849,0.30223724392929835,3.108593163634156
15.445609404624346,0.33687074798984407,3.0948479293856224
15.45291201773654,0.34777945516941294,3.099744325098079
15.45291201773654,0.34777945516941294,3.099744325098079
15.45291201773654,0.34777945516941294,3.099744325098079
15.45291201773654,0.34777945516941294,3.099744325098079
15.45291201773654,0.34777945516941294,3.099744325098079
15.45291201773654,0.34777945516941294,3.099744325098079
15.45291201773654,0.34777945516941294,3.099744325098079
15.45291201773654,0.34777945516941294,3.099744325098079
15.45291201773654,0.34777945516941294,3.099744325098079
15.45291201773654,0.34777945516941294,3.099744325098079
15.45291201773654,0.34777945516941294,3.099744325098079
15.45291201773654,0.34777945516941294,3.099744325098079
15.43566343728751,0.3220133752072239,3.0881791669746708
15.43566343728751,0.3220133752072239,3.0881791669746708
13.668420377770815,0.4967633467053999,3.30214213345341
29.579625855363282,1.0546670134707201,2.8773141384610117
29.579625855363282,1.0546670134707201,2.8773141384610117
29.579625855363282,1.0546670134707201,2.8773141384610117
29.579625855363282,1.0546670134707201,2.8773141384610117
29.579625855363282,1.0546670134707201,2.8773141384610117
29.579625855363282,1.0546670134707201,2.8773141384610117
29.579625855363282,1.0546670134707201,2.8773141384610117
29.579625855363282,1.0546670134707201,2.8773141384610117
29.579625855363282,1.0546670134707201,2.8773141384610117
29.579625855363282,1.0546670134707201,2.8773141384610117
24.0698264988428,1.0957836981438154,2.9505077534926762
9.395915700589356,1.2052872434042972,3.1454398206114713
9.395915700589356,1.2052872434042972,3.1454398206114713
9.395915700589356,1.2052872434042972,3.1454398206114713
9.395915700589356,1.2052872434042972,3.1454398206114713
9.395915700589356,1.2052872434042972,3.1454398206114713
9.395915700589356,1.2052872434042972,3.1454398206114713
9.395915700589356,1.2052872434042972,3.1454398206114713
9.395915700589356,1.2052872434042972,3.1454398206114713
9.395915700589356,1.2052872434042972,3.1454398206114713
9.395915700589356,1.2052872434042972,3.1454398206114713
10.285889151948902,0.978430359918693,3.110367059122649
10.285889151948902,0.978430359918693,3.110367059122649
11.05451704982928,0.8843995634144788,3.1042964233026527
11.05451704982928,0.8843995634144788,3.1042964233026527
11.05451704982928,0.8843995634144788,3.1042964233026527
11.05451704982928,0.8843995634144788,3.1042964233026527
11.05451704982928,0.8843995634144788,3.1042964233026527
11.05451704982928,0.8843995634144788,3.1042964233026527
11.165437677122739,0.8325258824191737,3.143443375870806
11.370907360125388,0.8353721299023639,3.1340292248095656
11.370907360125388,0.8353721299023639,3.1340292248095656
11.370907360125388,0.8353721299023639,3.1340292248095656
11.370907360125388,0.8353721299023639,3.1340292248095656
11.370907360125388,0.8353721299023639,3.1340292248095656
11.370907360125388,0.8353721299023639,3.1340292248095656
11.370907360125388,0.8353721299023639,3.1340292248095656
11.370907360125388,0.8353721299023639,3.1340292248095656
11.514258440519399,0.842088264363515,3.132896978456469
11.514258440519399,0.842088264363515,3.132896978456469
11.514258440519399,0.842088264363515,3.132896978456469
11.514258440519399,0.842088264363515,3.132896978456469
11.514258440519399,0.842088264363515,3.132896978456469
11.514258440519399,0.842088264363515,3.132896978456469
11.514258440519399,0.842088264363515,3.132896978456469
11.514258440519399,0.842088264363515,3.132896978456469
11.514258440519399,0.842088264363515,3.132896978456469
11.53008550052018,0.6091016833474749,3.121164064996604
11.53008550052018,0.6091016833474749,3.121164064996604
11.53008550052018,0.6091016833474749,3.121164064996604
11.53008550052018,0.6091016833474749,3.121164064996604
11.53008550052018,0.6091016833474749,3.121164064996604
11.53008550052018,0.6091016833474749,3.121164064996604
11.53008550052018,0.6091016833474749,3.121164064996604
11.53008550052018,0.6091016833474749,3.121164064996604
11.53008550052018,0.6091016833474749,3.121164064996604
11.53008550052018,0.6091016833474749,3.121164064996604
11.53008550052018,0.6091016833474749,3.121164064996604
11.53008550052018,0.6091016833474749,3.121164064996604
11.53008550052018,0.6091016833474749,3.121164064996604
11.53008550052018,0.6091016833474749,3.121164064996604
11.53008550052018,0.6091016833474749,3.121164064996604
11.53008550052018,0.6091016833474749,3.121164064996604
11.53008550052018,0.6091016833474749,3.121164064996604
11.53008550052018,0.6091016833474749,3.121164064996604
11.53008550052018,0.6091016833474749,3.121164064996604
11.53008550052018,0.6091016833474749,3.121164064996604
11.53008550052018,0.6091016833474749,3.121164064996604
11.53008550052018,0.6091016833474749,3.121164064996604
11.53008550052018,0.6091016833474749,3.121164064996604
11.53008550052018,0.6091016833474749,3.121164064996604
11.53008550052018,0.6091016833474749,3.121164064996604
11.53008550052018,0.6091016833474749,3.121164064996604
11.53008550052018,0.6091016833474749,3.121164064996604
11.53008550052018,0.6091016833474749,3.121164064996604
11.53008550052018,0.6091016833474749,3.121164064996604
11.53008550052018,0.6091016833474749,3.121164064996604
11.53008550052018,0.6091016833474749,3.121164064996604
11.53008550052018,0.6091016833474749,3.121164064996604
11.53008550052018,0.6091016833474749,3.121164064996604
11.53008550052018,0.6091016833474749,3.121164064996604
11.53008550052018,0.6091016833474749,3.121164064996604
11.53008550052018,0.6091016833474749,3.121164064996604
11.53008550052018,0.6091016833474749,3.121164064996604
11.488239632080953,0.4707819379945082,3.1481295327887975
11.488239632080953,0.4707819379945082,3.1481295327887975
11.488239632080953,0.4707819379945082,3.1481295327887975
11.488239632080953,0.4707819379945082,3.1481295327887975
11.46762025698261,0.4026254671333018,3.161416653258456
11.482027903925221,0.36234711294430244,3.173492755201713
11.482027903925221,0.36234711294430244,3.173492755201713
11.504830860191351,0.393901605317275,3.1694467990083406
11.504830860191351,0.393901605317275,3.1694467990083406
11.504830860191351,0.393901605317275,3.1694467990083406
11.504830860191351,0.393901605317275,3.1694467990083406
11.504830860191351,0.393901605317275,3.1694467990083406
11.506286929713475,0.3923483624302829,3.1726445593882544
11.506286929713475,0.3923483624302829,3.1726445593882544
11.506286929713475,0.3923483624302829,3.1726445593882544
11.506286929713475,0.3923483624302829,3.1726445593882544
11.506286929713475,0.3923483624302829,3.1726445593882544
11.506286929713475,0.3923483624302829,3.1726445593882544
11.506286929713475,0.3923483624302829,3.1726445593882544
11.506286929713475,0.3923483624302829,3.1726445593882544
11.506286929713475,0.3923483624302829,3.1726445593882544
11.506286929713475,0.3923483624302829,3.1726445593882544
11.446417985271005,0.39363472858612936,3.171996111932742
11.446417985271005,0.39363472858612936,3.171996111932742
11.446417985271005,0.39363472858612936,3.171996111932742
11.446417985271005,0.39363472858612936,3.171996111932742
11.466800892968472,0.3641688948585797,3.1395788384881107
11.466800892968472,0.3641688948585797,3.1395788384881107
11.466800892968472,0.3641688948585797,3.1395788384881107
11.466800892968472,0.3641688948585797,3.1395788384881107
11.466800892968472,0.3641688948585797,3.1395788384881107
11.466800892968472,0.3641688948585797,3.1395788384881107
11.466800892968472,0.3641688948585797,3.1395788384881107
11.466800892968472,0.3641688948585797,3.1395788384881107
11.462331982386203,0.3706292182881348,3.1466862590041247
11.457807499395448,0.37105917285230794,3.1465394149494266
115.56137217398765,0.03485371998150866,1.8368342887871356
115.56137217398765,0.03485371998150866,1.8368342887871356
115.56137217398765,0.03485371998150866,1.8368342887871356
115.56137217398765,0.03485371998150866,1.8368342887871356
115.56137217398765,0.03485371998150866,1.8368342887871356
115.56137217398765,0.03485371998150866,1.8368342887871356
115.56137217398765,0.03485371998150866,1.8368342887871356
115.56137217398765,0.03485371998150866,1.8368342887871356
115.56137217398765,0.03485371998150866,1.8368342887871356
115.56137217398765,0.03485371998150866,1.8368342887871356
115.56137217398765,0.03485371998150866,1.8368342887871356
115.56137217398765,0.03485371998150866,1.8368342887871356
115.56137217398765,0.03485371998150866,1.8368342887871356
115.56137217398765,0.03485371998150866,1.8368342887871356
115.56137217398765,0.03485371998150866,1.8368342887871356
115.56137217398765,0.03485371998150866,1.8368342887871356
115.56137217398765,0.03485371998150866,1.8368342887871356
115.56137217398765,0.03485371998150866,1.8368342887871356
112.55133256491088,0.04663875164013637,1.8705589045270845
112.55133256491088,0.04663875164013637,1.8705589045270845
112.55133256491088,0.04663875164013637,1.8705589045270845
112.55133256491088,0.04663875164013637,1.8705589045270845
112.55133256491088,0.04663875164013637,1.8705589045270845
112.55133256491088,0.04663875164013637,1.8705589045270845
112.55133256491088,0.04663875164013637,1.8705589045270845
112.55133256491088,0.04663875164013637,1.8705589045270845
112.55133256491088,0.04663875164013637,1.8705589045270845
112.55133256491088,0.04663875164013637,1.8705589045270845
104.5709302460894,0.12040239280022869,1.96782302566297
104.5709302460894,0.12040239280022869,1.96782302566297
104.5709302460894,0.12040239280022869,1.96782302566297
104.5709302460894,0.12040239280022869,1.96782302566297
104.5709302460894,0.12040239280022869,1.96782302566297
104.5709302460894,0.12040239280022869,1.96782302566297
104.5709302460894,0.12040239280022869,1.96782302566297
104.5709302460894,0.12040239280022869,1.96782302566297
104.5709302460894,0.12040239280022869,1.96782302566297
104.5709302460894,0.12040239280022869,1.96782302566297
104.5709302460894,0.12040239280022869,1.96782302566297
104.5709302460894,0.12040239280022869,1.96782302566297
104.5709302460894,0.12040239280022869,1.96782302566297
104.5709302460894,0.12040239280022869,1.96782302566297
104.5709302460894,0.12040239280022869,1.96782302566297
104.5709302460894,0.12040239280022869,1.96782302566297
104.5709302460894,0.12040239280022869,1.96782302566297
104.5709302460894,0.12040239280022869,1.96782302566297
104.5709302460894,0.12040239280022869,1.96782302566297
104.5709302460894,0.12040239280022869,1.96782302566297
104.5709302460894,0.12040239280022869,1.96782302566297
104.5709302460894,0.12040239280022869,1.96782302566297
104.5709302460894,0.12040239280022869,1.96782302566297
104.5709302460894,0.12040239280022869,1.96782302566297
104.5709302460894,0.12040239280022869,1.96782302566297
104.5709302460894,0.12040239280022869,1.96782302566297
104.5709302460894,0.12040239280022869,1.96782302566297
104.5709302460894,0.12040239280022869,1.96782302566297
104.5709302460894,0.12040239280022869,1.96782302566297
104.5709302460894,0.12040239280022869,1.96782302566297
104.5709302460894,0.12040239280022869,1.96782302566297
104.5709302460894,0.12040239280022869,1.96782302566297
104.5709302460894,0.12040239280022869,1.96782302566297
104.5709302460894,0.12040239280022869,1.96782302566297
104.5709302460894,0.12040239280022869,1.96782302566297
104.5709302460894,0.12040239280022869,1.96782302566297
104.5709302460894,0.12040239280022869,1.96782302566297
104.5709302460894,0.12040239280022869,1.96782302566297
104.5709302460894,0.12040239280022869,1.96782302566297
104.5709302460894,0.12040239280022869,1.96782302566297
104.5709302460894,0.12040239280022869,1.96782302566297
104.5709302460894,0.12040239280022869,1.96782302566297
104.5709302460894,0.12040239280022869,1.96782302566297
104.5709302460894,0.12040239280022869,1.96782302566297
104.5709302460894,0.12040239280022869,1.96782302566297
104.5709302460894,0.12040239280022869,1.96782302566297
104.5709302460894,0.12040239280022869,1.96782302566297
104.5709302460894,0.12040239280022869,1.96782302566297
104.5709302460894,0.12040239280022869,1.96782302566297
104.5709302460894,0.12040239280022869,1.96782302566297
104.5709302460894,0.12040239280022869,1.96782302566297
104.5709302460894,0.12040239280022869,1.96782302566297
104.5709302460894,0.12040239280022869,1.96782302566297
104.5709302460894,0.12040239280022869,1.96782302566297
104.5709302460894,0.12040239280022869,1.96782302566297
104.5709302460894,0.12040239280022869,1.96782302566297
104.5709302460894,0.12040239280022869,1.96782302566297
104.5709302460894,0.12040239280022869,1.96782302566297
104.5709302460894,0.12040239280022869,1.96782302566297
104.5709302460894,0.12040239280022869,1.96782302566297
104.5709302460894,0.12040239280022869,1.96782302566297
104.5709302460894,0.12040239280022869,1.96782302566297
104.5709302460894,0.12040239280022869,1.96782302566297
104.5709302460894,0.12040239280022869,1.96782302566297
104.5709302460894,0.12040239280022869,1.96782302566297
104.5709302460894,0.12040239280022869,1.96782302566297
104.5709302460894,0.12040239280022869,1.96782302566297
104.5709302460894,0.12040239280022869,1.96782302566297
104.5709302460894,0.12040239280022869,1.96782302566297
104.5709302460894,0.12040239280022869,1.96782302566297
104.5709302460894,0.12040239280022869,1.96782302566297
104.5709302460894,0.12040239280022869,1.96782302566297
104.5709302460894,0.12040239280022869,1.96782302566297
104.5709302460894,0.12040239280022869,1.96782302566297
104.5709302460894,0.12040239280022869,1.96782302566297
104.5709302460894,0.12040239280022869,1.96782302566297
104.5709302460894,0.12040239280022869,1.96782302566297
104.5709302460894,0.12040239280022869,1.96782302566297
104.5709302460894,0.12040239280022869,1.96782302566297
104.5709302460894,0.12040239280022869,1.96782302566297
104.5709302460894,0.12040239280022869,1.96782302566297
104.5709302460894,0.12040239280022869,1.96782302566297
104.5709302460894,0.12040239280022869,1.96782302566297
104.5709302460894,0.12040239280022869,1.96782302566297
104.5709302460894,0.12040239280022869,1.96782302566297
104.5709302460894,0.12040239280022869,1.96782302566297
104.5709302460894,0.12040239280022869,1.96782302566297
104.5709302460894,0.12040239280022869,1.96782302566297
104.5709302460894,0.12040239280022869,1.96782302566297
104.5709302460894,0.12040239280022869,1.96782302566297
104.5709302460894,0.12040239280022869,1.96782302566297
104.5709302460894,0.12040239280022869,1.96782302566297
15.69937695112813,0.20515182817557998,3.023394681445131
15.69937695112813,0.20515182817557998,3.023394681445131
15.69937695112813,0.20515182817557998,3.023394681445131
15.69937695112813,0.20515182817557998,3.023394681445131
15.69937695112813,0.20515182817557998,3.023394681445131
15.69937695112813,0.20515182817557998,3.023394681445131
15.69937695112813,0.20515182817557998,3.023394681445131
15.69937695112813,0.20515182817557998,3.023394681445131
15.69937695112813,0.20515182817557998,3.023394681445131
16.170131607584377,0.23599333582778295,3.0580571820205678
16.170131607584377,0.23599333582778295,3.0580571820205678
16.170131607584377,0.23599333582778295,3.0580571820205678
16.170131607584377,0.23599333582778295,3.0580571820205678
16.170131607584377,0.23599333582778295,3.0580571820205678
13.832596242560586,0.8200418620732397,3.0217604058732324
13.832596242560586,0.8200418620732397,3.0217604058732324
13.832596242560586,0.8200418620732397,3.0217604058732324
13.832596242560586,0.8200418620732397,3.0217604058732324
13.832596242560586,0.8200418620732397,3.0217604058732324
13.832596242560586,0.8200418620732397,3.0217604058732324
13.832596242560586,0.8200418620732397,3.0217604058732324
13.832596242560586,0.8200418620732397,3.0217604058732324
13.832596242560586,0.8200418620732397,3.0217604058732324
13.832596242560586,0.8200418620732397,3.0217604058732324
12.52593117214954,0.882562556120382,3.041910451902578
11.294659263499046,0.9414758737200961,3.060897862062814
11.294659263499046,0.9414758737200961,3.060897862062814
11.57667976990864,0.9138739869098825,3.0822138346786576
11.57667976990864,0.9138739869098825,3.0822138346786576
11.57667976990864,0.9138739869098825,3.0822138346786576
11.57667976990864,0.9138739869098825,3.0822138346786576
11.57667976990864,0.9138739869098825,3.0822138346786576
11.571269307728405,0.8580268637747924,3.072863310872126
11.553250837719256,0.6720391089794554,3.0417232479412135
11.553250837719256,0.6720391089794554,3.0417232479412135
11.553250837719256,0.6720391089794554,3.0417232479412135
11.553250837719256,0.6720391089794554,3.0417232479412135
11.553250837719256,0.6720391089794554,3.0417232479412135
11.553250837719256,0.6720391089794554,3.0417232479412135
11.553250837719256,0.6720391089794554,3.0417232479412135
11.553250837719256,0.6720391089794554,3.0417232479412135
11.553250837719256,0.6720391089794554,3.0417232479412135
11.553250837719256,0.6720391089794554,3.0417232479412135
11.553250837719256,0.6720391089794554,3.0417232479412135
11.553250837719256,0.6720391089794554,3.0417232479412135
11.553250837719256,0.6720391089794554,3.0417232479412135
11.553250837719256,0.6720391089794554,3.0417232479412135
11.553250837719256,0.6720391089794554,3.0417232479412135
11.553250837719256,0.6720391089794554,3.0417232479412135
11.553250837719256,0.6720391089794554,3.0417232479412135
11.553250837719256,0.6720391089794554,3.0417232479412135
11.553250837719256,0.6720391089794554,3.0417232479412135
11.553250837719256,0.6720391089794554,3.0417232479412135
11.553250837719256,0.6720391089794554,3.0417232479412135
11.553250837719256,0.6720391089794554,3.0417232479412135
11.553250837719256,0.6720391089794554,3.0417232479412135
11.55012265332658,0.6525816362387533,3.060428596885205
11.55012265332658,0.6525816362387533,3.060428596885205
11.55012265332658,0.6525816362387533,3.060428596885205
11.55012265332658,0.6525816362387533,3.060428596885205
11.55012265332658,0.6525816362387533,3.060428596885205
11.55012265332658,0.6525816362387533,3.060428596885205
11.55012265332658,0.6525816362387533,3.060428596885205
11.546755259202378,0.6452745033690602,3.0706356487765154
11.546755259202378,0.6452745033690602,3.0706356487765154
11.546755259202378,0.6452745033690602,3.0706356487765154
11.546755259202378,0.6452745033690602,3.0706356487765154
11.546755259202378,0.6452745033690602,3.0706356487765154
11.546755259202378,0.6452745033690602,3.0706356487765154
11.546755259202378,0.6452745033690602,3.0706356487765154
11.546755259202378,0.6452745033690602,3.0706356487765154
11.546755259202378,0.6452745033690602,3.0706356487765154
11.546755259202378,0.6452745033690602,3.0706356487765154
12.465690025953887,0.41371088314280174,3.18304378942633
12.465690025953887,0.41371088314280174,3.18304378942633
12.465690025953887,0.41371088314280174,3.18304378942633
12.465690025953887,0.41371088314280174,3.18304378942633
12.465690025953887,0.41371088314280174,3.18304378942633
12.465690025953887,0.41371088314280174,3.18304378942633
12.465690025953887,0.41371088314280174,3.18304378942633
11.54168032441316,0.33631029293725995,3.2062979898406208
11.54168032441316,0.33631029293725995,3.2062979898406208
11.54168032441316,0.33631029293725995,3.2062979898406208
11.54168032441316,0.33631029293725995,3.2062979898406208
11.54168032441316,0.33631029293725995,3.2062979898406208
11.54168032441316,0.33631029293725995,3.2062979898406208
11.54168032441316,0.33631029293725995,3.2062979898406208
11.54168032441316,0.33631029293725995,3.2062979898406208
11.54168032441316,0.33631029293725995,3.2062979898406208
11.54168032441316,0.33631029293725995,3.2062979898406208
11.54168032441316,0.33631029293725995,3.2062979898406208
11.530220878672054,0.3668171392210317,3.2252073199925406
11.530220878672054,0.3668171392210317,3.2252073199925406
11.530220878672054,0.3668171392210317,3.2252073199925406
11.530220878672054,0.3668171392210317,3.2252073199925406
11.530220878672054,0.3668171392210317,3.2252073199925406
11.530220878672054,0.3668171392210317,3.2252073199925406
11.530220878672054,0.3668171392210317,3.2252073199925406
11.530220878672054,0.3668171392210317,3.2252073199925406
11.530220878672054,0.3668171392210317,3.2252073199925406
11.530220878672054,0.3668171392210317,3.2252073199925406
11.530220878672054,0.3668171392210317,3.2252073199925406
11.530220878672054,0.3668171392210317,3.2252073199925406
11.530220878672054,0.3668171392210317,3.2252073199925406
11.530220878672054,0.3668171392210317,3.2252073199925406
11.530220878672054,0.3668171392210317,3.2252073199925406
11.530220878672054,0.3668171392210317,3.2252073199925406
11.530220878672054,0.3668171392210317,3.2252073199925406
11.530220878672054,0.3668171392210317,3.2252073199925406
11.512484322723875,0.39912586070813594,3.2606610022777613
11.512484322723875,0.39912586070813594,3.2606610022777613
11.512484322723875,0.39912586070813594,3.2606610022777613
11.512484322723875,0.39912586070813594,3.2606610022777613
11.512484322723875,0.39912586070813594,3.2606610022777613
11.512484322723875,0.39912586070813594,3.2606610022777613
11.512484322723875,0.39912586070813594,3.2606610022777613
11.512484322723875,0.39912586070813594,3.2606610022777613
11.512484322723875,0.39912586070813594,3.2606610022777613
11.512484322723875,0.39912586070813594,3.2606610022777613
11.512484322723875,0.39912586070813594,3.2606610022777613
22.942034747198992,1.0465929350539949,2.140225214273732
23.158317500313085,0.9110837583450837,2.365240677471397
23.158317500313085,0.9110837583450837,2.365240677471397
23.158317500313085,0.9110837583450837,2.365240677471397
23.158317500313085,0.9110837583450837,2.365240677471397
23.158317500313085,0.9110837583450837,2.365240677471397
23.158317500313085,0.9110837583450837,2.365240677471397
23.158317500313085,0.9110837583450837,2.365240677471397
23.158317500313085,0.9110837583450837,2.365240677471397
23.158317500313085,0.9110837583450837,2.365240677471397
23.209093961168833,0.9241463043609058,2.3612531251320723
23.209093961168833,0.9241463043609058,2.3612531251320723
23.209093961168833,0.9241463043609058,2.3612531251320723
23.209093961168833,0.9241463043609058,2.3612531251320723
23.209093961168833,0.9241463043609058,2.3612531251320723
23.209093961168833,0.9241463043609058,2.3612531251320723
23.209093961168833,0.9241463043609058,2.3612531251320723
23.209093961168833,0.9241463043609058,2.3612531251320723
23.220219672533823,0.9361194683302503,2.3653241948652948
23.220219672533823,0.9361194683302503,2.3653241948652948
23.220219672533823,0.9361194683302503,2.3653241948652948
23.220219672533823,0.9361194683302503,2.3653241948652948
23.220219672533823,0.9361194683302503,2.3653241948652948
22.70530831617667,0.7008935043694792,2.492967557196953
22.70530831617667,0.7008935043694792,2.492967557196953
22.70530831617667,0.7008935043694792,2.492967557196953
22.70530831617667,0.7008935043694792,2.492967557196953
22.70530831617667,0.7008935043694792,2.492967557196953
22.70530831617667,0.7008935043694792,2.492967557196953
22.70530831617667,0.7008935043694792,2.492967557196953
22.70530831617667,0.7008935043694792,2.492967557196953
22.70530831617667,0.7008935043694792,2.492967557196953
22.74721298619325,0.6538036244111051,2.520188967034283
22.74721298619325,0.6538036244111051,2.520188967034283
22.74721298619325,0.6538036244111051,2.520188967034283
22.74721298619325,0.6538036244111051,2.520188967034283
22.74721298619325,0.6538036244111051,2.520188967034283
22.74721298619325,0.6538036244111051,2.520188967034283
22.74721298619325,0.6538036244111051,2.520188967034283
22.74721298619325,0.6538036244111051,2.520188967034283
22.74721298619325,0.6538036244111051,2.520188967034283
22.7647587617911,0.7709025845733276,2.6981504871026107
22.7647587617911,0.7709025845733276,2.6981504871026107
22.7647587617911,0.7709025845733276,2.6981504871026107
22.7647587617911,0.7709025845733276,2.6981504871026107
22.738657076088316,0.8272518543243668,2.764071911050971
22.719973946482988,0.8675856749791722,2.8112573120790563
22.719973946482988,0.8675856749791722,2.8112573120790563
22.719973946482988,0.8675856749791722,2.8112573120790563
22.719973946482988,0.8675856749791722,2.8112573120790563
22.719973946482988,0.8675856749791722,2.8112573120790563
22.719973946482988,0.8675856749791722,2.8112573120790563
22.719973946482988,0.8675856749791722,2.8112573120790563
22.719973946482988,0.8675856749791722,2.8112573120790563
22.719973946482988,0.8675856749791722,2.8112573120790563
22.719973946482988,0.8675856749791722,2.8112573120790563
22.7413249308873,0.9358218539900682,2.855346943706553
22.7413249308873,0.9358218539900682,2.855346943706553
22.7413249308873,0.9358218539900682,2.855346943706553
22.7413249308873,0.9358218539900682,2.855346943706553
22.7413249308873,0.9358218539900682,2.855346943706553
22.7413249308873,0.9358218539900682,2.855346943706553
22.7413249308873,0.9358218539900682,2.855346943706553
22.744838843867743,0.8966087244432837,2.932177884833415
22.723234710404117,0.6180697068606898,2.972242039320005
22.723234710404117,0.6180697068606898,2.972242039320005
22.723234710404117,0.6180697068606898,2.972242039320005
22.723234710404117,0.6180697068606898,2.972242039320005
22.708251657125455,0.6085224205489569,2.993594547461628
22.708251657125455,0.6085224205489569,2.993594547461628
22.708251657125455,0.6085224205489569,2.993594547461628
22.708251657125455,0.6085224205489569,2.993594547461628
22.708251657125455,0.6085224205489569,2.993594547461628
22.708251657125455,0.6085224205489569,2.993594547461628
22.708251657125455,0.6085224205489569,2.993594547461628
22.738468729422,0.5973420693625887,3.0123346695971915
22.707047946035928,0.561159854862521,3.023370174659479
22.707047946035928,0.561159854862521,3.023370174659479
22.707047946035928,0.561159854862521,3.023370174659479
22.707047946035928,0.561159854862521,3.023370174659479
22.707047946035928,0.561159854862521,3.023370174659479
22.707047946035928,0.561159854862521,3.023370174659479
22.66506218031988,0.46467740521636874,3.0801515449488748
22.66506218031988,0.46467740521636874,3.0801515449488748
22.66506218031988,0.46467740521636874,3.0801515449488748
22.66506218031988,0.46467740521636874,3.0801515449488748
22.66506218031988,0.46467740521636874,3.0801515449488748
22.66506218031988,0.46467740521636874,3.0801515449488748
22.66506218031988,0.46467740521636874,3.0801515449488748
22.66506218031988,0.46467740521636874,3.0801515449488748
22.66506218031988,0.46467740521636874,3.0801515449488748
22.66506218031988,0.46467740521636874,3.0801515449488748
22.66506218031988,0.46467740521636874,3.0801515449488748
22.66506218031988,0.46467740521636874,3.0801515449488748
22.66506218031988,0.46467740521636874,3.0801515449488748
22.66506218031988,0.46467740521636874,3.0801515449488748
22.66506218031988,0.46467740521636874,3.0801515449488748
22.66506218031988,0.46467740521636874,3.0801515449488748
22.66506218031988,0.46467740521636874,3.0801515449488748
22.66506218031988,0.46467740521636874,3.0801515449488748
22.66506218031988,0.46467740521636874,3.0801515449488748
22.665014925650333,0.46103793934317755,3.07951933110698
22.67955339769729,0.40530293749801777,3.118147170600776
22.67955339769729,0.40530293749801777,3.118147170600776
22.67955339769729,0.40530293749801777,3.118147170600776
22.685598950398695,0.4068085667591368,3.139060144686896
22.685598950398695,0.4068085667591368,3.139060144686896
22.685598950398695,0.4068085667591368,3.139060144686896
22.685598950398695,0.4068085667591368,3.139060144686896
22.685598950398695,0.4068085667591368,3.139060144686896
22.622091199506063,0.4126801533940356,3.144396308461915
22.622091199506063,0.4126801533940356,3.144396308461915
22.622091199506063,0.4126801533940356,3.144396308461915
22.622091199506063,0.4126801533940356,3.144396308461915
22.65708433785655,0.39208630094273594,3.184152672706328
22.65708433785655,0.39208630094273594,3.184152672706328
22.65708433785655,0.39208630094273594,3.184152672706328
22.548646200036227,0.2935854609698886,3.2971877417546573
22.534829109949943,0.23344231237513519,3.3225171398855275
22.534829109949943,0.23344231237513519,3.3225171398855275
24.615118151233577,0.861798113741045,2.0941889165924437
25.839788815737535,0.9157167496919347,2.2884095869915626
25.476828493419593,0.9024958627236676,2.320040431409958
22.417694435652788,0.6235903939745714,2.2740556540305055
22.417694435652788,0.6235903939745714,2.2740556540305055
23.34671464888222,0.7982744068213686,2.3619459350668612
23.34671464888222,0.7982744068213686,2.3619459350668612
23.34671464888222,0.7982744068213686,2.3619459350668612
23.34671464888222,0.7982744068213686,2.3619459350668612
23.34671464888222,0.7982744068213686,2.3619459350668612
23.34671464888222,0.7982744068213686,2.3619459350668612
23.34671464888222,0.7982744068213686,2.3619459350668612
23.34671464888222,0.7982744068213686,2.3619459350668612
23.34671464888222,0.7982744068213686,2.3619459350668612
23.34671464888222,0.7982744068213686,2.3619459350668612
23.34671464888222,0.7982744068213686,2.3619459350668612
23.34671464888222,0.7982744068213686,2.3619459350668612
23.34671464888222,0.7982744068213686,2.3619459350668612
23.34671464888222,0.7982744068213686,2.3619459350668612
23.34671464888222,0.7982744068213686,2.3619459350668612
23.34671464888222,0.7982744068213686,2.3619459350668612
23.34671464888222,0.7982744068213686,2.3619459350668612
23.186968069431003,0.9459815047548801,2.504835409439398
23.186968069431003,0.9459815047548801,2.504835409439398
23.268545130153935,0.947024813369078,2.523437088317447
23.268545130153935,0.947024813369078,2.523437088317447
22.69152341599621,0.7550734356964994,2.784166479715874
22.74786477804307,0.7229679377308653,2.807130283574988
22.74786477804307,0.7229679377308653,2.807130283574988
22.74786477804307,0.7229679377308653,2.807130283574988
22.74786477804307,0.7229679377308653,2.807130283574988
22.74786477804307,0.7229679377308653,2.807130283574988
22.74786477804307,0.7229679377308653,2.807130283574988
22.74786477804307,0.7229679377308653,2.807130283574988
22.74786477804307,0.7229679377308653,2.807130283574988
22.612612167368187,0.5954876147770304,2.8105156095973594
22.779293140226144,0.5236632702721518,2.8979805266159837
22.73822743872149,0.4615417678412407,2.908381402440319
22.73822743872149,0.4615417678412407,2.908381402440319
22.73822743872149,0.4615417678412407,2.908381402440319
22.73822743872149,0.4615417678412407,2.908381402440319
22.73822743872149,0.4615417678412407,2.908381402440319
22.73822743872149,0.4615417678412407,2.908381402440319
22.674286497046953,0.40150663949044707,2.9152491342061526
22.674286497046953,0.40150663949044707,2.9152491342061526
22.674286497046953,0.40150663949044707,2.9152491342061526
22.696703811786612,0.3304437255973311,2.924822722381675
22.696703811786612,0.3304437255973311,2.924822722381675
22.696703811786612,0.3304437255973311,2.924822722381675
22.696703811786612,0.3304437255973311,2.924822722381675
22.696703811786612,0.3304437255973311,2.924822722381675
22.684221443987102,0.3701972488523906,2.939121210914532
22.684221443987102,0.3701972488523906,2.939121210914532
22.684221443987102,0.3701972488523906,2.939121210914532
22.684221443987102,0.3701972488523906,2.939121210914532
22.643008448443336,0.34710484789380047,2.958997268700844
22.643008448443336,0.34710484789380047,2.958997268700844
22.643008448443336,0.34710484789380047,2.958997268700844
22.58463824213029,0.060255048961883606,2.950520318303119
22.58463824213029,0.060255048961883606,2.950520318303119
22.58463824213029,0.060255048961883606,2.950520318303119
22.58463824213029,0.060255048961883606,2.950520318303119
22.58463824213029,0.060255048961883606,2.950520318303119
22.58463824213029,0.060255048961883606,2.950520318303119
22.58463824213029,0.060255048961883606,2.950520318303119
22.58463824213029,0.060255048961883606,2.950520318303119
22.587252951133593,0.05996888324276983,2.950472481097354
22.587252951133593,0.05996888324276983,2.950472481097354
22.592079700457326,0.10482962040605903,2.957523761164077
22.592079700457326,0.10482962040605903,2.957523761164077
22.462231463912808,0.12440679570007576,2.9727253926527313
22.462231463912808,0.12440679570007576,2.9727253926527313
22.462231463912808,0.12440679570007576,2.9727253926527313
22.462231463912808,0.12440679570007576,2.9727253926527313
22.462231463912808,0.12440679570007576,2.9727253926527313
22.462231463912808,0.12440679570007576,2.9727253926527313
22.401962577349327,0.04802088139963201,2.964174466068327
22.401962577349327,0.04802088139963201,2.964174466068327
22.401962577349327,0.04802088139963201,2.964174466068327
22.401962577349327,0.04802088139963201,2.964174466068327
22.401962577349327,0.04802088139963201,2.964174466068327
22.401962577349327,0.04802088139963201,2.964174466068327
22.401962577349327,0.04802088139963201,2.964174466068327
22.401962577349327,0.04802088139963201,2.964174466068327
22.401962577349327,0.04802088139963201,2.964174466068327
22.401962577349327,0.04802088139963201,2.964174466068327
22.401962577349327,0.04802088139963201,2.964174466068327
22.401962577349327,0.04802088139963201,2.964174466068327
22.401962577349327,0.04802088139963201,2.964174466068327
22.401962577349327,0.04802088139963201,2.964174466068327
22.401962577349327,0.04802088139963201,2.964174466068327
22.401962577349327,0.04802088139963201,2.964174466068327
22.401962577349327,0.04802088139963201,2.964174466068327
22.401962577349327,0.04802088139963201,2.964174466068327
22.401962577349327,0.04802088139963201,2.964174466068327
22.48360293797673,0.16227393906901943,2.976563654202635
22.48360293797673,0.16227393906901943,2.976563654202635
22.48360293797673,0.16227393906901943,2.976563654202635
22.48360293797673,0.16227393906901943,2.976563654202635
22.48360293797673,0.16227393906901943,2.976563654202635
22.453186533884566,0.09342663825123865,2.9662410957921326
22.448952322875765,0.07891168056065873,2.9599469012566546
22.448952322875765,0.07891168056065873,2.9599469012566546
22.448952322875765,0.07891168056065873,2.9599469012566546
22.448952322875765,0.07891168056065873,2.9599469012566546
22.448952322875765,0.07891168056065873,2.9599469012566546
22.448952322875765,0.07891168056065873,2.9599469012566546
22.448952322875765,0.07891168056065873,2.9599469012566546
22.448952322875765,0.07891168056065873,2.9599469012566546
22.448952322875765,0.07891168056065873,2.9599469012566546
22.725308467189354,0.09645088848480798,3.00965122709178
22.725308467189354,0.09645088848480798,3.00965122709178
22.725308467189354,0.09645088848480798,3.00965122709178
22.725308467189354,0.09645088848480798,3.00965122709178
22.725308467189354,0.09645088848480798,3.00965122709178
22.725308467189354,0.09645088848480798,3.00965122709178
22.725308467189354,0.09645088848480798,3.00965122709178
22.732508126394585,0.0790158578647931,3.004812333287071
22.732508126394585,0.0790158578647931,3.004812333287071
22.732508126394585,0.0790158578647931,3.004812333287071
42.73229209196313,0.8515413335728171,2.0318713760767344
42.73229209196313,0.8515413335728171,2.0318713760767344
42.73229209196313,0.8515413335728171,2.0318713760767344
42.73229209196313,0.8515413335728171,2.0318713760767344
38.41846882679025,1.0490041158368308,2.223624354611569
38.41846882679025,1.0490041158368308,2.223624354611569
27.02707983802717,0.7997424682603833,2.5473985448213954
27.02707983802717,0.7997424682603833,2.5473985448213954
27.02707983802717,0.7997424682603833,2.5473985448213954
25.460881265683447,0.7242030581255827,2.7637055394401875
17.336133331471004,0.7117329612816294,2.767448076628884
17.336133331471004,0.7117329612816294,2.767448076628884
17.336133331471004,0.7117329612816294,2.767448076628884
17.336133331471004,0.7117329612816294,2.767448076628884
17.20811632608896,0.6064950549500582,2.827141538741931
17.20811632608896,0.6064950549500582,2.827141538741931
15.338056796440998,0.5441674761337045,2.9377809765571774
15.338056796440998,0.5441674761337045,2.9377809765571774
15.338056796440998,0.5441674761337045,2.9377809765571774
15.338056796440998,0.5441674761337045,2.9377809765571774
15.338056796440998,0.5441674761337045,2.9377809765571774
15.338056796440998,0.5441674761337045,2.9377809765571774
15.338056796440998,0.5441674761337045,2.9377809765571774
15.286370738802157,0.46782304684485565,3.2420102127773247
15.286370738802157,0.46782304684485565,3.2420102127773247
15.286370738802157,0.46782304684485565,3.2420102127773247
15.286370738802157,0.46782304684485565,3.2420102127773247
15.286370738802157,0.46782304684485565,3.2420102127773247
15.286370738802157,0.46782304684485565,3.2420102127773247
15.286370738802157,0.46782304684485565,3.2420102127773247
15.286370738802157,0.46782304684485565,3.2420102127773247
15.286370738802157,0.46782304684485565,3.2420102127773247
15.286370738802157,0.46782304684485565,3.2420102127773247
15.286370738802157,0.46782304684485565,3.2420102127773247
15.362361502557636,0.47230236999535713,3.2363543552172183
15.362361502557636,0.47230236999535713,3.2363543552172183
15.362361502557636,0.47230236999535713,3.2363543552172183
15.362361502557636,0.47230236999535713,3.2363543552172183
15.362361502557636,0.47230236999535713,3.2363543552172183
15.362361502557636,0.47230236999535713,3.2363543552172183
15.362361502557636,0.47230236999535713,3.2363543552172183
15.362361502557636,0.47230236999535713,3.2363543552172183
15.362361502557636,0.47230236999535713,3.2363543552172183
15.362361502557636,0.47230236999535713,3.2363543552172183
15.362361502557636,0.47230236999535713,3.2363543552172183
15.362361502557636,0.47230236999535713,3.2363543552172183
15.362361502557636,0.47230236999535713,3.2363543552172183
15.362361502557636,0.47230236999535713,3.2363543552172183
15.362361502557636,0.47230236999535713,3.2363543552172183
15.362361502557636,0.47230236999535713,3.2363543552172183
15.362361502557636,0.47230236999535713,3.2363543552172183
15.362361502557636,0.47230236999535713,3.2363543552172183
15.362361502557636,0.47230236999535713,3.2363543552172183
15.362361502557636,0.47230236999535713,3.2363543552172183
15.362361502557636,0.47230236999535713,3.2363543552172183
15.362361502557636,0.47230236999535713,3.2363543552172183
15.43827673014528,0.4790348069059217,3.233761152929276
15.43827673014528,0.4790348069059217,3.233761152929276
15.43827673014528,0.4790348069059217,3.233761152929276
15.43827673014528,0.4790348069059217,3.233761152929276
15.43827673014528,0.4790348069059217,3.233761152929276
15.43827673014528,0.4790348069059217,3.233761152929276
15.43827673014528,0.4790348069059217,3.233761152929276
15.43827673014528,0.4790348069059217,3.233761152929276
15.43827673014528,0.4790348069059217,3.233761152929276
15.43827673014528,0.4790348069059217,3.233761152929276
15.43827673014528,0.4790348069059217,3.233761152929276
15.43827673014528,0.4790348069059217,3.233761152929276
15.43827673014528,0.4790348069059217,3.233761152929276
15.43827673014528,0.4790348069059217,3.233761152929276
14.477380060198453,0.5121673949024701,3.251012731223955
14.477380060198453,0.5121673949024701,3.251012731223955
14.477380060198453,0.5121673949024701,3.251012731223955
14.477380060198453,0.5121673949024701,3.251012731223955
14.477380060198453,0.5121673949024701,3.251012731223955
14.477380060198453,0.5121673949024701,3.251012731223955
14.477380060198453,0.5121673949024701,3.251012731223955
14.477380060198453,0.5121673949024701,3.251012731223955
15.423549109137243,0.534303343885488,3.2271803481100805
15.423549109137243,0.534303343885488,3.2271803481100805
15.423549109137243,0.534303343885488,3.2271803481100805
15.423549109137243,0.534303343885488,3.2271803481100805
14.328257046714867,0.4052988934167092,3.182548429431616
15.608917328585264,0.44000978160201787,3.1477156095320895
15.608917328585264,0.44000978160201787,3.1477156095320895
15.441489153459468,0.4397163765668313,3.144825334434143
15.441489153459468,0.4397163765668313,3.144825334434143
15.441489153459468,0.4397163765668313,3.144825334434143
15.441489153459468,0.4397163765668313,3.144825334434143
15.441489153459468,0.4397163765668313,3.144825334434143
15.441489153459468,0.4397163765668313,3.144825334434143
15.441489153459468,0.4397163765668313,3.144825334434143
15.441489153459468,0.4397163765668313,3.144825334434143
15.441489153459468,0.4397163765668313,3.144825334434143
15.441489153459468,0.4397163765668313,3.144825334434143
15.441489153459468,0.4397163765668313,3.144825334434143
15.441489153459468,0.4397163765668313,3.144825334434143
15.441489153459468,0.4397163765668313,3.144825334434143
15.441489153459468,0.4397163765668313,3.144825334434143
15.441489153459468,0.4397163765668313,3.144825334434143
15.441489153459468,0.4397163765668313,3.144825334434143
15.441489153459468,0.4397163765668313,3.144825334434143
15.441489153459468,0.4397163765668313,3.144825334434143
15.441489153459468,0.4397163765668313,3.144825334434143
15.441489153459468,0.4397163765668313,3.144825334434143
15.441489153459468,0.4397163765668313,3.144825334434143
15.441489153459468,0.4397163765668313,3.144825334434143
15.441489153459468,0.4397163765668313,3.144825334434143
15.441489153459468,0.4397163765668313,3.144825334434143
15.441489153459468,0.4397163765668313,3.144825334434143
15.441489153459468,0.4397163765668313,3.144825334434143
15.441489153459468,0.4397163765668313,3.144825334434143
15.441489153459468,0.4397163765668313,3.144825334434143
15.441489153459468,0.4397163765668313,3.144825334434143
15.441489153459468,0.4397163765668313,3.144825334434143
15.441489153459468,0.4397163765668313,3.144825334434143
15.441489153459468,0.4397163765668313,3.144825334434143
15.441489153459468,0.4397163765668313,3.144825334434143
15.441489153459468,0.4397163765668313,3.144825334434143
15.447863574463748,0.4097284349957442,3.1332412691372293
104.70735744690796,0.07297072506725599,1.2838129202251278
104.70735744690796,0.07297072506725599,1.2838129202251278
104.70735744690796,0.07297072506725599,1.2838129202251278
104.70735744690796,0.07297072506725599,1.2838129202251278
104.70735744690796,0.07297072506725599,1.2838129202251278
104.70735744690796,0.07297072506725599,1.2838129202251278
104.70735744690796,0.07297072506725599,1.2838129202251278
104.70735744690796,0.07297072506725599,1.2838129202251278
104.70735744690796,0.07297072506725599,1.2838129202251278
104.70735744690796,0.07297072506725599,1.2838129202251278
104.70735744690796,0.07297072506725599,1.2838129202251278
104.70735744690796,0.07297072506725599,1.2838129202251278
104.70735744690796,0.07297072506725599,1.2838129202251278
104.70735744690796,0.07297072506725599,1.2838129202251278
104.70735744690796,0.07297072506725599,1.2838129202251278
104.70735744690796,0.07297072506725599,1.2838129202251278
104.70735744690796,0.07297072506725599,1.2838129202251278
104.70735744690796,0.07297072506725599,1.2838129202251278
104.70735744690796,0.07297072506725599,1.2838129202251278
105.41384973627639,0.24799493809219664,1.3653154752918994
103.48063945195042,0.60165378568911,2.1145448472098005
103.48063945195042,0.60165378568911,2.1145448472098005
103.48063945195042,0.60165378568911,2.1145448472098005
103.48063945195042,0.60165378568911,2.1145448472098005
103.48063945195042,0.60165378568911,2.1145448472098005
103.48063945195042,0.60165378568911,2.1145448472098005
103.48063945195042,0.60165378568911,2.1145448472098005
103.48063945195042,0.60165378568911,2.1145448472098005
103.48063945195042,0.60165378568911,2.1145448472098005
103.48063945195042,0.60165378568911,2.1145448472098005
103.48063945195042,0.60165378568911,2.1145448472098005
112.35955101372019,0.5850373607359712,2.0168197801583903
112.35955101372019,0.5850373607359712,2.0168197801583903
112.35955101372019,0.5850373607359712,2.0168197801583903
112.35955101372019,0.5850373607359712,2.0168197801583903
112.35955101372019,0.5850373607359712,2.0168197801583903
112.35955101372019,0.5850373607359712,2.0168197801583903
112.35955101372019,0.5850373607359712,2.0168197801583903
112.35955101372019,0.5850373607359712,2.0168197801583903
112.35955101372019,0.5850373607359712,2.0168197801583903
112.35955101372019,0.5850373607359712,2.0168197801583903
112.35955101372019,0.5850373607359712,2.0168197801583903
112.35955101372019,0.5850373607359712,2.0168197801583903
112.35955101372019,0.5850373607359712,2.0168197801583903
112.35955101372019,0.5850373607359712,2.0168197801583903
112.35955101372019,0.5850373607359712,2.0168197801583903
112.35955101372019,0.5850373607359712,2.0168197801583903
112.35955101372019,0.5850373607359712,2.0168197801583903
112.35955101372019,0.5850373607359712,2.0168197801583903
111.35572898450533,0.5856598501553998,2.027709182058877
111.35572898450533,0.5856598501553998,2.027709182058877
111.4233811442287,0.5754453217977068,2.0586691890055624
111.4233811442287,0.5754453217977068,2.0586691890055624
111.4233811442287,0.5754453217977068,2.0586691890055624
111.4233811442287,0.5754453217977068,2.0586691890055624
111.4233811442287,0.5754453217977068,2.0586691890055624
111.4233811442287,0.5754453217977068,2.0586691890055624
111.4233811442287,0.5754453217977068,2.0586691890055624
111.4233811442287,0.5754453217977068,2.0586691890055624
111.4233811442287,0.5754453217977068,2.0586691890055624
111.4233811442287,0.5754453217977068,2.0586691890055624
111.4233811442287,0.5754453217977068,2.0586691890055624
111.4233811442287,0.5754453217977068,2.0586691890055624
111.4233811442287,0.5754453217977068,2.0586691890055624
111.4233811442287,0.5754453217977068,2.0586691890055624
111.4233811442287,0.5754453217977068,2.0586691890055624
111.4233811442287,0.5754453217977068,2.0586691890055624
111.4233811442287,0.5754453217977068,2.0586691890055624
111.4233811442287,0.5754453217977068,2.0586691890055624
111.4233811442287,0.5754453217977068,2.0586691890055624
111.62561866466498,0.5443194381210248,2.1530265771231902
111.62561866466498,0.5443194381210248,2.1530265771231902
111.62561866466498,0.5443194381210248,2.1530265771231902
111.62561866466498,0.5443194381210248,2.1530265771231902
111.62561866466498,0.5443194381210248,2.1530265771231902
111.62561866466498,0.5443194381210248,2.1530265771231902
111.62561866466498,0.5443194381210248,2.1530265771231902
111.62561866466498,0.5443194381210248,2.1530265771231902
111.62561866466498,0.5443194381210248,2.1530265771231902
111.62561866466498,0.5443194381210248,2.1530265771231902
111.62561866466498,0.5443194381210248,2.1530265771231902
111.62561866466498,0.5443194381210248,2.1530265771231902
111.62561866466498,0.5443194381210248,2.1530265771231902
111.62561866466498,0.5443194381210248,2.1530265771231902
111.62561866466498,0.5443194381210248,2.1530265771231902
111.62561866466498,0.5443194381210248,2.1530265771231902
111.62561866466498,0.5443194381210248,2.1530265771231902
111.67364743392753,0.3999094960216225,2.2183359497956707
111.67364743392753,0.3999094960216225,2.2183359497956707
111.67364743392753,0.3999094960216225,2.2183359497956707
111.67364743392753,0.3999094960216225,2.2183359497956707
111.60931434397456,0.3585967140367211,2.1639149399343762
111.60931434397456,0.3585967140367211,2.1639149399343762
111.60931434397456,0.3585967140367211,2.1639149399343762
111.60931434397456,0.3585967140367211,2.1639149399343762
111.60931434397456,0.3585967140367211,2.1639149399343762
111.60931434397456,0.3585967140367211,2.1639149399343762
111.60931434397456,0.3585967140367211,2.1639149399343762
111.60931434397456,0.3585967140367211,2.1639149399343762
111.60931434397456,0.3585967140367211,2.1639149399343762
111.60931434397456,0.3585967140367211,2.1639149399343762
111.60931434397456,0.3585967140367211,2.1639149399343762
111.60931434397456,0.3585967140367211,2.1639149399343762
111.66569752956163,0.0849892337230923,2.2552417985069373
111.66569752956163,0.0849892337230923,2.2552417985069373
111.66569752956163,0.0849892337230923,2.2552417985069373
111.66569752956163,0.0849892337230923,2.2552417985069373
111.66569752956163,0.0849892337230923,2.2552417985069373
111.66569752956163,0.0849892337230923,2.2552417985069373
111.66569752956163,0.0849892337230923,2.2552417985069373
111.66569752956163,0.0849892337230923,2.2552417985069373
111.66569752956163,0.0849892337230923,2.2552417985069373
111.66569752956163,0.0849892337230923,2.2552417985069373
111.66569752956163,0.0849892337230923,2.2552417985069373
111.66569752956163,0.0849892337230923,2.2552417985069373
111.66569752956163,0.0849892337230923,2.2552417985069373
111.66569752956163,0.0849892337230923,2.2552417985069373
111.66569752956163,0.0849892337230923,2.2552417985069373
111.66569752956163,0.0849892337230923,2.2552417985069373
111.66569752956163,0.0849892337230923,2.2552417985069373
19.698878713361058,1.388847791237515,2.376417730538714
21.816569695406283,1.172208682347248,2.231795574509163
21.816569695406283,1.172208682347248,2.231795574509163
21.816569695406283,1.172208682347248,2.231795574509163
21.816569695406283,1.172208682347248,2.231795574509163
21.816569695406283,1.172208682347248,2.231795574509163
21.816569695406283,1.172208682347248,2.231795574509163
22.29800645228858,1.2560903936131271,2.2651293326884465
22.29800645228858,1.2560903936131271,2.2651293326884465
22.29800645228858,1.2560903936131271,2.2651293326884465
23.166708832956076,1.177493919743246,2.6011622537340453
23.166708832956076,1.177493919743246,2.6011622537340453
23.166708832956076,1.177493919743246,2.6011622537340453
23.170619962206015,1.0864081390743543,2.588480903128225
23.170619962206015,1.0864081390743543,2.588480903128225
23.170619962206015,1.0864081390743543,2.588480903128225
23.170619962206015,1.0864081390743543,2.588480903128225
23.170619962206015,1.0864081390743543,2.588480903128225
23.170619962206015,1.0864081390743543,2.588480903128225
23.15855203997955,0.8511111882103969,2.58709319285655
23.15855203997955,0.8511111882103969,2.58709319285655
23.15855203997955,0.8511111882103969,2.58709319285655
23.15855203997955,0.8511111882103969,2.58709319285655
23.15855203997955,0.8511111882103969,2.58709319285655
23.15855203997955,0.8511111882103969,2.58709319285655
23.15855203997955,0.8511111882103969,2.58709319285655
23.15855203997955,0.8511111882103969,2.58709319285655
23.15855203997955,0.8511111882103969,2.58709319285655
23.15855203997955,0.8511111882103969,2.58709319285655
23.15855203997955,0.8511111882103969,2.58709319285655
23.15855203997955,0.8511111882103969,2.58709319285655
23.15855203997955,0.8511111882103969,2.58709319285655
23.15855203997955,0.8511111882103969,2.58709319285655
23.176555749968646,0.6335183040557011,2.8145091089666194
23.176555749968646,0.6335183040557011,2.8145091089666194
23.176555749968646,0.6335183040557011,2.8145091089666194
23.175642145245455,0.5258976178691648,2.8184494353895215
23.175642145245455,0.5258976178691648,2.8184494353895215
23.175642145245455,0.5258976178691648,2.8184494353895215
23.175642145245455,0.5258976178691648,2.8184494353895215
23.175642145245455,0.5258976178691648,2.8184494353895215
23.313515409909463,0.38870215511611994,2.7843229481005576
23.39887047621358,0.20401107991869416,2.7774372594383863
23.39887047621358,0.20401107991869416,2.7774372594383863
23.39887047621358,0.20401107991869416,2.7774372594383863
23.39887047621358,0.20401107991869416,2.7774372594383863
23.39887047621358,0.20401107991869416,2.7774372594383863
23.39887047621358,0.20401107991869416,2.7774372594383863
23.39887047621358,0.20401107991869416,2.7774372594383863
23.40947281017401,0.15301685032651907,2.951255685405039
23.40947281017401,0.15301685032651907,2.951255685405039
23.40947281017401,0.15301685032651907,2.951255685405039
23.40947281017401,0.15301685032651907,2.951255685405039
23.40947281017401,0.15301685032651907,2.951255685405039
23.40947281017401,0.15301685032651907,2.951255685405039
23.40947281017401,0.15301685032651907,2.951255685405039
23.40947281017401,0.15301685032651907,2.951255685405039
23.40947281017401,0.15301685032651907,2.951255685405039
23.40947281017401,0.15301685032651907,2.951255685405039
23.447331888344443,0.19586244302237926,2.972151983945319
23.447331888344443,0.19586244302237926,2.972151983945319
23.435471946890207,0.19598120549024053,2.9724889246130672
23.435471946890207,0.19598120549024053,2.9724889246130672
23.435471946890207,0.19598120549024053,2.9724889246130672
23.435471946890207,0.19598120549024053,2.9724889246130672
23.435471946890207,0.19598120549024053,2.9724889246130672
23.435471946890207,0.19598120549024053,2.9724889246130672
23.435471946890207,0.19598120549024053,2.9724889246130672
23.435471946890207,0.19598120549024053,2.9724889246130672
23.435471946890207,0.19598120549024053,2.9724889246130672
23.381072216284625,0.22562453274272776,2.9720476772409246
23.381072216284625,0.22562453274272776,2.9720476772409246
23.381072216284625,0.22562453274272776,2.9720476772409246
23.381072216284625,0.22562453274272776,2.9720476772409246
23.381072216284625,0.22562453274272776,2.9720476772409246
23.381072216284625,0.22562453274272776,2.9720476772409246
23.381072216284625,0.22562453274272776,2.9720476772409246
23.381072216284625,0.22562453274272776,2.9720476772409246
23.381072216284625,0.22562453274272776,2.9720476772409246
23.381072216284625,0.22562453274272776,2.9720476772409246
23.381072216284625,0.22562453274272776,2.9720476772409246
23.381072216284625,0.22562453274272776,2.9720476772409246
23.381072216284625,0.22562453274272776,2.9720476772409246
23.381072216284625,0.22562453274272776,2.9720476772409246
23.381072216284625,0.22562453274272776,2.9720476772409246
23.381072216284625,0.22562453274272776,2.9720476772409246
23.381072216284625,0.22562453274272776,2.9720476772409246
23.381072216284625,0.22562453274272776,2.9720476772409246
23.381072216284625,0.22562453274272776,2.9720476772409246
23.381072216284625,0.22562453274272776,2.9720476772409246
23.381072216284625,0.22562453274272776,2.9720476772409246
23.381072216284625,0.22562453274272776,2.9720476772409246
23.381072216284625,0.22562453274272776,2.9720476772409246
23.381072216284625,0.22562453274272776,2.9720476772409246
23.381072216284625,0.22562453274272776,2.9720476772409246
23.381072216284625,0.22562453274272776,2.9720476772409246
23.381072216284625,0.22562453274272776,2.9720476772409246
23.381072216284625,0.22562453274272776,2.9720476772409246
23.381072216284625,0.22562453274272776,2.9720476772409246
23.381072216284625,0.22562453274272776,2.9720476772409246
23.381072216284625,0.22562453274272776,2.9720476772409246
23.381072216284625,0.22562453274272776,2.9720476772409246
23.381072216284625,0.22562453274272776,2.9720476772409246
23.381072216284625,0.22562453274272776,2.9720476772409246
23.381072216284625,0.22562453274272776,2.9720476772409246
23.381072216284625,0.22562453274272776,2.9720476772409246
23.381072216284625,0.22562453274272776,2.9720476772409246
23.381072216284625,0.22562453274272776,2.9720476772409246
23.307187454918065,0.23403402538369314,2.9877434893252865
23.307187454918065,0.23403402538369314,2.9877434893252865
23.307187454918065,0.23403402538369314,2.9877434893252865
23.32284263564035,0.33894785244687176,3.0369198830813415
23.32284263564035,0.33894785244687176,3.0369198830813415
23.32284263564035,0.33894785244687176,3.0369198830813415
23.32284263564035,0.33894785244687176,3.0369198830813415
23.32284263564035,0.33894785244687176,3.0369198830813415
23.32284263564035,0.33894785244687176,3.0369198830813415
23.32284263564035,0.33894785244687176,3.0369198830813415
23.32284263564035,0.33894785244687176,3.0369198830813415
23.32284263564035,0.33894785244687176,3.0369198830813415
86.01046595816743,1.7131636481752985,1.7105985210720198
86.01046595816743,1.7131636481752985,1.7105985210720198
86.01046595816743,1.7131636481752985,1.7105985210720198
86.01046595816743,1.7131636481752985,1.7105985210720198
86.01046595816743,1.7131636481752985,1.7105985210720198
86.01046595816743,1.7131636481752985,1.7105985210720198
86.01046595816743,1.7131636481752985,1.7105985210720198
86.01046595816743,1.7131636481752985,1.7105985210720198
86.01046595816743,1.7131636481752985,1.7105985210720198
71.79013630091626,1.547225320717645,2.004605852263787
71.79013630091626,1.547225320717645,2.004605852263787
64.35643426015216,1.7537834970342945,2.0428522432556098
64.35643426015216,1.7537834970342945,2.0428522432556098
64.35643426015216,1.7537834970342945,2.0428522432556098
80.18338280812794,1.337579275140964,2.3788160282419626
80.18338280812794,1.337579275140964,2.3788160282419626
80.18338280812794,1.337579275140964,2.3788160282419626
56.17848580784438,0.9753313760394573,2.6324109742083692
78.1501861410216,0.7258001506219025,2.46074640946071
86.54481019710627,0.5644680204331507,2.440603898263036
86.54481019710627,0.5644680204331507,2.440603898263036
86.54481019710627,0.5644680204331507,2.440603898263036
86.54481019710627,0.5644680204331507,2.440603898263036
86.54481019710627,0.5644680204331507,2.440603898263036
86.54481019710627,0.5644680204331507,2.440603898263036
107.77024645624412,0.4187948528178006,2.4619066968788466
107.77024645624412,0.4187948528178006,2.4619066968788466
86.36669444017966,0.32746845721985846,2.615487673316024
86.36669444017966,0.32746845721985846,2.615487673316024
86.36669444017966,0.32746845721985846,2.615487673316024
86.36669444017966,0.32746845721985846,2.615487673316024
86.36669444017966,0.32746845721985846,2.615487673316024
66.445365396086,0.4334755376850893,2.761140217710466
66.445365396086,0.4334755376850893,2.761140217710466
66.445365396086,0.4334755376850893,2.761140217710466
66.445365396086,0.4334755376850893,2.761140217710466
66.445365396086,0.4334755376850893,2.761140217710466
66.445365396086,0.4334755376850893,2.761140217710466
66.445365396086,0.4334755376850893,2.761140217710466
66.445365396086,0.4334755376850893,2.761140217710466
42.19299407579915,0.4896753543828751,3.2450302306001055
12.748537176683072,0.5579067474554353,3.832514169398433
12.748537176683072,0.5579067474554353,3.832514169398433
12.748537176683072,0.5579067474554353,3.832514169398433
12.748537176683072,0.5579067474554353,3.832514169398433
12.71119689588563,0.57550326270001,3.5610030286048913
12.71119689588563,0.57550326270001,3.5610030286048913
12.71119689588563,0.57550326270001,3.5610030286048913
12.71119689588563,0.57550326270001,3.5610030286048913
12.70705872547892,0.5751544279330119,3.5633299168206776
12.70705872547892,0.5751544279330119,3.5633299168206776
12.70705872547892,0.5751544279330119,3.5633299168206776
12.70705872547892,0.5751544279330119,3.5633299168206776
12.70705872547892,0.5751544279330119,3.5633299168206776
12.70705872547892,0.5751544279330119,3.5633299168206776
12.70705872547892,0.5751544279330119,3.5633299168206776
12.37038416341293,0.5784820716664132,3.4046415590274317
12.37038416341293,0.5784820716664132,3.4046415590274317
12.37038416341293,0.5784820716664132,3.4046415590274317
12.584222058630246,0.4996195790916613,3.3894074956503784
12.584222058630246,0.4996195790916613,3.3894074956503784
12.56815453033676,0.5002628192743646,3.3861489432968392
12.56815453033676,0.5002628192743646,3.3861489432968392
12.56815453033676,0.5002628192743646,3.3861489432968392
12.56815453033676,0.5002628192743646,3.3861489432968392
12.56815453033676,0.5002628192743646,3.3861489432968392
12.50245396295672,0.5071513545424535,3.369377749521284
12.50245396295672,0.5071513545424535,3.369377749521284
12.50245396295672,0.5071513545424535,3.369377749521284
12.50245396295672,0.5071513545424535,3.369377749521284
11.674755094379453,0.7288103940946564,3.564140731601585
11.415511591205494,0.7309986139469449,3.5787401749034378
11.415511591205494,0.7309986139469449,3.5787401749034378
11.415511591205494,0.7309986139469449,3.5787401749034378
11.415511591205494,0.7309986139469449,3.5787401749034378
11.415511591205494,0.7309986139469449,3.5787401749034378
11.415511591205494,0.7309986139469449,3.5787401749034378
11.426288825197863,0.7310503438362319,3.578177732238904
11.426288825197863,0.7310503438362319,3.578177732238904
11.498439336367936,0.7064511909948594,3.560698164951055
11.498439336367936,0.7064511909948594,3.560698164951055
11.498439336367936,0.7064511909948594,3.560698164951055
11.498439336367936,0.7064511909948594,3.560698164951055
11.3536957357699,0.7131691395037694,3.567969331600976
11.3536957357699,0.7131691395037694,3.567969331600976
11.3536957357699,0.7131691395037694,3.567969331600976
11.3536957357699,0.7131691395037694,3.567969331600976
11.3536957357699,0.7131691395037694,3.567969331600976
11.336485930255735,0.7425814096468522,3.6031995904877996
11.336485930255735,0.7425814096468522,3.6031995904877996
11.336485930255735,0.7425814096468522,3.6031995904877996
11.336485930255735,0.7425814096468522,3.6031995904877996
11.336485930255735,0.7425814096468522,3.6031995904877996
11.336485930255735,0.7425814096468522,3.6031995904877996
11.336485930255735,0.7425814096468522,3.6031995904877996
11.336485930255735,0.7425814096468522,3.6031995904877996
11.344241501065039,0.726584700521932,3.583534217247017
11.344241501065039,0.726584700521932,3.583534217247017
11.344241501065039,0.726584700521932,3.583534217247017
11.344241501065039,0.726584700521932,3.583534217247017
11.344241501065039,0.726584700521932,3.583534217247017
11.344241501065039,0.726584700521932,3.583534217247017
11.344241501065039,0.726584700521932,3.583534217247017
11.344241501065039,0.726584700521932,3.583534217247017
11.344241501065039,0.726584700521932,3.583534217247017
11.344241501065039,0.726584700521932,3.583534217247017
11.344241501065039,0.726584700521932,3.583534217247017
11.344241501065039,0.726584700521932,3.583534217247017
11.344241501065039,0.726584700521932,3.583534217247017
11.344241501065039,0.726584700521932,3.583534217247017
11.344241501065039,0.726584700521932,3.583534217247017
11.344241501065039,0.726584700521932,3.583534217247017
11.344241501065039,0.726584700521932,3.583534217247017
11.344241501065039,0.726584700521932,3.583534217247017
11.344241501065039,0.726584700521932,3.583534217247017
11.344241501065039,0.726584700521932,3.583534217247017
11.344241501065039,0.726584700521932,3.583534217247017
11.344241501065039,0.726584700521932,3.583534217247017
11.344241501065039,0.726584700521932,3.583534217247017
11.344241501065039,0.726584700521932,3.583534217247017
10.053393153323647,1.5138311991455797,3.178291911807607
22.767559514682247,1.4314874697440083,3.020521153539084
22.767559514682247,1.4314874697440083,3.020521153539084
22.767559514682247,1.4314874697440083,3.020521153539084
22.767559514682247,1.4314874697440083,3.020521153539084
22.767559514682247,1.4314874697440083,3.020521153539084
22.767559514682247,1.4314874697440083,3.020521153539084
22.767559514682247,1.4314874697440083,3.020521153539084
22.767559514682247,1.4314874697440083,3.020521153539084
22.767559514682247,1.4314874697440083,3.020521153539084
22.767559514682247,1.4314874697440083,3.020521153539084
22.767559514682247,1.4314874697440083,3.020521153539084
22.767559514682247,1.4314874697440083,3.020521153539084
22.767559514682247,1.4314874697440083,3.020521153539084
22.767559514682247,1.4314874697440083,3.020521153539084
22.767559514682247,1.4314874697440083,3.020521153539084
22.767559514682247,1.4314874697440083,3.020521153539084
22.767559514682247,1.4314874697440083,3.020521153539084
22.767559514682247,1.4314874697440083,3.020521153539084
22.767559514682247,1.4314874697440083,3.020521153539084
22.819729395669743,1.4056717522134716,3.016824232008453
22.819729395669743,1.4056717522134716,3.016824232008453
22.819729395669743,1.4056717522134716,3.016824232008453
22.819729395669743,1.4056717522134716,3.016824232008453
22.819729395669743,1.4056717522134716,3.016824232008453
22.819729395669743,1.4056717522134716,3.016824232008453
22.898287481291476,1.4778118103396376,3.0779870869968065
22.898287481291476,1.4778118103396376,3.0779870869968065
22.898287481291476,1.4778118103396376,3.0779870869968065
22.898287481291476,1.4778118103396376,3.0779870869968065
22.898287481291476,1.4778118103396376,3.0779870869968065
22.898287481291476,1.4778118103396376,3.0779870869968065
22.898287481291476,1.4778118103396376,3.0779870869968065
22.854219950259996,1.3733762468074788,3.04332925403911
22.854219950259996,1.3733762468074788,3.04332925403911
22.854219950259996,1.3733762468074788,3.04332925403911
22.854219950259996,1.3733762468074788,3.04332925403911
22.854219950259996,1.3733762468074788,3.04332925403911
22.854219950259996,1.3733762468074788,3.04332925403911
22.854219950259996,1.3733762468074788,3.04332925403911
23.09396753236944,0.8197570158605648,3.172806015239331
23.09396753236944,0.8197570158605648,3.172806015239331
23.09396753236944,0.8197570158605648,3.172806015239331
23.09396753236944,0.8197570158605648,3.172806015239331
23.09396753236944,0.8197570158605648,3.172806015239331
23.09396753236944,0.8197570158605648,3.172806015239331
23.13362569312743,0.660141955078217,3.1100749206038167
23.13362569312743,0.660141955078217,3.1100749206038167
23.13362569312743,0.660141955078217,3.1100749206038167
23.356872196381406,0.5640021411154179,3.161952423702326
23.356872196381406,0.5640021411154179,3.161952423702326
22.58487262990467,0.5249139920418175,3.153201358684317
22.58487262990467,0.5249139920418175,3.153201358684317
22.58487262990467,0.5249139920418175,3.153201358684317
22.58487262990467,0.5249139920418175,3.153201358684317
22.58487262990467,0.5249139920418175,3.153201358684317
22.58487262990467,0.5249139920418175,3.153201358684317
22.58487262990467,0.5249139920418175,3.153201358684317
22.58487262990467,0.5249139920418175,3.153201358684317
22.58487262990467,0.5249139920418175,3.153201358684317
22.58487262990467,0.5249139920418175,3.153201358684317
22.58487262990467,0.5249139920418175,3.153201358684317
22.58487262990467,0.5249139920418175,3.153201358684317
22.58487262990467,0.5249139920418175,3.153201358684317
22.58487262990467,0.5249139920418175,3.153201358684317
22.58487262990467,0.5249139920418175,3.153201358684317
22.58487262990467,0.5249139920418175,3.153201358684317
22.58487262990467,0.5249139920418175,3.153201358684317
22.577720464254256,0.5114285023088532,3.157681433915803
22.567558314263163,0.4735667382828525,3.1707333803553004
22.565387136135854,0.477223929818436,3.1674924467931183
22.565387136135854,0.477223929818436,3.1674924467931183
22.565387136135854,0.477223929818436,3.1674924467931183
22.565387136135854,0.477223929818436,3.1674924467931183
22.565387136135854,0.477223929818436,3.1674924467931183
22.565387136135854,0.477223929818436,3.1674924467931183
22.565387136135854,0.477223929818436,3.1674924467931183
22.565387136135854,0.477223929818436,3.1674924467931183
22.53383606646115,0.4158647747934571,3.187611866058635
22.51126303463891,0.061336923689990774,3.3706784942445447
22.51126303463891,0.061336923689990774,3.3706784942445447
22.51126303463891,0.061336923689990774,3.3706784942445447
22.51126303463891,0.061336923689990774,3.3706784942445447
22.553072311108213,0.18597968510877483,3.3046386396306167
22.553072311108213,0.18597968510877483,3.3046386396306167
22.531638725901857,0.11109313318427261,3.34797406367226
22.531638725901857,0.11109313318427261,3.34797406367226
22.52674734601635,0.1579315922440281,3.2911151013105506
22.52674734601635,0.1579315922440281,3.2911151013105506
22.52674734601635,0.1579315922440281,3.2911151013105506
22.52674734601635,0.1579315922440281,3.2911151013105506
22.52674734601635,0.1579315922440281,3.2911151013105506
22.52674734601635,0.1579315922440281,3.2911151013105506
22.52674734601635,0.1579315922440281,3.2911151013105506
22.52674734601635,0.1579315922440281,3.2911151013105506
22.52674734601635,0.1579315922440281,3.2911151013105506
22.52674734601635,0.1579315922440281,3.2911151013105506
22.52674734601635,0.1579315922440281,3.2911151013105506
22.52674734601635,0.1579315922440281,3.2911151013105506
22.52674734601635,0.1579315922440281,3.2911151013105506
22.52674734601635,0.1579315922440281,3.2911151013105506
22.52674734601635,0.1579315922440281,3.2911151013105506
22.45628323206257,0.15707271524527827,3.291245234684207
22.45628323206257,0.15707271524527827,3.291245234684207
22.45628323206257,0.15707271524527827,3.291245234684207
22.45628323206257,0.15707271524527827,3.291245234684207
22.45628323206257,0.15707271524527827,3.291245234684207
22.45628323206257,0.15707271524527827,3.291245234684207
22.45628323206257,0.15707271524527827,3.291245234684207
22.45628323206257,0.15707271524527827,3.291245234684207
22.45628323206257,0.15707271524527827,3.291245234684207
22.446678802943644,0.1520596741328041,3.29496358370262
22.487847077085906,0.1735474948298258,3.2790253108650433
22.50444091050406,0.12840088555523144,3.15529369325728
22.50444091050406,0.12840088555523144,3.15529369325728
22.50444091050406,0.12840088555523144,3.15529369325728
22.50444091050406,0.12840088555523144,3.15529369325728
22.50444091050406,0.12840088555523144,3.15529369325728
22.50444091050406,0.12840088555523144,3.15529369325728
22.50444091050406,0.12840088555523144,3.15529369325728
115.67388653495034,0.6299896139940248,1.951465277917329
115.67388653495034,0.6299896139940248,1.951465277917329
115.67388653495034,0.6299896139940248,1.951465277917329
116.6549852744753,0.575090880855484,1.9824617748613884
116.6549852744753,0.575090880855484,1.9824617748613884
116.6549852744753,0.575090880855484,1.9824617748613884
116.6549852744753,0.575090880855484,1.9824617748613884
116.6549852744753,0.575090880855484,1.9824617748613884
115.73628782192417,0.6374851532494414,1.964996804946887
115.73628782192417,0.6374851532494414,1.964996804946887
115.63136310147326,0.4922923260303145,1.8768303174057654
115.63007712415299,0.49051281513843364,1.8757497321738137
112.77349778019386,0.8297506393706839,1.8518692617981969
112.77349778019386,0.8297506393706839,1.8518692617981969
112.77349778019386,0.8297506393706839,1.8518692617981969
112.77349778019386,0.8297506393706839,1.8518692617981969
112.77349778019386,0.8297506393706839,1.8518692617981969
112.77349778019386,0.8297506393706839,1.8518692617981969
112.77349778019386,0.8297506393706839,1.8518692617981969
112.77349778019386,0.8297506393706839,1.8518692617981969
108.26909512339762,0.8196171633298703,2.205035067066313
108.26909512339762,0.8196171633298703,2.205035067066313
108.26909512339762,0.8196171633298703,2.205035067066313
108.26909512339762,0.8196171633298703,2.205035067066313
108.26909512339762,0.8196171633298703,2.205035067066313
108.26909512339762,0.8196171633298703,2.205035067066313
108.26909512339762,0.8196171633298703,2.205035067066313
105.47829354917079,0.9667460364591052,2.64006518913175
105.09638095311342,0.9868801693944953,2.699597720865823
108.43857119050354,0.9480391877400314,2.7326977545401103
108.43857119050354,0.9480391877400314,2.7326977545401103
108.43857119050354,0.9480391877400314,2.7326977545401103
108.43857119050354,0.9480391877400314,2.7326977545401103
108.43857119050354,0.9480391877400314,2.7326977545401103
108.43857119050354,0.9480391877400314,2.7326977545401103
108.43857119050354,0.9480391877400314,2.7326977545401103
108.43857119050354,0.9480391877400314,2.7326977545401103
108.43857119050354,0.9480391877400314,2.7326977545401103
108.43857119050354,0.9480391877400314,2.7326977545401103
108.43857119050354,0.9480391877400314,2.7326977545401103
108.43857119050354,0.9480391877400314,2.7326977545401103
108.43857119050354,0.9480391877400314,2.7326977545401103
108.43857119050354,0.9480391877400314,2.7326977545401103
108.43857119050354,0.9480391877400314,2.7326977545401103
108.43857119050354,0.9480391877400314,2.7326977545401103
108.43857119050354,0.9480391877400314,2.7326977545401103
108.43857119050354,0.9480391877400314,2.7326977545401103
108.43857119050354,0.9480391877400314,2.7326977545401103
108.43857119050354,0.9480391877400314,2.7326977545401103
108.43857119050354,0.9480391877400314,2.7326977545401103
108.43857119050354,0.9480391877400314,2.7326977545401103
108.43857119050354,0.9480391877400314,2.7326977545401103
108.43857119050354,0.9480391877400314,2.7326977545401103
108.43857119050354,0.9480391877400314,2.7326977545401103
108.43857119050354,0.9480391877400314,2.7326977545401103
108.43857119050354,0.9480391877400314,2.7326977545401103
108.43857119050354,0.9480391877400314,2.7326977545401103
108.43857119050354,0.9480391877400314,2.7326977545401103
108.43857119050354,0.9480391877400314,2.7326977545401103
108.43857119050354,0.9480391877400314,2.7326977545401103
108.43857119050354,0.9480391877400314,2.7326977545401103
108.43857119050354,0.9480391877400314,2.7326977545401103
108.43857119050354,0.9480391877400314,2.7326977545401103
108.43857119050354,0.9480391877400314,2.7326977545401103
108.43857119050354,0.9480391877400314,2.7326977545401103
108.43857119050354,0.9480391877400314,2.7326977545401103
108.43857119050354,0.9480391877400314,2.7326977545401103
108.43857119050354,0.9480391877400314,2.7326977545401103
108.43857119050354,0.9480391877400314,2.7326977545401103
108.43857119050354,0.9480391877400314,2.7326977545401103
108.43857119050354,0.9480391877400314,2.7326977545401103
108.43857119050354,0.9480391877400314,2.7326977545401103
108.43857119050354,0.9480391877400314,2.7326977545401103
108.43857119050354,0.9480391877400314,2.7326977545401103
108.43857119050354,0.9480391877400314,2.7326977545401103
108.43857119050354,0.9480391877400314,2.7326977545401103
108.43857119050354,0.9480391877400314,2.7326977545401103
108.43857119050354,0.9480391877400314,2.7326977545401103
108.43857119050354,0.9480391877400314,2.7326977545401103
108.43857119050354,0.9480391877400314,2.7326977545401103
108.43857119050354,0.9480391877400314,2.7326977545401103
108.43857119050354,0.9480391877400314,2.7326977545401103
108.43857119050354,0.9480391877400314,2.7326977545401103
108.43857119050354,0.9480391877400314,2.7326977545401103
108.43857119050354,0.9480391877400314,2.7326977545401103
108.43857119050354,0.9480391877400314,2.7326977545401103
108.43857119050354,0.9480391877400314,2.7326977545401103
108.43857119050354,0.9480391877400314,2.7326977545401103
108.43857119050354,0.9480391877400314,2.7326977545401103
108.43857119050354,0.9480391877400314,2.7326977545401103
108.43857119050354,0.9480391877400314,2.7326977545401103
108.43857119050354,0.9480391877400314,2.7326977545401103
108.43857119050354,0.9480391877400314,2.7326977545401103
108.43857119050354,0.9480391877400314,2.7326977545401103
108.43857119050354,0.9480391877400314,2.7326977545401103
108.43857119050354,0.9480391877400314,2.7326977545401103
108.43857119050354,0.9480391877400314,2.7326977545401103
108.43857119050354,0.9480391877400314,2.7326977545401103
108.43857119050354,0.9480391877400314,2.7326977545401103
108.43857119050354,0.9480391877400314,2.7326977545401103
108.43857119050354,0.9480391877400314,2.7326977545401103
108.43857119050354,0.9480391877400314,2.7326977545401103
108.43857119050354,0.9480391877400314,2.7326977545401103
108.43857119050354,0.9480391877400314,2.7326977545401103
108.43857119050354,0.9480391877400314,2.7326977545401103
108.43857119050354,0.9480391877400314,2.7326977545401103
108.43857119050354,0.9480391877400314,2.7326977545401103
108.43857119050354,0.9480391877400314,2.7326977545401103
108.43857119050354,0.9480391877400314,2.7326977545401103
108.43857119050354,0.9480391877400314,2.7326977545401103
108.43857119050354,0.9480391877400314,2.7326977545401103
108.43857119050354,0.9480391877400314,2.7326977545401103
108.43857119050354,0.9480391877400314,2.7326977545401103
108.43857119050354,0.9480391877400314,2.7326977545401103
108.43857119050354,0.9480391877400314,2.7326977545401103
108.43857119050354,0.9480391877400314,2.7326977545401103
108.43857119050354,0.9480391877400314,2.7326977545401103
108.43857119050354,0.9480391877400314,2.7326977545401103
108.43857119050354,0.9480391877400314,2.7326977545401103
108.43857119050354,0.9480391877400314,2.7326977545401103
21.681637947880414,1.0867545775750433,2.1702719013996647
21.681637947880414,1.0867545775750433,2.1702719013996647
22.650949176960026,0.8205375807670906,2.5683076483914493
22.650949176960026,0.8205375807670906,2.5683076483914493
22.650949176960026,0.8205375807670906,2.5683076483914493
22.650949176960026,0.8205375807670906,2.5683076483914493
22.650949176960026,0.8205375807670906,2.5683076483914493
23.26638850600403,0.900411285175244,2.548961656776978
23.26638850600403,0.900411285175244,2.548961656776978
23.26638850600403,0.900411285175244,2.548961656776978
23.26638850600403,0.900411285175244,2.548961656776978
23.26638850600403,0.900411285175244,2.548961656776978
23.26638850600403,0.900411285175244,2.548961656776978
23.26638850600403,0.900411285175244,2.548961656776978
23.26638850600403,0.900411285175244,2.548961656776978
23.26638850600403,0.900411285175244,2.548961656776978
23.26638850600403,0.900411285175244,2.548961656776978
23.238330045891605,0.9274818847624542,2.6113947917170446
22.53373786062057,0.8191553522114786,2.736034815852483
22.64419644295751,0.8398452158388234,2.7260444016369667
22.64419644295751,0.8398452158388234,2.7260444016369667
22.520613962476425,0.638068988079111,2.8031524018358276
22.521758860117274,0.6463997597110692,2.805153507269438
22.521758860117274,0.6463997597110692,2.805153507269438
22.521758860117274,0.6463997597110692,2.805153507269438
22.46937207850075,0.6303483068718315,2.830292938938013
22.46937207850075,0.6303483068718315,2.830292938938013
22.46937207850075,0.6303483068718315,2.830292938938013
22.46937207850075,0.6303483068718315,2.830292938938013
22.46937207850075,0.6303483068718315,2.830292938938013
22.46937207850075,0.6303483068718315,2.830292938938013
22.46937207850075,0.6303483068718315,2.830292938938013
22.43986548948802,0.5637512332277546,2.8192737168031066
22.43986548948802,0.5637512332277546,2.8192737168031066
22.43986548948802,0.5637512332277546,2.8192737168031066
22.548817064271972,0.53075858146827,2.8635060825584446
22.548817064271972,0.53075858146827,2.8635060825584446
22.50235469233094,0.467653961991176,2.8451057727547795
22.50235469233094,0.467653961991176,2.8451057727547795
23.363995084228897,0.43829239547022825,2.822538394240534
23.363995084228897,0.43829239547022825,2.822538394240534
23.363995084228897,0.43829239547022825,2.822538394240534
23.363995084228897,0.43829239547022825,2.822538394240534
23.363995084228897,0.43829239547022825,2.822538394240534
23.363995084228897,0.43829239547022825,2.822538394240534
23.363995084228897,0.43829239547022825,2.822538394240534
23.363995084228897,0.43829239547022825,2.822538394240534
23.363995084228897,0.43829239547022825,2.822538394240534
23.363995084228897,0.43829239547022825,2.822538394240534
23.363995084228897,0.43829239547022825,2.822538394240534
23.363995084228897,0.43829239547022825,2.822538394240534
23.363995084228897,0.43829239547022825,2.822538394240534
23.363995084228897,0.43829239547022825,2.822538394240534
23.363995084228897,0.43829239547022825,2.822538394240534
23.30270069806014,0.4231001501436848,2.841304387852584
23.30270069806014,0.4231001501436848,2.841304387852584
23.30270069806014,0.4231001501436848,2.841304387852584
23.307254660791923,0.3328020718285163,2.9738978855182303
23.307254660791923,0.3328020718285163,2.9738978855182303
23.307254660791923,0.3328020718285163,2.9738978855182303
23.307254660791923,0.3328020718285163,2.9738978855182303
23.307254660791923,0.3328020718285163,2.9738978855182303
23.307254660791923,0.3328020718285163,2.9738978855182303
23.307254660791923,0.3328020718285163,2.9738978855182303
23.307254660791923,0.3328020718285163,2.9738978855182303
23.307254660791923,0.3328020718285163,2.9738978855182303
23.307254660791923,0.3328020718285163,2.9738978855182303
23.307254660791923,0.3328020718285163,2.9738978855182303
23.307254660791923,0.3328020718285163,2.9738978855182303
23.307254660791923,0.3328020718285163,2.9738978855182303
23.307254660791923,0.3328020718285163,2.9738978855182303
23.307254660791923,0.3328020718285163,2.9738978855182303
23.307254660791923,0.3328020718285163,2.9738978855182303
23.307254660791923,0.3328020718285163,2.9738978855182303
23.307254660791923,0.3328020718285163,2.9738978855182303
23.307254660791923,0.3328020718285163,2.9738978855182303
23.307254660791923,0.3328020718285163,2.9738978855182303
23.307254660791923,0.3328020718285163,2.9738978855182303
23.307254660791923,0.3328020718285163,2.9738978855182303
23.307254660791923,0.3328020718285163,2.9738978855182303
23.307254660791923,0.3328020718285163,2.9738978855182303
23.307254660791923,0.3328020718285163,2.9738978855182303
23.307254660791923,0.3328020718285163,2.9738978855182303
23.307254660791923,0.3328020718285163,2.9738978855182303
23.307254660791923,0.3328020718285163,2.9738978855182303
23.307254660791923,0.3328020718285163,2.9738978855182303
23.307254660791923,0.3328020718285163,2.9738978855182303
23.307254660791923,0.3328020718285163,2.9738978855182303
23.307254660791923,0.3328020718285163,2.9738978855182303
23.307254660791923,0.3328020718285163,2.9738978855182303
23.307254660791923,0.3328020718285163,2.9738978855182303
23.307254660791923,0.3328020718285163,2.9738978855182303
23.307254660791923,0.3328020718285163,2.9738978855182303
23.307254660791923,0.3328020718285163,2.9738978855182303
23.307254660791923,0.3328020718285163,2.9738978855182303
23.307254660791923,0.3328020718285163,2.9738978855182303
23.307254660791923,0.3328020718285163,2.9738978855182303
23.307254660791923,0.3328020718285163,2.9738978855182303
23.307254660791923,0.3328020718285163,2.9738978855182303
23.307254660791923,0.3328020718285163,2.9738978855182303
23.307254660791923,0.3328020718285163,2.9738978855182303
23.307254660791923,0.3328020718285163,2.9738978855182303
23.307254660791923,0.3328020718285163,2.9738978855182303
23.307254660791923,0.3328020718285163,2.9738978855182303
23.307254660791923,0.3328020718285163,2.9738978855182303
23.307254660791923,0.3328020718285163,2.9738978855182303
23.307254660791923,0.3328020718285163,2.9738978855182303
23.307254660791923,0.3328020718285163,2.9738978855182303
23.307254660791923,0.3328020718285163,2.9738978855182303
23.307254660791923,0.3328020718285163,2.9738978855182303
23.307254660791923,0.3328020718285163,2.9738978855182303
23.307254660791923,0.3328020718285163,2.9738978855182303
23.29838728503837,0.33027052735101736,2.951749423033318
23.29838728503837,0.33027052735101736,2.951749423033318
23.29838728503837,0.33027052735101736,2.951749423033318
23.29838728503837,0.33027052735101736,2.951749423033318
23.29838728503837,0.33027052735101736,2.951749423033318
23.29838728503837,0.33027052735101736,2.951749423033318
23.29838728503837,0.33027052735101736,2.951749423033318
23.29838728503837,0.33027052735101736,2.951749423033318
109.53795704152927,0.7043559461338359,1.5398980660597148
109.53795704152927,0.7043559461338359,1.5398980660597148
109.53795704152927,0.7043559461338359,1.5398980660597148
109.53795704152927,0.7043559461338359,1.5398980660597148
109.53795704152927,0.7043559461338359,1.5398980660597148
109.53795704152927,0.7043559461338359,1.5398980660597148
109.53795704152927,0.7043559461338359,1.5398980660597148
109.53795704152927,0.7043559461338359,1.5398980660597148
109.53795704152927,0.7043559461338359,1.5398980660597148
109.53795704152927,0.7043559461338359,1.5398980660597148
109.53795704152927,0.7043559461338359,1.5398980660597148
109.53795704152927,0.7043559461338359,1.5398980660597148
109.53795704152927,0.7043559461338359,1.5398980660597148
109.53795704152927,0.7043559461338359,1.5398980660597148
109.53795704152927,0.7043559461338359,1.5398980660597148
109.53795704152927,0.7043559461338359,1.5398980660597148
109.53795704152927,0.7043559461338359,1.5398980660597148
109.53795704152927,0.7043559461338359,1.5398980660597148
105.6151755503575,0.6938662145866121,1.5984325419069196
105.6151755503575,0.6938662145866121,1.5984325419069196
105.6151755503575,0.6938662145866121,1.5984325419069196
105.6151755503575,0.6938662145866121,1.5984325419069196
105.46631813579079,0.6994899169848282,1.5956725232505762
105.46631813579079,0.6994899169848282,1.5956725232505762
105.46631813579079,0.6994899169848282,1.5956725232505762
107.40894686043978,0.7886875343488597,1.712652383675695
107.40894686043978,0.7886875343488597,1.712652383675695
107.40894686043978,0.7886875343488597,1.712652383675695
108.37873215024649,1.0061624521528574,1.76705044405544
108.37873215024649,1.0061624521528574,1.76705044405544
108.37873215024649,1.0061624521528574,1.76705044405544
108.37873215024649,1.0061624521528574,1.76705044405544
108.37873215024649,1.0061624521528574,1.76705044405544
108.37873215024649,1.0061624521528574,1.76705044405544
108.37873215024649,1.0061624521528574,1.76705044405544
108.37873215024649,1.0061624521528574,1.76705044405544
108.37873215024649,1.0061624521528574,1.76705044405544
108.37873215024649,1.0061624521528574,1.76705044405544
108.37873215024649,1.0061624521528574,1.76705044405544
108.37873215024649,1.0061624521528574,1.76705044405544
108.37873215024649,1.0061624521528574,1.76705044405544
108.37873215024649,1.0061624521528574,1.76705044405544
108.37873215024649,1.0061624521528574,1.76705044405544
108.37873215024649,1.0061624521528574,1.76705044405544
108.37873215024649,1.0061624521528574,1.76705044405544
108.37873215024649,1.0061624521528574,1.76705044405544
108.37873215024649,1.0061624521528574,1.76705044405544
108.37873215024649,1.0061624521528574,1.76705044405544
108.37873215024649,1.0061624521528574,1.76705044405544
108.37873215024649,1.0061624521528574,1.76705044405544
108.37873215024649,1.0061624521528574,1.76705044405544
108.37873215024649,1.0061624521528574,1.76705044405544
108.37873215024649,1.0061624521528574,1.76705044405544
108.37873215024649,1.0061624521528574,1.76705044405544
108.37873215024649,1.0061624521528574,1.76705044405544
108.37873215024649,1.0061624521528574,1.76705044405544
108.37873215024649,1.0061624521528574,1.76705044405544
108.37873215024649,1.0061624521528574,1.76705044405544
108.37873215024649,1.0061624521528574,1.76705044405544
108.37873215024649,1.0061624521528574,1.76705044405544
108.37873215024649,1.0061624521528574,1.76705044405544
108.37873215024649,1.0061624521528574,1.76705044405544
108.37873215024649,1.0061624521528574,1.76705044405544
108.37873215024649,1.0061624521528574,1.76705044405544
108.37873215024649,1.0061624521528574,1.76705044405544
108.37873215024649,1.0061624521528574,1.76705044405544
108.37873215024649,1.0061624521528574,1.76705044405544
108.37873215024649,1.0061624521528574,1.76705044405544
108.37873215024649,1.0061624521528574,1.76705044405544
108.37873215024649,1.0061624521528574,1.76705044405544
108.37873215024649,1.0061624521528574,1.76705044405544
108.37873215024649,1.0061624521528574,1.76705044405544
108.37873215024649,1.0061624521528574,1.76705044405544
108.37873215024649,1.0061624521528574,1.76705044405544
108.37873215024649,1.0061624521528574,1.76705044405544
108.37873215024649,1.0061624521528574,1.76705044405544
108.37873215024649,1.0061624521528574,1.76705044405544
108.37873215024649,1.0061624521528574,1.76705044405544
108.37873215024649,1.0061624521528574,1.76705044405544
108.4460789671808,0.9392032217544645,1.8817853090554881
108.4460789671808,0.9392032217544645,1.8817853090554881
108.4460789671808,0.9392032217544645,1.8817853090554881
108.4460789671808,0.9392032217544645,1.8817853090554881
108.4460789671808,0.9392032217544645,1.8817853090554881
108.45717737885185,0.9393366811425222,1.8820636553291945
108.45717737885185,0.9393366811425222,1.8820636553291945
108.45717737885185,0.9393366811425222,1.8820636553291945
108.45717737885185,0.9393366811425222,1.8820636553291945
108.45717737885185,0.9393366811425222,1.8820636553291945
108.45717737885185,0.9393366811425222,1.8820636553291945
108.45717737885185,0.9393366811425222,1.8820636553291945
108.45717737885185,0.9393366811425222,1.8820636553291945
108.45717737885185,0.9393366811425222,1.8820636553291945
108.45717737885185,0.9393366811425222,1.8820636553291945
108.45717737885185,0.9393366811425222,1.8820636553291945
108.45717737885185,0.9393366811425222,1.8820636553291945
108.45717737885185,0.9393366811425222,1.8820636553291945
108.45717737885185,0.9393366811425222,1.8820636553291945
108.45717737885185,0.9393366811425222,1.8820636553291945
108.45717737885185,0.9393366811425222,1.8820636553291945
108.45717737885185,0.9393366811425222,1.8820636553291945
108.45717737885185,0.9393366811425222,1.8820636553291945
108.45717737885185,0.9393366811425222,1.8820636553291945
108.45717737885185,0.9393366811425222,1.8820636553291945
108.45717737885185,0.9393366811425222,1.8820636553291945
108.45717737885185,0.9393366811425222,1.8820636553291945
108.45717737885185,0.9393366811425222,1.8820636553291945
108.45717737885185,0.9393366811425222,1.8820636553291945
108.45717737885185,0.9393366811425222,1.8820636553291945
108.45717737885185,0.9393366811425222,1.8820636553291945
108.45717737885185,0.9393366811425222,1.8820636553291945
108.45717737885185,0.9393366811425222,1.8820636553291945
108.45717737885185,0.9393366811425222,1.8820636553291945
108.45717737885185,0.9393366811425222,1.8820636553291945
108.45717737885185,0.9393366811425222,1.8820636553291945
108.45717737885185,0.9393366811425222,1.8820636553291945
108.45717737885185,0.9393366811425222,1.8820636553291945
108.45717737885185,0.9393366811425222,1.8820636553291945
108.45717737885185,0.9393366811425222,1.8820636553291945
108.45717737885185,0.9393366811425222,1.8820636553291945
22.98742849580185,1.1542922459805234,2.56598578924326
22.98742849580185,1.1542922459805234,2.56598578924326
22.98742849580185,1.1542922459805234,2.56598578924326
22.98742849580185,1.1542922459805234,2.56598578924326
22.98742849580185,1.1542922459805234,2.56598578924326
22.98742849580185,1.1542922459805234,2.56598578924326
22.98742849580185,1.1542922459805234,2.56598578924326
22.9502144685362,1.1778377052567195,2.5905121823141957
22.9502144685362,1.1778377052567195,2.5905121823141957
22.9502144685362,1.1778377052567195,2.5905121823141957
22.653828459812456,1.3653622816381674,2.7858492711702985
22.653828459812456,1.3653622816381674,2.7858492711702985
22.653828459812456,1.3653622816381674,2.7858492711702985
22.75682077304695,1.3819479794771805,2.7555911380085045
22.75682077304695,1.3819479794771805,2.7555911380085045
22.75682077304695,1.3819479794771805,2.7555911380085045
22.75682077304695,1.3819479794771805,2.7555911380085045
22.75682077304695,1.3819479794771805,2.7555911380085045
22.75682077304695,1.3819479794771805,2.7555911380085045
22.786259484507283,1.5291140527413185,2.8915774260459246
22.786259484507283,1.5291140527413185,2.8915774260459246
22.786259484507283,1.5291140527413185,2.8915774260459246
22.59446753427105,1.4137593307864367,3.028105674660733
22.59446753427105,1.4137593307864367,3.028105674660733
22.59446753427105,1.4137593307864367,3.028105674660733
22.59446753427105,1.4137593307864367,3.028105674660733
22.59446753427105,1.4137593307864367,3.028105674660733
22.53580184567048,1.3060810281036779,3.0056211765637264
22.53580184567048,1.3060810281036779,3.0056211765637264
22.430328820412807,1.5182753786357963,3.2139913697735083
22.42180346435644,1.5102643272704364,3.208671416318253
22.42180346435644,1.5102643272704364,3.208671416318253
22.42180346435644,1.5102643272704364,3.208671416318253
22.42180346435644,1.5102643272704364,3.208671416318253
22.42180346435644,1.5102643272704364,3.208671416318253
22.519095550763588,1.238019032221443,3.0476574366997875
22.519095550763588,1.238019032221443,3.0476574366997875
22.519095550763588,1.238019032221443,3.0476574366997875
22.519095550763588,1.238019032221443,3.0476574366997875
22.544236408412083,1.1990117892573684,3.041824823803878
22.544236408412083,1.1990117892573684,3.041824823803878
22.544236408412083,1.1990117892573684,3.041824823803878
22.544236408412083,1.1990117892573684,3.041824823803878
22.544236408412083,1.1990117892573684,3.041824823803878
22.478469897085056,1.096289835736675,2.994954547201006
22.478469897085056,1.096289835736675,2.994954547201006
22.478469897085056,1.096289835736675,2.994954547201006
22.478469897085056,1.096289835736675,2.994954547201006
22.478469897085056,1.096289835736675,2.994954547201006
22.478469897085056,1.096289835736675,2.994954547201006
22.478469897085056,1.096289835736675,2.994954547201006
22.478469897085056,1.096289835736675,2.994954547201006
22.478469897085056,1.096289835736675,2.994954547201006
22.478469897085056,1.096289835736675,2.994954547201006
22.478469897085056,1.096289835736675,2.994954547201006
22.478469897085056,1.096289835736675,2.994954547201006
22.478469897085056,1.096289835736675,2.994954547201006
22.478469897085056,1.096289835736675,2.994954547201006
22.478469897085056,1.096289835736675,2.994954547201006
22.478469897085056,1.096289835736675,2.994954547201006
22.478469897085056,1.096289835736675,2.994954547201006
22.478469897085056,1.096289835736675,2.994954547201006
22.478469897085056,1.096289835736675,2.994954547201006
22.625012190731322,1.0330974561888762,2.9773196330026104
22.625012190731322,1.0330974561888762,2.9773196330026104
22.625012190731322,1.0330974561888762,2.9773196330026104
22.795062648042354,0.8649768784049319,3.0026773703057286
22.801537714696572,0.9461460766482263,3.024261600060432
22.796902661071744,0.9126113030644968,3.0251788419834473
22.796902661071744,0.9126113030644968,3.0251788419834473
22.796902661071744,0.9126113030644968,3.0251788419834473
22.796902661071744,0.9126113030644968,3.0251788419834473
22.796902661071744,0.9126113030644968,3.0251788419834473
22.796902661071744,0.9126113030644968,3.0251788419834473
22.796902661071744,0.9126113030644968,3.0251788419834473
22.796902661071744,0.9126113030644968,3.0251788419834473
22.796902661071744,0.9126113030644968,3.0251788419834473
22.7655215389429,0.7187282766915926,3.0181837348606524
22.7655215389429,0.7187282766915926,3.0181837348606524
22.7655215389429,0.7187282766915926,3.0181837348606524
22.7655215389429,0.7187282766915926,3.0181837348606524
22.7655215389429,0.7187282766915926,3.0181837348606524
22.7655215389429,0.7187282766915926,3.0181837348606524
22.79115850380706,0.44957649943971034,3.147640201192866
22.79115850380706,0.44957649943971034,3.147640201192866
22.79115850380706,0.44957649943971034,3.147640201192866
22.691302641129727,0.3457694074713258,3.207933755501514
22.691302641129727,0.3457694074713258,3.207933755501514
22.691302641129727,0.3457694074713258,3.207933755501514
22.691302641129727,0.3457694074713258,3.207933755501514
22.675097458108745,0.3452194131196479,3.347029769515367
22.675097458108745,0.3452194131196479,3.347029769515367
22.675097458108745,0.3452194131196479,3.347029769515367
22.675097458108745,0.3452194131196479,3.347029769515367
22.675097458108745,0.3452194131196479,3.347029769515367
22.675097458108745,0.3452194131196479,3.347029769515367
22.675097458108745,0.3452194131196479,3.347029769515367
22.675097458108745,0.3452194131196479,3.347029769515367
22.675097458108745,0.3452194131196479,3.347029769515367
22.675097458108745,0.3452194131196479,3.347029769515367
22.675097458108745,0.3452194131196479,3.347029769515367
22.675097458108745,0.3452194131196479,3.347029769515367
22.673525132239785,0.35481256985408804,3.330457598957823
22.673525132239785,0.35481256985408804,3.330457598957823
22.673525132239785,0.35481256985408804,3.330457598957823
22.673525132239785,0.35481256985408804,3.330457598957823
22.673525132239785,0.35481256985408804,3.330457598957823
22.673525132239785,0.35481256985408804,3.330457598957823
22.673525132239785,0.35481256985408804,3.330457598957823
22.673525132239785,0.35481256985408804,3.330457598957823
22.673525132239785,0.35481256985408804,3.330457598957823
22.673525132239785,0.35481256985408804,3.330457598957823
22.673525132239785,0.35481256985408804,3.330457598957823
22.673525132239785,0.35481256985408804,3.330457598957823
22.673525132239785,0.35481256985408804,3.330457598957823
22.673525132239785,0.35481256985408804,3.330457598957823
22.673525132239785,0.35481256985408804,3.330457598957823
22.673525132239785,0.35481256985408804,3.330457598957823
22.67375302398736,0.35432250976884294,3.3296670229151806
22.67375302398736,0.35432250976884294,3.3296670229151806
108.3707415344993,1.3197837858874055,2.434200169340666
108.3707415344993,1.3197837858874055,2.434200169340666
108.3707415344993,1.3197837858874055,2.434200169340666
108.3707415344993,1.3197837858874055,2.434200169340666
108.41956535196881,1.3150156354924212,2.437190224601877
108.41956535196881,1.3150156354924212,2.437190224601877
108.41956535196881,1.3150156354924212,2.437190224601877
108.41956535196881,1.3150156354924212,2.437190224601877
108.41956535196881,1.3150156354924212,2.437190224601877
108.41956535196881,1.3150156354924212,2.437190224601877
108.41956535196881,1.3150156354924212,2.437190224601877
108.41956535196881,1.3150156354924212,2.437190224601877
108.41956535196881,1.3150156354924212,2.437190224601877
108.41956535196881,1.3150156354924212,2.437190224601877
113.1605132570038,1.342904702361118,2.441988675048078
113.1605132570038,1.342904702361118,2.441988675048078
113.1605132570038,1.342904702361118,2.441988675048078
113.1605132570038,1.342904702361118,2.441988675048078
113.1605132570038,1.342904702361118,2.441988675048078
113.1605132570038,1.342904702361118,2.441988675048078
113.1605132570038,1.342904702361118,2.441988675048078
113.1605132570038,1.342904702361118,2.441988675048078
113.1605132570038,1.342904702361118,2.441988675048078
113.1605132570038,1.342904702361118,2.441988675048078
113.1605132570038,1.342904702361118,2.441988675048078
113.1605132570038,1.342904702361118,2.441988675048078
113.1605132570038,1.342904702361118,2.441988675048078
112.62710750943727,1.2262065844285042,2.288148893344065
112.62710750943727,1.2262065844285042,2.288148893344065
112.62710750943727,1.2262065844285042,2.288148893344065
112.62710750943727,1.2262065844285042,2.288148893344065
112.62710750943727,1.2262065844285042,2.288148893344065
112.62710750943727,1.2262065844285042,2.288148893344065
112.62710750943727,1.2262065844285042,2.288148893344065
112.62710750943727,1.2262065844285042,2.288148893344065
112.62710750943727,1.2262065844285042,2.288148893344065
112.62710750943727,1.2262065844285042,2.288148893344065
112.56218633082649,0.8424147916394219,2.246937888626185
112.56218633082649,0.8424147916394219,2.246937888626185
112.56218633082649,0.8424147916394219,2.246937888626185
112.53941998541895,0.7078279479284992,2.2324861490232397
112.53941998541895,0.7078279479284992,2.2324861490232397
112.53941998541895,0.7078279479284992,2.2324861490232397
112.53941998541895,0.7078279479284992,2.2324861490232397
112.53941998541895,0.7078279479284992,2.2324861490232397
112.53941998541895,0.7078279479284992,2.2324861490232397
112.53941998541895,0.7078279479284992,2.2324861490232397
112.53234504056745,0.666003294917811,2.22799507859148
112.53234504056745,0.666003294917811,2.22799507859148
112.53234504056745,0.666003294917811,2.22799507859148
112.53234504056745,0.666003294917811,2.22799507859148
112.53234504056745,0.666003294917811,2.22799507859148
112.53234504056745,0.666003294917811,2.22799507859148
112.53234504056745,0.666003294917811,2.22799507859148
112.53234504056745,0.666003294917811,2.22799507859148
112.53234504056745,0.666003294917811,2.22799507859148
112.53234504056745,0.666003294917811,2.22799507859148
112.53234504056745,0.666003294917811,2.22799507859148
112.53234504056745,0.666003294917811,2.22799507859148
112.53234504056745,0.666003294917811,2.22799507859148
112.53234504056745,0.666003294917811,2.22799507859148
112.53234504056745,0.666003294917811,2.22799507859148
112.53234504056745,0.666003294917811,2.22799507859148
112.53234504056745,0.666003294917811,2.22799507859148
112.53234504056745,0.666003294917811,2.22799507859148
112.59057576338223,0.7187947779425979,2.3898613230601007
112.59057576338223,0.7187947779425979,2.3898613230601007
112.59057576338223,0.7187947779425979,2.3898613230601007
112.53938282859953,0.5182153185437786,2.3136281770390426
112.53938282859953,0.5182153185437786,2.3136281770390426
112.53938282859953,0.5182153185437786,2.3136281770390426
112.53938282859953,0.5182153185437786,2.3136281770390426
112.53938282859953,0.5182153185437786,2.3136281770390426
112.53938282859953,0.5182153185437786,2.3136281770390426
112.53938282859953,0.5182153185437786,2.3136281770390426
112.53938282859953,0.5182153185437786,2.3136281770390426
112.53938282859953,0.5182153185437786,2.3136281770390426
112.53938282859953,0.5182153185437786,2.3136281770390426
112.53938282859953,0.5182153185437786,2.3136281770390426
112.53938282859953,0.5182153185437786,2.3136281770390426
112.53938282859953,0.5182153185437786,2.3136281770390426
112.53938282859953,0.5182153185437786,2.3136281770390426
112.53938282859953,0.5182153185437786,2.3136281770390426
112.53938282859953,0.5182153185437786,2.3136281770390426
112.53938282859953,0.5182153185437786,2.3136281770390426
112.53938282859953,0.5182153185437786,2.3136281770390426
112.53938282859953,0.5182153185437786,2.3136281770390426
112.53938282859953,0.5182153185437786,2.3136281770390426
112.53938282859953,0.5182153185437786,2.3136281770390426
112.53938282859953,0.5182153185437786,2.3136281770390426
112.53938282859953,0.5182153185437786,2.3136281770390426
112.53938282859953,0.5182153185437786,2.3136281770390426
112.53938282859953,0.5182153185437786,2.3136281770390426
112.53938282859953,0.5182153185437786,2.3136281770390426
112.53938282859953,0.5182153185437786,2.3136281770390426
112.53938282859953,0.5182153185437786,2.3136281770390426
112.53938282859953,0.5182153185437786,2.3136281770390426
112.53938282859953,0.5182153185437786,2.3136281770390426
112.53938282859953,0.5182153185437786,2.3136281770390426
112.53938282859953,0.5182153185437786,2.3136281770390426
112.53938282859953,0.5182153185437786,2.3136281770390426
112.50519812762546,0.38427596011099585,2.262722572347632
112.50519812762546,0.38427596011099585,2.262722572347632
112.50519812762546,0.38427596011099585,2.262722572347632
112.50519812762546,0.38427596011099585,2.262722572347632
112.50519812762546,0.38427596011099585,2.262722572347632
112.50519812762546,0.38427596011099585,2.262722572347632
112.50519812762546,0.38427596011099585,2.262722572347632
112.50519812762546,0.38427596011099585,2.262722572347632
112.50519812762546,0.38427596011099585,2.262722572347632
112.50519812762546,0.38427596011099585,2.262722572347632
112.50519812762546,0.38427596011099585,2.262722572347632
112.50519812762546,0.38427596011099585,2.262722572347632
112.50519812762546,0.38427596011099585,2.262722572347632
112.63033274805511,0.5921764772851218,2.5215094594115772
112.63033274805511,0.5921764772851218,2.5215094594115772
112.63033274805511,0.5921764772851218,2.5215094594115772
112.63033274805511,0.5921764772851218,2.5215094594115772
112.63033274805511,0.5921764772851218,2.5215094594115772
112.59925492339671,0.38546521667478795,2.552771999045781
25.495874559900333,1.4849314677709207,2.2489844733974054
25.495874559900333,1.4849314677709207,2.2489844733974054
25.495874559900333,1.4849314677709207,2.2489844733974054
25.495874559900333,1.4849314677709207,2.2489844733974054
26.29937995708079,1.3604872272893858,2.2419914318967176
24.897965551103976,1.0995956611445754,2.3672413633163347
11.63352081675815,1.1076532054490926,2.4711358646522212
11.63352081675815,1.1076532054490926,2.4711358646522212
11.63352081675815,1.1076532054490926,2.4711358646522212
11.63352081675815,1.1076532054490926,2.4711358646522212
11.63352081675815,1.1076532054490926,2.4711358646522212
11.774270389501538,1.102105995057295,2.5018058891375956
11.774270389501538,1.102105995057295,2.5018058891375956
11.774270389501538,1.102105995057295,2.5018058891375956
11.774270389501538,1.102105995057295,2.5018058891375956
11.774270389501538,1.102105995057295,2.5018058891375956
12.277754161928188,1.0563495820365314,2.55571740079053
11.527897963430515,1.1467663044028806,2.590465370222981
11.527897963430515,1.1467663044028806,2.590465370222981
11.527897963430515,1.1467663044028806,2.590465370222981
11.527897963430515,1.1467663044028806,2.590465370222981
11.546751453263022,1.0924858452415087,2.7051467298857865
11.546751453263022,1.0924858452415087,2.7051467298857865
11.546751453263022,1.0924858452415087,2.7051467298857865
16.459120274759204,0.7724265355258071,2.8835651118398262
16.459120274759204,0.7724265355258071,2.8835651118398262
16.459120274759204,0.7724265355258071,2.8835651118398262
16.459120274759204,0.7724265355258071,2.8835651118398262
16.459120274759204,0.7724265355258071,2.8835651118398262
16.459120274759204,0.7724265355258071,2.8835651118398262
16.459120274759204,0.7724265355258071,2.8835651118398262
16.459120274759204,0.7724265355258071,2.8835651118398262
17.907875736889185,0.5110201584714378,3.1949123898869507
15.905044818747868,0.31846305966676813,3.326521311330894
15.905044818747868,0.31846305966676813,3.326521311330894
15.905044818747868,0.31846305966676813,3.326521311330894
15.905044818747868,0.31846305966676813,3.326521311330894
15.905044818747868,0.31846305966676813,3.326521311330894
15.905044818747868,0.31846305966676813,3.326521311330894
15.795223102787125,0.40081570932746524,3.1158228406341513
15.623656889226677,0.41958468700450013,3.113748223448713
15.623656889226677,0.41958468700450013,3.113748223448713
15.623656889226677,0.41958468700450013,3.113748223448713
11.26809555747988,0.3000366146399189,3.2551581546180497
11.26809555747988,0.3000366146399189,3.2551581546180497
11.26809555747988,0.3000366146399189,3.2551581546180497
11.26809555747988,0.3000366146399189,3.2551581546180497
11.26809555747988,0.3000366146399189,3.2551581546180497
11.26809555747988,0.3000366146399189,3.2551581546180497
11.26809555747988,0.3000366146399189,3.2551581546180497
11.26809555747988,0.3000366146399189,3.2551581546180497
11.26809555747988,0.3000366146399189,3.2551581546180497
11.26809555747988,0.3000366146399189,3.2551581546180497
11.26809555747988,0.3000366146399189,3.2551581546180497
11.26809555747988,0.3000366146399189,3.2551581546180497
11.26809555747988,0.3000366146399189,3.2551581546180497
11.26809555747988,0.3000366146399189,3.2551581546180497
11.26809555747988,0.3000366146399189,3.2551581546180497
11.26809555747988,0.3000366146399189,3.2551581546180497
11.20868571561534,0.2391264888739188,3.3058117308270636
11.20868571561534,0.2391264888739188,3.3058117308270636
11.20868571561534,0.2391264888739188,3.3058117308270636
11.259904688764642,0.3069648355174059,3.305593338340816
11.252845870557897,0.29761559387980535,3.3056234364229007
11.252845870557897,0.29761559387980535,3.3056234364229007
11.252845870557897,0.29761559387980535,3.3056234364229007
11.252845870557897,0.29761559387980535,3.3056234364229007
11.252845870557897,0.29761559387980535,3.3056234364229007
11.252845870557897,0.29761559387980535,3.3056234364229007
11.252845870557897,0.29761559387980535,3.3056234364229007
11.252845870557897,0.29761559387980535,3.3056234364229007
11.252845870557897,0.29761559387980535,3.3056234364229007
11.252845870557897,0.29761559387980535,3.3056234364229007
11.252845870557897,0.29761559387980535,3.3056234364229007
11.252845870557897,0.29761559387980535,3.3056234364229007
11.252845870557897,0.29761559387980535,3.3056234364229007
11.252845870557897,0.29761559387980535,3.3056234364229007
11.252845870557897,0.29761559387980535,3.3056234364229007
11.482526580323057,0.3125624331304526,3.309535818677933
11.482526580323057,0.3125624331304526,3.309535818677933
11.482526580323057,0.3125624331304526,3.309535818677933
11.482526580323057,0.3125624331304526,3.309535818677933
11.482526580323057,0.3125624331304526,3.309535818677933
11.482526580323057,0.3125624331304526,3.309535818677933
11.482526580323057,0.3125624331304526,3.309535818677933
11.482526580323057,0.3125624331304526,3.309535818677933
11.480373342771186,0.2529298245441552,3.370369518530962
11.480373342771186,0.2529298245441552,3.370369518530962
11.480373342771186,0.2529298245441552,3.370369518530962
11.480373342771186,0.2529298245441552,3.370369518530962
11.480373342771186,0.2529298245441552,3.370369518530962
11.480373342771186,0.2529298245441552,3.370369518530962
11.480373342771186,0.2529298245441552,3.370369518530962
11.480373342771186,0.2529298245441552,3.370369518530962
11.480373342771186,0.2529298245441552,3.370369518530962
11.472761860180176,0.2090576589132456,3.4328991594389957
11.472761860180176,0.2090576589132456,3.4328991594389957
11.472761860180176,0.2090576589132456,3.4328991594389957
11.472761860180176,0.2090576589132456,3.4328991594389957
11.472761860180176,0.2090576589132456,3.4328991594389957
11.472761860180176,0.2090576589132456,3.4328991594389957
11.472761860180176,0.2090576589132456,3.4328991594389957
11.472761860180176,0.2090576589132456,3.4328991594389957
11.472761860180176,0.2090576589132456,3.4328991594389957
11.472761860180176,0.2090576589132456,3.4328991594389957
11.472761860180176,0.2090576589132456,3.4328991594389957
11.472761860180176,0.2090576589132456,3.4328991594389957
11.472761860180176,0.2090576589132456,3.4328991594389957
11.472761860180176,0.2090576589132456,3.4328991594389957
11.472761860180176,0.2090576589132456,3.4328991594389957
11.472761860180176,0.2090576589132456,3.4328991594389957
11.472761860180176,0.2090576589132456,3.4328991594389957
11.472761860180176,0.2090576589132456,3.4328991594389957
11.472761860180176,0.2090576589132456,3.4328991594389957
11.472761860180176,0.2090576589132456,3.4328991594389957
11.472761860180176,0.2090576589132456,3.4328991594389957
11.472761860180176,0.2090576589132456,3.4328991594389957
11.472761860180176,0.2090576589132456,3.4328991594389957
11.472761860180176,0.2090576589132456,3.4328991594389957
11.472761860180176,0.2090576589132456,3.4328991594389957
23.36844509054785,1.1491338047196185,2.3307283169234263
23.36844509054785,1.1491338047196185,2.3307283169234263
23.36844509054785,1.1491338047196185,2.3307283169234263
23.36844509054785,1.1491338047196185,2.3307283169234263
17.789908791206035,0.8295797841340378,2.636744112107608
17.583096175134138,0.8256313536085067,2.632524085772125
17.583096175134138,0.8256313536085067,2.632524085772125
17.583096175134138,0.8256313536085067,2.632524085772125
16.680754801901923,0.7728195847860128,2.6842362047105475
16.680754801901923,0.7728195847860128,2.6842362047105475
16.65784169177546,0.6851397548058576,2.620690126868037
16.65784169177546,0.6851397548058576,2.620690126868037
16.65784169177546,0.6851397548058576,2.620690126868037
15.647055221258306,0.6411884078935873,2.6905159486787085
15.647055221258306,0.6411884078935873,2.6905159486787085
15.647055221258306,0.6411884078935873,2.6905159486787085
15.647055221258306,0.6411884078935873,2.6905159486787085
15.647055221258306,0.6411884078935873,2.6905159486787085
15.647055221258306,0.6411884078935873,2.6905159486787085
15.480589623492472,0.5946335390872866,2.7053646036500707
15.494649430593938,0.5729097053502858,2.78362122130327
15.494649430593938,0.5729097053502858,2.78362122130327
15.494649430593938,0.5729097053502858,2.78362122130327
15.494649430593938,0.5729097053502858,2.78362122130327
15.494649430593938,0.5729097053502858,2.78362122130327
15.494649430593938,0.5729097053502858,2.78362122130327
15.494649430593938,0.5729097053502858,2.78362122130327
15.651327201722005,0.5051820490842698,2.8309811640523774
15.651327201722005,0.5051820490842698,2.8309811640523774
15.651327201722005,0.5051820490842698,2.8309811640523774
15.651327201722005,0.5051820490842698,2.8309811640523774
15.740646533288881,0.4367911045425755,2.998843033799081
15.740646533288881,0.4367911045425755,2.998843033799081
15.740646533288881,0.4367911045425755,2.998843033799081
15.740646533288881,0.4367911045425755,2.998843033799081
15.740646533288881,0.4367911045425755,2.998843033799081
15.740646533288881,0.4367911045425755,2.998843033799081
15.740646533288881,0.4367911045425755,2.998843033799081
15.740646533288881,0.4367911045425755,2.998843033799081
15.322535638844332,0.407724356471331,3.0074328835539244
15.322535638844332,0.407724356471331,3.0074328835539244
15.322535638844332,0.407724356471331,3.0074328835539244
15.322535638844332,0.407724356471331,3.0074328835539244
15.322535638844332,0.407724356471331,3.0074328835539244
15.322535638844332,0.407724356471331,3.0074328835539244
15.322535638844332,0.407724356471331,3.0074328835539244
15.322535638844332,0.407724356471331,3.0074328835539244
15.322535638844332,0.407724356471331,3.0074328835539244
15.322535638844332,0.407724356471331,3.0074328835539244
15.322535638844332,0.407724356471331,3.0074328835539244
15.322535638844332,0.407724356471331,3.0074328835539244
15.322535638844332,0.407724356471331,3.0074328835539244
15.322535638844332,0.407724356471331,3.0074328835539244
15.322535638844332,0.407724356471331,3.0074328835539244
15.322535638844332,0.407724356471331,3.0074328835539244
15.322535638844332,0.407724356471331,3.0074328835539244
15.322535638844332,0.407724356471331,3.0074328835539244
15.322535638844332,0.407724356471331,3.0074328835539244
15.322535638844332,0.407724356471331,3.0074328835539244
15.322535638844332,0.407724356471331,3.0074328835539244
15.322535638844332,0.407724356471331,3.0074328835539244
15.322535638844332,0.407724356471331,3.0074328835539244
15.322535638844332,0.407724356471331,3.0074328835539244
15.322535638844332,0.407724356471331,3.0074328835539244
15.322535638844332,0.407724356471331,3.0074328835539244
15.322535638844332,0.407724356471331,3.0074328835539244
15.322535638844332,0.407724356471331,3.0074328835539244
15.322535638844332,0.407724356471331,3.0074328835539244
15.322535638844332,0.407724356471331,3.0074328835539244
15.322535638844332,0.407724356471331,3.0074328835539244
15.322535638844332,0.407724356471331,3.0074328835539244
15.341326244304904,0.4329712773850565,3.0169692656170324
15.341326244304904,0.4329712773850565,3.0169692656170324
15.341326244304904,0.4329712773850565,3.0169692656170324
15.341326244304904,0.4329712773850565,3.0169692656170324
15.601587990711025,0.44521923082460924,3.0154992160664698
15.601587990711025,0.44521923082460924,3.0154992160664698
15.601587990711025,0.44521923082460924,3.0154992160664698
15.601587990711025,0.44521923082460924,3.0154992160664698
15.601587990711025,0.44521923082460924,3.0154992160664698
15.601587990711025,0.44521923082460924,3.0154992160664698
15.601587990711025,0.44521923082460924,3.0154992160664698
15.601587990711025,0.44521923082460924,3.0154992160664698
15.601587990711025,0.44521923082460924,3.0154992160664698
15.601587990711025,0.44521923082460924,3.0154992160664698
15.601587990711025,0.44521923082460924,3.0154992160664698
15.532680905758317,0.28533146088384614,3.1259312263104997
15.532680905758317,0.28533146088384614,3.1259312263104997
15.532680905758317,0.28533146088384614,3.1259312263104997
15.532680905758317,0.28533146088384614,3.1259312263104997
15.532680905758317,0.28533146088384614,3.1259312263104997
15.532680905758317,0.28533146088384614,3.1259312263104997
15.532680905758317,0.28533146088384614,3.1259312263104997
12.621442888250932,0.26048071615479196,3.1843057053828163
12.621442888250932,0.26048071615479196,3.1843057053828163
12.621442888250932,0.26048071615479196,3.1843057053828163
12.621442888250932,0.26048071615479196,3.1843057053828163
12.621442888250932,0.26048071615479196,3.1843057053828163
12.621442888250932,0.26048071615479196,3.1843057053828163
12.621442888250932,0.26048071615479196,3.1843057053828163
12.621442888250932,0.26048071615479196,3.1843057053828163
12.621442888250932,0.26048071615479196,3.1843057053828163
12.621442888250932,0.26048071615479196,3.1843057053828163
12.621442888250932,0.26048071615479196,3.1843057053828163
12.621442888250932,0.26048071615479196,3.1843057053828163
12.621442888250932,0.26048071615479196,3.1843057053828163
12.621442888250932,0.26048071615479196,3.1843057053828163
12.621442888250932,0.26048071615479196,3.1843057053828163
12.621442888250932,0.26048071615479196,3.1843057053828163
12.621442888250932,0.26048071615479196,3.1843057053828163
12.621442888250932,0.26048071615479196,3.1843057053828163
12.621442888250932,0.26048071615479196,3.1843057053828163
12.621442888250932,0.26048071615479196,3.1843057053828163
12.621442888250932,0.26048071615479196,3.1843057053828163
12.621442888250932,0.26048071615479196,3.1843057053828163
12.621442888250932,0.26048071615479196,3.1843057053828163
12.621442888250932,0.26048071615479196,3.1843057053828163
12.621442888250932,0.26048071615479196,3.1843057053828163
12.621442888250932,0.26048071615479196,3.1843057053828163
12.621442888250932,0.26048071615479196,3.1843057053828163
16.700805673747325,0.27096284607597076,2.5615812566416554
16.700805673747325,0.27096284607597076,2.5615812566416554
16.700805673747325,0.27096284607597076,2.5615812566416554
16.28456814088503,0.2620058444495517,2.549963237582316
16.28456814088503,0.2620058444495517,2.549963237582316
16.28456814088503,0.2620058444495517,2.549963237582316
16.28456814088503,0.2620058444495517,2.549963237582316
16.28456814088503,0.2620058444495517,2.549963237582316
16.391322205656852,0.26907194229063996,2.550239606835328
16.391322205656852,0.26907194229063996,2.550239606835328
16.391322205656852,0.26907194229063996,2.550239606835328
16.391322205656852,0.26907194229063996,2.550239606835328
16.391322205656852,0.26907194229063996,2.550239606835328
16.391322205656852,0.26907194229063996,2.550239606835328
16.391322205656852,0.26907194229063996,2.550239606835328
16.391322205656852,0.26907194229063996,2.550239606835328
16.391322205656852,0.26907194229063996,2.550239606835328
16.391322205656852,0.26907194229063996,2.550239606835328
16.391322205656852,0.26907194229063996,2.550239606835328
16.391322205656852,0.26907194229063996,2.550239606835328
14.070109499742637,0.5623313655309725,2.853035758123082
14.070109499742637,0.5623313655309725,2.853035758123082
14.070109499742637,0.5623313655309725,2.853035758123082
14.070109499742637,0.5623313655309725,2.853035758123082
14.104197222465306,0.5658965160855389,2.8536211379849834
12.948958029938826,0.5107739685670902,2.9200278499504533
12.948958029938826,0.5107739685670902,2.9200278499504533
12.654673092260005,0.41161682264139166,3.0372026296614947
12.654673092260005,0.41161682264139166,3.0372026296614947
12.654673092260005,0.41161682264139166,3.0372026296614947
12.654673092260005,0.41161682264139166,3.0372026296614947
12.654673092260005,0.41161682264139166,3.0372026296614947
12.654673092260005,0.41161682264139166,3.0372026296614947
12.654673092260005,0.41161682264139166,3.0372026296614947
12.654673092260005,0.41161682264139166,3.0372026296614947
12.654673092260005,0.41161682264139166,3.0372026296614947
12.654673092260005,0.41161682264139166,3.0372026296614947
12.654673092260005,0.41161682264139166,3.0372026296614947
12.654673092260005,0.41161682264139166,3.0372026296614947
12.654673092260005,0.41161682264139166,3.0372026296614947
12.654673092260005,0.41161682264139166,3.0372026296614947
12.654673092260005,0.41161682264139166,3.0372026296614947
12.654673092260005,0.41161682264139166,3.0372026296614947
12.654673092260005,0.41161682264139166,3.0372026296614947
12.654673092260005,0.41161682264139166,3.0372026296614947
12.654673092260005,0.41161682264139166,3.0372026296614947
12.533307754296523,0.42567304864627775,3.062294133316487
12.533307754296523,0.42567304864627775,3.062294133316487
12.533307754296523,0.42567304864627775,3.062294133316487
12.497863870867135,0.42990176736716984,3.0658907527927135
12.497863870867135,0.42990176736716984,3.0658907527927135
12.497863870867135,0.42990176736716984,3.0658907527927135
12.497863870867135,0.42990176736716984,3.0658907527927135
12.497863870867135,0.42990176736716984,3.0658907527927135
12.497863870867135,0.42990176736716984,3.0658907527927135
12.497863870867135,0.42990176736716984,3.0658907527927135
12.497863870867135,0.42990176736716984,3.0658907527927135
12.497863870867135,0.42990176736716984,3.0658907527927135
12.497863870867135,0.42990176736716984,3.0658907527927135
11.405921000128536,0.4838096646145422,3.1283630429242364
11.405921000128536,0.4838096646145422,3.1283630429242364
11.405921000128536,0.4838096646145422,3.1283630429242364
11.405921000128536,0.4838096646145422,3.1283630429242364
11.405921000128536,0.4838096646145422,3.1283630429242364
11.334616113863136,0.43207496881286356,3.1844867594549595
11.648979143392976,0.40693294686102083,3.2115627515422593
11.648979143392976,0.40693294686102083,3.2115627515422593
11.648979143392976,0.40693294686102083,3.2115627515422593
11.648979143392976,0.40693294686102083,3.2115627515422593
11.648979143392976,0.40693294686102083,3.2115627515422593
11.648979143392976,0.40693294686102083,3.2115627515422593
11.607256362400614,0.4624489738947145,3.2363767193004973
11.638754532049601,0.4573574161381511,3.2744244194719676
11.638754532049601,0.4573574161381511,3.2744244194719676
11.638754532049601,0.4573574161381511,3.2744244194719676
11.638754532049601,0.4573574161381511,3.2744244194719676
11.638754532049601,0.4573574161381511,3.2744244194719676
11.638754532049601,0.4573574161381511,3.2744244194719676
11.638754532049601,0.4573574161381511,3.2744244194719676
11.638754532049601,0.4573574161381511,3.2744244194719676
11.638754532049601,0.4573574161381511,3.2744244194719676
11.638754532049601,0.4573574161381511,3.2744244194719676
11.638754532049601,0.4573574161381511,3.2744244194719676
11.638754532049601,0.4573574161381511,3.2744244194719676
11.638754532049601,0.4573574161381511,3.2744244194719676
11.638754532049601,0.4573574161381511,3.2744244194719676
11.638754532049601,0.4573574161381511,3.2744244194719676
11.638754532049601,0.4573574161381511,3.2744244194719676
11.638754532049601,0.4573574161381511,3.2744244194719676
11.638754532049601,0.4573574161381511,3.2744244194719676
11.638754532049601,0.4573574161381511,3.2744244194719676
11.638754532049601,0.4573574161381511,3.2744244194719676
11.638754532049601,0.4573574161381511,3.2744244194719676
11.638754532049601,0.4573574161381511,3.2744244194719676
11.638754532049601,0.4573574161381511,3.2744244194719676
11.638754532049601,0.4573574161381511,3.2744244194719676
11.638754532049601,0.4573574161381511,3.2744244194719676
11.638754532049601,0.4573574161381511,3.2744244194719676
11.638754532049601,0.4573574161381511,3.2744244194719676
11.638754532049601,0.4573574161381511,3.2744244194719676
11.638754532049601,0.4573574161381511,3.2744244194719676
11.638754532049601,0.4573574161381511,3.2744244194719676
11.381419901886463,0.4875969221085133,3.275370010972447
11.381419901886463,0.4875969221085133,3.275370010972447
11.381419901886463,0.4875969221085133,3.275370010972447
11.381419901886463,0.4875969221085133,3.275370010972447
11.381419901886463,0.4875969221085133,3.275370010972447
11.381419901886463,0.4875969221085133,3.275370010972447
11.381419901886463,0.4875969221085133,3.275370010972447
11.381419901886463,0.4875969221085133,3.275370010972447
11.381419901886463,0.4875969221085133,3.275370010972447
11.381419901886463,0.4875969221085133,3.275370010972447
11.381419901886463,0.4875969221085133,3.275370010972447
11.381419901886463,0.4875969221085133,3.275370010972447
11.381419901886463,0.4875969221085133,3.275370010972447
11.381419901886463,0.4875969221085133,3.275370010972447
11.383509816711522,0.4845757102356079,3.272046179978092
11.383509816711522,0.4845757102356079,3.272046179978092
11.383509816711522,0.4845757102356079,3.272046179978092
11.383509816711522,0.4845757102356079,3.272046179978092
9.527676617955688,0.362061261795279,2.4469547025413663
9.527676617955688,0.362061261795279,2.4469547025413663
9.527676617955688,0.362061261795279,2.4469547025413663
9.527676617955688,0.362061261795279,2.4469547025413663
9.610788085030238,0.3665418971205462,2.473650769295369
9.610788085030238,0.3665418971205462,2.473650769295369
9.610788085030238,0.3665418971205462,2.473650769295369
9.610788085030238,0.3665418971205462,2.473650769295369
9.610788085030238,0.3665418971205462,2.473650769295369
9.610788085030238,0.3665418971205462,2.473650769295369
9.610788085030238,0.3665418971205462,2.473650769295369
9.610788085030238,0.3665418971205462,2.473650769295369
14.581498766392599,0.4138735423433554,2.6736132293863073
14.581498766392599,0.4138735423433554,2.6736132293863073
14.581498766392599,0.4138735423433554,2.6736132293863073
14.581498766392599,0.4138735423433554,2.6736132293863073
14.581498766392599,0.4138735423433554,2.6736132293863073
13.845949045374871,0.18643635556348964,2.9024328310969767
13.845949045374871,0.18643635556348964,2.9024328310969767
14.811303774842772,0.1849824316889409,3.0238378051925134
14.811303774842772,0.1849824316889409,3.0238378051925134
12.191441728029943,0.10676494287513921,3.0701807253554376
12.191441728029943,0.10676494287513921,3.0701807253554376
12.191441728029943,0.10676494287513921,3.0701807253554376
12.191441728029943,0.10676494287513921,3.0701807253554376
12.191441728029943,0.10676494287513921,3.0701807253554376
10.608012678546512,0.0853726177936705,3.1242871522649813
10.608012678546512,0.0853726177936705,3.1242871522649813
10.608012678546512,0.0853726177936705,3.1242871522649813
11.555323643081183,0.19727020226900405,3.0964793436243445
11.555323643081183,0.19727020226900405,3.0964793436243445
11.555323643081183,0.19727020226900405,3.0964793436243445
11.555323643081183,0.19727020226900405,3.0964793436243445
11.555323643081183,0.19727020226900405,3.0964793436243445
11.555323643081183,0.19727020226900405,3.0964793436243445
11.555323643081183,0.19727020226900405,3.0964793436243445
11.555323643081183,0.19727020226900405,3.0964793436243445
11.555323643081183,0.19727020226900405,3.0964793436243445
11.555323643081183,0.19727020226900405,3.0964793436243445
11.555323643081183,0.19727020226900405,3.0964793436243445
11.557453013860194,0.20623069128158994,3.1008759846068
11.557453013860194,0.20623069128158994,3.1008759846068
11.557453013860194,0.20623069128158994,3.1008759846068
11.557453013860194,0.20623069128158994,3.1008759846068
11.557453013860194,0.20623069128158994,3.1008759846068
11.557453013860194,0.20623069128158994,3.1008759846068
11.557453013860194,0.20623069128158994,3.1008759846068
11.557453013860194,0.20623069128158994,3.1008759846068
11.557453013860194,0.20623069128158994,3.1008759846068
11.557453013860194,0.20623069128158994,3.1008759846068
11.557453013860194,0.20623069128158994,3.1008759846068
11.557453013860194,0.20623069128158994,3.1008759846068
11.562634143420789,0.20166304583303962,3.097034938907419
11.39976764372125,0.16524521910271184,3.0977186378188284
11.39976764372125,0.16524521910271184,3.0977186378188284
11.39976764372125,0.16524521910271184,3.0977186378188284
11.39976764372125,0.16524521910271184,3.0977186378188284
11.39976764372125,0.16524521910271184,3.0977186378188284
11.39976764372125,0.16524521910271184,3.0977186378188284
11.39976764372125,0.16524521910271184,3.0977186378188284
11.39976764372125,0.16524521910271184,3.0977186378188284
11.39976764372125,0.16524521910271184,3.0977186378188284
11.39976764372125,0.16524521910271184,3.0977186378188284
11.39976764372125,0.16524521910271184,3.0977186378188284
11.39976764372125,0.16524521910271184,3.0977186378188284
11.39976764372125,0.16524521910271184,3.0977186378188284
11.39976764372125,0.16524521910271184,3.0977186378188284
11.39976764372125,0.16524521910271184,3.0977186378188284
11.39976764372125,0.16524521910271184,3.0977186378188284
11.39976764372125,0.16524521910271184,3.0977186378188284
11.39976764372125,0.16524521910271184,3.0977186378188284
11.39976764372125,0.16524521910271184,3.0977186378188284
11.39976764372125,0.16524521910271184,3.0977186378188284
11.39976764372125,0.16524521910271184,3.0977186378188284
11.39976764372125,0.16524521910271184,3.0977186378188284
11.39976764372125,0.16524521910271184,3.0977186378188284
11.39976764372125,0.16524521910271184,3.0977186378188284
11.39976764372125,0.16524521910271184,3.0977186378188284
11.39976764372125,0.16524521910271184,3.0977186378188284
11.39976764372125,0.16524521910271184,3.0977186378188284
11.39976764372125,0.16524521910271184,3.0977186378188284
11.39976764372125,0.16524521910271184,3.0977186378188284
11.39976764372125,0.16524521910271184,3.0977186378188284
11.436285238473362,0.2990488909385832,3.1816089318248832
11.436285238473362,0.2990488909385832,3.1816089318248832
11.436285238473362,0.2990488909385832,3.1816089318248832
11.436285238473362,0.2990488909385832,3.1816089318248832
11.436285238473362,0.2990488909385832,3.1816089318248832
11.436285238473362,0.2990488909385832,3.1816089318248832
11.436285238473362,0.2990488909385832,3.1816089318248832
11.436285238473362,0.2990488909385832,3.1816089318248832
11.439531857365779,0.30354152820381874,3.1810328802962133
11.439531857365779,0.30354152820381874,3.1810328802962133
11.439531857365779,0.30354152820381874,3.1810328802962133
11.439531857365779,0.30354152820381874,3.1810328802962133
11.439531857365779,0.30354152820381874,3.1810328802962133
11.439531857365779,0.30354152820381874,3.1810328802962133
11.439531857365779,0.30354152820381874,3.1810328802962133
11.439531857365779,0.30354152820381874,3.1810328802962133
11.439531857365779,0.30354152820381874,3.1810328802962133
11.439531857365779,0.30354152820381874,3.1810328802962133
11.439531857365779,0.30354152820381874,3.1810328802962133
11.439531857365779,0.30354152820381874,3.1810328802962133
11.439531857365779,0.30354152820381874,3.1810328802962133
11.439531857365779,0.30354152820381874,3.1810328802962133
11.439531857365779,0.30354152820381874,3.1810328802962133
11.439531857365779,0.30354152820381874,3.1810328802962133
11.439531857365779,0.30354152820381874,3.1810328802962133
11.439531857365779,0.30354152820381874,3.1810328802962133
11.439531857365779,0.30354152820381874,3.1810328802962133
11.439531857365779,0.30354152820381874,3.1810328802962133
11.439531857365779,0.30354152820381874,3.1810328802962133
11.439531857365779,0.30354152820381874,3.1810328802962133
11.42649517827901,0.2745570223170069,3.2008510743744933
11.42649517827901,0.2745570223170069,3.2008510743744933
11.42649517827901,0.2745570223170069,3.2008510743744933
11.42649517827901,0.2745570223170069,3.2008510743744933
11.42649517827901,0.2745570223170069,3.2008510743744933
11.42649517827901,0.2745570223170069,3.2008510743744933
11.42649517827901,0.2745570223170069,3.2008510743744933
23.629292848401942,1.46619708327242,2.2619667345758927
23.629292848401942,1.46619708327242,2.2619667345758927
26.233199342176587,1.4663099121597856,2.4305294482682536
26.233199342176587,1.4663099121597856,2.4305294482682536
26.233199342176587,1.4663099121597856,2.4305294482682536
26.233199342176587,1.4663099121597856,2.4305294482682536
31.87141368054725,1.8106616406249074,2.787780278569202
31.87141368054725,1.8106616406249074,2.787780278569202
28.426878305037214,1.5188458520061165,2.7772127313107564
28.426878305037214,1.5188458520061165,2.7772127313107564
26.8626169210467,1.2627285096598837,2.7807906018980306
26.8626169210467,1.2627285096598837,2.7807906018980306
26.8626169210467,1.2627285096598837,2.7807906018980306
26.257452608466583,1.19417042792359,2.800479063217691
26.257452608466583,1.19417042792359,2.800479063217691
26.257452608466583,1.19417042792359,2.800479063217691
22.370503679428737,1.071181173312417,2.875653703862072
22.370503679428737,1.071181173312417,2.875653703862072
22.370503679428737,1.071181173312417,2.875653703862072
22.370503679428737,1.071181173312417,2.875653703862072
22.370503679428737,1.071181173312417,2.875653703862072
22.370503679428737,1.071181173312417,2.875653703862072
22.370503679428737,1.071181173312417,2.875653703862072
22.370503679428737,1.071181173312417,2.875653703862072
22.370503679428737,1.071181173312417,2.875653703862072
22.370503679428737,1.071181173312417,2.875653703862072
22.370503679428737,1.071181173312417,2.875653703862072
22.370503679428737,1.071181173312417,2.875653703862072
22.370503679428737,1.071181173312417,2.875653703862072
22.370503679428737,1.071181173312417,2.875653703862072
22.370503679428737,1.071181173312417,2.875653703862072
22.370503679428737,1.071181173312417,2.875653703862072
22.561815812763648,0.9012508399466372,2.933858105589878
22.561815812763648,0.9012508399466372,2.933858105589878
22.754910458537854,0.7297372147751715,2.9926048151592872
22.831688189895743,0.20851737738257747,3.144531114263964
22.831688189895743,0.20851737738257747,3.144531114263964
22.87030859060225,0.2088136571818372,3.144372444527861
22.87030859060225,0.2088136571818372,3.144372444527861
22.87030859060225,0.2088136571818372,3.144372444527861
22.87030859060225,0.2088136571818372,3.144372444527861
22.76509864672996,0.33132218105292643,3.129282006347875
22.76509864672996,0.33132218105292643,3.129282006347875
22.67005834277162,0.37353851490898604,3.0970006227485345
22.67005834277162,0.37353851490898604,3.0970006227485345
22.67005834277162,0.37353851490898604,3.0970006227485345
22.67005834277162,0.37353851490898604,3.0970006227485345
22.67005834277162,0.37353851490898604,3.0970006227485345
22.666983611583955,0.24009048498644492,3.131767188283715
22.666983611583955,0.24009048498644492,3.131767188283715
22.665158941740497,0.23910588548506756,3.1314611588094237
22.665158941740497,0.23910588548506756,3.1314611588094237
22.629892212951596,0.22007581069906923,3.12554630330286
22.629892212951596,0.22007581069906923,3.12554630330286
22.629892212951596,0.22007581069906923,3.12554630330286
22.515513356881865,0.016850369217059735,3.2122070758474046
22.515513356881865,0.016850369217059735,3.2122070758474046
22.515513356881865,0.016850369217059735,3.2122070758474046
22.515513356881865,0.016850369217059735,3.2122070758474046
22.515513356881865,0.016850369217059735,3.2122070758474046
22.515513356881865,0.016850369217059735,3.2122070758474046
22.515513356881865,0.016850369217059735,3.2122070758474046
22.515513356881865,0.016850369217059735,3.2122070758474046
22.515513356881865,0.016850369217059735,3.2122070758474046
22.515513356881865,0.016850369217059735,3.2122070758474046
22.515513356881865,0.016850369217059735,3.2122070758474046
22.515513356881865,0.016850369217059735,3.2122070758474046
22.515513356881865,0.016850369217059735,3.2122070758474046
22.515513356881865,0.016850369217059735,3.2122070758474046
22.63329327747259,0.1399981125412682,3.1166504315729546
22.63329327747259,0.1399981125412682,3.1166504315729546
22.63329327747259,0.1399981125412682,3.1166504315729546
22.63329327747259,0.1399981125412682,3.1166504315729546
22.63329327747259,0.1399981125412682,3.1166504315729546
22.63329327747259,0.1399981125412682,3.1166504315729546
22.63187929568973,0.13636260936608158,3.1173164382709952
22.63187929568973,0.13636260936608158,3.1173164382709952
22.63187929568973,0.13636260936608158,3.1173164382709952
22.63187929568973,0.13636260936608158,3.1173164382709952
22.63187929568973,0.13636260936608158,3.1173164382709952
22.63187929568973,0.13636260936608158,3.1173164382709952
22.63187929568973,0.13636260936608158,3.1173164382709952
22.63187929568973,0.13636260936608158,3.1173164382709952
22.63187929568973,0.13636260936608158,3.1173164382709952
22.63187929568973,0.13636260936608158,3.1173164382709952
22.63187929568973,0.13636260936608158,3.1173164382709952
22.621665623671557,0.11455624728556019,3.1314660510118624
22.627829231723815,0.12232533585349992,3.1173603316384457
22.676875257303138,0.015151699698220389,3.163103700462222
22.676875257303138,0.015151699698220389,3.163103700462222
22.676875257303138,0.015151699698220389,3.163103700462222
22.676875257303138,0.015151699698220389,3.163103700462222
22.676875257303138,0.015151699698220389,3.163103700462222
22.676875257303138,0.015151699698220389,3.163103700462222
22.676875257303138,0.015151699698220389,3.163103700462222
22.676875257303138,0.015151699698220389,3.163103700462222
22.676875257303138,0.015151699698220389,3.163103700462222
22.676875257303138,0.015151699698220389,3.163103700462222
22.676875257303138,0.015151699698220389,3.163103700462222
22.676875257303138,0.015151699698220389,3.163103700462222
22.676875257303138,0.015151699698220389,3.163103700462222
22.675746787172713,0.01517696087756458,3.1636418589766273
22.675746787172713,0.01517696087756458,3.1636418589766273
22.675746787172713,0.01517696087756458,3.1636418589766273
22.675746787172713,0.01517696087756458,3.1636418589766273
22.675746787172713,0.01517696087756458,3.1636418589766273
22.675746787172713,0.01517696087756458,3.1636418589766273
22.676659434399884,0.01129234176569932,3.163992908725807
22.676659434399884,0.01129234176569932,3.163992908725807
22.676659434399884,0.01129234176569932,3.163992908725807
22.676659434399884,0.01129234176569932,3.163992908725807
22.676659434399884,0.01129234176569932,3.163992908725807
22.676659434399884,0.01129234176569932,3.163992908725807
22.676659434399884,0.01129234176569932,3.163992908725807
22.676659434399884,0.01129234176569932,3.163992908725807
22.676659434399884,0.01129234176569932,3.163992908725807
22.676659434399884,0.01129234176569932,3.163992908725807
22.676659434399884,0.01129234176569932,3.163992908725807
22.676659434399884,0.01129234176569932,3.163992908725807
22.676659434399884,0.01129234176569932,3.163992908725807
17.101227891991595,1.0161503367391447,1.966673918715397
16.0245792132338,1.0649162645470642,2.2864647768338853
16.260919153361332,1.077400992003061,2.288330217957065
16.260919153361332,1.077400992003061,2.288330217957065
16.260919153361332,1.077400992003061,2.288330217957065
16.260919153361332,1.077400992003061,2.288330217957065
16.260919153361332,1.077400992003061,2.288330217957065
16.260919153361332,1.077400992003061,2.288330217957065
16.260919153361332,1.077400992003061,2.288330217957065
17.10255930285634,0.5816019203406212,2.6329821838533394
17.10255930285634,0.5816019203406212,2.6329821838533394
17.10255930285634,0.5816019203406212,2.6329821838533394
17.10255930285634,0.5816019203406212,2.6329821838533394
17.10255930285634,0.5816019203406212,2.6329821838533394
16.03412908680665,0.369732144303911,2.639147192993444
16.03412908680665,0.369732144303911,2.639147192993444
15.520462315198658,0.34017016785976206,2.648418431222161
15.520462315198658,0.34017016785976206,2.648418431222161
15.520462315198658,0.34017016785976206,2.648418431222161
15.520462315198658,0.34017016785976206,2.648418431222161
15.520462315198658,0.34017016785976206,2.648418431222161
15.520462315198658,0.34017016785976206,2.648418431222161
15.520462315198658,0.34017016785976206,2.648418431222161
15.520462315198658,0.34017016785976206,2.648418431222161
16.5989420912484,0.2750008389435589,2.8873811707204133
16.5989420912484,0.2750008389435589,2.8873811707204133
16.5989420912484,0.2750008389435589,2.8873811707204133
16.5989420912484,0.2750008389435589,2.8873811707204133
13.377640838001255,0.25121156701158853,2.918936224510338
14.437588827860594,0.3361930309316804,2.9066146213507835
14.437588827860594,0.3361930309316804,2.9066146213507835
14.437588827860594,0.3361930309316804,2.9066146213507835
14.437588827860594,0.3361930309316804,2.9066146213507835
14.437588827860594,0.3361930309316804,2.9066146213507835
14.437588827860594,0.3361930309316804,2.9066146213507835
14.437588827860594,0.3361930309316804,2.9066146213507835
14.437588827860594,0.3361930309316804,2.9066146213507835
14.437588827860594,0.3361930309316804,2.9066146213507835
14.567393770588874,0.313729712352813,2.896566982352566
14.567393770588874,0.313729712352813,2.896566982352566
14.567393770588874,0.313729712352813,2.896566982352566
14.567393770588874,0.313729712352813,2.896566982352566
14.567393770588874,0.313729712352813,2.896566982352566
14.567393770588874,0.313729712352813,2.896566982352566
14.567393770588874,0.313729712352813,2.896566982352566
13.391686184335864,0.31166174197271745,3.009816295537267
12.6841031585493,0.3104171631710713,3.07797379713753
12.6841031585493,0.3104171631710713,3.07797379713753
12.6841031585493,0.3104171631710713,3.07797379713753
12.6841031585493,0.3104171631710713,3.07797379713753
12.6841031585493,0.3104171631710713,3.07797379713753
12.6841031585493,0.3104171631710713,3.07797379713753
12.6841031585493,0.3104171631710713,3.07797379713753
12.6841031585493,0.3104171631710713,3.07797379713753
12.6841031585493,0.3104171631710713,3.07797379713753
12.42226229131553,0.3740514719069916,3.0638881764985078
12.42226229131553,0.3740514719069916,3.0638881764985078
12.42226229131553,0.3740514719069916,3.0638881764985078
12.42226229131553,0.3740514719069916,3.0638881764985078
11.545866917323153,0.33873695084050864,3.073222626447419
11.545866917323153,0.33873695084050864,3.073222626447419
11.542259576635846,0.3887611889175284,3.098509329534588
11.542259576635846,0.3887611889175284,3.098509329534588
11.542259576635846,0.3887611889175284,3.098509329534588
11.542259576635846,0.3887611889175284,3.098509329534588
11.542259576635846,0.3887611889175284,3.098509329534588
11.542259576635846,0.3887611889175284,3.098509329534588
11.542259576635846,0.3887611889175284,3.098509329534588
11.542259576635846,0.3887611889175284,3.098509329534588
11.542259576635846,0.3887611889175284,3.098509329534588
11.542259576635846,0.3887611889175284,3.098509329534588
11.408955370331121,0.3891672486039519,3.096015469330077
11.408955370331121,0.3891672486039519,3.096015469330077
11.408955370331121,0.3891672486039519,3.096015469330077
11.408955370331121,0.3891672486039519,3.096015469330077
11.408955370331121,0.3891672486039519,3.096015469330077
11.408955370331121,0.3891672486039519,3.096015469330077
11.458581460979515,0.39255144270853104,3.0961390565443483
11.458581460979515,0.39255144270853104,3.0961390565443483
11.458581460979515,0.39255144270853104,3.0961390565443483
11.458581460979515,0.39255144270853104,3.0961390565443483
11.458581460979515,0.39255144270853104,3.0961390565443483
11.458581460979515,0.39255144270853104,3.0961390565443483
11.458581460979515,0.39255144270853104,3.0961390565443483
11.458581460979515,0.39255144270853104,3.0961390565443483
11.458581460979515,0.39255144270853104,3.0961390565443483
11.458581460979515,0.39255144270853104,3.0961390565443483
11.458581460979515,0.39255144270853104,3.0961390565443483
11.458581460979515,0.39255144270853104,3.0961390565443483
11.458581460979515,0.39255144270853104,3.0961390565443483
11.507705278189162,0.4089014066990368,3.088864371111495
11.507705278189162,0.4089014066990368,3.088864371111495
11.507705278189162,0.4089014066990368,3.088864371111495
11.507705278189162,0.4089014066990368,3.088864371111495
11.507705278189162,0.4089014066990368,3.088864371111495
11.507705278189162,0.4089014066990368,3.088864371111495
11.507705278189162,0.4089014066990368,3.088864371111495
11.507705278189162,0.4089014066990368,3.088864371111495
11.507705278189162,0.4089014066990368,3.088864371111495
11.507705278189162,0.4089014066990368,3.088864371111495
11.507705278189162,0.4089014066990368,3.088864371111495
11.507705278189162,0.4089014066990368,3.088864371111495
11.514445754592634,0.4086773581635511,3.08904460785873
11.514445754592634,0.4086773581635511,3.08904460785873
11.514445754592634,0.4086773581635511,3.08904460785873
11.514445754592634,0.4086773581635511,3.08904460785873
11.514445754592634,0.4086773581635511,3.08904460785873
11.514445754592634,0.4086773581635511,3.08904460785873
11.514445754592634,0.4086773581635511,3.08904460785873
11.514445754592634,0.4086773581635511,3.08904460785873
11.514445754592634,0.4086773581635511,3.08904460785873
11.514445754592634,0.4086773581635511,3.08904460785873
11.514445754592634,0.4086773581635511,3.08904460785873
11.514445754592634,0.4086773581635511,3.08904460785873
11.514445754592634,0.4086773581635511,3.08904460785873
11.514445754592634,0.4086773581635511,3.08904460785873
11.514445754592634,0.4086773581635511,3.08904460785873
11.514445754592634,0.4086773581635511,3.08904460785873
11.514445754592634,0.4086773581635511,3.08904460785873
11.514445754592634,0.4086773581635511,3.08904460785873
22.03049979799185,1.4422720139250718,3.065771089360678
22.03049979799185,1.4422720139250718,3.065771089360678
22.03049979799185,1.4422720139250718,3.065771089360678
22.03049979799185,1.4422720139250718,3.065771089360678
22.03049979799185,1.4422720139250718,3.065771089360678
22.03049979799185,1.4422720139250718,3.065771089360678
22.03049979799185,1.4422720139250718,3.065771089360678
22.03049979799185,1.4422720139250718,3.065771089360678
23.235056641422496,1.4462820145812716,2.9932212529368165
23.235056641422496,1.4462820145812716,2.9932212529368165
23.235056641422496,1.4462820145812716,2.9932212529368165
23.235056641422496,1.4462820145812716,2.9932212529368165
23.283550501123575,1.4463935609737506,3.208527514836069
23.283550501123575,1.4463935609737506,3.208527514836069
23.283550501123575,1.4463935609737506,3.208527514836069
23.173190462314068,1.4211320406456613,3.149973536318994
23.173190462314068,1.4211320406456613,3.149973536318994
23.173190462314068,1.4211320406456613,3.149973536318994
22.962372580205685,1.4911821860869727,3.2755004925351634
22.962372580205685,1.4911821860869727,3.2755004925351634
22.962372580205685,1.4911821860869727,3.2755004925351634
22.962372580205685,1.4911821860869727,3.2755004925351634
22.962372580205685,1.4911821860869727,3.2755004925351634
22.962372580205685,1.4911821860869727,3.2755004925351634
22.962372580205685,1.4911821860869727,3.2755004925351634
22.962372580205685,1.4911821860869727,3.2755004925351634
22.962372580205685,1.4911821860869727,3.2755004925351634
22.525275183616454,0.9585394100715666,3.2027513402176857
22.525275183616454,0.9585394100715666,3.2027513402176857
22.525275183616454,0.9585394100715666,3.2027513402176857
22.525275183616454,0.9585394100715666,3.2027513402176857
22.525275183616454,0.9585394100715666,3.2027513402176857
22.507702268859898,0.9629016317040042,3.2522892111507087
22.507702268859898,0.9629016317040042,3.2522892111507087
22.507702268859898,0.9629016317040042,3.2522892111507087
22.507702268859898,0.9629016317040042,3.2522892111507087
22.507702268859898,0.9629016317040042,3.2522892111507087
22.507702268859898,0.9629016317040042,3.2522892111507087
22.507702268859898,0.9629016317040042,3.2522892111507087
22.507702268859898,0.9629016317040042,3.2522892111507087
22.546043980097487,0.9745929888928294,3.1896315152919352
22.546043980097487,0.9745929888928294,3.1896315152919352
22.546043980097487,0.9745929888928294,3.1896315152919352
22.546043980097487,0.9745929888928294,3.1896315152919352
22.546043980097487,0.9745929888928294,3.1896315152919352
22.546043980097487,0.9745929888928294,3.1896315152919352
22.700298379552308,1.0703660582335512,3.2768576532012177
22.698459540140483,1.0645759569598734,3.2349149939895954
22.698459540140483,1.0645759569598734,3.2349149939895954
22.698459540140483,1.0645759569598734,3.2349149939895954
22.698459540140483,1.0645759569598734,3.2349149939895954
22.698459540140483,1.0645759569598734,3.2349149939895954
22.698459540140483,1.0645759569598734,3.2349149939895954
22.698459540140483,1.0645759569598734,3.2349149939895954
22.698459540140483,1.0645759569598734,3.2349149939895954
22.698459540140483,1.0645759569598734,3.2349149939895954
22.698459540140483,1.0645759569598734,3.2349149939895954
22.731989992694164,1.0862987912356115,3.1536662206701442
22.731989992694164,1.0862987912356115,3.1536662206701442
22.731989992694164,1.0862987912356115,3.1536662206701442
22.731989992694164,1.0862987912356115,3.1536662206701442
22.731989992694164,1.0862987912356115,3.1536662206701442
22.731989992694164,1.0862987912356115,3.1536662206701442
22.731989992694164,1.0862987912356115,3.1536662206701442
22.777271412971242,1.2705838204201587,3.213697039209073
22.777271412971242,1.2705838204201587,3.213697039209073
22.7328555001897,0.9837466446243364,3.1437857856792135
22.731657895681366,0.9758042300026134,3.1417934112699255
22.731657895681366,0.9758042300026134,3.1417934112699255
22.731657895681366,0.9758042300026134,3.1417934112699255
22.731657895681366,0.9758042300026134,3.1417934112699255
22.731657895681366,0.9758042300026134,3.1417934112699255
22.731657895681366,0.9758042300026134,3.1417934112699255
22.731657895681366,0.9758042300026134,3.1417934112699255
22.731657895681366,0.9758042300026134,3.1417934112699255
22.636322535483348,1.015690076006645,3.180226029209939
22.636322535483348,1.015690076006645,3.180226029209939
22.636322535483348,1.015690076006645,3.180226029209939
22.636322535483348,1.015690076006645,3.180226029209939
22.636322535483348,1.015690076006645,3.180226029209939
22.636322535483348,1.015690076006645,3.180226029209939
22.636322535483348,1.015690076006645,3.180226029209939
22.636322535483348,1.015690076006645,3.180226029209939
22.64151977553185,0.8450950112875514,3.080956920921489
22.64151977553185,0.8450950112875514,3.080956920921489
22.64151977553185,0.8450950112875514,3.080956920921489
22.64151977553185,0.8450950112875514,3.080956920921489
22.663657612943737,0.8158371993742198,3.0736610941453866
22.663657612943737,0.8158371993742198,3.0736610941453866
22.706174670355036,0.786420391689568,3.0744645468380094
22.706174670355036,0.786420391689568,3.0744645468380094
22.706174670355036,0.786420391689568,3.0744645468380094
22.706174670355036,0.786420391689568,3.0744645468380094
22.706174670355036,0.786420391689568,3.0744645468380094
22.706174670355036,0.786420391689568,3.0744645468380094
22.706174670355036,0.786420391689568,3.0744645468380094
22.706174670355036,0.786420391689568,3.0744645468380094
22.662540955771835,0.7065976531328896,3.0584951830187115
22.673525196252896,0.6214506788616715,3.05788918947034
22.673525196252896,0.6214506788616715,3.05788918947034
22.673525196252896,0.6214506788616715,3.05788918947034
22.61505767785404,0.5323895663568033,3.0865501882043613
22.61505767785404,0.5323895663568033,3.0865501882043613
22.61505767785404,0.5323895663568033,3.0865501882043613
22.58160708432076,0.5378456602062175,3.0923002601752847
22.598335229657465,0.5977472635188965,3.0776031310667635
22.598335229657465,0.5977472635188965,3.0776031310667635
22.598335229657465,0.5977472635188965,3.0776031310667635
22.598335229657465,0.5977472635188965,3.0776031310667635
22.67915417567365,0.47373685666698806,3.0850678099071835
22.67915417567365,0.47373685666698806,3.0850678099071835
22.67915417567365,0.47373685666698806,3.0850678099071835
22.67915417567365,0.47373685666698806,3.0850678099071835
22.67915417567365,0.47373685666698806,3.0850678099071835
22.67915417567365,0.47373685666698806,3.0850678099071835
22.676375609097803,0.5006866711260012,3.09105453427202
22.676375609097803,0.5006866711260012,3.09105453427202
22.676375609097803,0.5006866711260012,3.09105453427202
22.674468495806067,0.48861134140203033,3.08639931181399
22.674468495806067,0.48861134140203033,3.08639931181399
13.412632314049695,0.872918374309922,2.653652716220969
14.462514016567063,0.6047557831795747,2.4943627882084805
14.462514016567063,0.6047557831795747,2.4943627882084805
14.462514016567063,0.6047557831795747,2.4943627882084805
14.462514016567063,0.6047557831795747,2.4943627882084805
14.462514016567063,0.6047557831795747,2.4943627882084805
14.462514016567063,0.6047557831795747,2.4943627882084805
14.462514016567063,0.6047557831795747,2.4943627882084805
14.462514016567063,0.6047557831795747,2.4943627882084805
14.462514016567063,0.6047557831795747,2.4943627882084805
14.462514016567063,0.6047557831795747,2.4943627882084805
14.462514016567063,0.6047557831795747,2.4943627882084805
14.462514016567063,0.6047557831795747,2.4943627882084805
14.462514016567063,0.6047557831795747,2.4943627882084805
14.462514016567063,0.6047557831795747,2.4943627882084805
14.462514016567063,0.6047557831795747,2.4943627882084805
14.462514016567063,0.6047557831795747,2.4943627882084805
14.462514016567063,0.6047557831795747,2.4943627882084805
14.462514016567063,0.6047557831795747,2.4943627882084805
14.462514016567063,0.6047557831795747,2.4943627882084805
14.462514016567063,0.6047557831795747,2.4943627882084805
14.462514016567063,0.6047557831795747,2.4943627882084805
14.462514016567063,0.6047557831795747,2.4943627882084805
14.462514016567063,0.6047557831795747,2.4943627882084805
14.462514016567063,0.6047557831795747,2.4943627882084805
14.57399221396815,0.6792804128961387,2.651756522859008
14.57399221396815,0.6792804128961387,2.651756522859008
14.57399221396815,0.6792804128961387,2.651756522859008
14.57399221396815,0.6792804128961387,2.651756522859008
16.778321256147823,0.44180497326113183,3.061375600717086
14.424124530967383,0.18838482153417446,3.1588464271274557
14.424124530967383,0.18838482153417446,3.1588464271274557
14.424124530967383,0.18838482153417446,3.1588464271274557
14.424124530967383,0.18838482153417446,3.1588464271274557
14.424124530967383,0.18838482153417446,3.1588464271274557
14.424124530967383,0.18838482153417446,3.1588464271274557
14.424124530967383,0.18838482153417446,3.1588464271274557
14.424124530967383,0.18838482153417446,3.1588464271274557
14.424124530967383,0.18838482153417446,3.1588464271274557
14.424124530967383,0.18838482153417446,3.1588464271274557
14.424124530967383,0.18838482153417446,3.1588464271274557
14.424124530967383,0.18838482153417446,3.1588464271274557
14.424124530967383,0.18838482153417446,3.1588464271274557
14.424124530967383,0.18838482153417446,3.1588464271274557
14.424124530967383,0.18838482153417446,3.1588464271274557
14.424124530967383,0.18838482153417446,3.1588464271274557
14.424124530967383,0.18838482153417446,3.1588464271274557
14.424124530967383,0.18838482153417446,3.1588464271274557
14.424124530967383,0.18838482153417446,3.1588464271274557
14.424124530967383,0.18838482153417446,3.1588464271274557
14.424124530967383,0.18838482153417446,3.1588464271274557
14.424124530967383,0.18838482153417446,3.1588464271274557
14.424124530967383,0.18838482153417446,3.1588464271274557
14.424124530967383,0.18838482153417446,3.1588464271274557
14.424124530967383,0.18838482153417446,3.1588464271274557
14.424124530967383,0.18838482153417446,3.1588464271274557
14.424124530967383,0.18838482153417446,3.1588464271274557
14.460625857158895,0.22015026534933407,3.161583359541237
14.460625857158895,0.22015026534933407,3.161583359541237
14.460625857158895,0.22015026534933407,3.161583359541237
14.583972725379656,0.22845453256400827,3.1585830158631967
14.583972725379656,0.22845453256400827,3.1585830158631967
14.583972725379656,0.22845453256400827,3.1585830158631967
14.583972725379656,0.22845453256400827,3.1585830158631967
14.583972725379656,0.22845453256400827,3.1585830158631967
14.583972725379656,0.22845453256400827,3.1585830158631967
14.583972725379656,0.22845453256400827,3.1585830158631967
14.583972725379656,0.22845453256400827,3.1585830158631967
14.583972725379656,0.22845453256400827,3.1585830158631967
14.583972725379656,0.22845453256400827,3.1585830158631967
14.583972725379656,0.22845453256400827,3.1585830158631967
14.583972725379656,0.22845453256400827,3.1585830158631967
14.583972725379656,0.22845453256400827,3.1585830158631967
14.583972725379656,0.22845453256400827,3.1585830158631967
14.583972725379656,0.22845453256400827,3.1585830158631967
14.583972725379656,0.22845453256400827,3.1585830158631967
10.551845211845476,0.12437008420798634,3.295403194360064
10.551845211845476,0.12437008420798634,3.295403194360064
10.551845211845476,0.12437008420798634,3.295403194360064
10.551845211845476,0.12437008420798634,3.295403194360064
10.722129315870049,0.13258044307170347,3.291133899637403
10.722129315870049,0.13258044307170347,3.291133899637403
10.722129315870049,0.13258044307170347,3.291133899637403
10.722129315870049,0.13258044307170347,3.291133899637403
10.722129315870049,0.13258044307170347,3.291133899637403
10.722129315870049,0.13258044307170347,3.291133899637403
10.722129315870049,0.13258044307170347,3.291133899637403
10.722129315870049,0.13258044307170347,3.291133899637403
10.722129315870049,0.13258044307170347,3.291133899637403
10.722129315870049,0.13258044307170347,3.291133899637403
10.722129315870049,0.13258044307170347,3.291133899637403
10.722129315870049,0.13258044307170347,3.291133899637403
10.722129315870049,0.13258044307170347,3.291133899637403
10.722129315870049,0.13258044307170347,3.291133899637403
10.722129315870049,0.13258044307170347,3.291133899637403
10.722129315870049,0.13258044307170347,3.291133899637403
10.722129315870049,0.13258044307170347,3.291133899637403
10.722129315870049,0.13258044307170347,3.291133899637403
10.722129315870049,0.13258044307170347,3.291133899637403
10.722129315870049,0.13258044307170347,3.291133899637403
11.151902030493813,0.1337351725127767,3.2854253913243556
11.151902030493813,0.1337351725127767,3.2854253913243556
11.151902030493813,0.1337351725127767,3.2854253913243556
11.151902030493813,0.1337351725127767,3.2854253913243556
11.267043299897665,0.27819858576761697,3.322587566308208
11.267043299897665,0.27819858576761697,3.322587566308208
11.267043299897665,0.27819858576761697,3.322587566308208
11.267043299897665,0.27819858576761697,3.322587566308208
11.267043299897665,0.27819858576761697,3.322587566308208
11.267043299897665,0.27819858576761697,3.322587566308208
11.400876119268975,0.2657343194843636,3.2452049317630065
11.400876119268975,0.2657343194843636,3.2452049317630065
11.400876119268975,0.2657343194843636,3.2452049317630065
11.400876119268975,0.2657343194843636,3.2452049317630065
11.400876119268975,0.2657343194843636,3.2452049317630065
11.400876119268975,0.2657343194843636,3.2452049317630065
11.400876119268975,0.2657343194843636,3.2452049317630065
11.400876119268975,0.2657343194843636,3.2452049317630065
11.400876119268975,0.2657343194843636,3.2452049317630065
11.400876119268975,0.2657343194843636,3.2452049317630065
15.582637165971688,0.9465272722031861,2.255702716026354
15.582637165971688,0.9465272722031861,2.255702716026354
15.582637165971688,0.9465272722031861,2.255702716026354
15.582637165971688,0.9465272722031861,2.255702716026354
15.582637165971688,0.9465272722031861,2.255702716026354
15.582637165971688,0.9465272722031861,2.255702716026354
15.582637165971688,0.9465272722031861,2.255702716026354
15.582637165971688,0.9465272722031861,2.255702716026354
15.582637165971688,0.9465272722031861,2.255702716026354
15.582637165971688,0.9465272722031861,2.255702716026354
15.582637165971688,0.9465272722031861,2.255702716026354
15.582637165971688,0.9465272722031861,2.255702716026354
17.346755752165095,0.6907542823370485,2.7599044242674333
17.346755752165095,0.6907542823370485,2.7599044242674333
17.346755752165095,0.6907542823370485,2.7599044242674333
17.346755752165095,0.6907542823370485,2.7599044242674333
17.2499088889091,0.6149466897300976,2.8053953501507713
13.830489371227596,0.503975505397245,2.999521885975981
11.70916315286233,0.5111976861502786,3.003153592088004
11.70916315286233,0.5111976861502786,3.003153592088004
11.682736286483536,0.622369864898035,3.0553190278459432
11.716607783153433,0.5747629851832796,3.337966527463549
11.716607783153433,0.5747629851832796,3.337966527463549
11.716607783153433,0.5747629851832796,3.337966527463549
11.716607783153433,0.5747629851832796,3.337966527463549
11.716607783153433,0.5747629851832796,3.337966527463549
11.716607783153433,0.5747629851832796,3.337966527463549
11.716607783153433,0.5747629851832796,3.337966527463549
11.716607783153433,0.5747629851832796,3.337966527463549
11.716607783153433,0.5747629851832796,3.337966527463549
11.716607783153433,0.5747629851832796,3.337966527463549
11.716607783153433,0.5747629851832796,3.337966527463549
11.716607783153433,0.5747629851832796,3.337966527463549
11.760926923316978,0.5508537969849591,3.365538226967603
11.760926923316978,0.5508537969849591,3.365538226967603
11.760926923316978,0.5508537969849591,3.365538226967603
11.760926923316978,0.5508537969849591,3.365538226967603
11.760926923316978,0.5508537969849591,3.365538226967603
11.760926923316978,0.5508537969849591,3.365538226967603
11.760926923316978,0.5508537969849591,3.365538226967603
11.760926923316978,0.5508537969849591,3.365538226967603
11.760926923316978,0.5508537969849591,3.365538226967603
11.760926923316978,0.5508537969849591,3.365538226967603
11.760926923316978,0.5508537969849591,3.365538226967603
11.760926923316978,0.5508537969849591,3.365538226967603
11.760926923316978,0.5508537969849591,3.365538226967603
11.760926923316978,0.5508537969849591,3.365538226967603
14.604517425430387,0.41979393416956745,3.2879270817946855
14.604517425430387,0.41979393416956745,3.2879270817946855
14.604517425430387,0.41979393416956745,3.2879270817946855
14.604517425430387,0.41979393416956745,3.2879270817946855
14.604517425430387,0.41979393416956745,3.2879270817946855
12.600017288238053,0.5164324291631178,3.3828085434085855
12.600017288238053,0.5164324291631178,3.3828085434085855
12.600017288238053,0.5164324291631178,3.3828085434085855
12.600017288238053,0.5164324291631178,3.3828085434085855
12.600017288238053,0.5164324291631178,3.3828085434085855
12.600017288238053,0.5164324291631178,3.3828085434085855
12.600017288238053,0.5164324291631178,3.3828085434085855
12.600017288238053,0.5164324291631178,3.3828085434085855
12.640139592448426,0.5153569941434193,3.391041876925912
12.640139592448426,0.5153569941434193,3.391041876925912
12.640139592448426,0.5153569941434193,3.391041876925912
12.640139592448426,0.5153569941434193,3.391041876925912
12.640139592448426,0.5153569941434193,3.391041876925912
12.63441909963376,0.5169128072484177,3.392497491948742
12.63441909963376,0.5169128072484177,3.392497491948742
12.63441909963376,0.5169128072484177,3.392497491948742
12.63441909963376,0.5169128072484177,3.392497491948742
12.63441909963376,0.5169128072484177,3.392497491948742
12.63441909963376,0.5169128072484177,3.392497491948742
12.674160297929596,0.5179374293219084,3.403863050586846
12.674160297929596,0.5179374293219084,3.403863050586846
12.674160297929596,0.5179374293219084,3.403863050586846
12.674160297929596,0.5179374293219084,3.403863050586846
12.674160297929596,0.5179374293219084,3.403863050586846
12.674160297929596,0.5179374293219084,3.403863050586846
12.674160297929596,0.5179374293219084,3.403863050586846
12.674160297929596,0.5179374293219084,3.403863050586846
12.674160297929596,0.5179374293219084,3.403863050586846
12.674160297929596,0.5179374293219084,3.403863050586846
12.66324984011932,0.5105270675136787,3.3997968207061344
12.460399965476583,0.5097842815538299,3.402727483316279
12.450012567782643,0.5440723820482001,3.4347305047137016
12.450012567782643,0.5440723820482001,3.4347305047137016
12.450012567782643,0.5440723820482001,3.4347305047137016
12.450012567782643,0.5440723820482001,3.4347305047137016
12.450012567782643,0.5440723820482001,3.4347305047137016
12.450012567782643,0.5440723820482001,3.4347305047137016
12.450012567782643,0.5440723820482001,3.4347305047137016
12.450012567782643,0.5440723820482001,3.4347305047137016
12.450012567782643,0.5440723820482001,3.4347305047137016
12.450012567782643,0.5440723820482001,3.4347305047137016
12.445519713180364,0.5433585558495502,3.4334694973237836
12.445519713180364,0.5433585558495502,3.4334694973237836
12.445519713180364,0.5433585558495502,3.4334694973237836
12.445519713180364,0.5433585558495502,3.4334694973237836
12.445519713180364,0.5433585558495502,3.4334694973237836
12.445519713180364,0.5433585558495502,3.4334694973237836
12.445519713180364,0.5433585558495502,3.4334694973237836
12.460804824455833,0.517291101526286,3.415819409862336
12.460804824455833,0.517291101526286,3.415819409862336
12.460804824455833,0.517291101526286,3.415819409862336
12.460804824455833,0.517291101526286,3.415819409862336
12.460804824455833,0.517291101526286,3.415819409862336
12.460804824455833,0.517291101526286,3.415819409862336
12.460804824455833,0.517291101526286,3.415819409862336
12.460804824455833,0.517291101526286,3.415819409862336
12.460804824455833,0.517291101526286,3.415819409862336
12.460804824455833,0.517291101526286,3.415819409862336
12.460804824455833,0.517291101526286,3.415819409862336
12.460804824455833,0.517291101526286,3.415819409862336
12.460804824455833,0.517291101526286,3.415819409862336
12.460804824455833,0.517291101526286,3.415819409862336
12.460804824455833,0.517291101526286,3.415819409862336
12.460804824455833,0.517291101526286,3.415819409862336
12.460804824455833,0.517291101526286,3.415819409862336
12.460804824455833,0.517291101526286,3.415819409862336
12.460804824455833,0.517291101526286,3.415819409862336
12.460804824455833,0.517291101526286,3.415819409862336
117.2846720665384,0.32867391609692453,1.6895648909420307
116.59751050045072,0.40529909780648776,1.7213458104955244
116.59751050045072,0.40529909780648776,1.7213458104955244
116.59751050045072,0.40529909780648776,1.7213458104955244
116.59751050045072,0.40529909780648776,1.7213458104955244
116.59751050045072,0.40529909780648776,1.7213458104955244
116.59751050045072,0.40529909780648776,1.7213458104955244
116.59751050045072,0.40529909780648776,1.7213458104955244
116.59751050045072,0.40529909780648776,1.7213458104955244
116.59751050045072,0.40529909780648776,1.7213458104955244
116.59751050045072,0.40529909780648776,1.7213458104955244
116.59751050045072,0.40529909780648776,1.7213458104955244
116.59751050045072,0.40529909780648776,1.7213458104955244
116.59751050045072,0.40529909780648776,1.7213458104955244
116.59751050045072,0.40529909780648776,1.7213458104955244
116.59751050045072,0.40529909780648776,1.7213458104955244
116.59751050045072,0.40529909780648776,1.7213458104955244
116.59751050045072,0.40529909780648776,1.7213458104955244
112.7116690907892,0.5013607728151693,1.9850420549334904
112.7116690907892,0.5013607728151693,1.9850420549334904
112.7116690907892,0.5013607728151693,1.9850420549334904
112.7116690907892,0.5013607728151693,1.9850420549334904
112.7116690907892,0.5013607728151693,1.9850420549334904
112.7116690907892,0.5013607728151693,1.9850420549334904
112.7116690907892,0.5013607728151693,1.9850420549334904
112.7116690907892,0.5013607728151693,1.9850420549334904
112.7116690907892,0.5013607728151693,1.9850420549334904
112.7116690907892,0.5013607728151693,1.9850420549334904
112.71732216761814,0.6285797142596783,2.2383647874605455
112.71732216761814,0.6285797142596783,2.2383647874605455
112.71732216761814,0.6285797142596783,2.2383647874605455
112.71732216761814,0.6285797142596783,2.2383647874605455
112.71732216761814,0.6285797142596783,2.2383647874605455
112.59956734657919,0.48548734204440896,2.2159638858316777
112.59956734657919,0.48548734204440896,2.2159638858316777
112.59956734657919,0.48548734204440896,2.2159638858316777
112.59956734657919,0.48548734204440896,2.2159638858316777
112.55081437792762,0.4262440951408947,2.2066894421592798
112.55081437792762,0.4262440951408947,2.2066894421592798
112.55081437792762,0.4262440951408947,2.2066894421592798
112.55081437792762,0.4262440951408947,2.2066894421592798
112.52220273658169,0.39147602707336954,2.201246551944037
112.52220273658169,0.39147602707336954,2.201246551944037
112.52220273658169,0.39147602707336954,2.201246551944037
112.52220273658169,0.39147602707336954,2.201246551944037
112.52220273658169,0.39147602707336954,2.201246551944037
112.52220273658169,0.39147602707336954,2.201246551944037
112.52220273658169,0.39147602707336954,2.201246551944037
112.52220273658169,0.39147602707336954,2.201246551944037
112.52220273658169,0.39147602707336954,2.201246551944037
112.7813644114928,0.830947127181442,2.7851452148494693
112.7813644114928,0.830947127181442,2.7851452148494693
112.7813644114928,0.830947127181442,2.7851452148494693
112.7813644114928,0.830947127181442,2.7851452148494693
112.7813644114928,0.830947127181442,2.7851452148494693
112.7813644114928,0.830947127181442,2.7851452148494693
112.7813644114928,0.830947127181442,2.7851452148494693
112.7813644114928,0.830947127181442,2.7851452148494693
112.7813644114928,0.830947127181442,2.7851452148494693
112.73243922017107,0.7077039602343504,2.7329681236399552
112.73243922017107,0.7077039602343504,2.7329681236399552
112.73243922017107,0.7077039602343504,2.7329681236399552
112.7025001733976,0.6493223359258966,2.6746808976045973
112.7025001733976,0.6493223359258966,2.6746808976045973
112.7025001733976,0.6493223359258966,2.6746808976045973
112.7025001733976,0.6493223359258966,2.6746808976045973
112.7025001733976,0.6493223359258966,2.6746808976045973
112.65915310118251,0.5322432120026211,2.6406565556927655
112.65915310118251,0.5322432120026211,2.6406565556927655
112.65915310118251,0.5322432120026211,2.6406565556927655
112.65915310118251,0.5322432120026211,2.6406565556927655
112.65915310118251,0.5322432120026211,2.6406565556927655
112.65915310118251,0.5322432120026211,2.6406565556927655
112.66783222858611,0.5484709773126735,2.645353175994028
112.66783222858611,0.5484709773126735,2.645353175994028
112.66783222858611,0.5484709773126735,2.645353175994028
112.66783222858611,0.5484709773126735,2.645353175994028
112.66783222858611,0.5484709773126735,2.645353175994028
112.66783222858611,0.5484709773126735,2.645353175994028
112.66783222858611,0.5484709773126735,2.645353175994028
112.66783222858611,0.5484709773126735,2.645353175994028
112.66783222858611,0.5484709773126735,2.645353175994028
112.66783222858611,0.5484709773126735,2.645353175994028
112.66783222858611,0.5484709773126735,2.645353175994028
112.66783222858611,0.5484709773126735,2.645353175994028
112.66783222858611,0.5484709773126735,2.645353175994028
112.66783222858611,0.5484709773126735,2.645353175994028
112.66783222858611,0.5484709773126735,2.645353175994028
112.66783222858611,0.5484709773126735,2.645353175994028
112.66783222858611,0.5484709773126735,2.645353175994028
112.66783222858611,0.5484709773126735,2.645353175994028
112.66783222858611,0.5484709773126735,2.645353175994028
112.66783222858611,0.5484709773126735,2.645353175994028
112.66783222858611,0.5484709773126735,2.645353175994028
112.66783222858611,0.5484709773126735,2.645353175994028
112.66783222858611,0.5484709773126735,2.645353175994028
112.66783222858611,0.5484709773126735,2.645353175994028
112.66783222858611,0.5484709773126735,2.645353175994028
112.66783222858611,0.5484709773126735,2.645353175994028
112.66783222858611,0.5484709773126735,2.645353175994028
112.66783222858611,0.5484709773126735,2.645353175994028
112.59372514173923,0.5751741036340243,2.602388294712059
112.59372514173923,0.5751741036340243,2.602388294712059
112.59372514173923,0.5751741036340243,2.602388294712059
112.59372514173923,0.5751741036340243,2.602388294712059
112.59372514173923,0.5751741036340243,2.602388294712059
112.59372514173923,0.5751741036340243,2.602388294712059
112.59372514173923,0.5751741036340243,2.602388294712059
112.59372514173923,0.5751741036340243,2.602388294712059
112.59372514173923,0.5751741036340243,2.602388294712059
112.59372514173923,0.5751741036340243,2.602388294712059
112.59372514173923,0.5751741036340243,2.602388294712059
112.59372514173923,0.5751741036340243,2.602388294712059
112.59372514173923,0.5751741036340243,2.602388294712059
112.59372514173923,0.5751741036340243,2.602388294712059
112.59372514173923,0.5751741036340243,2.602388294712059
112.59372514173923,0.5751741036340243,2.602388294712059
112.59372514173923,0.5751741036340243,2.602388294712059
112.59372514173923,0.5751741036340243,2.602388294712059
112.59372514173923,0.5751741036340243,2.602388294712059
32.634151699038966,1.546235837523207,2.3663501652779413
32.634151699038966,1.546235837523207,2.3663501652779413
32.634151699038966,1.546235837523207,2.3663501652779413
30.25947647692928,1.4541843232718035,2.2959089861430906
27.61529779111131,1.4554039097947906,2.315017655283254
28.861791459016366,1.5182148153276338,2.3656224145524343
28.861791459016366,1.5182148153276338,2.3656224145524343
28.861791459016366,1.5182148153276338,2.3656224145524343
28.861791459016366,1.5182148153276338,2.3656224145524343
28.861791459016366,1.5182148153276338,2.3656224145524343
22.78011048250493,1.9393130860076204,2.306454621888282
22.978441703511695,1.9443612144787368,2.369653310367817
23.14251534901633,1.4525194344346146,2.3615734898903984
23.14251534901633,1.4525194344346146,2.3615734898903984
23.14251534901633,1.4525194344346146,2.3615734898903984
23.14251534901633,1.4525194344346146,2.3615734898903984
22.320204577169257,1.2826441234951558,2.456133856701094
22.320204577169257,1.2826441234951558,2.456133856701094
22.320204577169257,1.2826441234951558,2.456133856701094
22.320204577169257,1.2826441234951558,2.456133856701094
22.320204577169257,1.2826441234951558,2.456133856701094
22.320204577169257,1.2826441234951558,2.456133856701094
22.320204577169257,1.2826441234951558,2.456133856701094
23.297507434436792,1.1388021245126516,2.576540336606148
23.297507434436792,1.1388021245126516,2.576540336606148
23.39452662260936,1.016999710319709,2.570996293756563
23.39452662260936,1.016999710319709,2.570996293756563
23.39452662260936,1.016999710319709,2.570996293756563
23.39025376746529,1.0018688799900188,2.5833302551001776
23.39025376746529,1.0018688799900188,2.5833302551001776
23.39025376746529,1.0018688799900188,2.5833302551001776
23.39025376746529,1.0018688799900188,2.5833302551001776
23.39025376746529,1.0018688799900188,2.5833302551001776
23.39025376746529,1.0018688799900188,2.5833302551001776
23.39025376746529,1.0018688799900188,2.5833302551001776
23.39025376746529,1.0018688799900188,2.5833302551001776
22.253772011537166,0.9139599779900106,2.725492307361918
22.253772011537166,0.9139599779900106,2.725492307361918
22.253772011537166,0.9139599779900106,2.725492307361918
22.253772011537166,0.9139599779900106,2.725492307361918
22.097161172253667,0.7077279469524179,2.8121214939636046
22.097161172253667,0.7077279469524179,2.8121214939636046
22.164216733269672,0.745931925596057,2.8858734994510744
22.549557576316765,0.8079447079100313,2.875129290101455
22.549557576316765,0.8079447079100313,2.875129290101455
22.549557576316765,0.8079447079100313,2.875129290101455
22.549557576316765,0.8079447079100313,2.875129290101455
22.549557576316765,0.8079447079100313,2.875129290101455
22.540742831278575,0.7940006504244491,2.871688120313257
22.571477033150497,0.7106429515437959,2.878667995521142
22.571477033150497,0.7106429515437959,2.878667995521142
22.571477033150497,0.7106429515437959,2.878667995521142
22.571477033150497,0.7106429515437959,2.878667995521142
22.571477033150497,0.7106429515437959,2.878667995521142
22.571477033150497,0.7106429515437959,2.878667995521142
22.571477033150497,0.7106429515437959,2.878667995521142
22.571477033150497,0.7106429515437959,2.878667995521142
22.571477033150497,0.7106429515437959,2.878667995521142
22.571477033150497,0.7106429515437959,2.878667995521142
22.571477033150497,0.7106429515437959,2.878667995521142
22.571477033150497,0.7106429515437959,2.878667995521142
22.571477033150497,0.7106429515437959,2.878667995521142
22.581419541436023,0.6836767522835384,2.8809259837837145
22.581419541436023,0.6836767522835384,2.8809259837837145
22.581419541436023,0.6836767522835384,2.8809259837837145
22.581419541436023,0.6836767522835384,2.8809259837837145
22.581419541436023,0.6836767522835384,2.8809259837837145
22.581419541436023,0.6836767522835384,2.8809259837837145
22.581419541436023,0.6836767522835384,2.8809259837837145
22.581419541436023,0.6836767522835384,2.8809259837837145
22.581419541436023,0.6836767522835384,2.8809259837837145
22.581419541436023,0.6836767522835384,2.8809259837837145
22.581419541436023,0.6836767522835384,2.8809259837837145
22.581419541436023,0.6836767522835384,2.8809259837837145
22.58350527283923,0.674507398422282,2.888273284759856
22.58350527283923,0.674507398422282,2.888273284759856
22.541398779476342,0.6744765291383594,2.8895721450713983
22.541398779476342,0.6744765291383594,2.8895721450713983
22.541398779476342,0.6744765291383594,2.8895721450713983
22.541398779476342,0.6744765291383594,2.8895721450713983
22.547777961496788,0.6794312448707804,2.8944620303110478
22.547777961496788,0.6794312448707804,2.8944620303110478
22.547777961496788,0.6794312448707804,2.8944620303110478
22.547777961496788,0.6794312448707804,2.8944620303110478
22.641320971483392,0.6683784013461637,2.939857242415963
22.631829067540767,0.5641801026482296,3.0076914651542257
22.631829067540767,0.5641801026482296,3.0076914651542257
22.583712844767657,0.3258061938608754,3.1794597436565675
22.583712844767657,0.3258061938608754,3.1794597436565675
22.583712844767657,0.3258061938608754,3.1794597436565675
22.375628362049437,0.031319655453466155,3.3239950857373475
22.375628362049437,0.031319655453466155,3.3239950857373475
22.375628362049437,0.031319655453466155,3.3239950857373475
22.375628362049437,0.031319655453466155,3.3239950857373475
22.375628362049437,0.031319655453466155,3.3239950857373475
22.375628362049437,0.031319655453466155,3.3239950857373475
22.375628362049437,0.031319655453466155,3.3239950857373475
22.375628362049437,0.031319655453466155,3.3239950857373475
22.375628362049437,0.031319655453466155,3.3239950857373475
22.375628362049437,0.031319655453466155,3.3239950857373475
22.375628362049437,0.031319655453466155,3.3239950857373475
22.478792290502653,0.061439107685809666,3.2041603572825617
22.478792290502653,0.061439107685809666,3.2041603572825617
22.478792290502653,0.061439107685809666,3.2041603572825617
22.478792290502653,0.061439107685809666,3.2041603572825617
22.478792290502653,0.061439107685809666,3.2041603572825617
22.478792290502653,0.061439107685809666,3.2041603572825617
22.478792290502653,0.061439107685809666,3.2041603572825617
22.478792290502653,0.061439107685809666,3.2041603572825617
22.478792290502653,0.061439107685809666,3.2041603572825617
22.478792290502653,0.061439107685809666,3.2041603572825617
22.478792290502653,0.061439107685809666,3.2041603572825617
22.478792290502653,0.061439107685809666,3.2041603572825617
22.478792290502653,0.061439107685809666,3.2041603572825617
22.478792290502653,0.061439107685809666,3.2041603572825617
22.478792290502653,0.061439107685809666,3.2041603572825617
22.478792290502653,0.061439107685809666,3.2041603572825617
22.480057618199844,0.0596120142269342,3.224389889998133
22.480057618199844,0.0596120142269342,3.224389889998133
22.462149632573155,0.03126359479713975,3.227436862598469
23.463201239272838,1.4192039126168332,2.21986491773289
23.463201239272838,1.4192039126168332,2.21986491773289
23.463201239272838,1.4192039126168332,2.21986491773289
23.463201239272838,1.4192039126168332,2.21986491773289
23.463201239272838,1.4192039126168332,2.21986491773289
23.463201239272838,1.4192039126168332,2.21986491773289
23.463201239272838,1.4192039126168332,2.21986491773289
23.463201239272838,1.4192039126168332,2.21986491773289
23.4512349843038,1.4081409680473524,2.2250847685499267
23.4512349843038,1.4081409680473524,2.2250847685499267
23.4512349843038,1.4081409680473524,2.2250847685499267
23.4512349843038,1.4081409680473524,2.2250847685499267
22.502860863302097,1.3892838965003889,2.2898537810156467
22.502860863302097,1.3892838965003889,2.2898537810156467
22.502860863302097,1.3892838965003889,2.2898537810156467
22.502860863302097,1.3892838965003889,2.2898537810156467
22.502860863302097,1.3892838965003889,2.2898537810156467
23.157913851448324,1.2646218056935834,2.436880726045357
23.157913851448324,1.2646218056935834,2.436880726045357
23.157913851448324,1.2646218056935834,2.436880726045357
23.157913851448324,1.2646218056935834,2.436880726045357
23.16395020361905,1.3291579884559408,2.456312168917535
23.16395020361905,1.3291579884559408,2.456312168917535
23.16395020361905,1.3291579884559408,2.456312168917535
23.16395020361905,1.3291579884559408,2.456312168917535
23.16395020361905,1.3291579884559408,2.456312168917535
23.16395020361905,1.3291579884559408,2.456312168917535
23.182181226359592,1.137122662439487,2.51834362248381
23.182181226359592,1.137122662439487,2.51834362248381
23.182181226359592,1.137122662439487,2.51834362248381
23.182181226359592,1.137122662439487,2.51834362248381
23.182181226359592,1.137122662439487,2.51834362248381
23.182181226359592,1.137122662439487,2.51834362248381
23.182181226359592,1.137122662439487,2.51834362248381
23.19163670800694,0.7417567145679452,2.818367833818123
23.19163670800694,0.7417567145679452,2.818367833818123
23.40937133281808,0.6632487465178725,2.9159715311874406
23.409648891110653,0.6650091286874856,2.9143275448051797
23.409648891110653,0.6650091286874856,2.9143275448051797
23.409648891110653,0.6650091286874856,2.9143275448051797
23.409648891110653,0.6650091286874856,2.9143275448051797
23.409648891110653,0.6650091286874856,2.9143275448051797
23.409648891110653,0.6650091286874856,2.9143275448051797
23.409648891110653,0.6650091286874856,2.9143275448051797
23.409648891110653,0.6650091286874856,2.9143275448051797
23.409648891110653,0.6650091286874856,2.9143275448051797
23.409648891110653,0.6650091286874856,2.9143275448051797
23.409648891110653,0.6650091286874856,2.9143275448051797
23.409648891110653,0.6650091286874856,2.9143275448051797
23.409648891110653,0.6650091286874856,2.9143275448051797
23.409648891110653,0.6650091286874856,2.9143275448051797
23.409648891110653,0.6650091286874856,2.9143275448051797
23.409648891110653,0.6650091286874856,2.9143275448051797
23.409648891110653,0.6650091286874856,2.9143275448051797
23.24463361189325,0.6601473643040345,2.9181277538802934
23.24463361189325,0.6601473643040345,2.9181277538802934
23.24463361189325,0.6601473643040345,2.9181277538802934
23.24463361189325,0.6601473643040345,2.9181277538802934
23.24463361189325,0.6601473643040345,2.9181277538802934
23.24463361189325,0.6601473643040345,2.9181277538802934
23.24463361189325,0.6601473643040345,2.9181277538802934
23.24463361189325,0.6601473643040345,2.9181277538802934
23.24463361189325,0.6601473643040345,2.9181277538802934
23.25985871083338,0.5782050949333899,2.962710822386415
23.25985871083338,0.5782050949333899,2.962710822386415
23.25985871083338,0.5782050949333899,2.962710822386415
23.29616704758881,0.4475970036468183,2.970195838072666
23.29616704758881,0.4475970036468183,2.970195838072666
23.337300069880232,0.20083926350060266,3.02220876103707
23.337300069880232,0.20083926350060266,3.02220876103707
23.337300069880232,0.20083926350060266,3.02220876103707
23.337300069880232,0.20083926350060266,3.02220876103707
23.337300069880232,0.20083926350060266,3.02220876103707
23.337300069880232,0.20083926350060266,3.02220876103707
23.337300069880232,0.20083926350060266,3.02220876103707
23.337300069880232,0.20083926350060266,3.02220876103707
23.337300069880232,0.20083926350060266,3.02220876103707
23.337300069880232,0.20083926350060266,3.02220876103707
23.337300069880232,0.20083926350060266,3.02220876103707
23.337300069880232,0.20083926350060266,3.02220876103707
23.337300069880232,0.20083926350060266,3.02220876103707
23.337300069880232,0.20083926350060266,3.02220876103707
23.337300069880232,0.20083926350060266,3.02220876103707
23.337300069880232,0.20083926350060266,3.02220876103707
23.337300069880232,0.20083926350060266,3.02220876103707
23.337300069880232,0.20083926350060266,3.02220876103707
23.337300069880232,0.20083926350060266,3.02220876103707
23.337300069880232,0.20083926350060266,3.02220876103707
23.337300069880232,0.20083926350060266,3.02220876103707
23.337300069880232,0.20083926350060266,3.02220876103707
23.337300069880232,0.20083926350060266,3.02220876103707
23.337300069880232,0.20083926350060266,3.02220876103707
23.337300069880232,0.20083926350060266,3.02220876103707
23.337300069880232,0.20083926350060266,3.02220876103707
23.337300069880232,0.20083926350060266,3.02220876103707
23.337300069880232,0.20083926350060266,3.02220876103707
23.337300069880232,0.20083926350060266,3.02220876103707
23.337300069880232,0.20083926350060266,3.02220876103707
23.07399787784973,0.1871817405198697,3.063904702034717
22.91568677771903,0.16234628903613038,3.0024248218760814
22.9106909687135,0.16661522564243936,3.002910600076641
22.9106909687135,0.16661522564243936,3.002910600076641
22.9106909687135,0.16661522564243936,3.002910600076641
23.121116169440953,0.029367572138961462,2.9574109047667605
23.121116169440953,0.029367572138961462,2.9574109047667605
23.121116169440953,0.029367572138961462,2.9574109047667605
23.121116169440953,0.029367572138961462,2.9574109047667605
23.121116169440953,0.029367572138961462,2.9574109047667605
23.121116169440953,0.029367572138961462,2.9574109047667605
23.121116169440953,0.029367572138961462,2.9574109047667605
23.121116169440953,0.029367572138961462,2.9574109047667605
23.121116169440953,0.029367572138961462,2.9574109047667605
23.121116169440953,0.029367572138961462,2.9574109047667605
23.121116169440953,0.029367572138961462,2.9574109047667605
23.121116169440953,0.029367572138961462,2.9574109047667605
23.11968758205397,0.029399680485875233,2.958420322124383
23.11968758205397,0.029399680485875233,2.958420322124383
23.11968758205397,0.029399680485875233,2.958420322124383
23.11968758205397,0.029399680485875233,2.958420322124383
23.11968758205397,0.029399680485875233,2.958420322124383
103.55250526629706,0.5395162887616906,3.7168730893950017
108.41772572771663,0.5069548975660337,3.7815054434967794
108.41772572771663,0.5069548975660337,3.7815054434967794
108.41772572771663,0.5069548975660337,3.7815054434967794
108.41772572771663,0.5069548975660337,3.7815054434967794
108.41772572771663,0.5069548975660337,3.7815054434967794
108.41772572771663,0.5069548975660337,3.7815054434967794
108.41772572771663,0.5069548975660337,3.7815054434967794
108.41772572771663,0.5069548975660337,3.7815054434967794
108.41772572771663,0.5069548975660337,3.7815054434967794
108.41772572771663,0.5069548975660337,3.7815054434967794
108.41772572771663,0.5069548975660337,3.7815054434967794
108.41772572771663,0.5069548975660337,3.7815054434967794
108.41772572771663,0.5069548975660337,3.7815054434967794
108.41772572771663,0.5069548975660337,3.7815054434967794
108.41772572771663,0.5069548975660337,3.7815054434967794
108.41772572771663,0.5069548975660337,3.7815054434967794
108.41772572771663,0.5069548975660337,3.7815054434967794
108.41772572771663,0.5069548975660337,3.7815054434967794
108.41772572771663,0.5069548975660337,3.7815054434967794
108.41772572771663,0.5069548975660337,3.7815054434967794
108.41772572771663,0.5069548975660337,3.7815054434967794
108.41772572771663,0.5069548975660337,3.7815054434967794
108.41772572771663,0.5069548975660337,3.7815054434967794
108.41772572771663,0.5069548975660337,3.7815054434967794
108.41772572771663,0.5069548975660337,3.7815054434967794
108.41772572771663,0.5069548975660337,3.7815054434967794
108.41772572771663,0.5069548975660337,3.7815054434967794
108.41772572771663,0.5069548975660337,3.7815054434967794
108.41772572771663,0.5069548975660337,3.7815054434967794
108.41772572771663,0.5069548975660337,3.7815054434967794
108.41772572771663,0.5069548975660337,3.7815054434967794
108.41772572771663,0.5069548975660337,3.7815054434967794
108.41772572771663,0.5069548975660337,3.7815054434967794
108.41772572771663,0.5069548975660337,3.7815054434967794
108.41772572771663,0.5069548975660337,3.7815054434967794
108.41772572771663,0.5069548975660337,3.7815054434967794
108.41772572771663,0.5069548975660337,3.7815054434967794
108.41772572771663,0.5069548975660337,3.7815054434967794
108.41772572771663,0.5069548975660337,3.7815054434967794
108.41772572771663,0.5069548975660337,3.7815054434967794
108.41772572771663,0.5069548975660337,3.7815054434967794
108.41772572771663,0.5069548975660337,3.7815054434967794
108.41772572771663,0.5069548975660337,3.7815054434967794
108.41772572771663,0.5069548975660337,3.7815054434967794
108.41772572771663,0.5069548975660337,3.7815054434967794
108.41772572771663,0.5069548975660337,3.7815054434967794
108.41772572771663,0.5069548975660337,3.7815054434967794
108.41772572771663,0.5069548975660337,3.7815054434967794
108.41772572771663,0.5069548975660337,3.7815054434967794
108.41772572771663,0.5069548975660337,3.7815054434967794
108.41772572771663,0.5069548975660337,3.7815054434967794
108.41772572771663,0.5069548975660337,3.7815054434967794
108.41772572771663,0.5069548975660337,3.7815054434967794
108.41772572771663,0.5069548975660337,3.7815054434967794
108.41772572771663,0.5069548975660337,3.7815054434967794
108.41772572771663,0.5069548975660337,3.7815054434967794
108.41772572771663,0.5069548975660337,3.7815054434967794
108.41772572771663,0.5069548975660337,3.7815054434967794
108.41772572771663,0.5069548975660337,3.7815054434967794
108.41772572771663,0.5069548975660337,3.7815054434967794
108.41772572771663,0.5069548975660337,3.7815054434967794
108.41772572771663,0.5069548975660337,3.7815054434967794
108.41772572771663,0.5069548975660337,3.7815054434967794
108.41772572771663,0.5069548975660337,3.7815054434967794
108.41772572771663,0.5069548975660337,3.7815054434967794
108.41772572771663,0.5069548975660337,3.7815054434967794
108.41772572771663,0.5069548975660337,3.7815054434967794
108.41772572771663,0.5069548975660337,3.7815054434967794
108.41772572771663,0.5069548975660337,3.7815054434967794
108.41772572771663,0.5069548975660337,3.7815054434967794
108.41772572771663,0.5069548975660337,3.7815054434967794
108.38010750555726,0.381658081275627,4.405762867590896
108.38010750555726,0.381658081275627,4.405762867590896
108.38010750555726,0.381658081275627,4.405762867590896
108.38010750555726,0.381658081275627,4.405762867590896
108.41333601720208,0.4923338782744021,3.8543507089300975
108.41333601720208,0.4923338782744021,3.8543507089300975
108.41333601720208,0.4923338782744021,3.8543507089300975
108.41333601720208,0.4923338782744021,3.8543507089300975
108.41333601720208,0.4923338782744021,3.8543507089300975
108.41333601720208,0.4923338782744021,3.8543507089300975
108.41333601720208,0.4923338782744021,3.8543507089300975
108.41333601720208,0.4923338782744021,3.8543507089300975
108.41333601720208,0.4923338782744021,3.8543507089300975
108.41333601720208,0.4923338782744021,3.8543507089300975
108.41333601720208,0.4923338782744021,3.8543507089300975
108.41333601720208,0.4923338782744021,3.8543507089300975
108.41333601720208,0.4923338782744021,3.8543507089300975
108.41333601720208,0.4923338782744021,3.8543507089300975
108.41333601720208,0.4923338782744021,3.8543507089300975
108.40982442605004,0.48063765324811125,3.912623979733839
108.40982442605004,0.48063765324811125,3.912623979733839
108.40982442605004,0.48063765324811125,3.912623979733839
108.40982442605004,0.48063765324811125,3.912623979733839
108.40982442605004,0.48063765324811125,3.912623979733839
108.40982442605004,0.48063765324811125,3.912623979733839
108.40982442605004,0.48063765324811125,3.912623979733839
108.40982442605004,0.48063765324811125,3.912623979733839
108.40982442605004,0.48063765324811125,3.912623979733839
108.40982442605004,0.48063765324811125,3.912623979733839
108.40982442605004,0.48063765324811125,3.912623979733839
108.40982442605004,0.48063765324811125,3.912623979733839
108.40982442605004,0.48063765324811125,3.912623979733839
108.40982442605004,0.48063765324811125,3.912623979733839
108.40982442605004,0.48063765324811125,3.912623979733839
108.40982442605004,0.48063765324811125,3.912623979733839
108.40982442605004,0.48063765324811125,3.912623979733839
108.40982442605004,0.48063765324811125,3.912623979733839
108.40982442605004,0.48063765324811125,3.912623979733839
108.40982442605004,0.48063765324811125,3.912623979733839
108.40982442605004,0.48063765324811125,3.912623979733839
108.40982442605004,0.48063765324811125,3.912623979733839
108.40982442605004,0.48063765324811125,3.912623979733839
108.40982442605004,0.48063765324811125,3.912623979733839
108.40982442605004,0.48063765324811125,3.912623979733839
108.40982442605004,0.48063765324811125,3.912623979733839
108.40982442605004,0.48063765324811125,3.912623979733839
108.40982442605004,0.48063765324811125,3.912623979733839
108.40982442605004,0.48063765324811125,3.912623979733839
21.36090834981504,0.5040659847985764,2.975740050952295
18.04391184794163,0.24323844979007958,3.197787761231936
18.04391184794163,0.24323844979007958,3.197787761231936
18.04391184794163,0.24323844979007958,3.197787761231936
18.04391184794163,0.24323844979007958,3.197787761231936
18.04391184794163,0.24323844979007958,3.197787761231936
18.04391184794163,0.24323844979007958,3.197787761231936
18.04391184794163,0.24323844979007958,3.197787761231936
18.460238427260805,0.28851703841828824,3.1767138555901058
18.460238427260805,0.28851703841828824,3.1767138555901058
18.460238427260805,0.28851703841828824,3.1767138555901058
18.460238427260805,0.28851703841828824,3.1767138555901058
18.460238427260805,0.28851703841828824,3.1767138555901058
17.554828076435598,0.16500163571554782,3.3304312086616283
17.554828076435598,0.16500163571554782,3.3304312086616283
17.554828076435598,0.16500163571554782,3.3304312086616283
17.554828076435598,0.16500163571554782,3.3304312086616283
17.554828076435598,0.16500163571554782,3.3304312086616283
17.554828076435598,0.16500163571554782,3.3304312086616283
17.554828076435598,0.16500163571554782,3.3304312086616283
17.554828076435598,0.16500163571554782,3.3304312086616283
15.295382437966698,0.3655894195029769,3.0708019984918895
15.295382437966698,0.3655894195029769,3.0708019984918895
15.295382437966698,0.3655894195029769,3.0708019984918895
15.295382437966698,0.3655894195029769,3.0708019984918895
15.295382437966698,0.3655894195029769,3.0708019984918895
15.295382437966698,0.3655894195029769,3.0708019984918895
12.286454533142283,0.15551861093895902,3.1394659071404916
12.286454533142283,0.15551861093895902,3.1394659071404916
12.286454533142283,0.15551861093895902,3.1394659071404916
12.286454533142283,0.15551861093895902,3.1394659071404916
11.513470967493106,0.1639551294493468,3.1443950370542577
11.513470967493106,0.1639551294493468,3.1443950370542577
11.513470967493106,0.1639551294493468,3.1443950370542577
11.513470967493106,0.1639551294493468,3.1443950370542577
11.513470967493106,0.1639551294493468,3.1443950370542577
11.513470967493106,0.1639551294493468,3.1443950370542577
11.513470967493106,0.1639551294493468,3.1443950370542577
11.513470967493106,0.1639551294493468,3.1443950370542577
11.513470967493106,0.1639551294493468,3.1443950370542577
11.513470967493106,0.1639551294493468,3.1443950370542577
11.513470967493106,0.1639551294493468,3.1443950370542577
11.513470967493106,0.1639551294493468,3.1443950370542577
11.513470967493106,0.1639551294493468,3.1443950370542577
11.513470967493106,0.1639551294493468,3.1443950370542577
11.513470967493106,0.1639551294493468,3.1443950370542577
11.513470967493106,0.1639551294493468,3.1443950370542577
11.513470967493106,0.1639551294493468,3.1443950370542577
16.41916579029719,0.4704191396847131,3.1091413509960875
16.41916579029719,0.4704191396847131,3.1091413509960875
16.41916579029719,0.4704191396847131,3.1091413509960875
16.41916579029719,0.4704191396847131,3.1091413509960875
16.41916579029719,0.4704191396847131,3.1091413509960875
16.41916579029719,0.4704191396847131,3.1091413509960875
15.516835527535477,0.4498807862817723,3.141530770404715
15.516835527535477,0.4498807862817723,3.141530770404715
15.516835527535477,0.4498807862817723,3.141530770404715
15.516835527535477,0.4498807862817723,3.141530770404715
15.516838150145942,0.4513057054967412,3.1413016614452878
15.516838150145942,0.4513057054967412,3.1413016614452878
15.516838150145942,0.4513057054967412,3.1413016614452878
15.516838150145942,0.4513057054967412,3.1413016614452878
15.516838150145942,0.4513057054967412,3.1413016614452878
15.516838150145942,0.4513057054967412,3.1413016614452878
15.516838150145942,0.4513057054967412,3.1413016614452878
15.516823324687119,0.4432507230944821,3.1425968005780898
15.516823324687119,0.4432507230944821,3.1425968005780898
15.516823324687119,0.4432507230944821,3.1425968005780898
15.516823324687119,0.4432507230944821,3.1425968005780898
15.516823324687119,0.4432507230944821,3.1425968005780898
15.516823324687119,0.4432507230944821,3.1425968005780898
15.516823324687119,0.4432507230944821,3.1425968005780898
15.516823324687119,0.4432507230944821,3.1425968005780898
15.516823324687119,0.4432507230944821,3.1425968005780898
15.516823324687119,0.4432507230944821,3.1425968005780898
15.516823324687119,0.4432507230944821,3.1425968005780898
15.516823324687119,0.4432507230944821,3.1425968005780898
15.516823324687119,0.4432507230944821,3.1425968005780898
15.516823324687119,0.4432507230944821,3.1425968005780898
15.516823324687119,0.4432507230944821,3.1425968005780898
15.516823324687119,0.4432507230944821,3.1425968005780898
15.516823324687119,0.4432507230944821,3.1425968005780898
15.516823324687119,0.4432507230944821,3.1425968005780898
15.516823324687119,0.4432507230944821,3.1425968005780898
15.516823324687119,0.4432507230944821,3.1425968005780898
15.516823324687119,0.4432507230944821,3.1425968005780898
15.516823324687119,0.4432507230944821,3.1425968005780898
15.516823324687119,0.4432507230944821,3.1425968005780898
15.516823324687119,0.4432507230944821,3.1425968005780898
15.516823324687119,0.4432507230944821,3.1425968005780898
15.516823324687119,0.4432507230944821,3.1425968005780898
15.516823324687119,0.4432507230944821,3.1425968005780898
15.516823324687119,0.4432507230944821,3.1425968005780898
15.516823324687119,0.4432507230944821,3.1425968005780898
15.516823324687119,0.4432507230944821,3.1425968005780898
15.516823324687119,0.4432507230944821,3.1425968005780898
15.516823324687119,0.4432507230944821,3.1425968005780898
15.516823324687119,0.4432507230944821,3.1425968005780898
15.516823324687119,0.4432507230944821,3.1425968005780898
15.516823324687119,0.4432507230944821,3.1425968005780898
15.516823324687119,0.4432507230944821,3.1425968005780898
15.516823324687119,0.4432507230944821,3.1425968005780898
15.516823324687119,0.4432507230944821,3.1425968005780898
15.516823324687119,0.4432507230944821,3.1425968005780898
15.516823324687119,0.4432507230944821,3.1425968005780898
15.516823324687119,0.4432507230944821,3.1425968005780898
15.516823324687119,0.4432507230944821,3.1425968005780898
15.516823324687119,0.4432507230944821,3.1425968005780898
15.516823324687119,0.4432507230944821,3.1425968005780898
15.516823324687119,0.4432507230944821,3.1425968005780898
15.516823324687119,0.4432507230944821,3.1425968005780898
15.516823324687119,0.4432507230944821,3.1425968005780898
15.516823324687119,0.4432507230944821,3.1425968005780898
15.516823324687119,0.4432507230944821,3.1425968005780898
15.516823324687119,0.4432507230944821,3.1425968005780898
15.516823324687119,0.4432507230944821,3.1425968005780898
15.516823324687119,0.4432507230944821,3.1425968005780898
15.516823324687119,0.4432507230944821,3.1425968005780898
15.516823324687119,0.4432507230944821,3.1425968005780898
15.516823324687119,0.4432507230944821,3.1425968005780898
11.553036151014492,0.40185056600587676,3.4321451009625266
11.553036151014492,0.40185056600587676,3.4321451009625266
11.553036151014492,0.40185056600587676,3.4321451009625266
11.553036151014492,0.40185056600587676,3.4321451009625266
11.553036151014492,0.40185056600587676,3.4321451009625266
11.553036151014492,0.40185056600587676,3.4321451009625266
11.553036151014492,0.40185056600587676,3.4321451009625266
11.553036151014492,0.40185056600587676,3.4321451009625266
11.553036151014492,0.40185056600587676,3.4321451009625266
11.553036151014492,0.40185056600587676,3.4321451009625266
11.553036151014492,0.40185056600587676,3.4321451009625266
11.553036151014492,0.40185056600587676,3.4321451009625266
11.553036151014492,0.40185056600587676,3.4321451009625266
11.553036151014492,0.40185056600587676,3.4321451009625266
11.553036151014492,0.40185056600587676,3.4321451009625266
11.553036151014492,0.40185056600587676,3.4321451009625266
11.553036151014492,0.40185056600587676,3.4321451009625266
11.553036151014492,0.40185056600587676,3.4321451009625266
11.553036151014492,0.40185056600587676,3.4321451009625266
11.553036151014492,0.40185056600587676,3.4321451009625266
11.553036151014492,0.40185056600587676,3.4321451009625266
11.553567004906556,0.403739837713371,3.4270286030307933
11.553567004906556,0.403739837713371,3.4270286030307933
11.553567004906556,0.403739837713371,3.4270286030307933
11.553567004906556,0.403739837713371,3.4270286030307933
11.553567004906556,0.403739837713371,3.4270286030307933
11.553567004906556,0.403739837713371,3.4270286030307933
11.553567004906556,0.403739837713371,3.4270286030307933
11.553567004906556,0.403739837713371,3.4270286030307933
11.553567004906556,0.403739837713371,3.4270286030307933
11.553567004906556,0.403739837713371,3.4270286030307933
11.553567004906556,0.403739837713371,3.4270286030307933
11.553567004906556,0.403739837713371,3.4270286030307933
11.553567004906556,0.403739837713371,3.4270286030307933
11.553567004906556,0.403739837713371,3.4270286030307933
11.553567004906556,0.403739837713371,3.4270286030307933
11.553567004906556,0.403739837713371,3.4270286030307933
11.553567004906556,0.403739837713371,3.4270286030307933
11.553567004906556,0.403739837713371,3.4270286030307933
11.553567004906556,0.403739837713371,3.4270286030307933
11.553567004906556,0.403739837713371,3.4270286030307933
11.553567004906556,0.403739837713371,3.4270286030307933
11.553567004906556,0.403739837713371,3.4270286030307933
11.789942945068834,0.44740093569482586,3.3321151931824287
11.789942945068834,0.44740093569482586,3.3321151931824287
12.710034587330703,0.4009676298278559,3.28279767841183
12.710034587330703,0.4009676298278559,3.28279767841183
12.710034587330703,0.4009676298278559,3.28279767841183
12.385428195455614,0.46485924106152055,3.287619681563653
12.385428195455614,0.46485924106152055,3.287619681563653
12.385428195455614,0.46485924106152055,3.287619681563653
12.385428195455614,0.46485924106152055,3.287619681563653
12.385428195455614,0.46485924106152055,3.287619681563653
12.385428195455614,0.46485924106152055,3.287619681563653
12.385428195455614,0.46485924106152055,3.287619681563653
12.385428195455614,0.46485924106152055,3.287619681563653
12.385428195455614,0.46485924106152055,3.287619681563653
12.387696325996128,0.4629193115768262,3.2875681187756745
12.387696325996128,0.4629193115768262,3.2875681187756745
12.387696325996128,0.4629193115768262,3.2875681187756745
12.387696325996128,0.4629193115768262,3.2875681187756745
12.395442607789445,0.4615316455712173,3.286592946029571
12.395442607789445,0.4615316455712173,3.286592946029571
12.395442607789445,0.4615316455712173,3.286592946029571
12.395442607789445,0.4615316455712173,3.286592946029571
12.395442607789445,0.4615316455712173,3.286592946029571
12.395442607789445,0.4615316455712173,3.286592946029571
11.23367806787839,0.6696497080908597,3.4328464837834254
11.23367806787839,0.6696497080908597,3.4328464837834254
11.23367806787839,0.6696497080908597,3.4328464837834254
11.23367806787839,0.6696497080908597,3.4328464837834254
11.23367806787839,0.6696497080908597,3.4328464837834254
11.23367806787839,0.6696497080908597,3.4328464837834254
11.23367806787839,0.6696497080908597,3.4328464837834254
11.23367806787839,0.6696497080908597,3.4328464837834254
11.23367806787839,0.6696497080908597,3.4328464837834254
11.23367806787839,0.6696497080908597,3.4328464837834254
11.23367806787839,0.6696497080908597,3.4328464837834254
11.23367806787839,0.6696497080908597,3.4328464837834254
11.294221671711554,0.6557770219516538,3.400900440959671
11.294221671711554,0.6557770219516538,3.400900440959671
11.294221671711554,0.6557770219516538,3.400900440959671
11.294221671711554,0.6557770219516538,3.400900440959671
11.294221671711554,0.6557770219516538,3.400900440959671
11.294221671711554,0.6557770219516538,3.400900440959671
11.294221671711554,0.6557770219516538,3.400900440959671
11.294221671711554,0.6557770219516538,3.400900440959671
11.294221671711554,0.6557770219516538,3.400900440959671
11.294221671711554,0.6557770219516538,3.400900440959671
11.294221671711554,0.6557770219516538,3.400900440959671
11.294221671711554,0.6557770219516538,3.400900440959671
11.294221671711554,0.6557770219516538,3.400900440959671
11.294221671711554,0.6557770219516538,3.400900440959671
11.294221671711554,0.6557770219516538,3.400900440959671
11.294221671711554,0.6557770219516538,3.400900440959671
11.294221671711554,0.6557770219516538,3.400900440959671
11.294221671711554,0.6557770219516538,3.400900440959671
11.294221671711554,0.6557770219516538,3.400900440959671
11.294221671711554,0.6557770219516538,3.400900440959671
11.294221671711554,0.6557770219516538,3.400900440959671
11.294221671711554,0.6557770219516538,3.400900440959671
11.294221671711554,0.6557770219516538,3.400900440959671
11.294221671711554,0.6557770219516538,3.400900440959671
11.294221671711554,0.6557770219516538,3.400900440959671
11.294221671711554,0.6557770219516538,3.400900440959671
11.294221671711554,0.6557770219516538,3.400900440959671
11.294221671711554,0.6557770219516538,3.400900440959671
11.294221671711554,0.6557770219516538,3.400900440959671
11.294221671711554,0.6557770219516538,3.400900440959671
11.294221671711554,0.6557770219516538,3.400900440959671
11.294221671711554,0.6557770219516538,3.400900440959671
11.294221671711554,0.6557770219516538,3.400900440959671
11.294221671711554,0.6557770219516538,3.400900440959671
11.294221671711554,0.6557770219516538,3.400900440959671
11.294221671711554,0.6557770219516538,3.400900440959671
11.294221671711554,0.6557770219516538,3.400900440959671
11.294221671711554,0.6557770219516538,3.400900440959671
11.294221671711554,0.6557770219516538,3.400900440959671
12.700463292936274,0.4465262108218816,3.3635898721251953
12.700463292936274,0.4465262108218816,3.3635898721251953
23.209853884339978,0.9048750231281694,2.4366304363801117
23.25599431406309,0.889586712876697,2.448782569612558
23.25599431406309,0.889586712876697,2.448782569612558
23.25599431406309,0.889586712876697,2.448782569612558
23.25599431406309,0.889586712876697,2.448782569612558
23.25599431406309,0.889586712876697,2.448782569612558
23.25599431406309,0.889586712876697,2.448782569612558
23.25599431406309,0.889586712876697,2.448782569612558
23.25599431406309,0.889586712876697,2.448782569612558
23.25599431406309,0.889586712876697,2.448782569612558
23.25599431406309,0.889586712876697,2.448782569612558
23.25599431406309,0.889586712876697,2.448782569612558
23.25599431406309,0.889586712876697,2.448782569612558
23.25599431406309,0.889586712876697,2.448782569612558
23.25599431406309,0.889586712876697,2.448782569612558
23.25599431406309,0.889586712876697,2.448782569612558
23.25599431406309,0.889586712876697,2.448782569612558
23.25599431406309,0.889586712876697,2.448782569612558
23.25599431406309,0.889586712876697,2.448782569612558
23.25599431406309,0.889586712876697,2.448782569612558
23.25599431406309,0.889586712876697,2.448782569612558
23.25599431406309,0.889586712876697,2.448782569612558
23.25599431406309,0.889586712876697,2.448782569612558
23.25599431406309,0.889586712876697,2.448782569612558
23.25599431406309,0.889586712876697,2.448782569612558
23.25599431406309,0.889586712876697,2.448782569612558
23.25599431406309,0.889586712876697,2.448782569612558
20.60854707669563,0.5755820652070134,2.7133983422558305
20.60854707669563,0.5755820652070134,2.7133983422558305
20.60854707669563,0.5755820652070134,2.7133983422558305
20.60854707669563,0.5755820652070134,2.7133983422558305
20.60854707669563,0.5755820652070134,2.7133983422558305
16.52083956417204,0.5153097154375663,2.8438814008268722
15.350689738433342,0.5959857463629669,2.8393883449081954
15.350689738433342,0.5959857463629669,2.8393883449081954
14.355950648043498,0.6117458252274807,2.9458281192653177
14.355950648043498,0.6117458252274807,2.9458281192653177
14.355950648043498,0.6117458252274807,2.9458281192653177
14.355950648043498,0.6117458252274807,2.9458281192653177
14.355950648043498,0.6117458252274807,2.9458281192653177
14.355950648043498,0.6117458252274807,2.9458281192653177
11.264468926106973,0.6119171427012935,2.967871465545475
11.264468926106973,0.6119171427012935,2.967871465545475
11.264468926106973,0.6119171427012935,2.967871465545475
11.264468926106973,0.6119171427012935,2.967871465545475
11.264468926106973,0.6119171427012935,2.967871465545475
11.558602801524481,0.5973465817759512,2.970764923512497
11.558602801524481,0.5973465817759512,2.970764923512497
11.558602801524481,0.5973465817759512,2.970764923512497
11.558602801524481,0.5973465817759512,2.970764923512497
11.558602801524481,0.5973465817759512,2.970764923512497
11.558602801524481,0.5973465817759512,2.970764923512497
11.558602801524481,0.5973465817759512,2.970764923512497
11.558602801524481,0.5973465817759512,2.970764923512497
11.558602801524481,0.5973465817759512,2.970764923512497
11.558602801524481,0.5973465817759512,2.970764923512497
11.558602801524481,0.5973465817759512,2.970764923512497
11.558602801524481,0.5973465817759512,2.970764923512497
11.558602801524481,0.5973465817759512,2.970764923512497
11.558602801524481,0.5973465817759512,2.970764923512497
11.558602801524481,0.5973465817759512,2.970764923512497
11.558602801524481,0.5973465817759512,2.970764923512497
11.558602801524481,0.5973465817759512,2.970764923512497
11.558602801524481,0.5973465817759512,2.970764923512497
11.558602801524481,0.5973465817759512,2.970764923512497
11.558602801524481,0.5973465817759512,2.970764923512497
11.558602801524481,0.5973465817759512,2.970764923512497
11.558602801524481,0.5973465817759512,2.970764923512497
11.53356951915469,0.6040692928088377,3.0972695676514324
11.53356951915469,0.6040692928088377,3.0972695676514324
11.53356951915469,0.6040692928088377,3.0972695676514324
11.53356951915469,0.6040692928088377,3.0972695676514324
11.534758071591453,0.6059163245287689,3.097917664504286
11.534758071591453,0.6059163245287689,3.097917664504286
11.534758071591453,0.6059163245287689,3.097917664504286
11.393156019801909,0.610799427220243,3.0990027335599204
11.393156019801909,0.610799427220243,3.0990027335599204
11.393156019801909,0.610799427220243,3.0990027335599204
11.393156019801909,0.610799427220243,3.0990027335599204
11.393156019801909,0.610799427220243,3.0990027335599204
11.393156019801909,0.610799427220243,3.0990027335599204
11.393156019801909,0.610799427220243,3.0990027335599204
11.393156019801909,0.610799427220243,3.0990027335599204
11.393156019801909,0.610799427220243,3.0990027335599204
11.393156019801909,0.610799427220243,3.0990027335599204
11.393156019801909,0.610799427220243,3.0990027335599204
11.393156019801909,0.610799427220243,3.0990027335599204
11.393156019801909,0.610799427220243,3.0990027335599204
11.393156019801909,0.610799427220243,3.0990027335599204
11.393156019801909,0.610799427220243,3.0990027335599204
11.393156019801909,0.610799427220243,3.0990027335599204
12.320016030542298,0.44096995554138796,3.1758674309458934
12.320016030542298,0.44096995554138796,3.1758674309458934
12.320016030542298,0.44096995554138796,3.1758674309458934
12.320016030542298,0.44096995554138796,3.1758674309458934
12.320016030542298,0.44096995554138796,3.1758674309458934
12.320016030542298,0.44096995554138796,3.1758674309458934
12.648085402518575,0.3220199500012594,3.164058918964369
12.648085402518575,0.3220199500012594,3.164058918964369
12.648085402518575,0.3220199500012594,3.164058918964369
12.648085402518575,0.3220199500012594,3.164058918964369
12.648085402518575,0.3220199500012594,3.164058918964369
12.648085402518575,0.3220199500012594,3.164058918964369
12.648085402518575,0.3220199500012594,3.164058918964369
12.648085402518575,0.3220199500012594,3.164058918964369
12.648085402518575,0.3220199500012594,3.164058918964369
12.648085402518575,0.3220199500012594,3.164058918964369
12.648085402518575,0.3220199500012594,3.164058918964369
12.648085402518575,0.3220199500012594,3.164058918964369
12.648085402518575,0.3220199500012594,3.164058918964369
12.648085402518575,0.3220199500012594,3.164058918964369
12.473959227898446,0.3265911534620574,3.167441842280846
12.473959227898446,0.3265911534620574,3.167441842280846
12.473959227898446,0.3265911534620574,3.167441842280846
12.473959227898446,0.3265911534620574,3.167441842280846
12.473959227898446,0.3265911534620574,3.167441842280846
12.473959227898446,0.3265911534620574,3.167441842280846
12.473959227898446,0.3265911534620574,3.167441842280846
12.473959227898446,0.3265911534620574,3.167441842280846
12.473959227898446,0.3265911534620574,3.167441842280846
