lag,width,scale
21.90867059920829,0.7637668633570002,1.1393758532889329
21.90867059920829,0.7637668633570002,1.1393758532889329
21.90867059920829,0.7637668633570002,1.1393758532889329
21.90867059920829,0.7637668633570002,1.1393758532889329
23.04936125804319,0.744097624663215,1.1381995195904286
22.858440811009178,0.661673082350147,1.1087797340972732
22.709401683314294,0.7148047616694497,1.140019221578308
22.709401683314294,0.7148047616694497,1.140019221578308
22.709401683314294,0.7148047616694497,1.140019221578308
22.709401683314294,0.7148047616694497,1.140019221578308
22.709401683314294,0.7148047616694497,1.140019221578308
22.709401683314294,0.7148047616694497,1.140019221578308
22.709401683314294,0.7148047616694497,1.140019221578308
22.709401683314294,0.7148047616694497,1.140019221578308
22.709401683314294,0.7148047616694497,1.140019221578308
22.703106489646306,0.7198038551808025,1.145957442196902
22.703106489646306,0.7198038551808025,1.145957442196902
22.703106489646306,0.7198038551808025,1.145957442196902
22.703106489646306,0.7198038551808025,1.145957442196902
22.703106489646306,0.7198038551808025,1.145957442196902
22.703106489646306,0.7198038551808025,1.145957442196902
22.703106489646306,0.7198038551808025,1.145957442196902
22.703106489646306,0.7198038551808025,1.145957442196902
22.67176241176783,0.7286344050762994,1.1242856813893773
22.67176241176783,0.7286344050762994,1.1242856813893773
22.67176241176783,0.7286344050762994,1.1242856813893773
22.67176241176783,0.7286344050762994,1.1242856813893773
22.623319377301932,0.613974579015629,1.0713749811537134
22.649776802835405,0.6518068766583173,1.0652751065617945
22.6589030372812,0.6174313410072939,1.064124159898422
22.6589030372812,0.6174313410072939,1.064124159898422
22.635265426745107,0.6042188622217763,1.0622164164402077
22.635265426745107,0.6042188622217763,1.0622164164402077
22.635265426745107,0.6042188622217763,1.0622164164402077
22.635265426745107,0.6042188622217763,1.0622164164402077
22.326279156066413,0.6060636597613464,1.0615051224706018
22.326279156066413,0.6060636597613464,1.0615051224706018
22.41813305450783,0.5856183189475708,1.063824602158587
22.41813305450783,0.5856183189475708,1.063824602158587
22.41813305450783,0.5856183189475708,1.063824602158587
22.397676074696736,0.5990852036462048,1.0800025761347019
22.41899534377228,0.5573730381691826,1.0823481414661233
22.41899534377228,0.5573730381691826,1.0823481414661233
22.44480414551579,0.4947636920834376,1.0462089386328501
22.44480414551579,0.4947636920834376,1.0462089386328501
22.44480414551579,0.4947636920834376,1.0462089386328501
22.479980592358835,0.5088420197960731,1.0415344191171478
22.479980592358835,0.5088420197960731,1.0415344191171478
22.470039952317173,0.5263926655819796,1.0421431240947496
22.470039952317173,0.5263926655819796,1.0421431240947496
22.470039952317173,0.5263926655819796,1.0421431240947496
22.470039952317173,0.5263926655819796,1.0421431240947496
22.470039952317173,0.5263926655819796,1.0421431240947496
22.50299042652637,0.4460608072464849,1.0497332924849025
22.50299042652637,0.4460608072464849,1.0497332924849025
22.50299042652637,0.4460608072464849,1.0497332924849025
22.50299042652637,0.4460608072464849,1.0497332924849025
22.50299042652637,0.4460608072464849,1.0497332924849025
22.50299042652637,0.4460608072464849,1.0497332924849025
22.50299042652637,0.4460608072464849,1.0497332924849025
22.50299042652637,0.4460608072464849,1.0497332924849025
22.50257333874911,0.44603012643660045,1.049734400699483
22.516947248430355,0.40543294512833283,1.0541742455151646
22.516947248430355,0.40543294512833283,1.0541742455151646
22.516211595798257,0.4078689805046194,1.054171878365668
22.519123297529532,0.40780990393802996,1.054175091207559
22.519123297529532,0.40780990393802996,1.054175091207559
22.519123297529532,0.40780990393802996,1.054175091207559
22.515699704352127,0.285302593299846,1.0515542530236004
22.515699704352127,0.285302593299846,1.0515542530236004
22.515699704352127,0.285302593299846,1.0515542530236004
22.50944723141474,0.30619913315595615,1.0545151684564387
22.50944723141474,0.30619913315595615,1.0545151684564387
22.50944723141474,0.30619913315595615,1.0545151684564387
22.479721730604716,0.2867748401466264,1.0582070186988441
22.559914959526214,0.2988394534616309,1.0342260859114367
22.50628340192343,0.29829865614938367,1.0359384048804108
22.503287476319493,0.3010635781167147,1.034544356055022
22.51635459425913,0.3011575744019216,1.0341472846033641
22.51635459425913,0.3011575744019216,1.0341472846033641
22.51635459425913,0.3011575744019216,1.0341472846033641
22.51635459425913,0.3011575744019216,1.0341472846033641
22.51635459425913,0.3011575744019216,1.0341472846033641
22.51635459425913,0.3011575744019216,1.0341472846033641
22.51635459425913,0.3011575744019216,1.0341472846033641
22.51635459425913,0.3011575744019216,1.0341472846033641
22.527146470667773,0.2895395018156302,1.0476045919274808
22.527146470667773,0.2895395018156302,1.0476045919274808
22.536324065298643,0.23546534232961655,1.0418794911718403
22.536324065298643,0.23546534232961655,1.0418794911718403
22.536324065298643,0.23546534232961655,1.0418794911718403
22.536324065298643,0.23546534232961655,1.0418794911718403
22.534656497440306,0.23520307299088788,1.0422995122396403
22.572793930463824,0.2397129601303702,1.0522857259164904
22.572793930463824,0.2397129601303702,1.0522857259164904
22.572793930463824,0.2397129601303702,1.0522857259164904
22.55002316573212,0.23352117911938525,1.05757009221
22.55002316573212,0.23352117911938525,1.05757009221
22.55002316573212,0.23352117911938525,1.05757009221
22.55002316573212,0.23352117911938525,1.05757009221
22.55002316573212,0.23352117911938525,1.05757009221
22.55002316573212,0.23352117911938525,1.05757009221
22.55002316573212,0.23352117911938525,1.05757009221
22.55002316573212,0.23352117911938525,1.05757009221
22.55002316573212,0.23352117911938525,1.05757009221
22.557515614484288,0.14402853766420334,1.0396718514611605
22.557818430616294,0.14513696730033537,1.0393247589817973
22.615377025298475,0.16868687687056824,1.0445218365515108
22.608639920428047,0.14995241478798088,1.0407863143849851
22.608639920428047,0.14995241478798088,1.0407863143849851
22.608639920428047,0.14995241478798088,1.0407863143849851
22.608639920428047,0.14995241478798088,1.0407863143849851
22.560943781336405,0.13623993631488138,1.0362362117868367
22.574254234411708,0.11595364036420136,1.0516030630502056
22.574254234411708,0.11595364036420136,1.0516030630502056
22.5781608983809,0.07226667693151137,1.0721461965816645
22.561265729400308,0.07322455517620682,1.0779818861472292
22.561503351297706,0.03714178398011925,1.093227342439862
22.461219751489196,0.009565262126814106,1.0988152614276172
22.460887723165634,0.024800531907383842,1.0960022587718212
22.53649162398775,0.48942445985239036,1.1335714783989934
22.53649162398775,0.48942445985239036,1.1335714783989934
22.53649162398775,0.48942445985239036,1.1335714783989934
22.53649162398775,0.48942445985239036,1.1335714783989934
22.53649162398775,0.48942445985239036,1.1335714783989934
22.53649162398775,0.48942445985239036,1.1335714783989934
22.53649162398775,0.48942445985239036,1.1335714783989934
22.53649162398775,0.48942445985239036,1.1335714783989934
22.4564676402314,0.5676685200643862,1.0979751572198908
22.4564676402314,0.5676685200643862,1.0979751572198908
22.328579301921074,0.4312190585134976,1.0857733825140288
22.328579301921074,0.4312190585134976,1.0857733825140288
22.328579301921074,0.4312190585134976,1.0857733825140288
22.328579301921074,0.4312190585134976,1.0857733825140288
22.328579301921074,0.4312190585134976,1.0857733825140288
22.328579301921074,0.4312190585134976,1.0857733825140288
22.328579301921074,0.4312190585134976,1.0857733825140288
22.328579301921074,0.4312190585134976,1.0857733825140288
22.36698196240086,0.48828969649362813,1.0871441361296397
22.36698196240086,0.48828969649362813,1.0871441361296397
22.36698196240086,0.48828969649362813,1.0871441361296397
22.36698196240086,0.48828969649362813,1.0871441361296397
22.53106582504447,0.48864232591873225,1.0880022947837553
22.53106582504447,0.48864232591873225,1.0880022947837553
22.53106582504447,0.48864232591873225,1.0880022947837553
22.53106582504447,0.48864232591873225,1.0880022947837553
22.53106582504447,0.48864232591873225,1.0880022947837553
22.507735676270855,0.4678238377070764,1.0975034726405122
22.507735676270855,0.4678238377070764,1.0975034726405122
22.507735676270855,0.4678238377070764,1.0975034726405122
22.507735676270855,0.4678238377070764,1.0975034726405122
22.507735676270855,0.4678238377070764,1.0975034726405122
22.507017987047757,0.46452216639347194,1.0980807984801308
22.507017987047757,0.46452216639347194,1.0980807984801308
22.52935478049412,0.30739458567654715,1.031482516732255
22.562975932750255,0.23455986307342208,1.0774284195680937
22.562975932750255,0.23455986307342208,1.0774284195680937
22.56430464456095,0.14981921562317535,1.0788003355452183
22.56430464456095,0.14981921562317535,1.0788003355452183
22.56430464456095,0.14981921562317535,1.0788003355452183
22.56430464456095,0.14981921562317535,1.0788003355452183
22.584218364517966,0.0662966387409924,1.0901272133669775
22.584218364517966,0.0662966387409924,1.0901272133669775
22.587913720151256,0.021558883322206235,1.0965991840951503
22.587913720151256,0.021558883322206235,1.0965991840951503
22.587913720151256,0.021558883322206235,1.0965991840951503
22.587913720151256,0.021558883322206235,1.0965991840951503
22.588727041103006,0.013543345982244936,1.097582441800351
22.588727041103006,0.013543345982244936,1.097582441800351
22.588727041103006,0.013543345982244936,1.097582441800351
22.588727041103006,0.013543345982244936,1.097582441800351
22.588727041103006,0.013543345982244936,1.097582441800351
22.588727041103006,0.013543345982244936,1.097582441800351
22.588727041103006,0.013543345982244936,1.097582441800351
22.624846446511842,0.007954154846780803,1.0978748283588982
22.624846446511842,0.007954154846780803,1.0978748283588982
22.624846446511842,0.007954154846780803,1.0978748283588982
22.624470432863358,0.008876099955610006,1.0978706406240408
22.624470432863358,0.008876099955610006,1.0978706406240408
22.624470432863358,0.008876099955610006,1.0978706406240408
22.624470432863358,0.008876099955610006,1.0978706406240408
22.624470432863358,0.008876099955610006,1.0978706406240408
22.617782212043284,0.03378584100771187,1.0975749223161906
22.617782212043284,0.03378584100771187,1.0975749223161906
22.617782212043284,0.03378584100771187,1.0975749223161906
22.617782212043284,0.03378584100771187,1.0975749223161906
22.617782212043284,0.03378584100771187,1.0975749223161906
22.617782212043284,0.03378584100771187,1.0975749223161906
22.619067777052813,0.032927278224412354,1.0981734765744315
22.620085460490245,0.006989010294652764,1.1027429478604425
22.620085460490245,0.006989010294652764,1.1027429478604425
22.605501119540598,0.036498735103133687,1.0822211622375395
22.605501119540598,0.036498735103133687,1.0822211622375395
22.599794684549085,0.06116934640005081,1.0770157656201054
22.599794684549085,0.06116934640005081,1.0770157656201054
22.599794684549085,0.06116934640005081,1.0770157656201054
22.599794684549085,0.06116934640005081,1.0770157656201054
22.62750906321582,0.02702460367212331,1.0793688347759967
22.62750906321582,0.02702460367212331,1.0793688347759967
22.62750906321582,0.02702460367212331,1.0793688347759967
22.62750906321582,0.02702460367212331,1.0793688347759967
22.62750906321582,0.02702460367212331,1.0793688347759967
22.62750906321582,0.02702460367212331,1.0793688347759967
22.58497468336786,0.036747691427556406,1.07217082971338
22.58497468336786,0.036747691427556406,1.07217082971338
22.58497468336786,0.036747691427556406,1.07217082971338
22.58497468336786,0.036747691427556406,1.07217082971338
22.58497468336786,0.036747691427556406,1.07217082971338
22.58497468336786,0.036747691427556406,1.07217082971338
22.585712678647194,0.05151671333708863,1.0691085487598877
22.585712678647194,0.05151671333708863,1.0691085487598877
22.585712678647194,0.05151671333708863,1.0691085487598877
22.585712678647194,0.05151671333708863,1.0691085487598877
22.58531109324666,0.04953961183088229,1.0659183640092427
22.58161060284535,0.03132120763502759,1.0365217573786476
22.58161060284535,0.03132120763502759,1.0365217573786476
22.58161060284535,0.03132120763502759,1.0365217573786476
22.58161060284535,0.03132120763502759,1.0365217573786476
22.584326700770163,0.028274361935340008,1.0364054289551041
22.584326700770163,0.028274361935340008,1.0364054289551041
22.584326700770163,0.028274361935340008,1.0364054289551041
22.588154181757933,0.02693040847073408,1.0367388598140295
22.588154181757933,0.02693040847073408,1.0367388598140295
22.588154181757933,0.02693040847073408,1.0367388598140295
22.588154181757933,0.02693040847073408,1.0367388598140295
22.603910208261567,0.01839293587915866,1.0405494613074315
22.603910208261567,0.01839293587915866,1.0405494613074315
22.603910208261567,0.01839293587915866,1.0405494613074315
22.603910208261567,0.01839293587915866,1.0405494613074315
22.603910208261567,0.01839293587915866,1.0405494613074315
22.59330545039215,0.01461510960769822,1.040043832696448
22.59330545039215,0.01461510960769822,1.040043832696448
22.58521909764269,0.01173443696685312,1.0396582801587118
22.571522648043857,0.0019059063842293972,1.039089418270485
22.571522648043857,0.0019059063842293972,1.039089418270485
22.571522648043857,0.0019059063842293972,1.039089418270485
22.571522648043857,0.0019059063842293972,1.039089418270485
22.571522648043857,0.0019059063842293972,1.039089418270485
22.571522648043857,0.0019059063842293972,1.039089418270485
22.565992540551136,0.0071409400155952735,1.0400528093669674
18.277029792169586,0.9647207304154423,1.199952087667745
18.277029792169586,0.9647207304154423,1.199952087667745
18.277029792169586,0.9647207304154423,1.199952087667745
18.277029792169586,0.9647207304154423,1.199952087667745
18.636763041491673,0.8900308056273621,1.1983029194145742
18.636763041491673,0.8900308056273621,1.1983029194145742
18.636763041491673,0.8900308056273621,1.1983029194145742
19.222250483729486,0.8701239343094751,1.1860427509376277
19.222250483729486,0.8701239343094751,1.1860427509376277
19.222250483729486,0.8701239343094751,1.1860427509376277
19.222250483729486,0.8701239343094751,1.1860427509376277
20.79972885757378,0.5433170114362667,1.1748300487520043
20.79972885757378,0.5433170114362667,1.1748300487520043
20.79972885757378,0.5433170114362667,1.1748300487520043
19.258353875014123,0.34966644526616825,1.2689120483795167
19.757129687069714,0.3944997923890148,1.247428409707821
19.757129687069714,0.3944997923890148,1.247428409707821
17.625779785645495,0.25208137960013,1.353566978401505
19.56759311621715,0.2885231787908251,1.227822299289537
19.56759311621715,0.2885231787908251,1.227822299289537
19.56759311621715,0.2885231787908251,1.227822299289537
19.56759311621715,0.2885231787908251,1.227822299289537
19.56759311621715,0.2885231787908251,1.227822299289537
19.56759311621715,0.2885231787908251,1.227822299289537
19.56759311621715,0.2885231787908251,1.227822299289537
19.56759311621715,0.2885231787908251,1.227822299289537
19.56759311621715,0.2885231787908251,1.227822299289537
19.56759311621715,0.2885231787908251,1.227822299289537
19.56759311621715,0.2885231787908251,1.227822299289537
19.56759311621715,0.2885231787908251,1.227822299289537
19.56759311621715,0.2885231787908251,1.227822299289537
19.56759311621715,0.2885231787908251,1.227822299289537
19.56759311621715,0.2885231787908251,1.227822299289537
19.56759311621715,0.2885231787908251,1.227822299289537
19.56759311621715,0.2885231787908251,1.227822299289537
19.56759311621715,0.2885231787908251,1.227822299289537
19.56759311621715,0.2885231787908251,1.227822299289537
19.56759311621715,0.2885231787908251,1.227822299289537
19.56759311621715,0.2885231787908251,1.227822299289537
19.56759311621715,0.2885231787908251,1.227822299289537
19.56759311621715,0.2885231787908251,1.227822299289537
19.56759311621715,0.2885231787908251,1.227822299289537
19.56759311621715,0.2885231787908251,1.227822299289537
19.56759311621715,0.2885231787908251,1.227822299289537
19.56759311621715,0.2885231787908251,1.227822299289537
19.56759311621715,0.2885231787908251,1.227822299289537
19.56759311621715,0.2885231787908251,1.227822299289537
19.56759311621715,0.2885231787908251,1.227822299289537
19.56759311621715,0.2885231787908251,1.227822299289537
19.56759311621715,0.2885231787908251,1.227822299289537
19.56759311621715,0.2885231787908251,1.227822299289537
19.56759311621715,0.2885231787908251,1.227822299289537
19.56759311621715,0.2885231787908251,1.227822299289537
19.56759311621715,0.2885231787908251,1.227822299289537
19.56759311621715,0.2885231787908251,1.227822299289537
19.56759311621715,0.2885231787908251,1.227822299289537
19.56759311621715,0.2885231787908251,1.227822299289537
19.56759311621715,0.2885231787908251,1.227822299289537
19.56759311621715,0.2885231787908251,1.227822299289537
19.56759311621715,0.2885231787908251,1.227822299289537
19.56759311621715,0.2885231787908251,1.227822299289537
19.56759311621715,0.2885231787908251,1.227822299289537
19.56759311621715,0.2885231787908251,1.227822299289537
19.56759311621715,0.2885231787908251,1.227822299289537
19.56759311621715,0.2885231787908251,1.227822299289537
19.56759311621715,0.2885231787908251,1.227822299289537
19.56759311621715,0.2885231787908251,1.227822299289537
19.56759311621715,0.2885231787908251,1.227822299289537
19.56759311621715,0.2885231787908251,1.227822299289537
19.56759311621715,0.2885231787908251,1.227822299289537
19.56759311621715,0.2885231787908251,1.227822299289537
19.56759311621715,0.2885231787908251,1.227822299289537
19.56759311621715,0.2885231787908251,1.227822299289537
19.56759311621715,0.2885231787908251,1.227822299289537
19.56759311621715,0.2885231787908251,1.227822299289537
19.56759311621715,0.2885231787908251,1.227822299289537
19.56759311621715,0.2885231787908251,1.227822299289537
19.56759311621715,0.2885231787908251,1.227822299289537
19.56759311621715,0.2885231787908251,1.227822299289537
19.56759311621715,0.2885231787908251,1.227822299289537
19.56759311621715,0.2885231787908251,1.227822299289537
19.56759311621715,0.2885231787908251,1.227822299289537
19.56759311621715,0.2885231787908251,1.227822299289537
19.56759311621715,0.2885231787908251,1.227822299289537
19.56759311621715,0.2885231787908251,1.227822299289537
19.56759311621715,0.2885231787908251,1.227822299289537
19.56759311621715,0.2885231787908251,1.227822299289537
19.56759311621715,0.2885231787908251,1.227822299289537
19.56759311621715,0.2885231787908251,1.227822299289537
19.56759311621715,0.2885231787908251,1.227822299289537
19.56759311621715,0.2885231787908251,1.227822299289537
19.56759311621715,0.2885231787908251,1.227822299289537
19.56759311621715,0.2885231787908251,1.227822299289537
19.56759311621715,0.2885231787908251,1.227822299289537
19.56759311621715,0.2885231787908251,1.227822299289537
19.56759311621715,0.2885231787908251,1.227822299289537
19.56759311621715,0.2885231787908251,1.227822299289537
19.56759311621715,0.2885231787908251,1.227822299289537
19.56759311621715,0.2885231787908251,1.227822299289537
19.56759311621715,0.2885231787908251,1.227822299289537
19.56759311621715,0.2885231787908251,1.227822299289537
19.56759311621715,0.2885231787908251,1.227822299289537
19.56759311621715,0.2885231787908251,1.227822299289537
19.56759311621715,0.2885231787908251,1.227822299289537
19.56759311621715,0.2885231787908251,1.227822299289537
19.56759311621715,0.2885231787908251,1.227822299289537
19.56759311621715,0.2885231787908251,1.227822299289537
19.56759311621715,0.2885231787908251,1.227822299289537
19.56759311621715,0.2885231787908251,1.227822299289537
19.56759311621715,0.2885231787908251,1.227822299289537
19.56759311621715,0.2885231787908251,1.227822299289537
19.56759311621715,0.2885231787908251,1.227822299289537
19.56759311621715,0.2885231787908251,1.227822299289537
19.56759311621715,0.2885231787908251,1.227822299289537
19.56759311621715,0.2885231787908251,1.227822299289537
19.56759311621715,0.2885231787908251,1.227822299289537
19.533453171915156,0.2899529760905234,1.230216530043582
19.533453171915156,0.2899529760905234,1.230216530043582
19.533453171915156,0.2899529760905234,1.230216530043582
19.533453171915156,0.2899529760905234,1.230216530043582
22.128816644448168,0.819804278027962,1.1537875666627775
22.266066608435022,0.7510786327658863,1.1394776880021245
22.266066608435022,0.7510786327658863,1.1394776880021245
22.266066608435022,0.7510786327658863,1.1394776880021245
22.233788138611907,0.7139396874539574,1.1279025338311204
22.233788138611907,0.7139396874539574,1.1279025338311204
22.470210288635954,0.6081135383007235,1.1103055364809622
22.612151133611334,0.5689545193702185,1.1151884748177971
22.612151133611334,0.5689545193702185,1.1151884748177971
22.612151133611334,0.5689545193702185,1.1151884748177971
22.612151133611334,0.5689545193702185,1.1151884748177971
22.612151133611334,0.5689545193702185,1.1151884748177971
22.612884856389783,0.5748781396796006,1.1112559055189888
22.62465936452231,0.5613590265485366,1.0971114298821865
22.62465936452231,0.5613590265485366,1.0971114298821865
22.62465936452231,0.5613590265485366,1.0971114298821865
22.62465936452231,0.5613590265485366,1.0971114298821865
22.508186550853917,0.4961865218175296,1.0791528264014418
22.508186550853917,0.4961865218175296,1.0791528264014418
22.508186550853917,0.4961865218175296,1.0791528264014418
22.508186550853917,0.4961865218175296,1.0791528264014418
22.508186550853917,0.4961865218175296,1.0791528264014418
22.54129978110547,0.41833604335393215,1.0405493214868162
22.56588926280387,0.36052522571850154,1.0118828286565709
22.56588926280387,0.36052522571850154,1.0118828286565709
22.56588926280387,0.36052522571850154,1.0118828286565709
22.567995963324908,0.3501804907342412,1.0097093277879239
22.567995963324908,0.3501804907342412,1.0097093277879239
22.56596638481874,0.3484617957496813,1.0121005632735474
22.56596638481874,0.3484617957496813,1.0121005632735474
22.56596638481874,0.3484617957496813,1.0121005632735474
22.412185308405196,0.3462457261121917,1.0181219929082461
22.412185308405196,0.3462457261121917,1.0181219929082461
22.412185308405196,0.3462457261121917,1.0181219929082461
22.384976188611997,0.20217151767281083,1.0106825923067644
22.384976188611997,0.20217151767281083,1.0106825923067644
22.384976188611997,0.20217151767281083,1.0106825923067644
22.384976188611997,0.20217151767281083,1.0106825923067644
22.384976188611997,0.20217151767281083,1.0106825923067644
22.384976188611997,0.20217151767281083,1.0106825923067644
22.384976188611997,0.20217151767281083,1.0106825923067644
22.384976188611997,0.20217151767281083,1.0106825923067644
22.384976188611997,0.20217151767281083,1.0106825923067644
22.384976188611997,0.20217151767281083,1.0106825923067644
22.384976188611997,0.20217151767281083,1.0106825923067644
22.384976188611997,0.20217151767281083,1.0106825923067644
22.427387654699466,0.28889583212884495,1.0360363181275125
22.424090717257695,0.24372449202533014,1.0394436664264166
22.3773407882493,0.20597853643616665,1.0361906903507803
22.3773407882493,0.20597853643616665,1.0361906903507803
22.338238668512133,0.1272278908400587,1.0243660221727626
22.338238668512133,0.1272278908400587,1.0243660221727626
22.338238668512133,0.1272278908400587,1.0243660221727626
22.338238668512133,0.1272278908400587,1.0243660221727626
22.338238668512133,0.1272278908400587,1.0243660221727626
22.354711732445836,0.11943017141010709,1.0464175974793626
22.411517306209767,0.1284610534493594,1.044811054553694
22.402988188921626,0.10417276578319068,1.042152747577313
22.402988188921626,0.10417276578319068,1.042152747577313
22.402988188921626,0.10417276578319068,1.042152747577313
22.43232020576128,0.14794893757926206,1.0482938005686748
22.43232020576128,0.14794893757926206,1.0482938005686748
22.43232020576128,0.14794893757926206,1.0482938005686748
22.43232020576128,0.14794893757926206,1.0482938005686748
22.43232020576128,0.14794893757926206,1.0482938005686748
22.43232020576128,0.14794893757926206,1.0482938005686748
22.41398262072101,0.12390462315257231,1.0657845525310146
22.41398262072101,0.12390462315257231,1.0657845525310146
22.41398262072101,0.12390462315257231,1.0657845525310146
22.41398262072101,0.12390462315257231,1.0657845525310146
22.41398262072101,0.12390462315257231,1.0657845525310146
22.41398262072101,0.12390462315257231,1.0657845525310146
22.41398262072101,0.12390462315257231,1.0657845525310146
22.41398262072101,0.12390462315257231,1.0657845525310146
22.41398262072101,0.12390462315257231,1.0657845525310146
22.420816003909625,0.09137907004326018,1.0353692912360843
22.443940469008535,0.0824890575250133,1.0336366856995647
22.445877478965826,0.07491595885406133,1.0461806906676354
22.445877478965826,0.07491595885406133,1.0461806906676354
22.42728941278334,0.07902683667826894,1.058872592314056
22.42728941278334,0.07902683667826894,1.058872592314056
22.421573705042327,0.06660741446997787,1.0573790525365276
22.421573705042327,0.06660741446997787,1.0573790525365276
22.421573705042327,0.06660741446997787,1.0573790525365276
22.435646397311896,0.060660843179810915,1.0543115718197156
22.427459086100075,0.04298687401139514,1.0529495418600596
22.413757120771063,0.038898419423687776,1.039557515459467
22.413475404693305,0.037706709509472275,1.0394061318379801
22.413475404693305,0.037706709509472275,1.0394061318379801
22.413475404693305,0.037706709509472275,1.0394061318379801
22.413475404693305,0.037706709509472275,1.0394061318379801
22.413475404693305,0.037706709509472275,1.0394061318379801
22.433759382508647,0.054236519767131924,1.0321036711189853
22.433759382508647,0.054236519767131924,1.0321036711189853
22.433759382508647,0.054236519767131924,1.0321036711189853
22.443251597379426,0.00215856854890889,1.0164553364349853
22.443251597379426,0.00215856854890889,1.0164553364349853
22.443251597379426,0.00215856854890889,1.0164553364349853
22.443251597379426,0.00215856854890889,1.0164553364349853
22.443251597379426,0.00215856854890889,1.0164553364349853
22.443251597379426,0.00215856854890889,1.0164553364349853
22.443251597379426,0.00215856854890889,1.0164553364349853
22.443251597379426,0.00215856854890889,1.0164553364349853
22.443251597379426,0.00215856854890889,1.0164553364349853
22.443251597379426,0.00215856854890889,1.0164553364349853
22.443251597379426,0.00215856854890889,1.0164553364349853
22.443251597379426,0.00215856854890889,1.0164553364349853
22.4653900011938,0.03328572763860263,1.020298036569487
22.4653900011938,0.03328572763860263,1.020298036569487
22.4653900011938,0.03328572763860263,1.020298036569487
22.4653900011938,0.03328572763860263,1.020298036569487
22.4653900011938,0.03328572763860263,1.020298036569487
22.4653900011938,0.03328572763860263,1.020298036569487
22.4653900011938,0.03328572763860263,1.020298036569487
22.461115851032282,0.01818398680547162,1.0174740959808417
22.461115851032282,0.01818398680547162,1.0174740959808417
22.461115851032282,0.01818398680547162,1.0174740959808417
22.461115851032282,0.01818398680547162,1.0174740959808417
22.461115851032282,0.01818398680547162,1.0174740959808417
22.470787292229524,0.03756960385038002,1.0208801988168044
22.690642466606242,0.4908376706872954,1.1678563568237024
22.690642466606242,0.4908376706872954,1.1678563568237024
22.690642466606242,0.4908376706872954,1.1678563568237024
22.690642466606242,0.4908376706872954,1.1678563568237024
22.690642466606242,0.4908376706872954,1.1678563568237024
22.690642466606242,0.4908376706872954,1.1678563568237024
22.690642466606242,0.4908376706872954,1.1678563568237024
22.227392977013146,0.5000278740590932,1.1755895275891564
22.227392977013146,0.5000278740590932,1.1755895275891564
22.24359691768119,0.5130471768326419,1.16913197316439
22.357451465596384,0.5190814558256965,1.1221474924826578
22.35838861746439,0.48105957361520046,1.1294423685354693
22.35838861746439,0.48105957361520046,1.1294423685354693
22.46024168309105,0.4027352360574732,1.0652514717051504
22.46024168309105,0.4027352360574732,1.0652514717051504
22.46024168309105,0.4027352360574732,1.0652514717051504
22.46728982600143,0.4411529770349806,1.0591593558534653
22.46728982600143,0.4411529770349806,1.0591593558534653
22.46728982600143,0.4411529770349806,1.0591593558534653
22.489334527380603,0.364261462660332,1.0550670779301188
22.489334527380603,0.364261462660332,1.0550670779301188
22.489334527380603,0.364261462660332,1.0550670779301188
22.489334527380603,0.364261462660332,1.0550670779301188
22.489334527380603,0.364261462660332,1.0550670779301188
22.489334527380603,0.364261462660332,1.0550670779301188
22.489334527380603,0.364261462660332,1.0550670779301188
22.489334527380603,0.364261462660332,1.0550670779301188
22.489334527380603,0.364261462660332,1.0550670779301188
22.489334527380603,0.364261462660332,1.0550670779301188
22.489334527380603,0.364261462660332,1.0550670779301188
22.489334527380603,0.364261462660332,1.0550670779301188
22.495495338612063,0.29741671968192807,1.0576182883721388
22.495495338612063,0.29741671968192807,1.0576182883721388
22.495495338612063,0.29741671968192807,1.0576182883721388
22.495495338612063,0.29741671968192807,1.0576182883721388
22.495495338612063,0.29741671968192807,1.0576182883721388
22.495495338612063,0.29741671968192807,1.0576182883721388
22.494584558004018,0.331294086268987,1.0286508646154136
22.494584558004018,0.331294086268987,1.0286508646154136
22.494584558004018,0.331294086268987,1.0286508646154136
22.494584558004018,0.331294086268987,1.0286508646154136
22.494584558004018,0.331294086268987,1.0286508646154136
22.4117451377303,0.2778518508073281,1.0210395890004904
22.32647874187227,0.08338254112558824,1.0240143009812404
22.32647874187227,0.08338254112558824,1.0240143009812404
22.32647874187227,0.08338254112558824,1.0240143009812404
22.32647874187227,0.08338254112558824,1.0240143009812404
22.32647874187227,0.08338254112558824,1.0240143009812404
22.32647874187227,0.08338254112558824,1.0240143009812404
22.32647874187227,0.08338254112558824,1.0240143009812404
22.365583814846296,0.14118902836092612,1.0537773055983548
22.365583814846296,0.14118902836092612,1.0537773055983548
22.365583814846296,0.14118902836092612,1.0537773055983548
22.365583814846296,0.14118902836092612,1.0537773055983548
22.365583814846296,0.14118902836092612,1.0537773055983548
22.365583814846296,0.14118902836092612,1.0537773055983548
22.365583814846296,0.14118902836092612,1.0537773055983548
22.365583814846296,0.14118902836092612,1.0537773055983548
22.365583814846296,0.14118902836092612,1.0537773055983548
22.33208705544115,0.059033761949423,1.0441762165876283
22.325259458128098,0.05379562880973909,1.0447520021202086
22.325259458128098,0.05379562880973909,1.0447520021202086
22.345547583209914,0.0582997034769962,1.0440505015208272
22.345547583209914,0.0582997034769962,1.0440505015208272
22.345547583209914,0.0582997034769962,1.0440505015208272
22.40940142153166,0.07648299000958732,1.0454632707631928
22.40940142153166,0.07648299000958732,1.0454632707631928
22.40940142153166,0.07648299000958732,1.0454632707631928
22.40940142153166,0.07648299000958732,1.0454632707631928
22.40940142153166,0.07648299000958732,1.0454632707631928
22.446930180455954,0.12343209852453865,1.0559374533514985
22.448308368760625,0.11811944332063011,1.0551487876566084
22.448308368760625,0.11811944332063011,1.0551487876566084
22.448308368760625,0.11811944332063011,1.0551487876566084
22.448308368760625,0.11811944332063011,1.0551487876566084
22.448308368760625,0.11811944332063011,1.0551487876566084
22.448308368760625,0.11811944332063011,1.0551487876566084
22.448308368760625,0.11811944332063011,1.0551487876566084
22.437543187725716,0.11126929019135973,1.0559241978543208
22.437543187725716,0.11126929019135973,1.0559241978543208
22.437543187725716,0.11126929019135973,1.0559241978543208
22.437543187725716,0.11126929019135973,1.0559241978543208
22.437681523253993,0.1102572843487411,1.0550035302859175
22.490766540962785,0.03816516416748672,1.0322472253528114
22.490766540962785,0.03816516416748672,1.0322472253528114
22.490766540962785,0.03816516416748672,1.0322472253528114
22.490766540962785,0.03816516416748672,1.0322472253528114
22.490766540962785,0.03816516416748672,1.0322472253528114
22.501729047141605,0.040208377385563904,1.0308529576145766
22.501729047141605,0.040208377385563904,1.0308529576145766
22.501729047141605,0.040208377385563904,1.0308529576145766
22.501729047141605,0.040208377385563904,1.0308529576145766
22.501729047141605,0.040208377385563904,1.0308529576145766
22.501729047141605,0.040208377385563904,1.0308529576145766
22.501729047141605,0.040208377385563904,1.0308529576145766
22.501729047141605,0.040208377385563904,1.0308529576145766
22.501729047141605,0.040208377385563904,1.0308529576145766
22.501729047141605,0.040208377385563904,1.0308529576145766
22.482874516438088,0.03679313576151336,1.0452049931601122
22.482874516438088,0.03679313576151336,1.0452049931601122
22.482874516438088,0.03679313576151336,1.0452049931601122
22.482874516438088,0.03679313576151336,1.0452049931601122
22.482874516438088,0.03679313576151336,1.0452049931601122
22.482874516438088,0.03679313576151336,1.0452049931601122
22.482874516438088,0.03679313576151336,1.0452049931601122
22.482874516438088,0.03679313576151336,1.0452049931601122
22.482874516438088,0.03679313576151336,1.0452049931601122
22.482874516438088,0.03679313576151336,1.0452049931601122
22.482874516438088,0.03679313576151336,1.0452049931601122
22.487739832269845,0.013857130904446222,1.0519015566019976
22.487739832269845,0.013857130904446222,1.0519015566019976
22.487739832269845,0.013857130904446222,1.0519015566019976
22.466069053528443,0.01722352130930347,1.0503435984733616
22.466069053528443,0.01722352130930347,1.0503435984733616
22.485945574566752,0.056566660872819766,1.0358274810108317
22.499300902148786,0.05738917534474863,1.036360105457641
22.49838515540757,0.058941795020377726,1.0380394231588195
22.49838515540757,0.058941795020377726,1.0380394231588195
22.499181638846117,0.06453623641899167,1.0385643189139726
22.499181638846117,0.06453623641899167,1.0385643189139726
111.6858219643355,0.5526035458305704,1.8105959850107372
111.6858219643355,0.5526035458305704,1.8105959850107372
111.6858219643355,0.5526035458305704,1.8105959850107372
111.6858219643355,0.5526035458305704,1.8105959850107372
111.6858219643355,0.5526035458305704,1.8105959850107372
111.6858219643355,0.5526035458305704,1.8105959850107372
111.6858219643355,0.5526035458305704,1.8105959850107372
111.6858219643355,0.5526035458305704,1.8105959850107372
111.6858219643355,0.5526035458305704,1.8105959850107372
111.6858219643355,0.5526035458305704,1.8105959850107372
111.6858219643355,0.5526035458305704,1.8105959850107372
111.6858219643355,0.5526035458305704,1.8105959850107372
111.6858219643355,0.5526035458305704,1.8105959850107372
111.6858219643355,0.5526035458305704,1.8105959850107372
111.6858219643355,0.5526035458305704,1.8105959850107372
111.6858219643355,0.5526035458305704,1.8105959850107372
111.6858219643355,0.5526035458305704,1.8105959850107372
111.6858219643355,0.5526035458305704,1.8105959850107372
111.6858219643355,0.5526035458305704,1.8105959850107372
111.6858219643355,0.5526035458305704,1.8105959850107372
111.6858219643355,0.5526035458305704,1.8105959850107372
111.6858219643355,0.5526035458305704,1.8105959850107372
111.6858219643355,0.5526035458305704,1.8105959850107372
111.6858219643355,0.5526035458305704,1.8105959850107372
111.6858219643355,0.5526035458305704,1.8105959850107372
111.6858219643355,0.5526035458305704,1.8105959850107372
105.41074350187453,0.5718550362808298,1.7516734767848887
105.41074350187453,0.5718550362808298,1.7516734767848887
105.41074350187453,0.5718550362808298,1.7516734767848887
105.41074350187453,0.5718550362808298,1.7516734767848887
105.41074350187453,0.5718550362808298,1.7516734767848887
105.41074350187453,0.5718550362808298,1.7516734767848887
105.41074350187453,0.5718550362808298,1.7516734767848887
105.41074350187453,0.5718550362808298,1.7516734767848887
105.41074350187453,0.5718550362808298,1.7516734767848887
105.41074350187453,0.5718550362808298,1.7516734767848887
105.41074350187453,0.5718550362808298,1.7516734767848887
105.41074350187453,0.5718550362808298,1.7516734767848887
105.41074350187453,0.5718550362808298,1.7516734767848887
105.41074350187453,0.5718550362808298,1.7516734767848887
105.41074350187453,0.5718550362808298,1.7516734767848887
105.41074350187453,0.5718550362808298,1.7516734767848887
79.39425739103591,0.5505514642430858,1.5300639568950354
79.39425739103591,0.5505514642430858,1.5300639568950354
57.44009315891543,0.7207988698389143,1.2729662046508439
57.44009315891543,0.7207988698389143,1.2729662046508439
39.97209246521649,0.6260049887117014,1.1455894917664282
39.97209246521649,0.6260049887117014,1.1455894917664282
42.90845785425486,0.6640712982869305,1.1715289891079335
42.90845785425486,0.6640712982869305,1.1715289891079335
42.90845785425486,0.6640712982869305,1.1715289891079335
42.90845785425486,0.6640712982869305,1.1715289891079335
33.17146029429884,0.5726849685094573,1.1147470727307993
30.711677198113897,0.4326478216648786,1.0926448414452714
31.72979042827983,0.4207090990011632,1.098905481733983
31.72979042827983,0.4207090990011632,1.098905481733983
31.72979042827983,0.4207090990011632,1.098905481733983
29.090807581962853,0.43523032463927014,1.0970392663845072
29.090807581962853,0.43523032463927014,1.0970392663845072
18.480367721180265,0.2676547057033135,1.0654691089480948
18.480367721180265,0.2676547057033135,1.0654691089480948
18.480367721180265,0.2676547057033135,1.0654691089480948
18.480367721180265,0.2676547057033135,1.0654691089480948
18.480367721180265,0.2676547057033135,1.0654691089480948
14.41800144256893,0.27704773841813557,1.0562383218072948
14.41800144256893,0.27704773841813557,1.0562383218072948
14.41800144256893,0.27704773841813557,1.0562383218072948
14.41800144256893,0.27704773841813557,1.0562383218072948
14.41800144256893,0.27704773841813557,1.0562383218072948
14.41800144256893,0.27704773841813557,1.0562383218072948
14.41800144256893,0.27704773841813557,1.0562383218072948
14.41800144256893,0.27704773841813557,1.0562383218072948
14.41800144256893,0.27704773841813557,1.0562383218072948
14.41800144256893,0.27704773841813557,1.0562383218072948
14.41800144256893,0.27704773841813557,1.0562383218072948
14.41800144256893,0.27704773841813557,1.0562383218072948
14.41800144256893,0.27704773841813557,1.0562383218072948
14.41800144256893,0.27704773841813557,1.0562383218072948
14.41800144256893,0.27704773841813557,1.0562383218072948
14.41800144256893,0.27704773841813557,1.0562383218072948
14.41800144256893,0.27704773841813557,1.0562383218072948
14.41800144256893,0.27704773841813557,1.0562383218072948
14.41800144256893,0.27704773841813557,1.0562383218072948
14.41800144256893,0.27704773841813557,1.0562383218072948
14.41800144256893,0.27704773841813557,1.0562383218072948
14.41800144256893,0.27704773841813557,1.0562383218072948
14.41800144256893,0.27704773841813557,1.0562383218072948
14.41800144256893,0.27704773841813557,1.0562383218072948
14.41800144256893,0.27704773841813557,1.0562383218072948
14.41800144256893,0.27704773841813557,1.0562383218072948
14.41800144256893,0.27704773841813557,1.0562383218072948
14.41800144256893,0.27704773841813557,1.0562383218072948
14.41800144256893,0.27704773841813557,1.0562383218072948
14.41800144256893,0.27704773841813557,1.0562383218072948
14.41800144256893,0.27704773841813557,1.0562383218072948
14.41800144256893,0.27704773841813557,1.0562383218072948
14.41800144256893,0.27704773841813557,1.0562383218072948
14.41800144256893,0.27704773841813557,1.0562383218072948
14.41800144256893,0.27704773841813557,1.0562383218072948
14.41800144256893,0.27704773841813557,1.0562383218072948
14.41800144256893,0.27704773841813557,1.0562383218072948
14.41800144256893,0.27704773841813557,1.0562383218072948
14.41800144256893,0.27704773841813557,1.0562383218072948
14.41800144256893,0.27704773841813557,1.0562383218072948
14.41800144256893,0.27704773841813557,1.0562383218072948
14.41800144256893,0.27704773841813557,1.0562383218072948
14.41800144256893,0.27704773841813557,1.0562383218072948
14.41800144256893,0.27704773841813557,1.0562383218072948
14.41800144256893,0.27704773841813557,1.0562383218072948
14.41800144256893,0.27704773841813557,1.0562383218072948
14.41800144256893,0.27704773841813557,1.0562383218072948
14.41800144256893,0.27704773841813557,1.0562383218072948
14.41800144256893,0.27704773841813557,1.0562383218072948
14.41800144256893,0.27704773841813557,1.0562383218072948
14.41800144256893,0.27704773841813557,1.0562383218072948
14.41800144256893,0.27704773841813557,1.0562383218072948
14.41800144256893,0.27704773841813557,1.0562383218072948
14.41800144256893,0.27704773841813557,1.0562383218072948
14.41800144256893,0.27704773841813557,1.0562383218072948
14.41800144256893,0.27704773841813557,1.0562383218072948
74.44096789912328,0.9781516094329472,1.263045335966198
74.44096789912328,0.9781516094329472,1.263045335966198
74.44096789912328,0.9781516094329472,1.263045335966198
74.55979140889737,0.9785581607574049,1.2718564917679465
74.55979140889737,0.9785581607574049,1.2718564917679465
74.55979140889737,0.9785581607574049,1.2718564917679465
74.55979140889737,0.9785581607574049,1.2718564917679465
74.55979140889737,0.9785581607574049,1.2718564917679465
74.55979140889737,0.9785581607574049,1.2718564917679465
74.55979140889737,0.9785581607574049,1.2718564917679465
74.55979140889737,0.9785581607574049,1.2718564917679465
74.55979140889737,0.9785581607574049,1.2718564917679465
74.55979140889737,0.9785581607574049,1.2718564917679465
74.55979140889737,0.9785581607574049,1.2718564917679465
74.55979140889737,0.9785581607574049,1.2718564917679465
74.55979140889737,0.9785581607574049,1.2718564917679465
74.55979140889737,0.9785581607574049,1.2718564917679465
74.55979140889737,0.9785581607574049,1.2718564917679465
74.55979140889737,0.9785581607574049,1.2718564917679465
74.55979140889737,0.9785581607574049,1.2718564917679465
74.55979140889737,0.9785581607574049,1.2718564917679465
71.55671947688046,0.9422782099519771,1.254670632355922
71.55671947688046,0.9422782099519771,1.254670632355922
71.55671947688046,0.9422782099519771,1.254670632355922
71.55671947688046,0.9422782099519771,1.254670632355922
71.55671947688046,0.9422782099519771,1.254670632355922
71.55671947688046,0.9422782099519771,1.254670632355922
71.55671947688046,0.9422782099519771,1.254670632355922
59.0900245462459,0.7914376618408552,1.2247547638684493
59.0900245462459,0.7914376618408552,1.2247547638684493
42.97612760597924,0.6299137696306624,1.1143018169003123
42.745207065631575,0.6268945261148908,1.1136239417208242
30.52923039856539,0.48721887235914085,0.9624302408045814
30.52923039856539,0.48721887235914085,0.9624302408045814
30.52923039856539,0.48721887235914085,0.9624302408045814
30.52923039856539,0.48721887235914085,0.9624302408045814
30.52923039856539,0.48721887235914085,0.9624302408045814
28.534987513861868,0.4793472479293203,0.9244484128821443
28.534987513861868,0.4793472479293203,0.9244484128821443
28.534987513861868,0.4793472479293203,0.9244484128821443
28.534987513861868,0.4793472479293203,0.9244484128821443
26.64971730247627,0.43443036207409874,0.9756992181525102
26.64971730247627,0.43443036207409874,0.9756992181525102
26.60504038545565,0.433412778625812,0.9757464665423071
25.550929567311183,0.24942842723549807,0.9867162314351581
25.550929567311183,0.24942842723549807,0.9867162314351581
25.550929567311183,0.24942842723549807,0.9867162314351581
25.550929567311183,0.24942842723549807,0.9867162314351581
24.270731302393692,0.34419212823936773,1.0147078503975762
24.270731302393692,0.34419212823936773,1.0147078503975762
24.270731302393692,0.34419212823936773,1.0147078503975762
24.270731302393692,0.34419212823936773,1.0147078503975762
24.270731302393692,0.34419212823936773,1.0147078503975762
24.270731302393692,0.34419212823936773,1.0147078503975762
24.495851903836126,0.3370611334300097,1.0055076425942233
24.495851903836126,0.3370611334300097,1.0055076425942233
24.495851903836126,0.3370611334300097,1.0055076425942233
24.495851903836126,0.3370611334300097,1.0055076425942233
22.833221676530087,0.3781719617442151,1.0389702327201422
22.56464713343828,0.10062049339688417,1.0870071163647133
22.56464713343828,0.10062049339688417,1.0870071163647133
22.56464713343828,0.10062049339688417,1.0870071163647133
22.56464713343828,0.10062049339688417,1.0870071163647133
22.56464713343828,0.10062049339688417,1.0870071163647133
22.56464713343828,0.10062049339688417,1.0870071163647133
22.56464713343828,0.10062049339688417,1.0870071163647133
22.56464713343828,0.10062049339688417,1.0870071163647133
22.56464713343828,0.10062049339688417,1.0870071163647133
22.56464713343828,0.10062049339688417,1.0870071163647133
22.559969648035832,0.08883277034901418,1.0784301521859763
22.561820126517095,0.08975907844003503,1.080059612430888
22.561820126517095,0.08975907844003503,1.080059612430888
22.561820126517095,0.08975907844003503,1.080059612430888
22.561820126517095,0.08975907844003503,1.080059612430888
22.561820126517095,0.08975907844003503,1.080059612430888
22.561820126517095,0.08975907844003503,1.080059612430888
22.543480010716976,0.11179153802289027,1.0760205880635914
22.543480010716976,0.11179153802289027,1.0760205880635914
22.543480010716976,0.11179153802289027,1.0760205880635914
22.543480010716976,0.11179153802289027,1.0760205880635914
22.543480010716976,0.11179153802289027,1.0760205880635914
22.543480010716976,0.11179153802289027,1.0760205880635914
22.54361546940761,0.10614214110020251,1.0761664391174937
22.519559183381315,0.16057905014218116,1.0739876067919163
22.519559183381315,0.16057905014218116,1.0739876067919163
22.512863534301033,0.1404789736224591,1.0798269119979906
22.512863534301033,0.1404789736224591,1.0798269119979906
22.384521473286863,0.07766163021207212,1.0857161065997658
22.384521473286863,0.07766163021207212,1.0857161065997658
22.384521473286863,0.07766163021207212,1.0857161065997658
22.384521473286863,0.07766163021207212,1.0857161065997658
22.384521473286863,0.07766163021207212,1.0857161065997658
22.395071934355368,0.08512584550502263,1.0828025103127394
22.398532330204013,0.11155983147486842,1.0814141550999707
22.39386519635904,0.11534297150530144,1.074296252083075
22.42110563130334,0.13957558988683025,1.0712117166484374
22.42110563130334,0.13957558988683025,1.0712117166484374
22.42094979449844,0.13930685599536988,1.0711777764668637
22.42094979449844,0.13930685599536988,1.0711777764668637
22.429649328253696,0.14196126859039992,1.0688704169836807
22.343867150214184,0.07252212412989548,1.0950457020586555
22.343867150214184,0.07252212412989548,1.0950457020586555
22.343867150214184,0.07252212412989548,1.0950457020586555
22.3495176979819,0.0759036578415695,1.0926120708314884
22.3495176979819,0.0759036578415695,1.0926120708314884
22.3495176979819,0.0759036578415695,1.0926120708314884
22.3495176979819,0.0759036578415695,1.0926120708314884
22.3495176979819,0.0759036578415695,1.0926120708314884
22.3495176979819,0.0759036578415695,1.0926120708314884
22.410689716936194,0.0931845249658639,1.0632088165797196
22.410689716936194,0.0931845249658639,1.0632088165797196
22.410689716936194,0.0931845249658639,1.0632088165797196
22.410689716936194,0.0931845249658639,1.0632088165797196
22.402167658843517,0.08327327984269961,1.0679205005681485
22.402167658843517,0.08327327984269961,1.0679205005681485
22.44125888345723,0.08319487364407395,1.0351985735267437
22.426394522247058,0.08142243382522955,1.0066182709395897
22.426394522247058,0.08142243382522955,1.0066182709395897
22.426394522247058,0.08142243382522955,1.0066182709395897
22.426394522247058,0.08142243382522955,1.0066182709395897
22.667674594123998,0.314579998478068,1.0529520463794315
22.667674594123998,0.314579998478068,1.0529520463794315
22.667674594123998,0.314579998478068,1.0529520463794315
22.667674594123998,0.314579998478068,1.0529520463794315
22.667674594123998,0.314579998478068,1.0529520463794315
22.667674594123998,0.314579998478068,1.0529520463794315
22.667674594123998,0.314579998478068,1.0529520463794315
22.667674594123998,0.314579998478068,1.0529520463794315
22.667674594123998,0.314579998478068,1.0529520463794315
22.667674594123998,0.314579998478068,1.0529520463794315
22.667674594123998,0.314579998478068,1.0529520463794315
22.667674594123998,0.314579998478068,1.0529520463794315
22.667674594123998,0.314579998478068,1.0529520463794315
22.667674594123998,0.314579998478068,1.0529520463794315
22.667674594123998,0.314579998478068,1.0529520463794315
22.667674594123998,0.314579998478068,1.0529520463794315
22.667674594123998,0.314579998478068,1.0529520463794315
22.667674594123998,0.314579998478068,1.0529520463794315
22.667674594123998,0.314579998478068,1.0529520463794315
22.667674594123998,0.314579998478068,1.0529520463794315
22.617534814133137,0.4129446797586636,1.063677495527795
22.617534814133137,0.4129446797586636,1.063677495527795
22.617534814133137,0.4129446797586636,1.063677495527795
22.609570849503818,0.4296570211190411,1.0660696117862867
22.609570849503818,0.4296570211190411,1.0660696117862867
22.609570849503818,0.4296570211190411,1.0660696117862867
22.61021313769531,0.42945329902633256,1.0662629349899808
22.60174077271967,0.4380635657713941,1.066506586368666
22.60174077271967,0.4380635657713941,1.066506586368666
22.60174077271967,0.4380635657713941,1.066506586368666
22.60174077271967,0.4380635657713941,1.066506586368666
22.60174077271967,0.4380635657713941,1.066506586368666
22.60174077271967,0.4380635657713941,1.066506586368666
22.60174077271967,0.4380635657713941,1.066506586368666
22.602860553067586,0.4373823658187738,1.0666589926496652
22.602860553067586,0.4373823658187738,1.0666589926496652
22.543582902042477,0.3627739152091879,1.0950119425005063
22.543582902042477,0.3627739152091879,1.0950119425005063
22.54343459725795,0.36653533755154655,1.0973065710378194
22.54343459725795,0.36653533755154655,1.0973065710378194
22.54343459725795,0.36653533755154655,1.0973065710378194
22.54343459725795,0.36653533755154655,1.0973065710378194
22.54343459725795,0.36653533755154655,1.0973065710378194
22.54343459725795,0.36653533755154655,1.0973065710378194
22.465390081359406,0.36670838931123306,1.0948166841392701
22.465390081359406,0.36670838931123306,1.0948166841392701
22.465390081359406,0.36670838931123306,1.0948166841392701
22.465390081359406,0.36670838931123306,1.0948166841392701
22.465390081359406,0.36670838931123306,1.0948166841392701
22.465390081359406,0.36670838931123306,1.0948166841392701
22.465390081359406,0.36670838931123306,1.0948166841392701
22.465390081359406,0.36670838931123306,1.0948166841392701
22.465390081359406,0.36670838931123306,1.0948166841392701
22.465390081359406,0.36670838931123306,1.0948166841392701
22.471638384392904,0.3775575860145707,1.0602877219919653
22.471638384392904,0.3775575860145707,1.0602877219919653
22.471638384392904,0.3775575860145707,1.0602877219919653
22.471638384392904,0.3775575860145707,1.0602877219919653
22.471638384392904,0.3775575860145707,1.0602877219919653
22.471638384392904,0.3775575860145707,1.0602877219919653
22.49455945175943,0.3465878909413674,1.035320882093234
22.49455945175943,0.3465878909413674,1.035320882093234
22.49455945175943,0.3465878909413674,1.035320882093234
22.500406828402127,0.3437259142921972,1.0384622106625248
22.500406828402127,0.3437259142921972,1.0384622106625248
22.500406828402127,0.3437259142921972,1.0384622106625248
22.500406828402127,0.3437259142921972,1.0384622106625248
22.500406828402127,0.3437259142921972,1.0384622106625248
22.500406828402127,0.3437259142921972,1.0384622106625248
22.500406828402127,0.3437259142921972,1.0384622106625248
22.500406828402127,0.3437259142921972,1.0384622106625248
22.500851405600844,0.3434039890669217,1.0387050559068565
22.500851405600844,0.3434039890669217,1.0387050559068565
22.500851405600844,0.3434039890669217,1.0387050559068565
22.500851405600844,0.3434039890669217,1.0387050559068565
22.500851405600844,0.3434039890669217,1.0387050559068565
22.51138620231825,0.3923922895914092,1.0466365454520652
22.51138620231825,0.3923922895914092,1.0466365454520652
22.51138620231825,0.3923922895914092,1.0466365454520652
22.509514773762014,0.43518686666647854,1.0460257542130762
22.509514773762014,0.43518686666647854,1.0460257542130762
22.500316970562512,0.40520183656609177,1.0493437014807403
22.500316970562512,0.40520183656609177,1.0493437014807403
22.440411731361152,0.32142320328902446,1.0658152746667704
22.440411731361152,0.32142320328902446,1.0658152746667704
22.440411731361152,0.32142320328902446,1.0658152746667704
22.440411731361152,0.32142320328902446,1.0658152746667704
22.433394441159002,0.32927330805696814,1.0653025474791085
22.458698729767868,0.2811617637470114,1.051625150178911
22.458698729767868,0.2811617637470114,1.051625150178911
22.480395949329512,0.24682674841979332,1.0608948060060936
22.486895730825168,0.24723346304816413,1.070195344381821
22.486895730825168,0.24723346304816413,1.070195344381821
22.486895730825168,0.24723346304816413,1.070195344381821
22.486895730825168,0.24723346304816413,1.070195344381821
22.480741963783885,0.22094294048418311,1.049433480642352
22.480741963783885,0.22094294048418311,1.049433480642352
22.49861299735133,0.24198871053262844,1.0375038301705533
22.49861299735133,0.24198871053262844,1.0375038301705533
22.497591239837465,0.24643690228539195,1.0399839406805547
22.516236028596122,0.25060616492519855,1.042834631864972
22.516236028596122,0.25060616492519855,1.042834631864972
22.516727393347683,0.2534509077383414,1.0430626159211602
22.516727393347683,0.2534509077383414,1.0430626159211602
22.516727393347683,0.2534509077383414,1.0430626159211602
22.519489967001213,0.2646074654146519,1.045693386982088
22.519489967001213,0.2646074654146519,1.045693386982088
22.509503250724862,0.26499019283982345,1.045883651486358
22.509503250724862,0.26499019283982345,1.045883651486358
22.509503250724862,0.26499019283982345,1.045883651486358
22.509503250724862,0.26499019283982345,1.045883651486358
22.499159537019,0.19988223351179973,1.047169467745423
22.499159537019,0.19988223351179973,1.047169467745423
22.499159537019,0.19988223351179973,1.047169467745423
22.50137614680255,0.19156118910363357,1.0470761338362025
22.480585584979416,0.24607024191346571,1.0456874267242984
22.47749433892209,0.2177088693814811,1.0523551067848873
22.47749433892209,0.2177088693814811,1.0523551067848873
22.4792003376775,0.21144356946340293,1.0512645043154718
22.577468791758715,0.21581331987042807,1.0511432279463093
100.49464361922524,0.6235373273089468,1.506616943549898
100.49464361922524,0.6235373273089468,1.506616943549898
100.49464361922524,0.6235373273089468,1.506616943549898
100.49464361922524,0.6235373273089468,1.506616943549898
77.94857045902224,0.5227178801664782,1.3519024979907406
49.649517842438854,0.46220242535427014,1.305798176727788
49.649517842438854,0.46220242535427014,1.305798176727788
49.649517842438854,0.46220242535427014,1.305798176727788
39.40376619158066,0.5729381224083541,1.2333141697761336
39.40376619158066,0.5729381224083541,1.2333141697761336
34.620635396225666,0.5094054535416851,1.1569896038842822
34.620635396225666,0.5094054535416851,1.1569896038842822
34.620635396225666,0.5094054535416851,1.1569896038842822
34.620635396225666,0.5094054535416851,1.1569896038842822
34.620635396225666,0.5094054535416851,1.1569896038842822
10.710843372253677,0.7046706382824202,1.1308366904998526
11.622031301945944,0.6876276966907663,1.1218415193054518
11.622031301945944,0.6876276966907663,1.1218415193054518
11.622031301945944,0.6876276966907663,1.1218415193054518
11.622031301945944,0.6876276966907663,1.1218415193054518
11.622031301945944,0.6876276966907663,1.1218415193054518
11.622031301945944,0.6876276966907663,1.1218415193054518
11.622031301945944,0.6876276966907663,1.1218415193054518
11.622031301945944,0.6876276966907663,1.1218415193054518
11.622031301945944,0.6876276966907663,1.1218415193054518
11.622031301945944,0.6876276966907663,1.1218415193054518
11.622031301945944,0.6876276966907663,1.1218415193054518
11.622031301945944,0.6876276966907663,1.1218415193054518
11.622031301945944,0.6876276966907663,1.1218415193054518
11.622031301945944,0.6876276966907663,1.1218415193054518
11.622031301945944,0.6876276966907663,1.1218415193054518
11.622031301945944,0.6876276966907663,1.1218415193054518
11.622031301945944,0.6876276966907663,1.1218415193054518
11.622031301945944,0.6876276966907663,1.1218415193054518
11.622031301945944,0.6876276966907663,1.1218415193054518
11.622031301945944,0.6876276966907663,1.1218415193054518
11.622031301945944,0.6876276966907663,1.1218415193054518
11.622031301945944,0.6876276966907663,1.1218415193054518
11.622031301945944,0.6876276966907663,1.1218415193054518
11.622031301945944,0.6876276966907663,1.1218415193054518
11.622031301945944,0.6876276966907663,1.1218415193054518
11.622031301945944,0.6876276966907663,1.1218415193054518
14.528967110537847,0.7282748843912341,1.0931886606783008
14.528967110537847,0.7282748843912341,1.0931886606783008
14.528967110537847,0.7282748843912341,1.0931886606783008
14.528967110537847,0.7282748843912341,1.0931886606783008
14.528967110537847,0.7282748843912341,1.0931886606783008
14.528967110537847,0.7282748843912341,1.0931886606783008
14.528967110537847,0.7282748843912341,1.0931886606783008
14.528967110537847,0.7282748843912341,1.0931886606783008
14.528967110537847,0.7282748843912341,1.0931886606783008
14.528967110537847,0.7282748843912341,1.0931886606783008
14.528967110537847,0.7282748843912341,1.0931886606783008
14.528967110537847,0.7282748843912341,1.0931886606783008
14.528967110537847,0.7282748843912341,1.0931886606783008
14.528967110537847,0.7282748843912341,1.0931886606783008
14.528967110537847,0.7282748843912341,1.0931886606783008
14.528967110537847,0.7282748843912341,1.0931886606783008
14.528967110537847,0.7282748843912341,1.0931886606783008
14.528967110537847,0.7282748843912341,1.0931886606783008
14.528967110537847,0.7282748843912341,1.0931886606783008
14.528967110537847,0.7282748843912341,1.0931886606783008
14.528967110537847,0.7282748843912341,1.0931886606783008
14.528967110537847,0.7282748843912341,1.0931886606783008
14.528967110537847,0.7282748843912341,1.0931886606783008
14.528967110537847,0.7282748843912341,1.0931886606783008
14.528967110537847,0.7282748843912341,1.0931886606783008
14.528967110537847,0.7282748843912341,1.0931886606783008
14.528967110537847,0.7282748843912341,1.0931886606783008
17.62717955148502,0.46292140334367327,1.1015132823158995
14.488238204663274,0.7271014564080595,1.1861419007029776
14.488238204663274,0.7271014564080595,1.1861419007029776
14.488238204663274,0.7271014564080595,1.1861419007029776
14.488238204663274,0.7271014564080595,1.1861419007029776
14.488238204663274,0.7271014564080595,1.1861419007029776
14.488238204663274,0.7271014564080595,1.1861419007029776
14.488238204663274,0.7271014564080595,1.1861419007029776
14.488238204663274,0.7271014564080595,1.1861419007029776
14.488238204663274,0.7271014564080595,1.1861419007029776
14.488238204663274,0.7271014564080595,1.1861419007029776
14.488238204663274,0.7271014564080595,1.1861419007029776
14.488238204663274,0.7271014564080595,1.1861419007029776
14.488238204663274,0.7271014564080595,1.1861419007029776
14.488238204663274,0.7271014564080595,1.1861419007029776
14.488238204663274,0.7271014564080595,1.1861419007029776
14.488238204663274,0.7271014564080595,1.1861419007029776
14.488238204663274,0.7271014564080595,1.1861419007029776
14.488238204663274,0.7271014564080595,1.1861419007029776
14.488238204663274,0.7271014564080595,1.1861419007029776
14.488238204663274,0.7271014564080595,1.1861419007029776
18.46932430710739,0.4592854206934339,1.132067918802518
18.46932430710739,0.4592854206934339,1.132067918802518
18.46932430710739,0.4592854206934339,1.132067918802518
18.46932430710739,0.4592854206934339,1.132067918802518
18.46932430710739,0.4592854206934339,1.132067918802518
18.46932430710739,0.4592854206934339,1.132067918802518
18.46932430710739,0.4592854206934339,1.132067918802518
18.46932430710739,0.4592854206934339,1.132067918802518
18.46932430710739,0.4592854206934339,1.132067918802518
18.46932430710739,0.4592854206934339,1.132067918802518
18.46932430710739,0.4592854206934339,1.132067918802518
14.370191064034236,0.5069528710508464,1.1426635909272982
14.370191064034236,0.5069528710508464,1.1426635909272982
14.370191064034236,0.5069528710508464,1.1426635909272982
14.370191064034236,0.5069528710508464,1.1426635909272982
14.370191064034236,0.5069528710508464,1.1426635909272982
14.370191064034236,0.5069528710508464,1.1426635909272982
14.370191064034236,0.5069528710508464,1.1426635909272982
14.370191064034236,0.5069528710508464,1.1426635909272982
14.370191064034236,0.5069528710508464,1.1426635909272982
14.354821120207605,0.47811096265995545,1.1184374864919595
14.354821120207605,0.47811096265995545,1.1184374864919595
14.354821120207605,0.47811096265995545,1.1184374864919595
14.354821120207605,0.47811096265995545,1.1184374864919595
14.354821120207605,0.47811096265995545,1.1184374864919595
14.354821120207605,0.47811096265995545,1.1184374864919595
14.354821120207605,0.47811096265995545,1.1184374864919595
14.354821120207605,0.47811096265995545,1.1184374864919595
18.351094618203998,0.28058472786851085,1.0820952797446117
18.351094618203998,0.28058472786851085,1.0820952797446117
77.51540221014172,0.8122072320306514,1.309373137447959
77.51540221014172,0.8122072320306514,1.309373137447959
77.51540221014172,0.8122072320306514,1.309373137447959
77.51540221014172,0.8122072320306514,1.309373137447959
77.51540221014172,0.8122072320306514,1.309373137447959
77.51540221014172,0.8122072320306514,1.309373137447959
77.51540221014172,0.8122072320306514,1.309373137447959
77.51540221014172,0.8122072320306514,1.309373137447959
77.51540221014172,0.8122072320306514,1.309373137447959
77.51540221014172,0.8122072320306514,1.309373137447959
77.51540221014172,0.8122072320306514,1.309373137447959
77.51540221014172,0.8122072320306514,1.309373137447959
77.51540221014172,0.8122072320306514,1.309373137447959
77.51540221014172,0.8122072320306514,1.309373137447959
77.51540221014172,0.8122072320306514,1.309373137447959
77.51540221014172,0.8122072320306514,1.309373137447959
77.51540221014172,0.8122072320306514,1.309373137447959
77.51540221014172,0.8122072320306514,1.309373137447959
77.51540221014172,0.8122072320306514,1.309373137447959
77.51540221014172,0.8122072320306514,1.309373137447959
77.51540221014172,0.8122072320306514,1.309373137447959
77.51540221014172,0.8122072320306514,1.309373137447959
77.51540221014172,0.8122072320306514,1.309373137447959
77.51540221014172,0.8122072320306514,1.309373137447959
77.51540221014172,0.8122072320306514,1.309373137447959
77.51540221014172,0.8122072320306514,1.309373137447959
77.51540221014172,0.8122072320306514,1.309373137447959
77.51540221014172,0.8122072320306514,1.309373137447959
77.51540221014172,0.8122072320306514,1.309373137447959
77.51540221014172,0.8122072320306514,1.309373137447959
77.51540221014172,0.8122072320306514,1.309373137447959
77.51540221014172,0.8122072320306514,1.309373137447959
77.51540221014172,0.8122072320306514,1.309373137447959
77.51540221014172,0.8122072320306514,1.309373137447959
77.51540221014172,0.8122072320306514,1.309373137447959
77.51540221014172,0.8122072320306514,1.309373137447959
77.51540221014172,0.8122072320306514,1.309373137447959
77.51540221014172,0.8122072320306514,1.309373137447959
77.51540221014172,0.8122072320306514,1.309373137447959
77.51540221014172,0.8122072320306514,1.309373137447959
77.51540221014172,0.8122072320306514,1.309373137447959
77.51540221014172,0.8122072320306514,1.309373137447959
77.51540221014172,0.8122072320306514,1.309373137447959
64.6939457846422,0.7051921307948921,1.2311170089105907
64.6939457846422,0.7051921307948921,1.2311170089105907
44.5384593934542,0.5931425429593387,1.163294672448321
44.5384593934542,0.5931425429593387,1.163294672448321
44.5384593934542,0.5931425429593387,1.163294672448321
44.5384593934542,0.5931425429593387,1.163294672448321
44.5384593934542,0.5931425429593387,1.163294672448321
44.5384593934542,0.5931425429593387,1.163294672448321
44.5384593934542,0.5931425429593387,1.163294672448321
44.5384593934542,0.5931425429593387,1.163294672448321
44.5384593934542,0.5931425429593387,1.163294672448321
44.5384593934542,0.5931425429593387,1.163294672448321
44.5384593934542,0.5931425429593387,1.163294672448321
44.5384593934542,0.5931425429593387,1.163294672448321
44.5384593934542,0.5931425429593387,1.163294672448321
44.5384593934542,0.5931425429593387,1.163294672448321
44.5384593934542,0.5931425429593387,1.163294672448321
44.5384593934542,0.5931425429593387,1.163294672448321
44.5384593934542,0.5931425429593387,1.163294672448321
44.5384593934542,0.5931425429593387,1.163294672448321
44.5384593934542,0.5931425429593387,1.163294672448321
44.5384593934542,0.5931425429593387,1.163294672448321
44.5384593934542,0.5931425429593387,1.163294672448321
44.5384593934542,0.5931425429593387,1.163294672448321
44.5384593934542,0.5931425429593387,1.163294672448321
43.53232464813181,0.5708609348081126,1.1580149800991268
43.53232464813181,0.5708609348081126,1.1580149800991268
43.53232464813181,0.5708609348081126,1.1580149800991268
43.53232464813181,0.5708609348081126,1.1580149800991268
43.53232464813181,0.5708609348081126,1.1580149800991268
43.53232464813181,0.5708609348081126,1.1580149800991268
43.53232464813181,0.5708609348081126,1.1580149800991268
43.53232464813181,0.5708609348081126,1.1580149800991268
43.53232464813181,0.5708609348081126,1.1580149800991268
43.53232464813181,0.5708609348081126,1.1580149800991268
43.53232464813181,0.5708609348081126,1.1580149800991268
43.53232464813181,0.5708609348081126,1.1580149800991268
40.42027543500535,0.49277774037019034,1.1495529855481492
33.42884811226827,0.5095870529787526,1.105550028726583
33.42884811226827,0.5095870529787526,1.105550028726583
33.42884811226827,0.5095870529787526,1.105550028726583
12.878415278397227,0.49136994026666025,1.020266391735335
17.326613192837474,0.2901037993966113,1.002813770650236
19.54653102256163,0.30547800059290237,0.9982075987018465
19.54653102256163,0.30547800059290237,0.9982075987018465
19.54653102256163,0.30547800059290237,0.9982075987018465
19.54653102256163,0.30547800059290237,0.9982075987018465
19.54653102256163,0.30547800059290237,0.9982075987018465
19.54653102256163,0.30547800059290237,0.9982075987018465
19.54653102256163,0.30547800059290237,0.9982075987018465
18.42721736680634,0.34955258918769017,0.9886458362527035
18.42721736680634,0.34955258918769017,0.9886458362527035
18.42721736680634,0.34955258918769017,0.9886458362527035
18.42721736680634,0.34955258918769017,0.9886458362527035
18.42721736680634,0.34955258918769017,0.9886458362527035
18.42721736680634,0.34955258918769017,0.9886458362527035
18.42721736680634,0.34955258918769017,0.9886458362527035
18.42721736680634,0.34955258918769017,0.9886458362527035
18.42721736680634,0.34955258918769017,0.9886458362527035
18.42721736680634,0.34955258918769017,0.9886458362527035
18.42721736680634,0.34955258918769017,0.9886458362527035
18.42721736680634,0.34955258918769017,0.9886458362527035
18.42721736680634,0.34955258918769017,0.9886458362527035
18.42721736680634,0.34955258918769017,0.9886458362527035
18.42721736680634,0.34955258918769017,0.9886458362527035
18.42721736680634,0.34955258918769017,0.9886458362527035
18.42721736680634,0.34955258918769017,0.9886458362527035
18.42721736680634,0.34955258918769017,0.9886458362527035
18.42721736680634,0.34955258918769017,0.9886458362527035
18.42721736680634,0.34955258918769017,0.9886458362527035
18.42721736680634,0.34955258918769017,0.9886458362527035
18.42721736680634,0.34955258918769017,0.9886458362527035
18.42721736680634,0.34955258918769017,0.9886458362527035
18.42721736680634,0.34955258918769017,0.9886458362527035
18.42721736680634,0.34955258918769017,0.9886458362527035
18.42721736680634,0.34955258918769017,0.9886458362527035
18.42721736680634,0.34955258918769017,0.9886458362527035
22.578897640352093,0.9344303264223328,1.0395707903377125
22.578897640352093,0.9344303264223328,1.0395707903377125
22.578897640352093,0.9344303264223328,1.0395707903377125
22.578897640352093,0.9344303264223328,1.0395707903377125
22.578897640352093,0.9344303264223328,1.0395707903377125
22.578897640352093,0.9344303264223328,1.0395707903377125
22.563462226824054,0.9045487471501985,1.0363839345677341
22.563462226824054,0.9045487471501985,1.0363839345677341
22.563462226824054,0.9045487471501985,1.0363839345677341
22.563462226824054,0.9045487471501985,1.0363839345677341
22.563462226824054,0.9045487471501985,1.0363839345677341
22.5315491949467,0.8534625491843999,1.0500999827341566
22.5315491949467,0.8534625491843999,1.0500999827341566
22.5315491949467,0.8534625491843999,1.0500999827341566
22.5315491949467,0.8534625491843999,1.0500999827341566
22.5315491949467,0.8534625491843999,1.0500999827341566
22.5315491949467,0.8534625491843999,1.0500999827341566
22.5315491949467,0.8534625491843999,1.0500999827341566
22.5315491949467,0.8534625491843999,1.0500999827341566
22.5315491949467,0.8534625491843999,1.0500999827341566
22.5315491949467,0.8534625491843999,1.0500999827341566
22.52295422798228,0.7830741783575501,1.0398942532102682
22.52295422798228,0.7830741783575501,1.0398942532102682
22.52295422798228,0.7830741783575501,1.0398942532102682
22.52295422798228,0.7830741783575501,1.0398942532102682
22.52295422798228,0.7830741783575501,1.0398942532102682
22.52295422798228,0.7830741783575501,1.0398942532102682
22.52295422798228,0.7830741783575501,1.0398942532102682
22.520795001712845,0.7805573799364953,1.040469856953277
22.614313220277182,0.6017770521402903,1.0486287270115626
22.633220040647007,0.6136073248228769,1.048534853842946
22.595667545552608,0.5359312036625534,1.0672904162057204
22.595667545552608,0.5359312036625534,1.0672904162057204
22.595667545552608,0.5359312036625534,1.0672904162057204
22.595667545552608,0.5359312036625534,1.0672904162057204
22.595667545552608,0.5359312036625534,1.0672904162057204
22.49967635409539,0.45191274740115495,1.0608591827606002
22.49967635409539,0.45191274740115495,1.0608591827606002
22.49967635409539,0.45191274740115495,1.0608591827606002
22.515657615078265,0.45172634454715516,1.0593763845066302
22.540986970925946,0.39780166665584116,1.0781913817793511
22.540986970925946,0.39780166665584116,1.0781913817793511
22.540986970925946,0.39780166665584116,1.0781913817793511
22.540986970925946,0.39780166665584116,1.0781913817793511
22.540986970925946,0.39780166665584116,1.0781913817793511
22.540986970925946,0.39780166665584116,1.0781913817793511
22.540986970925946,0.39780166665584116,1.0781913817793511
22.540986970925946,0.39780166665584116,1.0781913817793511
22.540986970925946,0.39780166665584116,1.0781913817793511
22.540986970925946,0.39780166665584116,1.0781913817793511
22.540986970925946,0.39780166665584116,1.0781913817793511
22.54915609038096,0.40970227966119577,1.0772601682276515
22.54915609038096,0.40970227966119577,1.0772601682276515
22.54915609038096,0.40970227966119577,1.0772601682276515
22.54915609038096,0.40970227966119577,1.0772601682276515
22.54915609038096,0.40970227966119577,1.0772601682276515
22.54915609038096,0.40970227966119577,1.0772601682276515
22.54915609038096,0.40970227966119577,1.0772601682276515
22.54915609038096,0.40970227966119577,1.0772601682276515
22.54915609038096,0.40970227966119577,1.0772601682276515
22.54915609038096,0.40970227966119577,1.0772601682276515
22.54915609038096,0.40970227966119577,1.0772601682276515
22.55552322244829,0.3955418760135063,1.0764401821430103
22.55552322244829,0.3955418760135063,1.0764401821430103
22.58729674045116,0.3798565975075032,1.0616625612561956
22.58729674045116,0.3798565975075032,1.0616625612561956
22.58729674045116,0.3798565975075032,1.0616625612561956
22.58729674045116,0.3798565975075032,1.0616625612561956
22.569677640191497,0.3711265615731581,1.0643041954211145
22.569677640191497,0.3711265615731581,1.0643041954211145
22.569677640191497,0.3711265615731581,1.0643041954211145
22.551084254514432,0.30069482161562283,1.065787449149914
22.551084254514432,0.30069482161562283,1.065787449149914
22.551084254514432,0.30069482161562283,1.065787449149914
22.551084254514432,0.30069482161562283,1.065787449149914
22.550309779261124,0.30116087347938575,1.066062721950079
22.550309779261124,0.30116087347938575,1.066062721950079
22.550309779261124,0.30116087347938575,1.066062721950079
22.550309779261124,0.30116087347938575,1.066062721950079
22.550309779261124,0.30116087347938575,1.066062721950079
22.55658284639434,0.31643643547645195,1.0705649165006381
22.55034872013505,0.3137173439564572,1.071227133922533
22.55034872013505,0.3137173439564572,1.071227133922533
22.47107961216775,0.270975537820818,1.0779864628317837
22.47107961216775,0.270975537820818,1.0779864628317837
22.47107961216775,0.270975537820818,1.0779864628317837
22.47107961216775,0.270975537820818,1.0779864628317837
22.47107961216775,0.270975537820818,1.0779864628317837
22.47107961216775,0.270975537820818,1.0779864628317837
22.46299852470347,0.1909547249661387,1.0764443554363223
22.498842602540478,0.19938015309068258,1.1021422294833838
22.498842602540478,0.19938015309068258,1.1021422294833838
22.498842602540478,0.19938015309068258,1.1021422294833838
22.51737023703353,0.20117379807090033,1.1158144855281045
22.51737023703353,0.20117379807090033,1.1158144855281045
22.518934384172876,0.2236031670732038,1.129793647476692
22.524569989163865,0.1428909671201591,1.078992250704643
22.53867262198658,0.11128064791651693,1.0683806023452316
22.53867262198658,0.11128064791651693,1.0683806023452316
22.53867262198658,0.11128064791651693,1.0683806023452316
22.5478163363883,0.11711392378572395,1.0674596458497596
22.559841892239472,0.07780848202020677,1.0778900588365083
22.559841892239472,0.07780848202020677,1.0778900588365083
22.558078089071806,0.031108919185193984,1.105985719262471
22.558078089071806,0.031108919185193984,1.105985719262471
22.558078089071806,0.031108919185193984,1.105985719262471
22.542740942264317,0.05206769595913063,1.093229422751926
22.542740942264317,0.05206769595913063,1.093229422751926
22.542740942264317,0.05206769595913063,1.093229422751926
22.542740942264317,0.05206769595913063,1.093229422751926
22.54537101230492,0.06733917202281009,1.084060417574887
22.561442624714783,0.05827447744673322,1.0877165874527246
22.561442624714783,0.05827447744673322,1.0877165874527246
22.561442624714783,0.05827447744673322,1.0877165874527246
22.550483322917344,0.06745764315516303,1.0750743749509024
22.550483322917344,0.06745764315516303,1.0750743749509024
22.550483322917344,0.06745764315516303,1.0750743749509024
22.567922140551527,0.03947461293685703,1.0891404827735214
22.567922140551527,0.03947461293685703,1.0891404827735214
22.567922140551527,0.03947461293685703,1.0891404827735214
22.514360276512132,0.4925451472218105,1.0927393853689038
22.68645651610259,0.5118538683863106,1.0580091865559975
22.702769234702046,0.45984323878368705,1.0581304981732595
22.702769234702046,0.45984323878368705,1.0581304981732595
22.702769234702046,0.45984323878368705,1.0581304981732595
22.693228448765712,0.4606102707370044,1.0583297059975427
22.693228448765712,0.4606102707370044,1.0583297059975427
22.693228448765712,0.4606102707370044,1.0583297059975427
22.693228448765712,0.4606102707370044,1.0583297059975427
22.693228448765712,0.4606102707370044,1.0583297059975427
22.693228448765712,0.4606102707370044,1.0583297059975427
22.693228448765712,0.4606102707370044,1.0583297059975427
22.693228448765712,0.4606102707370044,1.0583297059975427
22.693228448765712,0.4606102707370044,1.0583297059975427
22.693228448765712,0.4606102707370044,1.0583297059975427
22.693228448765712,0.4606102707370044,1.0583297059975427
22.693228448765712,0.4606102707370044,1.0583297059975427
22.653888844827165,0.5048543198174447,1.0508322602785187
22.653888844827165,0.5048543198174447,1.0508322602785187
22.653888844827165,0.5048543198174447,1.0508322602785187
22.653888844827165,0.5048543198174447,1.0508322602785187
22.653888844827165,0.5048543198174447,1.0508322602785187
22.653888844827165,0.5048543198174447,1.0508322602785187
22.653888844827165,0.5048543198174447,1.0508322602785187
22.653888844827165,0.5048543198174447,1.0508322602785187
22.653888844827165,0.5048543198174447,1.0508322602785187
22.684696151912117,0.44099768168816333,1.0574001597321
22.684696151912117,0.44099768168816333,1.0574001597321
22.684696151912117,0.44099768168816333,1.0574001597321
22.684696151912117,0.44099768168816333,1.0574001597321
22.684696151912117,0.44099768168816333,1.0574001597321
22.684696151912117,0.44099768168816333,1.0574001597321
22.684696151912117,0.44099768168816333,1.0574001597321
22.684696151912117,0.44099768168816333,1.0574001597321
22.684696151912117,0.44099768168816333,1.0574001597321
22.684696151912117,0.44099768168816333,1.0574001597321
22.32505824494193,0.4215661991823233,1.0509214630711945
22.381815054675123,0.42024799361591747,1.0518487391232736
22.381815054675123,0.42024799361591747,1.0518487391232736
22.381815054675123,0.42024799361591747,1.0518487391232736
22.435266834655035,0.39190989936980564,1.0673234983160098
22.401658574773094,0.40972771640677125,1.0575936122625358
22.401658574773094,0.40972771640677125,1.0575936122625358
22.401658574773094,0.40972771640677125,1.0575936122625358
22.388297199255405,0.3942546423899906,1.060055495752768
22.388297199255405,0.3942546423899906,1.060055495752768
22.388297199255405,0.3942546423899906,1.060055495752768
22.388297199255405,0.3942546423899906,1.060055495752768
22.388297199255405,0.3942546423899906,1.060055495752768
22.388297199255405,0.3942546423899906,1.060055495752768
22.388297199255405,0.3942546423899906,1.060055495752768
22.444565512516128,0.3980436360420667,1.0517950124354887
22.410423484221482,0.37952456104889554,1.055726279152247
22.410423484221482,0.37952456104889554,1.055726279152247
22.410423484221482,0.37952456104889554,1.055726279152247
22.410423484221482,0.37952456104889554,1.055726279152247
22.410423484221482,0.37952456104889554,1.055726279152247
22.410423484221482,0.37952456104889554,1.055726279152247
22.410423484221482,0.37952456104889554,1.055726279152247
22.383831854345377,0.372470584437162,1.048588221829837
22.383831854345377,0.372470584437162,1.048588221829837
22.403138760556622,0.37759213830556326,1.0537708226668812
22.403138760556622,0.37759213830556326,1.0537708226668812
22.43920379875735,0.2643887854124681,1.0504652787400486
22.419847221070366,0.11825638383546222,1.0558373690570537
22.448041154673103,0.14858797572507915,1.0267793573103854
22.448041154673103,0.14858797572507915,1.0267793573103854
22.448041154673103,0.14858797572507915,1.0267793573103854
22.448041154673103,0.14858797572507915,1.0267793573103854
22.452099792723406,0.13700914439531783,1.0205169071784197
22.452099792723406,0.13700914439531783,1.0205169071784197
22.452099792723406,0.13700914439531783,1.0205169071784197
22.452099792723406,0.13700914439531783,1.0205169071784197
22.41630516469827,0.09162374817492597,1.0148277904347556
22.41630516469827,0.09162374817492597,1.0148277904347556
22.400316158098367,0.026928990404540137,0.9954499972559522
22.400316158098367,0.026928990404540137,0.9954499972559522
22.400316158098367,0.026928990404540137,0.9954499972559522
22.400316158098367,0.026928990404540137,0.9954499972559522
22.400316158098367,0.026928990404540137,0.9954499972559522
22.400316158098367,0.026928990404540137,0.9954499972559522
22.400316158098367,0.026928990404540137,0.9954499972559522
22.400316158098367,0.026928990404540137,0.9954499972559522
22.456333311194424,0.05783105283383477,0.9982827125318283
22.456109353057386,0.05819984529960223,0.998494966864313
22.456109353057386,0.05819984529960223,0.998494966864313
22.44981424484031,0.08580236844601155,1.0075670290821548
22.448556595683566,0.0865544219806518,1.0081954347897977
22.448556595683566,0.0865544219806518,1.0081954347897977
22.448556595683566,0.0865544219806518,1.0081954347897977
22.448556595683566,0.0865544219806518,1.0081954347897977
22.42915670895675,0.059573931252470125,0.9942243653188203
22.42915670895675,0.059573931252470125,0.9942243653188203
22.42915670895675,0.059573931252470125,0.9942243653188203
22.42915670895675,0.059573931252470125,0.9942243653188203
22.42915670895675,0.059573931252470125,0.9942243653188203
22.42915670895675,0.059573931252470125,0.9942243653188203
22.411785769028477,0.06340537756717987,0.9899450643199242
22.411785769028477,0.06340537756717987,0.9899450643199242
22.411785769028477,0.06340537756717987,0.9899450643199242
22.41248936179728,0.06327705577274226,0.9900933351823619
22.41248936179728,0.06327705577274226,0.9900933351823619
22.41248936179728,0.06327705577274226,0.9900933351823619
22.41248936179728,0.06327705577274226,0.9900933351823619
22.41248936179728,0.06327705577274226,0.9900933351823619
22.41248936179728,0.06327705577274226,0.9900933351823619
22.41428229261123,0.0645690809042526,0.9904629738804852
22.452667760975864,0.012910309748290494,0.9556921555556517
22.452667760975864,0.012910309748290494,0.9556921555556517
22.452667760975864,0.012910309748290494,0.9556921555556517
22.455175815172954,0.017427733872095563,0.9646455255200037
22.455175815172954,0.017427733872095563,0.9646455255200037
22.463506886412343,0.023818259416228164,0.9717104863568078
22.463506886412343,0.023818259416228164,0.9717104863568078
22.463506886412343,0.023818259416228164,0.9717104863568078
22.463506886412343,0.023818259416228164,0.9717104863568078
22.463506886412343,0.023818259416228164,0.9717104863568078
22.463506886412343,0.023818259416228164,0.9717104863568078
22.463506886412343,0.023818259416228164,0.9717104863568078
22.461187772489062,0.026638981886844174,0.9735334098117042
77.48183358451708,1.3984490363016016,1.446278840947588
77.48183358451708,1.3984490363016016,1.446278840947588
77.48183358451708,1.3984490363016016,1.446278840947588
77.48183358451708,1.3984490363016016,1.446278840947588
77.67967673600556,1.4054031091634025,1.4516249278998943
77.67967673600556,1.4054031091634025,1.4516249278998943
77.67967673600556,1.4054031091634025,1.4516249278998943
77.67967673600556,1.4054031091634025,1.4516249278998943
77.67967673600556,1.4054031091634025,1.4516249278998943
77.67967673600556,1.4054031091634025,1.4516249278998943
77.67967673600556,1.4054031091634025,1.4516249278998943
77.67967673600556,1.4054031091634025,1.4516249278998943
77.67967673600556,1.4054031091634025,1.4516249278998943
77.67967673600556,1.4054031091634025,1.4516249278998943
77.67967673600556,1.4054031091634025,1.4516249278998943
77.67967673600556,1.4054031091634025,1.4516249278998943
77.67967673600556,1.4054031091634025,1.4516249278998943
77.67967673600556,1.4054031091634025,1.4516249278998943
77.73783621728116,1.5032379168826489,1.4423116483924874
77.73783621728116,1.5032379168826489,1.4423116483924874
77.73783621728116,1.5032379168826489,1.4423116483924874
77.73783621728116,1.5032379168826489,1.4423116483924874
77.73783621728116,1.5032379168826489,1.4423116483924874
77.73783621728116,1.5032379168826489,1.4423116483924874
77.73783621728116,1.5032379168826489,1.4423116483924874
77.73783621728116,1.5032379168826489,1.4423116483924874
77.73783621728116,1.5032379168826489,1.4423116483924874
77.73783621728116,1.5032379168826489,1.4423116483924874
77.73783621728116,1.5032379168826489,1.4423116483924874
77.73783621728116,1.5032379168826489,1.4423116483924874
77.73783621728116,1.5032379168826489,1.4423116483924874
77.73783621728116,1.5032379168826489,1.4423116483924874
77.73783621728116,1.5032379168826489,1.4423116483924874
77.73783621728116,1.5032379168826489,1.4423116483924874
77.73783621728116,1.5032379168826489,1.4423116483924874
77.73783621728116,1.5032379168826489,1.4423116483924874
77.73783621728116,1.5032379168826489,1.4423116483924874
77.73783621728116,1.5032379168826489,1.4423116483924874
77.73783621728116,1.5032379168826489,1.4423116483924874
77.73783621728116,1.5032379168826489,1.4423116483924874
77.73783621728116,1.5032379168826489,1.4423116483924874
77.73783621728116,1.5032379168826489,1.4423116483924874
77.73783621728116,1.5032379168826489,1.4423116483924874
77.73783621728116,1.5032379168826489,1.4423116483924874
77.73783621728116,1.5032379168826489,1.4423116483924874
77.73783621728116,1.5032379168826489,1.4423116483924874
77.73783621728116,1.5032379168826489,1.4423116483924874
77.73783621728116,1.5032379168826489,1.4423116483924874
77.73783621728116,1.5032379168826489,1.4423116483924874
77.73783621728116,1.5032379168826489,1.4423116483924874
77.36356524153625,1.056986565053395,1.3625679087439433
77.36356524153625,1.056986565053395,1.3625679087439433
77.36356524153625,1.056986565053395,1.3625679087439433
77.36356524153625,1.056986565053395,1.3625679087439433
77.36356524153625,1.056986565053395,1.3625679087439433
77.36356524153625,1.056986565053395,1.3625679087439433
77.36356524153625,1.056986565053395,1.3625679087439433
77.36356524153625,1.056986565053395,1.3625679087439433
77.36356524153625,1.056986565053395,1.3625679087439433
77.36356524153625,1.056986565053395,1.3625679087439433
77.36356524153625,1.056986565053395,1.3625679087439433
77.36356524153625,1.056986565053395,1.3625679087439433
77.36356524153625,1.056986565053395,1.3625679087439433
77.36356524153625,1.056986565053395,1.3625679087439433
77.36356524153625,1.056986565053395,1.3625679087439433
77.36356524153625,1.056986565053395,1.3625679087439433
77.36356524153625,1.056986565053395,1.3625679087439433
77.36356524153625,1.056986565053395,1.3625679087439433
77.36356524153625,1.056986565053395,1.3625679087439433
77.36356524153625,1.056986565053395,1.3625679087439433
77.36356524153625,1.056986565053395,1.3625679087439433
77.36356524153625,1.056986565053395,1.3625679087439433
77.36356524153625,1.056986565053395,1.3625679087439433
77.36356524153625,1.056986565053395,1.3625679087439433
77.36356524153625,1.056986565053395,1.3625679087439433
77.36356524153625,1.056986565053395,1.3625679087439433
77.36356524153625,1.056986565053395,1.3625679087439433
77.36356524153625,1.056986565053395,1.3625679087439433
77.36356524153625,1.056986565053395,1.3625679087439433
77.36356524153625,1.056986565053395,1.3625679087439433
77.36356524153625,1.056986565053395,1.3625679087439433
77.36875951985004,1.0602207456660295,1.3630638796472754
77.36875951985004,1.0602207456660295,1.3630638796472754
77.36875951985004,1.0602207456660295,1.3630638796472754
77.36875951985004,1.0602207456660295,1.3630638796472754
77.36875951985004,1.0602207456660295,1.3630638796472754
77.36875951985004,1.0602207456660295,1.3630638796472754
77.36875951985004,1.0602207456660295,1.3630638796472754
77.36875951985004,1.0602207456660295,1.3630638796472754
77.36875951985004,1.0602207456660295,1.3630638796472754
77.36875951985004,1.0602207456660295,1.3630638796472754
77.36875951985004,1.0602207456660295,1.3630638796472754
77.36875951985004,1.0602207456660295,1.3630638796472754
65.00183107697407,0.8639041651691459,1.2865148241885722
64.88903916266608,1.0234446855555208,1.246771485438122
64.88903916266608,1.0234446855555208,1.246771485438122
64.88903916266608,1.0234446855555208,1.246771485438122
64.88903916266608,1.0234446855555208,1.246771485438122
64.88903916266608,1.0234446855555208,1.246771485438122
64.88903916266608,1.0234446855555208,1.246771485438122
64.88903916266608,1.0234446855555208,1.246771485438122
64.88903916266608,1.0234446855555208,1.246771485438122
64.88903916266608,1.0234446855555208,1.246771485438122
64.88903916266608,1.0234446855555208,1.246771485438122
64.88903916266608,1.0234446855555208,1.246771485438122
64.88903916266608,1.0234446855555208,1.246771485438122
64.88903916266608,1.0234446855555208,1.246771485438122
64.88903916266608,1.0234446855555208,1.246771485438122
64.88903916266608,1.0234446855555208,1.246771485438122
64.88903916266608,1.0234446855555208,1.246771485438122
64.88903916266608,1.0234446855555208,1.246771485438122
64.88903916266608,1.0234446855555208,1.246771485438122
64.88903916266608,1.0234446855555208,1.246771485438122
64.88903916266608,1.0234446855555208,1.246771485438122
64.88903916266608,1.0234446855555208,1.246771485438122
44.90145779538304,0.6190043556523113,1.1408715644490133
44.90145779538304,0.6190043556523113,1.1408715644490133
44.90145779538304,0.6190043556523113,1.1408715644490133
44.90145779538304,0.6190043556523113,1.1408715644490133
44.90145779538304,0.6190043556523113,1.1408715644490133
112.65985421510152,0.007561283525290258,2.1488609259438256
112.65985421510152,0.007561283525290258,2.1488609259438256
112.65985421510152,0.007561283525290258,2.1488609259438256
112.65985421510152,0.007561283525290258,2.1488609259438256
112.65985421510152,0.007561283525290258,2.1488609259438256
112.65985421510152,0.007561283525290258,2.1488609259438256
112.65985421510152,0.007561283525290258,2.1488609259438256
112.65985421510152,0.007561283525290258,2.1488609259438256
112.65985421510152,0.007561283525290258,2.1488609259438256
112.65985421510152,0.007561283525290258,2.1488609259438256
112.65985421510152,0.007561283525290258,2.1488609259438256
112.65985421510152,0.007561283525290258,2.1488609259438256
112.65985421510152,0.007561283525290258,2.1488609259438256
112.65985421510152,0.007561283525290258,2.1488609259438256
112.65985421510152,0.007561283525290258,2.1488609259438256
112.65985421510152,0.007561283525290258,2.1488609259438256
112.65985421510152,0.007561283525290258,2.1488609259438256
112.65985421510152,0.007561283525290258,2.1488609259438256
112.65985421510152,0.007561283525290258,2.1488609259438256
112.65985421510152,0.007561283525290258,2.1488609259438256
112.65985421510152,0.007561283525290258,2.1488609259438256
112.65985421510152,0.007561283525290258,2.1488609259438256
112.65985421510152,0.007561283525290258,2.1488609259438256
112.65985421510152,0.007561283525290258,2.1488609259438256
112.65985421510152,0.007561283525290258,2.1488609259438256
112.65985421510152,0.007561283525290258,2.1488609259438256
112.65985421510152,0.007561283525290258,2.1488609259438256
112.65985421510152,0.007561283525290258,2.1488609259438256
112.65985421510152,0.007561283525290258,2.1488609259438256
112.65985421510152,0.007561283525290258,2.1488609259438256
112.65985421510152,0.007561283525290258,2.1488609259438256
112.65985421510152,0.007561283525290258,2.1488609259438256
112.65985421510152,0.007561283525290258,2.1488609259438256
112.65985421510152,0.007561283525290258,2.1488609259438256
112.65985421510152,0.007561283525290258,2.1488609259438256
112.65985421510152,0.007561283525290258,2.1488609259438256
112.65985421510152,0.007561283525290258,2.1488609259438256
112.65985421510152,0.007561283525290258,2.1488609259438256
112.65985421510152,0.007561283525290258,2.1488609259438256
112.65985421510152,0.007561283525290258,2.1488609259438256
112.65985421510152,0.007561283525290258,2.1488609259438256
112.65985421510152,0.007561283525290258,2.1488609259438256
112.65985421510152,0.007561283525290258,2.1488609259438256
112.65985421510152,0.007561283525290258,2.1488609259438256
112.65985421510152,0.007561283525290258,2.1488609259438256
112.65985421510152,0.007561283525290258,2.1488609259438256
112.65985421510152,0.007561283525290258,2.1488609259438256
112.65985421510152,0.007561283525290258,2.1488609259438256
112.65985421510152,0.007561283525290258,2.1488609259438256
112.65985421510152,0.007561283525290258,2.1488609259438256
112.65985421510152,0.007561283525290258,2.1488609259438256
112.65985421510152,0.007561283525290258,2.1488609259438256
112.65985421510152,0.007561283525290258,2.1488609259438256
112.65985421510152,0.007561283525290258,2.1488609259438256
112.65985421510152,0.007561283525290258,2.1488609259438256
112.65985421510152,0.007561283525290258,2.1488609259438256
112.65985421510152,0.007561283525290258,2.1488609259438256
78.53084703477965,0.18317886341456047,1.7489401858507923
78.53084703477965,0.18317886341456047,1.7489401858507923
78.53084703477965,0.18317886341456047,1.7489401858507923
78.53084703477965,0.18317886341456047,1.7489401858507923
78.53084703477965,0.18317886341456047,1.7489401858507923
78.53084703477965,0.18317886341456047,1.7489401858507923
65.45659756685325,0.24733179650956072,1.5966913477421805
65.45659756685325,0.24733179650956072,1.5966913477421805
65.45659756685325,0.24733179650956072,1.5966913477421805
65.45659756685325,0.24733179650956072,1.5966913477421805
65.45659756685325,0.24733179650956072,1.5966913477421805
65.45659756685325,0.24733179650956072,1.5966913477421805
65.45659756685325,0.24733179650956072,1.5966913477421805
65.45659756685325,0.24733179650956072,1.5966913477421805
65.45659756685325,0.24733179650956072,1.5966913477421805
65.45659756685325,0.24733179650956072,1.5966913477421805
65.45659756685325,0.24733179650956072,1.5966913477421805
65.45659756685325,0.24733179650956072,1.5966913477421805
65.45659756685325,0.24733179650956072,1.5966913477421805
65.45659756685325,0.24733179650956072,1.5966913477421805
65.45659756685325,0.24733179650956072,1.5966913477421805
65.45659756685325,0.24733179650956072,1.5966913477421805
65.45659756685325,0.24733179650956072,1.5966913477421805
65.45659756685325,0.24733179650956072,1.5966913477421805
52.276469520577635,0.18803378260128378,1.4080272154515248
52.286728198443754,0.204005535283834,1.4009328186904173
52.286728198443754,0.204005535283834,1.4009328186904173
42.55393889978873,0.19265343173425548,1.2763310726714279
42.55393889978873,0.19265343173425548,1.2763310726714279
42.55393889978873,0.19265343173425548,1.2763310726714279
42.55393889978873,0.19265343173425548,1.2763310726714279
42.55393889978873,0.19265343173425548,1.2763310726714279
42.55393889978873,0.19265343173425548,1.2763310726714279
42.55393889978873,0.19265343173425548,1.2763310726714279
42.55393889978873,0.19265343173425548,1.2763310726714279
42.55393889978873,0.19265343173425548,1.2763310726714279
42.55393889978873,0.19265343173425548,1.2763310726714279
42.55393889978873,0.19265343173425548,1.2763310726714279
32.580341170227435,0.21975378450614158,1.177192683618102
32.580341170227435,0.21975378450614158,1.177192683618102
32.580341170227435,0.21975378450614158,1.177192683618102
32.580341170227435,0.21975378450614158,1.177192683618102
32.580341170227435,0.21975378450614158,1.177192683618102
32.580341170227435,0.21975378450614158,1.177192683618102
32.580341170227435,0.21975378450614158,1.177192683618102
32.580341170227435,0.21975378450614158,1.177192683618102
32.580341170227435,0.21975378450614158,1.177192683618102
32.580341170227435,0.21975378450614158,1.177192683618102
32.580341170227435,0.21975378450614158,1.177192683618102
32.580341170227435,0.21975378450614158,1.177192683618102
32.580341170227435,0.21975378450614158,1.177192683618102
28.289882344184388,0.22717993320382948,1.1309793665840318
28.289882344184388,0.22717993320382948,1.1309793665840318
28.289882344184388,0.22717993320382948,1.1309793665840318
28.289882344184388,0.22717993320382948,1.1309793665840318
29.662425843054553,0.2394367735766464,1.1509314773640882
29.662425843054553,0.2394367735766464,1.1509314773640882
29.662425843054553,0.2394367735766464,1.1509314773640882
29.662425843054553,0.2394367735766464,1.1509314773640882
29.662425843054553,0.2394367735766464,1.1509314773640882
29.662425843054553,0.2394367735766464,1.1509314773640882
29.662425843054553,0.2394367735766464,1.1509314773640882
29.662425843054553,0.2394367735766464,1.1509314773640882
18.530077937056806,0.671742592405026,1.144823912494999
18.530077937056806,0.671742592405026,1.144823912494999
17.70655080523511,0.6684496476950073,1.1772429292484214
17.70655080523511,0.6684496476950073,1.1772429292484214
17.70655080523511,0.6684496476950073,1.1772429292484214
17.70655080523511,0.6684496476950073,1.1772429292484214
17.70655080523511,0.6684496476950073,1.1772429292484214
17.70655080523511,0.6684496476950073,1.1772429292484214
17.70655080523511,0.6684496476950073,1.1772429292484214
17.70655080523511,0.6684496476950073,1.1772429292484214
17.70655080523511,0.6684496476950073,1.1772429292484214
17.60488407050638,0.6768818163959971,1.1795100569535473
17.60488407050638,0.6768818163959971,1.1795100569535473
17.60488407050638,0.6768818163959971,1.1795100569535473
17.60488407050638,0.6768818163959971,1.1795100569535473
14.500488171963644,0.686417702626551,1.2415769313252043
14.500488171963644,0.686417702626551,1.2415769313252043
14.500488171963644,0.686417702626551,1.2415769313252043
14.500488171963644,0.686417702626551,1.2415769313252043
14.500488171963644,0.686417702626551,1.2415769313252043
18.178378830404775,0.5483895257161661,1.151824933130784
18.2248636351352,0.547973617522361,1.1506383956285227
18.2248636351352,0.547973617522361,1.1506383956285227
18.2248636351352,0.547973617522361,1.1506383956285227
18.2248636351352,0.547973617522361,1.1506383956285227
18.2248636351352,0.547973617522361,1.1506383956285227
18.2248636351352,0.547973617522361,1.1506383956285227
18.2248636351352,0.547973617522361,1.1506383956285227
18.578123951146154,0.5384148181745879,1.1484913388709903
18.578123951146154,0.5384148181745879,1.1484913388709903
18.59272334461877,0.5375565077424161,1.14788962978956
18.59272334461877,0.5375565077424161,1.14788962978956
18.59272334461877,0.5375565077424161,1.14788962978956
18.59272334461877,0.5375565077424161,1.14788962978956
18.59272334461877,0.5375565077424161,1.14788962978956
18.59272334461877,0.5375565077424161,1.14788962978956
18.59272334461877,0.5375565077424161,1.14788962978956
19.63304949023972,0.46324075409891535,1.1440622043027484
19.63304949023972,0.46324075409891535,1.1440622043027484
19.63304949023972,0.46324075409891535,1.1440622043027484
19.63304949023972,0.46324075409891535,1.1440622043027484
19.63304949023972,0.46324075409891535,1.1440622043027484
19.63304949023972,0.46324075409891535,1.1440622043027484
19.63304949023972,0.46324075409891535,1.1440622043027484
19.63304949023972,0.46324075409891535,1.1440622043027484
19.63304949023972,0.46324075409891535,1.1440622043027484
19.63304949023972,0.46324075409891535,1.1440622043027484
19.63304949023972,0.46324075409891535,1.1440622043027484
19.63304949023972,0.46324075409891535,1.1440622043027484
19.63304949023972,0.46324075409891535,1.1440622043027484
19.63304949023972,0.46324075409891535,1.1440622043027484
19.46834967119957,0.46892956797723634,1.1485626911065894
19.46834967119957,0.46892956797723634,1.1485626911065894
19.46834967119957,0.46892956797723634,1.1485626911065894
19.46834967119957,0.46892956797723634,1.1485626911065894
19.46834967119957,0.46892956797723634,1.1485626911065894
19.46834967119957,0.46892956797723634,1.1485626911065894
19.46834967119957,0.46892956797723634,1.1485626911065894
19.46834967119957,0.46892956797723634,1.1485626911065894
19.46834967119957,0.46892956797723634,1.1485626911065894
19.46834967119957,0.46892956797723634,1.1485626911065894
19.46834967119957,0.46892956797723634,1.1485626911065894
19.474744564230864,0.4689763415831287,1.1264067706481014
19.474744564230864,0.4689763415831287,1.1264067706481014
19.474744564230864,0.4689763415831287,1.1264067706481014
19.474744564230864,0.4689763415831287,1.1264067706481014
19.474744564230864,0.4689763415831287,1.1264067706481014
19.474744564230864,0.4689763415831287,1.1264067706481014
19.464180161713255,0.4688990712992587,1.163008487162524
19.464180161713255,0.4688990712992587,1.163008487162524
19.464180161713255,0.4688990712992587,1.163008487162524
11.471363138537185,0.45784983532865997,1.145998958442163
11.471363138537185,0.45784983532865997,1.145998958442163
11.471363138537185,0.45784983532865997,1.145998958442163
11.471363138537185,0.45784983532865997,1.145998958442163
11.471363138537185,0.45784983532865997,1.145998958442163
11.471363138537185,0.45784983532865997,1.145998958442163
14.661819378311401,0.427959231686198,1.125793136590734
14.599403913381101,0.4688625230635051,1.1471186754832128
14.599403913381101,0.4688625230635051,1.1471186754832128
14.599403913381101,0.4688625230635051,1.1471186754832128
14.599403913381101,0.4688625230635051,1.1471186754832128
14.599403913381101,0.4688625230635051,1.1471186754832128
18.394689455574564,0.3749633454691478,1.1096590939654563
18.394689455574564,0.3749633454691478,1.1096590939654563
18.394689455574564,0.3749633454691478,1.1096590939654563
18.394689455574564,0.3749633454691478,1.1096590939654563
18.394689455574564,0.3749633454691478,1.1096590939654563
18.394689455574564,0.3749633454691478,1.1096590939654563
18.394689455574564,0.3749633454691478,1.1096590939654563
18.394689455574564,0.3749633454691478,1.1096590939654563
18.394689455574564,0.3749633454691478,1.1096590939654563
18.394689455574564,0.3749633454691478,1.1096590939654563
18.394689455574564,0.3749633454691478,1.1096590939654563
18.394689455574564,0.3749633454691478,1.1096590939654563
18.394689455574564,0.3749633454691478,1.1096590939654563
18.394689455574564,0.3749633454691478,1.1096590939654563
18.394689455574564,0.3749633454691478,1.1096590939654563
18.394689455574564,0.3749633454691478,1.1096590939654563
18.394689455574564,0.3749633454691478,1.1096590939654563
18.394689455574564,0.3749633454691478,1.1096590939654563
18.394689455574564,0.3749633454691478,1.1096590939654563
18.394689455574564,0.3749633454691478,1.1096590939654563
18.394689455574564,0.3749633454691478,1.1096590939654563
18.394689455574564,0.3749633454691478,1.1096590939654563
18.394689455574564,0.3749633454691478,1.1096590939654563
18.394689455574564,0.3749633454691478,1.1096590939654563
18.394689455574564,0.3749633454691478,1.1096590939654563
18.394689455574564,0.3749633454691478,1.1096590939654563
18.394689455574564,0.3749633454691478,1.1096590939654563
18.394689455574564,0.3749633454691478,1.1096590939654563
18.394689455574564,0.3749633454691478,1.1096590939654563
18.394689455574564,0.3749633454691478,1.1096590939654563
18.394689455574564,0.3749633454691478,1.1096590939654563
18.394689455574564,0.3749633454691478,1.1096590939654563
18.394689455574564,0.3749633454691478,1.1096590939654563
18.394689455574564,0.3749633454691478,1.1096590939654563
18.394689455574564,0.3749633454691478,1.1096590939654563
18.394689455574564,0.3749633454691478,1.1096590939654563
18.394689455574564,0.3749633454691478,1.1096590939654563
18.3286944799274,0.42797594075237155,1.0755459527980078
18.3286944799274,0.42797594075237155,1.0755459527980078
18.3286944799274,0.42797594075237155,1.0755459527980078
18.3286944799274,0.42797594075237155,1.0755459527980078
18.3286944799274,0.42797594075237155,1.0755459527980078
18.3286944799274,0.42797594075237155,1.0755459527980078
18.3286944799274,0.42797594075237155,1.0755459527980078
18.3286944799274,0.42797594075237155,1.0755459527980078
18.3286944799274,0.42797594075237155,1.0755459527980078
14.533748194359388,0.40923782221922883,1.0736746486371536
14.533748194359388,0.40923782221922883,1.0736746486371536
14.533748194359388,0.40923782221922883,1.0736746486371536
14.533748194359388,0.40923782221922883,1.0736746486371536
14.533748194359388,0.40923782221922883,1.0736746486371536
14.533748194359388,0.40923782221922883,1.0736746486371536
14.533748194359388,0.40923782221922883,1.0736746486371536
14.533748194359388,0.40923782221922883,1.0736746486371536
14.533748194359388,0.40923782221922883,1.0736746486371536
14.533748194359388,0.40923782221922883,1.0736746486371536
14.533748194359388,0.40923782221922883,1.0736746486371536
14.533748194359388,0.40923782221922883,1.0736746486371536
14.533748194359388,0.40923782221922883,1.0736746486371536
14.533748194359388,0.40923782221922883,1.0736746486371536
14.533748194359388,0.40923782221922883,1.0736746486371536
14.533748194359388,0.40923782221922883,1.0736746486371536
14.533748194359388,0.40923782221922883,1.0736746486371536
14.533748194359388,0.40923782221922883,1.0736746486371536
14.533748194359388,0.40923782221922883,1.0736746486371536
14.533748194359388,0.40923782221922883,1.0736746486371536
14.533748194359388,0.40923782221922883,1.0736746486371536
14.533748194359388,0.40923782221922883,1.0736746486371536
14.533748194359388,0.40923782221922883,1.0736746486371536
14.533748194359388,0.40923782221922883,1.0736746486371536
14.533748194359388,0.40923782221922883,1.0736746486371536
14.533748194359388,0.40923782221922883,1.0736746486371536
14.533748194359388,0.40923782221922883,1.0736746486371536
14.533748194359388,0.40923782221922883,1.0736746486371536
14.533748194359388,0.40923782221922883,1.0736746486371536
14.533748194359388,0.40923782221922883,1.0736746486371536
14.533748194359388,0.40923782221922883,1.0736746486371536
14.533748194359388,0.40923782221922883,1.0736746486371536
14.533748194359388,0.40923782221922883,1.0736746486371536
14.533748194359388,0.40923782221922883,1.0736746486371536
14.533748194359388,0.40923782221922883,1.0736746486371536
14.533748194359388,0.40923782221922883,1.0736746486371536
14.533748194359388,0.40923782221922883,1.0736746486371536
14.533748194359388,0.40923782221922883,1.0736746486371536
14.533748194359388,0.40923782221922883,1.0736746486371536
14.533748194359388,0.40923782221922883,1.0736746486371536
14.533748194359388,0.40923782221922883,1.0736746486371536
14.533748194359388,0.40923782221922883,1.0736746486371536
14.533748194359388,0.40923782221922883,1.0736746486371536
14.533748194359388,0.40923782221922883,1.0736746486371536
14.533748194359388,0.40923782221922883,1.0736746486371536
14.533748194359388,0.40923782221922883,1.0736746486371536
14.533748194359388,0.40923782221922883,1.0736746486371536
14.533748194359388,0.40923782221922883,1.0736746486371536
14.533748194359388,0.40923782221922883,1.0736746486371536
14.533748194359388,0.40923782221922883,1.0736746486371536
14.533748194359388,0.40923782221922883,1.0736746486371536
14.533748194359388,0.40923782221922883,1.0736746486371536
14.533748194359388,0.40923782221922883,1.0736746486371536
14.533748194359388,0.40923782221922883,1.0736746486371536
14.533748194359388,0.40923782221922883,1.0736746486371536
14.533748194359388,0.40923782221922883,1.0736746486371536
14.533748194359388,0.40923782221922883,1.0736746486371536
14.533748194359388,0.40923782221922883,1.0736746486371536
14.533748194359388,0.40923782221922883,1.0736746486371536
14.533748194359388,0.40923782221922883,1.0736746486371536
14.533748194359388,0.40923782221922883,1.0736746486371536
14.533748194359388,0.40923782221922883,1.0736746486371536
14.533748194359388,0.40923782221922883,1.0736746486371536
14.533748194359388,0.40923782221922883,1.0736746486371536
14.533748194359388,0.40923782221922883,1.0736746486371536
14.410025518256878,0.407482362515617,1.0741218034824362
14.410025518256878,0.407482362515617,1.0741218034824362
14.410025518256878,0.407482362515617,1.0741218034824362
14.410025518256878,0.407482362515617,1.0741218034824362
14.410025518256878,0.407482362515617,1.0741218034824362
14.410025518256878,0.407482362515617,1.0741218034824362
14.410025518256878,0.407482362515617,1.0741218034824362
14.410025518256878,0.407482362515617,1.0741218034824362
14.410025518256878,0.407482362515617,1.0741218034824362
14.410025518256878,0.407482362515617,1.0741218034824362
14.410025518256878,0.407482362515617,1.0741218034824362
14.410025518256878,0.407482362515617,1.0741218034824362
14.405267767985396,0.40779167099661573,1.0740598455529322
14.405267767985396,0.40779167099661573,1.0740598455529322
14.405267767985396,0.40779167099661573,1.0740598455529322
14.405267767985396,0.40779167099661573,1.0740598455529322
14.405267767985396,0.40779167099661573,1.0740598455529322
14.405267767985396,0.40779167099661573,1.0740598455529322
14.405267767985396,0.40779167099661573,1.0740598455529322
14.405267767985396,0.40779167099661573,1.0740598455529322
14.405267767985396,0.40779167099661573,1.0740598455529322
14.405267767985396,0.40779167099661573,1.0740598455529322
14.405267767985396,0.40779167099661573,1.0740598455529322
14.405267767985396,0.40779167099661573,1.0740598455529322
14.405267767985396,0.40779167099661573,1.0740598455529322
14.405267767985396,0.40779167099661573,1.0740598455529322
14.405267767985396,0.40779167099661573,1.0740598455529322
14.405267767985396,0.40779167099661573,1.0740598455529322
14.53823216687623,0.40363484995251103,1.0740765032566442
14.53823216687623,0.40363484995251103,1.0740765032566442
14.53823216687623,0.40363484995251103,1.0740765032566442
14.53823216687623,0.40363484995251103,1.0740765032566442
14.53823216687623,0.40363484995251103,1.0740765032566442
18.406179593197024,0.2143653082931569,1.062752524436852
18.406179593197024,0.2143653082931569,1.062752524436852
18.406179593197024,0.2143653082931569,1.062752524436852
18.404383075462007,0.21438265950851618,1.0627918926180135
18.404383075462007,0.21438265950851618,1.0627918926180135
18.404383075462007,0.21438265950851618,1.0627918926180135
18.404383075462007,0.21438265950851618,1.0627918926180135
18.404383075462007,0.21438265950851618,1.0627918926180135
18.404383075462007,0.21438265950851618,1.0627918926180135
18.404383075462007,0.21438265950851618,1.0627918926180135
18.404383075462007,0.21438265950851618,1.0627918926180135
18.404383075462007,0.21438265950851618,1.0627918926180135
18.404383075462007,0.21438265950851618,1.0627918926180135
21.96049746192141,0.887766171695978,0.858115579262277
21.96049746192141,0.887766171695978,0.858115579262277
21.96049746192141,0.887766171695978,0.858115579262277
23.604082739742694,0.8907466318944576,0.8766529032824395
23.604082739742694,0.8907466318944576,0.8766529032824395
23.604082739742694,0.8907466318944576,0.8766529032824395
23.604082739742694,0.8907466318944576,0.8766529032824395
23.604082739742694,0.8907466318944576,0.8766529032824395
23.604082739742694,0.8907466318944576,0.8766529032824395
23.490417047632402,0.8987936051563945,0.8959865362855008
23.019259019539476,0.9321492816478714,0.9761267811780048
22.923219374214515,0.8881002459171843,1.0104208044828256
22.923219374214515,0.8881002459171843,1.0104208044828256
22.923219374214515,0.8881002459171843,1.0104208044828256
22.877249383961875,0.8570674376094588,1.0125588174764988
22.78916717471647,0.6750089477844852,1.0125446003816558
22.78916717471647,0.6750089477844852,1.0125446003816558
22.78916717471647,0.6750089477844852,1.0125446003816558
22.78916717471647,0.6750089477844852,1.0125446003816558
22.78916717471647,0.6750089477844852,1.0125446003816558
22.78916717471647,0.6750089477844852,1.0125446003816558
22.762347091651662,0.688158975697898,1.0181810985343842
22.674917050479273,0.7310263851354283,1.036555361744916
22.674917050479273,0.7310263851354283,1.036555361744916
22.674917050479273,0.7310263851354283,1.036555361744916
22.697037467859545,0.730907132482427,1.036639936763954
22.697037467859545,0.730907132482427,1.036639936763954
22.697037467859545,0.730907132482427,1.036639936763954
22.697037467859545,0.730907132482427,1.036639936763954
22.697037467859545,0.730907132482427,1.036639936763954
22.697037467859545,0.730907132482427,1.036639936763954
22.697037467859545,0.730907132482427,1.036639936763954
22.474202777839785,0.8469615704700972,1.054664227941648
22.474202777839785,0.8469615704700972,1.054664227941648
22.493901860226913,0.6700338994506134,1.0316681685221745
22.50529365290786,0.6062899976076994,1.0526193350785815
22.50529365290786,0.6062899976076994,1.0526193350785815
22.50000734004172,0.5862882471518891,1.051179290868118
22.50000734004172,0.5862882471518891,1.051179290868118
22.517133340268444,0.6510876624561336,1.0558445836911867
22.517133340268444,0.6510876624561336,1.0558445836911867
22.517133340268444,0.6510876624561336,1.0558445836911867
22.517133340268444,0.6510876624561336,1.0558445836911867
22.517133340268444,0.6510876624561336,1.0558445836911867
22.517133340268444,0.6510876624561336,1.0558445836911867
22.517133340268444,0.6510876624561336,1.0558445836911867
22.517133340268444,0.6510876624561336,1.0558445836911867
22.51367178168272,0.6274560555307529,1.060546424719502
22.51367178168272,0.6274560555307529,1.060546424719502
22.51775193043166,0.5917087874838147,1.0569188917744858
22.51775193043166,0.5917087874838147,1.0569188917744858
22.516335455694275,0.5864643947814202,1.0574144475297615
22.509685598420532,0.5477838695382659,1.0437104724228647
22.47705491757386,0.4318856243082277,1.0607295589880719
22.479388961716214,0.4290170980462071,1.0592102133041004
22.479388961716214,0.4290170980462071,1.0592102133041004
22.50591737354164,0.3138052408348902,1.0263950994195021
22.50591737354164,0.3138052408348902,1.0263950994195021
22.50591737354164,0.3138052408348902,1.0263950994195021
22.50591737354164,0.3138052408348902,1.0263950994195021
22.50591737354164,0.3138052408348902,1.0263950994195021
22.508378666034755,0.29590048088040727,1.015853070005569
22.508378666034755,0.29590048088040727,1.015853070005569
22.445393345539983,0.303004543236109,1.0160041535153355
22.445393345539983,0.303004543236109,1.0160041535153355
22.470594922487315,0.19967213376577175,1.027841863879108
22.411522970656534,0.08740243079941362,0.9957853597234236
22.411522970656534,0.08740243079941362,0.9957853597234236
22.411522970656534,0.08740243079941362,0.9957853597234236
22.411522970656534,0.08740243079941362,0.9957853597234236
22.411522970656534,0.08740243079941362,0.9957853597234236
22.411522970656534,0.08740243079941362,0.9957853597234236
22.411522970656534,0.08740243079941362,0.9957853597234236
22.422147473187636,0.10073986813446359,0.9988016568923475
22.422147473187636,0.10073986813446359,0.9988016568923475
22.422147473187636,0.10073986813446359,0.9988016568923475
22.45155022901576,0.08266861843970855,1.0061364670263548
22.45155022901576,0.08266861843970855,1.0061364670263548
22.445892129665314,0.08093802931227523,1.0062806385023002
22.45259653456509,0.08989749029704297,1.012628246383264
22.45259653456509,0.08989749029704297,1.012628246383264
22.45259653456509,0.08989749029704297,1.012628246383264
22.50946735996005,0.017650155767286235,0.9696362610534114
22.50946735996005,0.017650155767286235,0.9696362610534114
22.50946735996005,0.017650155767286235,0.9696362610534114
22.50946735996005,0.017650155767286235,0.9696362610534114
22.50946735996005,0.017650155767286235,0.9696362610534114
22.50946735996005,0.017650155767286235,0.9696362610534114
22.50946735996005,0.017650155767286235,0.9696362610534114
22.512390658752636,0.03075246613985783,0.9847289058333968
22.512390658752636,0.03075246613985783,0.9847289058333968
22.512390658752636,0.03075246613985783,0.9847289058333968
22.513918759919182,0.028372555733881553,0.9818894511914305
22.513918759919182,0.028372555733881553,0.9818894511914305
22.51476365475305,0.02836923078346626,0.9842727652127112
22.49649959369976,0.03775862602179295,0.9977242211369801
22.49649959369976,0.03775862602179295,0.9977242211369801
22.499695889607008,0.043027292825389224,0.9987170442162565
22.48585924619917,0.045949214881588124,0.9936134853002702
22.48726949393695,0.04185865389404178,0.9910071171293627
22.48726949393695,0.04185865389404178,0.9910071171293627
22.48726949393695,0.04185865389404178,0.9910071171293627
22.48726949393695,0.04185865389404178,0.9910071171293627
22.48726949393695,0.04185865389404178,0.9910071171293627
22.507196753892327,0.029870173978022684,0.9837461985490233
22.507196753892327,0.029870173978022684,0.9837461985490233
22.507196753892327,0.029870173978022684,0.9837461985490233
22.507196753892327,0.029870173978022684,0.9837461985490233
22.507196753892327,0.029870173978022684,0.9837461985490233
22.507196753892327,0.029870173978022684,0.9837461985490233
22.531691594763444,0.036304535072695376,0.9871273219409691
22.531691594763444,0.036304535072695376,0.9871273219409691
22.531691594763444,0.036304535072695376,0.9871273219409691
22.531691594763444,0.036304535072695376,0.9871273219409691
22.531691594763444,0.036304535072695376,0.9871273219409691
22.531691594763444,0.036304535072695376,0.9871273219409691
22.523602447384345,0.06920832834474606,0.9960399984613247
22.523602447384345,0.06920832834474606,0.9960399984613247
22.56605086435942,0.028264813074450487,0.9526298055702034
22.56605086435942,0.028264813074450487,0.9526298055702034
22.643196865714103,0.4667522686938574,1.05695429762883
22.53726584649748,0.32368495601478386,1.1071252767600765
22.53726584649748,0.32368495601478386,1.1071252767600765
22.53726584649748,0.32368495601478386,1.1071252767600765
22.53726584649748,0.32368495601478386,1.1071252767600765
22.53726584649748,0.32368495601478386,1.1071252767600765
22.53726584649748,0.32368495601478386,1.1071252767600765
22.53726584649748,0.32368495601478386,1.1071252767600765
22.537671372895375,0.24984113508352634,1.1282899300396745
22.537671372895375,0.24984113508352634,1.1282899300396745
22.537671372895375,0.24984113508352634,1.1282899300396745
22.537671372895375,0.24984113508352634,1.1282899300396745
22.537671372895375,0.24984113508352634,1.1282899300396745
22.537671372895375,0.24984113508352634,1.1282899300396745
22.537671372895375,0.24984113508352634,1.1282899300396745
22.517755840660737,0.26313537369363865,1.1210733522770715
22.547457492692647,0.17344414604751562,1.124016794539971
22.547457492692647,0.17344414604751562,1.124016794539971
22.547457492692647,0.17344414604751562,1.124016794539971
22.547457492692647,0.17344414604751562,1.124016794539971
22.547457492692647,0.17344414604751562,1.124016794539971
22.547457492692647,0.17344414604751562,1.124016794539971
22.606390847202615,0.0867484848734614,1.1150069464931889
22.606390847202615,0.0867484848734614,1.1150069464931889
22.489198545979356,0.07227108247639769,1.117888185045171
22.489198545979356,0.07227108247639769,1.117888185045171
22.50101031711345,0.1787386558364042,1.099051553055523
22.50101031711345,0.1787386558364042,1.099051553055523
22.50101031711345,0.1787386558364042,1.099051553055523
22.48499822243392,0.15660597489972025,1.1197805886619117
22.48499822243392,0.15660597489972025,1.1197805886619117
22.48499822243392,0.15660597489972025,1.1197805886619117
22.489831861946804,0.13385384147259993,1.116760341526849
22.489831861946804,0.13385384147259993,1.116760341526849
22.490385317437635,0.17632257624970646,1.094046960455747
22.490385317437635,0.17632257624970646,1.094046960455747
22.490385317437635,0.17632257624970646,1.094046960455747
22.490385317437635,0.17632257624970646,1.094046960455747
22.539169323850107,0.19003186418507656,1.0930631938003292
22.539169323850107,0.19003186418507656,1.0930631938003292
22.539169323850107,0.19003186418507656,1.0930631938003292
22.539169323850107,0.19003186418507656,1.0930631938003292
22.539169323850107,0.19003186418507656,1.0930631938003292
22.526570940477992,0.13794849110689508,1.0966588297378015
22.526570940477992,0.13794849110689508,1.0966588297378015
22.52290810456481,0.12280584591539548,1.097704219773451
22.52290810456481,0.12280584591539548,1.097704219773451
22.52290810456481,0.12280584591539548,1.097704219773451
22.530257060634046,0.14179615153622188,1.0948727653830463
22.530257060634046,0.14179615153622188,1.0948727653830463
22.530257060634046,0.14179615153622188,1.0948727653830463
22.530257060634046,0.14179615153622188,1.0948727653830463
22.530257060634046,0.14179615153622188,1.0948727653830463
22.530257060634046,0.14179615153622188,1.0948727653830463
22.530306808406216,0.14218602430370156,1.0950711331389322
22.530306808406216,0.14218602430370156,1.0950711331389322
22.530306808406216,0.14218602430370156,1.0950711331389322
22.530306808406216,0.14218602430370156,1.0950711331389322
22.530306808406216,0.14218602430370156,1.0950711331389322
22.530306808406216,0.14218602430370156,1.0950711331389322
22.530306808406216,0.14218602430370156,1.0950711331389322
22.530306808406216,0.14218602430370156,1.0950711331389322
22.530306808406216,0.14218602430370156,1.0950711331389322
22.530306808406216,0.14218602430370156,1.0950711331389322
22.530306808406216,0.14218602430370156,1.0950711331389322
22.530306808406216,0.14218602430370156,1.0950711331389322
22.454585606992975,0.10372355313838025,1.1037555558656873
22.454585606992975,0.10372355313838025,1.1037555558656873
22.454585606992975,0.10372355313838025,1.1037555558656873
22.461102408414185,0.11907132823323396,1.1009055207771925
22.461102408414185,0.11907132823323396,1.1009055207771925
22.453007683762056,0.10195506240642344,1.1039415758354476
22.453007683762056,0.10195506240642344,1.1039415758354476
22.453007683762056,0.10195506240642344,1.1039415758354476
22.453007683762056,0.10195506240642344,1.1039415758354476
22.453007683762056,0.10195506240642344,1.1039415758354476
22.453007683762056,0.10195506240642344,1.1039415758354476
22.452769133703505,0.11305272086064194,1.104541304819967
22.486078304105998,0.15162040694266266,1.0924204437586005
22.486078304105998,0.15162040694266266,1.0924204437586005
22.486078304105998,0.15162040694266266,1.0924204437586005
22.486078304105998,0.15162040694266266,1.0924204437586005
22.486078304105998,0.15162040694266266,1.0924204437586005
22.508264718015827,0.15212818276131268,1.076472835514769
22.503101266419538,0.15992602266755815,1.0756871710791627
22.503101266419538,0.15992602266755815,1.0756871710791627
22.503101266419538,0.15992602266755815,1.0756871710791627
22.503101266419538,0.15992602266755815,1.0756871710791627
22.503101266419538,0.15992602266755815,1.0756871710791627
22.50113946997975,0.16992490447844372,1.0795975125852353
22.504081759810877,0.11521783713569844,1.102152640237693
22.504081759810877,0.11521783713569844,1.102152640237693
22.50225691436062,0.1356364888441771,1.0798279166547262
22.50225691436062,0.1356364888441771,1.0798279166547262
22.50225691436062,0.1356364888441771,1.0798279166547262
22.50960881106477,0.13674377077734434,1.0794044374749423
22.50960881106477,0.13674377077734434,1.0794044374749423
22.50960881106477,0.13674377077734434,1.0794044374749423
22.475539770172716,0.12909315568224455,1.0684789291326686
22.475539770172716,0.12909315568224455,1.0684789291326686
22.475539770172716,0.12909315568224455,1.0684789291326686
22.475539770172716,0.12909315568224455,1.0684789291326686
22.46803470710255,0.12542575489071184,1.0725169985189857
22.461336821259174,0.09693932937077337,1.072071991837245
22.461336821259174,0.09693932937077337,1.072071991837245
22.480115270100924,0.07930002115165734,1.0624889069989947
22.45304547275277,0.094494679860119,1.065084689691404
22.451337440873374,0.0951094387426312,1.0680307462172522
22.451337440873374,0.0951094387426312,1.0680307462172522
22.41815840461622,0.07792115394094273,1.0691044787774113
22.44229796237344,0.10653185497419013,1.0471281811628261
22.44229796237344,0.10653185497419013,1.0471281811628261
22.44229796237344,0.10653185497419013,1.0471281811628261
22.44229796237344,0.10653185497419013,1.0471281811628261
22.40653445613189,0.0933775985579103,1.045877881842617
22.40653445613189,0.0933775985579103,1.045877881842617
22.40653445613189,0.0933775985579103,1.045877881842617
22.469823337971587,0.13046274113478193,1.039902965801079
22.469823337971587,0.13046274113478193,1.039902965801079
22.469823337971587,0.13046274113478193,1.039902965801079
22.587195310423898,0.6064736103464107,0.8858054689536142
22.587195310423898,0.6064736103464107,0.8858054689536142
22.587195310423898,0.6064736103464107,0.8858054689536142
22.590976966287908,0.5413100396417121,0.9117448589181743
22.590976966287908,0.5413100396417121,0.9117448589181743
22.590976966287908,0.5413100396417121,0.9117448589181743
22.590976966287908,0.5413100396417121,0.9117448589181743
22.590976966287908,0.5413100396417121,0.9117448589181743
22.593438370703023,0.4935822604022321,0.9225756864309169
22.593438370703023,0.4935822604022321,0.9225756864309169
22.593438370703023,0.4935822604022321,0.9225756864309169
22.56657551360487,0.513755037578846,0.934688899332223
22.56657551360487,0.513755037578846,0.934688899332223
22.56657551360487,0.513755037578846,0.934688899332223
22.61059943818728,0.5057423199897888,0.9370137746311725
22.61059943818728,0.5057423199897888,0.9370137746311725
22.60837152607533,0.4831473603909683,0.9421400412226526
22.60837152607533,0.4831473603909683,0.9421400412226526
22.60837152607533,0.4831473603909683,0.9421400412226526
22.60837152607533,0.4831473603909683,0.9421400412226526
22.570318101117476,0.5158516613432809,0.9662149959650845
22.570318101117476,0.5158516613432809,0.9662149959650845
22.570318101117476,0.5158516613432809,0.9662149959650845
22.570318101117476,0.5158516613432809,0.9662149959650845
22.570318101117476,0.5158516613432809,0.9662149959650845
22.559087004833522,0.5776782594235615,0.9916419799242886
22.559087004833522,0.5776782594235615,0.9916419799242886
22.559087004833522,0.5776782594235615,0.9916419799242886
22.559087004833522,0.5776782594235615,0.9916419799242886
22.559087004833522,0.5776782594235615,0.9916419799242886
22.57978190212649,0.5932141548754929,1.0246823151822062
22.57978190212649,0.5932141548754929,1.0246823151822062
22.57978190212649,0.5932141548754929,1.0246823151822062
22.56573164969612,0.47326972722960603,1.079959108604903
22.56573164969612,0.47326972722960603,1.079959108604903
22.56573164969612,0.47326972722960603,1.079959108604903
22.56573164969612,0.47326972722960603,1.079959108604903
22.56204339873904,0.4913488259842672,1.0771723770488388
22.56204339873904,0.4913488259842672,1.0771723770488388
22.56204339873904,0.4913488259842672,1.0771723770488388
22.5597178727997,0.49320948986228735,1.0783970460073273
22.558642122704455,0.5105227187944051,1.0808515547495832
22.558822432529375,0.5297275564799911,1.0837074262676232
22.558822432529375,0.5297275564799911,1.0837074262676232
22.558822432529375,0.5297275564799911,1.0837074262676232
22.558822432529375,0.5297275564799911,1.0837074262676232
22.558822432529375,0.5297275564799911,1.0837074262676232
22.558822432529375,0.5297275564799911,1.0837074262676232
22.558822432529375,0.5297275564799911,1.0837074262676232
22.558822432529375,0.5297275564799911,1.0837074262676232
22.558822432529375,0.5297275564799911,1.0837074262676232
22.558822432529375,0.5297275564799911,1.0837074262676232
22.56355502111088,0.5137364520068063,1.0817271789426488
22.560213628179664,0.46595650621141105,1.0780348621643014
22.560213628179664,0.46595650621141105,1.0780348621643014
22.460609243068898,0.41945806357963455,1.094360173165699
22.460609243068898,0.41945806357963455,1.094360173165699
22.427738134018192,0.3763161080201959,1.0960030017198308
22.441783450638606,0.4061572717781315,1.0728651337642834
22.441783450638606,0.4061572717781315,1.0728651337642834
22.441783450638606,0.4061572717781315,1.0728651337642834
22.441783450638606,0.4061572717781315,1.0728651337642834
22.441783450638606,0.4061572717781315,1.0728651337642834
22.431570764855465,0.3885379575202814,1.0873764635410585
22.476600037920463,0.3330419846890078,1.0770614326965349
22.46062492094327,0.3296765899158216,1.0804896088675406
22.46062492094327,0.3296765899158216,1.0804896088675406
22.46062492094327,0.3296765899158216,1.0804896088675406
22.46062492094327,0.3296765899158216,1.0804896088675406
22.46062492094327,0.3296765899158216,1.0804896088675406
22.46062492094327,0.3296765899158216,1.0804896088675406
22.46062492094327,0.3296765899158216,1.0804896088675406
22.46140068715719,0.32619876465728176,1.0799813844715227
22.49007509376967,0.3108580010864872,1.0768836806575077
22.496042345854647,0.26069458286005354,1.0697301630766103
22.496042345854647,0.26069458286005354,1.0697301630766103
22.496042345854647,0.26069458286005354,1.0697301630766103
22.48649063753902,0.21065608810944117,1.0768166021718983
22.48649063753902,0.21065608810944117,1.0768166021718983
22.531403655330266,0.13602339693392768,1.05343738722006
22.49305983671219,0.020678282932208192,1.0694252731024942
22.49305983671219,0.020678282932208192,1.0694252731024942
22.49305983671219,0.020678282932208192,1.0694252731024942
22.49305983671219,0.020678282932208192,1.0694252731024942
22.49305983671219,0.020678282932208192,1.0694252731024942
22.49305983671219,0.020678282932208192,1.0694252731024942
22.489354457356892,0.024616243561020396,1.0715407188776431
22.489354457356892,0.024616243561020396,1.0715407188776431
22.489354457356892,0.024616243561020396,1.0715407188776431
22.489354457356892,0.024616243561020396,1.0715407188776431
22.48562114399233,0.012339424947243327,1.0741613408594186
22.48562114399233,0.012339424947243327,1.0741613408594186
22.48562114399233,0.012339424947243327,1.0741613408594186
22.48562114399233,0.012339424947243327,1.0741613408594186
22.48562114399233,0.012339424947243327,1.0741613408594186
22.48562114399233,0.012339424947243327,1.0741613408594186
22.48562114399233,0.012339424947243327,1.0741613408594186
22.48562114399233,0.012339424947243327,1.0741613408594186
22.48562114399233,0.012339424947243327,1.0741613408594186
22.48562114399233,0.012339424947243327,1.0741613408594186
22.48562114399233,0.012339424947243327,1.0741613408594186
22.48562114399233,0.012339424947243327,1.0741613408594186
22.48543253335411,0.01667445835530184,1.0700245382273537
22.48543253335411,0.01667445835530184,1.0700245382273537
22.48543253335411,0.01667445835530184,1.0700245382273537
22.48543253335411,0.01667445835530184,1.0700245382273537
22.48543253335411,0.01667445835530184,1.0700245382273537
22.48543253335411,0.01667445835530184,1.0700245382273537
22.48543253335411,0.01667445835530184,1.0700245382273537
22.48543253335411,0.01667445835530184,1.0700245382273537
22.48543253335411,0.01667445835530184,1.0700245382273537
22.48543253335411,0.01667445835530184,1.0700245382273537
22.48543253335411,0.01667445835530184,1.0700245382273537
22.48543253335411,0.01667445835530184,1.0700245382273537
22.48012806464188,0.010004622935239113,1.0712937191100114
22.48012806464188,0.010004622935239113,1.0712937191100114
22.48012806464188,0.010004622935239113,1.0712937191100114
22.4932081194286,0.02345741004691703,1.067008343671186
22.4932081194286,0.02345741004691703,1.067008343671186
22.4932081194286,0.02345741004691703,1.067008343671186
22.51536583073863,0.44249949281715184,1.0416801530787791
22.51536583073863,0.44249949281715184,1.0416801530787791
22.51439716011555,0.4783782131045966,1.0399220223131143
22.51439716011555,0.4783782131045966,1.0399220223131143
22.51439716011555,0.4783782131045966,1.0399220223131143
22.51439716011555,0.4783782131045966,1.0399220223131143
22.51439716011555,0.4783782131045966,1.0399220223131143
22.51439716011555,0.4783782131045966,1.0399220223131143
22.51439716011555,0.4783782131045966,1.0399220223131143
22.52239014068586,0.5876943744547624,1.044264156379463
22.52239014068586,0.5876943744547624,1.044264156379463
22.52239014068586,0.5876943744547624,1.044264156379463
22.52239014068586,0.5876943744547624,1.044264156379463
22.52239014068586,0.5876943744547624,1.044264156379463
22.61364284433619,0.5542175836479593,0.9980565301962249
22.532349159462182,0.5090033530444762,1.012796980651428
22.545726370515414,0.4102034767319507,0.9999015494854449
22.545726370515414,0.4102034767319507,0.9999015494854449
22.545726370515414,0.4102034767319507,0.9999015494854449
22.545726370515414,0.4102034767319507,0.9999015494854449
22.545726370515414,0.4102034767319507,0.9999015494854449
22.545726370515414,0.4102034767319507,0.9999015494854449
22.545726370515414,0.4102034767319507,0.9999015494854449
22.545726370515414,0.4102034767319507,0.9999015494854449
22.584257331310138,0.2392650631962674,0.9391197220224152
22.584257331310138,0.2392650631962674,0.9391197220224152
22.584257331310138,0.2392650631962674,0.9391197220224152
22.584257331310138,0.2392650631962674,0.9391197220224152
22.584257331310138,0.2392650631962674,0.9391197220224152
22.584257331310138,0.2392650631962674,0.9391197220224152
22.584257331310138,0.2392650631962674,0.9391197220224152
22.584257331310138,0.2392650631962674,0.9391197220224152
22.58935390872771,0.3192184711882854,0.991890681513246
22.58935390872771,0.3192184711882854,0.991890681513246
22.58935390872771,0.3192184711882854,0.991890681513246
22.58935390872771,0.3192184711882854,0.991890681513246
22.603543379522456,0.2794502039450725,0.9821293765124129
22.637800185560547,0.21724993561299344,0.9715777937178784
22.637800185560547,0.21724993561299344,0.9715777937178784
22.620761892319006,0.21460325925736842,0.99031389615932
22.620761892319006,0.21460325925736842,0.99031389615932
22.620761892319006,0.21460325925736842,0.99031389615932
22.620761892319006,0.21460325925736842,0.99031389615932
22.620761892319006,0.21460325925736842,0.99031389615932
22.620761892319006,0.21460325925736842,0.99031389615932
22.620761892319006,0.21460325925736842,0.99031389615932
22.620761892319006,0.21460325925736842,0.99031389615932
22.620761892319006,0.21460325925736842,0.99031389615932
22.58643927001171,0.2148722283157953,1.007453684846322
22.58643927001171,0.2148722283157953,1.007453684846322
22.62748577193319,0.09846416169580918,0.9754518478955668
22.64133393861506,0.07626957346615881,0.9734978575502885
22.64133393861506,0.07626957346615881,0.9734978575502885
22.64133393861506,0.07626957346615881,0.9734978575502885
22.64133393861506,0.07626957346615881,0.9734978575502885
22.64133393861506,0.07626957346615881,0.9734978575502885
22.64133393861506,0.07626957346615881,0.9734978575502885
22.64133393861506,0.07626957346615881,0.9734978575502885
22.64133393861506,0.07626957346615881,0.9734978575502885
22.64133393861506,0.07626957346615881,0.9734978575502885
22.561650383969656,0.2032149275459478,1.0313695160395224
22.554583865268242,0.184528661448658,1.0330127845822341
22.554583865268242,0.184528661448658,1.0330127845822341
22.554583865268242,0.184528661448658,1.0330127845822341
22.554583865268242,0.184528661448658,1.0330127845822341
22.553703943631884,0.03133152008063739,0.9950859755377318
22.545382994028344,0.10536222206911916,1.009489222508288
22.554007510854166,0.072457846254385,0.9991227420636611
22.554007510854166,0.072457846254385,0.9991227420636611
22.559866731605172,0.03880923572542949,0.9959879876273495
22.480804995974076,0.0462402597714439,1.0435215464290324
22.480804995974076,0.0462402597714439,1.0435215464290324
22.480804995974076,0.0462402597714439,1.0435215464290324
22.48053076321148,0.037834185512041374,1.042667904943602
22.48053076321148,0.037834185512041374,1.042667904943602
22.48053076321148,0.037834185512041374,1.042667904943602
22.48053076321148,0.037834185512041374,1.042667904943602
22.48053076321148,0.037834185512041374,1.042667904943602
22.49116807879511,0.08245192080654798,1.047894270098001
22.49116807879511,0.08245192080654798,1.047894270098001
22.49116807879511,0.08245192080654798,1.047894270098001
22.48091394254521,0.0884078483725336,1.0507943080086914
22.48101651004835,0.08854050630804304,1.0509619834988722
22.48101651004835,0.08854050630804304,1.0509619834988722
22.476646546590818,0.0851167151281671,1.042321816377173
22.484362479503304,0.10217340357301197,1.0183141109305975
22.484362479503304,0.10217340357301197,1.0183141109305975
22.461760497922704,0.11831594903591905,1.0186832931512182
22.461760497922704,0.11831594903591905,1.0186832931512182
22.455259242816307,0.08391068408245994,1.0459972870601117
22.455259242816307,0.08391068408245994,1.0459972870601117
22.47529050629857,0.11136846572346656,1.037578024059159
22.46242513543414,0.1011710065055301,1.0394139460047929
22.46242513543414,0.1011710065055301,1.0394139460047929
22.46242513543414,0.1011710065055301,1.0394139460047929
22.454901903807013,0.09486222298938109,1.0375997225492082
22.48353596875156,0.08720242358190529,1.0340234220963525
22.48353596875156,0.08720242358190529,1.0340234220963525
22.48353596875156,0.08720242358190529,1.0340234220963525
22.49076697645405,0.11963999741910814,1.0280929300515471
22.490464005986265,0.11687708652157727,1.0287779773052859
22.468509975213838,0.08064395707328961,1.0365667827739158
22.468509975213838,0.08064395707328961,1.0365667827739158
22.468509975213838,0.08064395707328961,1.0365667827739158
22.468509975213838,0.08064395707328961,1.0365667827739158
22.465700453437805,0.07793828687602272,1.037021590243671
22.465700453437805,0.07793828687602272,1.037021590243671
22.449482661179637,0.07268990497228366,1.0333996302869048
22.449482661179637,0.07268990497228366,1.0333996302869048
22.449482661179637,0.07268990497228366,1.0333996302869048
22.449482661179637,0.07268990497228366,1.0333996302869048
22.449482661179637,0.07268990497228366,1.0333996302869048
22.452000684207174,0.06416222575795272,1.0452151138379053
22.452000684207174,0.06416222575795272,1.0452151138379053
22.452000684207174,0.06416222575795272,1.0452151138379053
22.452000684207174,0.06416222575795272,1.0452151138379053
22.452000684207174,0.06416222575795272,1.0452151138379053
22.452000684207174,0.06416222575795272,1.0452151138379053
22.452000684207174,0.06416222575795272,1.0452151138379053
22.426631370266247,0.0364177506141192,1.0482955039564004
77.32521310838007,1.0772337211018455,1.409985610253409
77.32521310838007,1.0772337211018455,1.409985610253409
77.32521310838007,1.0772337211018455,1.409985610253409
77.32521310838007,1.0772337211018455,1.409985610253409
77.32521310838007,1.0772337211018455,1.409985610253409
77.32521310838007,1.0772337211018455,1.409985610253409
77.32521310838007,1.0772337211018455,1.409985610253409
77.32521310838007,1.0772337211018455,1.409985610253409
77.32521310838007,1.0772337211018455,1.409985610253409
77.32521310838007,1.0772337211018455,1.409985610253409
77.32521310838007,1.0772337211018455,1.409985610253409
77.32521310838007,1.0772337211018455,1.409985610253409
52.41200875505834,0.7461012295272296,1.210901313660798
77.23267407821729,0.8383723472541007,1.295256025589533
77.23267407821729,0.8383723472541007,1.295256025589533
77.23267407821729,0.8383723472541007,1.295256025589533
77.23267407821729,0.8383723472541007,1.295256025589533
77.23267407821729,0.8383723472541007,1.295256025589533
77.23267407821729,0.8383723472541007,1.295256025589533
77.23267407821729,0.8383723472541007,1.295256025589533
77.23267407821729,0.8383723472541007,1.295256025589533
77.23267407821729,0.8383723472541007,1.295256025589533
77.23267407821729,0.8383723472541007,1.295256025589533
77.23267407821729,0.8383723472541007,1.295256025589533
77.23267407821729,0.8383723472541007,1.295256025589533
77.42743931249115,0.9358935425880818,1.2014676797698898
77.42743931249115,0.9358935425880818,1.2014676797698898
77.42743931249115,0.9358935425880818,1.2014676797698898
77.42743931249115,0.9358935425880818,1.2014676797698898
77.42743931249115,0.9358935425880818,1.2014676797698898
77.42743931249115,0.9358935425880818,1.2014676797698898
77.42743931249115,0.9358935425880818,1.2014676797698898
77.42743931249115,0.9358935425880818,1.2014676797698898
77.42743931249115,0.9358935425880818,1.2014676797698898
77.42743931249115,0.9358935425880818,1.2014676797698898
77.42743931249115,0.9358935425880818,1.2014676797698898
77.42743931249115,0.9358935425880818,1.2014676797698898
77.42743931249115,0.9358935425880818,1.2014676797698898
77.42743931249115,0.9358935425880818,1.2014676797698898
77.42743931249115,0.9358935425880818,1.2014676797698898
77.42743931249115,0.9358935425880818,1.2014676797698898
77.42743931249115,0.9358935425880818,1.2014676797698898
77.42743931249115,0.9358935425880818,1.2014676797698898
77.42743931249115,0.9358935425880818,1.2014676797698898
77.42743931249115,0.9358935425880818,1.2014676797698898
77.42743931249115,0.9358935425880818,1.2014676797698898
77.42743931249115,0.9358935425880818,1.2014676797698898
77.42743931249115,0.9358935425880818,1.2014676797698898
77.425091487359,0.933646441693056,1.2014565913402593
77.425091487359,0.933646441693056,1.2014565913402593
77.425091487359,0.933646441693056,1.2014565913402593
77.425091487359,0.933646441693056,1.2014565913402593
77.425091487359,0.933646441693056,1.2014565913402593
64.69027445477624,0.747172301247176,1.1700805227124995
64.69027445477624,0.747172301247176,1.1700805227124995
64.69027445477624,0.747172301247176,1.1700805227124995
64.69027445477624,0.747172301247176,1.1700805227124995
64.69027445477624,0.747172301247176,1.1700805227124995
64.69027445477624,0.747172301247176,1.1700805227124995
64.69027445477624,0.747172301247176,1.1700805227124995
64.69027445477624,0.747172301247176,1.1700805227124995
64.69027445477624,0.747172301247176,1.1700805227124995
64.69027445477624,0.747172301247176,1.1700805227124995
64.69027445477624,0.747172301247176,1.1700805227124995
64.69027445477624,0.747172301247176,1.1700805227124995
64.69027445477624,0.747172301247176,1.1700805227124995
64.69027445477624,0.747172301247176,1.1700805227124995
64.69027445477624,0.747172301247176,1.1700805227124995
64.69027445477624,0.747172301247176,1.1700805227124995
64.69027445477624,0.747172301247176,1.1700805227124995
64.69027445477624,0.747172301247176,1.1700805227124995
64.69027445477624,0.747172301247176,1.1700805227124995
64.69027445477624,0.747172301247176,1.1700805227124995
64.69027445477624,0.747172301247176,1.1700805227124995
64.69027445477624,0.747172301247176,1.1700805227124995
44.637548167950825,0.40324553347271486,1.1033345688893297
35.19250298341095,0.2412524051898673,1.0718965219760164
35.19250298341095,0.2412524051898673,1.0718965219760164
35.19250298341095,0.2412524051898673,1.0718965219760164
34.422569318143026,0.2339245967179876,1.0624952145623685
34.422569318143026,0.2339245967179876,1.0624952145623685
30.488156838548925,0.250670233601897,1.0654970341457897
30.488156838548925,0.250670233601897,1.0654970341457897
30.488156838548925,0.250670233601897,1.0654970341457897
30.488156838548925,0.250670233601897,1.0654970341457897
29.273905260310833,0.25050638463983776,1.0628402003009423
29.273905260310833,0.25050638463983776,1.0628402003009423
29.273905260310833,0.25050638463983776,1.0628402003009423
29.273905260310833,0.25050638463983776,1.0628402003009423
29.273905260310833,0.25050638463983776,1.0628402003009423
29.273905260310833,0.25050638463983776,1.0628402003009423
29.273905260310833,0.25050638463983776,1.0628402003009423
29.273905260310833,0.25050638463983776,1.0628402003009423
29.273905260310833,0.25050638463983776,1.0628402003009423
29.273905260310833,0.25050638463983776,1.0628402003009423
29.273905260310833,0.25050638463983776,1.0628402003009423
26.56620256089824,0.2020868911575192,1.0706583956503077
21.606049905116844,0.3526163515117269,1.1232959535011287
21.606049905116844,0.3526163515117269,1.1232959535011287
21.606049905116844,0.3526163515117269,1.1232959535011287
21.68888122526132,0.34643955250810365,1.1124285008164607
21.68888122526132,0.34643955250810365,1.1124285008164607
21.70601565766051,0.34024911829380594,1.1104176779484325
21.70601565766051,0.34024911829380594,1.1104176779484325
21.70601565766051,0.34024911829380594,1.1104176779484325
21.756527591590256,0.321324033924605,1.1050425832833382
21.756527591590256,0.321324033924605,1.1050425832833382
21.756527591590256,0.321324033924605,1.1050425832833382
21.756527591590256,0.321324033924605,1.1050425832833382
21.756527591590256,0.321324033924605,1.1050425832833382
21.756527591590256,0.321324033924605,1.1050425832833382
21.805183640570416,0.30627600394938204,1.0980282499064795
21.805183640570416,0.30627600394938204,1.0980282499064795
21.783807592695265,0.3143245698408398,1.099724383492813
21.783807592695265,0.3143245698408398,1.099724383492813
21.783807592695265,0.3143245698408398,1.099724383492813
21.783807592695265,0.3143245698408398,1.099724383492813
21.783807592695265,0.3143245698408398,1.099724383492813
21.783807592695265,0.3143245698408398,1.099724383492813
21.783807592695265,0.3143245698408398,1.099724383492813
22.438476171759675,0.3442394039477934,1.227786210939226
22.438476171759675,0.3442394039477934,1.227786210939226
22.438476171759675,0.3442394039477934,1.227786210939226
22.438476171759675,0.3442394039477934,1.227786210939226
22.438476171759675,0.3442394039477934,1.227786210939226
22.438476171759675,0.3442394039477934,1.227786210939226
22.438476171759675,0.3442394039477934,1.227786210939226
22.438476171759675,0.3442394039477934,1.227786210939226
22.438476171759675,0.3442394039477934,1.227786210939226
22.438476171759675,0.3442394039477934,1.227786210939226
22.438476171759675,0.3442394039477934,1.227786210939226
22.4561562844479,0.3393894992904922,1.1993434266116192
22.4561562844479,0.3393894992904922,1.1993434266116192
22.4561562844479,0.3393894992904922,1.1993434266116192
22.4561562844479,0.3393894992904922,1.1993434266116192
22.4561562844479,0.3393894992904922,1.1993434266116192
22.4561562844479,0.3393894992904922,1.1993434266116192
22.4561562844479,0.3393894992904922,1.1993434266116192
22.4561562844479,0.3393894992904922,1.1993434266116192
22.482238818087122,0.3639227152036606,1.1886970454266481
22.482238818087122,0.3639227152036606,1.1886970454266481
22.50541384228829,0.35078599344791733,1.1447149405111958
22.506210314783488,0.38279281367739704,1.139475778596823
22.584525619204882,0.4576672644452039,1.1204968334526302
22.584525619204882,0.4576672644452039,1.1204968334526302
22.584525619204882,0.4576672644452039,1.1204968334526302
22.584525619204882,0.4576672644452039,1.1204968334526302
22.58065883758173,0.45468761270908215,1.1075156923511424
22.540728732909507,0.4610732967554239,1.0756422326998751
22.540728732909507,0.4610732967554239,1.0756422326998751
22.540728732909507,0.4610732967554239,1.0756422326998751
22.540728732909507,0.4610732967554239,1.0756422326998751
22.540728732909507,0.4610732967554239,1.0756422326998751
22.540728732909507,0.4610732967554239,1.0756422326998751
22.540728732909507,0.4610732967554239,1.0756422326998751
22.54317022461107,0.39357020660333686,1.051548828657038
22.54317022461107,0.39357020660333686,1.051548828657038
22.521153220378213,0.3964596077117234,1.051729773284847
22.51529850584313,0.4098352156836662,1.0498076842645088
22.51529850584313,0.4098352156836662,1.0498076842645088
22.525122691619657,0.4083966558753674,1.0497680307410189
22.525122691619657,0.4083966558753674,1.0497680307410189
22.525122691619657,0.4083966558753674,1.0497680307410189
22.525122691619657,0.4083966558753674,1.0497680307410189
22.525122691619657,0.4083966558753674,1.0497680307410189
22.525122691619657,0.4083966558753674,1.0497680307410189
22.525122691619657,0.4083966558753674,1.0497680307410189
22.525122691619657,0.4083966558753674,1.0497680307410189
22.525122691619657,0.4083966558753674,1.0497680307410189
22.525122691619657,0.4083966558753674,1.0497680307410189
22.525122691619657,0.4083966558753674,1.0497680307410189
22.525122691619657,0.4083966558753674,1.0497680307410189
22.521247471091293,0.40949921795548205,1.0530479953011973
22.544447514989542,0.3285359567852141,1.0569222385829045
22.544447514989542,0.3285359567852141,1.0569222385829045
22.55149726210281,0.34158307701170587,1.063085923505427
22.55149726210281,0.34158307701170587,1.063085923505427
22.55149726210281,0.34158307701170587,1.063085923505427
22.55149726210281,0.34158307701170587,1.063085923505427
22.645345139716724,0.30322439741212504,1.053104190581008
22.645345139716724,0.30322439741212504,1.053104190581008
22.645345139716724,0.30322439741212504,1.053104190581008
22.635299149928446,0.30065479557991537,1.0470179790606906
22.63203465623565,0.2957409234134621,1.047420220955817
22.629551562729592,0.2985815971098667,1.0484705197870547
22.629551562729592,0.2985815971098667,1.0484705197870547
22.576199599174537,0.19378689762024787,1.0467006217715817
22.581205367584445,0.19175758700791457,1.0467528878121382
22.581205367584445,0.19175758700791457,1.0467528878121382
22.581205367584445,0.19175758700791457,1.0467528878121382
22.579887784319872,0.21174080303373247,1.0508171862619384
22.579887784319872,0.21174080303373247,1.0508171862619384
22.579887784319872,0.21174080303373247,1.0508171862619384
22.579592572499777,0.21154658793047154,1.0507088555527047
22.584713053242286,0.18813316431772803,1.0635136709779511
22.54083110838888,0.14167621758937615,1.038220709460356
22.571341088423768,0.05134930313244268,1.0137789144085954
22.571341088423768,0.05134930313244268,1.0137789144085954
22.571341088423768,0.05134930313244268,1.0137789144085954
22.571341088423768,0.05134930313244268,1.0137789144085954
22.571341088423768,0.05134930313244268,1.0137789144085954
22.571341088423768,0.05134930313244268,1.0137789144085954
22.571341088423768,0.05134930313244268,1.0137789144085954
22.571341088423768,0.05134930313244268,1.0137789144085954
22.571341088423768,0.05134930313244268,1.0137789144085954
22.571341088423768,0.05134930313244268,1.0137789144085954
22.571341088423768,0.05134930313244268,1.0137789144085954
22.60454744327729,0.04848809483788753,1.0088371925314183
22.60454744327729,0.04848809483788753,1.0088371925314183
22.60454744327729,0.04848809483788753,1.0088371925314183
22.545702032285064,0.06918817304757888,1.0176188913801125
22.545702032285064,0.06918817304757888,1.0176188913801125
22.565601500444146,0.038032281043085064,1.0124375102986594
22.57412985972839,0.014089702842220664,1.016312614779097
22.57412985972839,0.014089702842220664,1.016312614779097
22.57412985972839,0.014089702842220664,1.016312614779097
22.57412985972839,0.014089702842220664,1.016312614779097
22.57412985972839,0.014089702842220664,1.016312614779097
22.57412985972839,0.014089702842220664,1.016312614779097
22.57412985972839,0.014089702842220664,1.016312614779097
22.56388856443936,0.05068332038979226,1.0209906827369715
22.56388856443936,0.05068332038979226,1.0209906827369715
22.56388856443936,0.05068332038979226,1.0209906827369715
22.56388856443936,0.05068332038979226,1.0209906827369715
22.56388856443936,0.05068332038979226,1.0209906827369715
22.578687314327674,0.035842452309460496,1.0314513858849077
22.578687314327674,0.035842452309460496,1.0314513858849077
22.59953699717535,0.017126044139811794,1.0261360645603408
22.59035541730716,0.02248335956793599,1.0248975215051859
22.59035541730716,0.02248335956793599,1.0248975215051859
22.56208483937866,0.0425641332960241,1.0331963154493453
22.56208483937866,0.0425641332960241,1.0331963154493453
22.56208483937866,0.0425641332960241,1.0331963154493453
22.560908617891318,0.03459849213724425,1.0330653950214381
22.560908617891318,0.03459849213724425,1.0330653950214381
22.558913177584785,0.03772637192126656,1.0336041647992438
22.558913177584785,0.03772637192126656,1.0336041647992438
22.558913177584785,0.03772637192126656,1.0336041647992438
22.5563081298907,0.04245118828194437,1.036340073629456
22.5563081298907,0.04245118828194437,1.036340073629456
24.298505138877807,0.45106007191975916,1.0722785020453418
24.298505138877807,0.45106007191975916,1.0722785020453418
24.298505138877807,0.45106007191975916,1.0722785020453418
22.560369937018358,0.46916744715275904,1.0829781889223993
22.399979854459076,0.5004381494113945,1.0818163255358846
22.399979854459076,0.5004381494113945,1.0818163255358846
22.399979854459076,0.5004381494113945,1.0818163255358846
22.399979854459076,0.5004381494113945,1.0818163255358846
22.399979854459076,0.5004381494113945,1.0818163255358846
22.491198775667,0.4942799383800503,1.0603981504110038
22.491198775667,0.4942799383800503,1.0603981504110038
22.491198775667,0.4942799383800503,1.0603981504110038
22.493158505974616,0.495774396336337,1.0598752923492833
22.493158505974616,0.495774396336337,1.0598752923492833
22.493158505974616,0.495774396336337,1.0598752923492833
22.493158505974616,0.495774396336337,1.0598752923492833
22.433610421953052,0.4137928958003608,1.0676180465685752
22.433610421953052,0.4137928958003608,1.0676180465685752
22.433610421953052,0.4137928958003608,1.0676180465685752
22.433610421953052,0.4137928958003608,1.0676180465685752
22.433610421953052,0.4137928958003608,1.0676180465685752
22.433610421953052,0.4137928958003608,1.0676180465685752
22.450352183143213,0.4703078681821785,1.057739920736261
22.450352183143213,0.4703078681821785,1.057739920736261
22.450352183143213,0.4703078681821785,1.057739920736261
22.450352183143213,0.4703078681821785,1.057739920736261
22.491763346974764,0.45097956418664875,1.0255659131313404
22.491763346974764,0.45097956418664875,1.0255659131313404
22.491763346974764,0.45097956418664875,1.0255659131313404
22.491763346974764,0.45097956418664875,1.0255659131313404
22.491763346974764,0.45097956418664875,1.0255659131313404
22.491763346974764,0.45097956418664875,1.0255659131313404
22.491763346974764,0.45097956418664875,1.0255659131313404
22.491763346974764,0.45097956418664875,1.0255659131313404
22.491763346974764,0.45097956418664875,1.0255659131313404
22.491763346974764,0.45097956418664875,1.0255659131313404
22.491763346974764,0.45097956418664875,1.0255659131313404
22.491763346974764,0.45097956418664875,1.0255659131313404
22.491763346974764,0.45097956418664875,1.0255659131313404
22.491763346974764,0.45097956418664875,1.0255659131313404
22.491763346974764,0.45097956418664875,1.0255659131313404
22.491763346974764,0.45097956418664875,1.0255659131313404
22.491763346974764,0.45097956418664875,1.0255659131313404
22.491763346974764,0.45097956418664875,1.0255659131313404
22.491763346974764,0.45097956418664875,1.0255659131313404
22.491763346974764,0.45097956418664875,1.0255659131313404
22.491763346974764,0.45097956418664875,1.0255659131313404
22.491763346974764,0.45097956418664875,1.0255659131313404
22.491763346974764,0.45097956418664875,1.0255659131313404
22.491763346974764,0.45097956418664875,1.0255659131313404
22.491763346974764,0.45097956418664875,1.0255659131313404
22.501696732997853,0.44330401550674947,1.0287182699193524
22.501696732997853,0.44330401550674947,1.0287182699193524
22.544069282906143,0.4394374757045781,1.0263999096034935
22.544069282906143,0.4394374757045781,1.0263999096034935
22.544069282906143,0.4394374757045781,1.0263999096034935
22.544069282906143,0.4394374757045781,1.0263999096034935
22.544069282906143,0.4394374757045781,1.0263999096034935
22.544069282906143,0.4394374757045781,1.0263999096034935
22.543017549325544,0.40381753155987277,1.0171092785911244
22.543017549325544,0.40381753155987277,1.0171092785911244
22.543017549325544,0.40381753155987277,1.0171092785911244
22.543017549325544,0.40381753155987277,1.0171092785911244
22.543017549325544,0.40381753155987277,1.0171092785911244
22.543017549325544,0.40381753155987277,1.0171092785911244
22.543017549325544,0.40381753155987277,1.0171092785911244
22.543017549325544,0.40381753155987277,1.0171092785911244
22.543017549325544,0.40381753155987277,1.0171092785911244
22.543017549325544,0.40381753155987277,1.0171092785911244
22.543017549325544,0.40381753155987277,1.0171092785911244
22.543017549325544,0.40381753155987277,1.0171092785911244
22.543017549325544,0.40381753155987277,1.0171092785911244
22.542555239318034,0.4035599084927578,1.0172863062444317
22.542555239318034,0.4035599084927578,1.0172863062444317
22.514606546436426,0.3492639627404879,1.027913553022224
22.516159942739527,0.345196364108379,1.030655024777489
22.516159942739527,0.345196364108379,1.030655024777489
22.49798537277051,0.34672311018190105,1.056165352582979
22.49798537277051,0.34672311018190105,1.056165352582979
22.513702544935878,0.33425222760265383,1.063566633464813
22.513702544935878,0.33425222760265383,1.063566633464813
22.513702544935878,0.33425222760265383,1.063566633464813
22.513702544935878,0.33425222760265383,1.063566633464813
22.513702544935878,0.33425222760265383,1.063566633464813
22.513702544935878,0.33425222760265383,1.063566633464813
22.513702544935878,0.33425222760265383,1.063566633464813
22.458206016420686,0.2895428271148306,1.0722564576896731
22.478115198169533,0.2000172402612279,1.0589697173771624
22.478115198169533,0.2000172402612279,1.0589697173771624
22.49302382202597,0.22376524514196555,1.0724600285398278
22.49302382202597,0.22376524514196555,1.0724600285398278
22.46957491930878,0.2048049701387984,1.067479200233277
22.46957491930878,0.2048049701387984,1.067479200233277
22.46957491930878,0.2048049701387984,1.067479200233277
22.46957491930878,0.2048049701387984,1.067479200233277
22.46957491930878,0.2048049701387984,1.067479200233277
22.46957491930878,0.2048049701387984,1.067479200233277
22.46957491930878,0.2048049701387984,1.067479200233277
22.46957491930878,0.2048049701387984,1.067479200233277
22.46957491930878,0.2048049701387984,1.067479200233277
22.46957491930878,0.2048049701387984,1.067479200233277
22.46957491930878,0.2048049701387984,1.067479200233277
22.4613431340795,0.1974948985187487,1.0642378247440547
22.45509452342607,0.17252999949098485,1.0638220438927317
22.45509452342607,0.17252999949098485,1.0638220438927317
22.423627633182964,0.14546485791391425,1.0661773471337346
22.423627633182964,0.14546485791391425,1.0661773471337346
22.423627633182964,0.14546485791391425,1.0661773471337346
22.45333618884493,0.1157684901467714,1.0395088452614758
22.42957811964923,0.1592256078527109,1.0349791397851351
22.42320349041451,0.15123965244186272,1.0387464659248484
22.42320349041451,0.15123965244186272,1.0387464659248484
22.42320349041451,0.15123965244186272,1.0387464659248484
22.43432081942072,0.13950912515193714,1.0411352623853427
22.43432081942072,0.13950912515193714,1.0411352623853427
22.385800447468423,0.13219127176939052,1.0431337643314613
22.385800447468423,0.13219127176939052,1.0431337643314613
22.385800447468423,0.13219127176939052,1.0431337643314613
22.385800447468423,0.13219127176939052,1.0431337643314613
22.39201499950205,0.13559417404224472,1.0410091108362585
14.814155435432335,0.941611814923849,1.1412399526234698
14.814155435432335,0.941611814923849,1.1412399526234698
14.814155435432335,0.941611814923849,1.1412399526234698
17.4733169362296,0.6502890085424892,1.15526096702625
17.4733169362296,0.6502890085424892,1.15526096702625
17.4733169362296,0.6502890085424892,1.15526096702625
17.4733169362296,0.6502890085424892,1.15526096702625
17.4733169362296,0.6502890085424892,1.15526096702625
18.384467553021132,0.6667338493694543,1.141220202961428
18.384467553021132,0.6667338493694543,1.141220202961428
18.384467553021132,0.6667338493694543,1.141220202961428
18.384467553021132,0.6667338493694543,1.141220202961428
18.43359375266179,0.6625400657109763,1.1384626084572325
18.43359375266179,0.6625400657109763,1.1384626084572325
18.43359375266179,0.6625400657109763,1.1384626084572325
18.43359375266179,0.6625400657109763,1.1384626084572325
22.59455075395605,0.7665174134287303,1.0659170745646012
22.59455075395605,0.7665174134287303,1.0659170745646012
22.59455075395605,0.7665174134287303,1.0659170745646012
22.59455075395605,0.7665174134287303,1.0659170745646012
22.59455075395605,0.7665174134287303,1.0659170745646012
22.59455075395605,0.7665174134287303,1.0659170745646012
22.59455075395605,0.7665174134287303,1.0659170745646012
22.59455075395605,0.7665174134287303,1.0659170745646012
22.59455075395605,0.7665174134287303,1.0659170745646012
22.59455075395605,0.7665174134287303,1.0659170745646012
22.59455075395605,0.7665174134287303,1.0659170745646012
22.590515903201553,0.7667028828897949,1.063421206354396
22.57050203862473,0.619937781322103,1.0295347954566811
22.57050203862473,0.619937781322103,1.0295347954566811
22.57050203862473,0.619937781322103,1.0295347954566811
22.57050203862473,0.619937781322103,1.0295347954566811
22.57050203862473,0.619937781322103,1.0295347954566811
22.57050203862473,0.619937781322103,1.0295347954566811
22.57050203862473,0.619937781322103,1.0295347954566811
22.599720829894757,0.6522300191677209,1.0234533134924098
22.599720829894757,0.6522300191677209,1.0234533134924098
22.599720829894757,0.6522300191677209,1.0234533134924098
22.599720829894757,0.6522300191677209,1.0234533134924098
22.55942147476104,0.6030371087301021,1.030684634261542
22.55942147476104,0.6030371087301021,1.030684634261542
22.55942147476104,0.6030371087301021,1.030684634261542
22.55942147476104,0.6030371087301021,1.030684634261542
22.55942147476104,0.6030371087301021,1.030684634261542
22.55942147476104,0.6030371087301021,1.030684634261542
22.55942147476104,0.6030371087301021,1.030684634261542
22.55942147476104,0.6030371087301021,1.030684634261542
22.55942147476104,0.6030371087301021,1.030684634261542
22.557337340109758,0.6385145560416479,1.025525363288486
22.545527939117576,0.5839757409892796,1.0471376302103839
22.545527939117576,0.5839757409892796,1.0471376302103839
22.545527939117576,0.5839757409892796,1.0471376302103839
22.545527939117576,0.5839757409892796,1.0471376302103839
22.545527939117576,0.5839757409892796,1.0471376302103839
22.545527939117576,0.5839757409892796,1.0471376302103839
22.545527939117576,0.5839757409892796,1.0471376302103839
22.540872913882776,0.5432383957158053,1.049179122694059
22.540872913882776,0.5432383957158053,1.049179122694059
22.540231930499363,0.42004727494225913,1.019102957240465
22.540231930499363,0.42004727494225913,1.019102957240465
22.540231930499363,0.42004727494225913,1.019102957240465
22.540231930499363,0.42004727494225913,1.019102957240465
22.540231930499363,0.42004727494225913,1.019102957240465
22.53370743964624,0.4123949513527342,1.0265677465623841
22.51420462238463,0.38952084945683835,1.0488812765096418
22.5203710480793,0.3408438068932825,1.0248856189322
22.5203710480793,0.3408438068932825,1.0248856189322
22.5203710480793,0.3408438068932825,1.0248856189322
22.52503587009584,0.2560576418135665,1.0282072038502719
22.52503587009584,0.2560576418135665,1.0282072038502719
22.53069579353738,0.27291311680668107,1.0373437319562282
22.53069579353738,0.27291311680668107,1.0373437319562282
22.53069579353738,0.27291311680668107,1.0373437319562282
22.53069579353738,0.27291311680668107,1.0373437319562282
22.53047909996687,0.2731832778826099,1.0375374784243092
22.53047909996687,0.2731832778826099,1.0375374784243092
22.53047909996687,0.2731832778826099,1.0375374784243092
22.53047909996687,0.2731832778826099,1.0375374784243092
22.53047909996687,0.2731832778826099,1.0375374784243092
22.501904729503917,0.26693716760412123,1.0035364665687614
22.501904729503917,0.26693716760412123,1.0035364665687614
22.47429403434197,0.17092886344146724,1.0084713479961305
22.47429403434197,0.17092886344146724,1.0084713479961305
22.474209147373685,0.14267024745999562,1.0201362384857389
22.472330726665177,0.12859868076009948,1.030672298955424
22.472330726665177,0.12859868076009948,1.030672298955424
22.472330726665177,0.12859868076009948,1.030672298955424
22.46120276808588,0.16728505244314895,1.0231182698143415
22.46120276808588,0.16728505244314895,1.0231182698143415
22.38858123167532,0.12286191369528032,1.0307795214092659
22.38858123167532,0.12286191369528032,1.0307795214092659
22.38858123167532,0.12286191369528032,1.0307795214092659
22.38858123167532,0.12286191369528032,1.0307795214092659
22.38858123167532,0.12286191369528032,1.0307795214092659
22.38858123167532,0.12286191369528032,1.0307795214092659
22.434877460411027,0.10097995147199364,1.0321981657472676
22.448873808051204,0.09761858809689802,1.0264757288370705
22.448873808051204,0.09761858809689802,1.0264757288370705
22.455259921258772,0.102063899427117,1.0291421935589093
22.418082119503637,0.041580491471571696,1.0179289012650257
22.418082119503637,0.041580491471571696,1.0179289012650257
22.418082119503637,0.041580491471571696,1.0179289012650257
22.418082119503637,0.041580491471571696,1.0179289012650257
22.433826937928245,0.08863888260881467,1.030077610867215
22.433826937928245,0.08863888260881467,1.030077610867215
22.433826937928245,0.08863888260881467,1.030077610867215
22.433826937928245,0.08863888260881467,1.030077610867215
22.433826937928245,0.08863888260881467,1.030077610867215
22.433826937928245,0.08863888260881467,1.030077610867215
22.438238919975078,0.10182549240329408,1.0334818983738425
22.438238919975078,0.10182549240329408,1.0334818983738425
22.437801937302552,0.10147314584161382,1.0327774748688523
22.443447344817073,0.10602513394569557,1.0418779678597867
22.443447344817073,0.10602513394569557,1.0418779678597867
22.429902970669232,0.108683231841946,1.0559539662898005
22.429902970669232,0.108683231841946,1.0559539662898005
22.429902970669232,0.108683231841946,1.0559539662898005
22.439913880262893,0.11627619921916642,1.0740719245480073
22.439913880262893,0.11627619921916642,1.0740719245480073
22.439913880262893,0.11627619921916642,1.0740719245480073
77.62377090454396,0.8145920523935978,1.3097903110595728
77.62377090454396,0.8145920523935978,1.3097903110595728
77.35079740859233,0.637855994377936,1.2806617513051768
77.35079740859233,0.637855994377936,1.2806617513051768
77.35079740859233,0.637855994377936,1.2806617513051768
77.35079740859233,0.637855994377936,1.2806617513051768
77.35079740859233,0.637855994377936,1.2806617513051768
77.3509927447324,0.5337332731703056,1.2797642850389046
77.3509927447324,0.5337332731703056,1.2797642850389046
77.3509927447324,0.5337332731703056,1.2797642850389046
77.3509927447324,0.5337332731703056,1.2797642850389046
77.3509927447324,0.5337332731703056,1.2797642850389046
77.3509927447324,0.5337332731703056,1.2797642850389046
77.3509927447324,0.5337332731703056,1.2797642850389046
77.3509927447324,0.5337332731703056,1.2797642850389046
77.3509927447324,0.5337332731703056,1.2797642850389046
77.3509927447324,0.5337332731703056,1.2797642850389046
77.3509927447324,0.5337332731703056,1.2797642850389046
77.3509927447324,0.5337332731703056,1.2797642850389046
77.3509927447324,0.5337332731703056,1.2797642850389046
77.3509927447324,0.5337332731703056,1.2797642850389046
77.3509927447324,0.5337332731703056,1.2797642850389046
77.3509927447324,0.5337332731703056,1.2797642850389046
77.3509927447324,0.5337332731703056,1.2797642850389046
77.3509927447324,0.5337332731703056,1.2797642850389046
77.3509927447324,0.5337332731703056,1.2797642850389046
77.3509927447324,0.5337332731703056,1.2797642850389046
77.3509927447324,0.5337332731703056,1.2797642850389046
77.3509927447324,0.5337332731703056,1.2797642850389046
77.3509927447324,0.5337332731703056,1.2797642850389046
77.3509927447324,0.5337332731703056,1.2797642850389046
77.3509927447324,0.5337332731703056,1.2797642850389046
77.3509927447324,0.5337332731703056,1.2797642850389046
77.3509927447324,0.5337332731703056,1.2797642850389046
77.3509927447324,0.5337332731703056,1.2797642850389046
77.6286804991609,0.5367633728979182,1.2818847162849663
77.6286804991609,0.5367633728979182,1.2818847162849663
77.6286804991609,0.5367633728979182,1.2818847162849663
77.6286804991609,0.5367633728979182,1.2818847162849663
77.6286804991609,0.5367633728979182,1.2818847162849663
77.6286804991609,0.5367633728979182,1.2818847162849663
77.6286804991609,0.5367633728979182,1.2818847162849663
77.6286804991609,0.5367633728979182,1.2818847162849663
77.6286804991609,0.5367633728979182,1.2818847162849663
77.6286804991609,0.5367633728979182,1.2818847162849663
77.6286804991609,0.5367633728979182,1.2818847162849663
77.6286804991609,0.5367633728979182,1.2818847162849663
77.51929745392731,0.4943207016915309,1.2730086463584196
77.51929745392731,0.4943207016915309,1.2730086463584196
77.51929745392731,0.4943207016915309,1.2730086463584196
77.51929745392731,0.4943207016915309,1.2730086463584196
77.51929745392731,0.4943207016915309,1.2730086463584196
77.51929745392731,0.4943207016915309,1.2730086463584196
77.51929745392731,0.4943207016915309,1.2730086463584196
77.51929745392731,0.4943207016915309,1.2730086463584196
77.51929745392731,0.4943207016915309,1.2730086463584196
77.51929745392731,0.4943207016915309,1.2730086463584196
77.51929745392731,0.4943207016915309,1.2730086463584196
77.51929745392731,0.4943207016915309,1.2730086463584196
77.47582721896353,0.2974105524760391,1.2817417763993684
77.47582721896353,0.2974105524760391,1.2817417763993684
77.47582721896353,0.2974105524760391,1.2817417763993684
77.47582721896353,0.2974105524760391,1.2817417763993684
77.47582721896353,0.2974105524760391,1.2817417763993684
77.47582721896353,0.2974105524760391,1.2817417763993684
77.47582721896353,0.2974105524760391,1.2817417763993684
77.47582721896353,0.2974105524760391,1.2817417763993684
77.47582721896353,0.2974105524760391,1.2817417763993684
77.47582721896353,0.2974105524760391,1.2817417763993684
77.47582721896353,0.2974105524760391,1.2817417763993684
77.47582721896353,0.2974105524760391,1.2817417763993684
77.47582721896353,0.2974105524760391,1.2817417763993684
77.47582721896353,0.2974105524760391,1.2817417763993684
77.47582721896353,0.2974105524760391,1.2817417763993684
77.47582721896353,0.2974105524760391,1.2817417763993684
77.47582721896353,0.2974105524760391,1.2817417763993684
77.47582721896353,0.2974105524760391,1.2817417763993684
77.47582721896353,0.2974105524760391,1.2817417763993684
77.47582721896353,0.2974105524760391,1.2817417763993684
77.47582721896353,0.2974105524760391,1.2817417763993684
77.47582721896353,0.2974105524760391,1.2817417763993684
77.47582721896353,0.2974105524760391,1.2817417763993684
77.47582721896353,0.2974105524760391,1.2817417763993684
77.47582721896353,0.2974105524760391,1.2817417763993684
77.47582721896353,0.2974105524760391,1.2817417763993684
77.47582721896353,0.2974105524760391,1.2817417763993684
77.47582721896353,0.2974105524760391,1.2817417763993684
64.58130741255397,0.2804555699783031,1.2328325882654105
64.58130741255397,0.2804555699783031,1.2328325882654105
64.58130741255397,0.2804555699783031,1.2328325882654105
64.58130741255397,0.2804555699783031,1.2328325882654105
64.58130741255397,0.2804555699783031,1.2328325882654105
64.58130741255397,0.2804555699783031,1.2328325882654105
64.58130741255397,0.2804555699783031,1.2328325882654105
64.58130741255397,0.2804555699783031,1.2328325882654105
64.58130741255397,0.2804555699783031,1.2328325882654105
64.58130741255397,0.2804555699783031,1.2328325882654105
64.58130741255397,0.2804555699783031,1.2328325882654105
64.58130741255397,0.2804555699783031,1.2328325882654105
64.63905742593457,0.2864682538984139,1.2461482368492596
64.63905742593457,0.2864682538984139,1.2461482368492596
64.63905742593457,0.2864682538984139,1.2461482368492596
64.63905742593457,0.2864682538984139,1.2461482368492596
64.63905742593457,0.2864682538984139,1.2461482368492596
64.63905742593457,0.2864682538984139,1.2461482368492596
64.63905742593457,0.2864682538984139,1.2461482368492596
64.63905742593457,0.2864682538984139,1.2461482368492596
64.63905742593457,0.2864682538984139,1.2461482368492596
64.63905742593457,0.2864682538984139,1.2461482368492596
64.63905742593457,0.2864682538984139,1.2461482368492596
64.63905742593457,0.2864682538984139,1.2461482368492596
64.63905742593457,0.2864682538984139,1.2461482368492596
64.63905742593457,0.2864682538984139,1.2461482368492596
64.63905742593457,0.2864682538984139,1.2461482368492596
64.63905742593457,0.2864682538984139,1.2461482368492596
64.63905742593457,0.2864682538984139,1.2461482368492596
64.63905742593457,0.2864682538984139,1.2461482368492596
64.63905742593457,0.2864682538984139,1.2461482368492596
64.63905742593457,0.2864682538984139,1.2461482368492596
64.63905742593457,0.2864682538984139,1.2461482368492596
22.395304768674,0.8506384277982021,1.1103604882238725
22.374952808161993,0.8071631802782973,1.0900643241677521
22.374952808161993,0.8071631802782973,1.0900643241677521
22.66114884441681,1.0385821629068785,1.0526006046312224
22.66114884441681,1.0385821629068785,1.0526006046312224
22.66114884441681,1.0385821629068785,1.0526006046312224
22.66114884441681,1.0385821629068785,1.0526006046312224
22.66114884441681,1.0385821629068785,1.0526006046312224
22.66114884441681,1.0385821629068785,1.0526006046312224
22.66114884441681,1.0385821629068785,1.0526006046312224
22.66114884441681,1.0385821629068785,1.0526006046312224
22.66114884441681,1.0385821629068785,1.0526006046312224
22.66114884441681,1.0385821629068785,1.0526006046312224
22.66114884441681,1.0385821629068785,1.0526006046312224
22.66114884441681,1.0385821629068785,1.0526006046312224
22.66114884441681,1.0385821629068785,1.0526006046312224
22.66114884441681,1.0385821629068785,1.0526006046312224
22.66114884441681,1.0385821629068785,1.0526006046312224
22.597671119123625,0.7781012934004343,1.0808262189952784
22.520685098153653,0.8177634631746542,1.0904874201031258
22.520685098153653,0.8177634631746542,1.0904874201031258
22.520685098153653,0.8177634631746542,1.0904874201031258
22.511263722233277,0.7378039252071802,1.0758583410452682
22.544547757919158,0.7670021384281012,1.0769483912694662
22.544547757919158,0.7670021384281012,1.0769483912694662
22.544547757919158,0.7670021384281012,1.0769483912694662
22.544547757919158,0.7670021384281012,1.0769483912694662
22.544547757919158,0.7670021384281012,1.0769483912694662
22.544547757919158,0.7670021384281012,1.0769483912694662
22.544547757919158,0.7670021384281012,1.0769483912694662
22.47678967428117,0.7653394059779491,1.0782283187373667
22.527125258411342,0.6418747322316196,1.0620137605430637
22.527125258411342,0.6418747322316196,1.0620137605430637
22.527125258411342,0.6418747322316196,1.0620137605430637
22.527125258411342,0.6418747322316196,1.0620137605430637
22.529158211689666,0.6241865130981673,1.0610285740042436
22.529158211689666,0.6241865130981673,1.0610285740042436
22.55055909953605,0.43798272872534466,1.050657520793208
22.55055909953605,0.43798272872534466,1.050657520793208
22.58630452597934,0.405376704628968,1.0533300136391235
22.58630452597934,0.405376704628968,1.0533300136391235
22.52637079049852,0.3327319101675428,1.0990153548494521
22.52637079049852,0.3327319101675428,1.0990153548494521
22.52637079049852,0.3327319101675428,1.0990153548494521
22.52637079049852,0.3327319101675428,1.0990153548494521
22.52637079049852,0.3327319101675428,1.0990153548494521
22.52637079049852,0.3327319101675428,1.0990153548494521
22.52637079049852,0.3327319101675428,1.0990153548494521
22.52637079049852,0.3327319101675428,1.0990153548494521
22.52637079049852,0.3327319101675428,1.0990153548494521
22.524660935702865,0.3231260450310628,1.1072038335784602
22.524660935702865,0.3231260450310628,1.1072038335784602
22.509246742606088,0.3732493408566022,1.0980667188571427
22.509246742606088,0.3732493408566022,1.0980667188571427
22.509246742606088,0.3732493408566022,1.0980667188571427
22.509246742606088,0.3732493408566022,1.0980667188571427
22.509246742606088,0.3732493408566022,1.0980667188571427
22.509246742606088,0.3732493408566022,1.0980667188571427
22.509246742606088,0.3732493408566022,1.0980667188571427
22.526838527141646,0.35113154608876057,1.085197820209673
22.550743120143746,0.2428851266801293,1.0787399410775618
22.550743120143746,0.2428851266801293,1.0787399410775618
22.550743120143746,0.2428851266801293,1.0787399410775618
22.58900248490541,0.15808771379224618,1.0933688724591717
22.58900248490541,0.15808771379224618,1.0933688724591717
22.58900248490541,0.15808771379224618,1.0933688724591717
22.58900248490541,0.15808771379224618,1.0933688724591717
22.585829015164716,0.21540620070404148,1.059502079886301
22.585829015164716,0.21540620070404148,1.059502079886301
22.559542176535107,0.19673879806700287,1.0659645611682087
22.55874082585687,0.19881907631617268,1.065925339447282
22.55874082585687,0.19881907631617268,1.065925339447282
22.55874082585687,0.19881907631617268,1.065925339447282
22.55874082585687,0.19881907631617268,1.065925339447282
22.55874082585687,0.19881907631617268,1.065925339447282
22.560908671080583,0.19000695008059465,1.0637297451089722
22.57784189014312,0.11582441407804969,1.05758132965649
22.57784189014312,0.11582441407804969,1.05758132965649
22.57784189014312,0.11582441407804969,1.05758132965649
22.571630916764214,0.14423500056630545,1.0556194851811438
22.571630916764214,0.14423500056630545,1.0556194851811438
22.571630916764214,0.14423500056630545,1.0556194851811438
22.571630916764214,0.14423500056630545,1.0556194851811438
22.571630916764214,0.14423500056630545,1.0556194851811438
22.571630916764214,0.14423500056630545,1.0556194851811438
22.571630916764214,0.14423500056630545,1.0556194851811438
22.571630916764214,0.14423500056630545,1.0556194851811438
22.584075316733884,0.12219658133681444,1.0590737150590301
22.639725347071487,0.042854610520091235,1.0481379184824158
22.639725347071487,0.042854610520091235,1.0481379184824158
22.639725347071487,0.042854610520091235,1.0481379184824158
22.639725347071487,0.042854610520091235,1.0481379184824158
22.639725347071487,0.042854610520091235,1.0481379184824158
22.639725347071487,0.042854610520091235,1.0481379184824158
22.623152924518,0.06100628279587239,1.0424363364077074
22.623152924518,0.06100628279587239,1.0424363364077074
22.620040698079126,0.06167821476329879,1.0424527579980192
22.620040698079126,0.06167821476329879,1.0424527579980192
22.620040698079126,0.06167821476329879,1.0424527579980192
22.620040698079126,0.06167821476329879,1.0424527579980192
22.613923115644567,0.05334829880784109,1.041246701066125
22.629974310796747,0.024492879081874003,1.0367297064148304
22.629974310796747,0.024492879081874003,1.0367297064148304
22.629974310796747,0.024492879081874003,1.0367297064148304
22.625006810247775,0.028439825873396718,1.0372477028658629
22.625006810247775,0.028439825873396718,1.0372477028658629
22.625006810247775,0.028439825873396718,1.0372477028658629
22.625006810247775,0.028439825873396718,1.0372477028658629
22.625006810247775,0.028439825873396718,1.0372477028658629
22.625006810247775,0.028439825873396718,1.0372477028658629
22.625006810247775,0.028439825873396718,1.0372477028658629
22.625006810247775,0.028439825873396718,1.0372477028658629
22.580514110774416,0.05045996074978724,1.040638441843113
22.580514110774416,0.05045996074978724,1.040638441843113
22.580514110774416,0.05045996074978724,1.040638441843113
22.537212371152727,0.05338523275031432,1.058311588837774
22.537212371152727,0.05338523275031432,1.058311588837774
22.537212371152727,0.05338523275031432,1.058311588837774
22.535717741224907,0.04895282713538193,1.059881547300178
22.535717741224907,0.04895282713538193,1.059881547300178
29.346031274819897,0.3653960178411103,1.2581672979629586
26.689616983666646,0.3827544563880563,1.1744699875810687
26.689616983666646,0.3827544563880563,1.1744699875810687
20.99898757167037,0.36435890449262254,1.1711271758450297
15.393007471484431,0.3257528787992717,1.1887214982733803
15.393007471484431,0.3257528787992717,1.1887214982733803
15.393007471484431,0.3257528787992717,1.1887214982733803
17.622302956854654,0.52527957298916,1.147642826831196
17.695451238698453,0.5258318555099653,1.1465316821061595
17.695451238698453,0.5258318555099653,1.1465316821061595
18.10418669994705,0.5420514964222044,1.1383254954342399
18.10418669994705,0.5420514964222044,1.1383254954342399
18.10418669994705,0.5420514964222044,1.1383254954342399
18.10418669994705,0.5420514964222044,1.1383254954342399
18.10418669994705,0.5420514964222044,1.1383254954342399
18.10418669994705,0.5420514964222044,1.1383254954342399
18.10418669994705,0.5420514964222044,1.1383254954342399
18.10418669994705,0.5420514964222044,1.1383254954342399
18.10418669994705,0.5420514964222044,1.1383254954342399
18.16894628822298,0.5542660973009286,1.1632041349285631
18.16894628822298,0.5542660973009286,1.1632041349285631
18.16894628822298,0.5542660973009286,1.1632041349285631
18.16894628822298,0.5542660973009286,1.1632041349285631
18.16894628822298,0.5542660973009286,1.1632041349285631
18.16894628822298,0.5542660973009286,1.1632041349285631
18.16894628822298,0.5542660973009286,1.1632041349285631
18.52514979032493,0.5475247359782645,1.1558502263123143
18.52514979032493,0.5475247359782645,1.1558502263123143
18.52514979032493,0.5475247359782645,1.1558502263123143
18.52514979032493,0.5475247359782645,1.1558502263123143
18.52514979032493,0.5475247359782645,1.1558502263123143
18.52514979032493,0.5475247359782645,1.1558502263123143
19.423693935583653,0.5131266601032436,1.1233300633807664
19.423693935583653,0.5131266601032436,1.1233300633807664
19.423693935583653,0.5131266601032436,1.1233300633807664
19.423693935583653,0.5131266601032436,1.1233300633807664
18.667494817889462,0.36528650071128926,1.0559951267980374
18.667494817889462,0.36528650071128926,1.0559951267980374
18.667494817889462,0.36528650071128926,1.0559951267980374
18.667494817889462,0.36528650071128926,1.0559951267980374
18.667494817889462,0.36528650071128926,1.0559951267980374
18.667494817889462,0.36528650071128926,1.0559951267980374
18.667494817889462,0.36528650071128926,1.0559951267980374
18.256349250472745,0.28490578510621734,1.019385112239054
18.256349250472745,0.28490578510621734,1.019385112239054
18.256349250472745,0.28490578510621734,1.019385112239054
18.256349250472745,0.28490578510621734,1.019385112239054
18.256349250472745,0.28490578510621734,1.019385112239054
18.256349250472745,0.28490578510621734,1.019385112239054
18.34974452575896,0.276740745526174,1.0234506479419827
18.34974452575896,0.276740745526174,1.0234506479419827
18.34974452575896,0.276740745526174,1.0234506479419827
18.34974452575896,0.276740745526174,1.0234506479419827
18.34974452575896,0.276740745526174,1.0234506479419827
18.34974452575896,0.276740745526174,1.0234506479419827
18.34974452575896,0.276740745526174,1.0234506479419827
18.34974452575896,0.276740745526174,1.0234506479419827
18.34974452575896,0.276740745526174,1.0234506479419827
18.34974452575896,0.276740745526174,1.0234506479419827
18.34974452575896,0.276740745526174,1.0234506479419827
18.357139793741283,0.14887086170201458,0.9997746157917993
18.357139793741283,0.14887086170201458,0.9997746157917993
18.357139793741283,0.14887086170201458,0.9997746157917993
18.357139793741283,0.14887086170201458,0.9997746157917993
18.357139793741283,0.14887086170201458,0.9997746157917993
18.357139793741283,0.14887086170201458,0.9997746157917993
18.357139793741283,0.14887086170201458,0.9997746157917993
18.357139793741283,0.14887086170201458,0.9997746157917993
18.47227456407429,0.14795117427283724,1.0005318065375428
18.47227456407429,0.14795117427283724,1.0005318065375428
18.47227456407429,0.14795117427283724,1.0005318065375428
18.47227456407429,0.14795117427283724,1.0005318065375428
18.47227456407429,0.14795117427283724,1.0005318065375428
18.47227456407429,0.14795117427283724,1.0005318065375428
18.47227456407429,0.14795117427283724,1.0005318065375428
18.47227456407429,0.14795117427283724,1.0005318065375428
18.47227456407429,0.14795117427283724,1.0005318065375428
18.47227456407429,0.14795117427283724,1.0005318065375428
18.47227456407429,0.14795117427283724,1.0005318065375428
18.47227456407429,0.14795117427283724,1.0005318065375428
18.47227456407429,0.14795117427283724,1.0005318065375428
18.461693605277613,0.17256280615142103,1.0313725501289475
18.461693605277613,0.17256280615142103,1.0313725501289475
18.461693605277613,0.17256280615142103,1.0313725501289475
18.461693605277613,0.17256280615142103,1.0313725501289475
18.461693605277613,0.17256280615142103,1.0313725501289475
18.461693605277613,0.17256280615142103,1.0313725501289475
18.461693605277613,0.17256280615142103,1.0313725501289475
18.461693605277613,0.17256280615142103,1.0313725501289475
18.461693605277613,0.17256280615142103,1.0313725501289475
18.461693605277613,0.17256280615142103,1.0313725501289475
18.461693605277613,0.17256280615142103,1.0313725501289475
18.461693605277613,0.17256280615142103,1.0313725501289475
18.43451441205222,0.16736513926884097,1.0302666357062056
18.43451441205222,0.16736513926884097,1.0302666357062056
18.43451441205222,0.16736513926884097,1.0302666357062056
18.43451441205222,0.16736513926884097,1.0302666357062056
18.43451441205222,0.16736513926884097,1.0302666357062056
18.43451441205222,0.16736513926884097,1.0302666357062056
18.43451441205222,0.16736513926884097,1.0302666357062056
18.43451441205222,0.16736513926884097,1.0302666357062056
18.43451441205222,0.16736513926884097,1.0302666357062056
18.43451441205222,0.16736513926884097,1.0302666357062056
18.43451441205222,0.16736513926884097,1.0302666357062056
18.43451441205222,0.16736513926884097,1.0302666357062056
18.43451441205222,0.16736513926884097,1.0302666357062056
18.43451441205222,0.16736513926884097,1.0302666357062056
18.43451441205222,0.16736513926884097,1.0302666357062056
18.43451441205222,0.16736513926884097,1.0302666357062056
18.43451441205222,0.16736513926884097,1.0302666357062056
18.43451441205222,0.16736513926884097,1.0302666357062056
18.43451441205222,0.16736513926884097,1.0302666357062056
18.43451441205222,0.16736513926884097,1.0302666357062056
18.43451441205222,0.16736513926884097,1.0302666357062056
18.43451441205222,0.16736513926884097,1.0302666357062056
18.43451441205222,0.16736513926884097,1.0302666357062056
18.43451441205222,0.16736513926884097,1.0302666357062056
18.43451441205222,0.16736513926884097,1.0302666357062056
18.43451441205222,0.16736513926884097,1.0302666357062056
18.43451441205222,0.16736513926884097,1.0302666357062056
17.964701161991165,0.2730992315247156,1.1006275491384074
17.964701161991165,0.2730992315247156,1.1006275491384074
18.508980466013156,0.3354247929122401,1.0915033079433356
19.474789346209246,0.39485956175177905,1.1022497207755566
19.474789346209246,0.39485956175177905,1.1022497207755566
19.474789346209246,0.39485956175177905,1.1022497207755566
20.38720703511918,0.4897341398007696,1.0828480357020842
20.53583577284652,0.4856088231234524,1.0772626756425883
21.2108426932923,0.5001000740488654,1.0675254648492427
21.2108426932923,0.5001000740488654,1.0675254648492427
21.2108426932923,0.5001000740488654,1.0675254648492427
21.358885854944962,0.5010607951879663,1.075330655681226
21.358885854944962,0.5010607951879663,1.075330655681226
21.358885854944962,0.5010607951879663,1.075330655681226
21.358885854944962,0.5010607951879663,1.075330655681226
21.358885854944962,0.5010607951879663,1.075330655681226
21.794945367127855,0.6610600110846379,1.07144022454296
21.794945367127855,0.6610600110846379,1.07144022454296
21.794945367127855,0.6610600110846379,1.07144022454296
21.794945367127855,0.6610600110846379,1.07144022454296
21.794945367127855,0.6610600110846379,1.07144022454296
21.99141695232236,0.5925441165137522,1.0844426635986912
21.99141695232236,0.5925441165137522,1.0844426635986912
21.99141695232236,0.5925441165137522,1.0844426635986912
22.133872488860828,0.6141105926950691,1.0864549047863283
22.133872488860828,0.6141105926950691,1.0864549047863283
22.133872488860828,0.6141105926950691,1.0864549047863283
22.29273964482222,0.5803204035093464,1.074228933787192
22.29273964482222,0.5803204035093464,1.074228933787192
22.29273964482222,0.5803204035093464,1.074228933787192
22.29273964482222,0.5803204035093464,1.074228933787192
22.29273964482222,0.5803204035093464,1.074228933787192
22.29273964482222,0.5803204035093464,1.074228933787192
22.29273964482222,0.5803204035093464,1.074228933787192
22.29273964482222,0.5803204035093464,1.074228933787192
22.29273964482222,0.5803204035093464,1.074228933787192
22.29273964482222,0.5803204035093464,1.074228933787192
22.29273964482222,0.5803204035093464,1.074228933787192
22.29273964482222,0.5803204035093464,1.074228933787192
22.29273964482222,0.5803204035093464,1.074228933787192
22.292898444911792,0.5802560744197682,1.07421709096711
22.292898444911792,0.5802560744197682,1.07421709096711
22.292898444911792,0.5802560744197682,1.07421709096711
22.625284650612134,0.5043001526956252,1.0901484067638982
22.625284650612134,0.5043001526956252,1.0901484067638982
22.625284650612134,0.5043001526956252,1.0901484067638982
22.625304159379063,0.5035260295421845,1.089988519498659
22.625304159379063,0.5035260295421845,1.089988519498659
22.625304159379063,0.5035260295421845,1.089988519498659
22.625304159379063,0.5035260295421845,1.089988519498659
22.625304159379063,0.5035260295421845,1.089988519498659
22.619147269106886,0.4764486817274745,1.0866524976928211
22.619147269106886,0.4764486817274745,1.0866524976928211
22.619147269106886,0.4764486817274745,1.0866524976928211
22.57947189060496,0.4491488289437733,1.0713879191120876
22.521487258259313,0.45100692256098857,1.0754852731838342
22.52681032782686,0.4508363469931642,1.0751091304045415
22.52005887025549,0.433925797260243,1.075200486343788
22.557449830877452,0.42514833960322623,1.0668327841844913
22.544968267755724,0.4459568682086891,1.0628754215754224
22.544968267755724,0.4459568682086891,1.0628754215754224
22.544968267755724,0.4459568682086891,1.0628754215754224
22.544968267755724,0.4459568682086891,1.0628754215754224
22.544968267755724,0.4459568682086891,1.0628754215754224
22.544968267755724,0.4459568682086891,1.0628754215754224
22.544968267755724,0.4459568682086891,1.0628754215754224
22.544968267755724,0.4459568682086891,1.0628754215754224
22.561355969489327,0.457863069282792,1.0574380971012858
22.561355969489327,0.457863069282792,1.0574380971012858
22.561355969489327,0.457863069282792,1.0574380971012858
22.57579401254201,0.46835277958483407,1.0526476557004636
22.49397807567991,0.4611407285186091,1.0538278888204942
22.49397807567991,0.4611407285186091,1.0538278888204942
22.48481750816372,0.49122800722480586,1.0576083556162534
22.48481750816372,0.49122800722480586,1.0576083556162534
22.481764164112068,0.4602478100917048,1.0656059049799513
22.486157440797097,0.41429375662672696,1.066102346752738
22.486157440797097,0.41429375662672696,1.066102346752738
22.486157440797097,0.41429375662672696,1.066102346752738
22.486157440797097,0.41429375662672696,1.066102346752738
22.486157440797097,0.41429375662672696,1.066102346752738
22.486157440797097,0.41429375662672696,1.066102346752738
22.486157440797097,0.41429375662672696,1.066102346752738
22.51288330691002,0.2890579520875332,1.0594736787460775
22.53361828005722,0.2813120357410051,1.0738209644341081
22.53361828005722,0.2813120357410051,1.0738209644341081
22.53361828005722,0.2813120357410051,1.0738209644341081
22.53361828005722,0.2813120357410051,1.0738209644341081
22.510255600764935,0.29815289003543854,1.0902626224124627
22.510255600764935,0.29815289003543854,1.0902626224124627
22.510255600764935,0.29815289003543854,1.0902626224124627
22.510255600764935,0.29815289003543854,1.0902626224124627
22.510255600764935,0.29815289003543854,1.0902626224124627
22.510255600764935,0.29815289003543854,1.0902626224124627
22.510255600764935,0.29815289003543854,1.0902626224124627
22.510255600764935,0.29815289003543854,1.0902626224124627
22.516605873673207,0.24050328185242537,1.0830831467960476
22.516605873673207,0.24050328185242537,1.0830831467960476
22.514989588508957,0.2273913786993776,1.0788616433309566
22.521159077739025,0.15855570089366194,1.0552833664109211
22.521159077739025,0.15855570089366194,1.0552833664109211
22.521159077739025,0.15855570089366194,1.0552833664109211
22.51280023987545,0.15600253103508893,1.0697919673246188
22.51280023987545,0.15600253103508893,1.0697919673246188
22.51280023987545,0.15600253103508893,1.0697919673246188
22.51280023987545,0.15600253103508893,1.0697919673246188
22.51280023987545,0.15600253103508893,1.0697919673246188
22.508565778598108,0.15091960620930586,1.0654588756053582
22.508565778598108,0.15091960620930586,1.0654588756053582
22.55726093039975,0.10054254614623959,1.0574072927989973
22.58363784538782,0.051634927952153575,1.0534603547944628
22.58363784538782,0.051634927952153575,1.0534603547944628
22.642084431622855,0.02466720209790209,1.0584061230105983
22.642084431622855,0.02466720209790209,1.0584061230105983
22.642084431622855,0.02466720209790209,1.0584061230105983
22.642084431622855,0.02466720209790209,1.0584061230105983
22.642084431622855,0.02466720209790209,1.0584061230105983
22.642084431622855,0.02466720209790209,1.0584061230105983
22.616290298065294,0.020763288283816177,1.0470206584224941
22.616290298065294,0.020763288283816177,1.0470206584224941
32.44713794712429,0.5376562428648282,1.020788345558532
32.44713794712429,0.5376562428648282,1.020788345558532
32.44713794712429,0.5376562428648282,1.020788345558532
32.44713794712429,0.5376562428648282,1.020788345558532
27.401712527379424,0.5706364294779505,1.1006713377621962
27.401712527379424,0.5706364294779505,1.1006713377621962
17.970253908414563,0.48061781271903004,1.1024015660838695
17.970253908414563,0.48061781271903004,1.1024015660838695
17.970253908414563,0.48061781271903004,1.1024015660838695
17.970253908414563,0.48061781271903004,1.1024015660838695
17.970253908414563,0.48061781271903004,1.1024015660838695
17.970253908414563,0.48061781271903004,1.1024015660838695
17.970253908414563,0.48061781271903004,1.1024015660838695
17.970253908414563,0.48061781271903004,1.1024015660838695
17.970253908414563,0.48061781271903004,1.1024015660838695
17.970253908414563,0.48061781271903004,1.1024015660838695
13.86452217617648,0.548687172683228,1.078400075807777
13.86452217617648,0.548687172683228,1.078400075807777
14.086439951799782,0.5868332995568493,1.160626578647293
14.086439951799782,0.5868332995568493,1.160626578647293
14.086439951799782,0.5868332995568493,1.160626578647293
14.305821016616475,0.5889443207933844,1.1588202480493155
14.305821016616475,0.5889443207933844,1.1588202480493155
14.305821016616475,0.5889443207933844,1.1588202480493155
14.305821016616475,0.5889443207933844,1.1588202480493155
14.305821016616475,0.5889443207933844,1.1588202480493155
14.305821016616475,0.5889443207933844,1.1588202480493155
14.305821016616475,0.5889443207933844,1.1588202480493155
14.305821016616475,0.5889443207933844,1.1588202480493155
14.305821016616475,0.5889443207933844,1.1588202480493155
14.305821016616475,0.5889443207933844,1.1588202480493155
14.305821016616475,0.5889443207933844,1.1588202480493155
14.305821016616475,0.5889443207933844,1.1588202480493155
14.305821016616475,0.5889443207933844,1.1588202480493155
14.305821016616475,0.5889443207933844,1.1588202480493155
14.305821016616475,0.5889443207933844,1.1588202480493155
14.305821016616475,0.5889443207933844,1.1588202480493155
14.305821016616475,0.5889443207933844,1.1588202480493155
14.305821016616475,0.5889443207933844,1.1588202480493155
14.305821016616475,0.5889443207933844,1.1588202480493155
14.305821016616475,0.5889443207933844,1.1588202480493155
14.305821016616475,0.5889443207933844,1.1588202480493155
14.305821016616475,0.5889443207933844,1.1588202480493155
14.305821016616475,0.5889443207933844,1.1588202480493155
14.305821016616475,0.5889443207933844,1.1588202480493155
14.305821016616475,0.5889443207933844,1.1588202480493155
14.305821016616475,0.5889443207933844,1.1588202480493155
14.305821016616475,0.5889443207933844,1.1588202480493155
14.300204479182772,0.5868042778421908,1.1539975004538627
14.300204479182772,0.5868042778421908,1.1539975004538627
14.300204479182772,0.5868042778421908,1.1539975004538627
14.300204479182772,0.5868042778421908,1.1539975004538627
14.300204479182772,0.5868042778421908,1.1539975004538627
14.300204479182772,0.5868042778421908,1.1539975004538627
14.300204479182772,0.5868042778421908,1.1539975004538627
14.300204479182772,0.5868042778421908,1.1539975004538627
14.300204479182772,0.5868042778421908,1.1539975004538627
14.300204479182772,0.5868042778421908,1.1539975004538627
14.300204479182772,0.5868042778421908,1.1539975004538627
14.300204479182772,0.5868042778421908,1.1539975004538627
14.300204479182772,0.5868042778421908,1.1539975004538627
14.300204479182772,0.5868042778421908,1.1539975004538627
14.300204479182772,0.5868042778421908,1.1539975004538627
14.300204479182772,0.5868042778421908,1.1539975004538627
14.300204479182772,0.5868042778421908,1.1539975004538627
14.300204479182772,0.5868042778421908,1.1539975004538627
14.300204479182772,0.5868042778421908,1.1539975004538627
14.300204479182772,0.5868042778421908,1.1539975004538627
14.300204479182772,0.5868042778421908,1.1539975004538627
14.300204479182772,0.5868042778421908,1.1539975004538627
14.300204479182772,0.5868042778421908,1.1539975004538627
18.28634833553226,0.3353206172330195,1.0998196616328746
18.28634833553226,0.3353206172330195,1.0998196616328746
18.28634833553226,0.3353206172330195,1.0998196616328746
18.320476347111462,0.3330881168667597,1.0988106862543132
18.320476347111462,0.3330881168667597,1.0988106862543132
18.320476347111462,0.3330881168667597,1.0988106862543132
18.320476347111462,0.3330881168667597,1.0988106862543132
18.393498484324972,0.32948307922014886,1.0979698250789587
18.393498484324972,0.32948307922014886,1.0979698250789587
18.393498484324972,0.32948307922014886,1.0979698250789587
18.373696385303056,0.37465464509141444,1.0867386801340602
18.373696385303056,0.37465464509141444,1.0867386801340602
18.373696385303056,0.37465464509141444,1.0867386801340602
18.373696385303056,0.37465464509141444,1.0867386801340602
18.373696385303056,0.37465464509141444,1.0867386801340602
18.373696385303056,0.37465464509141444,1.0867386801340602
18.373696385303056,0.37465464509141444,1.0867386801340602
18.373696385303056,0.37465464509141444,1.0867386801340602
18.373696385303056,0.37465464509141444,1.0867386801340602
18.373696385303056,0.37465464509141444,1.0867386801340602
18.373696385303056,0.37465464509141444,1.0867386801340602
18.373696385303056,0.37465464509141444,1.0867386801340602
18.373696385303056,0.37465464509141444,1.0867386801340602
18.373696385303056,0.37465464509141444,1.0867386801340602
18.373696385303056,0.37465464509141444,1.0867386801340602
18.373696385303056,0.37465464509141444,1.0867386801340602
18.373696385303056,0.37465464509141444,1.0867386801340602
18.373696385303056,0.37465464509141444,1.0867386801340602
18.373696385303056,0.37465464509141444,1.0867386801340602
18.373696385303056,0.37465464509141444,1.0867386801340602
18.373696385303056,0.37465464509141444,1.0867386801340602
18.373696385303056,0.37465464509141444,1.0867386801340602
23.51018600116584,0.38805786415089705,1.1027795762935615
23.301961452885877,0.3393417410993549,1.0921908578309252
23.301961452885877,0.3393417410993549,1.0921908578309252
23.301961452885877,0.3393417410993549,1.0921908578309252
23.301961452885877,0.3393417410993549,1.0921908578309252
23.301961452885877,0.3393417410993549,1.0921908578309252
23.301961452885877,0.3393417410993549,1.0921908578309252
23.301961452885877,0.3393417410993549,1.0921908578309252
23.301961452885877,0.3393417410993549,1.0921908578309252
23.301961452885877,0.3393417410993549,1.0921908578309252
23.398813242760973,0.36992660357753954,1.0971971028062932
23.38349797414778,0.366447478957037,1.0959190566301709
23.391945656633624,0.35971168661103836,1.0978247033479271
23.391945656633624,0.35971168661103836,1.0978247033479271
23.391945656633624,0.35971168661103836,1.0978247033479271
23.391945656633624,0.35971168661103836,1.0978247033479271
23.391945656633624,0.35971168661103836,1.0978247033479271
24.535518104354534,0.36756468799014996,1.061912258354306
24.535518104354534,0.36756468799014996,1.061912258354306
24.535518104354534,0.36756468799014996,1.061912258354306
23.826932700444956,0.3530909401144342,1.058883869616057
23.778559320872034,0.35763799973456745,1.0589203197682195
23.778559320872034,0.35763799973456745,1.0589203197682195
23.196789409833645,0.42421040249733566,1.083361070668789
22.87119326227518,0.5557471484569703,1.0535435925562369
22.87119326227518,0.5557471484569703,1.0535435925562369
22.87119326227518,0.5557471484569703,1.0535435925562369
22.87119326227518,0.5557471484569703,1.0535435925562369
22.87119326227518,0.5557471484569703,1.0535435925562369
23.346804244086524,0.4363491021335199,1.0640807246656367
23.346804244086524,0.4363491021335199,1.0640807246656367
23.346804244086524,0.4363491021335199,1.0640807246656367
23.346804244086524,0.4363491021335199,1.0640807246656367
23.346804244086524,0.4363491021335199,1.0640807246656367
23.3804395550366,0.42654121864812516,1.065222437714453
23.3804395550366,0.42654121864812516,1.065222437714453
23.3804395550366,0.42654121864812516,1.065222437714453
23.3804395550366,0.42654121864812516,1.065222437714453
23.3804395550366,0.42654121864812516,1.065222437714453
23.3804395550366,0.42654121864812516,1.065222437714453
23.3804395550366,0.42654121864812516,1.065222437714453
23.3804395550366,0.42654121864812516,1.065222437714453
23.327757926991996,0.4381115325044438,1.0656014129154845
23.327757926991996,0.4381115325044438,1.0656014129154845
23.327757926991996,0.4381115325044438,1.0656014129154845
23.327757926991996,0.4381115325044438,1.0656014129154845
23.327757926991996,0.4381115325044438,1.0656014129154845
23.327757926991996,0.4381115325044438,1.0656014129154845
23.327757926991996,0.4381115325044438,1.0656014129154845
23.327757926991996,0.4381115325044438,1.0656014129154845
23.327757926991996,0.4381115325044438,1.0656014129154845
23.327757926991996,0.4381115325044438,1.0656014129154845
23.327757926991996,0.4381115325044438,1.0656014129154845
23.327757926991996,0.4381115325044438,1.0656014129154845
23.327757926991996,0.4381115325044438,1.0656014129154845
22.41044349085401,0.5095299667770674,1.06633502013926
22.41044349085401,0.5095299667770674,1.06633502013926
22.41044349085401,0.5095299667770674,1.06633502013926
22.41044349085401,0.5095299667770674,1.06633502013926
22.411275920061517,0.5091178475199136,1.0662261181538184
22.411275920061517,0.5091178475199136,1.0662261181538184
22.411275920061517,0.5091178475199136,1.0662261181538184
22.411275920061517,0.5091178475199136,1.0662261181538184
22.411275920061517,0.5091178475199136,1.0662261181538184
22.411275920061517,0.5091178475199136,1.0662261181538184
22.411275920061517,0.5091178475199136,1.0662261181538184
22.411275920061517,0.5091178475199136,1.0662261181538184
22.411275920061517,0.5091178475199136,1.0662261181538184
22.411275920061517,0.5091178475199136,1.0662261181538184
22.411275920061517,0.5091178475199136,1.0662261181538184
22.447714216902803,0.436505443810302,1.0662558702286222
22.447714216902803,0.436505443810302,1.0662558702286222
22.455114646702413,0.4289494666055815,1.0509950054344757
22.455114646702413,0.4289494666055815,1.0509950054344757
22.455114646702413,0.4289494666055815,1.0509950054344757
22.455114646702413,0.4289494666055815,1.0509950054344757
22.457641471251375,0.4285494751584283,1.05043152941172
22.457641471251375,0.4285494751584283,1.05043152941172
22.457641471251375,0.4285494751584283,1.05043152941172
22.457641471251375,0.4285494751584283,1.05043152941172
22.457641471251375,0.4285494751584283,1.05043152941172
22.457641471251375,0.4285494751584283,1.05043152941172
22.4524910257899,0.43158959553430676,1.0460389234852285
22.4524910257899,0.43158959553430676,1.0460389234852285
22.4524910257899,0.43158959553430676,1.0460389234852285
22.492064115661535,0.3218645426718866,1.0395941449781165
22.492064115661535,0.3218645426718866,1.0395941449781165
22.492064115661535,0.3218645426718866,1.0395941449781165
22.493755296400256,0.30598991257020847,1.0390465311635348
22.493755296400256,0.30598991257020847,1.0390465311635348
22.493755296400256,0.30598991257020847,1.0390465311635348
22.493755296400256,0.30598991257020847,1.0390465311635348
22.520711689548378,0.3285074138588058,1.027197356516404
22.520711689548378,0.3285074138588058,1.027197356516404
22.519162000451345,0.34359646934824273,1.0291403524908065
22.519162000451345,0.34359646934824273,1.0291403524908065
22.520119066646902,0.30891947470005904,1.0220581904502042
22.520119066646902,0.30891947470005904,1.0220581904502042
22.519997397699896,0.31545717139271423,1.0208389900508008
22.519997397699896,0.31545717139271423,1.0208389900508008
22.511570432508684,0.31625667636956656,1.0185286047179694
22.511570432508684,0.31625667636956656,1.0185286047179694
22.524462346287617,0.2469116773842986,1.0328504122463948
22.524462346287617,0.2469116773842986,1.0328504122463948
22.524462346287617,0.2469116773842986,1.0328504122463948
22.524462346287617,0.2469116773842986,1.0328504122463948
22.511855324429412,0.21530898297751577,1.0324493038318387
22.321501766386167,0.11577581626005287,1.067091868605517
22.382885589335146,0.1510391475716578,1.0690814941458875
22.382885589335146,0.1510391475716578,1.0690814941458875
22.382885589335146,0.1510391475716578,1.0690814941458875
22.382885589335146,0.1510391475716578,1.0690814941458875
22.388145738564493,0.15231509572814503,1.066448125851693
22.388145738564493,0.15231509572814503,1.066448125851693
22.388145738564493,0.15231509572814503,1.066448125851693
22.388145738564493,0.15231509572814503,1.066448125851693
22.388145738564493,0.15231509572814503,1.066448125851693
22.456884538691966,0.11060895073919437,1.0572712561515079
22.456884538691966,0.11060895073919437,1.0572712561515079
22.456884538691966,0.11060895073919437,1.0572712561515079
22.456884538691966,0.11060895073919437,1.0572712561515079
22.456884538691966,0.11060895073919437,1.0572712561515079
22.456884538691966,0.11060895073919437,1.0572712561515079
22.455340133500172,0.10971843426648409,1.0577941791022298
22.455340133500172,0.10971843426648409,1.0577941791022298
22.455340133500172,0.10971843426648409,1.0577941791022298
22.455340133500172,0.10971843426648409,1.0577941791022298
22.476904020467785,0.13792660710267943,1.0531228772867967
22.476904020467785,0.13792660710267943,1.0531228772867967
22.476904020467785,0.13792660710267943,1.0531228772867967
22.476904020467785,0.13792660710267943,1.0531228772867967
22.476904020467785,0.13792660710267943,1.0531228772867967
22.494654763456307,0.1496322161525177,1.0611774739136206
22.509972024643982,0.12723604535947836,1.056553328289591
22.533120757800457,0.1247911485294734,1.0534083653915731
22.52280072460425,0.133309279180404,1.044744185639241
22.52280072460425,0.133309279180404,1.044744185639241
22.789378097544084,0.4706916330749354,1.090588073530465
22.789378097544084,0.4706916330749354,1.090588073530465
22.789378097544084,0.4706916330749354,1.090588073530465
22.789378097544084,0.4706916330749354,1.090588073530465
22.789378097544084,0.4706916330749354,1.090588073530465
22.779526885918177,0.4696587261935246,1.0872829755991598
22.779526885918177,0.4696587261935246,1.0872829755991598
22.779526885918177,0.4696587261935246,1.0872829755991598
22.69506930259783,0.48051659069640895,1.0125294123160535
22.69506930259783,0.48051659069640895,1.0125294123160535
22.69506930259783,0.48051659069640895,1.0125294123160535
22.69506930259783,0.48051659069640895,1.0125294123160535
22.69506930259783,0.48051659069640895,1.0125294123160535
22.69506930259783,0.48051659069640895,1.0125294123160535
22.69506930259783,0.48051659069640895,1.0125294123160535
22.69506930259783,0.48051659069640895,1.0125294123160535
22.69506930259783,0.48051659069640895,1.0125294123160535
22.479805420372067,0.47081624704604086,1.0270113372909195
22.479805420372067,0.47081624704604086,1.0270113372909195
22.479805420372067,0.47081624704604086,1.0270113372909195
22.479805420372067,0.47081624704604086,1.0270113372909195
22.479805420372067,0.47081624704604086,1.0270113372909195
22.479805420372067,0.47081624704604086,1.0270113372909195
22.479805420372067,0.47081624704604086,1.0270113372909195
22.479805420372067,0.47081624704604086,1.0270113372909195
22.479805420372067,0.47081624704604086,1.0270113372909195
22.479805420372067,0.47081624704604086,1.0270113372909195
22.479805420372067,0.47081624704604086,1.0270113372909195
22.479805420372067,0.47081624704604086,1.0270113372909195
22.479805420372067,0.47081624704604086,1.0270113372909195
22.490996982229532,0.45492346521597016,1.025074557093184
22.490996982229532,0.45492346521597016,1.025074557093184
22.52746757239242,0.4926648525005378,1.0344638974626694
22.52746757239242,0.4926648525005378,1.0344638974626694
22.52746757239242,0.4926648525005378,1.0344638974626694
22.52746757239242,0.4926648525005378,1.0344638974626694
22.586870815337498,0.4704816208503397,1.024400450228429
22.586870815337498,0.4704816208503397,1.024400450228429
22.586870815337498,0.4704816208503397,1.024400450228429
22.586870815337498,0.4704816208503397,1.024400450228429
22.586870815337498,0.4704816208503397,1.024400450228429
22.586870815337498,0.4704816208503397,1.024400450228429
22.54213058732293,0.4212695352677306,1.0235418342920466
22.54213058732293,0.4212695352677306,1.0235418342920466
22.54213058732293,0.4212695352677306,1.0235418342920466
22.54213058732293,0.4212695352677306,1.0235418342920466
22.54213058732293,0.4212695352677306,1.0235418342920466
22.539129821008537,0.40441140404197984,1.0379124762895744
22.539129821008537,0.40441140404197984,1.0379124762895744
22.539129821008537,0.40441140404197984,1.0379124762895744
22.539129821008537,0.40441140404197984,1.0379124762895744
22.539129821008537,0.40441140404197984,1.0379124762895744
22.504809662829302,0.3977752087354692,1.0426626117318731
22.504809662829302,0.3977752087354692,1.0426626117318731
22.506975015193635,0.38580626774939714,1.0697005331560425
22.484181063008823,0.3528505776891795,1.096308211476555
22.484181063008823,0.3528505776891795,1.096308211476555
22.473288423453496,0.34398601155224295,1.0955440276459194
22.473288423453496,0.34398601155224295,1.0955440276459194
22.473288423453496,0.34398601155224295,1.0955440276459194
22.473288423453496,0.34398601155224295,1.0955440276459194
22.473288423453496,0.34398601155224295,1.0955440276459194
22.48108433752078,0.35067534520817184,1.0867748002122912
22.48108433752078,0.35067534520817184,1.0867748002122912
22.48108433752078,0.35067534520817184,1.0867748002122912
22.48108433752078,0.35067534520817184,1.0867748002122912
22.48108433752078,0.35067534520817184,1.0867748002122912
22.48108433752078,0.35067534520817184,1.0867748002122912
22.475223127360422,0.34465962538507194,1.0849742196712928
22.475223127360422,0.34465962538507194,1.0849742196712928
22.475223127360422,0.34465962538507194,1.0849742196712928
22.475223127360422,0.34465962538507194,1.0849742196712928
22.475223127360422,0.34465962538507194,1.0849742196712928
22.473063758724685,0.3447654218672965,1.0888727328721217
22.470800477089387,0.34900676436524725,1.0943228221333339
22.470800477089387,0.34900676436524725,1.0943228221333339
22.470800477089387,0.34900676436524725,1.0943228221333339
22.470800477089387,0.34900676436524725,1.0943228221333339
22.487718892619093,0.3312359781255996,1.0719741342010907
22.487718892619093,0.3312359781255996,1.0719741342010907
22.480239433533356,0.3303677431953843,1.074394254244402
22.480239433533356,0.3303677431953843,1.074394254244402
22.469370166194942,0.2741516506880172,1.0694418738007518
22.469370166194942,0.2741516506880172,1.0694418738007518
22.469370166194942,0.2741516506880172,1.0694418738007518
22.469370166194942,0.2741516506880172,1.0694418738007518
22.469370166194942,0.2741516506880172,1.0694418738007518
22.469370166194942,0.2741516506880172,1.0694418738007518
22.532956872831825,0.1680006567178044,1.0409337386180366
22.532956872831825,0.1680006567178044,1.0409337386180366
22.540088463726452,0.2155931762968012,1.0604234644459196
22.50012856996505,0.15945106608562712,1.0537902594307762
22.50012856996505,0.15945106608562712,1.0537902594307762
22.505232968288254,0.1255901300365981,1.0474622078893803
22.503696832233526,0.13578036234571134,1.0493665945601296
22.503696832233526,0.13578036234571134,1.0493665945601296
22.503696832233526,0.13578036234571134,1.0493665945601296
22.503696832233526,0.13578036234571134,1.0493665945601296
22.503696832233526,0.13578036234571134,1.0493665945601296
22.503696832233526,0.13578036234571134,1.0493665945601296
22.503696832233526,0.13578036234571134,1.0493665945601296
22.503696832233526,0.13578036234571134,1.0493665945601296
22.503696832233526,0.13578036234571134,1.0493665945601296
22.49547531639312,0.1313595757618485,1.0507548687840549
22.49432550893204,0.11822917125577295,1.0529610709505657
22.49432550893204,0.11822917125577295,1.0529610709505657
22.50197583584448,0.12046526620279925,1.0508662729593257
22.495655361895267,0.10540435512449645,1.0455853836856472
22.484342148908674,0.10661496704751505,1.0490114018022736
22.484342148908674,0.10661496704751505,1.0490114018022736
22.48693742530294,0.12295079716888502,1.0486887857013825
22.48693742530294,0.12295079716888502,1.0486887857013825
22.48693742530294,0.12295079716888502,1.0486887857013825
22.48693742530294,0.12295079716888502,1.0486887857013825
22.50119783733727,0.12819595169132939,1.0491873325539196
22.468342972185773,0.11611152915719516,1.048038719907077
22.47386830996264,0.11717926719451215,1.0469009881660198
22.47386830996264,0.11717926719451215,1.0469009881660198
22.479279599688613,0.09095583807673391,1.0525270377118083
22.48781183052805,0.12164614544070207,1.0323583169498987
77.41475379849777,0.9883263349425956,1.483561384770422
77.41475379849777,0.9883263349425956,1.483561384770422
77.41475379849777,0.9883263349425956,1.483561384770422
77.42543437716158,0.9777212979429959,1.4923376388561007
77.42543437716158,0.9777212979429959,1.4923376388561007
77.42543437716158,0.9777212979429959,1.4923376388561007
77.42543437716158,0.9777212979429959,1.4923376388561007
77.42543437716158,0.9777212979429959,1.4923376388561007
77.42543437716158,0.9777212979429959,1.4923376388561007
77.42543437716158,0.9777212979429959,1.4923376388561007
77.42543437716158,0.9777212979429959,1.4923376388561007
77.42543437716158,0.9777212979429959,1.4923376388561007
77.42543437716158,0.9777212979429959,1.4923376388561007
77.42543437716158,0.9777212979429959,1.4923376388561007
77.42543437716158,0.9777212979429959,1.4923376388561007
77.42543437716158,0.9777212979429959,1.4923376388561007
77.42543437716158,0.9777212979429959,1.4923376388561007
77.42543437716158,0.9777212979429959,1.4923376388561007
77.42543437716158,0.9777212979429959,1.4923376388561007
77.42543437716158,0.9777212979429959,1.4923376388561007
77.42543437716158,0.9777212979429959,1.4923376388561007
77.4007458848945,1.0231407840083118,1.542545780238813
77.4007458848945,1.0231407840083118,1.542545780238813
77.4007458848945,1.0231407840083118,1.542545780238813
77.4007458848945,1.0231407840083118,1.542545780238813
77.4007458848945,1.0231407840083118,1.542545780238813
77.4007458848945,1.0231407840083118,1.542545780238813
77.4007458848945,1.0231407840083118,1.542545780238813
77.4007458848945,1.0231407840083118,1.542545780238813
77.4007458848945,1.0231407840083118,1.542545780238813
77.4007458848945,1.0231407840083118,1.542545780238813
77.4007458848945,1.0231407840083118,1.542545780238813
77.4007458848945,1.0231407840083118,1.542545780238813
77.4007458848945,1.0231407840083118,1.542545780238813
77.41257442360414,0.9844793056832988,1.3914053731180633
77.41257442360414,0.9844793056832988,1.3914053731180633
77.41257442360414,0.9844793056832988,1.3914053731180633
77.41257442360414,0.9844793056832988,1.3914053731180633
77.41257442360414,0.9844793056832988,1.3914053731180633
77.41257442360414,0.9844793056832988,1.3914053731180633
77.41257442360414,0.9844793056832988,1.3914053731180633
77.41257442360414,0.9844793056832988,1.3914053731180633
77.41257442360414,0.9844793056832988,1.3914053731180633
77.41257442360414,0.9844793056832988,1.3914053731180633
77.41257442360414,0.9844793056832988,1.3914053731180633
77.41257442360414,0.9844793056832988,1.3914053731180633
77.41257442360414,0.9844793056832988,1.3914053731180633
77.41257442360414,0.9844793056832988,1.3914053731180633
77.41257442360414,0.9844793056832988,1.3914053731180633
77.41257442360414,0.9844793056832988,1.3914053731180633
77.41257442360414,0.9844793056832988,1.3914053731180633
77.41257442360414,0.9844793056832988,1.3914053731180633
77.41257442360414,0.9844793056832988,1.3914053731180633
77.41257442360414,0.9844793056832988,1.3914053731180633
77.41257442360414,0.9844793056832988,1.3914053731180633
77.41257442360414,0.9844793056832988,1.3914053731180633
77.41257442360414,0.9844793056832988,1.3914053731180633
77.41257442360414,0.9844793056832988,1.3914053731180633
77.41257442360414,0.9844793056832988,1.3914053731180633
77.41257442360414,0.9844793056832988,1.3914053731180633
77.41257442360414,0.9844793056832988,1.3914053731180633
77.41257442360414,0.9844793056832988,1.3914053731180633
77.41257442360414,0.9844793056832988,1.3914053731180633
77.41257442360414,0.9844793056832988,1.3914053731180633
77.41257442360414,0.9844793056832988,1.3914053731180633
77.41257442360414,0.9844793056832988,1.3914053731180633
77.41257442360414,0.9844793056832988,1.3914053731180633
77.41257442360414,0.9844793056832988,1.3914053731180633
77.41257442360414,0.9844793056832988,1.3914053731180633
77.41257442360414,0.9844793056832988,1.3914053731180633
77.41257442360414,0.9844793056832988,1.3914053731180633
77.41257442360414,0.9844793056832988,1.3914053731180633
77.41257442360414,0.9844793056832988,1.3914053731180633
77.41257442360414,0.9844793056832988,1.3914053731180633
77.41257442360414,0.9844793056832988,1.3914053731180633
77.41257442360414,0.9844793056832988,1.3914053731180633
77.41257442360414,0.9844793056832988,1.3914053731180633
77.41257442360414,0.9844793056832988,1.3914053731180633
77.41257442360414,0.9844793056832988,1.3914053731180633
77.41257442360414,0.9844793056832988,1.3914053731180633
77.41257442360414,0.9844793056832988,1.3914053731180633
77.41257442360414,0.9844793056832988,1.3914053731180633
77.41257442360414,0.9844793056832988,1.3914053731180633
77.41257442360414,0.9844793056832988,1.3914053731180633
77.41257442360414,0.9844793056832988,1.3914053731180633
77.41257442360414,0.9844793056832988,1.3914053731180633
77.41257442360414,0.9844793056832988,1.3914053731180633
77.41257442360414,0.9844793056832988,1.3914053731180633
77.41257442360414,0.9844793056832988,1.3914053731180633
77.41257442360414,0.9844793056832988,1.3914053731180633
77.41257442360414,0.9844793056832988,1.3914053731180633
77.41257442360414,0.9844793056832988,1.3914053731180633
77.41257442360414,0.9844793056832988,1.3914053731180633
77.41257442360414,0.9844793056832988,1.3914053731180633
77.41257442360414,0.9844793056832988,1.3914053731180633
77.41257442360414,0.9844793056832988,1.3914053731180633
77.41257442360414,0.9844793056832988,1.3914053731180633
77.41257442360414,0.9844793056832988,1.3914053731180633
77.41257442360414,0.9844793056832988,1.3914053731180633
77.41257442360414,0.9844793056832988,1.3914053731180633
77.41257442360414,0.9844793056832988,1.3914053731180633
77.41257442360414,0.9844793056832988,1.3914053731180633
77.41257442360414,0.9844793056832988,1.3914053731180633
77.41257442360414,0.9844793056832988,1.3914053731180633
77.41257442360414,0.9844793056832988,1.3914053731180633
77.41257442360414,0.9844793056832988,1.3914053731180633
77.41257442360414,0.9844793056832988,1.3914053731180633
77.41257442360414,0.9844793056832988,1.3914053731180633
77.41257442360414,0.9844793056832988,1.3914053731180633
77.41257442360414,0.9844793056832988,1.3914053731180633
77.41257442360414,0.9844793056832988,1.3914053731180633
77.41257442360414,0.9844793056832988,1.3914053731180633
77.41257442360414,0.9844793056832988,1.3914053731180633
77.41257442360414,0.9844793056832988,1.3914053731180633
77.41257442360414,0.9844793056832988,1.3914053731180633
77.41257442360414,0.9844793056832988,1.3914053731180633
77.41257442360414,0.9844793056832988,1.3914053731180633
77.41257442360414,0.9844793056832988,1.3914053731180633
77.41257442360414,0.9844793056832988,1.3914053731180633
77.41257442360414,0.9844793056832988,1.3914053731180633
108.60847951803444,0.58828185385653,1.4018530852524944
108.60847951803444,0.58828185385653,1.4018530852524944
108.60847951803444,0.58828185385653,1.4018530852524944
108.60847951803444,0.58828185385653,1.4018530852524944
108.60847951803444,0.58828185385653,1.4018530852524944
108.60847951803444,0.58828185385653,1.4018530852524944
108.60847951803444,0.58828185385653,1.4018530852524944
108.60847951803444,0.58828185385653,1.4018530852524944
108.60847951803444,0.58828185385653,1.4018530852524944
108.60847951803444,0.58828185385653,1.4018530852524944
108.60847951803444,0.58828185385653,1.4018530852524944
108.60847951803444,0.58828185385653,1.4018530852524944
108.60847951803444,0.58828185385653,1.4018530852524944
108.60847951803444,0.58828185385653,1.4018530852524944
108.60847951803444,0.58828185385653,1.4018530852524944
108.60847951803444,0.58828185385653,1.4018530852524944
108.4684046866993,0.5919825506738016,1.4020784991656423
108.4684046866993,0.5919825506738016,1.4020784991656423
79.47054533866563,0.557060121917415,1.2960126285420743
79.47054533866563,0.557060121917415,1.2960126285420743
79.47054533866563,0.557060121917415,1.2960126285420743
79.47054533866563,0.557060121917415,1.2960126285420743
79.47054533866563,0.557060121917415,1.2960126285420743
79.47054533866563,0.557060121917415,1.2960126285420743
79.47054533866563,0.557060121917415,1.2960126285420743
79.47054533866563,0.557060121917415,1.2960126285420743
79.47054533866563,0.557060121917415,1.2960126285420743
79.47054533866563,0.557060121917415,1.2960126285420743
79.49248008974973,0.5571009590597222,1.2961167406549818
79.49248008974973,0.5571009590597222,1.2961167406549818
79.49248008974973,0.5571009590597222,1.2961167406549818
79.49248008974973,0.5571009590597222,1.2961167406549818
79.49248008974973,0.5571009590597222,1.2961167406549818
79.49248008974973,0.5571009590597222,1.2961167406549818
79.49248008974973,0.5571009590597222,1.2961167406549818
79.49248008974973,0.5571009590597222,1.2961167406549818
76.54579618504908,0.5478084524593846,1.2844839800129444
76.54579618504908,0.5478084524593846,1.2844839800129444
76.54579618504908,0.5478084524593846,1.2844839800129444
76.54579618504908,0.5478084524593846,1.2844839800129444
76.54579618504908,0.5478084524593846,1.2844839800129444
76.54579618504908,0.5478084524593846,1.2844839800129444
76.54579618504908,0.5478084524593846,1.2844839800129444
76.54579618504908,0.5478084524593846,1.2844839800129444
76.54579618504908,0.5478084524593846,1.2844839800129444
76.54579618504908,0.5478084524593846,1.2844839800129444
76.54579618504908,0.5478084524593846,1.2844839800129444
76.54579618504908,0.5478084524593846,1.2844839800129444
76.54579618504908,0.5478084524593846,1.2844839800129444
76.54579618504908,0.5478084524593846,1.2844839800129444
76.54579618504908,0.5478084524593846,1.2844839800129444
76.54579618504908,0.5478084524593846,1.2844839800129444
76.54579618504908,0.5478084524593846,1.2844839800129444
76.54579618504908,0.5478084524593846,1.2844839800129444
76.54579618504908,0.5478084524593846,1.2844839800129444
76.54579618504908,0.5478084524593846,1.2844839800129444
76.54579618504908,0.5478084524593846,1.2844839800129444
76.54579618504908,0.5478084524593846,1.2844839800129444
76.54579618504908,0.5478084524593846,1.2844839800129444
76.54579618504908,0.5478084524593846,1.2844839800129444
76.54579618504908,0.5478084524593846,1.2844839800129444
76.54579618504908,0.5478084524593846,1.2844839800129444
76.54579618504908,0.5478084524593846,1.2844839800129444
76.54579618504908,0.5478084524593846,1.2844839800129444
76.54579618504908,0.5478084524593846,1.2844839800129444
76.54579618504908,0.5478084524593846,1.2844839800129444
76.54579618504908,0.5478084524593846,1.2844839800129444
76.54579618504908,0.5478084524593846,1.2844839800129444
76.54579618504908,0.5478084524593846,1.2844839800129444
76.54579618504908,0.5478084524593846,1.2844839800129444
76.54579618504908,0.5478084524593846,1.2844839800129444
76.54579618504908,0.5478084524593846,1.2844839800129444
76.54579618504908,0.5478084524593846,1.2844839800129444
76.54579618504908,0.5478084524593846,1.2844839800129444
76.54579618504908,0.5478084524593846,1.2844839800129444
76.54579618504908,0.5478084524593846,1.2844839800129444
76.54579618504908,0.5478084524593846,1.2844839800129444
76.54579618504908,0.5478084524593846,1.2844839800129444
76.54579618504908,0.5478084524593846,1.2844839800129444
76.54579618504908,0.5478084524593846,1.2844839800129444
76.54579618504908,0.5478084524593846,1.2844839800129444
76.54579618504908,0.5478084524593846,1.2844839800129444
76.54579618504908,0.5478084524593846,1.2844839800129444
76.54579618504908,0.5478084524593846,1.2844839800129444
76.54579618504908,0.5478084524593846,1.2844839800129444
76.54579618504908,0.5478084524593846,1.2844839800129444
76.54579618504908,0.5478084524593846,1.2844839800129444
76.54579618504908,0.5478084524593846,1.2844839800129444
76.54579618504908,0.5478084524593846,1.2844839800129444
76.54579618504908,0.5478084524593846,1.2844839800129444
76.54579618504908,0.5478084524593846,1.2844839800129444
76.54579618504908,0.5478084524593846,1.2844839800129444
51.57390238841094,0.38648041240945985,1.1756646737819887
51.57390238841094,0.38648041240945985,1.1756646737819887
51.57390238841094,0.38648041240945985,1.1756646737819887
40.20759056870762,0.27265015662858366,1.1217723951677676
40.20759056870762,0.27265015662858366,1.1217723951677676
40.20759056870762,0.27265015662858366,1.1217723951677676
29.85697340506855,0.3268622556299486,1.1026324774642935
29.85697340506855,0.3268622556299486,1.1026324774642935
29.85697340506855,0.3268622556299486,1.1026324774642935
29.85697340506855,0.3268622556299486,1.1026324774642935
29.85697340506855,0.3268622556299486,1.1026324774642935
26.738712929748395,0.33994793104388044,1.1045440354580889
26.738712929748395,0.33994793104388044,1.1045440354580889
26.738712929748395,0.33994793104388044,1.1045440354580889
26.48626386987663,0.32856992444648825,1.102299436862185
26.48626386987663,0.32856992444648825,1.102299436862185
26.48626386987663,0.32856992444648825,1.102299436862185
26.48626386987663,0.32856992444648825,1.102299436862185
26.48626386987663,0.32856992444648825,1.102299436862185
26.48626386987663,0.32856992444648825,1.102299436862185
25.35660924187841,0.2462373491239972,1.0824066999848792
25.35660924187841,0.2462373491239972,1.0824066999848792
25.35660924187841,0.2462373491239972,1.0824066999848792
25.35660924187841,0.2462373491239972,1.0824066999848792
25.35660924187841,0.2462373491239972,1.0824066999848792
23.33351110921343,0.24943261565883623,1.0502101709642764
23.33351110921343,0.24943261565883623,1.0502101709642764
23.33351110921343,0.24943261565883623,1.0502101709642764
22.323637257219644,0.6975444397386418,1.0388894587319775
22.323637257219644,0.6975444397386418,1.0388894587319775
22.329606665241155,0.6917078055354865,1.0415447747411102
22.329606665241155,0.6917078055354865,1.0415447747411102
22.329606665241155,0.6917078055354865,1.0415447747411102
22.329606665241155,0.6917078055354865,1.0415447747411102
22.329606665241155,0.6917078055354865,1.0415447747411102
22.329606665241155,0.6917078055354865,1.0415447747411102
22.329606665241155,0.6917078055354865,1.0415447747411102
22.329606665241155,0.6917078055354865,1.0415447747411102
22.329606665241155,0.6917078055354865,1.0415447747411102
22.329606665241155,0.6917078055354865,1.0415447747411102
22.32037397071133,0.7592796909824205,1.0133489238441458
22.32037397071133,0.7592796909824205,1.0133489238441458
22.32037397071133,0.7592796909824205,1.0133489238441458
22.32037397071133,0.7592796909824205,1.0133489238441458
22.386220007157153,0.7164505195901489,1.0314747660224284
22.43996656766627,0.7293671119825168,1.0403604233177606
22.43996656766627,0.7293671119825168,1.0403604233177606
22.43996656766627,0.7293671119825168,1.0403604233177606
22.42306863332852,0.6735510899264658,1.0511921337078702
22.42306863332852,0.6735510899264658,1.0511921337078702
22.42306863332852,0.6735510899264658,1.0511921337078702
22.42306863332852,0.6735510899264658,1.0511921337078702
22.43074279816942,0.6567313063264277,1.0490799312350692
22.43074279816942,0.6567313063264277,1.0490799312350692
22.46785126236272,0.6338745118000955,1.0324727604483808
22.46664565462051,0.6346171005609647,1.033012306724733
22.46664565462051,0.6346171005609647,1.033012306724733
22.46664565462051,0.6346171005609647,1.033012306724733
22.46664565462051,0.6346171005609647,1.033012306724733
22.46664565462051,0.6346171005609647,1.033012306724733
22.46664565462051,0.6346171005609647,1.033012306724733
22.46664565462051,0.6346171005609647,1.033012306724733
22.46664565462051,0.6346171005609647,1.033012306724733
22.46664565462051,0.6346171005609647,1.033012306724733
22.451654188637896,0.5552362307935037,1.028913404522243
22.451654188637896,0.5552362307935037,1.028913404522243
22.46826911522342,0.5526136156563028,1.024175548729795
22.46826911522342,0.5526136156563028,1.024175548729795
22.46826911522342,0.5526136156563028,1.024175548729795
22.46826911522342,0.5526136156563028,1.024175548729795
22.46826911522342,0.5526136156563028,1.024175548729795
22.505017911727027,0.46163897422884337,1.0599296872539627
22.516304419059743,0.470715659269228,1.0891910772629116
22.516304419059743,0.470715659269228,1.0891910772629116
22.516304419059743,0.470715659269228,1.0891910772629116
22.516304419059743,0.470715659269228,1.0891910772629116
22.5230224880428,0.48003984833478774,1.0883246316635269
22.5230224880428,0.48003984833478774,1.0883246316635269
22.5230224880428,0.48003984833478774,1.0883246316635269
22.5230224880428,0.48003984833478774,1.0883246316635269
22.521362731268923,0.4723746697383266,1.0913621359743864
22.500257985575264,0.4714953795265513,1.0923786128166277
22.500257985575264,0.4714953795265513,1.0923786128166277
22.500257985575264,0.4714953795265513,1.0923786128166277
22.500257985575264,0.4714953795265513,1.0923786128166277
22.500257985575264,0.4714953795265513,1.0923786128166277
22.500257985575264,0.4714953795265513,1.0923786128166277
22.500257985575264,0.4714953795265513,1.0923786128166277
22.500257985575264,0.4714953795265513,1.0923786128166277
22.500257985575264,0.4714953795265513,1.0923786128166277
22.500257985575264,0.4714953795265513,1.0923786128166277
22.500257985575264,0.4714953795265513,1.0923786128166277
22.507457413641482,0.4427825254159082,1.0751369582644608
22.507457413641482,0.4427825254159082,1.0751369582644608
22.511539005377408,0.41836265192818783,1.0759841234434169
22.511539005377408,0.41836265192818783,1.0759841234434169
22.511539005377408,0.41836265192818783,1.0759841234434169
22.495110774156167,0.3640004583768227,1.0628109973769155
22.495110774156167,0.3640004583768227,1.0628109973769155
22.455009485952203,0.24532214662904506,1.0642808125665366
22.447999956495703,0.21986729258190035,1.0532401280905368
22.447999956495703,0.21986729258190035,1.0532401280905368
22.447999956495703,0.21986729258190035,1.0532401280905368
22.447999956495703,0.21986729258190035,1.0532401280905368
22.447999956495703,0.21986729258190035,1.0532401280905368
22.447999956495703,0.21986729258190035,1.0532401280905368
22.447999956495703,0.21986729258190035,1.0532401280905368
22.447999956495703,0.21986729258190035,1.0532401280905368
22.4427126069508,0.22554737601652564,1.052470520308923
22.37894959909631,0.12790891481707686,1.0425040156126937
22.37894959909631,0.12790891481707686,1.0425040156126937
22.37894959909631,0.12790891481707686,1.0425040156126937
22.380296020732672,0.1273731243930611,1.0423029875011949
22.380296020732672,0.1273731243930611,1.0423029875011949
22.380296020732672,0.1273731243930611,1.0423029875011949
22.380296020732672,0.1273731243930611,1.0423029875011949
22.380296020732672,0.1273731243930611,1.0423029875011949
22.380296020732672,0.1273731243930611,1.0423029875011949
22.376421225135395,0.12948291006673296,1.0476922378156959
22.376421225135395,0.12948291006673296,1.0476922378156959
22.376421225135395,0.12948291006673296,1.0476922378156959
22.376421225135395,0.12948291006673296,1.0476922378156959
22.407047235908326,0.10766365923411955,1.043576613039915
22.407047235908326,0.10766365923411955,1.043576613039915
22.400591905685495,0.1122627064421796,1.044444101698425
22.400591905685495,0.1122627064421796,1.044444101698425
22.405443771649427,0.09108599525730092,1.020822049470167
22.405443771649427,0.09108599525730092,1.020822049470167
22.405443771649427,0.09108599525730092,1.020822049470167
22.405443771649427,0.09108599525730092,1.020822049470167
22.405443771649427,0.09108599525730092,1.020822049470167
22.405443771649427,0.09108599525730092,1.020822049470167
22.405443771649427,0.09108599525730092,1.020822049470167
22.405443771649427,0.09108599525730092,1.020822049470167
22.405443771649427,0.09108599525730092,1.020822049470167
22.405443771649427,0.09108599525730092,1.020822049470167
22.407410686132376,0.09209969136028259,1.02158950560277
22.407410686132376,0.09209969136028259,1.02158950560277
22.407410686132376,0.09209969136028259,1.02158950560277
22.407410686132376,0.09209969136028259,1.02158950560277
22.407410686132376,0.09209969136028259,1.02158950560277
22.407410686132376,0.09209969136028259,1.02158950560277
22.407410686132376,0.09209969136028259,1.02158950560277
22.407625476906283,0.09178643721946655,1.015635681690553
22.407625476906283,0.09178643721946655,1.015635681690553
22.407625476906283,0.09178643721946655,1.015635681690553
22.407625476906283,0.09178643721946655,1.015635681690553
22.41618765463825,0.0668427775597056,1.0303489707550781
79.56682201800092,0.37048555911625136,1.3159431778076447
79.56682201800092,0.37048555911625136,1.3159431778076447
64.56541344433398,0.5051919108292638,1.1967191357427183
64.56541344433398,0.5051919108292638,1.1967191357427183
64.56541344433398,0.5051919108292638,1.1967191357427183
64.56541344433398,0.5051919108292638,1.1967191357427183
64.56541344433398,0.5051919108292638,1.1967191357427183
64.56541344433398,0.5051919108292638,1.1967191357427183
64.56541344433398,0.5051919108292638,1.1967191357427183
64.56541344433398,0.5051919108292638,1.1967191357427183
64.56541344433398,0.5051919108292638,1.1967191357427183
64.56541344433398,0.5051919108292638,1.1967191357427183
64.56541344433398,0.5051919108292638,1.1967191357427183
64.56541344433398,0.5051919108292638,1.1967191357427183
64.56541344433398,0.5051919108292638,1.1967191357427183
64.56541344433398,0.5051919108292638,1.1967191357427183
64.56541344433398,0.5051919108292638,1.1967191357427183
64.56541344433398,0.5051919108292638,1.1967191357427183
64.56541344433398,0.5051919108292638,1.1967191357427183
64.56541344433398,0.5051919108292638,1.1967191357427183
64.56541344433398,0.5051919108292638,1.1967191357427183
64.56541344433398,0.5051919108292638,1.1967191357427183
64.56541344433398,0.5051919108292638,1.1967191357427183
64.56541344433398,0.5051919108292638,1.1967191357427183
64.56541344433398,0.5051919108292638,1.1967191357427183
64.56541344433398,0.5051919108292638,1.1967191357427183
64.56541344433398,0.5051919108292638,1.1967191357427183
64.56541344433398,0.5051919108292638,1.1967191357427183
64.56541344433398,0.5051919108292638,1.1967191357427183
64.56541344433398,0.5051919108292638,1.1967191357427183
58.59454522680093,0.5215065653501378,1.172948739985974
58.59454522680093,0.5215065653501378,1.172948739985974
58.59454522680093,0.5215065653501378,1.172948739985974
41.003956355601,0.528564442335355,1.161929129273204
37.57415953490028,0.5150264361826279,1.0966061168899137
37.57415953490028,0.5150264361826279,1.0966061168899137
37.57415953490028,0.5150264361826279,1.0966061168899137
33.06933363374168,0.49724510278154616,1.0108083820649598
33.06933363374168,0.49724510278154616,1.0108083820649598
33.06933363374168,0.49724510278154616,1.0108083820649598
18.287396654902743,0.16433664337222664,0.8680130403790007
19.595376697807556,0.30015341335182,0.9353481202454291
17.586801178845846,0.3434407215772706,0.9902394024407355
17.586801178845846,0.3434407215772706,0.9902394024407355
17.586801178845846,0.3434407215772706,0.9902394024407355
17.586801178845846,0.3434407215772706,0.9902394024407355
17.586801178845846,0.3434407215772706,0.9902394024407355
17.586801178845846,0.3434407215772706,0.9902394024407355
17.586801178845846,0.3434407215772706,0.9902394024407355
17.586801178845846,0.3434407215772706,0.9902394024407355
17.586801178845846,0.3434407215772706,0.9902394024407355
17.586801178845846,0.3434407215772706,0.9902394024407355
17.586801178845846,0.3434407215772706,0.9902394024407355
17.586801178845846,0.3434407215772706,0.9902394024407355
17.586801178845846,0.3434407215772706,0.9902394024407355
17.586801178845846,0.3434407215772706,0.9902394024407355
18.353689875035293,0.3945879432370224,1.0547694110558716
19.495082971403516,0.3098499415941556,1.0331345018314
19.495082971403516,0.3098499415941556,1.0331345018314
19.495082971403516,0.3098499415941556,1.0331345018314
19.495082971403516,0.3098499415941556,1.0331345018314
19.520053346332315,0.3025056277111059,1.1001792899653435
19.520053346332315,0.3025056277111059,1.1001792899653435
18.540684376753106,0.26679409933715353,1.12410136568453
18.540684376753106,0.26679409933715353,1.12410136568453
18.540684376753106,0.26679409933715353,1.12410136568453
18.540684376753106,0.26679409933715353,1.12410136568453
18.540684376753106,0.26679409933715353,1.12410136568453
18.540684376753106,0.26679409933715353,1.12410136568453
18.471634640588963,0.25168272014223136,1.1211922820517577
18.431458624975264,0.24289028963914408,1.1194996558964023
18.431458624975264,0.24289028963914408,1.1194996558964023
18.431458624975264,0.24289028963914408,1.1194996558964023
18.431458624975264,0.24289028963914408,1.1194996558964023
18.431458624975264,0.24289028963914408,1.1194996558964023
18.431458624975264,0.24289028963914408,1.1194996558964023
18.431458624975264,0.24289028963914408,1.1194996558964023
18.431458624975264,0.24289028963914408,1.1194996558964023
18.431458624975264,0.24289028963914408,1.1194996558964023
18.431458624975264,0.24289028963914408,1.1194996558964023
18.431458624975264,0.24289028963914408,1.1194996558964023
18.431458624975264,0.24289028963914408,1.1194996558964023
18.431458624975264,0.24289028963914408,1.1194996558964023
18.431458624975264,0.24289028963914408,1.1194996558964023
18.458917934699773,0.1442577938441836,1.1268486127080277
18.458917934699773,0.1442577938441836,1.1268486127080277
18.458917934699773,0.1442577938441836,1.1268486127080277
18.458917934699773,0.1442577938441836,1.1268486127080277
18.458917934699773,0.1442577938441836,1.1268486127080277
18.458917934699773,0.1442577938441836,1.1268486127080277
18.458917934699773,0.1442577938441836,1.1268486127080277
18.458917934699773,0.1442577938441836,1.1268486127080277
18.458917934699773,0.1442577938441836,1.1268486127080277
18.458917934699773,0.1442577938441836,1.1268486127080277
18.458917934699773,0.1442577938441836,1.1268486127080277
18.458917934699773,0.1442577938441836,1.1268486127080277
18.458917934699773,0.1442577938441836,1.1268486127080277
18.458917934699773,0.1442577938441836,1.1268486127080277
18.458917934699773,0.1442577938441836,1.1268486127080277
18.458917934699773,0.1442577938441836,1.1268486127080277
18.458917934699773,0.1442577938441836,1.1268486127080277
18.458917934699773,0.1442577938441836,1.1268486127080277
18.458917934699773,0.1442577938441836,1.1268486127080277
18.458917934699773,0.1442577938441836,1.1268486127080277
14.580436485702545,0.2513152872850644,1.1465883501551473
14.580436485702545,0.2513152872850644,1.1465883501551473
14.580436485702545,0.2513152872850644,1.1465883501551473
14.580436485702545,0.2513152872850644,1.1465883501551473
14.580436485702545,0.2513152872850644,1.1465883501551473
14.580436485702545,0.2513152872850644,1.1465883501551473
14.447501987381457,0.2530115641608217,1.1484162645595333
14.447501987381457,0.2530115641608217,1.1484162645595333
14.447501987381457,0.2530115641608217,1.1484162645595333
14.553260939426142,0.25051640376661244,1.147052725634297
14.553260939426142,0.25051640376661244,1.147052725634297
14.553260939426142,0.25051640376661244,1.147052725634297
14.553260939426142,0.25051640376661244,1.147052725634297
14.553260939426142,0.25051640376661244,1.147052725634297
14.553260939426142,0.25051640376661244,1.147052725634297
14.553260939426142,0.25051640376661244,1.147052725634297
22.250943195862735,0.46299048076117355,1.1458987548207866
22.099196155087764,0.5590809118391447,1.0796374528650583
22.099196155087764,0.5590809118391447,1.0796374528650583
22.099196155087764,0.5590809118391447,1.0796374528650583
22.099196155087764,0.5590809118391447,1.0796374528650583
22.099196155087764,0.5590809118391447,1.0796374528650583
22.099196155087764,0.5590809118391447,1.0796374528650583
22.099196155087764,0.5590809118391447,1.0796374528650583
22.394772872870703,0.6345117991127152,1.1088857047811984
22.394772872870703,0.6345117991127152,1.1088857047811984
22.394772872870703,0.6345117991127152,1.1088857047811984
22.394772872870703,0.6345117991127152,1.1088857047811984
22.394772872870703,0.6345117991127152,1.1088857047811984
22.394772872870703,0.6345117991127152,1.1088857047811984
22.394772872870703,0.6345117991127152,1.1088857047811984
22.394772872870703,0.6345117991127152,1.1088857047811984
22.394772872870703,0.6345117991127152,1.1088857047811984
22.394772872870703,0.6345117991127152,1.1088857047811984
22.394772872870703,0.6345117991127152,1.1088857047811984
22.463148110647637,0.4280364485086379,1.115661710519607
22.463148110647637,0.4280364485086379,1.115661710519607
22.463148110647637,0.4280364485086379,1.115661710519607
22.463148110647637,0.4280364485086379,1.115661710519607
22.463148110647637,0.4280364485086379,1.115661710519607
22.463148110647637,0.4280364485086379,1.115661710519607
22.463148110647637,0.4280364485086379,1.115661710519607
22.463148110647637,0.4280364485086379,1.115661710519607
22.551214208180728,0.3493369920652184,1.1370739269790984
22.551214208180728,0.3493369920652184,1.1370739269790984
22.551214208180728,0.3493369920652184,1.1370739269790984
22.551214208180728,0.3493369920652184,1.1370739269790984
22.551214208180728,0.3493369920652184,1.1370739269790984
22.551214208180728,0.3493369920652184,1.1370739269790984
22.551214208180728,0.3493369920652184,1.1370739269790984
22.551214208180728,0.3493369920652184,1.1370739269790984
22.551214208180728,0.3493369920652184,1.1370739269790984
22.551214208180728,0.3493369920652184,1.1370739269790984
22.551214208180728,0.3493369920652184,1.1370739269790984
22.551214208180728,0.3493369920652184,1.1370739269790984
22.52894919795064,0.342243084882673,1.0944453642884946
22.52894919795064,0.342243084882673,1.0944453642884946
22.52894919795064,0.342243084882673,1.0944453642884946
22.52894919795064,0.342243084882673,1.0944453642884946
22.513964045768073,0.35018764079833326,1.0901070312792118
22.513964045768073,0.35018764079833326,1.0901070312792118
22.525336639065745,0.3325863009031572,1.092751815285965
22.525336639065745,0.3325863009031572,1.092751815285965
22.525336639065745,0.3325863009031572,1.092751815285965
22.525336639065745,0.3325863009031572,1.092751815285965
22.571398474619347,0.17114666637916337,1.1349085763561564
22.571398474619347,0.17114666637916337,1.1349085763561564
22.571398474619347,0.17114666637916337,1.1349085763561564
22.601089815641465,0.13086627128462108,1.066381102269698
22.60898157605509,0.1201600109235472,1.0481669567099448
22.60898157605509,0.1201600109235472,1.0481669567099448
22.629426148917226,0.04140983201814025,1.042860954381532
22.629426148917226,0.04140983201814025,1.042860954381532
22.62521031203077,0.056540347333494556,1.044107562996151
22.62521031203077,0.056540347333494556,1.044107562996151
22.62521031203077,0.056540347333494556,1.044107562996151
22.505769663734085,0.055447398420018064,1.0443641791243057
22.505769663734085,0.055447398420018064,1.0443641791243057
22.505769663734085,0.055447398420018064,1.0443641791243057
22.505769663734085,0.055447398420018064,1.0443641791243057
22.505769663734085,0.055447398420018064,1.0443641791243057
22.505769663734085,0.055447398420018064,1.0443641791243057
22.537369874230055,0.031879118622504185,1.0369896272667212
22.537369874230055,0.031879118622504185,1.0369896272667212
22.537369874230055,0.031879118622504185,1.0369896272667212
22.537369874230055,0.031879118622504185,1.0369896272667212
22.537369874230055,0.031879118622504185,1.0369896272667212
22.537369874230055,0.031879118622504185,1.0369896272667212
22.546424357132985,0.02435795977897219,1.0298037627192225
22.546424357132985,0.02435795977897219,1.0298037627192225
22.546424357132985,0.02435795977897219,1.0298037627192225
22.546424357132985,0.02435795977897219,1.0298037627192225
22.543687835000114,0.021393589869423864,1.0315637187730953
22.543687835000114,0.021393589869423864,1.0315637187730953
22.543687835000114,0.021393589869423864,1.0315637187730953
22.543687835000114,0.021393589869423864,1.0315637187730953
22.552318508077494,0.011359756298075133,1.0288800877008473
22.552318508077494,0.011359756298075133,1.0288800877008473
22.552318508077494,0.011359756298075133,1.0288800877008473
22.552318508077494,0.011359756298075133,1.0288800877008473
22.552318508077494,0.011359756298075133,1.0288800877008473
22.552318508077494,0.011359756298075133,1.0288800877008473
22.552318508077494,0.011359756298075133,1.0288800877008473
22.552318508077494,0.011359756298075133,1.0288800877008473
22.52892385062111,0.02831350556507827,1.0242164268421199
22.52892385062111,0.02831350556507827,1.0242164268421199
22.52892385062111,0.02831350556507827,1.0242164268421199
22.52892385062111,0.02831350556507827,1.0242164268421199
22.52892385062111,0.02831350556507827,1.0242164268421199
22.527369754759494,0.028319621464327913,1.0198325694566481
22.527369754759494,0.028319621464327913,1.0198325694566481
22.527369754759494,0.028319621464327913,1.0198325694566481
22.58367943793464,0.010400206913607858,1.0345148334053884
22.591025472641853,0.02075985957370955,1.036118525613221
22.589925255728236,0.020671966555322684,1.0365156188760096
22.589925255728236,0.020671966555322684,1.0365156188760096
22.529335952449678,0.04257770078829698,1.0416202624573625
22.58818561368418,0.07020934463042527,1.0588237063374917
22.58818561368418,0.07020934463042527,1.0588237063374917
22.5412905759899,0.08463832818152735,1.058269238599931
22.5412905759899,0.08463832818152735,1.058269238599931
22.5412905759899,0.08463832818152735,1.058269238599931
22.54359927264491,0.08744737682565029,1.0577833744405756
22.54359927264491,0.08744737682565029,1.0577833744405756
22.54359927264491,0.08744737682565029,1.0577833744405756
22.535682984441383,0.07985934202957425,1.0580012960659169
22.535682984441383,0.07985934202957425,1.0580012960659169
22.535682984441383,0.07985934202957425,1.0580012960659169
22.535682984441383,0.07985934202957425,1.0580012960659169
22.535682984441383,0.07985934202957425,1.0580012960659169
22.535682984441383,0.07985934202957425,1.0580012960659169
22.535682984441383,0.07985934202957425,1.0580012960659169
22.535682984441383,0.07985934202957425,1.0580012960659169
22.535682984441383,0.07985934202957425,1.0580012960659169
22.535682984441383,0.07985934202957425,1.0580012960659169
22.535682984441383,0.07985934202957425,1.0580012960659169
19.517791850314122,0.4891130773091042,0.9782637605585767
19.517791850314122,0.4891130773091042,0.9782637605585767
19.517791850314122,0.4891130773091042,0.9782637605585767
19.517791850314122,0.4891130773091042,0.9782637605585767
19.517791850314122,0.4891130773091042,0.9782637605585767
19.517791850314122,0.4891130773091042,0.9782637605585767
19.517791850314122,0.4891130773091042,0.9782637605585767
19.517791850314122,0.4891130773091042,0.9782637605585767
19.517791850314122,0.4891130773091042,0.9782637605585767
19.517791850314122,0.4891130773091042,0.9782637605585767
19.517791850314122,0.4891130773091042,0.9782637605585767
19.517791850314122,0.4891130773091042,0.9782637605585767
19.517791850314122,0.4891130773091042,0.9782637605585767
19.517791850314122,0.4891130773091042,0.9782637605585767
19.42031785121091,0.43672128358275486,1.0874638532344807
19.42031785121091,0.43672128358275486,1.0874638532344807
17.81809314285008,0.48809008766487105,1.0284171612685364
17.948342033982108,0.512656924212618,1.0784547741267634
17.948342033982108,0.512656924212618,1.0784547741267634
17.948342033982108,0.512656924212618,1.0784547741267634
17.948342033982108,0.512656924212618,1.0784547741267634
19.829402991004653,0.48283623507808804,1.0738725972974799
19.829402991004653,0.48283623507808804,1.0738725972974799
19.829402991004653,0.48283623507808804,1.0738725972974799
19.829402991004653,0.48283623507808804,1.0738725972974799
11.39073346883302,0.4078839805641066,1.044377642372981
11.39073346883302,0.4078839805641066,1.044377642372981
11.410747677550415,0.40827571537440843,1.0446903568909869
11.410747677550415,0.40827571537440843,1.0446903568909869
11.410747677550415,0.40827571537440843,1.0446903568909869
11.410747677550415,0.40827571537440843,1.0446903568909869
11.410747677550415,0.40827571537440843,1.0446903568909869
11.410747677550415,0.40827571537440843,1.0446903568909869
11.410747677550415,0.40827571537440843,1.0446903568909869
11.410747677550415,0.40827571537440843,1.0446903568909869
11.410747677550415,0.40827571537440843,1.0446903568909869
11.410747677550415,0.40827571537440843,1.0446903568909869
11.410747677550415,0.40827571537440843,1.0446903568909869
11.410747677550415,0.40827571537440843,1.0446903568909869
11.410747677550415,0.40827571537440843,1.0446903568909869
11.410747677550415,0.40827571537440843,1.0446903568909869
11.410747677550415,0.40827571537440843,1.0446903568909869
11.410747677550415,0.40827571537440843,1.0446903568909869
11.410747677550415,0.40827571537440843,1.0446903568909869
11.410747677550415,0.40827571537440843,1.0446903568909869
11.410747677550415,0.40827571537440843,1.0446903568909869
11.410747677550415,0.40827571537440843,1.0446903568909869
11.410747677550415,0.40827571537440843,1.0446903568909869
19.737534463317765,0.45474275391489194,1.0745020401121879
19.737534463317765,0.45474275391489194,1.0745020401121879
19.737534463317765,0.45474275391489194,1.0745020401121879
19.737534463317765,0.45474275391489194,1.0745020401121879
19.737534463317765,0.45474275391489194,1.0745020401121879
19.737534463317765,0.45474275391489194,1.0745020401121879
19.737534463317765,0.45474275391489194,1.0745020401121879
18.54187872942495,0.4898972204609861,1.0643367558331205
18.54187872942495,0.4898972204609861,1.0643367558331205
18.337179847297293,0.49399372121582646,1.0636766048547504
18.337179847297293,0.49399372121582646,1.0636766048547504
18.337179847297293,0.49399372121582646,1.0636766048547504
18.337179847297293,0.49399372121582646,1.0636766048547504
19.49655552651262,0.46913587159385856,1.050839917055291
19.49655552651262,0.46913587159385856,1.050839917055291
19.49655552651262,0.46913587159385856,1.050839917055291
19.49655552651262,0.46913587159385856,1.050839917055291
19.49655552651262,0.46913587159385856,1.050839917055291
19.49655552651262,0.46913587159385856,1.050839917055291
19.49655552651262,0.46913587159385856,1.050839917055291
19.49655552651262,0.46913587159385856,1.050839917055291
19.49655552651262,0.46913587159385856,1.050839917055291
19.49655552651262,0.46913587159385856,1.050839917055291
19.49655552651262,0.46913587159385856,1.050839917055291
19.49655552651262,0.46913587159385856,1.050839917055291
19.49655552651262,0.46913587159385856,1.050839917055291
19.49655552651262,0.46913587159385856,1.050839917055291
19.49655552651262,0.46913587159385856,1.050839917055291
19.506291124122153,0.4686831495771543,1.050763805094315
19.506291124122153,0.4686831495771543,1.050763805094315
19.506291124122153,0.4686831495771543,1.050763805094315
19.506291124122153,0.4686831495771543,1.050763805094315
19.506291124122153,0.4686831495771543,1.050763805094315
17.585061285328567,0.4687533810048324,1.088490340095775
17.585061285328567,0.4687533810048324,1.088490340095775
17.585061285328567,0.4687533810048324,1.088490340095775
17.585061285328567,0.4687533810048324,1.088490340095775
17.585061285328567,0.4687533810048324,1.088490340095775
17.585061285328567,0.4687533810048324,1.088490340095775
18.677638515124546,0.40874689151384846,1.0818986366798142
19.40486605369295,0.3529322585864638,1.0697499958899466
19.40486605369295,0.3529322585864638,1.0697499958899466
19.40486605369295,0.3529322585864638,1.0697499958899466
19.40486605369295,0.3529322585864638,1.0697499958899466
19.40486605369295,0.3529322585864638,1.0697499958899466
19.493500831531367,0.35106509844685957,1.0682897238320075
19.493500831531367,0.35106509844685957,1.0682897238320075
19.493500831531367,0.35106509844685957,1.0682897238320075
19.493500831531367,0.35106509844685957,1.0682897238320075
19.512080586169436,0.3353817715427041,1.1082949162936826
19.512080586169436,0.3353817715427041,1.1082949162936826
19.512080586169436,0.3353817715427041,1.1082949162936826
19.512080586169436,0.3353817715427041,1.1082949162936826
19.512080586169436,0.3353817715427041,1.1082949162936826
19.512080586169436,0.3353817715427041,1.1082949162936826
19.512080586169436,0.3353817715427041,1.1082949162936826
19.512080586169436,0.3353817715427041,1.1082949162936826
19.512080586169436,0.3353817715427041,1.1082949162936826
19.512080586169436,0.3353817715427041,1.1082949162936826
19.512080586169436,0.3353817715427041,1.1082949162936826
19.512080586169436,0.3353817715427041,1.1082949162936826
23.48386104610376,0.2864225948500989,1.1185591782229627
23.48386104610376,0.2864225948500989,1.1185591782229627
23.48386104610376,0.2864225948500989,1.1185591782229627
23.48386104610376,0.2864225948500989,1.1185591782229627
23.48386104610376,0.2864225948500989,1.1185591782229627
23.48386104610376,0.2864225948500989,1.1185591782229627
23.48386104610376,0.2864225948500989,1.1185591782229627
22.26876403878703,0.3119367742111143,1.1185429807630591
22.335019821889166,0.2223449968518367,1.0920286597046513
22.361792868665162,0.18105428556165343,1.067003173168371
22.361792868665162,0.18105428556165343,1.067003173168371
22.505899800683483,0.7931130414147304,1.0244993712195094
22.505899800683483,0.7931130414147304,1.0244993712195094
22.505899800683483,0.7931130414147304,1.0244993712195094
22.46752550632909,0.7188238416676671,1.0165764645115036
22.46752550632909,0.7188238416676671,1.0165764645115036
22.46752550632909,0.7188238416676671,1.0165764645115036
22.46752550632909,0.7188238416676671,1.0165764645115036
22.46752550632909,0.7188238416676671,1.0165764645115036
22.531899855319125,0.717754180067881,1.0494302462388245
22.531899855319125,0.717754180067881,1.0494302462388245
22.531899855319125,0.717754180067881,1.0494302462388245
22.463579507637657,0.7188894094495437,1.0145626036843498
22.463579507637657,0.7188894094495437,1.0145626036843498
22.508893727624677,0.667925892473641,1.0231987075247262
22.508893727624677,0.667925892473641,1.0231987075247262
22.508893727624677,0.667925892473641,1.0231987075247262
22.508893727624677,0.667925892473641,1.0231987075247262
22.508893727624677,0.667925892473641,1.0231987075247262
22.508893727624677,0.667925892473641,1.0231987075247262
22.508893727624677,0.667925892473641,1.0231987075247262
22.508893727624677,0.667925892473641,1.0231987075247262
22.508893727624677,0.667925892473641,1.0231987075247262
22.508893727624677,0.667925892473641,1.0231987075247262
22.505082812650553,0.608759908780876,1.0294079414639126
22.54412881806719,0.42653843163938365,0.9848810612876165
22.54412881806719,0.42653843163938365,0.9848810612876165
22.54412881806719,0.42653843163938365,0.9848810612876165
22.54412881806719,0.42653843163938365,0.9848810612876165
22.536589117982192,0.4250301326184793,0.9741986954122724
22.536589117982192,0.4250301326184793,0.9741986954122724
22.536589117982192,0.4250301326184793,0.9741986954122724
22.536589117982192,0.4250301326184793,0.9741986954122724
22.492878466610367,0.39734836195532997,0.9896316307096372
22.493116529603576,0.3858988240538517,0.9819601463603743
22.493116529603576,0.3858988240538517,0.9819601463603743
22.493116529603576,0.3858988240538517,0.9819601463603743
22.493116529603576,0.3858988240538517,0.9819601463603743
22.493116529603576,0.3858988240538517,0.9819601463603743
22.484157901332882,0.39929576055322935,0.9911031891347131
22.484157901332882,0.39929576055322935,0.9911031891347131
22.484157901332882,0.39929576055322935,0.9911031891347131
22.484157901332882,0.39929576055322935,0.9911031891347131
22.484157901332882,0.39929576055322935,0.9911031891347131
22.484157901332882,0.39929576055322935,0.9911031891347131
22.484157901332882,0.39929576055322935,0.9911031891347131
22.484157901332882,0.39929576055322935,0.9911031891347131
22.484157901332882,0.39929576055322935,0.9911031891347131
22.484157901332882,0.39929576055322935,0.9911031891347131
22.484157901332882,0.39929576055322935,0.9911031891347131
22.484157901332882,0.39929576055322935,0.9911031891347131
22.484157901332882,0.39929576055322935,0.9911031891347131
22.484157901332882,0.39929576055322935,0.9911031891347131
22.484157901332882,0.39929576055322935,0.9911031891347131
22.484157901332882,0.39929576055322935,0.9911031891347131
22.484157901332882,0.39929576055322935,0.9911031891347131
22.53993389728945,0.28466564507011133,0.9848557043383885
22.53993389728945,0.28466564507011133,0.9848557043383885
22.539533531341608,0.285821369531797,0.9863327339164605
22.539533531341608,0.285821369531797,0.9863327339164605
22.539533531341608,0.285821369531797,0.9863327339164605
22.539533531341608,0.285821369531797,0.9863327339164605
22.550523914959015,0.2047725153225285,1.030390534915807
22.550523914959015,0.2047725153225285,1.030390534915807
22.550523914959015,0.2047725153225285,1.030390534915807
22.550523914959015,0.2047725153225285,1.030390534915807
22.550523914959015,0.2047725153225285,1.030390534915807
22.550523914959015,0.2047725153225285,1.030390534915807
22.489647717790742,0.1533696673567084,1.0152350158031465
22.489647717790742,0.1533696673567084,1.0152350158031465
22.486329309975176,0.15019018913882287,1.0164850383236443
22.486329309975176,0.15019018913882287,1.0164850383236443
22.486329309975176,0.15019018913882287,1.0164850383236443
22.486329309975176,0.15019018913882287,1.0164850383236443
22.486329309975176,0.15019018913882287,1.0164850383236443
22.434008527645716,0.028585265045032227,0.9766496138087638
22.43648506698048,0.0440913753943491,0.9902446104397502
22.43648506698048,0.0440913753943491,0.9902446104397502
22.442874309593996,0.05966389313067472,0.9934593422460347
22.450922639092468,0.05914299145819542,0.9947323453797782
22.450922639092468,0.05914299145819542,0.9947323453797782
22.443855819909807,0.06508866882735065,1.0139115941834336
22.446714557311676,0.04417532148112846,0.9948857745314444
22.446714557311676,0.04417532148112846,0.9948857745314444
22.464737923826423,0.07578651409068965,1.0187764270681856
22.464737923826423,0.07578651409068965,1.0187764270681856
22.508933419649818,0.061436991278040906,1.0384026387866174
22.508933419649818,0.061436991278040906,1.0384026387866174
22.508933419649818,0.061436991278040906,1.0384026387866174
22.488410052953377,0.06810057798786627,1.0292886797178264
22.488410052953377,0.06810057798786627,1.0292886797178264
22.488410052953377,0.06810057798786627,1.0292886797178264
22.488410052953377,0.06810057798786627,1.0292886797178264
22.506071570190134,0.06509042066381383,1.036516432293228
22.507435268224004,0.0587095273833248,1.0270232622161817
22.507435268224004,0.0587095273833248,1.0270232622161817
22.507435268224004,0.0587095273833248,1.0270232622161817
22.507435268224004,0.0587095273833248,1.0270232622161817
22.507435268224004,0.0587095273833248,1.0270232622161817
22.507435268224004,0.0587095273833248,1.0270232622161817
22.483500349292807,0.06108384340001943,1.0276458888264357
22.483500349292807,0.06108384340001943,1.0276458888264357
22.483500349292807,0.06108384340001943,1.0276458888264357
22.483500349292807,0.06108384340001943,1.0276458888264357
22.484073429072676,0.08332702427713116,1.0115668869485777
22.484073429072676,0.08332702427713116,1.0115668869485777
22.484073429072676,0.08332702427713116,1.0115668869485777
22.484073429072676,0.08332702427713116,1.0115668869485777
22.485386895231876,0.08373093251881884,1.0107378631574293
22.485378606470743,0.09590967847899118,0.9999702622134965
22.485378606470743,0.09590967847899118,0.9999702622134965
22.485378606470743,0.09590967847899118,0.9999702622134965
22.48537732242947,0.09779633104459429,0.998302215108097
22.48537732242947,0.09779633104459429,0.998302215108097
22.48537732242947,0.09779633104459429,0.998302215108097
22.503402083398363,0.08307023155045917,0.9831806264123477
22.503402083398363,0.08307023155045917,0.9831806264123477
22.503402083398363,0.08307023155045917,0.9831806264123477
22.503402083398363,0.08307023155045917,0.9831806264123477
22.501603758743276,0.0725538900186225,0.9979687354515382
22.493954623794036,0.06886706327527789,1.0031033757060728
65.26754832589398,0.6692178521418546,1.0321906620812715
65.26754832589398,0.6692178521418546,1.0321906620812715
65.26754832589398,0.6692178521418546,1.0321906620812715
65.26754832589398,0.6692178521418546,1.0321906620812715
65.26754832589398,0.6692178521418546,1.0321906620812715
65.26754832589398,0.6692178521418546,1.0321906620812715
65.26754832589398,0.6692178521418546,1.0321906620812715
65.26754832589398,0.6692178521418546,1.0321906620812715
65.26754832589398,0.6692178521418546,1.0321906620812715
65.26754832589398,0.6692178521418546,1.0321906620812715
65.26754832589398,0.6692178521418546,1.0321906620812715
65.26754832589398,0.6692178521418546,1.0321906620812715
65.26754832589398,0.6692178521418546,1.0321906620812715
65.26754832589398,0.6692178521418546,1.0321906620812715
65.26754832589398,0.6692178521418546,1.0321906620812715
65.26754832589398,0.6692178521418546,1.0321906620812715
65.26754832589398,0.6692178521418546,1.0321906620812715
65.26754832589398,0.6692178521418546,1.0321906620812715
45.574993303891844,0.5051728160547986,1.1164902366014753
34.6073414803556,0.3260469991264324,1.0577006950763173
34.6073414803556,0.3260469991264324,1.0577006950763173
34.6073414803556,0.3260469991264324,1.0577006950763173
34.6073414803556,0.3260469991264324,1.0577006950763173
34.6073414803556,0.3260469991264324,1.0577006950763173
34.6073414803556,0.3260469991264324,1.0577006950763173
30.43818569721527,0.33798452087976577,1.0418370085953295
27.611007020745447,0.3777960429641884,1.0512859783794413
27.577702688075323,0.3782233177459479,1.0513273133124563
29.489323531368314,0.3536983591852966,1.0489547475478065
29.489323531368314,0.3536983591852966,1.0489547475478065
29.489323531368314,0.3536983591852966,1.0489547475478065
29.489323531368314,0.3536983591852966,1.0489547475478065
29.489323531368314,0.3536983591852966,1.0489547475478065
29.489323531368314,0.3536983591852966,1.0489547475478065
29.489323531368314,0.3536983591852966,1.0489547475478065
23.518653783861318,0.4652867167074155,1.0733111434436657
23.518653783861318,0.4652867167074155,1.0733111434436657
23.518653783861318,0.4652867167074155,1.0733111434436657
23.518653783861318,0.4652867167074155,1.0733111434436657
23.518653783861318,0.4652867167074155,1.0733111434436657
23.518653783861318,0.4652867167074155,1.0733111434436657
23.527445684066066,0.4652983303706558,1.0733450328750538
23.527445684066066,0.4652983303706558,1.0733450328750538
23.527445684066066,0.4652983303706558,1.0733450328750538
23.527445684066066,0.4652983303706558,1.0733450328750538
23.527445684066066,0.4652983303706558,1.0733450328750538
23.527445684066066,0.4652983303706558,1.0733450328750538
22.25329090576591,0.4646251398405009,1.096482027006598
22.26356080940524,0.45927206918587254,1.09371106754817
22.26356080940524,0.45927206918587254,1.09371106754817
22.26356080940524,0.45927206918587254,1.09371106754817
22.26356080940524,0.45927206918587254,1.09371106754817
22.26356080940524,0.45927206918587254,1.09371106754817
22.26356080940524,0.45927206918587254,1.09371106754817
22.26356080940524,0.45927206918587254,1.09371106754817
22.26356080940524,0.45927206918587254,1.09371106754817
22.26356080940524,0.45927206918587254,1.09371106754817
22.26356080940524,0.45927206918587254,1.09371106754817
22.26356080940524,0.45927206918587254,1.09371106754817
22.26356080940524,0.45927206918587254,1.09371106754817
22.26356080940524,0.45927206918587254,1.09371106754817
22.26356080940524,0.45927206918587254,1.09371106754817
22.26356080940524,0.45927206918587254,1.09371106754817
22.26356080940524,0.45927206918587254,1.09371106754817
22.26356080940524,0.45927206918587254,1.09371106754817
22.26356080940524,0.45927206918587254,1.09371106754817
22.32549164695396,0.40668192500076533,1.084398735311242
22.380569150722092,0.2774257548221224,1.0926572576828877
22.418659239729312,0.23241122703816594,1.0721154466183076
22.418659239729312,0.23241122703816594,1.0721154466183076
22.418659239729312,0.23241122703816594,1.0721154466183076
22.418659239729312,0.23241122703816594,1.0721154466183076
22.418659239729312,0.23241122703816594,1.0721154466183076
22.438526402705392,0.25985552515018645,1.063323399487955
22.438526402705392,0.25985552515018645,1.063323399487955
22.438526402705392,0.25985552515018645,1.063323399487955
22.438526402705392,0.25985552515018645,1.063323399487955
22.438526402705392,0.25985552515018645,1.063323399487955
22.45293312701513,0.24507779069661,1.067376270378052
22.45293312701513,0.24507779069661,1.067376270378052
22.449780312632797,0.24045127859836224,1.0675739204208283
22.449780312632797,0.24045127859836224,1.0675739204208283
22.449780312632797,0.24045127859836224,1.0675739204208283
22.449780312632797,0.24045127859836224,1.0675739204208283
22.449780312632797,0.24045127859836224,1.0675739204208283
22.470101647647127,0.22440504531409733,1.0655802488658581
22.46301017226301,0.17595638579163214,1.0453016886200295
22.46301017226301,0.17595638579163214,1.0453016886200295
22.46301017226301,0.17595638579163214,1.0453016886200295
22.46301017226301,0.17595638579163214,1.0453016886200295
22.46301017226301,0.17595638579163214,1.0453016886200295
22.459007093583946,0.20492336586355792,1.0401923346326016
22.459007093583946,0.20492336586355792,1.0401923346326016
22.47286246116927,0.22631387680931522,1.0307480070620494
22.536859989967354,0.27985426506637656,1.0034826843900018
22.539675891068953,0.28299510136471495,1.0008044103286438
22.539675891068953,0.28299510136471495,1.0008044103286438
22.539675891068953,0.28299510136471495,1.0008044103286438
22.539675891068953,0.28299510136471495,1.0008044103286438
22.539675891068953,0.28299510136471495,1.0008044103286438
22.539675891068953,0.28299510136471495,1.0008044103286438
22.539675891068953,0.28299510136471495,1.0008044103286438
22.56060846200202,0.3099439646958036,0.9622584062802145
22.56060846200202,0.3099439646958036,0.9622584062802145
22.56060846200202,0.3099439646958036,0.9622584062802145
22.56060846200202,0.3099439646958036,0.9622584062802145
22.56060846200202,0.3099439646958036,0.9622584062802145
22.56060846200202,0.3099439646958036,0.9622584062802145
22.56060846200202,0.3099439646958036,0.9622584062802145
22.56060846200202,0.3099439646958036,0.9622584062802145
22.56060846200202,0.3099439646958036,0.9622584062802145
22.56060846200202,0.3099439646958036,0.9622584062802145
22.56069013236332,0.2676366197189206,0.9802764371075593
22.56069013236332,0.2676366197189206,0.9802764371075593
22.56069013236332,0.2676366197189206,0.9802764371075593
22.501501637368786,0.19570133432197806,1.0145247455743998
22.48299165669724,0.1757574932332489,1.020635761388056
22.484400725250534,0.1650045465571338,1.0125054815028804
22.489157962232277,0.1969040482743844,0.9947928486699695
22.489157962232277,0.1969040482743844,0.9947928486699695
22.036760221077696,0.5566045177387559,1.1295612721412616
22.06195307243549,0.5540706449912264,1.1310367096267357
22.06195307243549,0.5540706449912264,1.1310367096267357
22.06195307243549,0.5540706449912264,1.1310367096267357
22.06195307243549,0.5540706449912264,1.1310367096267357
22.06195307243549,0.5540706449912264,1.1310367096267357
22.36252763363081,0.6286906005798214,1.1352067928471026
22.36252763363081,0.6286906005798214,1.1352067928471026
22.36252763363081,0.6286906005798214,1.1352067928471026
22.36252763363081,0.6286906005798214,1.1352067928471026
22.36252763363081,0.6286906005798214,1.1352067928471026
22.36252763363081,0.6286906005798214,1.1352067928471026
22.36252763363081,0.6286906005798214,1.1352067928471026
22.36252763363081,0.6286906005798214,1.1352067928471026
22.36252763363081,0.6286906005798214,1.1352067928471026
22.36252763363081,0.6286906005798214,1.1352067928471026
22.381976074657327,0.5698940137156332,1.1167143310700662
22.4876900354318,0.6676753601731966,1.091452718542248
22.4876900354318,0.6676753601731966,1.091452718542248
22.4876900354318,0.6676753601731966,1.091452718542248
22.4876900354318,0.6676753601731966,1.091452718542248
22.4876900354318,0.6676753601731966,1.091452718542248
22.4876900354318,0.6676753601731966,1.091452718542248
22.4876900354318,0.6676753601731966,1.091452718542248
22.4876900354318,0.6676753601731966,1.091452718542248
22.52215258433374,0.5323137091108632,1.0563861160519208
22.52441040261368,0.5310452799811348,1.0564002016684226
22.52441040261368,0.5310452799811348,1.0564002016684226
22.514544237692636,0.5068488695823894,1.0470818674426772
22.514544237692636,0.5068488695823894,1.0470818674426772
22.395611126484585,0.3608273088143492,1.053887003729122
22.395611126484585,0.3608273088143492,1.053887003729122
22.395611126484585,0.3608273088143492,1.053887003729122
22.395611126484585,0.3608273088143492,1.053887003729122
22.395611126484585,0.3608273088143492,1.053887003729122
22.395611126484585,0.3608273088143492,1.053887003729122
22.42379899989428,0.34293249219390354,1.0549399927544412
22.505223614204695,0.4860894377585318,1.0403665272850353
22.499664698952014,0.49244228033584214,1.0418638359562278
22.506294358106413,0.4848657696256276,1.0400781195551472
22.495006811504915,0.5307088435452719,1.0342690380451998
22.495006811504915,0.5307088435452719,1.0342690380451998
22.495006811504915,0.5307088435452719,1.0342690380451998
22.536187511049576,0.5313371690240898,1.0340652071325014
22.536187511049576,0.5313371690240898,1.0340652071325014
22.536187511049576,0.5313371690240898,1.0340652071325014
22.536187511049576,0.5313371690240898,1.0340652071325014
22.53660640233303,0.5196823454783797,1.0379164884032903
22.53660640233303,0.5196823454783797,1.0379164884032903
22.55799741159361,0.3119561110946271,1.0624041959943402
22.55799741159361,0.3119561110946271,1.0624041959943402
22.55799741159361,0.3119561110946271,1.0624041959943402
22.55799741159361,0.3119561110946271,1.0624041959943402
22.55799741159361,0.3119561110946271,1.0624041959943402
22.55799741159361,0.3119561110946271,1.0624041959943402
22.55799741159361,0.3119561110946271,1.0624041959943402
22.55799741159361,0.3119561110946271,1.0624041959943402
22.55799741159361,0.3119561110946271,1.0624041959943402
22.55799741159361,0.3119561110946271,1.0624041959943402
22.55799741159361,0.3119561110946271,1.0624041959943402
22.55799741159361,0.3119561110946271,1.0624041959943402
22.546842356827028,0.32099821841000276,1.063408312305105
22.546842356827028,0.32099821841000276,1.063408312305105
22.546842356827028,0.32099821841000276,1.063408312305105
22.546842356827028,0.32099821841000276,1.063408312305105
22.546842356827028,0.32099821841000276,1.063408312305105
22.546842356827028,0.32099821841000276,1.063408312305105
22.546842356827028,0.32099821841000276,1.063408312305105
22.546842356827028,0.32099821841000276,1.063408312305105
22.546842356827028,0.32099821841000276,1.063408312305105
22.547582907608934,0.3095649857288204,1.06423160800153
22.547042206825253,0.30837804856204454,1.064458635862045
22.5692279217753,0.24450911865836344,1.0689032714092455
22.567939404333565,0.21759178104566596,1.0708438137016951
22.567939404333565,0.21759178104566596,1.0708438137016951
22.52134783739657,0.1645962785001189,1.0498877940298261
22.52134783739657,0.1645962785001189,1.0498877940298261
22.52134783739657,0.1645962785001189,1.0498877940298261
22.52134783739657,0.1645962785001189,1.0498877940298261
22.521599809022025,0.15883435982556282,1.0499700317731742
22.52291937202927,0.15844930390181033,1.0501190352644967
22.541940240044006,0.15289890739648002,1.0522668491442557
22.541940240044006,0.15289890739648002,1.0522668491442557
22.541940240044006,0.15289890739648002,1.0522668491442557
22.541940240044006,0.15289890739648002,1.0522668491442557
22.541940240044006,0.15289890739648002,1.0522668491442557
22.541940240044006,0.15289890739648002,1.0522668491442557
22.541940240044006,0.15289890739648002,1.0522668491442557
22.526975010550213,0.1759581127670661,1.0521514839586594
22.526975010550213,0.1759581127670661,1.0521514839586594
22.526975010550213,0.1759581127670661,1.0521514839586594
22.526975010550213,0.1759581127670661,1.0521514839586594
22.526975010550213,0.1759581127670661,1.0521514839586594
22.514280825535234,0.125732920591003,1.05890773721639
22.49094106993475,0.10759311833516547,1.0411725271233403
22.49094106993475,0.10759311833516547,1.0411725271233403
22.487481160691043,0.08967530731186152,1.035522495979803
22.487481160691043,0.08967530731186152,1.035522495979803
22.487481160691043,0.08967530731186152,1.035522495979803
22.487481160691043,0.08967530731186152,1.035522495979803
22.487481160691043,0.08967530731186152,1.035522495979803
22.487481160691043,0.08967530731186152,1.035522495979803
22.487481160691043,0.08967530731186152,1.035522495979803
22.487481160691043,0.08967530731186152,1.035522495979803
22.487481160691043,0.08967530731186152,1.035522495979803
22.506872341903897,0.09161095422325655,1.0274983838737768
22.506872341903897,0.09161095422325655,1.0274983838737768
22.506872341903897,0.09161095422325655,1.0274983838737768
22.50675414780471,0.11410517812482154,1.0434387631331359
22.50675414780471,0.11410517812482154,1.0434387631331359
22.50675414780471,0.11410517812482154,1.0434387631331359
22.497682678502144,0.07265241733299979,1.0547499161047322
22.497682678502144,0.07265241733299979,1.0547499161047322
22.497682678502144,0.07265241733299979,1.0547499161047322
22.489789346020423,0.07118540815422734,1.0531024100008268
22.49248948312724,0.0689377211552982,1.048851044292786
22.49248948312724,0.0689377211552982,1.048851044292786
22.49248948312724,0.0689377211552982,1.048851044292786
22.49248948312724,0.0689377211552982,1.048851044292786
22.49248948312724,0.0689377211552982,1.048851044292786
22.380995817585823,0.11263126037391369,1.181137784308346
22.380995817585823,0.11263126037391369,1.181137784308346
22.380995817585823,0.11263126037391369,1.181137784308346
22.380995817585823,0.11263126037391369,1.181137784308346
22.405546115282093,0.1391224401303558,1.171752716018706
22.405546115282093,0.1391224401303558,1.171752716018706
22.405546115282093,0.1391224401303558,1.171752716018706
22.43680854223351,0.2041624574894645,1.163193700981676
22.43680854223351,0.2041624574894645,1.163193700981676
22.43680854223351,0.2041624574894645,1.163193700981676
22.43680854223351,0.2041624574894645,1.163193700981676
22.43680854223351,0.2041624574894645,1.163193700981676
22.455549732793582,0.2881506613989567,1.1371497698221802
22.455549732793582,0.2881506613989567,1.1371497698221802
22.47595336008785,0.2786324236264151,1.1349484880578962
22.47595336008785,0.2786324236264151,1.1349484880578962
22.47595336008785,0.2786324236264151,1.1349484880578962
22.47595336008785,0.2786324236264151,1.1349484880578962
22.47595336008785,0.2786324236264151,1.1349484880578962
22.47595336008785,0.2786324236264151,1.1349484880578962
22.47595336008785,0.2786324236264151,1.1349484880578962
22.47595336008785,0.2786324236264151,1.1349484880578962
22.47595336008785,0.2786324236264151,1.1349484880578962
22.47595336008785,0.2786324236264151,1.1349484880578962
22.47595336008785,0.2786324236264151,1.1349484880578962
22.461952249831914,0.2555446978450465,1.1368121244154203
22.461952249831914,0.2555446978450465,1.1368121244154203
22.462799248229544,0.26109742936106894,1.1336513765151175
22.462799248229544,0.26109742936106894,1.1336513765151175
22.462799248229544,0.26109742936106894,1.1336513765151175
22.462799248229544,0.26109742936106894,1.1336513765151175
22.462799248229544,0.26109742936106894,1.1336513765151175
22.462799248229544,0.26109742936106894,1.1336513765151175
22.462799248229544,0.26109742936106894,1.1336513765151175
22.462799248229544,0.26109742936106894,1.1336513765151175
22.462799248229544,0.26109742936106894,1.1336513765151175
22.462799248229544,0.26109742936106894,1.1336513765151175
22.462799248229544,0.26109742936106894,1.1336513765151175
22.45735989622767,0.24908482577198324,1.1516198892857015
22.45735989622767,0.24908482577198324,1.1516198892857015
22.45735989622767,0.24908482577198324,1.1516198892857015
22.463685521007022,0.2862064031836584,1.1284428492567886
22.463685521007022,0.2862064031836584,1.1284428492567886
22.463685521007022,0.2862064031836584,1.1284428492567886
22.463685521007022,0.2862064031836584,1.1284428492567886
22.463685521007022,0.2862064031836584,1.1284428492567886
22.463685521007022,0.2862064031836584,1.1284428492567886
22.416330991739063,0.21620528098956743,1.0924011552755586
22.416330991739063,0.21620528098956743,1.0924011552755586
22.416330991739063,0.21620528098956743,1.0924011552755586
22.416330991739063,0.21620528098956743,1.0924011552755586
22.416330991739063,0.21620528098956743,1.0924011552755586
22.416330991739063,0.21620528098956743,1.0924011552755586
22.39952295357194,0.0982182504789964,1.1064038891139836
22.39952295357194,0.0982182504789964,1.1064038891139836
22.383473710046427,0.0648093201761244,1.1095297653986014
22.383473710046427,0.0648093201761244,1.1095297653986014
22.383473710046427,0.0648093201761244,1.1095297653986014
22.383473710046427,0.0648093201761244,1.1095297653986014
22.383510560112715,0.09646510253909557,1.1032593879927557
22.383510560112715,0.09646510253909557,1.1032593879927557
22.383510560112715,0.09646510253909557,1.1032593879927557
22.383510560112715,0.09646510253909557,1.1032593879927557
22.383510560112715,0.09646510253909557,1.1032593879927557
22.36318272235235,0.05729559439890869,1.1142385021719934
22.36318272235235,0.05729559439890869,1.1142385021719934
22.36318272235235,0.05729559439890869,1.1142385021719934
22.36318272235235,0.05729559439890869,1.1142385021719934
22.36318272235235,0.05729559439890869,1.1142385021719934
22.36318272235235,0.05729559439890869,1.1142385021719934
22.36318272235235,0.05729559439890869,1.1142385021719934
22.374077334414217,0.0713187941632975,1.1092374674159535
22.374077334414217,0.0713187941632975,1.1092374674159535
22.374077334414217,0.0713187941632975,1.1092374674159535
22.374077334414217,0.0713187941632975,1.1092374674159535
22.45916261868746,0.06749290905683003,1.0970913357365353
22.454296439419817,0.04200047590315498,1.1007015677356105
22.454296439419817,0.04200047590315498,1.1007015677356105
22.454296439419817,0.04200047590315498,1.1007015677356105
22.454296439419817,0.04200047590315498,1.1007015677356105
22.454296439419817,0.04200047590315498,1.1007015677356105
22.454296439419817,0.04200047590315498,1.1007015677356105
22.455791135479036,0.04117830344063357,1.0994955703875848
22.462289718915258,0.053379796275215545,1.0869923045594094
22.462289718915258,0.053379796275215545,1.0869923045594094
22.462289718915258,0.053379796275215545,1.0869923045594094
22.462289718915258,0.053379796275215545,1.0869923045594094
22.462289718915258,0.053379796275215545,1.0869923045594094
22.448663372926934,0.04900470863178398,1.0737087899982078
22.448663372926934,0.04900470863178398,1.0737087899982078
22.448663372926934,0.04900470863178398,1.0737087899982078
22.444984408682508,0.02992985843144086,1.0740468764126483
22.444984408682508,0.02992985843144086,1.0740468764126483
22.444984408682508,0.02992985843144086,1.0740468764126483
22.444984408682508,0.02992985843144086,1.0740468764126483
22.444984408682508,0.02992985843144086,1.0740468764126483
22.444984408682508,0.02992985843144086,1.0740468764126483
22.444984408682508,0.02992985843144086,1.0740468764126483
22.39771713014914,0.021357424919414322,1.0825776638540356
22.39771713014914,0.021357424919414322,1.0825776638540356
22.39771713014914,0.021357424919414322,1.0825776638540356
22.39771713014914,0.021357424919414322,1.0825776638540356
22.41844432878871,0.026102503969692162,1.0613833499217593
22.605576213338743,0.008877025765982705,1.0504581798811856
22.605576213338743,0.008877025765982705,1.0504581798811856
22.605576213338743,0.008877025765982705,1.0504581798811856
22.605576213338743,0.008877025765982705,1.0504581798811856
22.605576213338743,0.008877025765982705,1.0504581798811856
22.605576213338743,0.008877025765982705,1.0504581798811856
22.605576213338743,0.008877025765982705,1.0504581798811856
22.605576213338743,0.008877025765982705,1.0504581798811856
22.605576213338743,0.008877025765982705,1.0504581798811856
22.605576213338743,0.008877025765982705,1.0504581798811856
22.605576213338743,0.008877025765982705,1.0504581798811856
22.585933480633052,0.01616881727121365,1.0336212368404103
22.585933480633052,0.01616881727121365,1.0336212368404103
22.585933480633052,0.01616881727121365,1.0336212368404103
22.585933480633052,0.01616881727121365,1.0336212368404103
22.505636963222162,0.04601558937691719,1.0402384680579881
22.505636963222162,0.04601558937691719,1.0402384680579881
77.65590285447875,1.0502878685977146,1.0914520614127388
77.65590285447875,1.0502878685977146,1.0914520614127388
77.65590285447875,1.0502878685977146,1.0914520614127388
77.65590285447875,1.0502878685977146,1.0914520614127388
77.65590285447875,1.0502878685977146,1.0914520614127388
77.65590285447875,1.0502878685977146,1.0914520614127388
77.65590285447875,1.0502878685977146,1.0914520614127388
77.65590285447875,1.0502878685977146,1.0914520614127388
77.65590285447875,1.0502878685977146,1.0914520614127388
77.65590285447875,1.0502878685977146,1.0914520614127388
77.65590285447875,1.0502878685977146,1.0914520614127388
77.65590285447875,1.0502878685977146,1.0914520614127388
77.65590285447875,1.0502878685977146,1.0914520614127388
77.65590285447875,1.0502878685977146,1.0914520614127388
77.65590285447875,1.0502878685977146,1.0914520614127388
77.65590285447875,1.0502878685977146,1.0914520614127388
77.65590285447875,1.0502878685977146,1.0914520614127388
77.65590285447875,1.0502878685977146,1.0914520614127388
77.65590285447875,1.0502878685977146,1.0914520614127388
77.65590285447875,1.0502878685977146,1.0914520614127388
77.65590285447875,1.0502878685977146,1.0914520614127388
77.65590285447875,1.0502878685977146,1.0914520614127388
77.65590285447875,1.0502878685977146,1.0914520614127388
77.65590285447875,1.0502878685977146,1.0914520614127388
77.65590285447875,1.0502878685977146,1.0914520614127388
77.65590285447875,1.0502878685977146,1.0914520614127388
77.68958835911523,1.2365105552997653,1.235701996234335
77.68958835911523,1.2365105552997653,1.235701996234335
77.68958835911523,1.2365105552997653,1.235701996234335
77.68958835911523,1.2365105552997653,1.235701996234335
77.68958835911523,1.2365105552997653,1.235701996234335
77.68958835911523,1.2365105552997653,1.235701996234335
77.68958835911523,1.2365105552997653,1.235701996234335
77.68958835911523,1.2365105552997653,1.235701996234335
77.68958835911523,1.2365105552997653,1.235701996234335
77.68958835911523,1.2365105552997653,1.235701996234335
77.68958835911523,1.2365105552997653,1.235701996234335
77.68958835911523,1.2365105552997653,1.235701996234335
77.67564815197704,1.202553341992898,1.241597935576683
77.67564815197704,1.202553341992898,1.241597935576683
77.67564815197704,1.202553341992898,1.241597935576683
77.67564815197704,1.202553341992898,1.241597935576683
77.67564815197704,1.202553341992898,1.241597935576683
77.67564815197704,1.202553341992898,1.241597935576683
77.67564815197704,1.202553341992898,1.241597935576683
77.67564815197704,1.202553341992898,1.241597935576683
77.67564815197704,1.202553341992898,1.241597935576683
77.67564815197704,1.202553341992898,1.241597935576683
77.67564815197704,1.202553341992898,1.241597935576683
77.67564815197704,1.202553341992898,1.241597935576683
77.67564815197704,1.202553341992898,1.241597935576683
77.67564815197704,1.202553341992898,1.241597935576683
77.67564815197704,1.202553341992898,1.241597935576683
77.67564815197704,1.202553341992898,1.241597935576683
77.67564815197704,1.202553341992898,1.241597935576683
77.67564815197704,1.202553341992898,1.241597935576683
77.67564815197704,1.202553341992898,1.241597935576683
77.67564815197704,1.202553341992898,1.241597935576683
77.67564815197704,1.202553341992898,1.241597935576683
77.67564815197704,1.202553341992898,1.241597935576683
77.67564815197704,1.202553341992898,1.241597935576683
77.58582492410561,0.7956748142389398,1.2596433390660506
77.58582492410561,0.7956748142389398,1.2596433390660506
77.58582492410561,0.7956748142389398,1.2596433390660506
77.58582492410561,0.7956748142389398,1.2596433390660506
77.55953135902087,0.6765710222176324,1.26492569199827
77.55953135902087,0.6765710222176324,1.26492569199827
77.55953135902087,0.6765710222176324,1.26492569199827
77.55953135902087,0.6765710222176324,1.26492569199827
77.55953135902087,0.6765710222176324,1.26492569199827
77.55953135902087,0.6765710222176324,1.26492569199827
77.55953135902087,0.6765710222176324,1.26492569199827
77.52695549989878,0.5290098855939473,1.2714701519982194
77.52695549989878,0.5290098855939473,1.2714701519982194
77.52695549989878,0.5290098855939473,1.2714701519982194
77.52695549989878,0.5290098855939473,1.2714701519982194
77.52695549989878,0.5290098855939473,1.2714701519982194
77.52695549989878,0.5290098855939473,1.2714701519982194
77.52695549989878,0.5290098855939473,1.2714701519982194
77.52695549989878,0.5290098855939473,1.2714701519982194
77.52695549989878,0.5290098855939473,1.2714701519982194
77.52695549989878,0.5290098855939473,1.2714701519982194
77.52695549989878,0.5290098855939473,1.2714701519982194
77.52695549989878,0.5290098855939473,1.2714701519982194
77.52695549989878,0.5290098855939473,1.2714701519982194
77.52695549989878,0.5290098855939473,1.2714701519982194
77.52695549989878,0.5290098855939473,1.2714701519982194
77.52695549989878,0.5290098855939473,1.2714701519982194
77.52695549989878,0.5290098855939473,1.2714701519982194
77.52695549989878,0.5290098855939473,1.2714701519982194
77.52695549989878,0.5290098855939473,1.2714701519982194
77.52695549989878,0.5290098855939473,1.2714701519982194
77.52695549989878,0.5290098855939473,1.2714701519982194
77.52695549989878,0.5290098855939473,1.2714701519982194
77.52695549989878,0.5290098855939473,1.2714701519982194
77.52695549989878,0.5290098855939473,1.2714701519982194
77.52695549989878,0.5290098855939473,1.2714701519982194
77.52695549989878,0.5290098855939473,1.2714701519982194
77.52695549989878,0.5290098855939473,1.2714701519982194
77.52695549989878,0.5290098855939473,1.2714701519982194
77.52695549989878,0.5290098855939473,1.2714701519982194
77.52695549989878,0.5290098855939473,1.2714701519982194
77.52695549989878,0.5290098855939473,1.2714701519982194
77.52695549989878,0.5290098855939473,1.2714701519982194
77.52695549989878,0.5290098855939473,1.2714701519982194
77.52695549989878,0.5290098855939473,1.2714701519982194
77.52695549989878,0.5290098855939473,1.2714701519982194
77.52695549989878,0.5290098855939473,1.2714701519982194
77.52695549989878,0.5290098855939473,1.2714701519982194
77.52695549989878,0.5290098855939473,1.2714701519982194
77.52695549989878,0.5290098855939473,1.2714701519982194
77.52695549989878,0.5290098855939473,1.2714701519982194
77.52695549989878,0.5290098855939473,1.2714701519982194
77.52695549989878,0.5290098855939473,1.2714701519982194
77.52695549989878,0.5290098855939473,1.2714701519982194
77.52695549989878,0.5290098855939473,1.2714701519982194
77.52695549989878,0.5290098855939473,1.2714701519982194
77.52695549989878,0.5290098855939473,1.2714701519982194
77.52695549989878,0.5290098855939473,1.2714701519982194
77.52695549989878,0.5290098855939473,1.2714701519982194
18.463795926079325,0.5343875494531867,1.170851109242353
18.463795926079325,0.5343875494531867,1.170851109242353
18.463795926079325,0.5343875494531867,1.170851109242353
18.463795926079325,0.5343875494531867,1.170851109242353
20.514979676457237,0.42713762328435245,1.113325033676121
21.983462108410183,0.30095943444105033,1.0799033908148292
21.983462108410183,0.30095943444105033,1.0799033908148292
21.983462108410183,0.30095943444105033,1.0799033908148292
21.983462108410183,0.30095943444105033,1.0799033908148292
22.008532337643953,0.31164627315363647,1.0813104539398841
22.008532337643953,0.31164627315363647,1.0813104539398841
22.008532337643953,0.31164627315363647,1.0813104539398841
22.139634061878958,0.3591279172997652,1.046864483722648
22.139634061878958,0.3591279172997652,1.046864483722648
22.323469248732895,0.39282773046338504,1.050671804261211
22.323469248732895,0.39282773046338504,1.050671804261211
22.323469248732895,0.39282773046338504,1.050671804261211
22.323469248732895,0.39282773046338504,1.050671804261211
22.323469248732895,0.39282773046338504,1.050671804261211
22.323469248732895,0.39282773046338504,1.050671804261211
22.323469248732895,0.39282773046338504,1.050671804261211
22.323469248732895,0.39282773046338504,1.050671804261211
22.323469248732895,0.39282773046338504,1.050671804261211
22.323469248732895,0.39282773046338504,1.050671804261211
22.323469248732895,0.39282773046338504,1.050671804261211
22.323469248732895,0.39282773046338504,1.050671804261211
22.323469248732895,0.39282773046338504,1.050671804261211
22.719867405331264,0.41070149130668915,1.0565646012999548
22.713296450608162,0.41254917080799336,1.0572643846044651
22.713296450608162,0.41254917080799336,1.0572643846044651
22.713296450608162,0.41254917080799336,1.0572643846044651
22.713296450608162,0.41254917080799336,1.0572643846044651
22.713296450608162,0.41254917080799336,1.0572643846044651
22.713296450608162,0.41254917080799336,1.0572643846044651
22.713296450608162,0.41254917080799336,1.0572643846044651
22.713296450608162,0.41254917080799336,1.0572643846044651
22.713296450608162,0.41254917080799336,1.0572643846044651
22.713296450608162,0.41254917080799336,1.0572643846044651
22.713296450608162,0.41254917080799336,1.0572643846044651
22.652079989672274,0.3898062433462141,1.0492555908996875
22.652079989672274,0.3898062433462141,1.0492555908996875
22.629190631048644,0.3493077893238644,1.0581363102359242
22.629190631048644,0.3493077893238644,1.0581363102359242
22.629190631048644,0.3493077893238644,1.0581363102359242
22.629190631048644,0.3493077893238644,1.0581363102359242
22.629190631048644,0.3493077893238644,1.0581363102359242
22.629190631048644,0.3493077893238644,1.0581363102359242
22.629190631048644,0.3493077893238644,1.0581363102359242
22.608919545390453,0.36045271845636084,1.0627453941738516
22.608919545390453,0.36045271845636084,1.0627453941738516
22.608919545390453,0.36045271845636084,1.0627453941738516
22.608919545390453,0.36045271845636084,1.0627453941738516
22.583004347202472,0.3799458150685683,1.0632017896261632
22.583004347202472,0.3799458150685683,1.0632017896261632
22.59590749117676,0.3602301814532314,1.0753979928439863
22.59590749117676,0.3602301814532314,1.0753979928439863
22.59590749117676,0.3602301814532314,1.0753979928439863
22.601683211829382,0.3514050460847893,1.0808572718343703
22.601683211829382,0.3514050460847893,1.0808572718343703
22.601294087140694,0.35175269394596337,1.0804344364487886
22.555633802917544,0.36732612867941977,1.0782677062574697
22.555633802917544,0.36732612867941977,1.0782677062574697
22.555633802917544,0.36732612867941977,1.0782677062574697
22.555633802917544,0.36732612867941977,1.0782677062574697
22.555633802917544,0.36732612867941977,1.0782677062574697
22.559642689161446,0.3689126278493469,1.0761653069679875
22.57098095582199,0.30355679611978764,1.0803405721900807
22.57098095582199,0.30355679611978764,1.0803405721900807
22.57098095582199,0.30355679611978764,1.0803405721900807
22.57613662301055,0.28507153095457544,1.091998647744639
22.57613662301055,0.28507153095457544,1.091998647744639
22.57613662301055,0.28507153095457544,1.091998647744639
22.57613662301055,0.28507153095457544,1.091998647744639
22.57613662301055,0.28507153095457544,1.091998647744639
22.57613662301055,0.28507153095457544,1.091998647744639
22.57613662301055,0.28507153095457544,1.091998647744639
22.57613662301055,0.28507153095457544,1.091998647744639
22.577668097021206,0.2834983845588826,1.0936882744803873
22.577668097021206,0.2834983845588826,1.0936882744803873
22.577668097021206,0.2834983845588826,1.0936882744803873
22.577668097021206,0.2834983845588826,1.0936882744803873
22.565409848271496,0.24542037455847712,1.0901729923410493
22.565409848271496,0.24542037455847712,1.0901729923410493
22.565409848271496,0.24542037455847712,1.0901729923410493
22.565409848271496,0.24542037455847712,1.0901729923410493
22.565409848271496,0.24542037455847712,1.0901729923410493
22.538519971014562,0.21167144189802514,1.0729836773343056
22.538519971014562,0.21167144189802514,1.0729836773343056
22.538519971014562,0.21167144189802514,1.0729836773343056
22.538519971014562,0.21167144189802514,1.0729836773343056
22.538519971014562,0.21167144189802514,1.0729836773343056
22.538519971014562,0.21167144189802514,1.0729836773343056
22.538519971014562,0.21167144189802514,1.0729836773343056
22.525278142922648,0.16177392147536065,1.0732784743804311
22.525278142922648,0.16177392147536065,1.0732784743804311
22.525278142922648,0.16177392147536065,1.0732784743804311
22.525278142922648,0.16177392147536065,1.0732784743804311
22.525278142922648,0.16177392147536065,1.0732784743804311
22.525278142922648,0.16177392147536065,1.0732784743804311
22.525278142922648,0.16177392147536065,1.0732784743804311
22.525278142922648,0.16177392147536065,1.0732784743804311
22.51030365906698,0.15440667443875608,1.0750752398056334
22.484302044906006,0.19461151254350373,1.0735977983692597
22.485057024911256,0.19692464248526614,1.0740473729160136
22.46469568975963,0.16058309394919598,1.0939679186157056
22.46469568975963,0.16058309394919598,1.0939679186157056
22.46469568975963,0.16058309394919598,1.0939679186157056
22.46469568975963,0.16058309394919598,1.0939679186157056
22.46469568975963,0.16058309394919598,1.0939679186157056
22.457167280622865,0.11708775155409529,1.0639947378742676
22.457167280622865,0.11708775155409529,1.0639947378742676
22.457167280622865,0.11708775155409529,1.0639947378742676
22.438949655423084,0.107718499198583,1.0636866834401513
22.440989800432643,0.09370688010980677,1.0736261518291732
22.458214648979947,0.08521669439684751,1.067800102942242
22.458214648979947,0.08521669439684751,1.067800102942242
22.4439401666826,0.13421012377309433,1.0655243480845833
22.445610797879727,0.11969192399741488,1.0613150351938438
22.451266056332503,0.11574588197799036,1.0600391249263703
22.451266056332503,0.11574588197799036,1.0600391249263703
23.132183221964606,0.5640853265713286,1.0514016968507234
23.132183221964606,0.5640853265713286,1.0514016968507234
23.132183221964606,0.5640853265713286,1.0514016968507234
23.132183221964606,0.5640853265713286,1.0514016968507234
23.132183221964606,0.5640853265713286,1.0514016968507234
23.132183221964606,0.5640853265713286,1.0514016968507234
22.850608182632403,0.45030357033705387,1.077775727685488
22.850608182632403,0.45030357033705387,1.077775727685488
22.850608182632403,0.45030357033705387,1.077775727685488
22.850608182632403,0.45030357033705387,1.077775727685488
22.8300905521505,0.48873620433044496,1.0868198511058864
22.8300905521505,0.48873620433044496,1.0868198511058864
22.8300905521505,0.48873620433044496,1.0868198511058864
22.8300905521505,0.48873620433044496,1.0868198511058864
22.777163882699547,0.6609939356444416,1.0760995217608074
22.74400878404675,0.6101433923549386,1.0818476542236317
22.74400878404675,0.6101433923549386,1.0818476542236317
22.74400878404675,0.6101433923549386,1.0818476542236317
22.74400878404675,0.6101433923549386,1.0818476542236317
22.74400878404675,0.6101433923549386,1.0818476542236317
22.74400878404675,0.6101433923549386,1.0818476542236317
22.74400878404675,0.6101433923549386,1.0818476542236317
22.74400878404675,0.6101433923549386,1.0818476542236317
22.74400878404675,0.6101433923549386,1.0818476542236317
22.74400878404675,0.6101433923549386,1.0818476542236317
22.70405633802447,0.5565062100441902,1.0771587143722536
22.606307340734013,0.5663815698109014,1.078752399098557
22.589983203493386,0.5663061447532785,1.0790607810948034
22.589983203493386,0.5663061447532785,1.0790607810948034
22.614926332245364,0.6195974794368573,1.0807919801463566
22.614926332245364,0.6195974794368573,1.0807919801463566
22.614926332245364,0.6195974794368573,1.0807919801463566
22.614926332245364,0.6195974794368573,1.0807919801463566
22.614926332245364,0.6195974794368573,1.0807919801463566
22.648205708401356,0.5344074950130476,1.069634359354764
22.648205708401356,0.5344074950130476,1.069634359354764
22.54874265449454,0.5565465230783704,1.0671227345118728
22.54874265449454,0.5565465230783704,1.0671227345118728
22.54874265449454,0.5565465230783704,1.0671227345118728
22.546786387659825,0.4816509096017452,1.072423550086728
22.572052794854486,0.33727930641183174,1.0865499537000751
22.572052794854486,0.33727930641183174,1.0865499537000751
22.573751787799885,0.3330003164585288,1.0831932012376821
22.573751787799885,0.3330003164585288,1.0831932012376821
22.573751787799885,0.3330003164585288,1.0831932012376821
22.58053836230172,0.24357220340509977,1.0829594452305962
22.58053836230172,0.24357220340509977,1.0829594452305962
22.58053836230172,0.24357220340509977,1.0829594452305962
22.58053836230172,0.24357220340509977,1.0829594452305962
22.55465095978789,0.3871120035403851,1.0722226941695323
22.554815554653334,0.38876724239324456,1.0720698655708651
22.554815554653334,0.38876724239324456,1.0720698655708651
22.554815554653334,0.38876724239324456,1.0720698655708651
22.568402832561045,0.3737462744551166,1.0779259673692319
22.568469624644514,0.37299419730457684,1.077925079210883
22.568469624644514,0.37299419730457684,1.077925079210883
22.568469624644514,0.37299419730457684,1.077925079210883
22.568469624644514,0.37299419730457684,1.077925079210883
22.574909473258913,0.36075436123544363,1.0781467851925863
22.574909473258913,0.36075436123544363,1.0781467851925863
22.566885871531277,0.37027151946667003,1.0749768523370338
22.566885871531277,0.37027151946667003,1.0749768523370338
22.566885871531277,0.37027151946667003,1.0749768523370338
22.566885871531277,0.37027151946667003,1.0749768523370338
22.566885871531277,0.37027151946667003,1.0749768523370338
22.566885871531277,0.37027151946667003,1.0749768523370338
22.571405099525197,0.3403940178162929,1.0769833979831658
22.571405099525197,0.3403940178162929,1.0769833979831658
22.571405099525197,0.3403940178162929,1.0769833979831658
22.571405099525197,0.3403940178162929,1.0769833979831658
22.539338837813663,0.2845019735597591,1.0715617052150819
22.539338837813663,0.2845019735597591,1.0715617052150819
22.539338837813663,0.2845019735597591,1.0715617052150819
22.539338837813663,0.2845019735597591,1.0715617052150819
22.539338837813663,0.2845019735597591,1.0715617052150819
22.539338837813663,0.2845019735597591,1.0715617052150819
22.539338837813663,0.2845019735597591,1.0715617052150819
22.539338837813663,0.2845019735597591,1.0715617052150819
22.539338837813663,0.2845019735597591,1.0715617052150819
22.539338837813663,0.2845019735597591,1.0715617052150819
22.539338837813663,0.2845019735597591,1.0715617052150819
22.539338837813663,0.2845019735597591,1.0715617052150819
22.539338837813663,0.2845019735597591,1.0715617052150819
22.539338837813663,0.2845019735597591,1.0715617052150819
22.539338837813663,0.2845019735597591,1.0715617052150819
22.548699581979548,0.2663363439773771,1.0744809970798979
22.548699581979548,0.2663363439773771,1.0744809970798979
22.534068213050507,0.2067409519507412,1.0737560799884813
22.534068213050507,0.2067409519507412,1.0737560799884813
22.534068213050507,0.2067409519507412,1.0737560799884813
22.534068213050507,0.2067409519507412,1.0737560799884813
22.55706357962434,0.2769262305607985,1.0519799363696167
22.55706357962434,0.2769262305607985,1.0519799363696167
22.55706357962434,0.2769262305607985,1.0519799363696167
22.54734730017506,0.2518779885772716,1.0569169044782636
22.54734730017506,0.2518779885772716,1.0569169044782636
22.54734730017506,0.2518779885772716,1.0569169044782636
22.54734730017506,0.2518779885772716,1.0569169044782636
22.54734730017506,0.2518779885772716,1.0569169044782636
22.54734730017506,0.2518779885772716,1.0569169044782636
22.54734730017506,0.2518779885772716,1.0569169044782636
22.54734730017506,0.2518779885772716,1.0569169044782636
22.54734730017506,0.2518779885772716,1.0569169044782636
22.54734730017506,0.2518779885772716,1.0569169044782636
22.54734730017506,0.2518779885772716,1.0569169044782636
22.54734730017506,0.2518779885772716,1.0569169044782636
22.54734730017506,0.2518779885772716,1.0569169044782636
22.54734730017506,0.2518779885772716,1.0569169044782636
22.54734730017506,0.2518779885772716,1.0569169044782636
22.505647536178486,0.17552660288753769,1.0468962801374513
22.505647536178486,0.17552660288753769,1.0468962801374513
22.505647536178486,0.17552660288753769,1.0468962801374513
22.505647536178486,0.17552660288753769,1.0468962801374513
22.505647536178486,0.17552660288753769,1.0468962801374513
22.505647536178486,0.17552660288753769,1.0468962801374513
22.512312481235263,0.15676631265801166,1.0472177611552844
22.512312481235263,0.15676631265801166,1.0472177611552844
22.512312481235263,0.15676631265801166,1.0472177611552844
22.512312481235263,0.15676631265801166,1.0472177611552844
22.522464120183155,0.11000402165060633,1.0527104659880093
58.6025308950031,0.13104466898786438,1.1015354238439876
58.6025308950031,0.13104466898786438,1.1015354238439876
58.6025308950031,0.13104466898786438,1.1015354238439876
58.6025308950031,0.13104466898786438,1.1015354238439876
58.6025308950031,0.13104466898786438,1.1015354238439876
58.6025308950031,0.13104466898786438,1.1015354238439876
58.6025308950031,0.13104466898786438,1.1015354238439876
58.6025308950031,0.13104466898786438,1.1015354238439876
58.6025308950031,0.13104466898786438,1.1015354238439876
58.6025308950031,0.13104466898786438,1.1015354238439876
58.6025308950031,0.13104466898786438,1.1015354238439876
58.6025308950031,0.13104466898786438,1.1015354238439876
58.6025308950031,0.13104466898786438,1.1015354238439876
58.6025308950031,0.13104466898786438,1.1015354238439876
58.6025308950031,0.13104466898786438,1.1015354238439876
58.6025308950031,0.13104466898786438,1.1015354238439876
58.6025308950031,0.13104466898786438,1.1015354238439876
58.6025308950031,0.13104466898786438,1.1015354238439876
58.6025308950031,0.13104466898786438,1.1015354238439876
58.6025308950031,0.13104466898786438,1.1015354238439876
58.6025308950031,0.13104466898786438,1.1015354238439876
58.6025308950031,0.13104466898786438,1.1015354238439876
58.6025308950031,0.13104466898786438,1.1015354238439876
58.6025308950031,0.13104466898786438,1.1015354238439876
58.6025308950031,0.13104466898786438,1.1015354238439876
58.6025308950031,0.13104466898786438,1.1015354238439876
58.6025308950031,0.13104466898786438,1.1015354238439876
58.6025308950031,0.13104466898786438,1.1015354238439876
58.6025308950031,0.13104466898786438,1.1015354238439876
58.6025308950031,0.13104466898786438,1.1015354238439876
43.39533646416939,0.3851067704496022,1.0740499837201185
43.39533646416939,0.3851067704496022,1.0740499837201185
43.39533646416939,0.3851067704496022,1.0740499837201185
43.39533646416939,0.3851067704496022,1.0740499837201185
43.39533646416939,0.3851067704496022,1.0740499837201185
43.39533646416939,0.3851067704496022,1.0740499837201185
43.39533646416939,0.3851067704496022,1.0740499837201185
43.39533646416939,0.3851067704496022,1.0740499837201185
43.39533646416939,0.3851067704496022,1.0740499837201185
43.39533646416939,0.3851067704496022,1.0740499837201185
43.39533646416939,0.3851067704496022,1.0740499837201185
34.71734390075301,0.3633276053896342,1.0844313944901127
34.71734390075301,0.3633276053896342,1.0844313944901127
29.233292189269687,0.2619402100667566,1.089931938829315
29.233292189269687,0.2619402100667566,1.089931938829315
29.233292189269687,0.2619402100667566,1.089931938829315
29.233292189269687,0.2619402100667566,1.089931938829315
27.4945212256795,0.24949291502597365,1.0637372822809508
27.4945212256795,0.24949291502597365,1.0637372822809508
27.4945212256795,0.24949291502597365,1.0637372822809508
27.4945212256795,0.24949291502597365,1.0637372822809508
27.4945212256795,0.24949291502597365,1.0637372822809508
27.4945212256795,0.24949291502597365,1.0637372822809508
27.4945212256795,0.24949291502597365,1.0637372822809508
28.445589758299555,0.234306201830685,1.0650466715927998
28.445589758299555,0.234306201830685,1.0650466715927998
28.445589758299555,0.234306201830685,1.0650466715927998
28.445589758299555,0.234306201830685,1.0650466715927998
28.445589758299555,0.234306201830685,1.0650466715927998
28.445589758299555,0.234306201830685,1.0650466715927998
28.445589758299555,0.234306201830685,1.0650466715927998
28.445589758299555,0.234306201830685,1.0650466715927998
28.445589758299555,0.234306201830685,1.0650466715927998
28.445589758299555,0.234306201830685,1.0650466715927998
28.445589758299555,0.234306201830685,1.0650466715927998
28.445589758299555,0.234306201830685,1.0650466715927998
28.445589758299555,0.234306201830685,1.0650466715927998
28.445589758299555,0.234306201830685,1.0650466715927998
28.445589758299555,0.234306201830685,1.0650466715927998
29.48143319034841,0.21524174379358177,1.0696785457628448
29.48143319034841,0.21524174379358177,1.0696785457628448
29.48143319034841,0.21524174379358177,1.0696785457628448
29.48143319034841,0.21524174379358177,1.0696785457628448
29.48143319034841,0.21524174379358177,1.0696785457628448
29.48143319034841,0.21524174379358177,1.0696785457628448
29.48143319034841,0.21524174379358177,1.0696785457628448
22.565532493056253,0.24361802142260192,1.0635078898470935
22.565532493056253,0.24361802142260192,1.0635078898470935
22.565532493056253,0.24361802142260192,1.0635078898470935
22.565532493056253,0.24361802142260192,1.0635078898470935
22.549213106386915,0.24959896656492178,1.0481262892540661
22.549213106386915,0.24959896656492178,1.0481262892540661
22.549213106386915,0.24959896656492178,1.0481262892540661
22.549213106386915,0.24959896656492178,1.0481262892540661
22.549213106386915,0.24959896656492178,1.0481262892540661
22.549213106386915,0.24959896656492178,1.0481262892540661
22.594984927917718,0.2370762371741072,1.030633733090581
22.594984927917718,0.2370762371741072,1.030633733090581
22.594984927917718,0.2370762371741072,1.030633733090581
22.594984927917718,0.2370762371741072,1.030633733090581
22.594984927917718,0.2370762371741072,1.030633733090581
22.594984927917718,0.2370762371741072,1.030633733090581
22.594984927917718,0.2370762371741072,1.030633733090581
22.5843106946568,0.20959557744753335,1.024215422616885
22.58926008349996,0.19066190139984196,1.0265371839511528
22.58926008349996,0.19066190139984196,1.0265371839511528
22.58926008349996,0.19066190139984196,1.0265371839511528
22.58926008349996,0.19066190139984196,1.0265371839511528
22.58926008349996,0.19066190139984196,1.0265371839511528
22.58926008349996,0.19066190139984196,1.0265371839511528
22.58926008349996,0.19066190139984196,1.0265371839511528
22.563400441737723,0.1720268783478051,1.0212058436447915
22.563400441737723,0.1720268783478051,1.0212058436447915
22.563400441737723,0.1720268783478051,1.0212058436447915
22.563400441737723,0.1720268783478051,1.0212058436447915
22.563400441737723,0.1720268783478051,1.0212058436447915
22.563400441737723,0.1720268783478051,1.0212058436447915
22.563400441737723,0.1720268783478051,1.0212058436447915
22.563400441737723,0.1720268783478051,1.0212058436447915
22.563400441737723,0.1720268783478051,1.0212058436447915
22.55474729975494,0.2175746459612331,1.0157549910529133
22.50731711280009,0.1522924159073593,1.0237053203272632
22.499876340909132,0.1657177459661988,1.0221815807803019
22.499876340909132,0.1657177459661988,1.0221815807803019
22.499876340909132,0.1657177459661988,1.0221815807803019
22.499876340909132,0.1657177459661988,1.0221815807803019
22.499876340909132,0.1657177459661988,1.0221815807803019
22.497854292400934,0.17394272481523476,1.024409487309562
22.489766263205382,0.18711673270269344,1.0178166554195032
22.489766263205382,0.18711673270269344,1.0178166554195032
59.640081158125454,0.7700897544077481,0.9627976260407342
59.59422909387717,0.7697100376801023,0.9629227669265299
59.59422909387717,0.7697100376801023,0.9629227669265299
59.59422909387717,0.7697100376801023,0.9629227669265299
43.44519929484807,0.6527973472342975,1.014544070223607
43.44519929484807,0.6527973472342975,1.014544070223607
43.44519929484807,0.6527973472342975,1.014544070223607
43.44519929484807,0.6527973472342975,1.014544070223607
43.44519929484807,0.6527973472342975,1.014544070223607
43.44519929484807,0.6527973472342975,1.014544070223607
43.44519929484807,0.6527973472342975,1.014544070223607
43.44519929484807,0.6527973472342975,1.014544070223607
43.44519929484807,0.6527973472342975,1.014544070223607
33.317570661532855,0.6883616742414792,0.9353230413552623
31.596763918574865,0.6330729566848305,0.9771525898334081
31.596763918574865,0.6330729566848305,0.9771525898334081
31.596763918574865,0.6330729566848305,0.9771525898334081
31.596763918574865,0.6330729566848305,0.9771525898334081
27.62687695191767,0.6062919419885548,1.0245740873690794
27.62687695191767,0.6062919419885548,1.0245740873690794
27.62687695191767,0.6062919419885548,1.0245740873690794
27.62687695191767,0.6062919419885548,1.0245740873690794
25.789963168919126,0.6647778916861548,1.0396652201816836
25.425403272988344,0.6779783703923914,1.039690777582528
25.425403272988344,0.6779783703923914,1.039690777582528
25.425403272988344,0.6779783703923914,1.039690777582528
25.425403272988344,0.6779783703923914,1.039690777582528
25.425403272988344,0.6779783703923914,1.039690777582528
25.425403272988344,0.6779783703923914,1.039690777582528
25.425403272988344,0.6779783703923914,1.039690777582528
25.425403272988344,0.6779783703923914,1.039690777582528
25.425403272988344,0.6779783703923914,1.039690777582528
25.425403272988344,0.6779783703923914,1.039690777582528
25.425403272988344,0.6779783703923914,1.039690777582528
25.425403272988344,0.6779783703923914,1.039690777582528
24.646212896372607,0.6635064950307284,1.045431384913087
24.646212896372607,0.6635064950307284,1.045431384913087
24.646212896372607,0.6635064950307284,1.045431384913087
24.646212896372607,0.6635064950307284,1.045431384913087
24.646212896372607,0.6635064950307284,1.045431384913087
24.04024567734944,0.5906250119933639,1.0466703068629182
24.04024567734944,0.5906250119933639,1.0466703068629182
23.707081294906924,0.5505543389843842,1.0473514735223546
23.707081294906924,0.5505543389843842,1.0473514735223546
23.707081294906924,0.5505543389843842,1.0473514735223546
23.51415417802697,0.5273504197707337,1.0477459200077692
23.51415417802697,0.5273504197707337,1.0477459200077692
23.51415417802697,0.5273504197707337,1.0477459200077692
23.43610731028882,0.51796349043098,1.0479054896586033
23.43610731028882,0.51796349043098,1.0479054896586033
23.43610731028882,0.51796349043098,1.0479054896586033
23.43610731028882,0.51796349043098,1.0479054896586033
23.43610731028882,0.51796349043098,1.0479054896586033
23.43610731028882,0.51796349043098,1.0479054896586033
23.43610731028882,0.51796349043098,1.0479054896586033
23.43610731028882,0.51796349043098,1.0479054896586033
23.429340293278358,0.514202732514263,1.0472719534454755
23.429340293278358,0.514202732514263,1.0472719534454755
23.429340293278358,0.514202732514263,1.0472719534454755
23.429340293278358,0.514202732514263,1.0472719534454755
23.429340293278358,0.514202732514263,1.0472719534454755
23.303014830704026,0.4915514099201739,1.0456568961510004
23.42725919817886,0.5573329502416913,1.038698937434195
23.42725919817886,0.5573329502416913,1.038698937434195
23.42725919817886,0.5573329502416913,1.038698937434195
23.42725919817886,0.5573329502416913,1.038698937434195
23.42725919817886,0.5573329502416913,1.038698937434195
23.42725919817886,0.5573329502416913,1.038698937434195
23.319306277756645,0.5338931697673793,1.041922143847751
23.319306277756645,0.5338931697673793,1.041922143847751
23.319306277756645,0.5338931697673793,1.041922143847751
23.319306277756645,0.5338931697673793,1.041922143847751
23.319306277756645,0.5338931697673793,1.041922143847751
23.319306277756645,0.5338931697673793,1.041922143847751
23.319306277756645,0.5338931697673793,1.041922143847751
23.319306277756645,0.5338931697673793,1.041922143847751
23.319306277756645,0.5338931697673793,1.041922143847751
23.319306277756645,0.5338931697673793,1.041922143847751
23.319306277756645,0.5338931697673793,1.041922143847751
23.319306277756645,0.5338931697673793,1.041922143847751
23.319306277756645,0.5338931697673793,1.041922143847751
23.319306277756645,0.5338931697673793,1.041922143847751
23.319306277756645,0.5338931697673793,1.041922143847751
23.319306277756645,0.5338931697673793,1.041922143847751
23.347542092378475,0.5490144857196882,1.0415262612245513
23.347542092378475,0.5490144857196882,1.0415262612245513
23.347542092378475,0.5490144857196882,1.0415262612245513
23.347542092378475,0.5490144857196882,1.0415262612245513
23.347542092378475,0.5490144857196882,1.0415262612245513
23.347542092378475,0.5490144857196882,1.0415262612245513
23.347542092378475,0.5490144857196882,1.0415262612245513
23.347542092378475,0.5490144857196882,1.0415262612245513
23.347542092378475,0.5490144857196882,1.0415262612245513
23.347542092378475,0.5490144857196882,1.0415262612245513
23.347542092378475,0.5490144857196882,1.0415262612245513
23.347542092378475,0.5490144857196882,1.0415262612245513
23.296956901146004,0.5280980892535647,1.0428402929936131
23.296956901146004,0.5280980892535647,1.0428402929936131
23.296956901146004,0.5280980892535647,1.0428402929936131
23.296956901146004,0.5280980892535647,1.0428402929936131
23.296956901146004,0.5280980892535647,1.0428402929936131
23.296956901146004,0.5280980892535647,1.0428402929936131
23.296956901146004,0.5280980892535647,1.0428402929936131
23.296956901146004,0.5280980892535647,1.0428402929936131
23.296956901146004,0.5280980892535647,1.0428402929936131
23.296956901146004,0.5280980892535647,1.0428402929936131
23.29662616002095,0.5405726304701817,1.0395788098109473
23.29662616002095,0.5405726304701817,1.0395788098109473
23.341669730015674,0.5563429970445974,1.0392180115493823
23.341669730015674,0.5563429970445974,1.0392180115493823
23.341669730015674,0.5563429970445974,1.0392180115493823
23.341669730015674,0.5563429970445974,1.0392180115493823
23.341669730015674,0.5563429970445974,1.0392180115493823
23.341669730015674,0.5563429970445974,1.0392180115493823
23.28448758971462,0.5181309664790114,1.0387674002470824
23.28448758971462,0.5181309664790114,1.0387674002470824
23.28448758971462,0.5181309664790114,1.0387674002470824
23.28448758971462,0.5181309664790114,1.0387674002470824
23.28448758971462,0.5181309664790114,1.0387674002470824
23.28448758971462,0.5181309664790114,1.0387674002470824
22.681178168398862,0.5432183974291838,1.0961975596788425
22.681178168398862,0.5432183974291838,1.0961975596788425
22.587589787953256,0.5879617461687076,1.065279974734218
22.623248188209715,0.4662363372168636,1.059790866067704
22.623248188209715,0.4662363372168636,1.059790866067704
22.66513335994795,0.48436445736661776,1.0519702147549392
22.66513335994795,0.48436445736661776,1.0519702147549392
22.679124902160826,0.4838638059202483,1.048018957568544
22.625686311178242,0.6782291051964646,1.0426433319970025
22.625686311178242,0.6782291051964646,1.0426433319970025
22.625686311178242,0.6782291051964646,1.0426433319970025
22.625686311178242,0.6782291051964646,1.0426433319970025
22.625686311178242,0.6782291051964646,1.0426433319970025
22.625686311178242,0.6782291051964646,1.0426433319970025
22.625686311178242,0.6782291051964646,1.0426433319970025
22.625686311178242,0.6782291051964646,1.0426433319970025
22.625686311178242,0.6782291051964646,1.0426433319970025
22.625686311178242,0.6782291051964646,1.0426433319970025
22.625686311178242,0.6782291051964646,1.0426433319970025
22.586676827645338,0.6495885420553373,1.0493535144667487
22.586676827645338,0.6495885420553373,1.0493535144667487
22.586676827645338,0.6495885420553373,1.0493535144667487
22.593175019178915,0.4640635919704261,1.070994386583412
22.593175019178915,0.4640635919704261,1.070994386583412
22.593175019178915,0.4640635919704261,1.070994386583412
22.59006314075578,0.4705938538312035,1.0719290937697077
22.595555622821152,0.4348253490815044,1.07132339961138
22.595555622821152,0.4348253490815044,1.07132339961138
22.595555622821152,0.4348253490815044,1.07132339961138
22.61414828205256,0.436112755359982,1.0684193327731806
22.59453032742197,0.40042440252037176,1.045488333200195
22.59453032742197,0.40042440252037176,1.045488333200195
22.606295428650593,0.4057185229843671,1.0470426232625123
22.612812735153447,0.4503746374760009,1.0504562327707818
22.612812735153447,0.4503746374760009,1.0504562327707818
22.612812735153447,0.4503746374760009,1.0504562327707818
22.612812735153447,0.4503746374760009,1.0504562327707818
22.61298384022044,0.450591147133449,1.0503461110594385
22.61298384022044,0.450591147133449,1.0503461110594385
22.61298384022044,0.450591147133449,1.0503461110594385
22.614368819256452,0.40857056494666977,1.039656627617011
22.614368819256452,0.40857056494666977,1.039656627617011
22.614368819256452,0.40857056494666977,1.039656627617011
22.614368819256452,0.40857056494666977,1.039656627617011
22.614368819256452,0.40857056494666977,1.039656627617011
22.614368819256452,0.40857056494666977,1.039656627617011
22.614368819256452,0.40857056494666977,1.039656627617011
22.614368819256452,0.40857056494666977,1.039656627617011
22.614368819256452,0.40857056494666977,1.039656627617011
22.61614338994137,0.4141989106295774,1.0384916901454995
22.662544310081937,0.4004776083393242,1.0433137494781994
22.662544310081937,0.4004776083393242,1.0433137494781994
22.662544310081937,0.4004776083393242,1.0433137494781994
22.662544310081937,0.4004776083393242,1.0433137494781994
22.662544310081937,0.4004776083393242,1.0433137494781994
22.662544310081937,0.4004776083393242,1.0433137494781994
22.662544310081937,0.4004776083393242,1.0433137494781994
22.662544310081937,0.4004776083393242,1.0433137494781994
22.662544310081937,0.4004776083393242,1.0433137494781994
22.643017151574877,0.3985153795842323,1.0436832896818453
22.643017151574877,0.3985153795842323,1.0436832896818453
22.650991682817693,0.3980925561366102,1.045802450927722
22.650991682817693,0.3980925561366102,1.045802450927722
22.620654578729834,0.3633892052687222,1.0461480850926996
22.620654578729834,0.3633892052687222,1.0461480850926996
22.620654578729834,0.3633892052687222,1.0461480850926996
22.620654578729834,0.3633892052687222,1.0461480850926996
22.610351922758074,0.3505685154388767,1.0449920374675379
22.607265080164094,0.3337492263204946,1.045178524955097
22.55782590299656,0.2710633773997265,1.037320774612803
22.55782590299656,0.2710633773997265,1.037320774612803
22.55782590299656,0.2710633773997265,1.037320774612803
22.55782590299656,0.2710633773997265,1.037320774612803
22.55782590299656,0.2710633773997265,1.037320774612803
22.570812961204442,0.25457368854840623,1.0370052344577563
22.570812961204442,0.25457368854840623,1.0370052344577563
22.570812961204442,0.25457368854840623,1.0370052344577563
22.570812961204442,0.25457368854840623,1.0370052344577563
22.570812961204442,0.25457368854840623,1.0370052344577563
22.570812961204442,0.25457368854840623,1.0370052344577563
22.570812961204442,0.25457368854840623,1.0370052344577563
22.570812961204442,0.25457368854840623,1.0370052344577563
22.567853721282727,0.2608966698256254,1.0375231714901278
22.517541188052867,0.16928343423358055,1.0198198031674048
22.517541188052867,0.16928343423358055,1.0198198031674048
22.517541188052867,0.16928343423358055,1.0198198031674048
22.517541188052867,0.16928343423358055,1.0198198031674048
22.517541188052867,0.16928343423358055,1.0198198031674048
22.517541188052867,0.16928343423358055,1.0198198031674048
22.517541188052867,0.16928343423358055,1.0198198031674048
22.517541188052867,0.16928343423358055,1.0198198031674048
22.531467375117213,0.13386067402226082,0.9969276921048381
22.531467375117213,0.13386067402226082,0.9969276921048381
22.55121388958066,0.148198419006204,0.9974494488627875
22.546430692690567,0.15556343261725034,1.0028593975918296
22.541236608878066,0.18209225959300265,1.0003366813844052
22.535345377728174,0.17565235562396794,1.0000154010582376
22.535345377728174,0.17565235562396794,1.0000154010582376
22.53169632617879,0.1849272778725592,1.0141496603311118
22.53169632617879,0.1849272778725592,1.0141496603311118
22.53169632617879,0.1849272778725592,1.0141496603311118
22.53169632617879,0.1849272778725592,1.0141496603311118
22.53169632617879,0.1849272778725592,1.0141496603311118
22.51901271391789,0.13879933646819806,1.0294682333034317
22.51901271391789,0.13879933646819806,1.0294682333034317
22.51901271391789,0.13879933646819806,1.0294682333034317
22.51901271391789,0.13879933646819806,1.0294682333034317
22.504998881683047,0.0878336321497234,1.0463933731843635
22.504998881683047,0.0878336321497234,1.0463933731843635
22.504998881683047,0.0878336321497234,1.0463933731843635
22.50243387371512,0.08910309482745143,1.0465888495792948
22.50243387371512,0.08910309482745143,1.0465888495792948
22.545126634531236,0.0768554073962267,1.0499984508940559
22.545126634531236,0.0768554073962267,1.0499984508940559
22.545126634531236,0.0768554073962267,1.0499984508940559
22.545126634531236,0.0768554073962267,1.0499984508940559
22.545126634531236,0.0768554073962267,1.0499984508940559
22.545126634531236,0.0768554073962267,1.0499984508940559
22.548338425593183,0.06697308308340902,1.0460751962122032
22.548338425593183,0.06697308308340902,1.0460751962122032
22.60113704555014,0.36623672065704477,0.9814355625493927
22.60113704555014,0.36623672065704477,0.9814355625493927
22.60113704555014,0.36623672065704477,0.9814355625493927
22.6046988525181,0.2752362678056821,0.9721247712950124
22.6046988525181,0.2752362678056821,0.9721247712950124
22.6046988525181,0.2752362678056821,0.9721247712950124
22.6046988525181,0.2752362678056821,0.9721247712950124
22.6046988525181,0.2752362678056821,0.9721247712950124
22.6046988525181,0.2752362678056821,0.9721247712950124
22.6046988525181,0.2752362678056821,0.9721247712950124
22.59056130577551,0.30252030335287033,0.983120085641945
22.59056130577551,0.30252030335287033,0.983120085641945
22.59056130577551,0.30252030335287033,0.983120085641945
22.59056130577551,0.30252030335287033,0.983120085641945
22.59056130577551,0.30252030335287033,0.983120085641945
22.59056130577551,0.30252030335287033,0.983120085641945
22.59056130577551,0.30252030335287033,0.983120085641945
22.59056130577551,0.30252030335287033,0.983120085641945
22.59056130577551,0.30252030335287033,0.983120085641945
22.59056130577551,0.30252030335287033,0.983120085641945
22.59056130577551,0.30252030335287033,0.983120085641945
22.59056130577551,0.30252030335287033,0.983120085641945
22.59056130577551,0.30252030335287033,0.983120085641945
22.59056130577551,0.30252030335287033,0.983120085641945
22.59056130577551,0.30252030335287033,0.983120085641945
22.59056130577551,0.30252030335287033,0.983120085641945
22.59056130577551,0.30252030335287033,0.983120085641945
22.59056130577551,0.30252030335287033,0.983120085641945
22.59056130577551,0.30252030335287033,0.983120085641945
22.59056130577551,0.30252030335287033,0.983120085641945
22.59056130577551,0.30252030335287033,0.983120085641945
22.552065225900357,0.14763856016401244,0.9637701727283572
22.552065225900357,0.14763856016401244,0.9637701727283572
22.552065225900357,0.14763856016401244,0.9637701727283572
22.552065225900357,0.14763856016401244,0.9637701727283572
22.552065225900357,0.14763856016401244,0.9637701727283572
22.552065225900357,0.14763856016401244,0.9637701727283572
22.552065225900357,0.14763856016401244,0.9637701727283572
22.552065225900357,0.14763856016401244,0.9637701727283572
22.552065225900357,0.14763856016401244,0.9637701727283572
22.54490870491595,0.09376746948487075,0.9450508391158293
22.54490870491595,0.09376746948487075,0.9450508391158293
22.54490870491595,0.09376746948487075,0.9450508391158293
22.54490870491595,0.09376746948487075,0.9450508391158293
22.54490870491595,0.09376746948487075,0.9450508391158293
22.54490870491595,0.09376746948487075,0.9450508391158293
22.54490870491595,0.09376746948487075,0.9450508391158293
22.54490870491595,0.09376746948487075,0.9450508391158293
22.54490870491595,0.09376746948487075,0.9450508391158293
22.54490870491595,0.09376746948487075,0.9450508391158293
22.54906964047738,0.2241424401427704,0.986516443469748
22.563602928925977,0.06327912514308398,0.9550392232407687
22.563602928925977,0.06327912514308398,0.9550392232407687
22.563602928925977,0.06327912514308398,0.9550392232407687
22.563602928925977,0.06327912514308398,0.9550392232407687
22.563602928925977,0.06327912514308398,0.9550392232407687
22.575223028267754,0.052781987221138006,0.9821402779554751
22.575223028267754,0.052781987221138006,0.9821402779554751
22.575223028267754,0.052781987221138006,0.9821402779554751
22.575223028267754,0.052781987221138006,0.9821402779554751
22.575223028267754,0.052781987221138006,0.9821402779554751
22.575223028267754,0.052781987221138006,0.9821402779554751
22.575223028267754,0.052781987221138006,0.9821402779554751
22.575223028267754,0.052781987221138006,0.9821402779554751
22.575223028267754,0.052781987221138006,0.9821402779554751
22.575223028267754,0.052781987221138006,0.9821402779554751
22.575223028267754,0.052781987221138006,0.9821402779554751
22.575223028267754,0.052781987221138006,0.9821402779554751
22.576641881893693,0.04636401133905123,0.9680714264476827
22.576641881893693,0.04636401133905123,0.9680714264476827
22.576641881893693,0.04636401133905123,0.9680714264476827
22.576641881893693,0.04636401133905123,0.9680714264476827
22.576641881893693,0.04636401133905123,0.9680714264476827
22.547658672131305,0.0565649427300985,0.9738364293528607
22.547658672131305,0.0565649427300985,0.9738364293528607
22.547658672131305,0.0565649427300985,0.9738364293528607
22.53934461269399,0.05424506369136886,0.9823614823215605
22.53934461269399,0.05424506369136886,0.9823614823215605
22.53934461269399,0.05424506369136886,0.9823614823215605
22.53934461269399,0.05424506369136886,0.9823614823215605
22.53934461269399,0.05424506369136886,0.9823614823215605
22.53934461269399,0.05424506369136886,0.9823614823215605
22.53934461269399,0.05424506369136886,0.9823614823215605
22.53934461269399,0.05424506369136886,0.9823614823215605
22.53934461269399,0.05424506369136886,0.9823614823215605
22.538960320258607,0.05922013403157392,0.9836652161286957
22.516558584414973,0.049433230410760955,1.0062474114512765
22.516558584414973,0.049433230410760955,1.0062474114512765
22.516558584414973,0.049433230410760955,1.0062474114512765
22.57402133306677,0.018065240435333307,1.0046013011307178
22.5772517228818,0.009861393284757075,1.0018949199213887
22.5772517228818,0.009861393284757075,1.0018949199213887
22.5772517228818,0.009861393284757075,1.0018949199213887
22.5772517228818,0.009861393284757075,1.0018949199213887
22.5772517228818,0.009861393284757075,1.0018949199213887
22.53164630678737,0.041545119802421135,1.015203745326483
22.53164630678737,0.041545119802421135,1.015203745326483
22.53164630678737,0.041545119802421135,1.015203745326483
22.53164630678737,0.041545119802421135,1.015203745326483
22.53164630678737,0.041545119802421135,1.015203745326483
22.535164001938828,0.032292895753871675,1.0122412029742698
22.54734772407641,0.03628744111723374,1.0116825859803813
22.54734772407641,0.03628744111723374,1.0116825859803813
22.566767937222025,0.033515295760907796,1.017569558162437
22.566767937222025,0.033515295760907796,1.017569558162437
22.566767937222025,0.033515295760907796,1.017569558162437
22.566767937222025,0.033515295760907796,1.017569558162437
22.566767937222025,0.033515295760907796,1.017569558162437
22.61896321697751,0.03670909082365659,1.047205023140893
22.690100857131007,0.049097389640643654,1.044658980695263
22.690100857131007,0.049097389640643654,1.044658980695263
22.690100857131007,0.049097389640643654,1.044658980695263
22.6628797802294,0.06746350663290028,1.0428838023802525
22.6628797802294,0.06746350663290028,1.0428838023802525
22.6628797802294,0.06746350663290028,1.0428838023802525
22.6628797802294,0.06746350663290028,1.0428838023802525
22.6628797802294,0.06746350663290028,1.0428838023802525
22.6628797802294,0.06746350663290028,1.0428838023802525
22.682184744305715,0.0731536711017194,1.0334797822686426
22.682184744305715,0.0731536711017194,1.0334797822686426
22.637964972474265,0.7893492809795164,1.1481427727962092
22.637964972474265,0.7893492809795164,1.1481427727962092
22.637964972474265,0.7893492809795164,1.1481427727962092
22.637964972474265,0.7893492809795164,1.1481427727962092
22.637964972474265,0.7893492809795164,1.1481427727962092
22.637964972474265,0.7893492809795164,1.1481427727962092
22.63130906143111,0.7542142058923101,1.1146567066005304
22.63130906143111,0.7542142058923101,1.1146567066005304
22.63130906143111,0.7542142058923101,1.1146567066005304
22.63130906143111,0.7542142058923101,1.1146567066005304
22.63130906143111,0.7542142058923101,1.1146567066005304
22.63130906143111,0.7542142058923101,1.1146567066005304
22.738094680464588,1.0071209188078687,1.0630256449864417
22.738094680464588,1.0071209188078687,1.0630256449864417
22.738094680464588,1.0071209188078687,1.0630256449864417
22.47783519591997,0.9116263537464249,1.0653476252997087
22.47783519591997,0.9116263537464249,1.0653476252997087
22.47587026647669,0.823962573592619,1.064194558794522
22.51680504165928,0.8085495353957963,1.0697841195934488
22.51680504165928,0.8085495353957963,1.0697841195934488
22.51680504165928,0.8085495353957963,1.0697841195934488
22.51680504165928,0.8085495353957963,1.0697841195934488
22.51680504165928,0.8085495353957963,1.0697841195934488
22.51680504165928,0.8085495353957963,1.0697841195934488
22.522641211301416,0.7783104480769236,1.0741545489639903
22.522641211301416,0.7783104480769236,1.0741545489639903
22.522641211301416,0.7783104480769236,1.0741545489639903
22.522641211301416,0.7783104480769236,1.0741545489639903
22.522641211301416,0.7783104480769236,1.0741545489639903
22.522641211301416,0.7783104480769236,1.0741545489639903
22.522641211301416,0.7783104480769236,1.0741545489639903
22.522641211301416,0.7783104480769236,1.0741545489639903
22.522641211301416,0.7783104480769236,1.0741545489639903
22.522641211301416,0.7783104480769236,1.0741545489639903
22.522641211301416,0.7783104480769236,1.0741545489639903
22.556721079984733,0.6334727565924871,1.0709701850777193
22.556721079984733,0.6334727565924871,1.0709701850777193
22.51458100398869,0.62498790159913,1.0714903880161746
22.51458100398869,0.62498790159913,1.0714903880161746
22.51458100398869,0.62498790159913,1.0714903880161746
22.51458100398869,0.62498790159913,1.0714903880161746
22.486060490297337,0.5319439785654867,1.05810917555867
22.486060490297337,0.5319439785654867,1.05810917555867
22.486060490297337,0.5319439785654867,1.05810917555867
22.486060490297337,0.5319439785654867,1.05810917555867
22.486060490297337,0.5319439785654867,1.05810917555867
22.486060490297337,0.5319439785654867,1.05810917555867
22.486060490297337,0.5319439785654867,1.05810917555867
22.501444009345107,0.45591917514179314,1.0737200984530793
22.501444009345107,0.45591917514179314,1.0737200984530793
22.504039886582355,0.44107161701090764,1.0774639043510101
22.504039886582355,0.44107161701090764,1.0774639043510101
22.56233766291041,0.39830777157648295,1.084526322774
22.56233766291041,0.39830777157648295,1.084526322774
22.538125257487508,0.38687973679438414,1.0907014946804667
22.509480368760293,0.407429552006035,1.07534362712927
22.509480368760293,0.407429552006035,1.07534362712927
22.509480368760293,0.407429552006035,1.07534362712927
22.493841328676734,0.40165285955974955,1.0781183385411512
22.493841328676734,0.40165285955974955,1.0781183385411512
22.493841328676734,0.40165285955974955,1.0781183385411512
22.490476107145792,0.39873672950193084,1.079121641169697
22.490476107145792,0.39873672950193084,1.079121641169697
22.490476107145792,0.39873672950193084,1.079121641169697
22.492603887639834,0.4079124341009991,1.0802495555574492
22.492603887639834,0.4079124341009991,1.0802495555574492
22.492603887639834,0.4079124341009991,1.0802495555574492
22.492603887639834,0.4079124341009991,1.0802495555574492
22.492603887639834,0.4079124341009991,1.0802495555574492
22.492603887639834,0.4079124341009991,1.0802495555574492
22.492603887639834,0.4079124341009991,1.0802495555574492
22.492603887639834,0.4079124341009991,1.0802495555574492
22.492603887639834,0.4079124341009991,1.0802495555574492
22.492603887639834,0.4079124341009991,1.0802495555574492
22.492603887639834,0.4079124341009991,1.0802495555574492
22.492603887639834,0.4079124341009991,1.0802495555574492
22.508205935216264,0.3544483564470558,1.0761003412563943
22.508205935216264,0.3544483564470558,1.0761003412563943
22.508205935216264,0.3544483564470558,1.0761003412563943
22.528586319064818,0.29913064612885093,1.0853419230998747
22.528586319064818,0.29913064612885093,1.0853419230998747
22.528586319064818,0.29913064612885093,1.0853419230998747
22.528586319064818,0.29913064612885093,1.0853419230998747
22.511872382005308,0.22513854031442732,1.0732623255887308
22.511872382005308,0.22513854031442732,1.0732623255887308
22.511872382005308,0.22513854031442732,1.0732623255887308
22.511872382005308,0.22513854031442732,1.0732623255887308
22.511872382005308,0.22513854031442732,1.0732623255887308
22.511872382005308,0.22513854031442732,1.0732623255887308
22.511872382005308,0.22513854031442732,1.0732623255887308
22.511872382005308,0.22513854031442732,1.0732623255887308
22.523391420797385,0.2470806221638174,1.0772257685706266
22.523391420797385,0.2470806221638174,1.0772257685706266
22.523391420797385,0.2470806221638174,1.0772257685706266
22.523391420797385,0.2470806221638174,1.0772257685706266
22.51128273584023,0.22298695855243073,1.066560507083144
22.51128273584023,0.22298695855243073,1.066560507083144
22.51128273584023,0.22298695855243073,1.066560507083144
22.51504372993485,0.23110491754237986,1.0690725203985532
22.51504372993485,0.23110491754237986,1.0690725203985532
22.51504372993485,0.23110491754237986,1.0690725203985532
22.462934866133438,0.23837946310819363,1.071807128742303
22.483542572094688,0.23722984727714655,1.0684382185216499
22.483542572094688,0.23722984727714655,1.0684382185216499
22.483542572094688,0.23722984727714655,1.0684382185216499
22.483542572094688,0.23722984727714655,1.0684382185216499
22.483542572094688,0.23722984727714655,1.0684382185216499
22.483542572094688,0.23722984727714655,1.0684382185216499
22.483542572094688,0.23722984727714655,1.0684382185216499
22.483542572094688,0.23722984727714655,1.0684382185216499
22.483542572094688,0.23722984727714655,1.0684382185216499
22.511126548130246,0.19651808137746835,1.0623564098071754
22.513324944936,0.19590007064467757,1.0651463232289415
22.513324944936,0.19590007064467757,1.0651463232289415
22.513324944936,0.19590007064467757,1.0651463232289415
22.513324944936,0.19590007064467757,1.0651463232289415
22.494766726472477,0.15603298254177886,1.059114652667813
22.49880693532564,0.172583480134727,1.064114122773022
22.49880693532564,0.172583480134727,1.064114122773022
22.49880693532564,0.172583480134727,1.064114122773022
22.193407707457133,0.7162670792799609,1.0798340011649676
22.193407707457133,0.7162670792799609,1.0798340011649676
22.193407707457133,0.7162670792799609,1.0798340011649676
22.193407707457133,0.7162670792799609,1.0798340011649676
22.193407707457133,0.7162670792799609,1.0798340011649676
22.193407707457133,0.7162670792799609,1.0798340011649676
22.193407707457133,0.7162670792799609,1.0798340011649676
22.352047186978485,0.7383424444209415,1.080080092290205
22.352047186978485,0.7383424444209415,1.080080092290205
22.352047186978485,0.7383424444209415,1.080080092290205
22.352047186978485,0.7383424444209415,1.080080092290205
22.352047186978485,0.7383424444209415,1.080080092290205
22.352047186978485,0.7383424444209415,1.080080092290205
22.352047186978485,0.7383424444209415,1.080080092290205
22.37742060077934,0.754615187483951,1.0758422693590248
22.37742060077934,0.754615187483951,1.0758422693590248
22.37742060077934,0.754615187483951,1.0758422693590248
22.405185483183406,0.6577717865341155,1.0706881230926655
22.405185483183406,0.6577717865341155,1.0706881230926655
22.405185483183406,0.6577717865341155,1.0706881230926655
22.401525986436194,0.6415371792385232,1.072264436608994
22.401525986436194,0.6415371792385232,1.072264436608994
22.401525986436194,0.6415371792385232,1.072264436608994
22.401525986436194,0.6415371792385232,1.072264436608994
22.401525986436194,0.6415371792385232,1.072264436608994
22.401525986436194,0.6415371792385232,1.072264436608994
22.401525986436194,0.6415371792385232,1.072264436608994
22.401525986436194,0.6415371792385232,1.072264436608994
22.418635879493053,0.6193557366439014,1.0726796132585001
22.475451754828352,0.514889412165405,1.049318180103381
22.475451754828352,0.514889412165405,1.049318180103381
22.475451754828352,0.514889412165405,1.049318180103381
22.475451754828352,0.514889412165405,1.049318180103381
22.475451754828352,0.514889412165405,1.049318180103381
22.475451754828352,0.514889412165405,1.049318180103381
22.475451754828352,0.514889412165405,1.049318180103381
22.478244860496833,0.5039458477935861,1.0452509749572891
22.478244860496833,0.5039458477935861,1.0452509749572891
22.478244860496833,0.5039458477935861,1.0452509749572891
22.478244860496833,0.5039458477935861,1.0452509749572891
22.478244860496833,0.5039458477935861,1.0452509749572891
22.478244860496833,0.5039458477935861,1.0452509749572891
22.50369395226355,0.5350112305483444,1.0406843870990572
22.499366013263288,0.5228773263213587,1.0395906507131485
22.499366013263288,0.5228773263213587,1.0395906507131485
22.44505022477436,0.530890705870424,1.01778224774799
22.44505022477436,0.530890705870424,1.01778224774799
22.44505022477436,0.530890705870424,1.01778224774799
22.44505022477436,0.530890705870424,1.01778224774799
22.44505022477436,0.530890705870424,1.01778224774799
22.44505022477436,0.530890705870424,1.01778224774799
22.44505022477436,0.530890705870424,1.01778224774799
22.436588229925796,0.4939002321129842,1.027054913703548
22.424218207858083,0.43982634234308937,1.0406100014280746
22.424218207858083,0.43982634234308937,1.0406100014280746
22.424218207858083,0.43982634234308937,1.0406100014280746
22.45892325453507,0.44257308985301425,1.044629492656426
22.45892325453507,0.44257308985301425,1.044629492656426
22.45892325453507,0.44257308985301425,1.044629492656426
22.45892325453507,0.44257308985301425,1.044629492656426
22.45892325453507,0.44257308985301425,1.044629492656426
22.45892325453507,0.44257308985301425,1.044629492656426
22.46162915108847,0.44039582961866397,1.0446661359693612
22.4588674796451,0.4128396613078942,1.0450079571307236
22.4588674796451,0.4128396613078942,1.0450079571307236
22.4588674796451,0.4128396613078942,1.0450079571307236
22.435066839160672,0.2510013318871384,1.045227031714132
22.435066839160672,0.2510013318871384,1.045227031714132
22.435066839160672,0.2510013318871384,1.045227031714132
22.435066839160672,0.2510013318871384,1.045227031714132
22.511391825682765,0.15033991184771542,1.0689538409029933
22.511391825682765,0.15033991184771542,1.0689538409029933
22.511391825682765,0.15033991184771542,1.0689538409029933
22.511391825682765,0.15033991184771542,1.0689538409029933
22.511391825682765,0.15033991184771542,1.0689538409029933
22.511391825682765,0.15033991184771542,1.0689538409029933
22.511391825682765,0.15033991184771542,1.0689538409029933
22.511391825682765,0.15033991184771542,1.0689538409029933
22.51586478246536,0.16535493609971746,1.0736116597826528
22.50973333768374,0.17724768652827222,1.0730768023263653
22.50973333768374,0.17724768652827222,1.0730768023263653
22.534120183237363,0.12741200198460484,1.049604294128348
22.540446571964697,0.13024929197017787,1.0506187887353897
22.540446571964697,0.13024929197017787,1.0506187887353897
22.540446571964697,0.13024929197017787,1.0506187887353897
22.540446571964697,0.13024929197017787,1.0506187887353897
22.51826220727238,0.18690485183028896,1.0770723248626652
22.51826220727238,0.18690485183028896,1.0770723248626652
22.51826220727238,0.18690485183028896,1.0770723248626652
22.51826220727238,0.18690485183028896,1.0770723248626652
22.51826220727238,0.18690485183028896,1.0770723248626652
22.51826220727238,0.18690485183028896,1.0770723248626652
22.502282617032947,0.10144550365802578,1.0756472385789762
22.497389991672822,0.13217033762132646,1.115069384969446
22.455382634102715,0.12857667207192996,1.0825279385069604
22.455382634102715,0.12857667207192996,1.0825279385069604
22.47581109270769,0.1220215208355061,1.0892721970745671
22.48529831620682,0.09064441097636591,1.0533029996898855
22.487143233191738,0.08948244551228823,1.0529881948448916
22.487143233191738,0.08948244551228823,1.0529881948448916
22.446654521916233,0.09042359603198732,1.053004503078853
22.46592042658362,0.051817165297170974,1.0634648816805123
22.46592042658362,0.051817165297170974,1.0634648816805123
22.474934438107205,0.07156336212550533,1.0821577122076085
22.474934438107205,0.07156336212550533,1.0821577122076085
22.46015131107838,0.05859113356020969,1.0897632453799104
22.46015131107838,0.05859113356020969,1.0897632453799104
22.46015131107838,0.05859113356020969,1.0897632453799104
22.46015131107838,0.05859113356020969,1.0897632453799104
22.46015131107838,0.05859113356020969,1.0897632453799104
22.46015131107838,0.05859113356020969,1.0897632453799104
22.46015131107838,0.05859113356020969,1.0897632453799104
22.46015131107838,0.05859113356020969,1.0897632453799104
22.46015131107838,0.05859113356020969,1.0897632453799104
22.46015131107838,0.05859113356020969,1.0897632453799104
22.46015131107838,0.05859113356020969,1.0897632453799104
22.46015131107838,0.05859113356020969,1.0897632453799104
22.46015131107838,0.05859113356020969,1.0897632453799104
22.46015131107838,0.05859113356020969,1.0897632453799104
22.46015131107838,0.05859113356020969,1.0897632453799104
22.575206231050107,0.8649297642266276,1.080502135409753
22.544083263931043,0.9657893935330961,1.0569504096654083
22.544083263931043,0.9657893935330961,1.0569504096654083
22.544083263931043,0.9657893935330961,1.0569504096654083
22.544083263931043,0.9657893935330961,1.0569504096654083
22.544083263931043,0.9657893935330961,1.0569504096654083
22.544083263931043,0.9657893935330961,1.0569504096654083
22.544083263931043,0.9657893935330961,1.0569504096654083
22.544083263931043,0.9657893935330961,1.0569504096654083
22.544083263931043,0.9657893935330961,1.0569504096654083
22.544083263931043,0.9657893935330961,1.0569504096654083
22.550849067101826,0.8298147567951535,1.0201734164222893
22.550849067101826,0.8298147567951535,1.0201734164222893
22.49567768504991,0.8211790226160013,1.0216183895284652
22.49567768504991,0.8211790226160013,1.0216183895284652
22.49567768504991,0.8211790226160013,1.0216183895284652
22.49567768504991,0.8211790226160013,1.0216183895284652
22.519453554139957,0.8080346216313236,1.0322708325843222
22.519453554139957,0.8080346216313236,1.0322708325843222
22.519453554139957,0.8080346216313236,1.0322708325843222
22.519453554139957,0.8080346216313236,1.0322708325843222
22.526133577083122,0.7696623369201498,1.0235957429518214
22.526133577083122,0.7696623369201498,1.0235957429518214
22.526133577083122,0.7696623369201498,1.0235957429518214
22.526133577083122,0.7696623369201498,1.0235957429518214
22.526133577083122,0.7696623369201498,1.0235957429518214
22.526133577083122,0.7696623369201498,1.0235957429518214
22.526133577083122,0.7696623369201498,1.0235957429518214
22.56825255995554,0.6823591318642618,1.0325752114860338
22.56825255995554,0.6823591318642618,1.0325752114860338
22.56825255995554,0.6823591318642618,1.0325752114860338
22.571150229748334,0.6021367863087251,1.0156550604392145
22.571150229748334,0.6021367863087251,1.0156550604392145
22.562686704540372,0.6249913525306907,0.9978302243665936
22.562686704540372,0.6249913525306907,0.9978302243665936
22.562686704540372,0.6249913525306907,0.9978302243665936
22.548699228027616,0.6147035380844637,0.9881525999080172
22.548699228027616,0.6147035380844637,0.9881525999080172
22.52592499834963,0.5492143014837283,1.0031178445412121
22.542172720024908,0.5753214651501511,1.016489326405622
22.542172720024908,0.5753214651501511,1.016489326405622
22.542172720024908,0.5753214651501511,1.016489326405622
22.542172720024908,0.5753214651501511,1.016489326405622
22.542147869403845,0.5794331685745907,1.014897762132028
22.526079504702057,0.5349016699293767,1.031627874060768
22.532828128487928,0.4728363712904987,1.0527072171915017
22.532828128487928,0.4728363712904987,1.0527072171915017
22.532828128487928,0.4728363712904987,1.0527072171915017
22.532828128487928,0.4728363712904987,1.0527072171915017
22.532828128487928,0.4728363712904987,1.0527072171915017
22.532828128487928,0.4728363712904987,1.0527072171915017
22.532828128487928,0.4728363712904987,1.0527072171915017
22.532828128487928,0.4728363712904987,1.0527072171915017
22.532828128487928,0.4728363712904987,1.0527072171915017
22.532828128487928,0.4728363712904987,1.0527072171915017
22.532828128487928,0.4728363712904987,1.0527072171915017
22.583560225264133,0.28742081481585624,1.015672731257606
22.583560225264133,0.28742081481585624,1.015672731257606
22.583560225264133,0.28742081481585624,1.015672731257606
22.583560225264133,0.28742081481585624,1.015672731257606
22.583560225264133,0.28742081481585624,1.015672731257606
22.583560225264133,0.28742081481585624,1.015672731257606
22.583560225264133,0.28742081481585624,1.015672731257606
22.583560225264133,0.28742081481585624,1.015672731257606
22.583560225264133,0.28742081481585624,1.015672731257606
22.58180855105931,0.2880229067182292,1.0165962906303476
22.58180855105931,0.2880229067182292,1.0165962906303476
22.58180855105931,0.2880229067182292,1.0165962906303476
22.547532830095513,0.30094790274460903,1.0253797660056878
22.548044991363643,0.29887279728922006,1.025925885768812
22.548044991363643,0.29887279728922006,1.025925885768812
22.548044991363643,0.29887279728922006,1.025925885768812
22.549332076904218,0.2793341691110917,1.030983893263335
22.567434087491243,0.26714132098564336,1.0203040626799589
22.567434087491243,0.26714132098564336,1.0203040626799589
22.602616271237466,0.21358319958233063,1.013201663366837
22.606323290007822,0.20719435126950908,1.0115177736563303
22.606323290007822,0.20719435126950908,1.0115177736563303
22.606323290007822,0.20719435126950908,1.0115177736563303
22.606323290007822,0.20719435126950908,1.0115177736563303
22.628331707229968,0.18122336201692552,1.0088267466804983
22.60669956880853,0.16711178882174652,1.0266788257793864
22.58715069744818,0.15489073126928055,1.0304558529393246
22.58715069744818,0.15489073126928055,1.0304558529393246
22.58715069744818,0.15489073126928055,1.0304558529393246
22.433908051057326,0.1555471713828612,1.0304899042214344
22.399795658754716,0.17947256100093817,1.0303279706595116
22.399795658754716,0.17947256100093817,1.0303279706595116
22.399795658754716,0.17947256100093817,1.0303279706595116
22.397533133247638,0.1755665776447215,1.0295099248248436
22.397533133247638,0.1755665776447215,1.0295099248248436
22.397533133247638,0.1755665776447215,1.0295099248248436
22.39995180782256,0.18980661699776913,1.0291668981556665
22.39995180782256,0.18980661699776913,1.0291668981556665
22.413233813988917,0.2199779035280198,0.9981028454798675
22.413233813988917,0.2199779035280198,0.9981028454798675
22.413233813988917,0.2199779035280198,0.9981028454798675
22.455425344450568,0.22835538122804772,1.0327877398562817
22.455425344450568,0.22835538122804772,1.0327877398562817
22.452803147917056,0.23642159340905525,1.033136074477452
22.423478548295066,0.19230131713474913,1.04980159441437
22.437003468602832,0.17588054721016474,1.0546537560524536
22.437003468602832,0.17588054721016474,1.0546537560524536
22.434213847338885,0.1843129012071315,1.0562551968558163
22.36314199480156,0.15411391964055246,1.055448249280171
22.345914845733823,0.15657729242867277,1.0523924533419655
22.345914845733823,0.15657729242867277,1.0523924533419655
22.345914845733823,0.15657729242867277,1.0523924533419655
22.345914845733823,0.15657729242867277,1.0523924533419655
22.405592980921462,0.12917770367661113,1.0491540567515445
22.405592980921462,0.12917770367661113,1.0491540567515445
22.405592980921462,0.12917770367661113,1.0491540567515445
22.405592980921462,0.12917770367661113,1.0491540567515445
22.40773230060652,0.15784777770303793,1.0374332837083733
22.40773230060652,0.15784777770303793,1.0374332837083733
22.40773230060652,0.15784777770303793,1.0374332837083733
22.41021661469346,0.14767403943906166,1.033331190625064
22.413096605031672,0.14713782883570864,1.0338016553944722
22.413096605031672,0.14713782883570864,1.0338016553944722
22.47284612094327,0.13126383986392265,1.0275424469636374
112.56229759826489,0.40867877219142945,2.209361108396453
112.56229759826489,0.40867877219142945,2.209361108396453
112.56229759826489,0.40867877219142945,2.209361108396453
112.56229759826489,0.40867877219142945,2.209361108396453
112.56229759826489,0.40867877219142945,2.209361108396453
112.56229759826489,0.40867877219142945,2.209361108396453
112.56229759826489,0.40867877219142945,2.209361108396453
112.56229759826489,0.40867877219142945,2.209361108396453
112.56229759826489,0.40867877219142945,2.209361108396453
112.56229759826489,0.40867877219142945,2.209361108396453
112.56229759826489,0.40867877219142945,2.209361108396453
112.56229759826489,0.40867877219142945,2.209361108396453
112.56229759826489,0.40867877219142945,2.209361108396453
112.56229759826489,0.40867877219142945,2.209361108396453
112.56229759826489,0.40867877219142945,2.209361108396453
112.56229759826489,0.40867877219142945,2.209361108396453
112.56229759826489,0.40867877219142945,2.209361108396453
112.56229759826489,0.40867877219142945,2.209361108396453
112.56229759826489,0.40867877219142945,2.209361108396453
112.56229759826489,0.40867877219142945,2.209361108396453
112.56229759826489,0.40867877219142945,2.209361108396453
112.56229759826489,0.40867877219142945,2.209361108396453
112.56229759826489,0.40867877219142945,2.209361108396453
112.56229759826489,0.40867877219142945,2.209361108396453
112.56229759826489,0.40867877219142945,2.209361108396453
112.56229759826489,0.40867877219142945,2.209361108396453
112.56229759826489,0.40867877219142945,2.209361108396453
112.56229759826489,0.40867877219142945,2.209361108396453
112.56229759826489,0.40867877219142945,2.209361108396453
112.56229759826489,0.40867877219142945,2.209361108396453
112.56229759826489,0.40867877219142945,2.209361108396453
112.56229759826489,0.40867877219142945,2.209361108396453
112.56229759826489,0.40867877219142945,2.209361108396453
112.56229759826489,0.40867877219142945,2.209361108396453
112.56229759826489,0.40867877219142945,2.209361108396453
112.56229759826489,0.40867877219142945,2.209361108396453
112.56229759826489,0.40867877219142945,2.209361108396453
112.56229759826489,0.40867877219142945,2.209361108396453
112.56229759826489,0.40867877219142945,2.209361108396453
112.56229759826489,0.40867877219142945,2.209361108396453
112.56229759826489,0.40867877219142945,2.209361108396453
112.56229759826489,0.40867877219142945,2.209361108396453
112.56229759826489,0.40867877219142945,2.209361108396453
112.56229759826489,0.40867877219142945,2.209361108396453
112.56229759826489,0.40867877219142945,2.209361108396453
77.6271347340849,0.29776045861699385,1.7780397203738314
77.6271347340849,0.29776045861699385,1.7780397203738314
77.6271347340849,0.29776045861699385,1.7780397203738314
77.6271347340849,0.29776045861699385,1.7780397203738314
77.6271347340849,0.29776045861699385,1.7780397203738314
77.6271347340849,0.29776045861699385,1.7780397203738314
77.6271347340849,0.29776045861699385,1.7780397203738314
77.6271347340849,0.29776045861699385,1.7780397203738314
77.6271347340849,0.29776045861699385,1.7780397203738314
77.6271347340849,0.29776045861699385,1.7780397203738314
77.6271347340849,0.29776045861699385,1.7780397203738314
77.6271347340849,0.29776045861699385,1.7780397203738314
77.6271347340849,0.29776045861699385,1.7780397203738314
77.6271347340849,0.29776045861699385,1.7780397203738314
77.6271347340849,0.29776045861699385,1.7780397203738314
77.6271347340849,0.29776045861699385,1.7780397203738314
77.6271347340849,0.29776045861699385,1.7780397203738314
77.6271347340849,0.29776045861699385,1.7780397203738314
77.6271347340849,0.29776045861699385,1.7780397203738314
77.6271347340849,0.29776045861699385,1.7780397203738314
77.6271347340849,0.29776045861699385,1.7780397203738314
77.6271347340849,0.29776045861699385,1.7780397203738314
77.6271347340849,0.29776045861699385,1.7780397203738314
77.50694336752672,0.6439781577021582,1.588578776607807
77.50694336752672,0.6439781577021582,1.588578776607807
77.50694336752672,0.6439781577021582,1.588578776607807
77.50694336752672,0.6439781577021582,1.588578776607807
77.50694336752672,0.6439781577021582,1.588578776607807
77.50694336752672,0.6439781577021582,1.588578776607807
77.50694336752672,0.6439781577021582,1.588578776607807
77.50694336752672,0.6439781577021582,1.588578776607807
77.50694336752672,0.6439781577021582,1.588578776607807
77.50694336752672,0.6439781577021582,1.588578776607807
77.50694336752672,0.6439781577021582,1.588578776607807
52.395325937193945,0.3730815358989973,1.3258319668937495
52.395325937193945,0.3730815358989973,1.3258319668937495
52.395325937193945,0.3730815358989973,1.3258319668937495
52.395325937193945,0.3730815358989973,1.3258319668937495
52.395325937193945,0.3730815358989973,1.3258319668937495
52.395325937193945,0.3730815358989973,1.3258319668937495
52.395325937193945,0.3730815358989973,1.3258319668937495
52.395325937193945,0.3730815358989973,1.3258319668937495
65.35720534592087,0.3612387378861054,1.4117344380287924
65.35720534592087,0.3612387378861054,1.4117344380287924
65.35720534592087,0.3612387378861054,1.4117344380287924
65.35720534592087,0.3612387378861054,1.4117344380287924
65.35720534592087,0.3612387378861054,1.4117344380287924
65.35720534592087,0.3612387378861054,1.4117344380287924
65.35720534592087,0.3612387378861054,1.4117344380287924
65.35720534592087,0.3612387378861054,1.4117344380287924
65.35720534592087,0.3612387378861054,1.4117344380287924
65.35720534592087,0.3612387378861054,1.4117344380287924
65.35720534592087,0.3612387378861054,1.4117344380287924
65.35720534592087,0.3612387378861054,1.4117344380287924
65.35720534592087,0.3612387378861054,1.4117344380287924
65.35720534592087,0.3612387378861054,1.4117344380287924
65.35720534592087,0.3612387378861054,1.4117344380287924
65.35720534592087,0.3612387378861054,1.4117344380287924
65.35720534592087,0.3612387378861054,1.4117344380287924
65.35720534592087,0.3612387378861054,1.4117344380287924
65.35720534592087,0.3612387378861054,1.4117344380287924
65.35720534592087,0.3612387378861054,1.4117344380287924
65.35720534592087,0.3612387378861054,1.4117344380287924
65.35720534592087,0.3612387378861054,1.4117344380287924
65.35720534592087,0.3612387378861054,1.4117344380287924
65.35720534592087,0.3612387378861054,1.4117344380287924
65.35720534592087,0.3612387378861054,1.4117344380287924
65.35720534592087,0.3612387378861054,1.4117344380287924
65.35720534592087,0.3612387378861054,1.4117344380287924
65.35720534592087,0.3612387378861054,1.4117344380287924
65.35720534592087,0.3612387378861054,1.4117344380287924
65.35720534592087,0.3612387378861054,1.4117344380287924
65.35720534592087,0.3612387378861054,1.4117344380287924
65.35720534592087,0.3612387378861054,1.4117344380287924
65.35720534592087,0.3612387378861054,1.4117344380287924
22.831563497339236,0.4016416047421917,1.2159070081388754
22.831563497339236,0.4016416047421917,1.2159070081388754
22.831563497339236,0.4016416047421917,1.2159070081388754
22.831563497339236,0.4016416047421917,1.2159070081388754
22.831563497339236,0.4016416047421917,1.2159070081388754
23.297009586999078,0.38001394243072684,1.1387484416330758
23.297009586999078,0.38001394243072684,1.1387484416330758
23.297009586999078,0.38001394243072684,1.1387484416330758
23.297009586999078,0.38001394243072684,1.1387484416330758
23.297009586999078,0.38001394243072684,1.1387484416330758
23.297009586999078,0.38001394243072684,1.1387484416330758
23.297009586999078,0.38001394243072684,1.1387484416330758
23.297009586999078,0.38001394243072684,1.1387484416330758
23.297009586999078,0.38001394243072684,1.1387484416330758
23.30723491631548,0.3915823634972981,1.1234154312268574
23.46935639930096,0.38944761180380427,1.1345484922763167
23.46935639930096,0.38944761180380427,1.1345484922763167
23.46935639930096,0.38944761180380427,1.1345484922763167
23.46935639930096,0.38944761180380427,1.1345484922763167
23.46935639930096,0.38944761180380427,1.1345484922763167
23.324189058078343,0.40999200363114785,1.1196455537723584
23.324189058078343,0.40999200363114785,1.1196455537723584
23.324189058078343,0.40999200363114785,1.1196455537723584
23.324189058078343,0.40999200363114785,1.1196455537723584
23.324189058078343,0.40999200363114785,1.1196455537723584
23.324189058078343,0.40999200363114785,1.1196455537723584
23.324189058078343,0.40999200363114785,1.1196455537723584
23.324189058078343,0.40999200363114785,1.1196455537723584
23.324189058078343,0.40999200363114785,1.1196455537723584
23.324189058078343,0.40999200363114785,1.1196455537723584
23.324189058078343,0.40999200363114785,1.1196455537723584
23.324189058078343,0.40999200363114785,1.1196455537723584
23.324189058078343,0.40999200363114785,1.1196455537723584
23.323999498037995,0.40849843825883936,1.122516101772067
23.323999498037995,0.40849843825883936,1.122516101772067
23.323999498037995,0.40849843825883936,1.122516101772067
23.36403313962982,0.40645493874534366,1.1271797649635114
23.36403313962982,0.40645493874534366,1.1271797649635114
23.234858110841596,0.3650022118176408,1.1193653451617915
23.234858110841596,0.3650022118176408,1.1193653451617915
23.234858110841596,0.3650022118176408,1.1193653451617915
23.234858110841596,0.3650022118176408,1.1193653451617915
23.234858110841596,0.3650022118176408,1.1193653451617915
23.234858110841596,0.3650022118176408,1.1193653451617915
23.234858110841596,0.3650022118176408,1.1193653451617915
23.234858110841596,0.3650022118176408,1.1193653451617915
23.234858110841596,0.3650022118176408,1.1193653451617915
23.407473899994667,0.322942012519593,1.1284700714461198
23.407473899994667,0.322942012519593,1.1284700714461198
23.407473899994667,0.322942012519593,1.1284700714461198
23.407473899994667,0.322942012519593,1.1284700714461198
23.407473899994667,0.322942012519593,1.1284700714461198
23.407473899994667,0.322942012519593,1.1284700714461198
23.407473899994667,0.322942012519593,1.1284700714461198
23.407473899994667,0.322942012519593,1.1284700714461198
23.407473899994667,0.322942012519593,1.1284700714461198
23.407473899994667,0.322942012519593,1.1284700714461198
23.407473899994667,0.322942012519593,1.1284700714461198
23.407473899994667,0.322942012519593,1.1284700714461198
23.407473899994667,0.322942012519593,1.1284700714461198
23.407473899994667,0.322942012519593,1.1284700714461198
23.407473899994667,0.322942012519593,1.1284700714461198
23.407473899994667,0.322942012519593,1.1284700714461198
23.407473899994667,0.322942012519593,1.1284700714461198
23.407473899994667,0.322942012519593,1.1284700714461198
23.407473899994667,0.322942012519593,1.1284700714461198
22.234823536282267,0.31243094195169624,1.1588109681240648
22.234823536282267,0.31243094195169624,1.1588109681240648
22.234823536282267,0.31243094195169624,1.1588109681240648
22.234823536282267,0.31243094195169624,1.1588109681240648
22.234823536282267,0.31243094195169624,1.1588109681240648
22.27871513689826,0.2565345460538611,1.1183159041786745
22.27871513689826,0.2565345460538611,1.1183159041786745
22.27871513689826,0.2565345460538611,1.1183159041786745
22.27871513689826,0.2565345460538611,1.1183159041786745
22.27871513689826,0.2565345460538611,1.1183159041786745
22.323542862216012,0.2647614842664249,1.1020887034725595
22.324774700407254,0.26379804369961435,1.1019966300714106
22.324774700407254,0.26379804369961435,1.1019966300714106
22.346426044125586,0.2247739385761105,1.0928887338254412
22.346426044125586,0.2247739385761105,1.0928887338254412
22.346426044125586,0.2247739385761105,1.0928887338254412
22.362462063592485,0.21240908837815142,1.0872483525510366
22.362462063592485,0.21240908837815142,1.0872483525510366
22.362462063592485,0.21240908837815142,1.0872483525510366
22.362462063592485,0.21240908837815142,1.0872483525510366
22.39409184719121,0.22514239926464424,1.084766962221156
22.39409184719121,0.22514239926464424,1.084766962221156
22.39409184719121,0.22514239926464424,1.084766962221156
22.39409184719121,0.22514239926464424,1.084766962221156
22.409855595789722,0.19805832954193342,1.076871115664864
22.409855595789722,0.19805832954193342,1.076871115664864
22.409855595789722,0.19805832954193342,1.076871115664864
22.409855595789722,0.19805832954193342,1.076871115664864
22.408450381852003,0.1930914571575857,1.073826674462699
22.441472481723967,0.17469735058947372,1.0756474762355799
22.441472481723967,0.17469735058947372,1.0756474762355799
22.441472481723967,0.17469735058947372,1.0756474762355799
22.441472481723967,0.17469735058947372,1.0756474762355799
22.456925163671983,0.11786968565506663,1.0751273069683909
22.456925163671983,0.11786968565506663,1.0751273069683909
22.456925163671983,0.11786968565506663,1.0751273069683909
22.456925163671983,0.11786968565506663,1.0751273069683909
22.456925163671983,0.11786968565506663,1.0751273069683909
22.444646547265233,0.10261650842577577,1.077442913108359
22.444646547265233,0.10261650842577577,1.077442913108359
22.444646547265233,0.10261650842577577,1.077442913108359
22.445509967554557,0.09296034480634777,1.0643374058741826
22.44845077972025,0.08734090481162313,1.06475633656356
22.44845077972025,0.08734090481162313,1.06475633656356
22.468241391760653,0.03725254447702335,1.0851447138185717
22.460464432134696,0.03549841828380576,1.084930109818368
22.50471386748033,0.041013133637657226,1.0686045242722118
22.50471386748033,0.041013133637657226,1.0686045242722118
22.50471386748033,0.041013133637657226,1.0686045242722118
22.50471386748033,0.041013133637657226,1.0686045242722118
22.50471386748033,0.041013133637657226,1.0686045242722118
22.50471386748033,0.041013133637657226,1.0686045242722118
22.50471386748033,0.041013133637657226,1.0686045242722118
22.50471386748033,0.041013133637657226,1.0686045242722118
76.72075589390742,0.22993707425186016,1.2134310414361802
76.72075589390742,0.22993707425186016,1.2134310414361802
76.72075589390742,0.22993707425186016,1.2134310414361802
76.6338995159285,0.16629382079849764,1.2029443849387607
76.6338995159285,0.16629382079849764,1.2029443849387607
76.6338995159285,0.16629382079849764,1.2029443849387607
76.6338995159285,0.16629382079849764,1.2029443849387607
76.6338995159285,0.16629382079849764,1.2029443849387607
76.6338995159285,0.16629382079849764,1.2029443849387607
76.6338995159285,0.16629382079849764,1.2029443849387607
76.6338995159285,0.16629382079849764,1.2029443849387607
76.6338995159285,0.16629382079849764,1.2029443849387607
76.6338995159285,0.16629382079849764,1.2029443849387607
76.6338995159285,0.16629382079849764,1.2029443849387607
76.6338995159285,0.16629382079849764,1.2029443849387607
76.6338995159285,0.16629382079849764,1.2029443849387607
76.6338995159285,0.16629382079849764,1.2029443849387607
76.6338995159285,0.16629382079849764,1.2029443849387607
76.6338995159285,0.16629382079849764,1.2029443849387607
76.6338995159285,0.16629382079849764,1.2029443849387607
76.6338995159285,0.16629382079849764,1.2029443849387607
76.6338995159285,0.16629382079849764,1.2029443849387607
76.6338995159285,0.16629382079849764,1.2029443849387607
76.6338995159285,0.16629382079849764,1.2029443849387607
76.6338995159285,0.16629382079849764,1.2029443849387607
76.6338995159285,0.16629382079849764,1.2029443849387607
76.6338995159285,0.16629382079849764,1.2029443849387607
76.6338995159285,0.16629382079849764,1.2029443849387607
76.6338995159285,0.16629382079849764,1.2029443849387607
76.6338995159285,0.16629382079849764,1.2029443849387607
76.6338995159285,0.16629382079849764,1.2029443849387607
76.6338995159285,0.16629382079849764,1.2029443849387607
76.6338995159285,0.16629382079849764,1.2029443849387607
76.6338995159285,0.16629382079849764,1.2029443849387607
76.6338995159285,0.16629382079849764,1.2029443849387607
76.6338995159285,0.16629382079849764,1.2029443849387607
76.6338995159285,0.16629382079849764,1.2029443849387607
76.58886587838573,0.13329581564616455,1.1975072219033076
76.58886587838573,0.13329581564616455,1.1975072219033076
76.58886587838573,0.13329581564616455,1.1975072219033076
76.58886587838573,0.13329581564616455,1.1975072219033076
76.58886587838573,0.13329581564616455,1.1975072219033076
76.58886587838573,0.13329581564616455,1.1975072219033076
76.58886587838573,0.13329581564616455,1.1975072219033076
76.58886587838573,0.13329581564616455,1.1975072219033076
76.58886587838573,0.13329581564616455,1.1975072219033076
76.58886587838573,0.13329581564616455,1.1975072219033076
76.58886587838573,0.13329581564616455,1.1975072219033076
76.58886587838573,0.13329581564616455,1.1975072219033076
76.58886587838573,0.13329581564616455,1.1975072219033076
76.58886587838573,0.13329581564616455,1.1975072219033076
76.58886587838573,0.13329581564616455,1.1975072219033076
76.58886587838573,0.13329581564616455,1.1975072219033076
76.58886587838573,0.13329581564616455,1.1975072219033076
76.58886587838573,0.13329581564616455,1.1975072219033076
76.58886587838573,0.13329581564616455,1.1975072219033076
76.58886587838573,0.13329581564616455,1.1975072219033076
76.58886587838573,0.13329581564616455,1.1975072219033076
76.58886587838573,0.13329581564616455,1.1975072219033076
76.58886587838573,0.13329581564616455,1.1975072219033076
76.58886587838573,0.13329581564616455,1.1975072219033076
76.58886587838573,0.13329581564616455,1.1975072219033076
76.58886587838573,0.13329581564616455,1.1975072219033076
76.58886587838573,0.13329581564616455,1.1975072219033076
76.58886587838573,0.13329581564616455,1.1975072219033076
76.58886587838573,0.13329581564616455,1.1975072219033076
76.58886587838573,0.13329581564616455,1.1975072219033076
76.58886587838573,0.13329581564616455,1.1975072219033076
76.58886587838573,0.13329581564616455,1.1975072219033076
76.58886587838573,0.13329581564616455,1.1975072219033076
76.58886587838573,0.13329581564616455,1.1975072219033076
76.58886587838573,0.13329581564616455,1.1975072219033076
76.58886587838573,0.13329581564616455,1.1975072219033076
76.58886587838573,0.13329581564616455,1.1975072219033076
76.58886587838573,0.13329581564616455,1.1975072219033076
76.58886587838573,0.13329581564616455,1.1975072219033076
76.58886587838573,0.13329581564616455,1.1975072219033076
76.58886587838573,0.13329581564616455,1.1975072219033076
76.58886587838573,0.13329581564616455,1.1975072219033076
76.58886587838573,0.13329581564616455,1.1975072219033076
76.58886587838573,0.13329581564616455,1.1975072219033076
76.58886587838573,0.13329581564616455,1.1975072219033076
76.58886587838573,0.13329581564616455,1.1975072219033076
76.58886587838573,0.13329581564616455,1.1975072219033076
76.58886587838573,0.13329581564616455,1.1975072219033076
76.58886587838573,0.13329581564616455,1.1975072219033076
76.58886587838573,0.13329581564616455,1.1975072219033076
76.58886587838573,0.13329581564616455,1.1975072219033076
64.77977840517484,0.10957274422475191,1.1700106805510628
64.77977840517484,0.10957274422475191,1.1700106805510628
64.77977840517484,0.10957274422475191,1.1700106805510628
64.77977840517484,0.10957274422475191,1.1700106805510628
64.77977840517484,0.10957274422475191,1.1700106805510628
64.77977840517484,0.10957274422475191,1.1700106805510628
64.72281581639756,0.1586173325747213,1.1880410156044725
64.72281581639756,0.1586173325747213,1.1880410156044725
64.72281581639756,0.1586173325747213,1.1880410156044725
64.72281581639756,0.1586173325747213,1.1880410156044725
64.72281581639756,0.1586173325747213,1.1880410156044725
58.563032003701124,0.13956386061847426,1.1658749994118058
58.563032003701124,0.13956386061847426,1.1658749994118058
58.563032003701124,0.13956386061847426,1.1658749994118058
38.495531097892396,0.2569503378459885,1.1263603337834063
38.50686672706317,0.2568837858221704,1.126369752247799
38.50686672706317,0.2568837858221704,1.126369752247799
39.331230073993524,0.2627168588690597,1.130850848134386
34.68029121388852,0.2876518066215709,1.12614321496927
34.68029121388852,0.2876518066215709,1.12614321496927
34.68029121388852,0.2876518066215709,1.12614321496927
34.68029121388852,0.2876518066215709,1.12614321496927
34.68029121388852,0.2876518066215709,1.12614321496927
34.68029121388852,0.2876518066215709,1.12614321496927
29.953341288181292,0.19205043432155433,1.0898874089364077
29.953341288181292,0.19205043432155433,1.0898874089364077
29.953341288181292,0.19205043432155433,1.0898874089364077
27.58619147215487,0.1343871914778819,1.083997833979123
27.58619147215487,0.1343871914778819,1.083997833979123
27.58619147215487,0.1343871914778819,1.083997833979123
27.58619147215487,0.1343871914778819,1.083997833979123
27.58619147215487,0.1343871914778819,1.083997833979123
14.437585596200345,0.6553784065951368,1.3059292029400067
14.437585596200345,0.6553784065951368,1.3059292029400067
14.437585596200345,0.6553784065951368,1.3059292029400067
14.437585596200345,0.6553784065951368,1.3059292029400067
14.437585596200345,0.6553784065951368,1.3059292029400067
14.476043747135268,0.6538034905006309,1.3049852605665775
14.476043747135268,0.6538034905006309,1.3049852605665775
14.476043747135268,0.6538034905006309,1.3049852605665775
14.476043747135268,0.6538034905006309,1.3049852605665775
14.476043747135268,0.6538034905006309,1.3049852605665775
14.476043747135268,0.6538034905006309,1.3049852605665775
14.476043747135268,0.6538034905006309,1.3049852605665775
14.476043747135268,0.6538034905006309,1.3049852605665775
14.476043747135268,0.6538034905006309,1.3049852605665775
14.476043747135268,0.6538034905006309,1.3049852605665775
14.476043747135268,0.6538034905006309,1.3049852605665775
14.476043747135268,0.6538034905006309,1.3049852605665775
14.476043747135268,0.6538034905006309,1.3049852605665775
14.476043747135268,0.6538034905006309,1.3049852605665775
14.476043747135268,0.6538034905006309,1.3049852605665775
14.476043747135268,0.6538034905006309,1.3049852605665775
14.476043747135268,0.6538034905006309,1.3049852605665775
14.476043747135268,0.6538034905006309,1.3049852605665775
14.476043747135268,0.6538034905006309,1.3049852605665775
14.476043747135268,0.6538034905006309,1.3049852605665775
14.476043747135268,0.6538034905006309,1.3049852605665775
14.476043747135268,0.6538034905006309,1.3049852605665775
14.476043747135268,0.6538034905006309,1.3049852605665775
14.476043747135268,0.6538034905006309,1.3049852605665775
14.476043747135268,0.6538034905006309,1.3049852605665775
14.476043747135268,0.6538034905006309,1.3049852605665775
14.476043747135268,0.6538034905006309,1.3049852605665775
14.476043747135268,0.6538034905006309,1.3049852605665775
14.476043747135268,0.6538034905006309,1.3049852605665775
14.476043747135268,0.6538034905006309,1.3049852605665775
14.476043747135268,0.6538034905006309,1.3049852605665775
14.476043747135268,0.6538034905006309,1.3049852605665775
14.476043747135268,0.6538034905006309,1.3049852605665775
14.476043747135268,0.6538034905006309,1.3049852605665775
14.476043747135268,0.6538034905006309,1.3049852605665775
14.476043747135268,0.6538034905006309,1.3049852605665775
14.476043747135268,0.6538034905006309,1.3049852605665775
14.476043747135268,0.6538034905006309,1.3049852605665775
14.476043747135268,0.6538034905006309,1.3049852605665775
14.476043747135268,0.6538034905006309,1.3049852605665775
14.476043747135268,0.6538034905006309,1.3049852605665775
14.476043747135268,0.6538034905006309,1.3049852605665775
14.476043747135268,0.6538034905006309,1.3049852605665775
14.476043747135268,0.6538034905006309,1.3049852605665775
14.476043747135268,0.6538034905006309,1.3049852605665775
14.476043747135268,0.6538034905006309,1.3049852605665775
14.49208290471097,0.5858255879321048,1.2406916483384205
14.49208290471097,0.5858255879321048,1.2406916483384205
14.49208290471097,0.5858255879321048,1.2406916483384205
14.49208290471097,0.5858255879321048,1.2406916483384205
14.420368573769657,0.5861913721098081,1.2082898147557568
14.420368573769657,0.5861913721098081,1.2082898147557568
14.420368573769657,0.5861913721098081,1.2082898147557568
14.420368573769657,0.5861913721098081,1.2082898147557568
14.420368573769657,0.5861913721098081,1.2082898147557568
14.420368573769657,0.5861913721098081,1.2082898147557568
14.420368573769657,0.5861913721098081,1.2082898147557568
14.420368573769657,0.5861913721098081,1.2082898147557568
14.420368573769657,0.5861913721098081,1.2082898147557568
14.420368573769657,0.5861913721098081,1.2082898147557568
14.420368573769657,0.5861913721098081,1.2082898147557568
14.420368573769657,0.5861913721098081,1.2082898147557568
14.420368573769657,0.5861913721098081,1.2082898147557568
14.420368573769657,0.5861913721098081,1.2082898147557568
14.420368573769657,0.5861913721098081,1.2082898147557568
14.420368573769657,0.5861913721098081,1.2082898147557568
14.420368573769657,0.5861913721098081,1.2082898147557568
14.420368573769657,0.5861913721098081,1.2082898147557568
14.420368573769657,0.5861913721098081,1.2082898147557568
14.420368573769657,0.5861913721098081,1.2082898147557568
14.420368573769657,0.5861913721098081,1.2082898147557568
14.420368573769657,0.5861913721098081,1.2082898147557568
14.420368573769657,0.5861913721098081,1.2082898147557568
14.420368573769657,0.5861913721098081,1.2082898147557568
14.420368573769657,0.5861913721098081,1.2082898147557568
14.420368573769657,0.5861913721098081,1.2082898147557568
14.420368573769657,0.5861913721098081,1.2082898147557568
14.420250705839349,0.5707980047037702,1.2007186269954206
14.420250705839349,0.5707980047037702,1.2007186269954206
14.518226531829374,0.5677158255618506,1.1985125322515757
14.518226531829374,0.5677158255618506,1.1985125322515757
14.518226531829374,0.5677158255618506,1.1985125322515757
14.518226531829374,0.5677158255618506,1.1985125322515757
14.518226531829374,0.5677158255618506,1.1985125322515757
14.518226531829374,0.5677158255618506,1.1985125322515757
14.518226531829374,0.5677158255618506,1.1985125322515757
14.518226531829374,0.5677158255618506,1.1985125322515757
14.518226531829374,0.5677158255618506,1.1985125322515757
14.518226531829374,0.5677158255618506,1.1985125322515757
14.518226531829374,0.5677158255618506,1.1985125322515757
14.518226531829374,0.5677158255618506,1.1985125322515757
14.518226531829374,0.5677158255618506,1.1985125322515757
14.406114489195065,0.5755307243756664,1.2002623220824575
14.406114489195065,0.5755307243756664,1.2002623220824575
14.406114489195065,0.5755307243756664,1.2002623220824575
14.406114489195065,0.5755307243756664,1.2002623220824575
14.406114489195065,0.5755307243756664,1.2002623220824575
14.406114489195065,0.5755307243756664,1.2002623220824575
14.40672966732652,0.5755180565046265,1.2002557350017953
14.40672966732652,0.5755180565046265,1.2002557350017953
14.40672966732652,0.5755180565046265,1.2002557350017953
14.40672966732652,0.5755180565046265,1.2002557350017953
14.40672966732652,0.5755180565046265,1.2002557350017953
14.40672966732652,0.5755180565046265,1.2002557350017953
14.40672966732652,0.5755180565046265,1.2002557350017953
14.40672966732652,0.5755180565046265,1.2002557350017953
14.40672966732652,0.5755180565046265,1.2002557350017953
14.40672966732652,0.5755180565046265,1.2002557350017953
14.40672966732652,0.5755180565046265,1.2002557350017953
14.409351002896239,0.5061065534823038,1.1667634092814188
14.409351002896239,0.5061065534823038,1.1667634092814188
14.409351002896239,0.5061065534823038,1.1667634092814188
14.409351002896239,0.5061065534823038,1.1667634092814188
14.409351002896239,0.5061065534823038,1.1667634092814188
14.409351002896239,0.5061065534823038,1.1667634092814188
22.558112271376277,0.5336638101393769,0.9936502407111436
22.558112271376277,0.5336638101393769,0.9936502407111436
22.558112271376277,0.5336638101393769,0.9936502407111436
22.558112271376277,0.5336638101393769,0.9936502407111436
22.558112271376277,0.5336638101393769,0.9936502407111436
22.53614078306653,0.5285519707452808,1.0484075766124414
22.53614078306653,0.5285519707452808,1.0484075766124414
22.53614078306653,0.5285519707452808,1.0484075766124414
22.53614078306653,0.5285519707452808,1.0484075766124414
22.53614078306653,0.5285519707452808,1.0484075766124414
22.53614078306653,0.5285519707452808,1.0484075766124414
22.53614078306653,0.5285519707452808,1.0484075766124414
22.53614078306653,0.5285519707452808,1.0484075766124414
22.53614078306653,0.5285519707452808,1.0484075766124414
22.53614078306653,0.5285519707452808,1.0484075766124414
22.53614078306653,0.5285519707452808,1.0484075766124414
22.53614078306653,0.5285519707452808,1.0484075766124414
22.53614078306653,0.5285519707452808,1.0484075766124414
22.53614078306653,0.5285519707452808,1.0484075766124414
22.53614078306653,0.5285519707452808,1.0484075766124414
22.53769312863923,0.5093859298847537,1.0405522295237566
22.53769312863923,0.5093859298847537,1.0405522295237566
22.53769312863923,0.5093859298847537,1.0405522295237566
22.53769312863923,0.5093859298847537,1.0405522295237566
22.536945754049047,0.5026493314437348,1.0417440931277708
22.536945754049047,0.5026493314437348,1.0417440931277708
22.536945754049047,0.5026493314437348,1.0417440931277708
22.536945754049047,0.5026493314437348,1.0417440931277708
22.58550190708677,0.49868668727963184,1.0432089411793266
22.58550190708677,0.49868668727963184,1.0432089411793266
22.58550190708677,0.49868668727963184,1.0432089411793266
22.53646999363912,0.39660074544127855,1.0460967274037394
22.541432641406196,0.42916837524100504,1.043681620270734
22.576914909009133,0.20866740782254434,1.0378852702012071
22.576914909009133,0.20866740782254434,1.0378852702012071
22.576914909009133,0.20866740782254434,1.0378852702012071
22.576914909009133,0.20866740782254434,1.0378852702012071
22.576914909009133,0.20866740782254434,1.0378852702012071
22.577447018372894,0.2078748592295684,1.0379449530960447
22.577447018372894,0.2078748592295684,1.0379449530960447
22.577447018372894,0.2078748592295684,1.0379449530960447
22.556161605189292,0.2463222722781731,1.0415634054503322
22.5725314314238,0.16084474773147586,1.0372363116547816
22.5725314314238,0.16084474773147586,1.0372363116547816
22.5725314314238,0.16084474773147586,1.0372363116547816
22.5725314314238,0.16084474773147586,1.0372363116547816
22.5725314314238,0.16084474773147586,1.0372363116547816
22.515090259672,0.1929162023419764,1.038090477880449
22.515090259672,0.1929162023419764,1.038090477880449
22.51389312606849,0.013552168390269514,1.0296220649892072
22.51389312606849,0.013552168390269514,1.0296220649892072
22.51389312606849,0.013552168390269514,1.0296220649892072
22.51389312606849,0.013552168390269514,1.0296220649892072
22.51389312606849,0.013552168390269514,1.0296220649892072
22.51389312606849,0.013552168390269514,1.0296220649892072
22.51389312606849,0.013552168390269514,1.0296220649892072
22.51252459329012,0.01508823985661753,1.029825107368921
22.51252459329012,0.01508823985661753,1.029825107368921
22.511682088259395,0.10714628596356651,1.0473652293957278
22.511682088259395,0.10714628596356651,1.0473652293957278
22.511682088259395,0.10714628596356651,1.0473652293957278
22.511682088259395,0.10714628596356651,1.0473652293957278
22.511682088259395,0.10714628596356651,1.0473652293957278
22.511682088259395,0.10714628596356651,1.0473652293957278
22.510669922789763,0.10532063271829827,1.0477038412215736
22.510669922789763,0.10532063271829827,1.0477038412215736
22.510669922789763,0.10532063271829827,1.0477038412215736
22.510669922789763,0.10532063271829827,1.0477038412215736
22.510669922789763,0.10532063271829827,1.0477038412215736
22.518930154413624,0.06828931881547784,1.0422923510681215
22.518930154413624,0.06828931881547784,1.0422923510681215
22.518930154413624,0.06828931881547784,1.0422923510681215
22.518930154413624,0.06828931881547784,1.0422923510681215
22.51204678531029,0.12615403078344814,1.050544106012491
22.51204678531029,0.12615403078344814,1.050544106012491
22.51204678531029,0.12615403078344814,1.050544106012491
22.51204678531029,0.12615403078344814,1.050544106012491
22.51204678531029,0.12615403078344814,1.050544106012491
22.502744355894905,0.15691275196339213,1.0601072860064504
22.502744355894905,0.15691275196339213,1.0601072860064504
22.502744355894905,0.15691275196339213,1.0601072860064504
22.502744355894905,0.15691275196339213,1.0601072860064504
22.473967189787263,0.0621232959491923,1.0533852613416834
22.473967189787263,0.0621232959491923,1.0533852613416834
22.466173591578784,0.06041100579802618,1.0294297897371074
22.466173591578784,0.06041100579802618,1.0294297897371074
22.466173591578784,0.06041100579802618,1.0294297897371074
22.56738658355957,0.052445756693476314,1.022502295520866
22.450553440235627,0.06164027878031922,1.0304989065171655
22.451146776674626,0.06107411554945008,1.0311265086936732
22.451146776674626,0.06107411554945008,1.0311265086936732
22.451146776674626,0.06107411554945008,1.0311265086936732
22.451146776674626,0.06107411554945008,1.0311265086936732
22.451146776674626,0.06107411554945008,1.0311265086936732
22.451146776674626,0.06107411554945008,1.0311265086936732
22.451146776674626,0.06107411554945008,1.0311265086936732
22.451146776674626,0.06107411554945008,1.0311265086936732
22.451146776674626,0.06107411554945008,1.0311265086936732
22.451146776674626,0.06107411554945008,1.0311265086936732
22.451146776674626,0.06107411554945008,1.0311265086936732
22.451146776674626,0.06107411554945008,1.0311265086936732
22.451146776674626,0.06107411554945008,1.0311265086936732
22.451146776674626,0.06107411554945008,1.0311265086936732
22.451146776674626,0.06107411554945008,1.0311265086936732
22.451146776674626,0.06107411554945008,1.0311265086936732
22.451146776674626,0.06107411554945008,1.0311265086936732
22.47391741653741,0.07901857269740727,1.0328765462895833
22.47391741653741,0.07901857269740727,1.0328765462895833
22.47391741653741,0.07901857269740727,1.0328765462895833
22.477775076630373,0.05813277485818816,1.045321433155531
22.477725060542255,0.06271454066876282,1.0457693924650202
22.477725060542255,0.06271454066876282,1.0457693924650202
22.440159839955413,0.0671930916118416,1.0476445463991875
22.440159839955413,0.0671930916118416,1.0476445463991875
22.440159839955413,0.0671930916118416,1.0476445463991875
22.440159839955413,0.0671930916118416,1.0476445463991875
22.440159839955413,0.0671930916118416,1.0476445463991875
22.440159839955413,0.0671930916118416,1.0476445463991875
22.440159839955413,0.0671930916118416,1.0476445463991875
22.440159839955413,0.0671930916118416,1.0476445463991875
29.516946195834457,0.9394998109099109,0.945226360147033
29.516946195834457,0.9394998109099109,0.945226360147033
29.516946195834457,0.9394998109099109,0.945226360147033
29.516946195834457,0.9394998109099109,0.945226360147033
29.516946195834457,0.9394998109099109,0.945226360147033
29.516946195834457,0.9394998109099109,0.945226360147033
29.516946195834457,0.9394998109099109,0.945226360147033
29.516946195834457,0.9394998109099109,0.945226360147033
29.516946195834457,0.9394998109099109,0.945226360147033
29.516946195834457,0.9394998109099109,0.945226360147033
29.516946195834457,0.9394998109099109,0.945226360147033
29.516946195834457,0.9394998109099109,0.945226360147033
29.516946195834457,0.9394998109099109,0.945226360147033
29.516946195834457,0.9394998109099109,0.945226360147033
29.516946195834457,0.9394998109099109,0.945226360147033
29.516946195834457,0.9394998109099109,0.945226360147033
29.516946195834457,0.9394998109099109,0.945226360147033
29.516946195834457,0.9394998109099109,0.945226360147033
29.516946195834457,0.9394998109099109,0.945226360147033
29.516946195834457,0.9394998109099109,0.945226360147033
29.516946195834457,0.9394998109099109,0.945226360147033
29.516946195834457,0.9394998109099109,0.945226360147033
29.516946195834457,0.9394998109099109,0.945226360147033
29.493233985002888,0.9375176762851865,0.9456900396403985
29.493233985002888,0.9375176762851865,0.9456900396403985
29.493233985002888,0.9375176762851865,0.9456900396403985
29.493233985002888,0.9375176762851865,0.9456900396403985
29.493233985002888,0.9375176762851865,0.9456900396403985
29.493233985002888,0.9375176762851865,0.9456900396403985
29.493233985002888,0.9375176762851865,0.9456900396403985
29.493233985002888,0.9375176762851865,0.9456900396403985
29.493233985002888,0.9375176762851865,0.9456900396403985
29.493233985002888,0.9375176762851865,0.9456900396403985
29.493233985002888,0.9375176762851865,0.9456900396403985
29.493233985002888,0.9375176762851865,0.9456900396403985
29.493233985002888,0.9375176762851865,0.9456900396403985
29.493233985002888,0.9375176762851865,0.9456900396403985
29.493233985002888,0.9375176762851865,0.9456900396403985
29.493233985002888,0.9375176762851865,0.9456900396403985
29.493233985002888,0.9375176762851865,0.9456900396403985
29.493233985002888,0.9375176762851865,0.9456900396403985
29.493233985002888,0.9375176762851865,0.9456900396403985
29.493233985002888,0.9375176762851865,0.9456900396403985
29.493233985002888,0.9375176762851865,0.9456900396403985
29.493233985002888,0.9375176762851865,0.9456900396403985
29.493233985002888,0.9375176762851865,0.9456900396403985
29.493233985002888,0.9375176762851865,0.9456900396403985
23.52942135811133,0.9925532865844158,0.9050440508009305
23.175242832287896,0.8236648502993116,0.970239600964445
23.175242832287896,0.8236648502993116,0.970239600964445
23.32972003718133,0.8781628275955178,0.9498743388312697
23.32972003718133,0.8781628275955178,0.9498743388312697
23.21309439085007,0.7707416685781092,0.9710267069955214
23.21309439085007,0.7707416685781092,0.9710267069955214
23.21309439085007,0.7707416685781092,0.9710267069955214
23.21309439085007,0.7707416685781092,0.9710267069955214
23.21309439085007,0.7707416685781092,0.9710267069955214
23.21309439085007,0.7707416685781092,0.9710267069955214
23.21309439085007,0.7707416685781092,0.9710267069955214
23.337860652378847,0.8306633363924106,0.9593572298174315
23.337860652378847,0.8306633363924106,0.9593572298174315
22.403068559600605,0.6962462618366232,1.025919886637582
22.403068559600605,0.6962462618366232,1.025919886637582
22.427769851980315,0.6200348595400218,1.0341632934570366
22.427769851980315,0.6200348595400218,1.0341632934570366
22.46943415100405,0.5581497441458113,1.0443705192426196
22.46943415100405,0.5581497441458113,1.0443705192426196
22.46943415100405,0.5581497441458113,1.0443705192426196
22.46943415100405,0.5581497441458113,1.0443705192426196
22.46875853967519,0.5406273216101616,1.0471406212799634
22.46875853967519,0.5406273216101616,1.0471406212799634
22.46875853967519,0.5406273216101616,1.0471406212799634
22.46875853967519,0.5406273216101616,1.0471406212799634
22.46875853967519,0.5406273216101616,1.0471406212799634
22.508807763842057,0.5445623743079094,1.0476076935567866
22.508807763842057,0.5445623743079094,1.0476076935567866
22.507874341025353,0.45350246258959576,1.043292789174476
22.517878142209327,0.3901139888198499,1.038640732035435
22.517878142209327,0.3901139888198499,1.038640732035435
22.514433217104305,0.4058719605049607,1.03755259224269
22.514433217104305,0.4058719605049607,1.03755259224269
22.514433217104305,0.4058719605049607,1.03755259224269
22.514433217104305,0.4058719605049607,1.03755259224269
22.514433217104305,0.4058719605049607,1.03755259224269
22.514433217104305,0.4058719605049607,1.03755259224269
22.4952457274643,0.2795094074335136,1.0344170162994932
22.4952457274643,0.2795094074335136,1.0344170162994932
22.4952457274643,0.2795094074335136,1.0344170162994932
22.4952457274643,0.2795094074335136,1.0344170162994932
22.4952457274643,0.2795094074335136,1.0344170162994932
22.496658993552522,0.22734538537744803,1.033640105160365
22.49955312190284,0.1911785121444059,1.0246419929567578
22.499355804602537,0.1892062685437405,1.023432171791474
22.51229384104547,0.18242955362379876,1.0042963384016466
22.51229384104547,0.18242955362379876,1.0042963384016466
22.51229384104547,0.18242955362379876,1.0042963384016466
22.51229384104547,0.18242955362379876,1.0042963384016466
22.508472551426873,0.19906542733716256,1.0135717490702485
22.508472551426873,0.19906542733716256,1.0135717490702485
22.497516149633135,0.10953723904580102,1.0426222097065247
22.45314322921996,0.14888370935505396,1.0570838505468911
22.45314322921996,0.14888370935505396,1.0570838505468911
22.45314322921996,0.14888370935505396,1.0570838505468911
22.514280221799876,0.09365961152370389,1.0478710309638017
22.514280221799876,0.09365961152370389,1.0478710309638017
22.514280221799876,0.09365961152370389,1.0478710309638017
22.514280221799876,0.09365961152370389,1.0478710309638017
22.514280221799876,0.09365961152370389,1.0478710309638017
22.57052052685151,0.07833637201256399,1.0384024180981408
22.57052052685151,0.07833637201256399,1.0384024180981408
22.544648361975174,0.08605955556806555,1.0405205265808692
22.544648361975174,0.08605955556806555,1.0405205265808692
22.544648361975174,0.08605955556806555,1.0405205265808692
22.544648361975174,0.08605955556806555,1.0405205265808692
22.544648361975174,0.08605955556806555,1.0405205265808692
22.544648361975174,0.08605955556806555,1.0405205265808692
22.544648361975174,0.08605955556806555,1.0405205265808692
22.506858015086085,0.10987043322727372,1.033583640724926
22.506858015086085,0.10987043322727372,1.033583640724926
22.511150422713087,0.10401825508060064,1.0338229067745492
77.34928065484398,1.4463521980151905,1.2876304326915053
77.34928065484398,1.4463521980151905,1.2876304326915053
77.34928065484398,1.4463521980151905,1.2876304326915053
77.34937156828795,1.3978913490522864,1.287212733493149
77.34937156828795,1.3978913490522864,1.287212733493149
77.34937156828795,1.3978913490522864,1.287212733493149
77.34937156828795,1.3978913490522864,1.287212733493149
77.34937156828795,1.3978913490522864,1.287212733493149
77.34937156828795,1.3978913490522864,1.287212733493149
77.34937156828795,1.3978913490522864,1.287212733493149
77.34937156828795,1.3978913490522864,1.287212733493149
77.34988928326578,1.1219265824577924,1.2848341069472258
77.34988928326578,1.1219265824577924,1.2848341069472258
77.34988928326578,1.1219265824577924,1.2848341069472258
77.4233219145647,1.1850473200557021,1.3219728420849912
77.4233219145647,1.1850473200557021,1.3219728420849912
77.4233219145647,1.1850473200557021,1.3219728420849912
65.2874875854079,1.0207745703282858,1.2639362479721918
65.2874875854079,1.0207745703282858,1.2639362479721918
65.2874875854079,1.0207745703282858,1.2639362479721918
65.2874875854079,1.0207745703282858,1.2639362479721918
44.23156425974422,0.7595483682416028,1.177205649217467
44.23156425974422,0.7595483682416028,1.177205649217467
44.23156425974422,0.7595483682416028,1.177205649217467
44.23156425974422,0.7595483682416028,1.177205649217467
44.23156425974422,0.7595483682416028,1.177205649217467
44.23156425974422,0.7595483682416028,1.177205649217467
17.668432303165332,0.16996550923788578,0.9670346804062765
17.668432303165332,0.16996550923788578,0.9670346804062765
17.668432303165332,0.16996550923788578,0.9670346804062765
17.668432303165332,0.16996550923788578,0.9670346804062765
17.668432303165332,0.16996550923788578,0.9670346804062765
17.668432303165332,0.16996550923788578,0.9670346804062765
17.668432303165332,0.16996550923788578,0.9670346804062765
17.668432303165332,0.16996550923788578,0.9670346804062765
17.668432303165332,0.16996550923788578,0.9670346804062765
17.668432303165332,0.16996550923788578,0.9670346804062765
17.668432303165332,0.16996550923788578,0.9670346804062765
17.668432303165332,0.16996550923788578,0.9670346804062765
17.668432303165332,0.16996550923788578,0.9670346804062765
17.668432303165332,0.16996550923788578,0.9670346804062765
17.668432303165332,0.16996550923788578,0.9670346804062765
17.668432303165332,0.16996550923788578,0.9670346804062765
17.668432303165332,0.16996550923788578,0.9670346804062765
17.668432303165332,0.16996550923788578,0.9670346804062765
14.411434505836027,0.13713193629586876,0.9589023885448295
14.411434505836027,0.13713193629586876,0.9589023885448295
14.411434505836027,0.13713193629586876,0.9589023885448295
14.411434505836027,0.13713193629586876,0.9589023885448295
14.411434505836027,0.13713193629586876,0.9589023885448295
23.313630489414574,0.27187792619204204,1.0192980026364127
23.313630489414574,0.27187792619204204,1.0192980026364127
23.313630489414574,0.27187792619204204,1.0192980026364127
23.313630489414574,0.27187792619204204,1.0192980026364127
23.313630489414574,0.27187792619204204,1.0192980026364127
23.313630489414574,0.27187792619204204,1.0192980026364127
23.313630489414574,0.27187792619204204,1.0192980026364127
23.313630489414574,0.27187792619204204,1.0192980026364127
23.313630489414574,0.27187792619204204,1.0192980026364127
23.476117500006254,0.30903109932259576,1.004608955955018
23.470387260045147,0.3080202603410974,1.0051570254442632
23.470387260045147,0.3080202603410974,1.0051570254442632
23.470387260045147,0.3080202603410974,1.0051570254442632
23.470387260045147,0.3080202603410974,1.0051570254442632
23.470387260045147,0.3080202603410974,1.0051570254442632
23.470387260045147,0.3080202603410974,1.0051570254442632
23.470387260045147,0.3080202603410974,1.0051570254442632
23.470387260045147,0.3080202603410974,1.0051570254442632
23.470387260045147,0.3080202603410974,1.0051570254442632
23.470387260045147,0.3080202603410974,1.0051570254442632
23.470387260045147,0.3080202603410974,1.0051570254442632
23.470387260045147,0.3080202603410974,1.0051570254442632
23.470387260045147,0.3080202603410974,1.0051570254442632
23.470387260045147,0.3080202603410974,1.0051570254442632
23.470387260045147,0.3080202603410974,1.0051570254442632
23.470387260045147,0.3080202603410974,1.0051570254442632
23.470387260045147,0.3080202603410974,1.0051570254442632
23.470387260045147,0.3080202603410974,1.0051570254442632
23.470387260045147,0.3080202603410974,1.0051570254442632
23.470387260045147,0.3080202603410974,1.0051570254442632
23.470387260045147,0.3080202603410974,1.0051570254442632
23.470387260045147,0.3080202603410974,1.0051570254442632
23.470387260045147,0.3080202603410974,1.0051570254442632
23.470387260045147,0.3080202603410974,1.0051570254442632
23.470387260045147,0.3080202603410974,1.0051570254442632
23.470387260045147,0.3080202603410974,1.0051570254442632
23.470387260045147,0.3080202603410974,1.0051570254442632
22.70369330136012,0.31561833120754407,0.9975365887232324
22.70369330136012,0.31561833120754407,0.9975365887232324
22.70369330136012,0.31561833120754407,0.9975365887232324
22.687639982787314,0.2796827062737468,1.0072752004454655
22.6555020187851,0.2542092410535425,1.0118613716504314
22.6555020187851,0.2542092410535425,1.0118613716504314
22.6555190506486,0.254212226235318,1.0118530471673257
22.569979223899047,0.20881311670299949,1.0322669674769762
22.523282641476527,0.17154165437647434,1.032243186842592
22.51857569011803,0.18285716767043358,1.031897914645099
22.522852551334346,0.2145329773940355,1.039414412384457
22.522852551334346,0.2145329773940355,1.039414412384457
22.518267004905372,0.2136956986480715,1.0418299174061207
22.518267004905372,0.2136956986480715,1.0418299174061207
22.532711270068305,0.16208426667480683,1.0352319967206278
22.517673965432305,0.15495260050304027,1.039994850386766
22.515676602210686,0.15538288583722795,1.052206384415037
22.479148341161874,0.12277744168314608,1.030218378264093
22.479148341161874,0.12277744168314608,1.030218378264093
22.47578847729772,0.11157468188719022,1.0319181147996281
22.47578847729772,0.11157468188719022,1.0319181147996281
22.47578847729772,0.11157468188719022,1.0319181147996281
22.47264568871729,0.14250060528001895,1.0195000583626532
22.488387182603123,0.14336316108354363,1.0219639677859627
22.506840954784938,0.1586448661217252,1.0180191416808722
22.534076970056145,0.1771873091652977,1.00521861302224
22.543718351913174,0.17092079949351763,0.993635166748149
22.543718351913174,0.17092079949351763,0.993635166748149
22.545690849527634,0.1407535114243988,1.0173808182527189
22.526506820264043,0.1342222922928749,1.0213094088729167
22.526368890442207,0.13463300383854648,1.0212570792180389
22.526368890442207,0.13463300383854648,1.0212570792180389
22.526368890442207,0.13463300383854648,1.0212570792180389
22.223178138469894,0.4119405680861609,1.0337430988675358
22.223178138469894,0.4119405680861609,1.0337430988675358
22.223178138469894,0.4119405680861609,1.0337430988675358
22.336148401734864,0.4232242999200294,1.039487681995872
22.282354861461158,0.4129641490632596,1.0200080738344814
22.282354861461158,0.4129641490632596,1.0200080738344814
22.282354861461158,0.4129641490632596,1.0200080738344814
23.51136255104921,0.36184483201164164,0.9797185938367101
23.51136255104921,0.36184483201164164,0.9797185938367101
23.51136255104921,0.36184483201164164,0.9797185938367101
23.408065549617547,0.36059690648234133,0.9791274499066025
23.408065549617547,0.36059690648234133,0.9791274499066025
23.408065549617547,0.36059690648234133,0.9791274499066025
23.408065549617547,0.36059690648234133,0.9791274499066025
23.408065549617547,0.36059690648234133,0.9791274499066025
23.408065549617547,0.36059690648234133,0.9791274499066025
23.408065549617547,0.36059690648234133,0.9791274499066025
23.408065549617547,0.36059690648234133,0.9791274499066025
23.408065549617547,0.36059690648234133,0.9791274499066025
23.408065549617547,0.36059690648234133,0.9791274499066025
23.408065549617547,0.36059690648234133,0.9791274499066025
23.408065549617547,0.36059690648234133,0.9791274499066025
23.408065549617547,0.36059690648234133,0.9791274499066025
23.408065549617547,0.36059690648234133,0.9791274499066025
23.408065549617547,0.36059690648234133,0.9791274499066025
23.408065549617547,0.36059690648234133,0.9791274499066025
23.408065549617547,0.36059690648234133,0.9791274499066025
23.408065549617547,0.36059690648234133,0.9791274499066025
23.408065549617547,0.36059690648234133,0.9791274499066025
23.408065549617547,0.36059690648234133,0.9791274499066025
23.408065549617547,0.36059690648234133,0.9791274499066025
23.408065549617547,0.36059690648234133,0.9791274499066025
23.408065549617547,0.36059690648234133,0.9791274499066025
23.408065549617547,0.36059690648234133,0.9791274499066025
23.408065549617547,0.36059690648234133,0.9791274499066025
23.408065549617547,0.36059690648234133,0.9791274499066025
23.408065549617547,0.36059690648234133,0.9791274499066025
23.408065549617547,0.36059690648234133,0.9791274499066025
23.408065549617547,0.36059690648234133,0.9791274499066025
23.408065549617547,0.36059690648234133,0.9791274499066025
23.408065549617547,0.36059690648234133,0.9791274499066025
23.408065549617547,0.36059690648234133,0.9791274499066025
23.408065549617547,0.36059690648234133,0.9791274499066025
23.408065549617547,0.36059690648234133,0.9791274499066025
23.408065549617547,0.36059690648234133,0.9791274499066025
23.408065549617547,0.36059690648234133,0.9791274499066025
23.408065549617547,0.36059690648234133,0.9791274499066025
23.408065549617547,0.36059690648234133,0.9791274499066025
23.408065549617547,0.36059690648234133,0.9791274499066025
23.408065549617547,0.36059690648234133,0.9791274499066025
23.408065549617547,0.36059690648234133,0.9791274499066025
23.408065549617547,0.36059690648234133,0.9791274499066025
23.408065549617547,0.36059690648234133,0.9791274499066025
23.408065549617547,0.36059690648234133,0.9791274499066025
23.37612257848556,0.36117546135216605,0.9818959516380371
23.36489542644521,0.3620248422113049,0.9828639302599823
23.36489542644521,0.3620248422113049,0.9828639302599823
23.36489542644521,0.3620248422113049,0.9828639302599823
23.36489542644521,0.3620248422113049,0.9828639302599823
23.36489542644521,0.3620248422113049,0.9828639302599823
23.36489542644521,0.3620248422113049,0.9828639302599823
23.36489542644521,0.3620248422113049,0.9828639302599823
23.36489542644521,0.3620248422113049,0.9828639302599823
23.36489542644521,0.3620248422113049,0.9828639302599823
23.36489542644521,0.3620248422113049,0.9828639302599823
23.36489542644521,0.3620248422113049,0.9828639302599823
23.36489542644521,0.3620248422113049,0.9828639302599823
23.36489542644521,0.3620248422113049,0.9828639302599823
23.36489542644521,0.3620248422113049,0.9828639302599823
23.36489542644521,0.3620248422113049,0.9828639302599823
23.36489542644521,0.3620248422113049,0.9828639302599823
23.36489542644521,0.3620248422113049,0.9828639302599823
23.36489542644521,0.3620248422113049,0.9828639302599823
23.36489542644521,0.3620248422113049,0.9828639302599823
23.36489542644521,0.3620248422113049,0.9828639302599823
23.36489542644521,0.3620248422113049,0.9828639302599823
23.36489542644521,0.3620248422113049,0.9828639302599823
23.36489542644521,0.3620248422113049,0.9828639302599823
23.36489542644521,0.3620248422113049,0.9828639302599823
23.36489542644521,0.3620248422113049,0.9828639302599823
23.36489542644521,0.3620248422113049,0.9828639302599823
22.415736425342143,0.3253488897515854,0.9922542011195146
22.415736425342143,0.3253488897515854,0.9922542011195146
22.415736425342143,0.3253488897515854,0.9922542011195146
22.415736425342143,0.3253488897515854,0.9922542011195146
22.415736425342143,0.3253488897515854,0.9922542011195146
22.415736425342143,0.3253488897515854,0.9922542011195146
22.415736425342143,0.3253488897515854,0.9922542011195146
22.438202029585693,0.25085582545640833,1.0023381405269376
22.45018143276981,0.24493611780671867,1.0176608494561106
22.45018143276981,0.24493611780671867,1.0176608494561106
22.45018143276981,0.24493611780671867,1.0176608494561106
22.451844346817257,0.2254102415526145,1.020615309460411
22.46902367644699,0.17087931350981975,1.0098977810754908
22.46902367644699,0.17087931350981975,1.0098977810754908
22.46902367644699,0.17087931350981975,1.0098977810754908
22.46902367644699,0.17087931350981975,1.0098977810754908
22.46902367644699,0.17087931350981975,1.0098977810754908
22.50273721462795,0.19695205725911039,1.0297399096591693
22.50273721462795,0.19695205725911039,1.0297399096591693
22.50273721462795,0.19695205725911039,1.0297399096591693
22.50273721462795,0.19695205725911039,1.0297399096591693
22.50273721462795,0.19695205725911039,1.0297399096591693
22.50273721462795,0.19695205725911039,1.0297399096591693
22.50273721462795,0.19695205725911039,1.0297399096591693
22.50273721462795,0.19695205725911039,1.0297399096591693
22.518600807108715,0.1633013164732131,1.0300973833358724
22.521520384442525,0.16712877769409196,1.0299578951418638
22.511259473859003,0.13252320569445608,1.0340061703521777
22.511259473859003,0.13252320569445608,1.0340061703521777
22.511259473859003,0.13252320569445608,1.0340061703521777
22.57963614840663,0.16142561566855873,1.0351498802439043
22.57963614840663,0.16142561566855873,1.0351498802439043
22.57963614840663,0.16142561566855873,1.0351498802439043
22.57963614840663,0.16142561566855873,1.0351498802439043
22.57321861749755,0.15890281969024916,1.0355476076199206
22.56053873114938,0.18361889103227308,1.0313387939883218
22.56053873114938,0.18361889103227308,1.0313387939883218
22.562820095705284,0.18535692636841572,1.0317592111315461
22.562820095705284,0.18535692636841572,1.0317592111315461
18.690323116810195,0.4833264274121979,1.1007688802363602
18.667877235993934,0.509718277636924,1.1069397616629073
18.667877235993934,0.509718277636924,1.1069397616629073
18.667877235993934,0.509718277636924,1.1069397616629073
18.667877235993934,0.509718277636924,1.1069397616629073
18.667877235993934,0.509718277636924,1.1069397616629073
18.667877235993934,0.509718277636924,1.1069397616629073
18.667877235993934,0.509718277636924,1.1069397616629073
18.667877235993934,0.509718277636924,1.1069397616629073
18.667877235993934,0.509718277636924,1.1069397616629073
18.667877235993934,0.509718277636924,1.1069397616629073
20.20511120188274,0.5113099485108918,1.0390222524396433
20.20511120188274,0.5113099485108918,1.0390222524396433
20.20511120188274,0.5113099485108918,1.0390222524396433
20.20511120188274,0.5113099485108918,1.0390222524396433
20.20511120188274,0.5113099485108918,1.0390222524396433
18.175708275649246,0.6734354546124899,1.0275426841685065
18.175708275649246,0.6734354546124899,1.0275426841685065
19.89022172461902,0.6909950423986508,1.0723860325111618
19.89022172461902,0.6909950423986508,1.0723860325111618
19.89022172461902,0.6909950423986508,1.0723860325111618
19.545313436777978,0.7166604266762212,1.0714945295881733
19.545313436777978,0.7166604266762212,1.0714945295881733
19.545313436777978,0.7166604266762212,1.0714945295881733
19.545313436777978,0.7166604266762212,1.0714945295881733
19.545313436777978,0.7166604266762212,1.0714945295881733
19.545313436777978,0.7166604266762212,1.0714945295881733
19.626326517434237,0.7180202194492572,1.071641845232423
19.626326517434237,0.7180202194492572,1.071641845232423
19.626326517434237,0.7180202194492572,1.071641845232423
19.626326517434237,0.7180202194492572,1.071641845232423
19.626326517434237,0.7180202194492572,1.071641845232423
19.369103475613105,0.6731099230372196,1.0906169099301108
19.369103475613105,0.6731099230372196,1.0906169099301108
20.564372749760384,0.6532576534800996,1.067811385034343
20.564372749760384,0.6532576534800996,1.067811385034343
20.564372749760384,0.6532576534800996,1.067811385034343
20.564372749760384,0.6532576534800996,1.067811385034343
20.564372749760384,0.6532576534800996,1.067811385034343
20.564372749760384,0.6532576534800996,1.067811385034343
20.564372749760384,0.6532576534800996,1.067811385034343
21.50820739352352,0.5857050058491795,1.0739829504731808
21.854822588632345,0.5563093708037453,1.0710057279603895
21.98285632300952,0.4629156589872888,1.0754756030191186
21.98285632300952,0.4629156589872888,1.0754756030191186
22.713927060433655,0.4191737688238302,1.0572894911334336
22.63587377965716,0.4147184215868441,1.0541800574717752
22.63587377965716,0.4147184215868441,1.0541800574717752
22.63587377965716,0.4147184215868441,1.0541800574717752
22.63587377965716,0.4147184215868441,1.0541800574717752
22.63587377965716,0.4147184215868441,1.0541800574717752
22.71256259085942,0.2710466981878392,1.0601579239837133
22.71256259085942,0.2710466981878392,1.0601579239837133
22.71256259085942,0.2710466981878392,1.0601579239837133
22.71256259085942,0.2710466981878392,1.0601579239837133
22.71256259085942,0.2710466981878392,1.0601579239837133
22.71256259085942,0.2710466981878392,1.0601579239837133
22.71256259085942,0.2710466981878392,1.0601579239837133
22.71256259085942,0.2710466981878392,1.0601579239837133
22.71256259085942,0.2710466981878392,1.0601579239837133
22.575686746077608,0.2109233518633786,1.0543632547923973
22.575686746077608,0.2109233518633786,1.0543632547923973
22.575686746077608,0.2109233518633786,1.0543632547923973
22.575686746077608,0.2109233518633786,1.0543632547923973
22.575686746077608,0.2109233518633786,1.0543632547923973
22.565539205191673,0.12802148071682756,1.0270001096097519
22.56658244426557,0.11524616710860125,1.0274582687013076
22.56658244426557,0.11524616710860125,1.0274582687013076
22.56658244426557,0.11524616710860125,1.0274582687013076
22.56658244426557,0.11524616710860125,1.0274582687013076
22.56658244426557,0.11524616710860125,1.0274582687013076
22.602339483104473,0.02159384493662536,1.0217686053946575
22.602339483104473,0.02159384493662536,1.0217686053946575
22.602339483104473,0.02159384493662536,1.0217686053946575
22.602339483104473,0.02159384493662536,1.0217686053946575
22.602339483104473,0.02159384493662536,1.0217686053946575
22.602587554547828,0.017735955380422254,1.0163830149520294
22.602587554547828,0.017735955380422254,1.0163830149520294
22.602587554547828,0.017735955380422254,1.0163830149520294
22.602587554547828,0.017735955380422254,1.0163830149520294
22.602587554547828,0.017735955380422254,1.0163830149520294
22.602587554547828,0.017735955380422254,1.0163830149520294
22.602587554547828,0.017735955380422254,1.0163830149520294
22.602587554547828,0.017735955380422254,1.0163830149520294
22.602587554547828,0.017735955380422254,1.0163830149520294
22.602587554547828,0.017735955380422254,1.0163830149520294
22.602587554547828,0.017735955380422254,1.0163830149520294
22.602587554547828,0.017735955380422254,1.0163830149520294
22.596035437248037,0.024808460673888907,1.0371364913432644
22.596035437248037,0.024808460673888907,1.0371364913432644
22.596035437248037,0.024808460673888907,1.0371364913432644
22.596035437248037,0.024808460673888907,1.0371364913432644
22.596035437248037,0.024808460673888907,1.0371364913432644
22.596035437248037,0.024808460673888907,1.0371364913432644
22.596035437248037,0.024808460673888907,1.0371364913432644
22.596035437248037,0.024808460673888907,1.0371364913432644
22.604879609154576,0.020815357384095554,1.0375133977747757
22.604879609154576,0.020815357384095554,1.0375133977747757
22.604879609154576,0.020815357384095554,1.0375133977747757
22.604879609154576,0.020815357384095554,1.0375133977747757
22.604879609154576,0.020815357384095554,1.0375133977747757
22.521571254308423,0.028158193903700002,1.042733294394551
22.530450030178248,0.030979586343444842,1.0360282193171437
22.530450030178248,0.030979586343444842,1.0360282193171437
22.532291704362017,0.030288720300245153,1.0358620433908692
22.532291704362017,0.030288720300245153,1.0358620433908692
22.49497685049481,0.039601394253324845,1.047448039796192
22.49497685049481,0.039601394253324845,1.047448039796192
22.49497685049481,0.039601394253324845,1.047448039796192
22.49497685049481,0.039601394253324845,1.047448039796192
22.523519324501574,0.008299059329037614,1.0544738199906867
22.523519324501574,0.008299059329037614,1.0544738199906867
22.523519324501574,0.008299059329037614,1.0544738199906867
22.523519324501574,0.008299059329037614,1.0544738199906867
22.50714890998172,0.020204624325009413,1.0532709373219107
22.50714890998172,0.020204624325009413,1.0532709373219107
22.50714890998172,0.020204624325009413,1.0532709373219107
22.50714890998172,0.020204624325009413,1.0532709373219107
22.50714890998172,0.020204624325009413,1.0532709373219107
22.50714890998172,0.020204624325009413,1.0532709373219107
