lag,target,syn,red,leak,joint_mi,syn_bits,red_bits,n_eff,empty_fraction,occupied_cells,u_red_wing,u_core,u_blue_wing,u_continuum
1,continuum,0.5139967168676646,0.3832415960240427,0.5156963180209833,1.289728717083833,0.6629163262310351,0.4942776919732491,1743,0.939697265625,247,0.0,0.10189206963973771,0.0008696174685551758,
2,continuum,0.5274223213953213,0.3782472797295279,0.5244524139514908,1.2665787530933459,0.668021906186484,0.47907996792077545,1742,0.939453125,248,0.0,0.09302077553049648,0.0013096233446542177,
3,continuum,0.5362144876431534,0.3728268957311734,0.5312553938438113,1.2486247332706188,0.6695306716092739,0.4655208832384492,1741,0.939453125,248,0.0,0.08970647324376854,0.0012521433819046863,
4,continuum,0.53304496799415,0.37471882004519314,0.5455866536109985,1.2106092158282458,0.6453091507045903,0.4536380568909968,1740,0.93701171875,258,0.0,0.08968589072519141,0.002550321235465386,
5,continuum,0.543615754907908,0.36919356024428945,0.550770613828536,1.1969558057117275,0.650684033913384,0.4419083753657847,1739,0.9365234375,260,0.0,0.08500204807798345,0.0021886367698190157,
6,continuum,0.556136606108061,0.3571108977616811,0.5496172809790425,1.200185979838988,0.6674673575261325,0.4285994927412839,1738,0.936767578125,259,0.0,0.08438141231150957,0.0023710838187483065,
7,continuum,0.5663821280012138,0.35209210773462873,0.5550243274211665,1.1859319870499312,0.6716906824900479,0.4175572929503267,1737,0.93603515625,262,0.0,0.07802818706570501,0.0034975771984526328,
8,continuum,0.5789572926263735,0.3489447426750569,0.5593857703658021,1.1744608056807335,0.6799626483527068,0.40982192362020353,1736,0.93603515625,262,0.0,0.07117121260756225,0.0009267520910073697,
9,continuum,0.5910998104878836,0.3453108829426844,0.5619648787167824,1.1677375524425364,0.6902494459483683,0.4032324852792615,1735,0.935546875,264,0.0,0.0635893065694319,0.0,
10,continuum,0.599132800434405,0.34312251755443796,0.5600182011525852,1.173078665955745,0.7028299062639214,0.4025097051521368,1734,0.935302734375,265,0.0,0.05545738108375206,0.0022873009274050875,
11,continuum,0.6027758724758755,0.33841421764941715,0.5641280586861311,1.1622706155040663,0.7005886843135364,0.3933289010427151,1733,0.9345703125,268,0.0,0.054547931486869726,0.004261978387837614,
12,continuum,0.6190648587989248,0.3250902578457193,0.5572818626727687,1.1806777690721653,0.7309161163976896,0.38382684038037884,1732,0.93505859375,266,0.0,0.05014302146287958,0.005701861892476287,
13,continuum,0.626703557745336,0.32284189189783036,0.5550286940438809,1.1868384542289188,0.7437958817342385,0.38316117194036065,1731,0.935302734375,265,0.0012672263097695232,0.04206115472270001,0.007126169324364264,
14,continuum,0.6240072497557297,0.31239950128112914,0.5500462504924284,1.2002806753473179,0.7489838431584297,0.374967084375879,1730,0.936279296875,261,0.011182498195175368,0.04216213312023097,0.01024861764773476,
15,continuum,0.6275609867689579,0.3035615651037302,0.5474193756210394,1.2074413239920792,0.7577430687500861,0.3665327780819558,1729,0.937255859375,257,0.01254394812677612,0.0443094018796326,0.01202409812090301,
16,continuum,0.6344794627509845,0.2946449632332607,0.5414383418703059,1.2235529224085342,0.7763192008571639,0.36051370583701126,1728,0.9384765625,252,0.012514339803167285,0.04507229098360378,0.013288943228983423,
17,continuum,0.6366238315143248,0.29468865179444936,0.546188215774283,1.2110317561465354,0.7709716766835287,0.35687731549908686,1727,0.9365234375,260,0.011131468820173346,0.04242691652756636,0.015129131343486386,
18,continuum,0.6432063491850752,0.29682780659490543,0.5524972682801778,1.194345551492039,0.7682106418406296,0.35451497036576457,1726,0.935546875,264,0.007730667381125727,0.0384862469306723,0.013748929908221337,
19,continuum,0.649358714913322,0.29695210321567866,0.5528287328907051,1.193610246112209,0.775081215522798,0.35444507300280426,1725,0.935302734375,265,0.005656883135944665,0.035758377189563706,0.012273921545490979,
20,continuum,0.6519555582134242,0.29953976241876745,0.5520350668101427,1.1958778089997086,0.7796591845214518,0.3582129547896489,1724,0.93701171875,258,0.005383724811049139,0.03057708015413148,0.012543874402627615,
21,continuum,0.6468532643727086,0.2986450947971781,0.5559362337516279,1.1856105743859775,0.7669160703163717,0.35407678238003704,1723,0.9365234375,260,0.006954997529191987,0.03191679746688112,0.015629845834040212,
22,continuum,0.6539635675183822,0.29384736185786275,0.5514683890799973,1.1976874968673115,0.7832439882235083,0.35193731128460676,1722,0.937255859375,257,0.0051758813971335025,0.0311101814705187,0.01590300775610269,
23,continuum,0.6567335233734499,0.29602557154503256,0.556131776725473,1.185381222426041,0.778479586744581,0.35090315386741816,1721,0.937255859375,257,0.002262369857000617,0.028251231684815394,0.01672730353970145,
24,continuum,0.6586663933934055,0.29358379367329845,0.5588470064922807,1.1782746704213254,0.7760899275932179,0.34592234773144814,1720,0.93701171875,258,0.001978496366497248,0.027487492081253565,0.018283824485545316,
25,continuum,0.6593996894246161,0.29173390287798157,0.5616955565726873,1.1708096681677824,0.7720315315651736,0.34156487402186164,1719,0.936767578125,259,0.002614461359549582,0.028040748749881005,0.01821119758797171,
26,continuum,0.659804010719564,0.2893773782132618,0.564414109798916,1.1636895574588073,0.7678070372437955,0.33674543319158057,1718,0.936279296875,261,0.004746067906496534,0.02702426274436217,0.01904828041631557,
27,continuum,0.6583577478812664,0.29040148094354423,0.5712631564983212,1.1455309773685731,0.7541691943885998,0.3326638922945393,1717,0.93505859375,266,0.0040527704336534185,0.02759354585833201,0.01959445488320409,
28,continuum,0.6589112190648004,0.28792681617760624,0.5749739641583271,1.1352456405449027,0.7480260889494421,0.32686766286160107,1716,0.934814453125,267,0.0037507686419266323,0.02827225299292323,0.02113894312274339,
29,continuum,0.666447822935577,0.2789551534351658,0.5705903146068084,1.147093123650519,0.7644777149612592,0.31998753831235416,1715,0.936279296875,261,0.002283309956926798,0.03232850572798987,0.01998520794434055,
30,continuum,0.6681677669900674,0.2767755172763234,0.5733555494938879,1.139843592125877,0.7616067476686844,0.31548079982474214,1714,0.935791015625,263,0.0014817573471728488,0.03634595198720801,0.017229006399228315,
31,continuum,0.6724502641843519,0.2729609344560763,0.5701581033811906,1.14852383557528,0.7723251566546223,0.31350213940370536,1713,0.936767578125,259,0.00216487039796512,0.03998425985573342,0.01243967110587316,
32,continuum,0.6778539277716439,0.2733084131008867,0.5655730939741804,1.1609135435828652,0.7869298053209427,0.31728743834396,1712,0.936279296875,261,0.0,0.038997407453675186,0.009840251673794117,
33,continuum,0.6832615411024455,0.2713420385821834,0.5605751426842532,1.1744092459703634,0.8024286712866715,0.3186665989313633,1711,0.93701171875,258,7.04624326386907e-05,0.03769115360542998,0.007634804277302557,
34,continuum,0.6882158595978659,0.26510923551029747,0.5555934451431792,1.1878641076036471,0.8175069178998959,0.31491374545692463,1710,0.93896484375,250,0.003124318254477815,0.03907296766961514,0.004477618967743715,
35,continuum,0.686726101989636,0.26199620483627645,0.5564261283022881,1.1852479924643746,0.8139407337561014,0.3105304758154817,1709,0.938232421875,253,0.008859093093698084,0.03961861975709844,0.0027999803232909445,
36,continuum,0.6862192988676068,0.2545798974714601,0.5551244685304733,1.1883302821089683,0.8154551730119616,0.3025250013815324,1708,0.938720703125,251,0.012489419853614075,0.04366860185356476,0.003042781953754498,
37,continuum,0.6869722170059156,0.25182421983575004,0.5528576946557447,1.1939830552303308,0.8202331865190768,0.3006738513804833,1707,0.937744140625,255,0.013187196693541757,0.04325734312176675,0.004759023343025798,
38,continuum,0.6872182257891493,0.25551267138885253,0.5562194049277797,1.184603009396569,0.814080778381997,0.3026810794661913,1706,0.936279296875,261,0.010583751464399965,0.041392907281426264,0.0052924440761719285,
39,continuum,0.684550975497932,0.25312712708019286,0.5502201818519056,1.200203677019886,0.8216005979001679,0.3038041086751274,1705,0.938232421875,253,0.014424290895797911,0.04045485062376942,0.007442755902307834,
40,continuum,0.6767524283504782,0.2521024048582202,0.5503578980329339,1.1994185049146793,0.8117093858095092,0.30237628952044165,1704,0.937744140625,255,0.020522459405926115,0.04322122321394017,0.007401484171435237,
41,continuum,0.6753193937174182,0.2520716220471318,0.556516762883007,1.1831300391716564,0.7989906607422683,0.298233508066686,1703,0.936767578125,259,0.019554275076773004,0.0435136909736821,0.009541018184994662,
42,continuum,0.6798013239622829,0.2542593866916205,0.5598198828372062,1.1744565953610495,0.7983971484626766,0.2986166136324292,1702,0.936767578125,259,0.010871096498770215,0.044117477280707244,0.010950715566618975,
43,continuum,0.6864818717090155,0.2525045552146899,0.5582818232974078,1.178698896951256,0.8091554249604502,0.29762684070672246,1701,0.9375,256,0.005440276760696716,0.04343973719981548,0.012133559115782377,
44,continuum,0.6867341184263982,0.2549182979891086,0.5600815565993924,1.1740885404658714,0.8062866587913667,0.2992966524240766,1700,0.9375,256,0.00265875378901296,0.04261562519518102,0.013073204600299182,
45,continuum,0.6805247749084735,0.25403348010580334,0.5667154026051203,1.1565724610870713,0.7870762137466185,0.2938081272844826,1699,0.935791015625,263,0.00493233999544017,0.04376565996103033,0.01674374502925271,
46,continuum,0.679025456617978,0.2521643723493533,0.5665521536944758,1.1571967528650133,0.7857660535110071,0.2918037928709158,1698,0.93701171875,258,0.0053913837727533435,0.04325299909493233,0.020165788164983246,
47,continuum,0.6737848680323919,0.25693600609914763,0.5689268034988543,1.151044144673239,0.7755561271181157,0.29574468537615145,1697,0.937255859375,257,0.005529663468518526,0.0429232477555008,0.020826214644441177,
48,continuum,0.6723058549327586,0.25554685403122307,0.5707118452798912,1.1464637044852033,0.7707742609933022,0.2929751929421755,1696,0.93603515625,262,0.003024638870394647,0.04483013084638442,0.024292521319239247,
49,continuum,0.6714325701605821,0.25542560080564053,0.5697278338716752,1.1492776035209809,0.7716624151600866,0.29355492237181324,1695,0.935791015625,263,0.0015464303351697063,0.04549953842776694,0.02609586027084108,
50,continuum,0.6697673647584752,0.2571224027090079,0.5685425754110471,1.152580698450845,0.7719609370729053,0.2963543185017078,1694,0.93603515625,262,0.002720532899987974,0.047394373808295684,0.022995325824233304,
51,continuum,0.6687614490545439,0.2614313997798118,0.5666489267913563,1.1578266542266373,0.7743098310345804,0.30269224291684593,1693,0.93603515625,262,0.004151434696539996,0.04279349734156313,0.022862219127541165,
52,continuum,0.6718394299009127,0.2603568060146526,0.5584515430893412,1.1799188749724854,0.7927160242908409,0.3071999096442385,1692,0.936767578125,259,0.00694418648316101,0.039936167350038576,0.020923410251235088,
53,continuum,0.6743336281692773,0.2585759356702534,0.5528902428653137,1.194972396820483,0.8058100719100938,0.3089911056079817,1691,0.937255859375,257,0.007639813940720788,0.03948345160410882,0.019967170615639653,
54,continuum,0.6707627991182771,0.25546897059182,0.5538609209719499,1.1925697218618672,0.7999314047797712,0.30466455920302427,1690,0.9375,256,0.010033638606132591,0.041107082634532784,0.0226275090492375,
55,continuum,0.6697535094669025,0.2526169043164049,0.5510231018566181,1.2003478827610379,0.8039372070603712,0.30322816624584426,1689,0.9384765625,252,0.01101235978680188,0.0399146297443623,0.02670259668552857,
56,continuum,0.6717036377478853,0.25133839784659473,0.5487910148940803,1.2065083555195755,0.8104160513757177,0.3032418770648198,1688,0.93896484375,250,0.008741855474479249,0.03979091712376117,0.02842519180727955,
57,continuum,0.670614553639065,0.24241191850494218,0.5412916020730184,1.2267570985969272,0.8226811640991327,0.2973805418104376,1687,0.9404296875,244,0.008368160418310686,0.041686583240016534,0.03691878419766583,
58,continuum,0.6689926941357406,0.23839393133062275,0.5438460247065019,1.2201198160488373,0.8162512429069159,0.2908691596422786,1686,0.939697265625,247,0.01126962249572027,0.04126979953979981,0.0400739524981165,
59,continuum,0.6754379710618079,0.23747472740876963,0.5433977730214856,1.221338358332677,0.8249383027321826,0.29003699371892666,1685,0.939697265625,247,0.010593295822016121,0.03725436986273104,0.03923963584467539,
60,continuum,0.6796801741776292,0.2374896523749961,0.5413568390267529,1.2269927073093716,0.8339626170187144,0.291398071525558,1684,0.939697265625,247,0.012062803165753155,0.0359012992933515,0.034866070988270194,
61,continuum,0.678107959230683,0.23283070488471289,0.5450360669598496,1.2171684860794554,0.8253716381352395,0.28339419657733844,1683,0.940185546875,245,0.014986093406730896,0.036323344520555786,0.03775189795731738,
62,continuum,0.6731036375065094,0.2292495109282076,0.5450168258060926,1.2172374972200843,0.8193269870881583,0.2790511009211798,1682,0.939453125,248,0.018503383636905707,0.039168133709839945,0.03997533421853736,
63,continuum,0.6671939855696093,0.22583833718997903,0.5498382954358727,1.2045302362154393,0.803655329039682,0.2720291056419475,1681,0.93798828125,254,0.02445500092350716,0.043969386590895804,0.03854328972600864,
64,continuum,0.6689242143690869,0.2206400661522828,0.5464393236791327,1.2136417843199832,0.8118343771017416,0.2677780035775356,1680,0.938720703125,251,0.0273930203322557,0.042593390079615955,0.0404493090667586,
65,continuum,0.6630092667781691,0.22271235577433782,0.5416760585139567,1.226403038382265,0.8131165792523443,0.2731351098069199,1679,0.93896484375,250,0.032097019149609426,0.04222390582492785,0.03995745247295591,
66,continuum,0.6635799910766327,0.21815515059724322,0.5413669459937573,1.2272446605455842,0.8143750008936839,0.26772974374098457,1678,0.9384765625,252,0.033473269820900604,0.04587590302913891,0.038915685476084434,
67,continuum,0.6698070579418878,0.21672307309647368,0.5421670450962055,1.2251169596315097,0.820591986365492,0.26551111239394926,1677,0.938232421875,253,0.027430142043331208,0.04500070217339553,0.04103902474491172,
68,continuum,0.6691807047852731,0.2208378366397507,0.5411445637737703,1.2278651090017187,0.8216636390230163,0.27115907435737124,1676,0.938720703125,251,0.024994006353274978,0.04516612351260284,0.03982132870909833,
69,continuum,0.6749913832678291,0.22602378949031363,0.537480052976769,1.2376820450245176,0.8354247156168547,0.27974558600056243,1675,0.938720703125,251,0.017771631079884196,0.04476817964745128,0.03644501651452179,
70,continuum,0.6747784924511123,0.23307572387823167,0.5439591685327829,1.220353824571884,0.8234685140015651,0.2844348510496604,1674,0.9375,256,0.013423191060894213,0.04511538288680298,0.033607209722958796,
71,continuum,0.6702049129073185,0.23671859869945863,0.5437686367754225,1.2208720591991526,0.8182344521065468,0.2890031230449459,1673,0.937255859375,257,0.015903508951302502,0.047459590764227774,0.02971338867769248,
72,continuum,0.6668257915497439,0.23586556812949633,0.5380304184163118,1.236234730180339,0.8243532024937885,0.29158520697540025,1672,0.937744140625,255,0.018212414754228436,0.05105306474766281,0.02804316081886848,
73,continuum,0.670094109834783,0.23561727303441732,0.5358487217278805,1.2420789833005577,0.8323098106592794,0.29265526293863897,1671,0.9384765625,252,0.016578229583578227,0.05084092628314025,0.026869461264081237,
74,continuum,0.6732816237566664,0.2363964409782047,0.5331214490849946,1.2493819998245062,0.8411859415341947,0.2953494581807452,1670,0.9384765625,252,0.016235909590254574,0.04876484798072752,0.02532117769414674,
75,continuum,0.6755671796567946,0.23734554771131117,0.5316276562566318,1.2533829425083733,0.8467443795003161,0.2974848609816647,1669,0.938720703125,251,0.01772293917658664,0.04503292962891972,0.024331403826387984,
76,continuum,0.6803444280909083,0.24017455435252288,0.5332147672540861,1.249338637519422,0.8499805808350258,0.3000593505016153,1668,0.9375,256,0.014371746641928444,0.04446335747640457,0.020645913438235842,
77,continuum,0.683738747862541,0.23978436598462824,0.5281011536186127,1.2632297251729474,0.8637191105524927,0.30290273874353135,1667,0.938232421875,253,0.012479438537243209,0.04616778009786544,0.01782966751772221,
78,continuum,0.6794858042472114,0.23926955759363674,0.5237525889629605,1.2750764865747446,0.866396371956949,0.30508698684078783,1666,0.93798828125,254,0.013623125604805133,0.05000028261102176,0.017621229943324924,
79,continuum,0.6866753589952485,0.23691383360127274,0.5120436387235209,1.3066359757829087,0.8972347277468357,0.3095601381440687,1665,0.9404296875,244,0.011437135989022955,0.04729619073938635,0.017677480675069357,
80,continuum,0.6832557264236814,0.23450687091036854,0.5131309513648207,1.3039340931284813,0.8909204360091048,0.3057815040529092,1664,0.940673828125,243,0.015678009119186147,0.047481494651395145,0.01907789889536866,
81,continuum,0.6789433776845462,0.23080673736477136,0.5152634853975381,1.2984310277159095,0.8815611476478562,0.2996866292002961,1663,0.940185546875,245,0.02195940722286711,0.04798300940691369,0.020307468320901648,
82,continuum,0.6730983401113158,0.23259576941823146,0.5260918777093254,1.2696289102683043,0.8545851120589343,0.295310313259487,1662,0.939208984375,249,0.025602131410127283,0.05085433436140523,0.017849424698920268,
83,continuum,0.6703655904363897,0.2310114425362987,0.527426952932298,1.266254281811563,0.8488532992692149,0.2925192282590541,1661,0.939697265625,247,0.028674165511478483,0.05523525885188023,0.014713542663952906,
84,continuum,0.672388103313331,0.22949918596539373,0.5243393413622407,1.2747304625388591,0.8571135979422286,0.292549603477958,1660,0.94091796875,242,0.026974284757040983,0.05607143836776363,0.015066987596470486,
85,continuum,0.6680103846108479,0.2285727257353872,0.5240868567984985,1.2755717530487192,0.8520951773528085,0.29156091246541194,1659,0.940185546875,245,0.02878874325125884,0.05783352190772076,0.01679462449478541,
86,continuum,0.6663391482363783,0.23262004845633144,0.5255993158308683,1.2716814715910147,0.8473711486079409,0.2958186055425207,1658,0.939697265625,247,0.026807520931967345,0.058652564451352356,0.015580717923970502,
87,continuum,0.6696737561766503,0.23216571484829854,0.524285735226304,1.2753659903878214,0.854079133282966,0.2960962568515968,1657,0.9404296875,244,0.02161276285022192,0.05699452373442268,0.01955324239040667,
88,continuum,0.6695412510997609,0.23104317482591163,0.5251188430665525,1.273294876908305,0.8525234449041026,0.29418609085046316,1656,0.93896484375,250,0.02019295083794971,0.060484108576645323,0.01873851465973244,
89,continuum,0.6739652273376381,0.2237830146173689,0.5145632092774909,1.3017629746155328,0.8773429791264776,0.2913124427767374,1655,0.942626953125,235,0.016242462602464855,0.06207231689477887,0.023936978547749295,
90,continuum,0.6714414717546624,0.22653940134093245,0.5258352189125578,1.2716964744654184,0.8538697524402761,0.2880893580127703,1654,0.939208984375,249,0.011410981210367103,0.0640208411599741,0.026587304534063702,
91,continuum,0.677515611521835,0.2352505609003056,0.5304828649310586,1.2593902899342344,0.853256582429454,0.29627227209942714,1653,0.93994140625,246,0.005806648295888904,0.05837569960802196,0.023051479673948345,
92,continuum,0.6768595459204062,0.23761990292157636,0.5395748055121635,1.2351578592049934,0.8360283877215129,0.2934980905971126,1652,0.938720703125,251,0.005914606389623934,0.05479662447038963,0.02480932029800389,
93,continuum,0.6847571617207866,0.23694158831356726,0.5387609672966478,1.2374957070410604,0.8473840479950946,0.29321419835752977,1651,0.93896484375,250,0.006913453082619054,0.045620286827086465,0.025767510055940617,
94,continuum,0.6894843676671273,0.23740174151368093,0.5368801751422797,1.242696434941216,0.8568197656476377,0.29501829782788735,1650,0.93896484375,250,0.006756805025173665,0.0424861161101333,0.023870969683884823,
95,continuum,0.6867726317537117,0.23479086923327644,0.5341859422975638,1.2500807594942962,0.8585212531025765,0.2935075481334602,1649,0.938232421875,253,0.007039807023932201,0.04868790057980908,0.02270879140927058,
96,continuum,0.6912285002792571,0.23456906612606787,0.5231592654195772,1.2792281288247778,0.8842389410025915,0.30006734754062536,1648,0.939208984375,249,0.007021775370492798,0.04678716441823172,0.020393493805950274,
97,continuum,0.6940427636938392,0.24248182832735143,0.5169739605152011,1.2953663364961532,0.8990396321777538,0.3141027976272904,1647,0.939208984375,249,0.006526147569650077,0.03787255182097805,0.019076708588181255,
98,continuum,0.6928375327105174,0.24660315630461924,0.5180445855051271,1.2920358140060517,0.8951709055495778,0.31862010979250033,1646,0.93896484375,250,0.005770323655207632,0.035288356947398285,0.0195006303822574,
99,continuum,0.6907534559371269,0.2456467929510315,0.5176736118626404,1.2925654043562447,0.8928440200838459,0.31751454625956477,1645,0.93798828125,254,0.005451910572943735,0.03192041674672302,0.026227423792174784,
100,continuum,0.6925534032402433,0.24222287470449194,0.514075997768359,1.3017327745600635,0.9015194631309364,0.3153094547509929,1644,0.938232421875,253,0.004166237182667796,0.03790136237646524,0.0231561224961316,
101,continuum,0.6937408946202093,0.24034867094392032,0.5107902465765772,1.3100525572813875,0.9088370330878827,0.31486939100926553,1643,0.93798828125,254,0.003828607536358313,0.03974241339022032,0.022339413509291802,
102,continuum,0.6901652375030491,0.23563257600720675,0.5099643902283622,1.3117754308764513,0.9053418018015107,0.3090970239203818,1642,0.939697265625,247,0.002799350859068522,0.05178121972797378,0.01962161590270187,
103,continuum,0.6895111755858463,0.23508783329325927,0.5078158974451336,1.3170302896729873,0.9081071033145891,0.3096177971808162,1641,0.93994140625,246,0.0020446829438941234,0.058012831377806696,0.015343476799193576,
104,continuum,0.6960158544966609,0.2409578322768427,0.5157301142081846,1.2960135893365714,0.9020460058213784,0.31228462508787047,1640,0.939208984375,249,0.0009592117099952864,0.05402676661801702,0.008040334898484162,
105,continuum,0.698039518252961,0.24793808830451536,0.522118794581752,1.2784285871464687,0.8923936750925345,0.31697113993093795,1639,0.938232421875,253,0.0010940490138483575,0.050400576579597234,0.00252776784907818,
106,continuum,0.6959170457269165,0.24439087546725277,0.5213222540810128,1.2800655949454156,0.8908194671710814,0.3128363514042199,1638,0.938232421875,253,0.009995374171876695,0.04852246406520027,0.0011742405687536418,
107,continuum,0.6965752776225721,0.24274551020606078,0.5240519517773642,1.2722691839091507,0.8862312599921599,0.30883763216747534,1637,0.93798828125,254,0.010181161632605443,0.047995365324689954,0.0025026852140717344,
108,continuum,0.6935877693624529,0.2384385885021777,0.5236156550342407,1.272932531852634,0.8828904353165681,0.3035162361534454,1636,0.938232421875,253,0.013569166332447886,0.05030980765036686,0.004094668152554576,
109,continuum,0.6967048543322466,0.23858167327547386,0.5252605562826569,1.2676310619422413,0.8831647143575003,0.3024335398541458,1635,0.9384765625,252,0.013347851673312873,0.04580276446541626,0.005562856253550316,
110,continuum,0.6987981980817678,0.23820488998075273,0.526088900437263,1.2644993697183917,0.8836298810347432,0.3012099332445007,1634,0.938232421875,253,0.015723336447849966,0.04187261432314234,0.005400961166487404,
111,continuum,0.6987027706272436,0.23509181667435494,0.5327556729250649,1.2457884070288814,0.8704358116063797,0.29287465980027044,1633,0.936279296875,261,0.022555389261129846,0.040309828245750544,0.0033401951915210276,
112,continuum,0.7022713560474937,0.23161795733801016,0.528029672973103,1.2574408696052652,0.8830647046472293,0.2912458856913027,1632,0.938232421875,253,0.025243222444407052,0.03705726761226158,0.0038101965578274367,
113,continuum,0.7056101471310204,0.22270323452887905,0.5270841002605618,1.2589929812337592,0.8883582227252749,0.2803818091699145,1631,0.9375,256,0.02712921046386342,0.0407550514815125,0.0038023563947246456,
114,continuum,0.7115958679028006,0.21354600634078566,0.5235480641936409,1.267414429486985,0.9018868709433239,0.2706512897956309,1630,0.939208984375,249,0.028987029225240706,0.0410214935153744,0.004849603015798637,
115,continuum,0.7137860313719139,0.20703772084616387,0.5280412292474649,1.254460943686016,0.8954166985047072,0.25972073467128065,1629,0.938232421875,253,0.030830845970175,0.04158125525052138,0.006764146561225817,
116,continuum,0.710191783652148,0.19973122853660621,0.528842984105085,1.2513112849424757,0.888670993357358,0.24992594022328,1628,0.937744140625,255,0.031987242344661965,0.05104959810182386,0.007040147364760016,
117,continuum,0.7042243734043803,0.19413187198149745,0.5274645186587238,1.2539306154845276,0.8830485019821603,0.24342789771892262,1627,0.938720703125,251,0.03407527659691329,0.059361994173182976,0.008206483844025912,
118,continuum,0.6961323318277064,0.19584873618410176,0.5345810994858109,1.2339992721109156,0.859026790768264,0.24167719789502431,1626,0.938232421875,253,0.03387909674523815,0.06441649167492962,0.009723343568024024,
119,continuum,0.6912630457641624,0.19534805900550148,0.5356728687841001,1.2300387603393852,0.850280339880178,0.24028568433383213,1625,0.938720703125,251,0.03174560022237799,0.07018168301932458,0.01146161198863355,
120,continuum,0.6864064927357748,0.19144503964282686,0.5372521054275379,1.2366940539253264,0.8488748281420704,0.23675894217978238,1624,0.936279296875,261,0.03529483105435305,0.07712398968566747,0.00972964688137794,
121,continuum,0.6868058150300136,0.19075187602657437,0.5339077583448627,1.2447387481834022,0.8548938104455404,0.23743625137895372,1623,0.93701171875,258,0.03535260363863929,0.07853199817270769,0.008557707132065155,
122,continuum,0.689498760145793,0.19209403120465773,0.5298377080337479,1.2546920113311097,0.8651085861776315,0.24101884637687299,1622,0.93701171875,258,0.035738481131089676,0.07597236981954637,0.006696357698913193,
123,continuum,0.6902261198256981,0.19276120340431124,0.5275935966216475,1.2597443089996576,0.869508426373339,0.24282982898450653,1621,0.937744140625,255,0.03537971171936288,0.07792985473802963,0.003703110312598173,
124,continuum,0.6864098035149415,0.18907336572714722,0.523092938459647,1.2707840271279882,0.8722786143708485,0.24027141312138708,1620,0.9384765625,252,0.03516724406052599,0.08325458565861077,0.006095001038774494,
125,continuum,0.6745623590742956,0.1856969620629747,0.5236887146670495,1.2682184693141474,0.8554924424821435,0.23550431698379307,1619,0.938232421875,253,0.039716722462432644,0.09149781890207306,0.008526137498223929,
126,continuum,0.6659708320916973,0.18624518657986466,0.5259913825862895,1.26109626905014,0.8398533316470567,0.2348731099244145,1618,0.9375,256,0.04020169174035275,0.09533298055856967,0.012249309029515616,
127,continuum,0.6574508864374563,0.18500863100858536,0.526026678491487,1.2599926936113328,0.8283833133194891,0.2331095233258526,1617,0.937255859375,257,0.04438986860307493,0.09360777887796841,0.019542835072915,
128,continuum,0.6532884234508244,0.18306380545914094,0.5200894675344773,1.2747339972436598,0.832768963378478,0.23335765648356643,1616,0.937744140625,255,0.04524294874903703,0.09291447010107984,0.025490352239917805,
129,continuum,0.6554750936406285,0.17858324697407418,0.507472249939131,1.3071573316047123,0.8568090743366328,0.2334364005839361,1615,0.939208984375,249,0.04708187808080791,0.09179454228645798,0.027065239018031456,
130,continuum,0.6516448943761294,0.18244276612347768,0.5028616586614197,1.3182708658117992,0.8590444791110585,0.24050898325869652,1614,0.939453125,248,0.04764941729072647,0.08832001831940119,0.029942903890265188,
131,continuum,0.671027879855818,0.1897746610760373,0.5053172272908824,1.3386761504909666,0.8982890190775012,0.25404681274999746,1613,0.9404296875,244,0.04719846018610376,0.07196099281580126,0.020038006066239702,
132,continuum,0.6651893262528696,0.19138191310850294,0.5066824580743078,1.3341372727654512,0.8874538735996915,0.2553297436112127,1612,0.940673828125,243,0.04957066068187512,0.06975437095951842,0.024103728997233797,
133,continuum,0.6633972132833416,0.19666086145587694,0.5055091741555794,1.3364508521847844,0.886597771029533,0.26282757588410055,1611,0.93994140625,246,0.0457987733640601,0.06829742886162281,0.02584572303509861,
134,continuum,0.6643889083862135,0.201089020306079,0.5055312061819536,1.336121298095902,0.8877041707135069,0.2686793228441915,1610,0.939453125,248,0.044712626912446464,0.06331625049680305,0.02649319389845797,
135,continuum,0.6622450563716458,0.20565619462025927,0.5062599556047936,1.333280083788964,0.882958144248015,0.27419730839501877,1609,0.939697265625,247,0.0408802959268517,0.06227865521766196,0.02893979786358137,
136,continuum,0.6577351345983885,0.21043958554786585,0.5072141112784891,1.3298193485074707,0.8746689081821026,0.2798466325534451,1608,0.939208984375,249,0.03763290140802803,0.06044539644172277,0.033746982003994855,
137,continuum,0.661662078788757,0.20782100841183349,0.5000239504534167,1.3483110268102225,0.8921262768530553,0.2802073572444951,1607,0.94140625,240,0.03842394368374658,0.06056536444299444,0.03152760467266852,
138,continuum,0.6567023341725611,0.2124380830737403,0.5054929838398395,1.3326461392433238,0.8751518302671426,0.2831047912364725,1606,0.940673828125,243,0.04080834982280631,0.05981251792322289,0.03023871500766956,
139,continuum,0.6521675734850827,0.22770042528918674,0.5108771008017389,1.3172151618272336,0.8590450158466275,0.29993045254542605,1605,0.939453125,248,0.036713006251556796,0.05643494392638446,0.026984051047789306,
140,continuum,0.6586199661356584,0.22372700923748481,0.49922417146289944,1.3476374803634896,0.8875809516801456,0.3015029030180632,1604,0.94140625,240,0.03393456406388034,0.05366947488950345,0.030048985673473055,
141,continuum,0.6626514172918188,0.22294360134053248,0.4972298117136813,1.3527237217571373,0.8963842914266309,0.3015810981473046,1603,0.941650390625,239,0.029197179157291756,0.04966195763890933,0.03554584457144771,
142,continuum,0.6602687131218149,0.22098447036543786,0.49837437740770824,1.349360616967314,0.8909405981022667,0.29818774127250236,1602,0.94189453125,238,0.0249132481147553,0.049743759143037365,0.044089809254954655,
143,continuum,0.6596639549111221,0.21893728241038263,0.5014612492750499,1.3407716734834803,0.8844587447629162,0.293544906525294,1601,0.94189453125,238,0.018760444984565496,0.05164912875424753,0.05098918893968221,
144,continuum,0.6567790133410313,0.21614211723508145,0.505582067826293,1.3287243710739989,0.8726782814361633,0.28719329878578614,1600,0.94189453125,238,0.014063608820081735,0.05526711464392614,0.05774814595987928,
145,continuum,0.6547102303258464,0.21901083006433864,0.5051208776919527,1.3289812585683922,0.8700976258960453,0.29106128857901303,1599,0.9423828125,236,0.012017438856315732,0.05183861683773911,0.06242288391576013,
146,continuum,0.6491847151557142,0.2292936316634592,0.5116519423455885,1.3111583608791175,0.851183967031343,0.3006402622518813,1598,0.941650390625,239,0.010484509758624812,0.04729134826322562,0.06374579515897619,
147,continuum,0.6432271727266539,0.22893564233324182,0.5141521275304962,1.3034633440112855,0.838423041521209,0.298409217919059,1597,0.941650390625,239,0.009662879510637786,0.0516502787473031,0.06652402668216353,
148,continuum,0.6414341160173216,0.23565935881221364,0.5150918568375676,1.3006562687407164,0.8342853039820892,0.30651182232652346,1596,0.94140625,240,0.010816459882703813,0.0488848193760476,0.06320524591171336,
149,continuum,0.6440671565815164,0.24296251810844038,0.5159556629756338,1.2985878250279512,0.8363777680371283,0.3155081679537538,1595,0.94140625,240,0.011103899930020412,0.04264188331749435,0.059224542062528494,
150,continuum,0.6397837754587419,0.24797479608981987,0.5143077610456935,1.3020082296251965,0.8330037408279607,0.32286522524857547,1594,0.94189453125,238,0.012850022026753116,0.040397471755588506,0.058993934669096505,
151,continuum,0.6381583238536283,0.25032473009703865,0.5085234837578642,1.3164830150120312,0.8401245942418487,0.32954825541022237,1593,0.943115234375,233,0.013210561704101202,0.04053778373878693,0.057768600606445016,
152,continuum,0.6407729603050473,0.2578104943264521,0.508516336401365,1.3154512837336734,0.8429056132151005,0.3391371457217443,1592,0.942626953125,235,0.010988879968210666,0.03622223120857857,0.05420543419171144,
153,continuum,0.6401443738310787,0.2604681107937563,0.5063411369129511,1.3209771563635513,0.8456160946055045,0.3440724243197226,1591,0.943115234375,233,0.009429619002972503,0.03722376075290566,0.05273413561928686,
154,continuum,0.6378875485058925,0.2704967755533962,0.5052479307802163,1.323602174892148,0.8443093465390199,0.3580301204237884,1590,0.943115234375,233,0.006144729203827601,0.03443294599443185,0.051038000742452086,
155,continuum,0.6319999870747591,0.27755707360962467,0.5098873073009639,1.3108894620417983,0.8284821230668545,0.3638466429100167,1589,0.94189453125,238,0.005369928982510307,0.03458326175808261,0.05048974857502322,
156,continuum,0.6349755205795257,0.27786201526111554,0.5099102728129555,1.3105233541128056,0.8321502490094048,0.3641446602205407,1588,0.943115234375,233,0.010966305832936889,0.027692553230136842,0.048503605096284985,
157,continuum,0.6388277508934076,0.2798219438067576,0.5130077059672611,1.301934268196694,0.8317117403631484,0.3643097776354274,1587,0.94189453125,238,0.010857222845768523,0.025691942805068094,0.04480113964899848,
158,continuum,0.6469728651396112,0.28017692468596384,0.5075960880886624,1.316088261086274,0.8514733930515953,0.3687375616064501,1586,0.9423828125,236,0.01339952078358711,0.01988337148707633,0.03956731790376177,
159,continuum,0.6518088457241961,0.2797306268358891,0.5059266061435771,1.3202320624095565,0.8605389366872478,0.3693093423866639,1585,0.941650390625,239,0.012997640553435167,0.015930637635211718,0.03953224925126784,
160,continuum,0.6638685217164463,0.27972119637884113,0.5011753635414743,1.3326027716112954,0.8846730320248297,0.37275724157287116,1584,0.942626953125,235,0.012192098468557446,0.013049508418847132,0.031168675017307874,
161,continuum,0.6711530139832778,0.2792539533098578,0.49740702092269984,1.3429288314106307,0.9013107327662859,0.37501818518520613,1583,0.943115234375,233,0.009971840033476925,0.01222307705911825,0.02739811561426902,
162,continuum,0.6706897740633394,0.2729255637372394,0.49494643062078525,1.3497633517972514,0.9052724774558742,0.36838492370113063,1582,0.942138671875,237,0.009972571474249226,0.020564532869209992,0.02584755785596198,
163,continuum,0.6684027264936064,0.266179089416059,0.49261897580524777,1.3562440896869383,0.9065172473375889,0.36100381681878113,1581,0.941650390625,239,0.011059993387100488,0.03189895485791301,0.02245923584532109,
164,continuum,0.6724144265892105,0.2627230884049206,0.4910423329083569,1.3607194472285578,0.9149673868569781,0.3574924156285231,1580,0.942626953125,235,0.010356057971400337,0.03913554691454896,0.015370880119919786,
165,continuum,0.6723115539776384,0.25868582471745155,0.49565073497622303,1.3486568333465574,0.9067175714097849,0.34887840519508084,1579,0.942138671875,237,0.01567713168761136,0.04545780487145532,0.00786768474584318,
166,continuum,0.6710328092628166,0.25423795471506716,0.5023190233477604,1.331079762079921,0.893198192101371,0.3384109962738173,1578,0.941162109375,241,0.0186920181816581,0.04869643282255519,0.00734078501790313,
167,continuum,0.6675866614662249,0.2504398809328006,0.5101157308984056,1.3104768344064408,0.8748568548102227,0.3281956623739425,1577,0.93994140625,246,0.024890785513176212,0.04918720372050121,0.007895468367297228,
168,continuum,0.6656238963067688,0.24491893870723597,0.5168080190428815,1.2928204875306661,0.8605322101353784,0.3166362217449821,1576,0.93896484375,250,0.032570294813308705,0.04816072040486492,0.008726149767821592,
169,continuum,0.6750181847856216,0.2385831258842375,0.5160829270997344,1.2950064854030277,0.8741529270623593,0.3089666953278145,1575,0.939208984375,249,0.028590303414841946,0.04761793344097794,0.010190452474321017,
170,continuum,0.6769129123725515,0.2423858136116204,0.5224987623472006,1.278079380650168,0.8651484357992121,0.30978831053912687,1574,0.939453125,248,0.026748886943150724,0.04367734751551101,0.010275039557166283,
171,continuum,0.6853097196445601,0.24474455504785286,0.5268440941875767,1.2666882907902361,0.8680737974385038,0.3100150621137816,1573,0.939208984375,249,0.02343931485468209,0.03571168230709533,0.010794728145809547,
172,continuum,0.6878621590184748,0.24054459912582205,0.5286711046221246,1.2620354528661508,0.8681064313663691,0.30357581209226353,1572,0.93994140625,246,0.021634858720644034,0.03477903079389716,0.015179352341161894,
173,continuum,0.6898441055796736,0.23858722535667248,0.5380758150046474,1.2370101301693706,0.8533441468396851,0.29513481469520636,1571,0.938720703125,251,0.02366504174105911,0.03408020683536427,0.013823420487230592,
174,continuum,0.6936124263081529,0.23862951578010713,0.5452110692866928,1.2181322611447931,0.8449116732168764,0.290682311633109,1570,0.937255859375,257,0.026062403114532305,0.031211480898912597,0.010484173898294945,
175,continuum,0.6977192038157494,0.23691735946116158,0.5473654423433035,1.2125153440911127,0.8459952404936306,0.2872659336282082,1569,0.93798828125,254,0.024960089460102686,0.03214181796317846,0.008261529299807967,
176,continuum,0.7005601278305504,0.23955076604000206,0.5478919927515007,1.2113335432413201,0.8486119818985729,0.2901758782134082,1568,0.938232421875,253,0.02269343057834509,0.030063801449855754,0.007131874101246605,
177,continuum,0.7024091732694648,0.24111976679279215,0.5451477045248178,1.2189159994381504,0.8561777794502747,0.29390474152453,1567,0.93896484375,250,0.021510521245703466,0.02765103043805507,0.0073095082539844725,
178,continuum,0.699649167612979,0.23942590993512833,0.5386821743824733,1.2364748773524104,0.8650986187139742,0.29604412262202706,1566,0.939697265625,247,0.020265587107454377,0.027600447152274783,0.013058888192163503,
179,continuum,0.6962035465270872,0.23551046206733228,0.5364299955153389,1.242744619486795,0.8652032115141621,0.2926793595670261,1565,0.940185546875,245,0.02120657947270354,0.030969831338872433,0.016109580594004615,
180,continuum,0.6964829997790875,0.2385315843126763,0.5374655330066268,1.2402007767554626,0.8637787573229989,0.29582705614529226,1564,0.93994140625,246,0.021472608060304325,0.028800334460470797,0.014712473387461173,
181,continuum,0.6970741789055194,0.2409308824054269,0.5347827596834481,1.247627276103538,0.8696887590700035,0.3005919405447046,1563,0.939697265625,247,0.01894085250052514,0.025036781001018485,0.018017305187510053,
182,continuum,0.7044741020379255,0.23925638200890262,0.5332974236036719,1.251844103758041,0.8818917508864176,0.2995116911043262,1562,0.939697265625,247,0.016915871165674497,0.018936092985176962,0.020417551802320324,
183,continuum,0.7033426145415985,0.23547354386920533,0.53660985107498,1.2431904429411902,0.8743888165113847,0.29273845930368914,1561,0.93896484375,250,0.018769743694986504,0.016159764917486108,0.026254332976723714,
184,continuum,0.7052287653587692,0.22935718569335195,0.5281820230588703,1.2660358144458785,0.8928448743216508,0.29037441138829745,1560,0.940185546875,245,0.020116192412453396,0.013256664101911302,0.03204119243351402,
185,continuum,0.7056771361276554,0.2262448534658295,0.5231762571659706,1.2797049380698784,0.9030585157855704,0.28952665619311807,1559,0.939697265625,247,0.024318632550759518,0.01061396745839773,0.03314541039735799,
186,continuum,0.7081235198246894,0.223183543222714,0.515022597367548,1.301828473326491,0.9218553607399566,0.2905466913452227,1558,0.9404296875,244,0.02658979846985836,0.00688298924209277,0.035220149240645676,
187,continuum,0.7056339477145716,0.22137680013045405,0.5095557839176182,1.3167459520477438,0.9291406442806314,0.2914970054490578,1557,0.940185546875,245,0.027290478992426856,0.005486980965629897,0.040211792196917555,
188,continuum,0.7027996827321895,0.21663666920943067,0.5035782973744338,1.3330396516687706,0.9368598442622404,0.28878527006162213,1556,0.940185546875,245,0.028899947706632546,0.005744546913795764,0.04591915343795141,
189,continuum,0.7007045456268085,0.21988876335565258,0.505079551446343,1.328688476769162,0.931018055394112,0.29216366604167676,1555,0.94091796875,242,0.031879793590998795,0.003463625953775906,0.04406327147276406,
190,continuum,0.7027209196368802,0.22572631165229198,0.5075175239122838,1.3218211604320595,0.928871381454305,0.2983698152082813,1554,0.94287109375,234,0.03514622534491652,0.003381829870504476,0.03302471349540682,
191,continuum,0.7049849696143814,0.22873600502676458,0.5097082946577478,1.3161834247365949,0.9278895316948808,0.301058538456694,1553,0.943359375,232,0.03781860297557682,0.0024412179350550203,0.026019204448222248,
192,continuum,0.699918954727209,0.2314173366783572,0.5119799962492801,1.3102579076605276,0.9170743451528165,0.3032163953525562,1552,0.94287109375,234,0.03814317028210327,0.005290114285123509,0.025230424027207016,
193,continuum,0.6977112138909748,0.2348628383492245,0.5101960221332372,1.3152203037611578,0.917643954671254,0.30889637359587474,1551,0.943359375,232,0.03752445731908686,0.007608413587100207,0.02229307685361371,
194,continuum,0.6999721948828734,0.23712627864730956,0.5071979411093347,1.3234437194016748,0.9263738050735439,0.3138232841808733,1550,0.94384765625,230,0.03762135398717038,0.0125971334037988,0.012683039078847831,
195,continuum,0.6946892186111323,0.24043249146646897,0.5118296285569003,1.3111756692975192,0.910859601166222,0.31524923291941753,1549,0.942138671875,237,0.03897719336893878,0.015670986818634523,0.010230109734825413,
196,continuum,0.692383107101936,0.2406422959354786,0.5123502572947861,1.3100200298106,0.9070357386060339,0.31524622769508687,1548,0.94189453125,238,0.040640545480499425,0.015368706040868287,0.010965345441217689,
197,continuum,0.688955192163825,0.24133249247951913,0.5065923734381691,1.3257330568977586,0.9133706729729303,0.3199424629836282,1547,0.94287109375,234,0.04140517609507038,0.016084736446697008,0.012222402814888652,
198,continuum,0.6835590278606122,0.24154746629411156,0.5003928093869814,1.3426382527358522,0.9177724988085901,0.3243108680978981,1546,0.9443359375,228,0.04009798668504615,0.02052897824086154,0.014266540919368484,
199,continuum,0.683124915360165,0.24468193939763147,0.502219273677095,1.337976046551638,0.9140047735545158,0.32737857393783043,1545,0.943115234375,233,0.04036792058911475,0.021790529970753956,0.010034694682334803,
200,continuum,0.6777467790235298,0.24705062796748367,0.5066237579484684,1.326380825723939,0.8989503323929693,0.32768321591912863,1544,0.94287109375,234,0.0416370689068839,0.021473200251130704,0.012092323850972118,
1,red_wing,0.600694464516337,0.27488486689893366,0.4162322978405824,1.6258270251300835,0.9766252942567047,0.4469152454035723,1743,0.93896484375,250,,0.10320912996550449,0.017257854107800716,0.003953684511424036
2,red_wing,0.5981175275162075,0.2735435221232577,0.42083869850218003,1.6131351004815615,0.9648443778496405,0.4412626570463816,1742,0.937744140625,255,,0.1051508911425913,0.018809555117598003,0.0043785041003455896
3,red_wing,0.6009231798809891,0.26948552890727,0.4249174555076543,1.6019097738192771,0.962624715165916,0.4316915026594132,1741,0.93896484375,250,,0.10347557963262244,0.01921634338898744,0.006899368190130975
4,red_wing,0.6009318850679214,0.2671298123503544,0.4296700195553721,1.5888044750358326,0.954763268187632,0.4244170412777253,1740,0.938232421875,253,,0.1036320670142826,0.019744537061169815,0.008561698506271968
5,red_wing,0.6040904340798874,0.2613947054634698,0.4279046572269841,1.5938548861440034,0.9628324900310805,0.416625228515124,1739,0.939453125,248,,0.10373716632682017,0.020016547980587995,0.010761146149234471
6,red_wing,0.6008721093913182,0.26374056308817106,0.4403460175351659,1.559321984094175,0.9369530898029224,0.41125645812076184,1738,0.937744140625,255,,0.10429724369588542,0.01991200781334127,0.011178076011284059
7,red_wing,0.598127052027039,0.2695466972662224,0.4508932522423508,1.5297779655702262,0.9150015848024404,0.41234659817009534,1737,0.93701171875,258,,0.0984690740812405,0.019406372563898787,0.014450804061599513
8,red_wing,0.6000852148930638,0.2715966020040726,0.45212676222921805,1.5261823100781622,0.9158394395092464,0.41450592945595477,1736,0.93701171875,258,,0.09280844491851878,0.019025080562615655,0.016484657621729196
9,red_wing,0.6022794122500919,0.27531567457890177,0.45473898097474347,1.5187446907504925,0.9147086597031541,0.41813421904709736,1735,0.936767578125,259,,0.08783773054985272,0.01857382368159828,0.015993358939555537
10,red_wing,0.6037247520158229,0.2744712954857963,0.4550172904471088,1.5178061862871006,0.9163371634242616,0.4165942302465764,1734,0.93701171875,258,,0.08695053394910238,0.018157758727090627,0.016695659822187785
11,red_wing,0.6067632237875186,0.2731346714606435,0.45106609779920503,1.5286434346608238,0.9275246184364264,0.4175255223065538,1733,0.93701171875,258,,0.08296307869997765,0.018170470057349147,0.018968555994510996
12,red_wing,0.610865608877127,0.26972312967941703,0.44822083074635904,1.5363963189959555,0.9385316728800411,0.4144016235875251,1732,0.938232421875,253,,0.08325763920237038,0.014639223624491632,0.02151439861659392
13,red_wing,0.6103530673253812,0.2708493610714291,0.4548426303668437,1.5177873266801902,0.9263861503868445,0.41109172767364194,1731,0.93701171875,258,,0.08277064445726497,0.011130867416312747,0.024896059729611925
14,red_wing,0.618967192827231,0.265555667586557,0.45329034061859624,1.5219350413696207,0.9420278602219498,0.4041584759342839,1730,0.936767578125,259,,0.07837781136344052,0.0099378049567934,0.027161523265978104
15,red_wing,0.6287460274373633,0.2602150097862337,0.45563733343790164,1.5152255585964969,0.9526920506391072,0.39428443355853887,1729,0.935791015625,263,,0.07612200913064669,0.008961734804829643,0.02595521884092659
16,red_wing,0.6378880252707476,0.25588364037715794,0.45632025018182787,1.5131463755270973,0.9652179534305692,0.38718940299337573,1728,0.935791015625,263,,0.0717553816247181,0.008122566556638169,0.02635038617073823
17,red_wing,0.6523973895310974,0.25634843926740514,0.4528356239252134,1.5226625542780354,0.9933810755477432,0.3903321693200949,1727,0.9365234375,260,,0.05964671744154519,0.007400064496905014,0.024207389263047278
18,red_wing,0.6647638066203508,0.26328661260424807,0.45089510397754834,1.5278772724534793,1.0156775116848937,0.4022696315392944,1726,0.935791015625,263,,0.045712522388312436,0.003748346635939445,0.022488711751149325
19,red_wing,0.6773547090175326,0.26640647252288135,0.44964014018342263,1.5311806554963319,1.0371524273569928,0.407916437226051,1725,0.935791015625,263,,0.03499855333359219,0.0008604892106060324,0.020379775915387824
20,red_wing,0.6830312552759508,0.26373053987780837,0.4506940593416611,1.5280576026952657,1.0437111025029073,0.40299545652321206,1724,0.93408203125,270,,0.03135489495575132,0.0,0.021883309890489578
21,red_wing,0.6831658377869537,0.2587457753190002,0.45129037803658495,1.52620533560652,1.042651346734547,0.3948991828575039,1723,0.93505859375,266,,0.03212175123694709,0.0007515679692587451,0.025215067687840324
22,red_wing,0.684356205671606,0.2556872800689152,0.4447633173350534,1.544161468136378,1.0567564832781082,0.39482244577501335,1722,0.936279296875,261,,0.02870805423841906,0.0017823924866384115,0.02946606753442134
23,red_wing,0.6858065327760975,0.2528818241815404,0.44746154008737804,1.5364571143879977,1.0537123263776005,0.3885420778631426,1721,0.935302734375,265,,0.03169620306295498,0.0021703208929337286,0.02744511908647325
24,red_wing,0.687338310092111,0.25125550338109415,0.4464573260595615,1.5393798891964356,1.0580747716300591,0.3867776689547834,1720,0.9365234375,260,,0.030912696953673095,0.0018664737970850189,0.028627015776036914
25,red_wing,0.68480170880812,0.24972874320552976,0.4539249610083206,1.5187403027249626,1.0400359545418159,0.3792731070550907,1719,0.935302734375,265,,0.03581048113648856,0.001379273335055406,0.028279793514806233
26,red_wing,0.6851965969760144,0.24904700608620856,0.4544491929394865,1.5174088221327025,1.03972336114671,0.3779061241609497,1718,0.934814453125,267,,0.03786678606819253,0.0017624480148643593,0.026127162854720155
27,red_wing,0.6901752555092455,0.24860898183644514,0.45206936968711764,1.5241542010371496,1.0519335151363047,0.37891842408158627,1717,0.9345703125,268,,0.038068521444375704,0.0006808895187707144,0.022466351691162977
28,red_wing,0.6961726536354277,0.24695395441082624,0.44752014884423075,1.5369346934127974,1.0699719039775397,0.37955210020948116,1716,0.935302734375,265,,0.03972382683075814,0.0007505132986677935,0.016399051824320256
29,red_wing,0.6897075877576402,0.23824637226502826,0.4513920687980535,1.5262877097572665,1.0526922145208175,0.3636325098823671,1715,0.93505859375,266,,0.05028706453689943,0.00010241109320373868,0.021656564347228367
30,red_wing,0.6802960278105987,0.22701589711402143,0.4541204816413817,1.5188195967895448,1.0332469386568226,0.3447961933195348,1714,0.935302734375,265,,0.06286486235367524,0.004184439771567177,0.02563877295013744
31,red_wing,0.6787857956255661,0.22009328353813798,0.44965867632324413,1.531356456267549,1.0394630105539155,0.3370412707272519,1713,0.936767578125,259,,0.06537252415537007,0.008904134786629343,0.02684426189429641
32,red_wing,0.676923697843815,0.21894410279536922,0.4508641930768561,1.5281233757681238,1.034422926286532,0.3345736014681827,1712,0.935791015625,263,,0.0665103829417183,0.009861879075932682,0.027759937343164846
33,red_wing,0.6780395199488114,0.21587627621335145,0.4503867168850295,1.529572509051055,1.0371106097638763,0.3301984174522546,1711,0.9365234375,260,,0.06840295898200259,0.010866233956194762,0.02681501089963962
34,red_wing,0.6797240021275043,0.21390990007983962,0.4487622393510596,1.5342131737485412,1.0428415185770985,0.32818338669772407,1710,0.936767578125,259,,0.068245557699318,0.009597640992062001,0.028522899101276013
35,red_wing,0.6776264622309783,0.2137614114261033,0.45373697314330913,1.5204850590339958,1.0303209114282668,0.32502103227140894,1709,0.93603515625,262,,0.06754860002576468,0.009308213802365899,0.031755312514787984
36,red_wing,0.68206598643452,0.21071206189455652,0.4529275383455442,1.5228548417042915,1.0386874898036225,0.32088388366161974,1708,0.93701171875,258,,0.06819894344221043,0.009421447885715986,0.029601560342997112
37,red_wing,0.6847182764664046,0.20980597957830346,0.45675697477772953,1.5123099801927262,1.035506283120506,0.3172916768203796,1707,0.935546875,264,,0.06870817105476663,0.009760143512953205,0.02700742938757197
38,red_wing,0.6889602135139266,0.20907727974095952,0.45393982515361536,1.5202669922191598,1.0474034715574874,0.3178532872131524,1706,0.9365234375,260,,0.06613541669476158,0.01001027579720447,0.025816814253147784
39,red_wing,0.6871924370065323,0.20844669735872964,0.453488885775247,1.5216359530302381,1.0456567187996066,0.3171799889914562,1705,0.935302734375,265,,0.06551441078832321,0.013453938171684528,0.025392516674730355
40,red_wing,0.6897804612307411,0.21365275771055384,0.4523301618013366,1.5249748515950787,1.0518978564985344,0.32581508248253116,1704,0.93603515625,262,,0.06199517798807555,0.010750218434824892,0.02382138463580442
41,red_wing,0.6918221311535473,0.220233068811053,0.45113687195279706,1.5284094114827238,1.057387456327117,0.33660629509053575,1703,0.935791015625,263,,0.05715667284150509,0.008604563684627397,0.022183563509267003
42,red_wing,0.695396931804475,0.2275947184251203,0.45170163458552187,1.5269474060246728,1.0618345411763594,0.34752516492415325,1702,0.935302734375,265,,0.04991939468197082,0.00703350614634269,0.020055448942091117
43,red_wing,0.7020278838905066,0.22916596615149742,0.44656181562623654,1.541371830194549,1.0820860042399165,0.35322996466523565,1701,0.93505859375,266,,0.0459479434690497,0.00712058070533766,0.01573762578360846
44,red_wing,0.7121803388785055,0.2318415631536148,0.4450728873574434,1.545628440060292,1.1007661862223945,0.3583409135982613,1700,0.934814453125,267,,0.040724533117072914,0.0069094031925303265,0.008344161658276304
45,red_wing,0.7184895524873884,0.22830929631788982,0.44314835314030515,1.551097898266709,1.1144476347897765,0.3541300696734302,1699,0.935302734375,265,,0.04164296508963748,0.006607872185686262,0.004950313919398059
46,red_wing,0.7218045644191119,0.22769851203375885,0.44180608586397846,1.5549449828590771,1.1223663860482795,0.3540586588913705,1698,0.93701171875,258,,0.042061790120072634,0.0057226192883765995,0.002712514138680156
47,red_wing,0.7191136873312448,0.22491445718551922,0.4501549322651089,1.5318198441993593,1.1015526164893743,0.34452842876410555,1697,0.935302734375,265,,0.04803802362368921,0.006858327140469623,0.0010755047190769158
48,red_wing,0.7174408411991339,0.22141933548135184,0.4477832495969039,1.5385587108499252,1.1038248557464254,0.3406666473554358,1696,0.937255859375,257,,0.048530048499400714,0.009503429824981214,0.0031063449951321967
49,red_wing,0.7139890604566278,0.21765368625583464,0.44601846656993754,1.5436066325071987,1.1021182492584338,0.33597167369414727,1695,0.938232421875,253,,0.051389203062601266,0.010253337270315877,0.00671471295462058
50,red_wing,0.7076536287067802,0.20890790251194188,0.4477244214188612,1.5389827310776032,1.0890667141641368,0.321505654351522,1694,0.93896484375,250,,0.05929196539843428,0.016342887087257466,0.007803616295586039
51,red_wing,0.7082889985156943,0.20249024515931385,0.4492218275507631,1.5349382010672716,1.0871798412174192,0.310810012638508,1693,0.93994140625,246,,0.06276698601001743,0.01760538854194951,0.00884838177302507
52,red_wing,0.7083113124218076,0.1998386038304303,0.45732322731232045,1.5124860586236555,1.0713109852034084,0.3022531022683417,1692,0.937744140625,255,,0.06831146792860755,0.015482363302860732,0.008056252516293792
53,red_wing,0.7100462880417714,0.2018107478808296,0.4657423995304081,1.4891434390885836,1.0573607712866064,0.3005251511442977,1691,0.93701171875,258,,0.06957504187431679,0.013667567415639813,0.004900354787442447
54,red_wing,0.7101646786048498,0.19806069509415333,0.4668118031459572,1.486283747747783,1.055506220034916,0.29437439218606914,1690,0.936767578125,259,,0.07196620357922269,0.015841864765315496,0.003966557956458826
55,red_wing,0.7131743287163325,0.19597251109060176,0.46353446343604343,1.4955402601963672,1.0665809211337933,0.293084780227774,1689,0.938232421875,253,,0.07245720853397672,0.016100203739248555,0.002295747919840521
56,red_wing,0.7107718739363534,0.19868154163223256,0.4634909389508025,1.4957813736667838,1.0631593299602329,0.2971841492648951,1688,0.937744140625,255,,0.07475912952172978,0.014760923730490417,0.001026531179193627
57,red_wing,0.7082847942605017,0.2026876683837429,0.4654614549547573,1.490405904392619,1.0556318393573632,0.3020868977067036,1687,0.9375,256,,0.07512635897890703,0.01271119908343273,0.0011899792934156022
58,red_wing,0.700371775942801,0.20596439165331568,0.46693713098364503,1.4864083571875848,1.04103846089969,0.30614719303654525,1686,0.936279296875,261,,0.07618757882005948,0.013391439989502164,0.00408481359432181
59,red_wing,0.6977432861434046,0.2107545435237338,0.4664716637691985,1.4878222895946858,1.0381180135392003,0.31356530748796446,1685,0.93603515625,262,,0.07225397741665356,0.01374224752854508,0.005505945387663055
60,red_wing,0.7017565256239369,0.21697364004589,0.46689117353310505,1.48676729764167,1.043348653204308,0.3225893124705043,1684,0.935791015625,263,,0.06377956422319905,0.014074701930000533,0.0034155681769733417
61,red_wing,0.7102523665449452,0.21483959890703852,0.4627280972900619,1.498492254955326,1.0643076703312915,0.32193547501990594,1683,0.9365234375,260,,0.058772123688009846,0.016095866726363612,4.0044133642992335e-05
62,red_wing,0.7113227284664676,0.21407562763340718,0.4595398164942821,1.507194415090237,1.072101643671409,0.3226535903760085,1682,0.9365234375,260,,0.05482331081699486,0.019160264515842965,0.0006180685672872801
63,red_wing,0.7132935225673678,0.2124723761245745,0.4529112438008731,1.5257910850798597,1.0883368977784995,0.3241884573166106,1681,0.937255859375,257,,0.05346800754386394,0.020766093764193794,0.0
64,red_wing,0.7167353844441253,0.21134819399394214,0.4426494477437769,1.5545228584103254,1.1141815385499052,0.3285455986473229,1680,0.9384765625,252,,0.05050220216986365,0.02141421939206883,0.0
65,red_wing,0.7195894520639844,0.2111266244229437,0.4400060418570575,1.5616961232809192,1.1237800576421653,0.3297156308826978,1679,0.937255859375,257,,0.050052083867896,0.01923183964517601,0.0
66,red_wing,0.7237304948747184,0.2125941682492786,0.4344578096395713,1.5769643814555734,1.1412972121906464,0.33525343103428573,1678,0.9375,256,,0.04916428122640616,0.014511055649596878,0.0
67,red_wing,0.7249121916526136,0.21249651031628786,0.4328618288160666,1.5812065303823553,1.146235891394898,0.33600086979557586,1677,0.937255859375,257,,0.04922706016638558,0.011777525506374412,0.001586712358338621
68,red_wing,0.7196636286574297,0.21077569500611104,0.4298671352601593,1.5896703556375735,1.144027936507283,0.3350638740401213,1676,0.937255859375,257,,0.05401701991521193,0.008408448081642582,0.007135208339604683
69,red_wing,0.712573152890071,0.20672415221762266,0.4272182225746019,1.5971700116869076,1.1381004709292113,0.33017361661338646,1675,0.937744140625,255,,0.06089178520193763,0.007023883236943675,0.012787026453425167
70,red_wing,0.7103737244930582,0.2061470990146722,0.4223212964549838,1.6109384294746039,1.144368332074872,0.3320902839274417,1674,0.93798828125,254,,0.062122188845489514,0.00572410803568588,0.01563287961109399
71,red_wing,0.7041731190988296,0.2084299220954737,0.4227644603145975,1.6098149257977634,1.133588397470862,0.3355335995721586,1673,0.93798828125,254,,0.06292839199375043,0.004616302665687598,0.019852264146258698
72,red_wing,0.7021364454995802,0.21244906908289307,0.4227381137070088,1.6099995166509924,1.13043933787737,0.3420428985364111,1672,0.938232421875,253,,0.06032083170892644,0.004960034786446814,0.020133618922153484
73,red_wing,0.7046798837342582,0.21876398405871672,0.4229270123200318,1.6095825324504882,1.134240431827903,0.3521186874701875,1671,0.93896484375,250,,0.05447022989312903,0.004007513746741559,0.01807838856715449
74,red_wing,0.7027950850918807,0.23163557710674673,0.43049417459005057,1.588583273505431,1.1164485168787879,0.3679724033405554,1670,0.937744140625,255,,0.047880539302811435,0.002534183207286459,0.015154615291274477
75,red_wing,0.7017807516733091,0.23505976511539284,0.43362889311681324,1.5799446765141845,1.1087747626863675,0.3713814245567395,1669,0.93798828125,254,,0.04527424306517122,0.00667903292302909,0.011206207223097701
76,red_wing,0.6963221638017516,0.2378445571818068,0.434042071387531,1.5788961903439127,1.0994204116786155,0.37553186522838966,1668,0.93896484375,250,,0.04708771955476164,0.012858879605629859,0.00588667985605009
77,red_wing,0.6962928251153249,0.24071622559719336,0.4366374686867486,1.5717580276537448,1.094403837472717,0.3783476599688985,1667,0.939208984375,249,,0.04656573583483993,0.013740305351315717,0.002684908101326107
78,red_wing,0.6981347505154858,0.24213700904529928,0.43292065603022245,1.5819189748011935,1.1043926088085443,0.38304112911036714,1666,0.939453125,248,,0.042712388494339226,0.015720065402882216,0.0012957865419934644
79,red_wing,0.6948439103186136,0.23936045038385845,0.42969088592238897,1.5910313785289292,1.1055184644966554,0.38082998733953566,1665,0.93896484375,250,,0.04474974814871152,0.02062723958560705,0.0004186515632092504
80,red_wing,0.6934942916580822,0.23485459942931522,0.42541396734620185,1.6030651777588314,1.1117165499315984,0.3764872301816343,1664,0.9404296875,244,,0.048224611066588284,0.023426497846014332,0.0
81,red_wing,0.6973720265732049,0.23433313795715352,0.4266825102174857,1.599626698171914,1.115534912264752,0.3748455437426651,1663,0.939697265625,247,,0.045072907777306784,0.023221927692334894,0.0
82,red_wing,0.7020487959687218,0.23236133380298044,0.42954910917821293,1.5914160727123452,1.1172517377329738,0.3697835612909414,1662,0.939453125,248,,0.04287163592567094,0.02271823430262704,0.0
83,red_wing,0.7037550285476554,0.22851274606478397,0.43455345580512805,1.5775241660446064,1.1101905645093382,0.36048437916641124,1661,0.938720703125,251,,0.04335821981446166,0.024374005573099117,0.0
84,red_wing,0.7050699257782524,0.22633150825746245,0.4374633871071907,1.5694730528139123,1.1065882488584724,0.3552212032128168,1660,0.93896484375,250,,0.04450191990522154,0.02409664605906352,0.0
85,red_wing,0.7074903860108043,0.2221310127698834,0.4348876672139209,1.5764461331750543,1.115320483285259,0.3501775761393413,1659,0.939453125,248,,0.04429921335355065,0.026079387865761586,0.0
86,red_wing,0.7082251739886974,0.22345222983492818,0.4345758014391963,1.5770997068465284,1.1169417142789064,0.35240644616686834,1658,0.9384765625,252,,0.0408786149642082,0.027316457512147403,0.0001275237000187925
87,red_wing,0.7092917893830331,0.21675548251105053,0.4341773871239944,1.577991249423753,1.1192562369345418,0.34203825466706106,1657,0.939208984375,249,,0.038177057576715745,0.030660109764042452,0.005115560765157985
88,red_wing,0.7074153127342853,0.216387106595997,0.4379874676589408,1.5671441111301312,1.1086217414748152,0.33910977982640467,1656,0.93798828125,254,,0.03891162651871737,0.02843072170875622,0.00885523244224402
89,red_wing,0.7061180891906175,0.21265806549279187,0.4381562201242524,1.566449009422889,1.106097981348226,0.33311801603697166,1655,0.9384765625,252,,0.04021017091963831,0.027411499264232333,0.013602175132719913
90,red_wing,0.7072613232240219,0.20832441063772847,0.43783120567221867,1.5671272697608651,1.1083685064715183,0.32647086486724475,1654,0.938720703125,251,,0.04076762190247962,0.02724802873460616,0.01639861550116378
91,red_wing,0.7132704305784658,0.20486953023547302,0.4347052911972816,1.5756087791139617,1.1238351523018264,0.32279423041196453,1653,0.93896484375,250,,0.04050726693711768,0.02490737834590431,0.01644539390303909
92,red_wing,0.7202893055368,0.20205908307892476,0.43420027412189843,1.5767804415635593,1.135738089237825,0.3186028102391149,1652,0.938232421875,253,,0.0404543778310829,0.02126860312835338,0.015928630424838733
93,red_wing,0.7225157954146796,0.19981922771926452,0.4386071994198036,1.5645664443844207,1.1304239690435267,0.3126304586323706,1651,0.937255859375,257,,0.041850390137585014,0.019660427532596603,0.01615415919587424
94,red_wing,0.7244340650860414,0.19947272762656384,0.4399315814823941,1.560941205123791,1.1307989825881322,0.3113651998507383,1650,0.937744140625,255,,0.042244203179871945,0.01880851165020598,0.01504049245731686
95,red_wing,0.7232438105220792,0.19876667860397068,0.443174332676897,1.5519674205710028,1.1224508310598944,0.3084794094884699,1649,0.93798828125,254,,0.04334754560636837,0.018413084650278348,0.016228880617303484
96,red_wing,0.7212655164076709,0.201165067842826,0.4521893008284472,1.5269026864738833,1.1013022546638453,0.307159482513912,1648,0.9365234375,260,,0.040285735756558895,0.019759288929859543,0.017524391063084704
97,red_wing,0.7194692893590703,0.2024590609854338,0.4549496962014011,1.5192684881545557,1.0930670195181873,0.307589671496531,1647,0.93603515625,262,,0.03656773411182861,0.020002812988933444,0.021501102554733885
98,red_wing,0.7147897784985914,0.20029385164362626,0.4555580958042165,1.5176309694858252,1.0847871045213755,0.30397215225196655,1646,0.936767578125,259,,0.03430046480392948,0.023195540155401352,0.027420364898451562
99,red_wing,0.7074335581159042,0.20409955480525352,0.4619717701720699,1.4995264508063295,1.0608153325828351,0.30605268102827377,1645,0.935546875,264,,0.030211000369043752,0.02753489050081802,0.030720996208980514
100,red_wing,0.6980612116648554,0.20128315115915565,0.4596795204002555,1.5056845390570435,1.051059973719199,0.3030689286730225,1644,0.935791015625,263,,0.02921925342184049,0.039438540454253636,0.03199784329989464
101,red_wing,0.6973509197661192,0.19899557435349843,0.45751781348280873,1.5114736944180214,1.0540275710047013,0.30077657594091833,1643,0.935546875,264,,0.026204315374943256,0.050489077400876256,0.026960113104562904
102,red_wing,0.6923594835368957,0.18938801588673138,0.45113236993007266,1.5290240807285203,1.058634322848675,0.2895788368922078,1642,0.936767578125,259,,0.02522905452177992,0.0648920653653969,0.02813138068919615
103,red_wing,0.6908799827767952,0.181809567231081,0.4452754586883658,1.5454422974074675,1.0677151478154019,0.28097619527225925,1641,0.937744140625,255,,0.023984680778058102,0.07584129584432878,0.02748447336973693
104,red_wing,0.6873385501434801,0.17652722201882828,0.44531742215314857,1.545426292154382,1.0622310670030073,0.2728098101888712,1640,0.936767578125,259,,0.022166169020903584,0.0851676893942139,0.028800369422574315
105,red_wing,0.6912362571440107,0.1697371271087436,0.44224448872234845,1.5540881356367864,1.0742420661494858,0.2637864554167716,1639,0.938232421875,253,,0.022957677311736188,0.08736368639495223,0.02870525204055724
106,red_wing,0.6974481544643439,0.1650096181280483,0.4457108943276905,1.544527926254085,1.0772281516845519,0.2548619632992929,1638,0.937744140625,255,,0.022589446108048913,0.08717504872011352,0.027777732579445186
107,red_wing,0.7015360848687714,0.15885724047045832,0.44614776817867613,1.5434075568791013,1.0827560948098403,0.24518146540706595,1637,0.93798828125,254,,0.02374896481870067,0.08798257156850568,0.02787513827356389
108,red_wing,0.7010206727772514,0.15570477870691946,0.45067296043560895,1.5309293881236257,1.07321314963689,0.23837302159370874,1636,0.936767578125,259,,0.023631719415570802,0.09267497936560555,0.026967849734652685
109,red_wing,0.7064061948490917,0.1550860702421582,0.4474004871894452,1.5401812648502737,1.087993586680743,0.23886065982622562,1635,0.93798828125,254,,0.021504358310591352,0.09070880199428992,0.02629457460386876
110,red_wing,0.7078199702174104,0.15284485277725943,0.4454064404958861,1.5458701043763168,1.0941977312396296,0.2362782885161648,1634,0.93896484375,250,,0.022654156667720627,0.0909942172360692,0.02568680310154038
111,red_wing,0.7068775352112323,0.15432071641437226,0.45145261268272274,1.529145624588283,1.080918690088006,0.23597884828836657,1633,0.936767578125,259,,0.019962266394171917,0.09240574251766692,0.026433739462556543
112,red_wing,0.710521090647435,0.15028077301885484,0.4458944544344321,1.5447684464825975,1.097590561392559,0.23214899627254026,1632,0.939453125,248,,0.019968960700428313,0.09205554613585723,0.027173629497424835
113,red_wing,0.7101847481333241,0.14853839270517918,0.4474961263662008,1.5404304515846465,1.093990212275545,0.22881306335249674,1631,0.9384765625,252,,0.020719068493681724,0.09152588211352143,0.029031908554293544
114,red_wing,0.7145427809858614,0.14185103552323383,0.4511614678419628,1.530336412985671,1.093490836378709,0.21707980488092865,1630,0.938720703125,251,,0.022010071421393877,0.09296734561451615,0.028628766454994747
115,red_wing,0.7168610862232966,0.14332243843115322,0.4598595080161978,1.5062056642037134,1.0797402285167559,0.21587306857249097,1629,0.937744140625,255,,0.023025874964266176,0.08982641337509611,0.026964187006187936
116,red_wing,0.7157094233370414,0.14296206038992,0.4701176955140141,1.4777189794083079,1.0576173986065214,0.21125774997350144,1628,0.93701171875,258,,0.026942495587582133,0.08814322483947457,0.0262427958459819
117,red_wing,0.7117338304621275,0.14564184064585584,0.4777489641693489,1.4565530542799823,1.036678084594003,0.21213506782367977,1627,0.93603515625,262,,0.02953349614487183,0.08700308598052209,0.026087746766622757
118,red_wing,0.7100619007453478,0.1479813353018049,0.4782794857584463,1.4551881261998962,1.0332736468315593,0.21534068203039203,1626,0.936767578125,259,,0.03265261046074546,0.08376264104845159,0.02554151244365033
119,red_wing,0.7064027644074821,0.15437669385547906,0.48256305363744495,1.4433530015369596,1.019588550301545,0.22282006444365798,1625,0.9365234375,260,,0.03176528596025384,0.08080693738894204,0.02664831838784286
120,red_wing,0.6976619666611714,0.15504156829040558,0.48831929213520076,1.4274066845664475,0.9958473547799301,0.2213073709633903,1624,0.936279296875,261,,0.03373615819341658,0.08335880414373159,0.030201502711275006
121,red_wing,0.6892425272160425,0.15691538847951633,0.48897190803601637,1.425695169188717,0.9826497414513345,0.2237135113266173,1623,0.936279296875,261,,0.03694308647536848,0.08133078978554188,0.03556820804353091
122,red_wing,0.6910077197609947,0.15527124041764984,0.48533054799835246,1.4359627506410648,0.992261345982208,0.22296371748557853,1622,0.936767578125,259,,0.03595249881765824,0.08000033754361165,0.03776820346008542
123,red_wing,0.6961751608070245,0.15507439968022604,0.47843861128433196,1.4553007459608134,1.013144230841852,0.22567988953405826,1621,0.93798828125,254,,0.03618497787384074,0.07525352457621395,0.0373119370626947
124,red_wing,0.6961929966826512,0.15841604872300044,0.47548899199162,1.46362828806735,1.018967763899107,0.23186221019483905,1620,0.9384765625,252,,0.03877145483312961,0.0710198370785885,0.035599662682630144
125,red_wing,0.697490253205697,0.15954212509851923,0.47831453691332526,1.4558392664737514,1.015433698599573,0.2322676903750917,1619,0.937255859375,257,,0.04268703663695292,0.06384051886128492,0.03644006619754597
126,red_wing,0.699390285327102,0.16186685524851388,0.4804761359288454,1.4499009588406317,1.0140466452995882,0.234690908629338,1618,0.9365234375,260,,0.04684613730525569,0.058490093155943064,0.03340662896318545
127,red_wing,0.7046341378933142,0.16526230722304228,0.48055947473602484,1.4497610910360816,1.02155115653348,0.23959086282681788,1617,0.936279296875,261,,0.05002536775014779,0.051535684246514536,0.02854250288698121
128,red_wing,0.7064241498947663,0.16769008971175545,0.482033430087086,1.445738505443392,1.0213045946779782,0.24243601967754164,1616,0.936767578125,259,,0.04981661686286818,0.049361189829639406,0.026707953700970958
129,red_wing,0.7013169901049041,0.16508905182582254,0.4877665812740621,1.4298252471554327,1.0027607387110486,0.23604849432951275,1615,0.936279296875,261,,0.05691202452273785,0.049655335574485225,0.02702659797205017
130,red_wing,0.7003979420972792,0.16692352141608757,0.49636095229950383,1.4059216158420917,0.9847046064858826,0.23468138695135785,1614,0.9345703125,268,,0.05730230875788275,0.05165533195080686,0.023720895777943403
131,red_wing,0.6981323561319702,0.16966062615906077,0.49961910673402316,1.3969109385538296,0.9752287248391069,0.237000784523484,1613,0.934326171875,269,,0.0588817655134971,0.052934215070434824,0.020391037125037082
132,red_wing,0.6968017421112308,0.17234578504949302,0.4975953027267888,1.4026444546803254,0.977365099583908,0.24173985968719872,1612,0.93505859375,266,,0.05722147555607428,0.05656678558428248,0.017064211698919533
133,red_wing,0.6920355743486662,0.18242125778667878,0.5020869729555547,1.3901860436038718,0.9620581971369053,0.25359948663170495,1611,0.933837890625,271,,0.051439282035578585,0.0600924595926181,0.01401142623645836
134,red_wing,0.6893536885621333,0.1860687469122738,0.49679047518287167,1.4050553489972457,0.9685800874652069,0.261436888130305,1610,0.935546875,264,,0.05302606575783439,0.062008431271633885,0.009543067496124562
135,red_wing,0.6831294869698824,0.1882771333714137,0.49639507541843964,1.406239547252894,0.9606437004716291,0.2647627507902895,1609,0.93505859375,266,,0.05284095916507192,0.06558402880514964,0.01016839168848239
136,red_wing,0.6802071143496696,0.1898467460949635,0.4923388345396806,1.417645531030586,0.9642925758330199,0.26913539118222335,1608,0.93603515625,262,,0.05243482391697506,0.06697813798769149,0.010533177650700234
137,red_wing,0.677506982854554,0.19000778671961607,0.4911105631257966,1.4211539566430695,0.9628417293370577,0.2700303178895749,1607,0.93603515625,262,,0.05246737087096179,0.06952364082862093,0.010494218726247215
138,red_wing,0.6765142976492429,0.18866216408875724,0.4853325317594365,1.4374021718883134,0.9724231207545186,0.27118340441432903,1606,0.93701171875,258,,0.050708008493647705,0.07407500268092622,0.01004052708742607
139,red_wing,0.6779276033934106,0.18431963660660863,0.4787887298779147,1.455790619026851,0.9869206453994829,0.268330797874339,1605,0.938232421875,253,,0.04962274229089053,0.07791672885159551,0.010213288857494632
140,red_wing,0.6746683474444246,0.18059263927741306,0.4799787042469028,1.4525779188390686,0.980008344037416,0.2623248801192393,1604,0.9375,256,,0.05115336735639979,0.08292005116546128,0.010665594756301206
141,red_wing,0.6748055590752534,0.17961474605636388,0.4775587024524195,1.4589363056009685,0.9844983293562464,0.26204647404292764,1603,0.938232421875,253,,0.05062023684484621,0.08352554403412316,0.011433913989413288
142,red_wing,0.6712998108311349,0.18294175207478655,0.4793200418994623,1.4536126471982387,0.9758098950859229,0.26592644451651437,1602,0.937744140625,255,,0.04931656366686101,0.08406368543151468,0.012378187995702727
143,red_wing,0.6692650316077553,0.186322764491806,0.48434972089348,1.439680133032466,0.9635275697390306,0.26824518237054007,1601,0.9365234375,260,,0.04648609350758213,0.08482646196387016,0.013099648428986444
144,red_wing,0.6652007081199233,0.18884415519700087,0.49108004625402024,1.4204885279299138,0.9449099746552061,0.26825095602395593,1600,0.93505859375,266,,0.04707452352759231,0.0847080658360309,0.014172547319452576
145,red_wing,0.6661977972120988,0.19133336109803237,0.4888251228587106,1.4268895662378966,0.950590685892614,0.27301157662401027,1599,0.93505859375,266,,0.045374356413912735,0.08239463238129949,0.014699852894656418
146,red_wing,0.6705123716929671,0.19709265217722274,0.48336216011613936,1.4417270507887463,0.966695824158269,0.28415380815559954,1598,0.9365234375,260,,0.04024889993266308,0.07669267802887919,0.015453398168267844
147,red_wing,0.6754491121708892,0.20117175860728018,0.4781230229247403,1.4559262100638644,0.9834040659739647,0.29289123608098,1597,0.9365234375,260,,0.0379376800168462,0.06971519738796626,0.015726251817018297
148,red_wing,0.676479137657845,0.20175375979884336,0.47314249073156406,1.4693903678029203,0.9940119288940632,0.29645503131644446,1596,0.9365234375,260,,0.03382406247298734,0.06940982066780198,0.01853321940252232
149,red_wing,0.6760840907656248,0.2009230691980508,0.47204354557015765,1.4720185475569636,0.9952083213151854,0.29576248449160203,1595,0.936767578125,259,,0.033302697854987684,0.06987007830306283,0.019820063878273942
150,red_wing,0.678295106397505,0.19515856868293444,0.46907476507404716,1.4798512591958406,1.0037758673087245,0.28880565360829846,1594,0.93798828125,254,,0.0360412841629508,0.07028167359781866,0.020223367158791118
151,red_wing,0.679132090519899,0.19214969994392456,0.46638684889257986,1.4868908095548088,1.0097952638677823,0.2857056229053356,1593,0.9384765625,252,,0.03665788754706342,0.07199155825183297,0.020068763737279973
152,red_wing,0.6773007128830649,0.1935630838418422,0.47015746183305496,1.4759292575982204,0.9996479383362474,0.28568541863311225,1592,0.937744140625,255,,0.037104661382423104,0.07316417069214211,0.018867371200527755
153,red_wing,0.6746037901822443,0.19400548543989365,0.46905329884069275,1.479115749045956,0.9978170904246512,0.2869565689154526,1591,0.93798828125,254,,0.039261338299256224,0.07452372219662506,0.017605663881981006
154,red_wing,0.6786002609043216,0.1967812742903468,0.4695935156860341,1.4777202131388867,1.0027813221796382,0.290787666586073,1590,0.9375,256,,0.038061734612102896,0.0692353725206295,0.017321357672599208
155,red_wing,0.6755949675041472,0.20202956515087367,0.4714961721595587,1.4725271752831333,0.994831949134382,0.29749402489529575,1589,0.936767578125,259,,0.03824478655861943,0.06554615574299279,0.018584525043366964
156,red_wing,0.6738026375533405,0.20092625297712377,0.46757300250418177,1.483565336047873,0.9996302364117648,0.2980872240188466,1588,0.93798828125,254,,0.04010822357709803,0.06400775734555142,0.0211551285468863
157,red_wing,0.6708718631720816,0.20313280492284697,0.4661290051664372,1.487695313427491,0.9980529267514748,0.3021997218871002,1587,0.9375,256,,0.03983959210929765,0.06447771410567764,0.021678025690096105
158,red_wing,0.667920595250912,0.20423599165146236,0.4625836042303669,1.4976808311349532,1.0003318722275385,0.3058803297242335,1586,0.937744140625,255,,0.04086865794608394,0.06399652518484285,0.02297822996669909
159,red_wing,0.6634868177949091,0.20044517472832962,0.46175272885809887,1.5001010499089555,0.9952972719748951,0.3006880170591513,1585,0.9375,256,,0.04521361423824441,0.06551301290258607,0.025341380335930568
160,red_wing,0.6643913421514399,0.19945978040493623,0.46411533669596416,1.4936194189120429,0.9923478103944259,0.2979170013047445,1584,0.93701171875,258,,0.045734533201638276,0.06472163298703905,0.025692711254946637
161,red_wing,0.667060830135288,0.2012837732805328,0.46020068997895147,1.5046327730904134,1.0036815866664517,0.30285816196919013,1583,0.938232421875,253,,0.041864285137653744,0.0628448627563211,0.026946248690204275
162,red_wing,0.6681305808003642,0.20749539127589176,0.4701189212794749,1.4770860405850121,0.9868863541881745,0.3064885459393448,1582,0.935791015625,263,,0.03560288138552578,0.06700033202912414,0.02177081450909418
163,red_wing,0.6719837839259635,0.21255549920176947,0.4714048281788741,1.4735992197456764,0.9902347796750469,0.31322161777638025,1581,0.93701171875,258,,0.02929853753050891,0.0684265526343104,0.017735626707447872
164,red_wing,0.6732737661755774,0.21614757689345487,0.4755481860799278,1.4621442078719693,0.9844233375257672,0.31603892760032615,1580,0.936279296875,261,,0.027327891798102195,0.06954511233133386,0.013705652801531742
165,red_wing,0.67419416534399,0.22008149388021384,0.47173093376204767,1.4728815987198145,0.9930081800994269,0.32415398255493444,1579,0.9375,256,,0.020926511571902794,0.0711993994115102,0.013598429792383187
166,red_wing,0.6780894402995616,0.2241722844013329,0.469360126078518,1.4795859143424503,1.0032915845315873,0.331682154386182,1578,0.9384765625,252,,0.017173894049847798,0.07229536122926546,0.008269020019992268
167,red_wing,0.6771748735254639,0.22433722532359665,0.4731210597732343,1.4691915008517338,0.9948995687739592,0.32959434477008853,1577,0.93701171875,258,,0.01579175584846545,0.07402151844136307,0.00867462686111118
168,red_wing,0.6769467368471778,0.22089934835283517,0.4694114792402437,1.479627125524989,1.0016287543747109,0.32684866783364874,1576,0.936767578125,259,,0.015168554482698913,0.07723260307358056,0.009752757243707545
169,red_wing,0.6762745948804267,0.218216960378213,0.46838384456178506,1.482583206479858,1.00263335733869,0.3235248008258192,1575,0.935546875,264,,0.01855363099720246,0.07772051536058396,0.009234298383573978
170,red_wing,0.6742811740941124,0.21514128398635451,0.46544206898630464,1.4908768001105686,1.0052701592082274,0.32074914904125534,1574,0.936279296875,261,,0.021228673080674023,0.07749635128866852,0.01185251755019059
171,red_wing,0.6761108550557161,0.2124015342103494,0.4655921934739234,1.4905462121427515,1.0077744739918946,0.31659430227054536,1573,0.936279296875,261,,0.01792095244701562,0.08069665929430944,0.012869998992609448
172,red_wing,0.6782601265836262,0.21169030306940553,0.4723047549748609,1.4719094767208558,0.9983375080003267,0.3115889632177681,1572,0.935791015625,263,,0.01629166163691076,0.08109839956500199,0.01265950914505533
173,red_wing,0.6795338374876039,0.21003589019012225,0.4767045406878941,1.459720643941645,0.9919295708375423,0.3065937248791819,1571,0.935546875,264,,0.01628757087069654,0.0821451612578921,0.011997540193685331
174,red_wing,0.6840517687615145,0.20705398495392607,0.47817094251840314,1.455712116629567,0.9957824481880234,0.30141099469386623,1570,0.935546875,264,,0.013567801580024267,0.08579153272468604,0.009534911979849063
175,red_wing,0.6915442296909855,0.2015842547761279,0.4749730991393735,1.4647140165816879,1.0129145263145727,0.2952632834927686,1569,0.93701171875,258,,0.009240691503114152,0.08680240119191232,0.01082842283786008
176,red_wing,0.6952102543672002,0.2014619997293423,0.4790674927368921,1.4533705987788488,1.0103981436668534,0.2927989471778185,1568,0.93603515625,262,,0.007826597399606902,0.08304499975674845,0.012456148747102293
177,red_wing,0.7020160551062579,0.20375725993328653,0.4819863435656509,1.4453044288515697,1.0146269135699821,0.29449127019223953,1567,0.936767578125,259,,0.005158055111970444,0.07465869576976389,0.014409934078721102
178,red_wing,0.7105993966510444,0.20726992388312554,0.48117937020897145,1.4476319336280281,1.0286863786088616,0.3000505606938632,1566,0.936279296875,261,,0.0034574633708115816,0.0631981744895297,0.015475041605488718
179,red_wing,0.7136281012054119,0.20556070944206664,0.48321098605123597,1.4420375288337113,1.0290785035685457,0.2964262574691423,1565,0.935791015625,263,,0.004364456657579036,0.05823285282478662,0.018213879870155884
180,red_wing,0.7155797922579336,0.20217545732807782,0.47965826410403545,1.4520243492202392,1.03903928216848,0.2935636868551064,1564,0.937255859375,257,,0.0046261399981476865,0.054355408204198465,0.023263202211642253
181,red_wing,0.7143010360821289,0.2028749378482212,0.48408107104087816,1.4397537559082414,1.0284175995483933,0.2920899537466275,1563,0.93701171875,258,,0.004440044938420275,0.05352168868279469,0.024862292448434957
182,red_wing,0.7131333582903377,0.20534246486589744,0.49007297054020776,1.4231015143027073,1.0148611620827548,0.2922231727013091,1562,0.93701171875,258,,0.0042822798427778015,0.05002284633538702,0.02721905066560003
183,red_wing,0.7152587864461939,0.20719612668215473,0.495073839013599,1.408708338031699,1.0075910163171877,0.2918789112650235,1561,0.93603515625,262,,0.004175254497001364,0.045403738761951154,0.02796609361269891
184,red_wing,0.7155128733041856,0.21431185490318766,0.5009325358789716,1.3919257723616283,0.9959408088086164,0.2983061941623727,1560,0.934814453125,267,,0.006542980755761934,0.03882088277222807,0.024811408264636896
185,red_wing,0.717691306398406,0.2170129334101789,0.504387967338069,1.3818486670180699,0.9917407750770943,0.2998790327585369,1559,0.933837890625,271,,0.010211608396523842,0.034445501558415484,0.02063865023647582
186,red_wing,0.7191539202123804,0.2196198631752584,0.4989322511236489,1.3966098784335086,1.0043774690827938,0.3067232704107814,1558,0.935546875,264,,0.012162023351386697,0.03242996678522334,0.016634226475750937
187,red_wing,0.7214209072064903,0.22129967516548876,0.4926784204096484,1.4135793126703122,1.0197856701549437,0.312824642714595,1557,0.9365234375,260,,0.014628220763785293,0.027251627848138987,0.015399569016096765
188,red_wing,0.7190213662600579,0.22689692524265206,0.49434053194526034,1.4084820511012928,1.0127286887356202,0.31958024665434726,1556,0.936279296875,261,,0.019395227305742103,0.023321437749697423,0.011365043441850535
189,red_wing,0.7168222181947059,0.22762483821150542,0.4903546626363934,1.4191087394860342,1.0172486744978722,0.32302439723004195,1555,0.93701171875,258,,0.024532019468159395,0.02028857119006615,0.010732352935562961
190,red_wing,0.7137505323854114,0.22861746040740122,0.49394193319124086,1.4086415932574987,1.005418687127774,0.3220400636747648,1554,0.93701171875,258,,0.027368162247176045,0.01984239875768145,0.010421446202329727
191,red_wing,0.7115227916800054,0.22965658595034155,0.49474490516191627,1.4059227437654471,1.0003460755304039,0.32287941744310944,1553,0.93701171875,258,,0.02706524550586512,0.020063698744623087,0.011691678119164843
192,red_wing,0.7142535997779732,0.2277455285394271,0.4906366731461492,1.4168604029021274,1.011997643155714,0.32268362132553063,1552,0.9384765625,252,,0.026169329209686433,0.020583776411164226,0.01124776606174894
193,red_wing,0.7202162259324801,0.22532759567214272,0.4938466432009717,1.407434370000884,1.0136570702096945,0.3171338026586361,1551,0.937255859375,257,,0.0276315372831159,0.017431998129358535,0.00939264298290269
194,red_wing,0.7243937348285888,0.22364963486161807,0.4959859073892363,1.40098449594334,1.014864391453344,0.313329670964516,1550,0.936767578125,259,,0.02854122428792702,0.01570073140235539,0.007714674619510712
195,red_wing,0.7304227887885499,0.22076832735155488,0.49513511301834756,1.402840778088743,1.024666873357879,0.3097028121192056,1549,0.936767578125,259,,0.025717843719798395,0.015604872440223011,0.007486167699873703
196,red_wing,0.7334250821012609,0.21989097260756488,0.49550389280107565,1.4013012699809901,1.027749498984409,0.3081334991723358,1548,0.9375,256,,0.02495893098223053,0.016596207553058653,0.005128806755885005
197,red_wing,0.7333622216752314,0.21920424273819322,0.49766427933216684,1.394781323569386,1.0228799302039646,0.3057419838184021,1547,0.936767578125,259,,0.025492808690417625,0.017605781194931565,0.0043349457012263745
198,red_wing,0.7358291610825668,0.2201466799044712,0.4992985219906693,1.3897195042818866,1.0225961369758212,0.3059421348661449,1546,0.9365234375,260,,0.023781569639685803,0.018320627538685456,0.0019219618345907585
199,red_wing,0.7345783940889141,0.21891085805532323,0.4927779875155598,1.4072796512696033,1.0337572262636323,0.3080687959832249,1545,0.93701171875,258,,0.02416365546318809,0.0199424900309458,0.0024046023616286533
200,red_wing,0.7310570099340126,0.21967294359119569,0.4872581437580808,1.422043580306695,1.0395949278148704,0.3123844992009346,1544,0.93798828125,254,,0.020157465570013286,0.023967273220935826,0.005145307683842663
1,core,0.4989893234291835,0.3858698613848726,0.26014636305769656,1.9441373099450208,0.9701037609428987,0.7501839943016443,1743,0.939208984375,249,0.008918853624778443,,0.10622196156116545,0.0
2,core,0.5020200528634483,0.38850750645997373,0.26590252700024464,1.9288223483308267,0.9683074972732422,0.7493619609542803,1742,0.938232421875,253,0.009881674508255065,,0.09959076616832285,0.0
3,core,0.5067138861336357,0.3994302097921362,0.2704087289026642,1.916791472468336,0.9712648559222442,0.7656244199758051,1741,0.9375,256,0.010265503411300178,,0.08359040066292783,0.0
4,core,0.5162591106434142,0.39828906489832416,0.26621278101474993,1.9276202373403653,0.9951515093875841,0.7677500618093798,1740,0.938232421875,253,0.012219208699256943,,0.07323261575900455,0.0
5,core,0.5234196059368117,0.40257231052609677,0.26399726441371985,1.9332419440924569,1.0118967365573894,0.7782696762392636,1739,0.93798828125,254,0.007374188948156399,,0.0657322318977492,0.0009016626911859689
6,core,0.5286708713489282,0.4080280868397517,0.25984697841308413,1.9439410481466652,1.0277050077746464,0.7931825468045455,1738,0.937744140625,255,0.001873139862870586,,0.05914301526130557,0.002284886687143782
7,core,0.5289205458903257,0.4079509696809463,0.2547307098897262,1.9571717365111327,1.035188343276585,0.7984301077418581,1737,0.9384765625,252,0.0024331740276973875,,0.05153349981672874,0.009161810584301867
8,core,0.5246597061107945,0.4106947180482649,0.2540796632551782,1.9586716204250447,1.0276360767397577,0.8044160888996019,1736,0.938232421875,253,0.0012278421893481316,,0.04753272348225201,0.01588501016934038
9,core,0.5243486879119198,0.4081317875535114,0.2509419293695891,1.9666970967457342,1.0312350421988077,0.8026716016711377,1735,0.93896484375,250,0.00012178013536949056,,0.04313257748969928,0.024265166909500008
10,core,0.5201138777604952,0.40843668057591015,0.25406781396290473,1.958274055492669,1.0185255127200632,0.7998309548833514,1734,0.9384765625,252,0.0,,0.04041227026033896,0.03103717140325556
11,core,0.51921335764253,0.40758053350777185,0.2530748198981994,1.9606617723931252,1.0180017820455884,0.7991275712202836,1733,0.938720703125,251,0.0,,0.03233081537461043,0.04087529347508771
12,core,0.5113811138978593,0.4047492999910425,0.2561780650392112,1.9522945332559976,0.9983665530731534,0.790189845711704,1732,0.937744140625,255,0.0,,0.030121584753875726,0.05374800135722253
13,core,0.5097701094069073,0.40158705195973177,0.2554395178865027,1.954008409168842,0.9960950805240174,0.7847044765426406,1731,0.938232421875,253,0.0,,0.027398923647386643,0.06124391498597429
14,core,0.5060045754757262,0.39709382257445647,0.25519746850580993,1.9544159052189976,0.988943390423346,0.7760864827037284,1730,0.937744140625,255,0.0,,0.02673303822747191,0.07016856372234534
15,core,0.5047094641009808,0.3964404966885205,0.2547217095391541,1.9554333430549944,0.9869257146584757,0.775212965762016,1729,0.937255859375,257,0.0,,0.023513449723494333,0.07533658948700436
16,core,0.5017346250067979,0.395537506901187,0.25982596344155745,1.9418084760533252,0.9742725475676367,0.7680580834977255,1728,0.93603515625,262,0.0,,0.0225682298902329,0.08015963820178232
17,core,0.5005470030906353,0.39781958066147344,0.267281622583952,1.9220156636565822,0.9620591803365606,0.7646154653406451,1727,0.934326171875,269,0.0,,0.01709176580832781,0.08454165043956341
18,core,0.49959292033894453,0.39381032481868067,0.2701451532964823,1.914268777047417,0.9563551286387789,0.7538588088793019,1726,0.935302734375,265,0.0,,0.01500643102346579,0.09159032381890904
19,core,0.5029441631174564,0.38857257914719406,0.2717723821477657,1.9097627960295838,0.9605040512019526,0.7420814552125721,1725,0.93505859375,266,0.0,,0.012658307460118198,0.09582495027523143
20,core,0.5080158998621274,0.38577532210131493,0.27239270272185895,1.9078950026030397,0.969240996589839,0.7360188091646768,1724,0.935302734375,265,0.0,,0.010418780363571906,0.09578999767298595
21,core,0.5141488150545848,0.3819856583366552,0.2730029658791132,1.9060508244900523,0.9799937728453747,0.7280840790159571,1723,0.935302734375,265,0.0,,0.009410315627490862,0.09445521098126919
22,core,0.5203468051280866,0.37935703510244634,0.27766998460917514,1.8935691933131165,0.9853126800294485,0.7183387949365949,1722,0.93505859375,266,0.0,,0.005322313483863861,0.09497384628560306
23,core,0.5199002693949889,0.3732474223083312,0.2856107618698848,1.8725066221913789,0.9735166973211986,0.6989082699882123,1721,0.93505859375,266,0.0,,0.006595394247796288,0.1002569140488836
24,core,0.5173783211555374,0.3699707763497729,0.2916486273352359,1.8564334931971187,0.9604784440472349,0.6868261407198588,1720,0.93505859375,266,0.0,,0.007022791021574818,0.10562811147311482
25,core,0.5188411139518506,0.36871771005744736,0.29571076786968636,1.845538674331399,0.9575413416313248,0.6804827938219306,1719,0.935302734375,265,0.0,,0.006758072322239021,0.10568310366846295
26,core,0.5160625520841547,0.3693699285947414,0.3039285282151466,1.823755554519206,0.9411719458428343,0.6736404589470221,1718,0.93408203125,270,0.0,,0.005602197629950032,0.10896532169115376
27,core,0.5131415639552586,0.36841183053430093,0.31015554932992273,1.8071903434593688,0.9273444792075813,0.665790302557778,1717,0.93310546875,274,0.0,,0.005256564423713184,0.1131900410867274
28,core,0.5099054422106363,0.366736445103063,0.3163515791656886,1.7907076927949968,0.913091597964621,0.656717773474345,1716,0.931396484375,281,0.0,,0.006387336029625823,0.11697077665667492
29,core,0.5110354153406519,0.35729542810868803,0.31225864726131597,1.8011729321844954,0.9204631574992433,0.6435508539026402,1715,0.932373046875,277,0.002511277422646036,,0.007170866851460512,0.12198701227655352
30,core,0.5220866675582839,0.34637521382316266,0.3062223262775953,1.816720859987687,0.9484857396745912,0.629267076335235,1714,0.93359375,272,0.006173671383337105,,0.007619947439585697,0.11774449979563072
31,core,0.5295594681830129,0.3409114215400418,0.30618824390165533,1.8165458417527913,0.9619690498886717,0.6192812252045958,1713,0.933349609375,273,0.010121191698939542,,0.007238003126321991,0.11216991545168378
32,core,0.533374492654293,0.33732082366495275,0.309412193805677,1.8076672875730035,0.9641636223970128,0.6097638183563165,1712,0.932861328125,275,0.012989547961481067,,0.00710514226960207,0.10920999344967121
33,core,0.5349148597884665,0.33275054038870366,0.31307024220791757,1.7976522154543397,0.9615908827781844,0.5981697461233819,1711,0.93310546875,274,0.018979401856619157,,0.005799672792957848,0.1075555251732528
34,core,0.5459866553448095,0.32651684342793963,0.3114710243503404,1.8013917540041,0.9835358587344185,0.5881847492945382,1710,0.933349609375,273,0.024342426067343263,,0.005741094298103148,0.09741298086180442
35,core,0.5519119198068179,0.3219724633236463,0.3152485415427728,1.7910609401694235,0.9885078819799107,0.5766723028691152,1709,0.931884765625,279,0.028925561575738966,,0.005928561230545258,0.09126149406325156
36,core,0.562338192135804,0.31613693458328385,0.31812552648399317,1.7830852577385543,1.0026969402607029,0.5636991074821112,1708,0.931640625,280,0.030105036251843017,,0.0050391711961512405,0.0863806658329179
37,core,0.5709976826062713,0.3127590336664807,0.3186734977759647,1.7811974281818095,1.0170596037560635,0.5570855864073634,1707,0.931884765625,279,0.030384387570393457,,0.0035772613036762074,0.08228163485317833
38,core,0.5786222499103549,0.3110525568001999,0.32009471924256444,1.7770232096986618,1.0282251677387602,0.5527476128700665,1706,0.93212890625,278,0.029542753121890915,,0.0022884017067853757,0.07849403846076866
39,core,0.5858589543342279,0.31233758206769874,0.32164866921423285,1.7724993024271345,1.0384345878781094,0.5536181463367739,1705,0.9326171875,276,0.025102354444788158,,0.0011467617156704448,0.07555434743761494
40,core,0.5907649498969477,0.3089136044208953,0.3271871044108426,1.7575641644034226,1.0383073055244587,0.5429354810268603,1704,0.931884765625,279,0.027272497712480324,,0.00023859674034131046,0.07281035122933525
41,core,0.5931182440829553,0.30816523688052966,0.33208724257277245,1.7442988082479711,1.0345754463040282,0.5375322554341616,1703,0.930908203125,283,0.02613335584288756,,0.0,0.07258316319362754
42,core,0.5961179064690362,0.30519669212382927,0.33360814980829095,1.7398581654818002,1.0371606071600685,0.5309989568696794,1702,0.931396484375,281,0.025603529196796454,,0.0,0.07308187221033806
43,core,0.6014927230760475,0.3053435068765659,0.3349561376094883,1.7358661293190165,1.0441108450195737,0.530035451394519,1701,0.93115234375,282,0.02425003009532133,,0.0,0.06891373995206497
44,core,0.6051419763037847,0.3035263594230556,0.33566262077197273,1.7335450560914512,1.0490408812548362,0.526176619771275,1700,0.931640625,280,0.02440785120892279,,0.0,0.06692381306423681
45,core,0.6077649282056026,0.2999529128877312,0.33667838723832977,1.7304132022946062,1.0516844556586082,0.519042480527654,1699,0.931396484375,281,0.025493661316644236,,0.0,0.06678849759002187
46,core,0.613000650307865,0.2959538265360604,0.33453836950690974,1.7355080285550986,1.0638675501187962,0.5136302420349358,1698,0.931640625,280,0.02578138363359273,,0.0,0.06526413952248182
47,core,0.61632651766485,0.29181283750074033,0.3358396980399775,1.731622223861787,1.0672446951437986,0.5053095946244502,1697,0.931640625,280,0.027123139104344766,,0.0,0.06473750573006484
48,core,0.6212251426719634,0.2854351085616946,0.3277417066339662,1.7522324438204122,1.0885308499067787,0.5001486578272027,1696,0.93359375,272,0.02706125068007674,,0.0017506619702641923,0.06452783611600114
49,core,0.623790209772879,0.2846547202359849,0.3319641193656862,1.7407215918816095,1.085845086956009,0.49550461774579785,1695,0.9326171875,276,0.027500285526756006,,0.0022245639722010893,0.06183022049217897
50,core,0.6254615392371703,0.28328249197775873,0.33448784378401597,1.733636934176796,1.0843232253286277,0.4911089908982845,1694,0.9326171875,276,0.028846980547741187,,0.002439630510155273,0.059969357727174544
51,core,0.6260356143307259,0.2788479619696061,0.3373444120999776,1.7256840782000582,1.0803396920367259,0.4812034882094846,1693,0.93212890625,278,0.03379480213917049,,0.002447088662972293,0.05887453289752523
52,core,0.6275163809222423,0.2768109859920718,0.33792224859054437,1.7236628235064924,1.0816266569370077,0.47712880569271066,1692,0.931884765625,279,0.037833385878430846,,0.001297819698197716,0.05654142750905742
53,core,0.6330207081790133,0.2730716938155131,0.33236050737274125,1.7376161358292341,1.0999469968459024,0.47449378141205567,1691,0.93310546875,274,0.03886974102442371,,0.0008962103880994915,0.05414164659295033
54,core,0.6328368968538131,0.27331949066076744,0.3337656382127192,1.7334285517599626,1.096977545613574,0.4737798088638647,1690,0.932861328125,275,0.04203363874305998,,0.0003750919186659133,0.05143488182369361
55,core,0.6265791710587346,0.27671228280911486,0.339208784879264,1.7187347231124304,1.0769233780776504,0.4755950087757325,1689,0.931884765625,279,0.04553778519392396,,0.00023841771434938405,0.0509323432238772
56,core,0.6227425176961969,0.2760730304163961,0.34054128669142236,1.7147327240925456,1.06783697377745,0.4733914594943911,1688,0.931884765625,279,0.0496294588689615,,0.0,0.051554993018445495
57,core,0.6194083594223083,0.2748674264042679,0.34353366742175107,1.7064126564451594,1.0569662640261592,0.4690372552607512,1687,0.931396484375,281,0.052679155923510114,,0.0008719880385850363,0.052173070211328415
58,core,0.6184487648919929,0.2746682747602246,0.34406860250505733,1.7044777467029846,1.0541321572343478,0.4681659620541039,1686,0.93212890625,278,0.052568766665179664,,0.001633110623725232,0.0526810830588775
59,core,0.6210015860328278,0.2746289213795761,0.344167767423521,1.7036700776537965,1.0579818202996787,0.4678770758127208,1685,0.93212890625,278,0.05113774832578878,,0.0023923020450150588,0.05083944221679216
60,core,0.620403006406668,0.27512844838589806,0.34452693728853906,1.7021816531394083,1.056038615057961,0.4683185970991883,1684,0.9326171875,276,0.049619323309844865,,0.0030038611560297937,0.05184536074155933
61,core,0.6242799477625488,0.27560928941847135,0.3462112529410612,1.6972479553237312,1.0595578648895916,0.467777302933727,1683,0.931884765625,279,0.04774651903426676,,0.003020555688285686,0.04934368809642744
62,core,0.6316642322940982,0.2753946106421306,0.34487186413020887,1.7001583046437556,1.0739291902812333,0.46821443433735194,1682,0.932373046875,277,0.04397171828379429,,0.0046715898291339476,0.04429784895084291
63,core,0.634666647545138,0.27514572786464003,0.3488834611992754,1.6891784631916895,1.0720652323393178,0.4647702377481515,1681,0.93115234375,282,0.04446406126912798,,0.0066684630688782645,0.039055100252215744
64,core,0.6375536752695746,0.27518890357309334,0.3498443618687479,1.686111400376919,1.074986520224234,0.46399914757181737,1680,0.93115234375,282,0.04389856998702599,,0.008316980503026566,0.03504187066727959
65,core,0.6429248106955707,0.269313946783191,0.3463541222389311,1.6949072414593496,1.0896979173618042,0.45646215862882833,1679,0.932373046875,277,0.04373666200765357,,0.010798000668056671,0.03322657984552814
66,core,0.6472446519555652,0.26475570700042755,0.3465875134219102,1.6940432517166875,1.0964604348550413,0.44850761879755485,1678,0.931396484375,281,0.04326533949224898,,0.012736511366143868,0.031997790185614494
67,core,0.6506334931927753,0.2604926138925834,0.34544409409499843,1.6967452418164677,1.1039592837412686,0.44198960315057517,1677,0.931396484375,281,0.042682874312226934,,0.01545667910665181,0.030734339495762562
68,core,0.6533479756501029,0.256723672781073,0.34052795377266876,1.7092212413759098,1.1167162379911066,0.43879755468144843,1676,0.9326171875,276,0.04275091542429658,,0.018348905853388935,0.02882853029113844
69,core,0.6582661061040822,0.25323034204628975,0.3386998057238032,1.7136877647520021,1.128062571981509,0.4339577388286912,1675,0.932861328125,275,0.04226775344584998,,0.019249745121111606,0.026986053282666414
70,core,0.6600066238157272,0.2451351278858433,0.3367809567491269,1.7183844829708756,1.1341451410229415,0.4212363999901143,1674,0.932861328125,275,0.04280713088839543,,0.02208238954187974,0.02996872786815439
71,core,0.6609203324514865,0.23944518672991752,0.34086031575009423,1.7075375758022546,1.1285463022726314,0.40886165368632155,1673,0.931640625,280,0.04402648729969348,,0.022594553626246128,0.03301343989265638
72,core,0.6636953436726878,0.23461144437641862,0.3356221869466819,1.7208242812623742,1.1421030627527373,0.40372507014497805,1672,0.932373046875,277,0.04354014861481792,,0.022800326067840434,0.03535273726823529
73,core,0.6619183687837403,0.23024236177183371,0.3348668273505495,1.7224940897395051,1.140150478120007,0.39659110735964853,1671,0.931640625,280,0.04573148976444336,,0.0247660377579069,0.037341741922075504
74,core,0.6599924320791486,0.22646587213137231,0.3360627008668951,1.7191075698931995,1.1345979860594877,0.3893191951035075,1670,0.9326171875,276,0.04799891531676816,,0.027740465642780023,0.03780231482993091
75,core,0.6585468275315685,0.22494840185515072,0.34061290444631914,1.7070349006315648,1.1241624182965833,0.3839947728080365,1669,0.931884765625,279,0.04912953778524809,,0.030648301210760388,0.03672693161727223
76,core,0.6604654656900145,0.22570249441554588,0.34243275779522786,1.702029996148537,1.124132034024617,0.38415241570080677,1668,0.93212890625,278,0.045984350323594304,,0.03146708886473034,0.03638060070611485
77,core,0.6636223272416301,0.22435581223326861,0.3473639758632579,1.6889712963516887,1.1208390623292206,0.37893052703165975,1667,0.930908203125,283,0.0433079854938132,,0.03230415591625572,0.03640971911503246
78,core,0.6659559257891161,0.2241691631851778,0.35199402713419764,1.6766928761152586,1.1166035565773529,0.3758628389573065,1666,0.930908203125,283,0.03983583693213624,,0.033831919522154544,0.03620715457141527
79,core,0.6726823435075986,0.22310253947839023,0.35228619188388793,1.6756373741406643,1.1271716757058607,0.3738389534156837,1665,0.9306640625,284,0.036700199247660735,,0.033886858744584775,0.03362805902176571
80,core,0.6769609075950191,0.21937084234698134,0.35209642890085036,1.6758251776014679,1.1344681331996738,0.36762718083671364,1664,0.93115234375,282,0.03630895156135054,,0.034465745987562156,0.032893552509086925
81,core,0.6816542414643945,0.21636596809401606,0.35070423641623366,1.679118841323112,1.1445784801106789,0.3633041736477777,1663,0.931396484375,281,0.03514209724911205,,0.034562937944035754,0.03227475524844161
82,core,0.6837507627341083,0.21038919091892533,0.3509616684165986,1.6781423853607313,1.1474311359668359,0.35306301870279966,1662,0.931884765625,279,0.03801496532631117,,0.03630641938021095,0.031538661640444214
83,core,0.682916348614432,0.20876827682898252,0.354004648178251,1.670433543028829,1.1407663758083166,0.34873353233546067,1661,0.931640625,280,0.040700203141141124,,0.03692056892303553,0.030694602492408768
84,core,0.6791308237948432,0.20555295502047743,0.35674666385773035,1.6635005222614192,1.1297344800665496,0.3419374480289422,1660,0.930419921875,285,0.04560551133371621,,0.03988152748838727,0.02982918236257575
85,core,0.6805763699017026,0.20253895853195916,0.35831221188299706,1.659607880494922,1.1294899067674926,0.33613525168687364,1659,0.929931640625,287,0.04872938332367926,,0.04013992913751113,0.028015359105147887
86,core,0.6782584549524184,0.20104821677787696,0.36302384326778886,1.6475759471054023,1.1174823163004777,0.3312422061716629,1658,0.92919921875,290,0.05099868525080464,,0.04384495776864733,0.025849685250252576
87,core,0.6768420272174497,0.19988731337151408,0.3658861049574593,1.6403246880822298,1.1102406871764072,0.32788009495772374,1657,0.928955078125,291,0.05246437398526332,,0.045986704936406136,0.024819580489366763
88,core,0.6757397805808824,0.20086867772559963,0.3714450135648,1.6260947311816367,1.0988168968524081,0.32663149850901974,1656,0.9287109375,292,0.05406842737699481,,0.049473778970148215,0.019849335346375077
89,core,0.6789120299076266,0.20334724703481863,0.37432049603026757,1.6188038883603282,1.0990254338690693,0.3291793141873326,1655,0.9287109375,292,0.05581382683472214,,0.04592732945705113,0.015999566765781535
90,core,0.6837078716905334,0.20511276073843987,0.36975569940800496,1.6307624708854487,1.1149651382018855,0.33449019251195405,1654,0.929931640625,287,0.05451513865015894,,0.043729364461951525,0.012934864458916345
91,core,0.6871505459913843,0.20850855106758331,0.3694267592229354,1.6317608731650846,1.1212653749227657,0.3402360953524264,1653,0.9306640625,284,0.053601751906892925,,0.040161287362142084,0.01057786367199739
92,core,0.6878599722748735,0.20915388968076692,0.37930195540116707,1.6063503670152697,1.1049441189188562,0.3359744274513712,1652,0.9287109375,292,0.051561407832572,,0.04266422778067555,0.00876050243111203
93,core,0.6908811052841662,0.2085419122123783,0.38257949808629615,1.5980103587889967,1.104035162935689,0.3332521359570461,1651,0.928955078125,291,0.04790089046454723,,0.04545234984453237,0.007223742194375928
94,core,0.696146827668133,0.2080167093084551,0.3843383194132279,1.5935989418168643,1.1093788479211038,0.3314952078341803,1650,0.9287109375,292,0.04241008298680869,,0.047330617227026146,0.006095762809577143
95,core,0.7000379982639483,0.20514562447638732,0.3808815357751325,1.602687134959687,1.1219418938005616,0.328784253141577,1649,0.9296875,288,0.03869792498447908,,0.05127395647890556,0.004844495796279681
96,core,0.7012204914273338,0.20213567724192355,0.37279277966707125,1.6237675093744381,1.1386190508872813,0.3282213451908335,1648,0.930908203125,283,0.038664805894403756,,0.053489016139176705,0.0044900092971622094
97,core,0.7027537720691919,0.20405266932664382,0.3719215927641564,1.6261633960792772,1.1427924605955593,0.33182298173125685,1647,0.930419921875,285,0.03493640946548829,,0.054016403892388466,0.004240745246287717
98,core,0.7031114685834943,0.2040738364507414,0.37243108781602696,1.624983574044046,1.1425445871701645,0.33161663212460585,1646,0.93017578125,286,0.033029846653428264,,0.05536988151349289,0.004414966798843379
99,core,0.7011744869799789,0.20140917400296993,0.3784710990309565,1.6094809120402507,1.1285269528038913,0.3241642210675736,1645,0.928955078125,291,0.03474532042434459,,0.05823127685201687,0.004439741740689811
100,core,0.6989283697951008,0.19984064923799036,0.37815482889491436,1.6104358487649568,1.1255793024368808,0.321830545573323,1644,0.92919921875,290,0.03635057137729594,,0.06106488074072311,0.0038155288488897323
101,core,0.6961846677991724,0.20055733590427555,0.37567707908740644,1.6169880643530883,1.1257222984168815,0.32429881837566665,1643,0.929443359375,289,0.037503685068180435,,0.06362025812854609,0.002134053099825581
102,core,0.6902765234610412,0.20106182777849083,0.37090053630873465,1.6294946154459136,1.1248018781484914,0.3276291657367644,1642,0.929931640625,287,0.03908261402055922,,0.06831815303199126,0.0012608817079176446
103,core,0.6893678347595513,0.20290884172309082,0.36578625375659835,1.6424393116761467,1.1322448320141532,0.33326545833267746,1641,0.930419921875,285,0.04079295951388632,,0.06693036400347144,0.0
104,core,0.6815062429119089,0.20735218299513897,0.36572910844309015,1.642281386878821,1.1192250177759444,0.34053063066160794,1640,0.9296875,288,0.04369862641387959,,0.06744294767907263,0.0
105,core,0.6765962055346924,0.20856666403675025,0.3580608896523151,1.661823021477621,1.124383150601956,0.3466008838090602,1639,0.930908203125,283,0.049936006916715084,,0.06490112351184225,0.0
106,core,0.6690687753237983,0.20980512999652004,0.3588360631134633,1.6594997619075034,1.110319473349588,0.3481715632761978,1638,0.930419921875,285,0.055324236049028794,,0.06580185863065285,0.0
107,core,0.6650214221249954,0.21364955125370025,0.35948865858191725,1.6574907874871119,1.1022668806537577,0.3541221629537637,1637,0.930419921875,285,0.05791749121906978,,0.06341153540223467,0.0
108,core,0.6632783550007353,0.21387725883976377,0.3584942441764306,1.6597399920635534,1.100869611664847,0.3549806398892841,1636,0.93017578125,286,0.05476463488884714,,0.06807975127065377,0.0
109,core,0.6596817022396643,0.21278145747023053,0.355476305867451,1.6672187772353544,1.0998337209725502,0.3547532413418743,1635,0.93017578125,286,0.05324412799504521,,0.07429271229505988,0.0
110,core,0.6536935203949119,0.2138438869899099,0.3497337207002367,1.681737220386152,1.0993407239733775,0.3596292241029815,1634,0.931884765625,279,0.05199219531119951,,0.08047039730397859,0.0
111,core,0.6516299385418053,0.21991044399900633,0.3496701064046774,1.6815616802337938,1.0957559343450018,0.3697929757119287,1633,0.93115234375,282,0.05006957566780275,,0.07839004179138566,0.0
112,core,0.6498101339987844,0.2255584528728807,0.34795818467442696,1.6856433418792323,1.0953481258607027,0.38021110428975197,1632,0.930908203125,283,0.05008396521377047,,0.07454744791456443,0.0
113,core,0.6503220823013285,0.2307673203791257,0.34633557943750437,1.6894883907815843,1.0987116083170005,0.3898787087523074,1631,0.9306640625,284,0.04933471006725078,,0.06957588725229488,0.0
114,core,0.6527201634967297,0.23177174782067123,0.3442747788475658,1.6944600512641157,1.1060082416997905,0.39272796769378826,1630,0.930908203125,283,0.05080626315481123,,0.06470182552778778,0.0
115,core,0.6582407701051687,0.23184520233823194,0.34535298896959826,1.6913156368705966,1.1132929073046154,0.3921234160480791,1629,0.9306640625,284,0.04828713797888005,,0.06162688957771953,0.0
116,core,0.662179221191239,0.23433809183312038,0.3466858342349381,1.6872847673527234,1.1172849131734672,0.39539509276052764,1628,0.930419921875,285,0.04584074359569015,,0.057641943379950475,0.0
117,core,0.670538811083702,0.23868526258840658,0.3460910689824527,1.6882266300765627,1.132021477371383,0.40295481650856513,1627,0.93115234375,282,0.03936932168963604,,0.05140660463825531,0.0
118,core,0.678068995629249,0.2345658188413626,0.348269790378602,1.682003160101067,1.1405141934149534,0.3945404485428663,1626,0.931396484375,281,0.03853796846735618,,0.04882721706203205,0.0
119,core,0.6813400879478314,0.2349630703650853,0.3534067771408511,1.6681452791672715,1.1365742512175885,0.3919525366081645,1625,0.9306640625,284,0.03836567540515566,,0.04533116628192752,0.0
120,core,0.6837173432645642,0.23918847993935957,0.354256240431825,1.6653479094433061,1.1386272482557733,0.39833203502993464,1624,0.930908203125,283,0.03632010300701227,,0.04070884079259387,6.52329964700582e-05
121,core,0.6870328523496262,0.24202407000534942,0.3569356820585051,1.6578279352686234,1.1389822550724937,0.4012342642622772,1623,0.9306640625,284,0.03290087496765924,,0.03801481293954548,2.7389737819729664e-05
122,core,0.6896405711229544,0.24162147792543387,0.35654738153963483,1.6582122578726448,1.1435704485623746,0.4006596964612591,1622,0.931396484375,281,0.031023697748986397,,0.03695981279593733,0.0007544404066881647
123,core,0.6910999165398048,0.2400572996517294,0.358303201819826,1.6530657611265536,1.1424336095493701,0.3968305027627712,1621,0.931640625,280,0.03096114212273629,,0.03637478265025087,0.0015068590354785627
124,core,0.6910193455798989,0.23877448833554477,0.36463816755790546,1.6361242038274568,1.1305934766162822,0.39066471962230154,1620,0.930419921875,285,0.03397791451599357,,0.03179457855090486,0.004433673017658154
125,core,0.695541869693436,0.23587884267586987,0.3606584475720835,1.6457396120671488,1.1446808068057348,0.3881951550402341,1619,0.931396484375,281,0.03669588634896004,,0.02529487578600467,0.006588525495729279
126,core,0.698596918415318,0.2362487707340298,0.35885918804496614,1.6497296866210274,1.152496075291718,0.3897466105076539,1618,0.931396484375,281,0.03995557124002264,,0.017719866249431917,0.007478873361197529
127,core,0.701983962612051,0.23372509001489958,0.3585615600251129,1.6498468477695598,1.1581660279002768,0.3856106030057387,1617,0.93115234375,282,0.04339685282466766,,0.01232917812264423,0.008564916425737657
128,core,0.7044712676248095,0.23218636765627823,0.3559004425223549,1.656033099152722,1.1666277365887598,0.38450831001083974,1616,0.931884765625,279,0.04462570938776713,,0.00685346954209627,0.011863185789048996
129,core,0.70237167316256,0.2321118528167327,0.3609269503929715,1.6424491553216374,1.1536097613076919,0.3812319165989828,1615,0.93115234375,282,0.048074290520387974,,0.0032005780453661123,0.014241605454953047
130,core,0.6986493005803678,0.23271279927602798,0.36700384599538016,1.626170019985146,1.136122547087385,0.3784305774494977,1614,0.93017578125,286,0.05060517873212239,,0.0016558805579392584,0.016376840853542456
131,core,0.6925379639254944,0.23499912366887546,0.3716292264133061,1.6136238566007608,1.1174957801918948,0.37920019223236995,1613,0.929931640625,287,0.054419568637423386,,0.0018060626825681483,0.01623728108563871
132,core,0.6914334785397978,0.2340845739355293,0.37228025521016167,1.6112819528276208,1.1140942855520002,0.37717624941766126,1612,0.929931640625,287,0.05719443621771229,,0.0036932635835908783,0.013594247723369732
133,core,0.6902579080210336,0.22983008232601163,0.3679510677641807,1.6217123562412905,1.1193997784309744,0.3727182843440461,1611,0.9306640625,284,0.06286595073034842,,0.003861145972662118,0.013184912949944172
134,core,0.6884682379499878,0.22866187821148803,0.36479408760086623,1.6291195033532637,1.1215970338835808,0.3725175254677239,1610,0.931640625,280,0.06309419197149078,,0.006613204417004386,0.0131624874500289
135,core,0.6908561606085377,0.22544328979764036,0.36163947339861174,1.636506031069281,1.1305902734372397,0.3689393034179381,1609,0.9326171875,276,0.05927549301336968,,0.009341315160505,0.015083741419947238
136,core,0.691902395470274,0.2258315109922278,0.3581135955562187,1.6448291514368316,1.1380612300184818,0.3714542525930436,1608,0.93359375,272,0.05705370411637472,,0.010115479220140455,0.015096910200982885
137,core,0.6900541992804639,0.22714514202792274,0.36477695498895435,1.6270380874008437,1.1227444646002065,0.3695737974475044,1607,0.931396484375,281,0.05641813032123584,,0.011095103146599488,0.015287425223778217
138,core,0.6861419988350461,0.2274594186933557,0.368023376395634,1.617441736717746,1.1097947062307427,0.3679023572041902,1606,0.9306640625,284,0.05906148175984976,,0.012630635631527888,0.01470646508022051
139,core,0.6855085862550696,0.22608478882959493,0.3617009595381131,1.6323072907375251,1.1189606632073237,0.3690398491314016,1605,0.931884765625,279,0.05920582149098652,,0.013879988748370473,0.015320814675978562
140,core,0.6848534788686911,0.22811718474314965,0.3610844630305354,1.6325443523272933,1.118053679098781,0.37241142162123075,1604,0.93115234375,282,0.05853328064685482,,0.01377409856910681,0.014721957172197417
141,core,0.6857480446856624,0.2256310944422622,0.3586456831276022,1.6374077471509978,1.1228491609619522,0.36945010203791856,1603,0.931640625,280,0.057843824728319185,,0.01673024181117116,0.014046794332585093
142,core,0.684529398690666,0.22444744011822595,0.3645311976616537,1.6210019466025765,1.1096234877842608,0.3638297373416095,1602,0.93017578125,286,0.056999321742945086,,0.02082820262182202,0.013195636826340925
143,core,0.6821731766744428,0.22392684115794828,0.3628349003556052,1.6239202017480807,1.1077948026922901,0.3636393210700258,1601,0.931640625,280,0.05757638797267325,,0.02361673746894278,0.01270685672599302
144,core,0.6846709011722377,0.2259555193244115,0.36882088503382054,1.6072422392431465,1.1004319923446904,0.3631652548483152,1600,0.93017578125,286,0.05012063805407251,,0.02919236857871562,0.01006057287056284
145,core,0.68573158103171,0.22515083967659819,0.3665785635193723,1.6114979551881827,1.1050550406405601,0.3628301177477403,1599,0.93115234375,282,0.04374546473421049,,0.03487752149634995,0.010494593061131543
146,core,0.683754007548074,0.22240088645234127,0.3688021998540379,1.604363107642856,1.0969897044130847,0.35681177733120417,1598,0.93115234375,282,0.044925708874534884,,0.03915051117172239,0.009768885953327469
147,core,0.6798295465606151,0.22149989660970948,0.3700001531327881,1.5998133670789323,1.0876003959228815,0.3543584954028147,1597,0.930908203125,283,0.047267690733430484,,0.04311061504655913,0.008292251049685829
148,core,0.6787436244019913,0.22042716165485268,0.3681103730980824,1.603071313189946,1.0880744332894037,0.3533604594967772,1596,0.931640625,280,0.04862581562648394,,0.04533819138097112,0.0068652069357007395
149,core,0.678612820785808,0.21797819632258567,0.3623414283579061,1.616118175201228,1.0967185135965178,0.35227852487451217,1595,0.932861328125,275,0.04989405603229712,,0.047038395531535236,0.006476531327774088
150,core,0.6780049533738138,0.21649576145599123,0.35953696718536265,1.6215945651786905,1.099449147555208,0.3510683501612576,1594,0.93212890625,278,0.05215444246160551,,0.04819698493825908,0.0051478577703303495
151,core,0.6754010273706678,0.218794500994306,0.3587173828922669,1.6219981863060122,1.0954992414244404,0.35488428378649334,1593,0.931640625,280,0.04915830023128424,,0.050047932126281454,0.006598239277460521
152,core,0.6550716343315023,0.24344177573745068,0.34164070736996455,1.7392418278042683,1.1393279866374513,0.4234041189975205,1592,0.93212890625,278,0.04397629055680708,,0.04053139194769824,0.01697890742654179
153,core,0.6594104088972145,0.2415313710702034,0.338227369911402,1.7516706748142368,1.1550698759325155,0.423083419751351,1591,0.9326171875,276,0.039213466116759056,,0.040695704276004864,0.019149049639818196
154,core,0.6688390701850118,0.24175105696364546,0.3429488368914604,1.7511294912980768,1.1712238207333583,0.42333740540152087,1590,0.931396484375,281,0.036906769400286615,,0.03491851822711562,0.01758458522394062
155,core,0.6695730291279604,0.24720414731133833,0.3569571267983627,1.7209272142450933,1.1522864477508294,0.42542034458233513,1589,0.9287109375,292,0.03921365524304618,,0.02489386780921825,0.019115300508436982
156,core,0.6766177822616322,0.2509015381586408,0.35557583469928394,1.7230564977902763,1.1658506662463517,0.432317525629821,1588,0.928955078125,291,0.036987484036697355,,0.015568361115879552,0.019924834427150165
157,core,0.6830336206497852,0.2452369676295882,0.35125602710399123,1.7348587312311194,1.1849668405086842,0.4254514945128345,1587,0.930419921875,285,0.03318719724281184,,0.015622783335687345,0.022919431142127383
158,core,0.6850795340764939,0.2437324859344529,0.35379661968808385,1.7279782547838085,1.1838025376816046,0.4211644356791351,1586,0.929931640625,287,0.03213850931234672,,0.01717434916755098,0.021875121509155472
159,core,0.6879553822594202,0.2450980708993496,0.35983659222064596,1.7105800243959557,1.176802734568648,0.4192598640984111,1585,0.929931640625,287,0.030911821573665902,,0.016406556384770635,0.019628168882793652
160,core,0.6879864580465191,0.24535624630694466,0.36070795353629187,1.7075683231525214,1.1747838825181371,0.4189625540813465,1584,0.9296875,288,0.027868210846875408,,0.018031824371118412,0.02075726042854238
161,core,0.6870695839898262,0.24444552650264292,0.354005706411887,1.7250100473716627,1.1852019356259187,0.4216709892521151,1583,0.931396484375,281,0.028463452531741044,,0.014602906367829923,0.025418530607959944
162,core,0.6805442516525074,0.24529134544060266,0.3598277862635975,1.708228674429897,1.1625252048912489,0.4190137098711266,1582,0.930419921875,285,0.031139664197958293,,0.015227631191193847,0.02779710751773778
163,core,0.6811521496368336,0.2431691575537751,0.36258303725545976,1.7003137162313617,1.158172342867985,0.41346385395310886,1581,0.930419921875,285,0.03209638289484394,,0.01510841226318252,0.028473897651364943
164,core,0.6805803005703664,0.24009990939516124,0.3567210737339359,1.716785918783578,1.1684106766207,0.4122001435508257,1580,0.93115234375,282,0.03247149073097646,,0.016155332178781574,0.030692967124714296
165,core,0.6808189485177694,0.23909626898679653,0.35234726465884914,1.729925773359799,1.1777662460326073,0.4136187980344265,1579,0.93115234375,282,0.030255914108608183,,0.017990523266943413,0.03183834511988255
166,core,0.681080487576021,0.24171873041840666,0.3456743133887099,1.7485083834624955,1.1908749423393967,0.42264722657649495,1578,0.930419921875,285,0.028687910920556524,,0.01582437349817592,0.03268849758684004
167,core,0.6800481250296099,0.24484169625351407,0.33664226928291313,1.7764182907183312,1.2080499278713055,0.4349412675552443,1577,0.931640625,280,0.022912991966878793,,0.017858295800588304,0.03433889094940904
168,core,0.6753681853222467,0.24850950543521572,0.34138269056708503,1.7676762197476341,1.1938322807682487,0.43928434313907627,1576,0.929931640625,287,0.018151193907003368,,0.023033367856187113,0.03493774747934705
169,core,0.669349160499486,0.25188906975412784,0.3419344061915428,1.767119555642751,1.1828199910717,0.4451181010151803,1575,0.9296875,288,0.015147804274959223,,0.028214910262122316,0.035399055209304725
170,core,0.6767567863875095,0.24888815895467006,0.33768114044311043,1.7829790276657365,1.20664315695939,0.4437623676505129,1574,0.931396484375,281,0.014014276224547323,,0.029382795065799546,0.030957983367473737
171,core,0.6753658416572924,0.2511272729883695,0.3450956548396161,1.7640340132519476,1.191368316071993,0.44299705120669086,1573,0.930419921875,285,0.013269916351254954,,0.03416984689898359,0.02606712210409952
172,core,0.684618180999169,0.2518278721826329,0.34252291412900615,1.7739853152562515,1.2145025996499723,0.4467389472242191,1572,0.931884765625,279,0.012602059331038794,,0.03367752159234155,0.01727436589481766
173,core,0.6820528171868033,0.24984740006212863,0.3461130836853632,1.7660937619137074,1.2045692257292837,0.4412539346800838,1571,0.931640625,280,0.012036094197672638,,0.04047533922404813,0.015588349329347311
174,core,0.6804766351567545,0.24754186586403273,0.35357693500386506,1.7460194981825068,1.1881254730413173,0.43221292441507986,1570,0.929931640625,287,0.012808297245895817,,0.04452535393773201,0.014647847795584906
175,core,0.6757447577058479,0.2412700882845295,0.3566744620040849,1.7409632276058833,1.1764467744133285,0.4200423516245909,1569,0.9296875,288,0.018445732830837273,,0.04980910281639157,0.014730318362393817
176,core,0.6676858551816834,0.2332882590912463,0.35152307364312846,1.7577328144292532,1.1736133373831033,0.41005842822575717,1568,0.93017578125,286,0.021414211858458324,,0.06189139543280749,0.01572027843580445
177,core,0.6765468384528812,0.2315128665511732,0.34834920037696965,1.7682582871364372,1.1963095537302637,0.4093745448578241,1567,0.930419921875,285,0.020708917798349574,,0.0561940767762222,0.015037300421373747
178,core,0.6778060500759485,0.23409608464941062,0.34624531037186157,1.7748495100213315,1.2030037358667913,0.4154853211379186,1566,0.93017578125,286,0.021888197133311207,,0.05299558158303582,0.013214086558293897
179,core,0.6756744465259023,0.2381792588557655,0.349947552868581,1.7648039163663896,1.192432909417605,0.420339688825899,1565,0.92919921875,290,0.02292025538681041,,0.055705424121395244,0.0075206151101265715
180,core,0.6779377267842105,0.23750303676767412,0.3463301451125851,1.775813478474536,1.2038909527897885,0.421761093870669,1564,0.929931640625,287,0.024983548592670983,,0.05485687758803574,0.00471881026740866
181,core,0.6828168168838024,0.23512508706124374,0.33632808923538027,1.8035116923892827,1.2314681130099694,0.42405084368900114,1563,0.9306640625,284,0.025303145171704473,,0.05176986231588214,0.004985088567367306
182,core,0.6882908468185162,0.2317408842267124,0.33073032450065265,1.8182825884318055,1.2515072625470909,0.421370414817222,1562,0.932373046875,277,0.030897415402772035,,0.044766587599812925,0.004304265952186368
183,core,0.6846284700619395,0.2290004116408488,0.3359799183779355,1.8035248899497156,1.2347444861249015,0.4130079422030014,1561,0.93212890625,278,0.038737700984885735,,0.04114978881451378,0.006483628497812193
184,core,0.6864283203271129,0.23092241682553669,0.3383221775475532,1.7971343991050488,1.233603946979754,0.41499861880164646,1560,0.931884765625,279,0.03923966991573322,,0.03522268150996369,0.008186911421653585
185,core,0.6862893448354606,0.2324048190664347,0.3424097098576536,1.7856823946692049,1.225494800721745,0.4150011938432144,1559,0.931640625,280,0.03976327192654363,,0.030328711923630406,0.011213852247930589
186,core,0.6810405547184969,0.23034772592375521,0.3436190025648262,1.7820444238992235,1.2136445229853314,0.41048988054029456,1558,0.931640625,280,0.044201281171183965,,0.030661800590717415,0.01374863759584649
187,core,0.686155442174335,0.23181215821754497,0.34150263588098245,1.7874302898800698,1.226455020908459,0.41434807316051103,1557,0.93212890625,278,0.03957503385614974,,0.026491140644083228,0.015966225107886995
188,core,0.6893755594316116,0.2318823236066886,0.33900858285524743,1.7938340810501363,1.2366253731514285,0.41595841487877455,1556,0.9326171875,276,0.03762030301092833,,0.02396802402435916,0.01715378992641251
189,core,0.6935083805457883,0.22982186485616882,0.3380598387604053,1.796037421919837,1.2455670038752589,0.41276866965708264,1555,0.932861328125,275,0.03497698441079186,,0.02312425144005986,0.018568518747191082
190,core,0.6955596754344475,0.22898875965537827,0.342253615203103,1.7842846040735578,1.2410764200920856,0.4085811183589917,1554,0.931396484375,281,0.0283055039720892,,0.025188267828506295,0.021957793109578648
191,core,0.6934093844749091,0.2273034541901061,0.3431879476606922,1.7813718189594243,1.2352199365056036,0.4049119676463895,1553,0.93115234375,282,0.02696397533355027,,0.028451503492702798,0.023871682508731656
192,core,0.6912392309480578,0.2241577174971492,0.34232906693353465,1.7833176295361133,1.2326991067766564,0.39974440940924183,1552,0.93115234375,282,0.024726634691678438,,0.03370766091431649,0.02616875594879812
193,core,0.6919700953561606,0.2169981924749895,0.33695846051960743,1.7974886489526707,1.2438083918173959,0.3900517878170405,1551,0.931640625,280,0.024510658100095742,,0.0394065822716803,0.027114471797073835
194,core,0.6966345390661396,0.2150831417041565,0.32655672207094527,1.8252844962906298,1.2715562237379936,0.39258792396607745,1550,0.933349609375,273,0.022950897975752622,,0.03762927436926697,0.02770214688468446
195,core,0.699631860204352,0.21400578144248375,0.31820089710004024,1.8475186858127608,1.2925829349174816,0.3953796800869505,1549,0.933837890625,271,0.02291784551224526,,0.03346127387508768,0.029983238965831313
196,core,0.7004653718806862,0.20941187574489278,0.3129323244676132,1.8613735435161907,1.3038277113679393,0.3897937252096433,1548,0.9345703125,268,0.021786070911929804,,0.03589371064449495,0.03244297081799606
197,core,0.6976267433014247,0.20518438165336184,0.3080652459897336,1.8741290475256847,1.3074425439519444,0.38454200975516156,1547,0.934814453125,267,0.021923707186225435,,0.04100302276797456,0.03426214509101361
198,core,0.6992452029651985,0.20404615737618112,0.3030820172562219,1.8871875096654565,1.3196068132294096,0.38507335959556105,1546,0.935546875,264,0.020309119025108333,,0.040496764394687385,0.03590275623882464
199,core,0.6952964655576849,0.20822964374821684,0.3031912563077067,1.8864474161081832,1.311640220880447,0.39281427340595115,1545,0.93505859375,266,0.017828641897990802,,0.039584687239276224,0.03906056155683129
200,core,0.6912497088588041,0.2094117156885501,0.30662527479903834,1.876702917832664,1.297270345566297,0.3930035778610462,1544,0.93408203125,270,0.016335276112100602,,0.04432686944110006,0.038676429899445156
1,blue_wing,0.464588517134699,0.32809853973337505,0.309712244564805,1.8187445542495673,0.8449678355056156,0.5967274323973112,1743,0.940185546875,245,0.0,0.20731294313192594,,0.0
2,blue_wing,0.46579116984316843,0.33292687464038695,0.30851707679238943,1.8222227145307737,0.848775249916083,0.6066669132474525,1742,0.94091796875,242,0.0,0.2012819555164447,,0.0
3,blue_wing,0.4615699944935292,0.34115863394299417,0.31318585791695974,1.8102458743012613,0.8355551782331672,0.6175810095775595,1741,0.9384765625,252,0.0,0.1972713715634765,,0.0
4,blue_wing,0.4639237900289748,0.3443102850696107,0.31244624000902915,1.812521717067304,0.8408719444916889,0.6240698690983038,1740,0.93896484375,250,0.0,0.19176592490141445,,0.0
5,blue_wing,0.46729461740443035,0.34890507613511795,0.31299570081236844,1.8113989484651705,0.8464569785898193,0.6320062880253129,1739,0.93798828125,254,0.0,0.18380030646045162,,0.0
6,blue_wing,0.47978352863392315,0.35291913427902877,0.30616156617779244,1.8291058046542525,0.8775748372018086,0.6455264370833251,1738,0.939208984375,249,0.0,0.1672973370870481,,0.0
7,blue_wing,0.4891065540144441,0.3643172943647837,0.3048379545105586,1.8322784833163794,0.8961794149696864,0.6675307395646328,1737,0.9384765625,252,0.0,0.1465761516207723,,0.0
8,blue_wing,0.5038962953868099,0.37275425812581214,0.30024477968297186,1.844062597677455,0.9292163114310468,0.6873821855348177,1736,0.939453125,248,0.0,0.12334944648737792,,0.0
9,blue_wing,0.5174245557396614,0.3775926075603371,0.2959565442126428,1.8550353190407392,0.9598408258360356,0.7004476232331145,1735,0.940185546875,245,0.0,0.10498283670000144,,0.0
10,blue_wing,0.5255211893817539,0.3901976057931065,0.304054077934489,1.8333717283046453,0.9634756912375388,0.7153772589132423,1734,0.9375,256,0.0,0.0842812048251398,,0.0
11,blue_wing,0.5328894976569025,0.4011094176976077,0.3098126075603894,1.8178727641910004,0.968725304113907,0.7291658858929927,1733,0.937255859375,257,0.0013029052196546905,0.06469817942583513,,0.0
12,blue_wing,0.5390017640923547,0.4087458282196711,0.31182889846650524,1.8128899129063594,0.9771508611617629,0.7410111889219972,1732,0.937255859375,257,0.002070944451372547,0.048669499367610135,,0.00151196386899158
13,blue_wing,0.5384760138693903,0.40573624634993904,0.3139346282724209,1.807669034086493,0.9733864158700256,0.7334368485332736,1731,0.936767578125,259,0.0018055216726842766,0.04527806717286476,,0.008704150935121741
14,blue_wing,0.5402451914521891,0.3984399000713496,0.3102809246831413,1.8176235930915272,0.9819624060377479,0.7242137627987155,1730,0.938720703125,251,0.001287988996477899,0.04332459691092529,,0.016702322569058025
15,blue_wing,0.5375429382859911,0.39406688231377246,0.31055673592857796,1.8172238090617707,0.976835825846325,0.7161077209033301,1729,0.938232421875,253,0.0004991730859518521,0.043031029242370664,,0.024859977071914018
16,blue_wing,0.5407064218050938,0.3910869127084829,0.3131996440634509,1.8105830242428558,0.9789938684193998,0.7080953251535267,1728,0.9384765625,252,0.0,0.0415293309734964,,0.026677334512927076
17,blue_wing,0.5387637725434459,0.38541982181729667,0.31929622042375466,1.794832880419452,0.9669909337398035,0.6917641689630906,1727,0.93798828125,254,0.0,0.043988945082466084,,0.03182746055679123
18,blue_wing,0.5387924070928098,0.38026664816211686,0.3203922719557745,1.7922639136537317,0.9656581881830739,0.6815381910670222,1726,0.937744140625,255,0.0,0.045149840386813266,,0.03579110435825999
19,blue_wing,0.53842829422806,0.3743018181459828,0.32165126816185907,1.7892636538044622,0.9633901770422028,0.6697246387615345,1725,0.9375,256,0.00041344572492964325,0.04697887207596605,,0.03987756982506139
20,blue_wing,0.5388057896703083,0.36792432699187594,0.32260053824037704,1.787078844571496,0.9628884280524472,0.6575097811703869,1724,0.9365234375,260,0.0010160670941851834,0.04708340860273007,,0.04517040764090029
21,blue_wing,0.5419933416497518,0.35923713591174083,0.31768971615352515,1.8003552102527536,0.9757805365614314,0.6467544493549792,1723,0.937255859375,257,0.0032252289873212566,0.0470984910062568,,0.04844580244492926
22,blue_wing,0.5474592990353035,0.3536795499314052,0.3149812520944557,1.8078235049775826,0.9897097888145729,0.6393902035958869,1722,0.93798828125,254,0.0047680039126766,0.043273715674902846,,0.050819431445711875
23,blue_wing,0.5535933157428546,0.3489066984732052,0.3141823766503605,1.8102533982121098,1.002144181051012,0.6316095365700877,1721,0.9375,256,0.006936401070863613,0.040977192571931144,,0.04958639214114534
24,blue_wing,0.5593910634832838,0.3474953152504733,0.31635370170878374,1.804842158762479,1.009612574609609,0.6271741949365124,1720,0.936767578125,259,0.008551576450046706,0.03525152952844,,0.04931051528775632
25,blue_wing,0.5598146672846179,0.34104490298127693,0.31883958775633914,1.7985978077864728,1.0068814333448275,0.613402614858875,1719,0.936767578125,259,0.010670678830712231,0.03404154988946314,,0.05442820101392978
26,blue_wing,0.5609172568633629,0.3363797361003737,0.32557889860962663,1.7811175339519387,0.9990595612955592,0.5991318460345015,1718,0.93603515625,262,0.014637264910110505,0.03273177279356015,,0.05533396933259271
27,blue_wing,0.561038548336559,0.33226882927047524,0.32935186463250293,1.7714658626753268,0.9938606360231356,0.5886028882837433,1717,0.9365234375,260,0.014635434116225194,0.03165807198549337,,0.060399116291247196
28,blue_wing,0.5637344221831728,0.32817690072457384,0.33465218320540413,1.757775096791449,0.9909183285176982,0.5768611834358555,1716,0.935791015625,263,0.017432043868269617,0.030405612778400214,,0.06025102044558341
29,blue_wing,0.5640207192353868,0.32055449449314166,0.33900545443453667,1.7465813520499003,0.9851080703862991,0.5598745023975037,1715,0.935302734375,265,0.020397232431390598,0.03311247731668382,,0.06191507652339715
30,blue_wing,0.565573774444227,0.3145425540556341,0.34435307705245893,1.7327551922996602,0.9800008942967511,0.5450252437390966,1714,0.9345703125,268,0.021489179328928687,0.0341934311622542,,0.06420106100895608
31,blue_wing,0.568013155230053,0.31025335237074575,0.3485734435369585,1.721903246628802,0.978063696118498,0.5342262547246568,1713,0.933837890625,271,0.023362268853382783,0.034306796890183386,,0.0640644266556351
32,blue_wing,0.5755659044205355,0.3062930955718962,0.34693113907952455,1.7265463079040577,0.9937411872327353,0.5288292132961621,1712,0.934814453125,267,0.02538710952885169,0.03186034400287566,,0.060893546475840964
33,blue_wing,0.5821137293982301,0.305828605932604,0.34871009303332773,1.7221438918451712,1.002483603442375,0.5266808656583579,1711,0.9345703125,268,0.027134642500481743,0.02762667434587827,,0.05729634782280592
34,blue_wing,0.5858462030644586,0.30690029229193283,0.35761176057890237,1.6989021492688017,0.9952953735271756,0.5213935661859881,1710,0.93408203125,270,0.02694352047346919,0.026520734763159533,,0.053789249406979975
35,blue_wing,0.5903334155723178,0.30679003662451226,0.3676741566811115,1.6725814490885584,0.9873807196633455,0.5131313240233586,1709,0.93310546875,274,0.027411163172418675,0.02611285198786395,,0.04935253264288729
36,blue_wing,0.5944885183749546,0.30556781843337055,0.3756589804591432,1.6517474098636595,0.981944870419516,0.5047208526350088,1708,0.931640625,280,0.025378817465737943,0.025722426265936293,,0.04884241946000052
37,blue_wing,0.60246419831442,0.30208849954604694,0.37597365089201606,1.6512011251237317,0.9947895621035374,0.49880887033737265,1707,0.9326171875,276,0.022370414660069546,0.02566600752050089,,0.04741087995896257
38,blue_wing,0.6097902082072191,0.29823368186810295,0.37596359285886893,1.6515134659328294,1.0070767402482061,0.4925369415998995,1706,0.932861328125,275,0.0202767194642846,0.0263159460525615,,0.04538344440783184
39,blue_wing,0.614441173943224,0.29512836434475276,0.3752837407335723,1.6535982497684762,1.016038849818203,0.48802374673751636,1705,0.9326171875,276,0.019706928390884174,0.02603089316825581,,0.04469264015288354
40,blue_wing,0.619600654202897,0.29287787602320803,0.3732184686688183,1.6593509491703693,1.028134933658159,0.485987181570112,1704,0.931884765625,279,0.019321074092813115,0.02530115247180512,,0.04289924320927678
41,blue_wing,0.6247128652837863,0.292629855748481,0.37434876396622263,1.6566435905729895,1.034926564220872,0.48478337493601953,1703,0.931396484375,281,0.017629579317823232,0.024324587626094213,,0.040703112023815186
42,blue_wing,0.6297124314290563,0.29091214602501225,0.373002177270688,1.660494298566496,1.0456339021243937,0.48305795985827676,1702,0.931884765625,279,0.016711046164194297,0.024050877123675037,,0.03861349925806215
43,blue_wing,0.6343309216658453,0.293149266654802,0.3760274071026955,1.6527657541909515,1.0484004241536922,0.48450706879324823,1701,0.9306640625,284,0.015592587283067848,0.02299805637047499,,0.033929168025809926
44,blue_wing,0.6384773852317267,0.29504304657453984,0.37654221914501573,1.6516846470317343,1.0545632946642092,0.4873180702406364,1700,0.930419921875,285,0.014181721541942763,0.021862373410418294,,0.030435473241372316
45,blue_wing,0.6384275051878295,0.2919002999205757,0.37532292626800273,1.6551974034041452,1.056723548848682,0.4831526184814281,1699,0.93017578125,286,0.014076204929479467,0.023009087329785214,,0.03258690263233001
46,blue_wing,0.6440951940703238,0.28824824635341717,0.3726086583197261,1.6626726436436816,1.0709194590830955,0.47926247379009135,1698,0.931640625,280,0.013266518431379288,0.022172928024602447,,0.03221711312027708
47,blue_wing,0.6476298506982306,0.28694539564381005,0.376103916910393,1.6536909301432121,1.0709796101896667,0.47451899822252425,1697,0.93115234375,282,0.013700641281209337,0.02129607575536444,,0.030428036621385563
48,blue_wing,0.6472011446598858,0.2876895501960661,0.3790915482960348,1.6460512954013335,1.0653262825526308,0.4735517567736616,1696,0.9306640625,284,0.014436436323815164,0.02006869433383676,,0.030604174486396164
49,blue_wing,0.6491579404436683,0.28503017824673277,0.38133893277487174,1.6403712165916577,1.064860000525715,0.46755530025593006,1695,0.931396484375,281,0.01587819936569933,0.02071090919826102,,0.0292227727456387
50,blue_wing,0.6518796074084656,0.280755219526439,0.38632344240520927,1.6274299309714586,1.0608883844864607,0.45690944753378937,1694,0.931396484375,281,0.018578264755406436,0.020529970172288633,,0.028256938137400114
51,blue_wing,0.6573442977682072,0.2786464125591224,0.39179866919311823,1.6131820986598029,1.060416053815771,0.44950740459615035,1693,0.930908203125,283,0.018612078736243834,0.021129646756740596,,0.024267564179685962
52,blue_wing,0.666064199660122,0.2753500422719085,0.3930640506907469,1.6100968566027536,1.0724278741683912,0.44334023752743523,1692,0.930419921875,285,0.01792706247478799,0.021808347455629228,,0.018850348137552115
53,blue_wing,0.6727420277620295,0.27201814466465585,0.3911373039576298,1.6154795623641762,1.086800996592992,0.4394397532979734,1691,0.930908203125,283,0.016487390279122733,0.022305037963067244,,0.016447399331124768
54,blue_wing,0.6777368251215244,0.26556101100374224,0.38847854210784194,1.6228060274980942,1.0998354048646317,0.43095400932536065,1690,0.930419921875,285,0.0151681072049701,0.027429600016123146,,0.014104456653639925
55,blue_wing,0.6779641133391058,0.2604077328026716,0.38842619745511886,1.623216475754382,1.1004825187422478,0.4226981222991414,1689,0.93017578125,286,0.012986956409254062,0.03247921261639923,,0.016161984832569278
56,blue_wing,0.6786833028489885,0.25484114249194056,0.3874438160397502,1.6260953238472957,1.1036037451359781,0.4143959901300469,1688,0.930419921875,285,0.011760487657090589,0.037596381118276956,,0.01711868588370349
57,blue_wing,0.6753306731249816,0.2503652559352308,0.39094111807857657,1.6170807339623638,1.0920642205642426,0.4048608318264181,1687,0.9296875,288,0.014023987246923764,0.041910157066030095,,0.018369926626833576
58,blue_wing,0.6731489695834284,0.24785609531884611,0.39114801981907604,1.616800145372701,1.088347351879971,0.40073377094302043,1686,0.93017578125,286,0.014720306832128983,0.04416976931021235,,0.020104858955384153
59,blue_wing,0.6716673434816153,0.2456834975044037,0.3934297579637902,1.611008218232681,1.0820616102673952,0.3957981335637427,1685,0.929931640625,287,0.015245136824476736,0.04604278325440606,,0.02136123893509803
60,blue_wing,0.6727650901843527,0.2448197892973081,0.3971472157676325,1.6013999436522752,1.0773659775124402,0.3920543967856711,1684,0.929443359375,289,0.015508355175342917,0.04676688100592117,,0.020139884337075108
61,blue_wing,0.6730388897705927,0.24494856392808897,0.39904230618254205,1.5966295481754458,1.074593778478925,0.391092114950729,1683,0.9296875,288,0.014943849799404269,0.04526343939666579,,0.021805257105248357
62,blue_wing,0.675947071361978,0.244734416200393,0.3943671297333653,1.6093157709850736,1.0878122822940042,0.3938549556941173,1682,0.929931640625,287,0.013804928088510415,0.043386849632253116,,0.022126734716865326
63,blue_wing,0.6782385247663869,0.24530685518395395,0.38736136990973175,1.6281994900871701,1.1043076201821056,0.3994084965254011,1681,0.93115234375,282,0.013943826896306062,0.04045542301645885,,0.022055370136894323
64,blue_wing,0.6815742359317177,0.2430732925721075,0.3877889978634941,1.6273299369415006,1.1091461583797138,0.3955604458735306,1680,0.930908203125,283,0.01656173686321585,0.03909888153741926,,0.019691853095539776
65,blue_wing,0.6872693551421146,0.24044328207382454,0.38645207242706686,1.6311506135999227,1.1210398303484834,0.3921992070906982,1679,0.931396484375,281,0.0169656426271083,0.03948459888783992,,0.015837121269112592
66,blue_wing,0.6862609228864482,0.24335482388184557,0.3934958493223485,1.6126876957247052,1.1067245463956559,0.39245533016950496,1678,0.9296875,288,0.017045307910045243,0.03993674438081017,,0.013402200940850739
67,blue_wing,0.6901058923624368,0.24220619918446593,0.3905494678331387,1.6207861536615877,1.1185140749013116,0.39256445396918294,1677,0.929931640625,287,0.01864627318907092,0.038142744471892344,,0.010898890792133993
68,blue_wing,0.6910548610209226,0.24341516759520515,0.3919607631386586,1.6172958094134244,1.1176401308039146,0.39367433049939166,1676,0.929443359375,289,0.01721029324495387,0.0377598417435617,,0.01055983639535683
69,blue_wing,0.6905378770982626,0.24448331012306165,0.394767086536389,1.6100925034493394,1.111829859263734,0.39364074484762157,1675,0.928955078125,291,0.01593264749424856,0.03892221817091877,,0.010123947113508478
70,blue_wing,0.6880146884138014,0.24313655826878286,0.3997386326950281,1.5970946539329507,1.098824580693027,0.38831209738673045,1674,0.928955078125,291,0.01656146082457201,0.04272473470706478,,0.009562557785778806
71,blue_wing,0.68613160051297,0.24415239331375277,0.40296101937643997,1.5887469476117733,1.0900894859749617,0.3878963696293338,1673,0.927978515625,295,0.017581344940393876,0.043841984350359575,,0.008292676882523867
72,blue_wing,0.6888367432589274,0.24689190394952312,0.3987447090533036,1.6001936338855387,1.1022721713493828,0.3950748529579068,1672,0.9287109375,292,0.01840579536941718,0.03871634003746356,,0.007149217384668727
73,blue_wing,0.6914352981809609,0.24656356813215496,0.3925314611166968,1.6169582540409921,1.1180220125289995,0.3986829966370865,1671,0.93115234375,282,0.021833937131976427,0.033905304682481936,,0.006261891872425785
74,blue_wing,0.6886389412359221,0.24893649273654148,0.3965283727209539,1.6065456367701714,1.106329886352601,0.39992783623876016,1670,0.930419921875,285,0.02641985855481641,0.02990572368978266,,0.006098983782937393
75,blue_wing,0.6908908117151387,0.253653005307936,0.40336990961016217,1.5885553804948593,1.0975183162845443,0.4029418463606128,1669,0.92919921875,290,0.027273386889946814,0.02351907241355544,,0.004663723673423127
76,blue_wing,0.6906070374791456,0.25903616967402854,0.4085698305330277,1.5749308122107277,1.0876583024554753,0.4079640450966736,1668,0.92919921875,290,0.028272763217645686,0.017599229064210176,,0.004484800564969842
77,blue_wing,0.6929199122360724,0.26489543496918133,0.4123085938286613,1.5651931686790785,1.0845535130736073,0.4146125252280357,1667,0.929443359375,289,0.027479149382228844,0.009971688542612774,,0.004733814869904695
78,blue_wing,0.6930030826320763,0.26708515639977803,0.41795637263011354,1.5503670879799716,1.0744091711814359,0.4140800361701992,1666,0.9287109375,292,0.025959665091705605,0.007754628387851059,,0.0061974674885888585
79,blue_wing,0.6915696750495136,0.2630228635556688,0.4215419035065234,1.5410300316331709,1.0657296382180936,0.4053261317454394,1665,0.92822265625,294,0.02885829134109433,0.009085691267243106,,0.00746347878648034
80,blue_wing,0.6957499484101997,0.25863680501048064,0.4207845201023897,1.543260896748854,1.0737236892964936,0.3991440676327328,1664,0.927978515625,295,0.030809205820155137,0.009132312907371308,,0.005671727851793241
81,blue_wing,0.7015279922401305,0.2539208954259841,0.41499885418655436,1.5588908170105384,1.0936055449789797,0.39583495212665987,1663,0.929443359375,289,0.03062500933777889,0.008956623197423255,,0.0049694797986832556
82,blue_wing,0.7056710104848005,0.24671236533418886,0.414111544365306,1.5614695082983352,1.1018837657620908,0.3852338357894951,1662,0.929443359375,289,0.03231170409134854,0.011745608916946785,,0.003559311172715173
83,blue_wing,0.7095793947024188,0.24101698530112448,0.41341302579178646,1.563544913876512,1.109459253578541,0.3768408815254232,1661,0.92919921875,290,0.031866155005851764,0.013881482491011805,,0.0036559824995932495
84,blue_wing,0.711190798187326,0.23208421250560204,0.4076833932506196,1.5790323499621084,1.122993277333161,0.36646847946182615,1660,0.930419921875,285,0.031564506909176684,0.01670900503184684,,0.0084514773660485
85,blue_wing,0.7104790909660453,0.2262114266463862,0.4094596422847985,1.5745108769380816,1.118657056563119,0.356172351742416,1659,0.929443359375,289,0.031822709922059246,0.01981900830598861,,0.011667764159520604
86,blue_wing,0.7083562496389522,0.22237858151473572,0.4122433243168409,1.5673009881565982,1.1102074500260317,0.3485341705529079,1658,0.928955078125,291,0.03139339843881945,0.023721135821052883,,0.014150634586439899
87,blue_wing,0.7093003278245905,0.215185268488976,0.4126667163204833,1.5663831173899814,1.1110360586636179,0.33706257167216236,1657,0.9287109375,292,0.034350697552231184,0.027354705346014963,,0.013809000788187253
88,blue_wing,0.707109044764265,0.20920777185512535,0.41681543650325764,1.5555276434751089,1.0999276660820922,0.32542847235048133,1656,0.927734375,296,0.03839702927428183,0.03236877464908508,,0.012917379457242875
89,blue_wing,0.7077175536547422,0.20339392797529135,0.41434586532167683,1.5623237932028538,1.105683972942121,0.3177671730687852,1655,0.927734375,296,0.03930266158962675,0.03972575502525212,,0.009860101755087733
90,blue_wing,0.708954050932268,0.1984537243639444,0.4097806057394218,1.5747122825610291,1.11639865177444,0.3125075172758842,1654,0.928466796875,293,0.040602833790458495,0.04304824623833364,,0.008941144674995322
91,blue_wing,0.709718336005696,0.1937616791507868,0.40010950223266173,1.600619170537339,1.1359887742925776,0.31013865816425434,1653,0.929931640625,287,0.04142687569721335,0.045788384803999126,,0.009304724342304739
92,blue_wing,0.7116530370659181,0.19152977624311296,0.3955219963090105,1.6129633364331224,1.1478702570486077,0.3089305069153809,1652,0.92919921875,290,0.042823424239585225,0.04503246286049473,,0.008961299590889177
93,blue_wing,0.7132750634647523,0.19139477617787376,0.3890745210790421,1.6302712218424271,1.1628318092244165,0.31202539561376014,1651,0.930419921875,285,0.04395888219052592,0.042435002797643014,,0.00893627536920507
94,blue_wing,0.7089717266353581,0.1936194821216851,0.3919500545093447,1.6226997713644489,1.1504482587150542,0.31418628937056137,1650,0.929443359375,289,0.046012004150963445,0.04209204490869703,,0.009304742183296296
95,blue_wing,0.7073285634140102,0.19616509054227613,0.39249069820041915,1.621357609182232,1.1468325484832422,0.3180537622066409,1649,0.9296875,288,0.0465633408386893,0.040646996663346056,,0.009296008541678245
96,blue_wing,0.7044264165533097,0.20014613849858234,0.3919140090441643,1.6229962028719847,1.1432813992687407,0.3248364228026895,1648,0.9296875,288,0.04703146932551031,0.037589865402953546,,0.010806110219644047
97,blue_wing,0.7044421398022536,0.2029175851334721,0.3867284161814518,1.6369357407269574,1.1531265159164847,0.3321630475269856,1647,0.930908203125,283,0.04484169728492466,0.03587581667112737,,0.011922761108222227
98,blue_wing,0.7044036099288074,0.20485357035531532,0.3851925472058243,1.641133288686843,1.1560202129253478,0.33619201361646023,1646,0.931396484375,281,0.04458916873868533,0.03525600696293123,,0.010897644014260665
99,blue_wing,0.7034894835492068,0.2113799236090171,0.3918398155357253,1.6234851252154368,1.1421047122876269,0.3431721617484146,1645,0.929931640625,287,0.04493808214122731,0.03052301286282948,,0.009669497837719324
100,blue_wing,0.7030112815779255,0.2158281085109862,0.39305450324713076,1.6204622717585675,1.139203258417667,0.3497413070270673,1644,0.93017578125,286,0.04561121530250454,0.027015147586341912,,0.00853424702224188
101,blue_wing,0.704731259089904,0.2143724291770664,0.39459244690035356,1.6165745991765528,1.139250652690449,0.34654902377142005,1643,0.9296875,288,0.04588619990011267,0.031173760763124322,,0.0038363510697925454
102,blue_wing,0.7070445150611173,0.21303119380491556,0.3943377849983976,1.617472346460835,1.1436249508281686,0.34457206491298964,1642,0.929443359375,289,0.0462095249350773,0.031145394001177835,,0.002569372197711917
103,blue_wing,0.7080206956865288,0.21055089630737878,0.3957884161046454,1.613814753261146,1.1426142443131404,0.33979014277320563,1641,0.92919921875,290,0.04675467860058586,0.03298193255748384,,0.0016917968480225775
104,blue_wing,0.7027031909587417,0.2096609483254006,0.3960322716160159,1.6133789967267704,1.1337265692257148,0.3382625704620181,1640,0.929931640625,287,0.04919747980857755,0.036917271582577675,,0.0015211093247023586
105,blue_wing,0.7011941105707751,0.2089657272485362,0.39608111171483296,1.6135293385882616,1.131397269451247,0.3371723316749457,1639,0.929931640625,287,0.05246703044973592,0.03737313173095292,,0.0
106,blue_wing,0.7006305017263923,0.20570778785169624,0.3923776017007944,1.6237062214562952,1.1376181045951888,0.3340090149368109,1638,0.931396484375,281,0.05592430876419741,0.037737401657714,,0.0
107,blue_wing,0.6966049572981782,0.20504979859927636,0.3975927628441964,1.6100491159016745,1.1215681956306556,0.3301402469505813,1637,0.929931640625,287,0.0593133328261789,0.039031911276366446,,0.0
108,blue_wing,0.6973461985705184,0.20414442943321942,0.398704403799569,1.607355969078506,1.1208835747865278,0.32813276720361106,1636,0.929931640625,287,0.0598665141245601,0.03864285787170221,,0.0
109,blue_wing,0.6926719621275325,0.20059833604515806,0.39105481806664555,1.6280853876656964,1.1277290999855623,0.3265912197051748,1635,0.931640625,280,0.06287216662043146,0.04087694304916997,,0.002980592157708043
110,blue_wing,0.6870854018294122,0.19910954146580456,0.3938885791332571,1.620788018050419,1.1136197866624689,0.3227143590872891,1634,0.930908203125,283,0.0686009279563488,0.041027998680455674,,0.004176130067978756
111,blue_wing,0.6828188778678257,0.1975820434227879,0.40097906032194913,1.6021027204049325,1.093945981775887,0.316546729270814,1633,0.93017578125,286,0.07130695369827734,0.04329536030579574,,0.004996764705313214
112,blue_wing,0.6781264308373917,0.19833794457262577,0.40815504874757214,1.583181613518206,1.0735972969424838,0.31400498711037417,1632,0.9296875,288,0.07360929108991625,0.0449416468086535,,0.004984686691412861
113,blue_wing,0.6743654735293036,0.19448444323516498,0.4148098249414587,1.5656478450636162,1.0558188504164594,0.30449414944953324,1631,0.92919921875,290,0.07549526100815564,0.050682235127274086,,0.004972587100101579
114,blue_wing,0.6758209097763082,0.19284758955340467,0.4163464705921598,1.561803075797472,1.0554991755768839,0.3011899585246358,1630,0.92919921875,290,0.07477123527363365,0.05160651745908227,,0.004953747937571212
115,blue_wing,0.681433250505882,0.19271846714887558,0.41484828265134477,1.5660786563362654,1.0671780693351054,0.30181227808369576,1629,0.92919921875,290,0.07000598804391175,0.051486525466164355,,0.004355768835166444
116,blue_wing,0.6878361226419877,0.19511166630734356,0.41172085908618755,1.5747161962256098,1.083146682673363,0.30724550100674053,1628,0.928955078125,291,0.06204109506881681,0.051661262980599504,,0.003349853001252323
117,blue_wing,0.6947079678709206,0.20005811229655673,0.4083833102322298,1.5839185605691037,1.1003608444859958,0.31687575725893424,1627,0.929443359375,289,0.054018647851763406,0.049005260524290196,,0.0022100114564691064
118,blue_wing,0.6986819690656031,0.2010756395026404,0.401047271983023,1.603830215904134,1.1205672532948117,0.3224911863165816,1626,0.930908203125,283,0.04861049797921075,0.04828145607748869,,0.003350437375057209
119,blue_wing,0.704579177711432,0.20442100206507405,0.39801125680450244,1.6122316903732608,1.135944878683504,0.32957401770717015,1625,0.929931640625,287,0.047541374072264116,0.04194857712985984,,0.0015098690213699846
120,blue_wing,0.7056774317267343,0.20574617597489914,0.3959271535370264,1.6180854842338395,1.141846408828445,0.3329149007816054,1624,0.92919921875,290,0.04726062884767561,0.03950909925509419,,0.00180666419559682
121,blue_wing,0.7042468483895766,0.2066190665117704,0.39153459410153446,1.6301250743799403,1.148010446112897,0.3368149211658135,1623,0.9296875,288,0.047902781852541244,0.03733698343788618,,0.0038943198082257067
122,blue_wing,0.7055643077739964,0.20730936461287075,0.39021733426373784,1.6339276511167955,1.1528410321130136,0.3387285031764232,1622,0.93017578125,286,0.047678795546170126,0.035837203145174,,0.003610328921789032
123,blue_wing,0.7065085220824653,0.20700290139195524,0.3890390743775748,1.6373582691416844,1.1568075708507948,0.3389379123304386,1621,0.930908203125,283,0.0478943249317665,0.03592644440633266,,0.0026678071874804174
124,blue_wing,0.7041572079517158,0.20448336802717385,0.3870929800691212,1.6428474299493891,1.156822859363814,0.33593497563083763,1620,0.93115234375,282,0.04945395474928559,0.040629688178257295,,0.0012757810935673558
125,blue_wing,0.7023181125342369,0.20720013594080536,0.39170809321868877,1.630747986131817,1.1453038476391058,0.33789120441170706,1619,0.929443359375,289,0.04411819644624932,0.04449693395338282,,0.00186662112532577
126,blue_wing,0.7010891715841712,0.21009415565489842,0.39104882298090754,1.6322558766054809,1.1443569203427317,0.34292742020817457,1618,0.929931640625,287,0.04096947844348724,0.047019790808415715,,0.0008274035090273114
127,blue_wing,0.7050648167791906,0.20959455572936778,0.3850085403977168,1.6481808794620254,1.1620743497968582,0.3454497391924819,1617,0.931884765625,279,0.03856141999403041,0.045455641478185656,,0.0013235660192253823
128,blue_wing,0.7055607775108376,0.2076882489445319,0.3852865522209616,1.6471667962336225,1.1621762854406301,0.3420971876293356,1616,0.93212890625,278,0.03912496469680528,0.04682232187118885,,0.0008036869766363704
129,blue_wing,0.7032534451076219,0.20578465265138993,0.39041540931908286,1.6331533774768625,1.148520739099752,0.33607790051052044,1615,0.930908203125,283,0.04247937742285249,0.04848252481813555,,0.0
130,blue_wing,0.6995903479608317,0.20455525609121683,0.3933860186566638,1.624922224266372,1.1367799042837998,0.33238638171311735,1614,0.930908203125,283,0.04626440245879239,0.04958999348915907,,0.0
131,blue_wing,0.6972322740140193,0.2020265468193521,0.393596436422431,1.6240825885942787,1.1323627964321639,0.3281077971231366,1613,0.93115234375,282,0.048959180216103355,0.05138155661252726,,0.00040044233799798066
132,blue_wing,0.6957947629396352,0.1987082900718755,0.39265383640567014,1.6263270500778626,1.1315898442712427,0.3231646672186095,1612,0.931640625,280,0.050229011999075084,0.05351923727223751,,0.001748697717176476
133,blue_wing,0.689619027725284,0.19983121783749144,0.39125380109059255,1.6303489333391985,1.124319646262332,0.32579461284922717,1611,0.931640625,280,0.05365906417739926,0.053466051597689496,,0.003424638662135922
134,blue_wing,0.6819096304724233,0.19862137580773728,0.389230687315444,1.6360404461381592,1.1156317360640107,0.32495260428906547,1610,0.93115234375,282,0.05751523105409787,0.0571187870704747,,0.004834975595266917
135,blue_wing,0.6842077050388631,0.20058635652626816,0.3848886470157931,1.6479457631713217,1.1275371886479677,0.3305554363874358,1609,0.931396484375,281,0.05324131545163984,0.05371376133722836,,0.008250861646000678
136,blue_wing,0.6844122681850423,0.20024291375762646,0.37982699928721025,1.6617825206415935,1.13734434418257,0.3327601739647657,1608,0.932861328125,275,0.05343341239625013,0.050721100277653745,,0.011190305383427255
137,blue_wing,0.679236297287453,0.20205181266972944,0.38272181218013784,1.6542998764747257,1.1236605226997836,0.3342542887410278,1607,0.932373046875,277,0.054936046192884565,0.050496885292343585,,0.013278958557589447
138,blue_wing,0.6818326513285109,0.20326938936281996,0.37713437002146666,1.668984954401394,1.1379684364868963,0.33925355253690526,1606,0.93408203125,270,0.05074278691201956,0.046857165904355916,,0.017298006492293735
139,blue_wing,0.6828644837003762,0.20776766255002801,0.37682742328457103,1.6695142967883414,1.1400520183067675,0.3468710830375674,1605,0.934326171875,269,0.05127792505101645,0.042908220144141355,,0.01518170855443782
140,blue_wing,0.6823764312160824,0.20979485369984113,0.3821133734244547,1.6550585254549817,1.129372930053722,0.3472227612125027,1604,0.932373046875,277,0.05060132365921912,0.04215261946661144,,0.015074771958245905
141,blue_wing,0.6825008599690137,0.20936655056802933,0.3833651654029493,1.6514078871740003,1.127087303155867,0.3457495729184578,1603,0.93212890625,278,0.05038899589149467,0.04307624992819035,,0.014667343643271977
142,blue_wing,0.68375529191135,0.21624446134406017,0.38169507061798186,1.6555783040517476,1.1320104265690003,0.35800963857258283,1602,0.93212890625,278,0.04645831075369845,0.04009835046935313,,0.01344358552153836
143,blue_wing,0.6834421173991944,0.2226785894218848,0.3814451606067461,1.655941210117133,1.1317399669310375,0.36874265283445207,1601,0.9326171875,276,0.0449017555625446,0.03714204643502954,,0.011835491181346691
144,blue_wing,0.6841109280676918,0.22706661236637155,0.3850696625544445,1.6459296635295284,1.1259984696513294,0.37373567289097176,1600,0.931396484375,281,0.044191450759624135,0.03384743473620885,,0.010783574070103757
145,blue_wing,0.6867378149844509,0.23208090380728966,0.3860490301256215,1.6429965102150734,1.1283078334521774,0.38130811504293705,1599,0.931396484375,281,0.04231197961405796,0.02936081168491895,,0.009508489909282871
146,blue_wing,0.6925013010427644,0.23648719180345373,0.38754636444120144,1.6386745444585502,1.1347842540232054,0.38752554129880634,1598,0.931884765625,279,0.036349243358582924,0.02661058949856524,,0.008051674296633742
147,blue_wing,0.6949983967563045,0.2402890072267858,0.3860720202426811,1.6422996007540023,1.1413955895175505,0.3946265406341259,1597,0.9326171875,276,0.0327408611371463,0.024420957382046908,,0.007550777497716463
148,blue_wing,0.6953783181672311,0.23926045707878013,0.38158749723234414,1.6539699432008321,1.1501348374021454,0.3957296046047951,1596,0.932861328125,275,0.029507316126257208,0.027322855255780643,,0.008531053371950963
149,blue_wing,0.7022457650720033,0.23827029044792283,0.3768320655150121,1.6663558563796732,1.1701913432455568,0.3970430938891819,1595,0.933349609375,273,0.02752478493801362,0.027097692462224952,,0.004861467079835508
150,blue_wing,0.7044456924520616,0.24048156369252086,0.3746923780371324,1.6717394030953308,1.1776496214128864,0.4020225057427666,1594,0.93408203125,270,0.023995696484776088,0.02868843290883769,,0.002388614461803735
151,blue_wing,0.704293479980631,0.23598402612342295,0.3781799881466191,1.662075103695178,1.1705886587706449,0.3922231746894938,1593,0.93359375,272,0.023511668657082156,0.03458801831814746,,0.0016228069207164808
152,blue_wing,0.7008124616562444,0.2349869053775625,0.38070564552816255,1.6549811175760833,1.1598313910030975,0.38889889127750377,1592,0.93359375,272,0.022015392918015773,0.040506167130729694,,0.0016790729174475773
153,blue_wing,0.6966875327944491,0.23502689277308658,0.3821137108161921,1.6508716971316126,1.1501417296348082,0.387999245343875,1591,0.93359375,272,0.019254538403770494,0.04641140721638178,,0.0026196288123120537
154,blue_wing,0.6923368489810907,0.2390979419400592,0.38679123851967917,1.638026088620098,1.1340658207440595,0.3916486666331904,1590,0.932373046875,277,0.018664733556323816,0.04632511288017719,,0.003575362642348954
155,blue_wing,0.6898425923230045,0.2450846061629743,0.39070746569094583,1.6272147269118928,1.12252202547907,0.39880528048779307,1589,0.931884765625,279,0.018636472356598866,0.042696484256820426,,0.0037398449006019463
156,blue_wing,0.6856151978098719,0.24196532693916603,0.38772758856061923,1.6348167633857402,1.1208552186116088,0.39556897263825985,1588,0.93310546875,274,0.019575890787873248,0.04563502757041628,,0.007208556892672651
157,blue_wing,0.6788486768901535,0.24325082762974037,0.3909882289747615,1.6257519534595994,1.1036395625576314,0.3954655081997147,1587,0.931884765625,279,0.016755178410350687,0.04977339838241294,,0.011371918687342438
158,blue_wing,0.6738793962806167,0.24406543925525678,0.39227546654999507,1.6219534490713037,1.093001011055434,0.3958627809991665,1586,0.93115234375,282,0.016647499616844058,0.052671534776783546,,0.0127361300704989
159,blue_wing,0.672294475636949,0.24216414326390492,0.38908581570054024,1.63009773992838,1.095905705302126,0.39475122262618384,1585,0.931884765625,279,0.013354618066913626,0.05888577198113191,,0.013300991051100504
160,blue_wing,0.6702269735998044,0.24068820178398453,0.3875267096078299,1.6338839228544353,1.0950730768281045,0.39325658331559654,1584,0.93212890625,278,0.012186154073568987,0.06530757915787631,,0.01159109138476564
161,blue_wing,0.6642207060599465,0.23745251909859613,0.3875371907572128,1.6334774854630445,1.0849895687272895,0.38787334381404037,1583,0.93115234375,282,0.011673067340407212,0.07488779982836584,,0.011765907672684275
162,blue_wing,0.6650754408360707,0.23218909876702606,0.3791630576966708,1.655423561242155,1.1009815547635444,0.38437130476251674,1582,0.93359375,272,0.009855521940615442,0.08107339677338318,,0.011806541682904606
163,blue_wing,0.6602440692445697,0.23404271038662033,0.3815831619963173,1.6485790955170816,1.08846457049573,0.3858379198015408,1581,0.933837890625,271,0.006878130771453631,0.08733394779642109,,0.011501141800935269
164,blue_wing,0.6561243832758611,0.23555176877878822,0.38507423403026714,1.6388787135643494,1.0753082852013454,0.38604077979398754,1580,0.9326171875,276,0.002695572458178234,0.09491480044299593,,0.010713475044176534
165,blue_wing,0.6575167741780541,0.23382007336854996,0.3824990116450216,1.645341863726974,1.0818398746578675,0.3847139552929878,1579,0.93359375,272,0.0,0.09831816246207684,,0.010344989991319054
166,blue_wing,0.6536515801992787,0.23085960219274643,0.3802100616270646,1.651034288531489,1.0792011716617997,0.3811571190569637,1578,0.932373046875,277,0.0,0.10558665682478563,,0.009902160783189097
167,blue_wing,0.6539275171061474,0.22657688721252955,0.3693015271675008,1.6796745049966333,1.0983853785989455,0.3805754208723836,1577,0.934326171875,269,0.0,0.11020188652946976,,0.009293709151853397
168,blue_wing,0.6533975535122871,0.22365721031520078,0.367303240946423,1.6845714132708145,1.1006948401478862,0.37676654286888556,1576,0.934326171875,269,0.0,0.11619466275230084,,0.006750573420211178
169,blue_wing,0.6557184355179106,0.21893119055028654,0.3633442081325735,1.6946797852623738,1.1112327774960726,0.37101826298899543,1575,0.934814453125,267,0.0,0.12055389893827546,,0.004796474993527335
170,blue_wing,0.6526946873871038,0.2184125408106214,0.36959413137741837,1.6776099691366322,1.094967114363123,0.36641105584836,1574,0.933837890625,271,0.0,0.12696591950784758,,0.001926852294427178
171,blue_wing,0.6511419806369497,0.213963863155061,0.3695979336408966,1.6771612458999177,1.0920700955028066,0.3588518993067016,1573,0.934326171875,269,0.0026247590808341193,0.13226939712715519,,0.0
172,blue_wing,0.6515578675825695,0.21194877416851796,0.3721494179068231,1.6699311305105278,1.088056766405189,0.35393985605755374,1572,0.933837890625,271,0.004765159502795319,0.13172819874611724,,0.0
173,blue_wing,0.6522725811615626,0.2125867384423916,0.3750411389865196,1.6617947134349391,1.083943127092847,0.3532755180899425,1571,0.933349609375,273,0.0049259911669977926,0.13021468922904808,,0.0
174,blue_wing,0.6550370774569152,0.21170171239534602,0.37045076628326107,1.6735470446303982,1.0962353651013537,0.35429277512242585,1570,0.935546875,264,0.006467359379977321,0.12679385076776148,,0.0
175,blue_wing,0.6516558629999556,0.21321155997264335,0.3723577898350232,1.668019928948519,1.0869749663000716,0.3556411311165714,1569,0.935302734375,265,0.007757657726009359,0.12737491930139186,,0.0
176,blue_wing,0.651317049052285,0.21552149980807098,0.3735296891430854,1.6644433602031206,1.084080337682166,0.35872332933656187,1568,0.93408203125,270,0.009768681678950704,0.12339276946069307,,0.0
177,blue_wing,0.6577003279669589,0.21723538616107976,0.3726801529236367,1.6662322731041286,1.0958815124897168,0.3619646112818291,1567,0.934326171875,269,0.011378303926688451,0.11368598194527295,,0.0
178,blue_wing,0.6618906176472062,0.22231931614027237,0.37490280593995845,1.6598566660162106,1.098643553875302,0.3690181988795964,1566,0.93408203125,270,0.012728535612726447,0.10306153059979498,,0.0
179,blue_wing,0.6633331775562286,0.22297153545495174,0.3739675904590711,1.6618617713494874,1.102368049448478,0.3705478708716811,1565,0.9345703125,268,0.017409656754428224,0.09628563023439153,,0.0
180,blue_wing,0.6695186328354273,0.2219082968965376,0.3731037551932959,1.663670419563556,1.113858344794934,0.3691822694024969,1564,0.9345703125,268,0.01699378350855663,0.09157928675947846,,0.0
181,blue_wing,0.6728325888236084,0.22322085103724804,0.3767568465982104,1.653488483582066,1.112520936998544,0.3690931064854775,1563,0.93359375,272,0.0169689159250935,0.08697764421405008,,0.0
182,blue_wing,0.6782021362820162,0.22294815863780837,0.3739596418956996,1.6612000072802688,1.1266293937291791,0.3703614827522498,1562,0.93408203125,270,0.01531536936589145,0.08353433571428409,,0.0
183,blue_wing,0.6824642383604473,0.2219550261601574,0.3717541144239266,1.66734316344663,1.1379020821271033,0.37007519546075635,1561,0.93408203125,270,0.014846141910725984,0.08073459356866929,,0.0
184,blue_wing,0.690066037691084,0.21924256769786338,0.3618954384343076,1.6938024126211073,1.168835519509046,0.3713535901158874,1560,0.93603515625,262,0.013353899727709029,0.07733749488334336,,0.0
185,blue_wing,0.6903166229557113,0.22043358940091667,0.365478020781373,1.6845850248135465,1.1628970454110505,0.37133912367068234,1559,0.9345703125,268,0.013038280122841998,0.0762115075205301,,0.0
186,blue_wing,0.6926166962061088,0.2175019998227557,0.36483065345713017,1.686595636764146,1.168164297771221,0.3668379238885358,1558,0.935791015625,263,0.013614729209522253,0.07626657476161329,,0.0
187,blue_wing,0.6909046666652447,0.2151511740498202,0.36573986287118554,1.684472179613059,1.1638096897624388,0.3624161670980093,1557,0.934814453125,267,0.017490493581838226,0.07645366570309671,,0.0
188,blue_wing,0.693643496367123,0.2161653984586847,0.36426888288308906,1.6886696002909198,1.1713346857546656,0.3650319370119545,1556,0.935546875,264,0.017807173196668233,0.07103790627251336,,0.0013460257050108449
189,blue_wing,0.6914191661776261,0.21229363526151776,0.3622271860017457,1.694383893169205,1.1715294985998517,0.35970691620945366,1555,0.935791015625,263,0.023163371153777392,0.07117705822648666,,0.0019467691805923016
190,blue_wing,0.6921168281450304,0.2124629934622977,0.3653079636375007,1.6864880201329693,1.1672467391990229,0.3583162931957544,1554,0.934814453125,267,0.020062160467470138,0.07281518859019465,,0.0025428293350071712
191,blue_wing,0.6943602352316613,0.21699774238602984,0.365046356163366,1.6874714516206066,1.1717130740939974,0.36617749534254823,1553,0.935302734375,265,0.015004821331876843,0.07053023820257445,,0.003106962847857698
192,blue_wing,0.6969725359223296,0.22223465754040483,0.36947469482276407,1.6759881373518204,1.1681177022658398,0.3724626497461628,1552,0.934326171875,269,0.011242544866212185,0.06587349989819688,,0.0036767617728566573
193,blue_wing,0.698613060646282,0.22621833107836384,0.3693234241783561,1.6766751440088765,1.1713471540655869,0.3792946528382634,1551,0.93505859375,266,0.011322566369841228,0.05964333806740829,,0.00420270383810465
194,blue_wing,0.6990015904952274,0.22828407445114846,0.36955191496590933,1.67635178224194,1.171772562016625,0.38268441506363443,1550,0.935302734375,265,0.012609110114123644,0.05611516333198528,,0.003990061607515414
195,blue_wing,0.704700137631161,0.23036936928609644,0.36409561143444064,1.6911458210293708,1.1917506928337604,0.3895881961613539,1549,0.93603515625,262,0.01304296487641227,0.04811842684565962,,0.0037691013606704687
196,blue_wing,0.7060952153436991,0.22943409203369128,0.35862655180279024,1.7059779469808238,1.2045828658450266,0.39140950129504604,1548,0.93701171875,258,0.015549750584525832,0.04429041125144527,,0.004630530786638284
197,blue_wing,0.707250508103996,0.2302747758164622,0.35331426608621436,1.7203971473830992,1.2167517566273622,0.39616406742892424,1547,0.93798828125,254,0.014345025182130317,0.04282813312844023,,0.005301557768971283
198,blue_wing,0.7074547755844045,0.22889087951722775,0.3495617629253917,1.730670097178005,1.224370825209705,0.39613460069723955,1546,0.9384765625,252,0.01436030284819165,0.0444373848601901,,0.004856657189986164
199,blue_wing,0.7051966484608332,0.23105207681400897,0.35414456366381997,1.7187635369165621,1.212066285730247,0.39712388475676325,1545,0.93701171875,258,0.013448815927815754,0.046107200337959044,,0.004195258459382987
200,blue_wing,0.7049236411802678,0.2331362806538522,0.3507608533040622,1.7280563067181132,1.218147743896258,0.40287262010869335,1544,0.938720703125,251,0.013880083338557357,0.04511020080441474,,0.0029497940229079762
