amplitude,true_delay,seed,recovered_lag,peak_mi,response_width_days,process_timescale_days,noise_scale,null_role
0.0,0,300000,42,0.10691213428478488,5.0,50.0,1.0,calibration
0.0,0,300001,60,0.08500435767198848,5.0,50.0,1.0,calibration
0.0,0,300002,57,0.11936994837152855,5.0,50.0,1.0,calibration
0.0,0,300003,45,0.13665054818840563,5.0,50.0,1.0,calibration
0.0,0,300004,11,0.12355751390134238,5.0,50.0,1.0,calibration
0.0,0,300005,58,0.11545031163187225,5.0,50.0,1.0,calibration
0.0,0,300006,1,0.08062035949820924,5.0,50.0,1.0,calibration
0.0,0,300007,45,0.07036557893724121,5.0,50.0,1.0,calibration
0.0,0,300008,20,0.12491812989354281,5.0,50.0,1.0,calibration
0.0,0,300009,24,0.06663373727865832,5.0,50.0,1.0,calibration
0.0,0,300010,22,0.0932496157330983,5.0,50.0,1.0,calibration
0.0,0,300011,53,0.10936339876714365,5.0,50.0,1.0,calibration
0.0,0,300012,60,0.08979767596263015,5.0,50.0,1.0,calibration
0.0,0,300013,60,0.11086092014266932,5.0,50.0,1.0,calibration
0.0,0,300014,22,0.14983329336696227,5.0,50.0,1.0,calibration
0.0,0,300015,52,0.18156768414228278,5.0,50.0,1.0,calibration
0.0,0,300016,35,0.1331338709367267,5.0,50.0,1.0,calibration
0.0,0,300017,11,0.11402653295946377,5.0,50.0,1.0,calibration
0.0,0,300018,51,0.07828723585773714,5.0,50.0,1.0,calibration
0.0,0,300019,58,0.11067774358115838,5.0,50.0,1.0,calibration
0.0,0,300020,49,0.04888925021767561,5.0,50.0,1.0,calibration
0.0,0,300021,25,0.17527222034115347,5.0,50.0,1.0,calibration
0.0,0,300022,0,0.10689208894985003,5.0,50.0,1.0,calibration
0.0,0,300023,56,0.09568966653459741,5.0,50.0,1.0,calibration
0.0,0,300024,16,0.04162229250682133,5.0,50.0,1.0,calibration
0.0,0,300025,9,0.07630379315462679,5.0,50.0,1.0,calibration
0.0,0,300026,60,0.19492445766301353,5.0,50.0,1.0,calibration
0.0,0,300027,56,0.1844295650211661,5.0,50.0,1.0,calibration
0.0,0,300028,55,0.030857043504904202,5.0,50.0,1.0,calibration
0.0,0,300029,26,0.0787356656177878,5.0,50.0,1.0,calibration
0.0,0,300030,0,0.12946716785640824,5.0,50.0,1.0,calibration
0.0,0,300031,41,0.20213022232192301,5.0,50.0,1.0,calibration
0.0,0,300032,60,0.168863857864915,5.0,50.0,1.0,calibration
0.0,0,300033,27,0.04772877866310093,5.0,50.0,1.0,calibration
0.0,0,300034,34,0.13246029214725175,5.0,50.0,1.0,calibration
0.0,0,300035,60,0.09967065494384858,5.0,50.0,1.0,calibration
0.0,0,300036,0,0.07685288638943097,5.0,50.0,1.0,calibration
0.0,0,300037,18,0.06674582839077971,5.0,50.0,1.0,calibration
0.0,0,300038,59,0.09789271837138457,5.0,50.0,1.0,calibration
0.0,0,300039,25,0.05294824896815044,5.0,50.0,1.0,calibration
0.0,0,300040,27,0.16667301393888062,5.0,50.0,1.0,calibration
0.0,0,300041,37,0.093530136723621,5.0,50.0,1.0,calibration
0.0,0,300042,38,0.3184867177904649,5.0,50.0,1.0,calibration
0.0,0,300043,5,0.10486397369936107,5.0,50.0,1.0,calibration
0.0,0,300044,0,0.06800158967306058,5.0,50.0,1.0,calibration
0.0,0,300045,46,0.07703531911044201,5.0,50.0,1.0,calibration
0.0,0,300046,43,0.12367330100513324,5.0,50.0,1.0,calibration
0.0,0,300047,3,0.09742737861623042,5.0,50.0,1.0,calibration
0.0,0,300048,58,0.09869238630433111,5.0,50.0,1.0,calibration
0.0,0,300049,53,0.09861621516010867,5.0,50.0,1.0,calibration
0.0,0,300050,58,0.12266404231244123,5.0,50.0,1.0,calibration
0.0,0,300051,22,0.11639165499826919,5.0,50.0,1.0,calibration
0.0,0,300052,31,0.06479142244056302,5.0,50.0,1.0,calibration
0.0,0,300053,52,0.07445094383942209,5.0,50.0,1.0,calibration
0.0,0,300054,60,0.08663058336501893,5.0,50.0,1.0,calibration
0.0,0,300055,41,0.15998499708233088,5.0,50.0,1.0,calibration
0.0,0,300056,41,0.13655792634228753,5.0,50.0,1.0,calibration
0.0,0,300057,27,0.09699044486965686,5.0,50.0,1.0,calibration
0.0,0,300058,42,0.15154987943195697,5.0,50.0,1.0,calibration
0.0,0,300059,60,0.13271399984780669,5.0,50.0,1.0,calibration
0.0,0,300060,40,0.10721326006990736,5.0,50.0,1.0,calibration
0.0,0,300061,60,0.0937817367432713,5.0,50.0,1.0,calibration
0.0,0,300062,0,0.10133835124415604,5.0,50.0,1.0,calibration
0.0,0,300063,60,0.1501490967131285,5.0,50.0,1.0,calibration
0.0,0,300064,0,0.06597725043571356,5.0,50.0,1.0,calibration
0.0,0,300065,60,0.06671684898760073,5.0,50.0,1.0,calibration
0.0,0,300066,52,0.231638067674017,5.0,50.0,1.0,calibration
0.0,0,300067,31,0.08291467400348339,5.0,50.0,1.0,calibration
0.0,0,300068,60,0.09451941474546333,5.0,50.0,1.0,calibration
0.0,0,300069,30,0.08557129456184841,5.0,50.0,1.0,calibration
0.0,0,300070,49,0.09154412754334425,5.0,50.0,1.0,calibration
0.0,0,300071,44,0.13103645071044,5.0,50.0,1.0,calibration
0.0,0,300072,33,0.21324285517297165,5.0,50.0,1.0,calibration
0.0,0,300073,60,0.06550495565989015,5.0,50.0,1.0,calibration
0.0,0,300074,60,0.1803680113068206,5.0,50.0,1.0,calibration
0.0,0,300075,49,0.15611011425383942,5.0,50.0,1.0,calibration
0.0,0,300076,52,0.11917732122992636,5.0,50.0,1.0,calibration
0.0,0,300077,60,0.1056807611127125,5.0,50.0,1.0,calibration
0.0,0,300078,37,0.09302131722110497,5.0,50.0,1.0,calibration
0.0,0,300079,47,0.10672471270209437,5.0,50.0,1.0,calibration
0.0,0,300080,0,0.10443552673852113,5.0,50.0,1.0,calibration
0.0,0,300081,0,0.1118545171699255,5.0,50.0,1.0,calibration
0.0,0,300082,8,0.06591514551112246,5.0,50.0,1.0,calibration
0.0,0,300083,54,0.12674825511775833,5.0,50.0,1.0,calibration
0.0,0,300084,47,0.10020156559531085,5.0,50.0,1.0,calibration
0.0,0,300085,23,0.09806926575244683,5.0,50.0,1.0,calibration
0.0,0,300086,7,0.09484247005851644,5.0,50.0,1.0,calibration
0.0,0,300087,38,0.16566898732033547,5.0,50.0,1.0,calibration
0.0,0,300088,56,0.16799303538120536,5.0,50.0,1.0,calibration
0.0,0,300089,39,0.14436969516128345,5.0,50.0,1.0,calibration
0.0,0,300090,58,0.2275715823899822,5.0,50.0,1.0,calibration
0.0,0,300091,25,0.1112219631114484,5.0,50.0,1.0,calibration
0.0,0,300092,28,0.0725701821438065,5.0,50.0,1.0,calibration
0.0,0,300093,60,0.07265452996240059,5.0,50.0,1.0,calibration
0.0,0,300094,59,0.08794654673796602,5.0,50.0,1.0,calibration
0.0,0,300095,44,0.12387912033317156,5.0,50.0,1.0,calibration
0.0,0,300096,23,0.1107495751803198,5.0,50.0,1.0,calibration
0.0,0,300097,60,0.09987156900610422,5.0,50.0,1.0,calibration
0.0,0,300098,38,0.1199911607563301,5.0,50.0,1.0,calibration
0.0,0,300099,34,0.06969992177623409,5.0,50.0,1.0,calibration
0.0,0,300100,5,0.09228828421268294,5.0,50.0,1.0,calibration
0.0,0,300101,0,0.12417908967887865,5.0,50.0,1.0,calibration
0.0,0,300102,30,0.07301099421971921,5.0,50.0,1.0,calibration
0.0,0,300103,56,0.09424230245128404,5.0,50.0,1.0,calibration
0.0,0,300104,44,0.18365676306621723,5.0,50.0,1.0,calibration
0.0,0,300105,37,0.14250755364181017,5.0,50.0,1.0,calibration
0.0,0,300106,13,0.09156107081804717,5.0,50.0,1.0,calibration
0.0,0,300107,8,0.11570382309446009,5.0,50.0,1.0,calibration
0.0,0,300108,0,0.06430566185478322,5.0,50.0,1.0,calibration
0.0,0,300109,45,0.08820260516430209,5.0,50.0,1.0,calibration
0.0,0,300110,1,0.09072052040269395,5.0,50.0,1.0,calibration
0.0,0,300111,60,0.08469378578887632,5.0,50.0,1.0,calibration
0.0,0,300112,9,0.11753883436497599,5.0,50.0,1.0,calibration
0.0,0,300113,33,0.14347643087390638,5.0,50.0,1.0,calibration
0.0,0,300114,56,0.08175520977232673,5.0,50.0,1.0,calibration
0.0,0,300115,13,0.11762133822472588,5.0,50.0,1.0,calibration
0.0,0,300116,57,0.1936458669801278,5.0,50.0,1.0,calibration
0.0,0,300117,18,0.09836373163706327,5.0,50.0,1.0,calibration
0.0,0,300118,0,0.07151817502763683,5.0,50.0,1.0,calibration
0.0,0,300119,27,0.0765569955236007,5.0,50.0,1.0,calibration
0.0,0,300120,28,0.10428910907710079,5.0,50.0,1.0,calibration
0.0,0,300121,53,0.11274311393273234,5.0,50.0,1.0,calibration
0.0,0,300122,34,0.10292529159139338,5.0,50.0,1.0,calibration
0.0,0,300123,48,0.12347556922438714,5.0,50.0,1.0,calibration
0.0,0,300124,31,0.1049418501280642,5.0,50.0,1.0,calibration
0.0,0,300125,60,0.08922152202360341,5.0,50.0,1.0,calibration
0.0,0,300126,27,0.10657708001772767,5.0,50.0,1.0,calibration
0.0,0,300127,0,0.07760815537404947,5.0,50.0,1.0,calibration
0.0,0,300128,57,0.1061824314328981,5.0,50.0,1.0,calibration
0.0,0,300129,59,0.07416498200472434,5.0,50.0,1.0,calibration
0.0,0,300130,60,0.2334550254508553,5.0,50.0,1.0,calibration
0.0,0,300131,52,0.09726995442696884,5.0,50.0,1.0,calibration
0.0,0,300132,0,0.0895189029890881,5.0,50.0,1.0,calibration
0.0,0,300133,13,0.08675617672723127,5.0,50.0,1.0,calibration
0.0,0,300134,29,0.099120854982297,5.0,50.0,1.0,calibration
0.0,0,300135,37,0.1589121484415521,5.0,50.0,1.0,calibration
0.0,0,300136,10,0.14265596332207126,5.0,50.0,1.0,calibration
0.0,0,300137,14,0.09345961844906055,5.0,50.0,1.0,calibration
0.0,0,300138,60,0.07636629740192849,5.0,50.0,1.0,calibration
0.0,0,300139,57,0.08684879473071405,5.0,50.0,1.0,calibration
0.0,0,300140,0,0.1456600905700517,5.0,50.0,1.0,calibration
0.0,0,300141,58,0.14568758096427994,5.0,50.0,1.0,calibration
0.0,0,300142,24,0.06666381705436582,5.0,50.0,1.0,calibration
0.0,0,300143,21,0.1321952839857449,5.0,50.0,1.0,calibration
0.0,0,300144,0,0.07699570057892821,5.0,50.0,1.0,calibration
0.0,0,300145,0,0.089771484278201,5.0,50.0,1.0,calibration
0.0,0,300146,23,0.14110495851484525,5.0,50.0,1.0,calibration
0.0,0,300147,15,0.1376064450635509,5.0,50.0,1.0,calibration
0.0,0,300148,51,0.0687523165177402,5.0,50.0,1.0,calibration
0.0,0,300149,39,0.13931463616423057,5.0,50.0,1.0,calibration
0.0,0,300150,53,0.08951216049020486,5.0,50.0,1.0,calibration
0.0,0,300151,60,0.07742923015947598,5.0,50.0,1.0,calibration
0.0,0,300152,56,0.1193481629988769,5.0,50.0,1.0,calibration
0.0,0,300153,51,0.13115087901657363,5.0,50.0,1.0,calibration
0.0,0,300154,58,0.05500339476050506,5.0,50.0,1.0,calibration
0.0,0,300155,60,0.0742163324643087,5.0,50.0,1.0,calibration
0.0,0,300156,51,0.07729996576044391,5.0,50.0,1.0,calibration
0.0,0,300157,60,0.10668727457538159,5.0,50.0,1.0,calibration
0.0,0,300158,54,0.1723833084919696,5.0,50.0,1.0,calibration
0.0,0,300159,36,0.20088719315367531,5.0,50.0,1.0,calibration
0.0,0,300160,53,0.2702624832620486,5.0,50.0,1.0,calibration
0.0,0,300161,6,0.16755499544485603,5.0,50.0,1.0,calibration
0.0,0,300162,9,0.13158548608559642,5.0,50.0,1.0,calibration
0.0,0,300163,60,0.07609350997064562,5.0,50.0,1.0,calibration
0.0,0,300164,0,0.15416915943287196,5.0,50.0,1.0,calibration
0.0,0,300165,16,0.0796791173708698,5.0,50.0,1.0,calibration
0.0,0,300166,25,0.15775448085113414,5.0,50.0,1.0,calibration
0.0,0,300167,17,0.14743984331168986,5.0,50.0,1.0,calibration
0.0,0,300168,57,0.09942822786494482,5.0,50.0,1.0,calibration
0.0,0,300169,45,0.08490011606084231,5.0,50.0,1.0,calibration
0.0,0,300170,53,0.11825905853172418,5.0,50.0,1.0,calibration
0.0,0,300171,4,0.1916616834337221,5.0,50.0,1.0,calibration
0.0,0,300172,50,0.09110271594589389,5.0,50.0,1.0,calibration
0.0,0,300173,59,0.14810673929555696,5.0,50.0,1.0,calibration
0.0,0,300174,40,0.0874604337038643,5.0,50.0,1.0,calibration
0.0,0,300175,25,0.1056393980878828,5.0,50.0,1.0,calibration
0.0,0,300176,20,0.16928229949751794,5.0,50.0,1.0,calibration
0.0,0,300177,15,0.22988397215616357,5.0,50.0,1.0,calibration
0.0,0,300178,11,0.14235498668963698,5.0,50.0,1.0,calibration
0.0,0,300179,6,0.1301760283869643,5.0,50.0,1.0,calibration
0.0,0,300180,41,0.1287479951440685,5.0,50.0,1.0,calibration
0.0,0,300181,45,0.21305623557829975,5.0,50.0,1.0,calibration
0.0,0,300182,50,0.06097172435256182,5.0,50.0,1.0,calibration
0.0,0,300183,28,0.1584011790956082,5.0,50.0,1.0,calibration
0.0,0,300184,0,0.0778810401185917,5.0,50.0,1.0,calibration
0.0,0,300185,25,0.07546737042528828,5.0,50.0,1.0,calibration
0.0,0,300186,26,0.08246372905688179,5.0,50.0,1.0,calibration
0.0,0,300187,16,0.0648109979369431,5.0,50.0,1.0,calibration
0.0,0,300188,60,0.18530352377449974,5.0,50.0,1.0,calibration
0.0,0,300189,60,0.14171981761062066,5.0,50.0,1.0,calibration
0.0,0,300190,52,0.08287642883149493,5.0,50.0,1.0,calibration
0.0,0,300191,45,0.05968628918107124,5.0,50.0,1.0,calibration
0.0,0,300192,42,0.15186219758170494,5.0,50.0,1.0,calibration
0.0,0,300193,50,0.23416776507975895,5.0,50.0,1.0,calibration
0.0,0,300194,18,0.0719002844827831,5.0,50.0,1.0,calibration
0.0,0,300195,51,0.10578134056187909,5.0,50.0,1.0,calibration
0.0,0,300196,39,0.05928586607477699,5.0,50.0,1.0,calibration
0.0,0,300197,60,0.11792841754988323,5.0,50.0,1.0,calibration
0.0,0,300198,49,0.10264694664052337,5.0,50.0,1.0,calibration
0.0,0,300199,8,0.13178926714532221,5.0,50.0,1.0,calibration
0.0,0,300200,16,0.06675401297348547,5.0,50.0,1.0,evaluation
0.0,0,300201,59,0.10504111594493605,5.0,50.0,1.0,evaluation
0.0,0,300202,35,0.11011814743661962,5.0,50.0,1.0,evaluation
0.0,0,300203,10,0.12748431957889111,5.0,50.0,1.0,evaluation
0.0,0,300204,19,0.04457989267788707,5.0,50.0,1.0,evaluation
0.0,0,300205,0,0.06380355072716015,5.0,50.0,1.0,evaluation
0.0,0,300206,46,0.09712621517699552,5.0,50.0,1.0,evaluation
0.0,0,300207,15,0.1366149932870867,5.0,50.0,1.0,evaluation
0.0,0,300208,41,0.13337221482003042,5.0,50.0,1.0,evaluation
0.0,0,300209,28,0.18651298442390346,5.0,50.0,1.0,evaluation
0.0,0,300210,33,0.09500745849441432,5.0,50.0,1.0,evaluation
0.0,0,300211,55,0.17536645294421704,5.0,50.0,1.0,evaluation
0.0,0,300212,22,0.08395792090478929,5.0,50.0,1.0,evaluation
0.0,0,300213,34,0.18106368866095676,5.0,50.0,1.0,evaluation
0.0,0,300214,60,0.08234567562083343,5.0,50.0,1.0,evaluation
0.0,0,300215,0,0.08686828600638913,5.0,50.0,1.0,evaluation
0.0,0,300216,28,0.0802142993940045,5.0,50.0,1.0,evaluation
0.0,0,300217,34,0.06330041970078194,5.0,50.0,1.0,evaluation
0.0,0,300218,45,0.1550536709621387,5.0,50.0,1.0,evaluation
0.0,0,300219,60,0.06858746554848769,5.0,50.0,1.0,evaluation
0.0,0,300220,60,0.1463808662556493,5.0,50.0,1.0,evaluation
0.0,0,300221,53,0.3508337600806144,5.0,50.0,1.0,evaluation
0.0,0,300222,54,0.13729906122183047,5.0,50.0,1.0,evaluation
0.0,0,300223,12,0.06054056252855515,5.0,50.0,1.0,evaluation
0.0,0,300224,15,0.0875828309446237,5.0,50.0,1.0,evaluation
0.0,0,300225,47,0.10986291892021993,5.0,50.0,1.0,evaluation
0.0,0,300226,56,0.14699057747996241,5.0,50.0,1.0,evaluation
0.0,0,300227,57,0.12443231854122515,5.0,50.0,1.0,evaluation
0.0,0,300228,16,0.07137977201874038,5.0,50.0,1.0,evaluation
0.0,0,300229,1,0.04206652129589958,5.0,50.0,1.0,evaluation
0.0,0,300230,2,0.09401803956351822,5.0,50.0,1.0,evaluation
0.0,0,300231,34,0.17270801492004223,5.0,50.0,1.0,evaluation
0.0,0,300232,22,0.13470849179237987,5.0,50.0,1.0,evaluation
0.0,0,300233,55,0.09072267811305162,5.0,50.0,1.0,evaluation
0.0,0,300234,18,0.08952367690356591,5.0,50.0,1.0,evaluation
0.0,0,300235,60,0.07571245852704453,5.0,50.0,1.0,evaluation
0.0,0,300236,1,0.11180558535104221,5.0,50.0,1.0,evaluation
0.0,0,300237,60,0.2622307092527597,5.0,50.0,1.0,evaluation
0.0,0,300238,60,0.10329584307096598,5.0,50.0,1.0,evaluation
0.0,0,300239,40,0.1268279982262203,5.0,50.0,1.0,evaluation
0.0,0,300240,47,0.07221077975385741,5.0,50.0,1.0,evaluation
0.0,0,300241,1,0.10406161363136798,5.0,50.0,1.0,evaluation
0.0,0,300242,20,0.13249992725302281,5.0,50.0,1.0,evaluation
0.0,0,300243,60,0.1664284223152924,5.0,50.0,1.0,evaluation
0.0,0,300244,58,0.12625389486559097,5.0,50.0,1.0,evaluation
0.0,0,300245,35,0.13821947060603818,5.0,50.0,1.0,evaluation
0.0,0,300246,46,0.17249241992119205,5.0,50.0,1.0,evaluation
0.0,0,300247,11,0.07981615186820466,5.0,50.0,1.0,evaluation
0.0,0,300248,38,0.07798058560989643,5.0,50.0,1.0,evaluation
0.0,0,300249,38,0.17608362088900203,5.0,50.0,1.0,evaluation
0.0,0,300250,58,0.10014950319072871,5.0,50.0,1.0,evaluation
0.0,0,300251,31,0.1469951923554572,5.0,50.0,1.0,evaluation
0.0,0,300252,35,0.14507147822071234,5.0,50.0,1.0,evaluation
0.0,0,300253,60,0.1537344859125876,5.0,50.0,1.0,evaluation
0.0,0,300254,39,0.303746154840908,5.0,50.0,1.0,evaluation
0.0,0,300255,31,0.09958384841071266,5.0,50.0,1.0,evaluation
0.0,0,300256,11,0.05316530042190623,5.0,50.0,1.0,evaluation
0.0,0,300257,18,0.08929611073614398,5.0,50.0,1.0,evaluation
0.0,0,300258,28,0.09916983517187597,5.0,50.0,1.0,evaluation
0.0,0,300259,5,0.0740870064374537,5.0,50.0,1.0,evaluation
0.0,0,300260,8,0.10869736676449045,5.0,50.0,1.0,evaluation
0.0,0,300261,6,0.13728669612170769,5.0,50.0,1.0,evaluation
0.0,0,300262,51,0.1169856684923304,5.0,50.0,1.0,evaluation
0.0,0,300263,40,0.036669201737847164,5.0,50.0,1.0,evaluation
0.0,0,300264,60,0.11036413980863935,5.0,50.0,1.0,evaluation
0.0,0,300265,16,0.07142662500156756,5.0,50.0,1.0,evaluation
0.0,0,300266,8,0.09724869371415025,5.0,50.0,1.0,evaluation
0.0,0,300267,60,0.23416510122512227,5.0,50.0,1.0,evaluation
0.0,0,300268,49,0.11601976900337627,5.0,50.0,1.0,evaluation
0.0,0,300269,27,0.13679349318991546,5.0,50.0,1.0,evaluation
0.0,0,300270,58,0.14784054335845015,5.0,50.0,1.0,evaluation
0.0,0,300271,50,0.06965431562086614,5.0,50.0,1.0,evaluation
0.0,0,300272,47,0.0721754446506878,5.0,50.0,1.0,evaluation
0.0,0,300273,34,0.14321919185329257,5.0,50.0,1.0,evaluation
0.0,0,300274,10,0.05497401946294077,5.0,50.0,1.0,evaluation
0.0,0,300275,35,0.08818635127317614,5.0,50.0,1.0,evaluation
0.0,0,300276,15,0.10516555271619063,5.0,50.0,1.0,evaluation
0.0,0,300277,5,0.058122821140186444,5.0,50.0,1.0,evaluation
0.0,0,300278,27,0.1128515717906857,5.0,50.0,1.0,evaluation
0.0,0,300279,10,0.07147144716651704,5.0,50.0,1.0,evaluation
0.0,0,300280,60,0.11719887450183704,5.0,50.0,1.0,evaluation
0.0,0,300281,60,0.31217021594520566,5.0,50.0,1.0,evaluation
0.0,0,300282,60,0.2673231443142553,5.0,50.0,1.0,evaluation
0.0,0,300283,51,0.11611778817220515,5.0,50.0,1.0,evaluation
0.0,0,300284,32,0.048501562061792916,5.0,50.0,1.0,evaluation
0.0,0,300285,43,0.09064840786541087,5.0,50.0,1.0,evaluation
0.0,0,300286,58,0.11810467595695076,5.0,50.0,1.0,evaluation
0.0,0,300287,11,0.04365286448786463,5.0,50.0,1.0,evaluation
0.0,0,300288,60,0.07253157035184939,5.0,50.0,1.0,evaluation
0.0,0,300289,60,0.08972438802889855,5.0,50.0,1.0,evaluation
0.0,0,300290,60,0.06076509716767599,5.0,50.0,1.0,evaluation
0.0,0,300291,60,0.10911935664509086,5.0,50.0,1.0,evaluation
0.0,0,300292,34,0.14251573825259867,5.0,50.0,1.0,evaluation
0.0,0,300293,0,0.12779190747160646,5.0,50.0,1.0,evaluation
0.0,0,300294,0,0.1502625547647255,5.0,50.0,1.0,evaluation
0.0,0,300295,5,0.08707110201036278,5.0,50.0,1.0,evaluation
0.0,0,300296,40,0.06681755930125441,5.0,50.0,1.0,evaluation
0.0,0,300297,3,0.10127520593808187,5.0,50.0,1.0,evaluation
0.0,0,300298,60,0.04413732936202426,5.0,50.0,1.0,evaluation
0.0,0,300299,5,0.0473774352481185,5.0,50.0,1.0,evaluation
0.0,0,300300,46,0.12985586724073922,5.0,50.0,1.0,evaluation
0.0,0,300301,60,0.10445644417488843,5.0,50.0,1.0,evaluation
0.0,0,300302,50,0.052238692650337024,5.0,50.0,1.0,evaluation
0.0,0,300303,7,0.146841392473892,5.0,50.0,1.0,evaluation
0.0,0,300304,59,0.11109776375839525,5.0,50.0,1.0,evaluation
0.0,0,300305,57,0.2333170209095141,5.0,50.0,1.0,evaluation
0.0,0,300306,60,0.10447694221744694,5.0,50.0,1.0,evaluation
0.0,0,300307,22,0.08868655864595613,5.0,50.0,1.0,evaluation
0.0,0,300308,18,0.23378250683743032,5.0,50.0,1.0,evaluation
0.0,0,300309,59,0.1692482427762804,5.0,50.0,1.0,evaluation
0.0,0,300310,1,0.12251081686682194,5.0,50.0,1.0,evaluation
0.0,0,300311,38,0.046065185629905664,5.0,50.0,1.0,evaluation
0.0,0,300312,32,0.0878369346322876,5.0,50.0,1.0,evaluation
0.0,0,300313,9,0.15258130832773747,5.0,50.0,1.0,evaluation
0.0,0,300314,48,0.10304152110943206,5.0,50.0,1.0,evaluation
0.0,0,300315,21,0.1273743028759894,5.0,50.0,1.0,evaluation
0.0,0,300316,41,0.13050125075741012,5.0,50.0,1.0,evaluation
0.0,0,300317,40,0.07565782564079478,5.0,50.0,1.0,evaluation
0.0,0,300318,60,0.09161581174071787,5.0,50.0,1.0,evaluation
0.0,0,300319,26,0.07804261356836094,5.0,50.0,1.0,evaluation
0.0,0,300320,58,0.03713825066401158,5.0,50.0,1.0,evaluation
0.0,0,300321,58,0.12166550021338908,5.0,50.0,1.0,evaluation
0.0,0,300322,21,0.1431551086367132,5.0,50.0,1.0,evaluation
0.0,0,300323,37,0.09758683534755815,5.0,50.0,1.0,evaluation
0.0,0,300324,5,0.07984660787950859,5.0,50.0,1.0,evaluation
0.0,0,300325,2,0.1760042480905909,5.0,50.0,1.0,evaluation
0.0,0,300326,37,0.1012303154108641,5.0,50.0,1.0,evaluation
0.0,0,300327,32,0.12312211278705153,5.0,50.0,1.0,evaluation
0.0,0,300328,47,0.18047024856454125,5.0,50.0,1.0,evaluation
0.0,0,300329,36,0.06529162401739406,5.0,50.0,1.0,evaluation
0.0,0,300330,2,0.10482333064323625,5.0,50.0,1.0,evaluation
0.0,0,300331,11,0.16097634734076727,5.0,50.0,1.0,evaluation
0.0,0,300332,0,0.10166019180088309,5.0,50.0,1.0,evaluation
0.0,0,300333,0,0.11145248595710622,5.0,50.0,1.0,evaluation
0.0,0,300334,0,0.17571196382893328,5.0,50.0,1.0,evaluation
0.0,0,300335,20,0.16567873074808187,5.0,50.0,1.0,evaluation
0.0,0,300336,31,0.1650912107073239,5.0,50.0,1.0,evaluation
0.0,0,300337,3,0.07495124210896928,5.0,50.0,1.0,evaluation
0.0,0,300338,41,0.06548677245820729,5.0,50.0,1.0,evaluation
0.0,0,300339,37,0.07745288156739336,5.0,50.0,1.0,evaluation
0.0,0,300340,60,0.09328053690344133,5.0,50.0,1.0,evaluation
0.0,0,300341,32,0.04540223919338585,5.0,50.0,1.0,evaluation
0.0,0,300342,60,0.259411379773103,5.0,50.0,1.0,evaluation
0.0,0,300343,9,0.14424076055251872,5.0,50.0,1.0,evaluation
0.0,0,300344,50,0.1353145093706334,5.0,50.0,1.0,evaluation
0.0,0,300345,40,0.17213592292824154,5.0,50.0,1.0,evaluation
0.0,0,300346,55,0.08886377628660692,5.0,50.0,1.0,evaluation
0.0,0,300347,27,0.09028976491794263,5.0,50.0,1.0,evaluation
0.0,0,300348,4,0.08609033700277924,5.0,50.0,1.0,evaluation
0.0,0,300349,29,0.05553271502807494,5.0,50.0,1.0,evaluation
0.0,0,300350,32,0.0884075762632406,5.0,50.0,1.0,evaluation
0.0,0,300351,5,0.08709942127636283,5.0,50.0,1.0,evaluation
0.0,0,300352,25,0.2747998632570136,5.0,50.0,1.0,evaluation
0.0,0,300353,11,0.11061286305055146,5.0,50.0,1.0,evaluation
0.0,0,300354,27,0.4127413713731942,5.0,50.0,1.0,evaluation
0.0,0,300355,22,0.0557084990760277,5.0,50.0,1.0,evaluation
0.0,0,300356,35,0.13112177137915415,5.0,50.0,1.0,evaluation
0.0,0,300357,55,0.14804970222087904,5.0,50.0,1.0,evaluation
0.0,0,300358,60,0.21535926708419673,5.0,50.0,1.0,evaluation
0.0,0,300359,60,0.18978686508014106,5.0,50.0,1.0,evaluation
0.0,0,300360,17,0.1001600788051115,5.0,50.0,1.0,evaluation
0.0,0,300361,60,0.2947170760587205,5.0,50.0,1.0,evaluation
0.0,0,300362,60,0.10052517200665848,5.0,50.0,1.0,evaluation
0.0,0,300363,33,0.13047335113074293,5.0,50.0,1.0,evaluation
0.0,0,300364,25,0.1445849396549671,5.0,50.0,1.0,evaluation
0.0,0,300365,41,0.08111514233909736,5.0,50.0,1.0,evaluation
0.0,0,300366,15,0.20232804275073285,5.0,50.0,1.0,evaluation
0.0,0,300367,10,0.06928781226979444,5.0,50.0,1.0,evaluation
0.0,0,300368,14,0.14268645957928425,5.0,50.0,1.0,evaluation
0.0,0,300369,33,0.1694325714158924,5.0,50.0,1.0,evaluation
0.0,0,300370,33,0.11409440960040695,5.0,50.0,1.0,evaluation
0.0,0,300371,5,0.04763013966300184,5.0,50.0,1.0,evaluation
0.0,0,300372,44,0.1236660848881707,5.0,50.0,1.0,evaluation
0.0,0,300373,1,0.07533689990588927,5.0,50.0,1.0,evaluation
0.0,0,300374,7,0.12138832977047719,5.0,50.0,1.0,evaluation
0.0,0,300375,60,0.0823666621191432,5.0,50.0,1.0,evaluation
0.0,0,300376,40,0.18376018306608888,5.0,50.0,1.0,evaluation
0.0,0,300377,0,0.16000498056280274,5.0,50.0,1.0,evaluation
0.0,0,300378,33,0.09517976901057018,5.0,50.0,1.0,evaluation
0.0,0,300379,25,0.06812805322515983,5.0,50.0,1.0,evaluation
0.0,0,300380,36,0.06612213368701243,5.0,50.0,1.0,evaluation
0.0,0,300381,31,0.19866925039920247,5.0,50.0,1.0,evaluation
0.0,0,300382,60,0.14946399201167893,5.0,50.0,1.0,evaluation
0.0,0,300383,60,0.10883971139868072,5.0,50.0,1.0,evaluation
0.0,0,300384,39,0.2169894506614089,5.0,50.0,1.0,evaluation
0.0,0,300385,58,0.05852051980413803,5.0,50.0,1.0,evaluation
0.0,0,300386,8,0.15615115140450714,5.0,50.0,1.0,evaluation
0.0,0,300387,0,0.08335213550482194,5.0,50.0,1.0,evaluation
0.0,0,300388,60,0.0578860999412237,5.0,50.0,1.0,evaluation
0.0,0,300389,47,0.14133846090295016,5.0,50.0,1.0,evaluation
0.0,0,300390,59,0.10599545088422418,5.0,50.0,1.0,evaluation
0.0,0,300391,60,0.10384478802589667,5.0,50.0,1.0,evaluation
0.0,0,300392,20,0.05508524710523975,5.0,50.0,1.0,evaluation
0.0,0,300393,60,0.10263302475951366,5.0,50.0,1.0,evaluation
0.0,0,300394,0,0.07782244203714445,5.0,50.0,1.0,evaluation
0.0,0,300395,57,0.15296057893351422,5.0,50.0,1.0,evaluation
0.0,0,300396,38,0.070892135608759,5.0,50.0,1.0,evaluation
0.0,0,300397,5,0.07517704960695915,5.0,50.0,1.0,evaluation
0.0,0,300398,50,0.11136817680009786,5.0,50.0,1.0,evaluation
0.0,0,300399,60,0.18447166942630866,5.0,50.0,1.0,evaluation
0.2,10,300400,2,0.16029834328340098,5.0,50.0,1.0,injected
0.2,10,300401,17,0.0826896370464277,5.0,50.0,1.0,injected
0.2,10,300402,60,0.2154950892348976,5.0,50.0,1.0,injected
0.2,10,300403,3,0.06092283240746242,5.0,50.0,1.0,injected
0.2,10,300404,36,0.10871675575441711,5.0,50.0,1.0,injected
0.2,10,300405,33,0.12741607328292942,5.0,50.0,1.0,injected
0.2,10,300406,27,0.1299257194128487,5.0,50.0,1.0,injected
0.2,10,300407,60,0.2388653036268291,5.0,50.0,1.0,injected
0.2,10,300408,9,0.08893204851064654,5.0,50.0,1.0,injected
0.2,10,300409,20,0.32644946300313854,5.0,50.0,1.0,injected
0.2,10,300410,0,0.08919991793018024,5.0,50.0,1.0,injected
0.2,10,300411,43,0.11546602362296496,5.0,50.0,1.0,injected
0.2,10,300412,60,0.08052777500934283,5.0,50.0,1.0,injected
0.2,10,300413,12,0.13531953572431105,5.0,50.0,1.0,injected
0.2,10,300414,55,0.13493115614968526,5.0,50.0,1.0,injected
0.2,10,300415,60,0.2212476570636419,5.0,50.0,1.0,injected
0.2,10,300416,36,0.19849883394234988,5.0,50.0,1.0,injected
0.2,10,300417,41,0.0956970739302202,5.0,50.0,1.0,injected
0.2,10,300418,58,0.06273112567285083,5.0,50.0,1.0,injected
0.2,10,300419,13,0.1977395818737412,5.0,50.0,1.0,injected
0.2,10,300420,8,0.06830612138378461,5.0,50.0,1.0,injected
0.2,10,300421,31,0.2803014732985358,5.0,50.0,1.0,injected
0.2,10,300422,52,0.11703576277641294,5.0,50.0,1.0,injected
0.2,10,300423,21,0.09757503633388348,5.0,50.0,1.0,injected
0.2,10,300424,11,0.07117905046441658,5.0,50.0,1.0,injected
0.2,10,300425,29,0.114911648694646,5.0,50.0,1.0,injected
0.2,10,300426,0,0.08164249980217006,5.0,50.0,1.0,injected
0.2,10,300427,30,0.16985005392272734,5.0,50.0,1.0,injected
0.2,10,300428,8,0.08231844385917383,5.0,50.0,1.0,injected
0.2,10,300429,4,0.14415156386341638,5.0,50.0,1.0,injected
0.2,10,300430,19,0.07199347616822002,5.0,50.0,1.0,injected
0.2,10,300431,23,0.25479148949570324,5.0,50.0,1.0,injected
0.2,10,300432,26,0.20141452846450142,5.0,50.0,1.0,injected
0.2,10,300433,25,0.12346680986625871,5.0,50.0,1.0,injected
0.2,10,300434,56,0.11610560988878756,5.0,50.0,1.0,injected
0.2,10,300435,58,0.11413103586044596,5.0,50.0,1.0,injected
0.2,10,300436,31,0.12878278689103229,5.0,50.0,1.0,injected
0.2,10,300437,17,0.14369192668570055,5.0,50.0,1.0,injected
0.2,10,300438,44,0.08258376745703741,5.0,50.0,1.0,injected
0.2,10,300439,8,0.14131304687664747,5.0,50.0,1.0,injected
0.2,10,300440,43,0.07245153050397711,5.0,50.0,1.0,injected
0.2,10,300441,19,0.09853577323348672,5.0,50.0,1.0,injected
0.2,10,300442,12,0.2971936343090137,5.0,50.0,1.0,injected
0.2,10,300443,33,0.16528232626791245,5.0,50.0,1.0,injected
0.2,10,300444,12,0.12868131145316286,5.0,50.0,1.0,injected
0.2,10,300445,36,0.12953119244698466,5.0,50.0,1.0,injected
0.2,10,300446,49,0.1440041624797467,5.0,50.0,1.0,injected
0.2,10,300447,52,0.09036729808615138,5.0,50.0,1.0,injected
0.2,10,300448,28,0.09127950527835466,5.0,50.0,1.0,injected
0.2,10,300449,0,0.15948643988727657,5.0,50.0,1.0,injected
0.2,10,300450,34,0.25310572562810907,5.0,50.0,1.0,injected
0.2,10,300451,13,0.12155039049256272,5.0,50.0,1.0,injected
0.2,10,300452,21,0.19468967784323105,5.0,50.0,1.0,injected
0.2,10,300453,9,0.10933472393660695,5.0,50.0,1.0,injected
0.2,10,300454,44,0.09473080234522284,5.0,50.0,1.0,injected
0.2,10,300455,59,0.05253790522117409,5.0,50.0,1.0,injected
0.2,10,300456,43,0.11899736643729389,5.0,50.0,1.0,injected
0.2,10,300457,58,0.11774058599192322,5.0,50.0,1.0,injected
0.2,10,300458,0,0.07953885075982473,5.0,50.0,1.0,injected
0.2,10,300459,56,0.12698214491472964,5.0,50.0,1.0,injected
0.2,10,300460,39,0.15516799777589665,5.0,50.0,1.0,injected
0.2,10,300461,3,0.1230105972368122,5.0,50.0,1.0,injected
0.2,10,300462,4,0.0906423659483759,5.0,50.0,1.0,injected
0.2,10,300463,41,0.06502866015267744,5.0,50.0,1.0,injected
0.2,10,300464,60,0.14696666781626777,5.0,50.0,1.0,injected
0.2,10,300465,18,0.25750903801256175,5.0,50.0,1.0,injected
0.2,10,300466,60,0.11473682753547332,5.0,50.0,1.0,injected
0.2,10,300467,37,0.1629446750047736,5.0,50.0,1.0,injected
0.2,10,300468,0,0.15422974571897569,5.0,50.0,1.0,injected
0.2,10,300469,6,0.19381532012843167,5.0,50.0,1.0,injected
0.2,10,300470,11,0.09624714012068027,5.0,50.0,1.0,injected
0.2,10,300471,36,0.14517673570950493,5.0,50.0,1.0,injected
0.2,10,300472,11,0.05835359151608199,5.0,50.0,1.0,injected
0.2,10,300473,2,0.1670444392105968,5.0,50.0,1.0,injected
0.2,10,300474,56,0.10610849797926994,5.0,50.0,1.0,injected
0.2,10,300475,16,0.06920002070098112,5.0,50.0,1.0,injected
0.2,10,300476,57,0.12643326257034515,5.0,50.0,1.0,injected
0.2,10,300477,60,0.08601748172959617,5.0,50.0,1.0,injected
0.2,10,300478,1,0.2264498944885523,5.0,50.0,1.0,injected
0.2,10,300479,4,0.038821814068718666,5.0,50.0,1.0,injected
0.2,10,300480,19,0.10175289523214065,5.0,50.0,1.0,injected
0.2,10,300481,60,0.0946506389485379,5.0,50.0,1.0,injected
0.2,10,300482,37,0.10936721166948515,5.0,50.0,1.0,injected
0.2,10,300483,58,0.06578272491878248,5.0,50.0,1.0,injected
0.2,10,300484,6,0.2612066197773799,5.0,50.0,1.0,injected
0.2,10,300485,12,0.07072610313769669,5.0,50.0,1.0,injected
0.2,10,300486,26,0.14085372778809496,5.0,50.0,1.0,injected
0.2,10,300487,31,0.11003433659261289,5.0,50.0,1.0,injected
0.2,10,300488,32,0.1541791010193842,5.0,50.0,1.0,injected
0.2,10,300489,3,0.12034600602096787,5.0,50.0,1.0,injected
0.2,10,300490,12,0.07902026324397463,5.0,50.0,1.0,injected
0.2,10,300491,60,0.12984183494856097,5.0,50.0,1.0,injected
0.2,10,300492,51,0.18484678084053022,5.0,50.0,1.0,injected
0.2,10,300493,29,0.0826494868804871,5.0,50.0,1.0,injected
0.2,10,300494,39,0.08723079295811692,5.0,50.0,1.0,injected
0.2,10,300495,20,0.14903685086733723,5.0,50.0,1.0,injected
0.2,10,300496,60,0.06008563413370582,5.0,50.0,1.0,injected
0.2,10,300497,32,0.09479385112806374,5.0,50.0,1.0,injected
0.2,10,300498,54,0.12570497289891794,5.0,50.0,1.0,injected
0.2,10,300499,57,0.08113844421318356,5.0,50.0,1.0,injected
0.2,10,300500,15,0.10236880033376326,5.0,50.0,1.0,injected
0.2,10,300501,37,0.217454723274421,5.0,50.0,1.0,injected
0.2,10,300502,15,0.15598087943934963,5.0,50.0,1.0,injected
0.2,10,300503,55,0.08603078823022133,5.0,50.0,1.0,injected
0.2,10,300504,54,0.1043203114183121,5.0,50.0,1.0,injected
0.2,10,300505,9,0.17786897021181988,5.0,50.0,1.0,injected
0.2,10,300506,7,0.11510799774044098,5.0,50.0,1.0,injected
0.2,10,300507,48,0.07708872544895856,5.0,50.0,1.0,injected
0.2,10,300508,60,0.10142541531055,5.0,50.0,1.0,injected
0.2,10,300509,21,0.1956484842500153,5.0,50.0,1.0,injected
0.2,10,300510,25,0.3580126142474482,5.0,50.0,1.0,injected
0.2,10,300511,5,0.2869585726047006,5.0,50.0,1.0,injected
0.2,10,300512,14,0.12957608948404714,5.0,50.0,1.0,injected
0.2,10,300513,9,0.3553819525225343,5.0,50.0,1.0,injected
0.2,10,300514,1,0.07419337276658941,5.0,50.0,1.0,injected
0.2,10,300515,58,0.11037052268408402,5.0,50.0,1.0,injected
0.2,10,300516,59,0.12025306431045506,5.0,50.0,1.0,injected
0.2,10,300517,51,0.04646059157983218,5.0,50.0,1.0,injected
0.2,10,300518,57,0.09843576039839122,5.0,50.0,1.0,injected
0.2,10,300519,15,0.1565597864645218,5.0,50.0,1.0,injected
0.2,10,300520,5,0.1576451148287058,5.0,50.0,1.0,injected
0.2,10,300521,0,0.06879072897291434,5.0,50.0,1.0,injected
0.2,10,300522,16,0.22503605424243175,5.0,50.0,1.0,injected
0.2,10,300523,37,0.10536872407586681,5.0,50.0,1.0,injected
0.2,10,300524,11,0.299773556884829,5.0,50.0,1.0,injected
0.2,10,300525,47,0.12479473181958413,5.0,50.0,1.0,injected
0.2,10,300526,13,0.2184809012377788,5.0,50.0,1.0,injected
0.2,10,300527,49,0.0889422462507101,5.0,50.0,1.0,injected
0.2,10,300528,43,0.14003017263252202,5.0,50.0,1.0,injected
0.2,10,300529,56,0.0732428157207562,5.0,50.0,1.0,injected
0.2,10,300530,58,0.24464045367314016,5.0,50.0,1.0,injected
0.2,10,300531,5,0.16701809075932578,5.0,50.0,1.0,injected
0.2,10,300532,54,0.11488686662101807,5.0,50.0,1.0,injected
0.2,10,300533,56,0.12477266898063386,5.0,50.0,1.0,injected
0.2,10,300534,55,0.1121238359970187,5.0,50.0,1.0,injected
0.2,10,300535,26,0.07388176835627626,5.0,50.0,1.0,injected
0.2,10,300536,55,0.11953075729537592,5.0,50.0,1.0,injected
0.2,10,300537,15,0.24830933874473873,5.0,50.0,1.0,injected
0.2,10,300538,60,0.045422925285568745,5.0,50.0,1.0,injected
0.2,10,300539,16,0.2787141859345853,5.0,50.0,1.0,injected
0.2,10,300540,29,0.1557992153486007,5.0,50.0,1.0,injected
0.2,10,300541,32,0.16121681130849672,5.0,50.0,1.0,injected
0.2,10,300542,19,0.1524199470270881,5.0,50.0,1.0,injected
0.2,10,300543,12,0.07528419919183016,5.0,50.0,1.0,injected
0.2,10,300544,60,0.13736922241890331,5.0,50.0,1.0,injected
0.2,10,300545,34,0.15126765356651714,5.0,50.0,1.0,injected
0.2,10,300546,0,0.07174972629805415,5.0,50.0,1.0,injected
0.2,10,300547,4,0.1001180245610872,5.0,50.0,1.0,injected
0.2,10,300548,22,0.1317826612310663,5.0,50.0,1.0,injected
0.2,10,300549,1,0.12122277591428908,5.0,50.0,1.0,injected
0.2,10,300550,49,0.19703038778781953,5.0,50.0,1.0,injected
0.2,10,300551,14,0.14192324799660516,5.0,50.0,1.0,injected
0.2,10,300552,47,0.06548490199936834,5.0,50.0,1.0,injected
0.2,10,300553,15,0.28399578127795566,5.0,50.0,1.0,injected
0.2,10,300554,60,0.10525906087399216,5.0,50.0,1.0,injected
0.2,10,300555,60,0.13341981612032988,5.0,50.0,1.0,injected
0.2,10,300556,44,0.16054576494433148,5.0,50.0,1.0,injected
0.2,10,300557,19,0.0849568193230544,5.0,50.0,1.0,injected
0.2,10,300558,1,0.12071774563338801,5.0,50.0,1.0,injected
0.2,10,300559,28,0.10271331445663115,5.0,50.0,1.0,injected
0.2,10,300560,10,0.07993089433825376,5.0,50.0,1.0,injected
0.2,10,300561,0,0.1649201776611055,5.0,50.0,1.0,injected
0.2,10,300562,41,0.1800090292336536,5.0,50.0,1.0,injected
0.2,10,300563,9,0.1891517998271393,5.0,50.0,1.0,injected
0.2,10,300564,46,0.0884513940183912,5.0,50.0,1.0,injected
0.2,10,300565,7,0.16198007181976504,5.0,50.0,1.0,injected
0.2,10,300566,7,0.22335625243025647,5.0,50.0,1.0,injected
0.2,10,300567,2,0.10092122211008565,5.0,50.0,1.0,injected
0.2,10,300568,26,0.12850688690715972,5.0,50.0,1.0,injected
0.2,10,300569,21,0.13524750957471468,5.0,50.0,1.0,injected
0.2,10,300570,28,0.1613745243720956,5.0,50.0,1.0,injected
0.2,10,300571,53,0.2589732294782744,5.0,50.0,1.0,injected
0.2,10,300572,54,0.2284316320982509,5.0,50.0,1.0,injected
0.2,10,300573,1,0.29258281691308274,5.0,50.0,1.0,injected
0.2,10,300574,18,0.19350291440994918,5.0,50.0,1.0,injected
0.2,10,300575,4,0.11268580404809261,5.0,50.0,1.0,injected
0.2,10,300576,60,0.09964527367212025,5.0,50.0,1.0,injected
0.2,10,300577,47,0.04432088962697359,5.0,50.0,1.0,injected
0.2,10,300578,60,0.11695379883242366,5.0,50.0,1.0,injected
0.2,10,300579,5,0.0809663532772029,5.0,50.0,1.0,injected
0.2,10,300580,3,0.04212940413271429,5.0,50.0,1.0,injected
0.2,10,300581,59,0.21353258571113154,5.0,50.0,1.0,injected
0.2,10,300582,51,0.1498341815879172,5.0,50.0,1.0,injected
0.2,10,300583,13,0.24073459991797239,5.0,50.0,1.0,injected
0.2,10,300584,22,0.17709809366428253,5.0,50.0,1.0,injected
0.2,10,300585,6,0.09350830210938563,5.0,50.0,1.0,injected
0.2,10,300586,17,0.16635820288115066,5.0,50.0,1.0,injected
0.2,10,300587,9,0.07529176802568652,5.0,50.0,1.0,injected
0.2,10,300588,32,0.09227649120005635,5.0,50.0,1.0,injected
0.2,10,300589,11,0.15778623422502464,5.0,50.0,1.0,injected
0.2,10,300590,33,0.14181046043654028,5.0,50.0,1.0,injected
0.2,10,300591,12,0.0988533381907235,5.0,50.0,1.0,injected
0.2,10,300592,60,0.09207758608126831,5.0,50.0,1.0,injected
0.2,10,300593,3,0.14438402066018274,5.0,50.0,1.0,injected
0.2,10,300594,59,0.14315330679195948,5.0,50.0,1.0,injected
0.2,10,300595,37,0.15531261110142858,5.0,50.0,1.0,injected
0.2,10,300596,17,0.12717534347934292,5.0,50.0,1.0,injected
0.2,10,300597,12,0.07263713246513573,5.0,50.0,1.0,injected
0.2,10,300598,8,0.17259729120647527,5.0,50.0,1.0,injected
0.2,10,300599,3,0.3189111726105053,5.0,50.0,1.0,injected
0.2,20,300600,19,0.22576585617678158,5.0,50.0,1.0,injected
0.2,20,300601,20,0.12050749881038272,5.0,50.0,1.0,injected
0.2,20,300602,31,0.12789452738921941,5.0,50.0,1.0,injected
0.2,20,300603,60,0.30549787331099176,5.0,50.0,1.0,injected
0.2,20,300604,58,0.16622256504051663,5.0,50.0,1.0,injected
0.2,20,300605,26,0.09190529825183741,5.0,50.0,1.0,injected
0.2,20,300606,18,0.19173146049564932,5.0,50.0,1.0,injected
0.2,20,300607,37,0.09244568416170085,5.0,50.0,1.0,injected
0.2,20,300608,2,0.3265186079410794,5.0,50.0,1.0,injected
0.2,20,300609,11,0.09162509212833175,5.0,50.0,1.0,injected
0.2,20,300610,52,0.1080162285568946,5.0,50.0,1.0,injected
0.2,20,300611,49,0.21532137758611225,5.0,50.0,1.0,injected
0.2,20,300612,21,0.13654692602930857,5.0,50.0,1.0,injected
0.2,20,300613,60,0.2265282431891565,5.0,50.0,1.0,injected
0.2,20,300614,11,0.14763056185789833,5.0,50.0,1.0,injected
0.2,20,300615,53,0.15464007446860248,5.0,50.0,1.0,injected
0.2,20,300616,23,0.17851195745632914,5.0,50.0,1.0,injected
0.2,20,300617,34,0.08628631675211439,5.0,50.0,1.0,injected
0.2,20,300618,54,0.1301611445015452,5.0,50.0,1.0,injected
0.2,20,300619,24,0.06743892411564409,5.0,50.0,1.0,injected
0.2,20,300620,21,0.17198231952030835,5.0,50.0,1.0,injected
0.2,20,300621,44,0.08066250661758792,5.0,50.0,1.0,injected
0.2,20,300622,55,0.165058107651692,5.0,50.0,1.0,injected
0.2,20,300623,18,0.13686247021335085,5.0,50.0,1.0,injected
0.2,20,300624,33,0.20473412738057942,5.0,50.0,1.0,injected
0.2,20,300625,58,0.13467354031230638,5.0,50.0,1.0,injected
0.2,20,300626,0,0.13369046062634035,5.0,50.0,1.0,injected
0.2,20,300627,5,0.2073915906547784,5.0,50.0,1.0,injected
0.2,20,300628,3,0.12420120905019838,5.0,50.0,1.0,injected
0.2,20,300629,60,0.14002660398330835,5.0,50.0,1.0,injected
0.2,20,300630,7,0.13754031487285676,5.0,50.0,1.0,injected
0.2,20,300631,50,0.09463148531170446,5.0,50.0,1.0,injected
0.2,20,300632,50,0.10094427526653904,5.0,50.0,1.0,injected
0.2,20,300633,38,0.14425863141482947,5.0,50.0,1.0,injected
0.2,20,300634,50,0.08215984229409752,5.0,50.0,1.0,injected
0.2,20,300635,13,0.05003453025589834,5.0,50.0,1.0,injected
0.2,20,300636,38,0.10231385413834196,5.0,50.0,1.0,injected
0.2,20,300637,19,0.10957411455228698,5.0,50.0,1.0,injected
0.2,20,300638,15,0.16773719880077642,5.0,50.0,1.0,injected
0.2,20,300639,10,0.15775744260945296,5.0,50.0,1.0,injected
0.2,20,300640,33,0.10786150674168483,5.0,50.0,1.0,injected
0.2,20,300641,60,0.11213642722176709,5.0,50.0,1.0,injected
0.2,20,300642,60,0.13049001801375648,5.0,50.0,1.0,injected
0.2,20,300643,58,0.2080827294725036,5.0,50.0,1.0,injected
0.2,20,300644,32,0.4142700433151538,5.0,50.0,1.0,injected
0.2,20,300645,53,0.09460574993324611,5.0,50.0,1.0,injected
0.2,20,300646,47,0.1707200924172038,5.0,50.0,1.0,injected
0.2,20,300647,58,0.11817854737880586,5.0,50.0,1.0,injected
0.2,20,300648,57,0.06240388510028846,5.0,50.0,1.0,injected
0.2,20,300649,60,0.06703284734395372,5.0,50.0,1.0,injected
0.2,20,300650,57,0.07921800150149128,5.0,50.0,1.0,injected
0.2,20,300651,0,0.12678149639873132,5.0,50.0,1.0,injected
0.2,20,300652,8,0.13996410698280976,5.0,50.0,1.0,injected
0.2,20,300653,21,0.12539631396981923,5.0,50.0,1.0,injected
0.2,20,300654,60,0.09413888058657222,5.0,50.0,1.0,injected
0.2,20,300655,19,0.210419902540591,5.0,50.0,1.0,injected
0.2,20,300656,60,0.1272042531091814,5.0,50.0,1.0,injected
0.2,20,300657,28,0.08225817237990778,5.0,50.0,1.0,injected
0.2,20,300658,1,0.08454485518490143,5.0,50.0,1.0,injected
0.2,20,300659,17,0.049127194696139104,5.0,50.0,1.0,injected
0.2,20,300660,28,0.09140398069824934,5.0,50.0,1.0,injected
0.2,20,300661,45,0.1546108497132726,5.0,50.0,1.0,injected
0.2,20,300662,0,0.11001070303424675,5.0,50.0,1.0,injected
0.2,20,300663,22,0.07331392115974239,5.0,50.0,1.0,injected
0.2,20,300664,18,0.20251195823779333,5.0,50.0,1.0,injected
0.2,20,300665,60,0.10549482676866306,5.0,50.0,1.0,injected
0.2,20,300666,16,0.10960683812737654,5.0,50.0,1.0,injected
0.2,20,300667,20,0.12377983792220051,5.0,50.0,1.0,injected
0.2,20,300668,22,0.1497668267887517,5.0,50.0,1.0,injected
0.2,20,300669,10,0.07244998541945522,5.0,50.0,1.0,injected
0.2,20,300670,50,0.0761526735793914,5.0,50.0,1.0,injected
0.2,20,300671,57,0.09321718310772745,5.0,50.0,1.0,injected
0.2,20,300672,3,0.15957644802948054,5.0,50.0,1.0,injected
0.2,20,300673,50,0.13421491065255065,5.0,50.0,1.0,injected
0.2,20,300674,37,0.2154931537308358,5.0,50.0,1.0,injected
0.2,20,300675,20,0.09297072834450272,5.0,50.0,1.0,injected
0.2,20,300676,13,0.21021708106114861,5.0,50.0,1.0,injected
0.2,20,300677,29,0.08481852834854751,5.0,50.0,1.0,injected
0.2,20,300678,60,0.12578792580635345,5.0,50.0,1.0,injected
0.2,20,300679,18,0.08765465955586513,5.0,50.0,1.0,injected
0.2,20,300680,22,0.21936630887987885,5.0,50.0,1.0,injected
0.2,20,300681,37,0.14008921240709937,5.0,50.0,1.0,injected
0.2,20,300682,43,0.05822103510904382,5.0,50.0,1.0,injected
0.2,20,300683,29,0.0903635238101934,5.0,50.0,1.0,injected
0.2,20,300684,43,0.1860645918387101,5.0,50.0,1.0,injected
0.2,20,300685,18,0.1155396138488338,5.0,50.0,1.0,injected
0.2,20,300686,16,0.08125262403277475,5.0,50.0,1.0,injected
0.2,20,300687,20,0.21170619672516044,5.0,50.0,1.0,injected
0.2,20,300688,45,0.20339766862211892,5.0,50.0,1.0,injected
0.2,20,300689,7,0.09548469420525647,5.0,50.0,1.0,injected
0.2,20,300690,15,0.15905474206566866,5.0,50.0,1.0,injected
0.2,20,300691,48,0.09250327538256789,5.0,50.0,1.0,injected
0.2,20,300692,55,0.13383174469402154,5.0,50.0,1.0,injected
0.2,20,300693,17,0.10837583259084234,5.0,50.0,1.0,injected
0.2,20,300694,60,0.12145907570187275,5.0,50.0,1.0,injected
0.2,20,300695,0,0.08590370830071234,5.0,50.0,1.0,injected
0.2,20,300696,34,0.23305741289090567,5.0,50.0,1.0,injected
0.2,20,300697,49,0.07351757323287529,5.0,50.0,1.0,injected
0.2,20,300698,26,0.05809501216413914,5.0,50.0,1.0,injected
0.2,20,300699,20,0.13346847656002137,5.0,50.0,1.0,injected
0.2,20,300700,18,0.11133841152792703,5.0,50.0,1.0,injected
0.2,20,300701,45,0.11908295752175602,5.0,50.0,1.0,injected
0.2,20,300702,60,0.09566106668503932,5.0,50.0,1.0,injected
0.2,20,300703,7,0.07156700504899016,5.0,50.0,1.0,injected
0.2,20,300704,51,0.13593321076580364,5.0,50.0,1.0,injected
0.2,20,300705,26,0.06953811297711902,5.0,50.0,1.0,injected
0.2,20,300706,23,0.20292441954682863,5.0,50.0,1.0,injected
0.2,20,300707,17,0.1466458070538456,5.0,50.0,1.0,injected
0.2,20,300708,23,0.2095455901159664,5.0,50.0,1.0,injected
0.2,20,300709,51,0.12373904230154148,5.0,50.0,1.0,injected
0.2,20,300710,54,0.32897116155295403,5.0,50.0,1.0,injected
0.2,20,300711,37,0.09458163320554891,5.0,50.0,1.0,injected
0.2,20,300712,56,0.08349043001960049,5.0,50.0,1.0,injected
0.2,20,300713,55,0.10739171239776449,5.0,50.0,1.0,injected
0.2,20,300714,50,0.18140891152288283,5.0,50.0,1.0,injected
0.2,20,300715,36,0.0756175542471354,5.0,50.0,1.0,injected
0.2,20,300716,53,0.1276194078354153,5.0,50.0,1.0,injected
0.2,20,300717,8,0.12357179428258142,5.0,50.0,1.0,injected
0.2,20,300718,50,0.08072134035672288,5.0,50.0,1.0,injected
0.2,20,300719,0,0.054621499682439095,5.0,50.0,1.0,injected
0.2,20,300720,28,0.11856081919745418,5.0,50.0,1.0,injected
0.2,20,300721,60,0.17483628882203373,5.0,50.0,1.0,injected
0.2,20,300722,44,0.1335420586638269,5.0,50.0,1.0,injected
0.2,20,300723,1,0.09217960217810278,5.0,50.0,1.0,injected
0.2,20,300724,29,0.12249210729741866,5.0,50.0,1.0,injected
0.2,20,300725,2,0.10944310050541564,5.0,50.0,1.0,injected
0.2,20,300726,0,0.07701946734579068,5.0,50.0,1.0,injected
0.2,20,300727,57,0.09426332636119665,5.0,50.0,1.0,injected
0.2,20,300728,34,0.05847841697306601,5.0,50.0,1.0,injected
0.2,20,300729,52,0.087154514173409,5.0,50.0,1.0,injected
0.2,20,300730,29,0.19864102548394147,5.0,50.0,1.0,injected
0.2,20,300731,15,0.19038556755776165,5.0,50.0,1.0,injected
0.2,20,300732,60,0.07977402012812858,5.0,50.0,1.0,injected
0.2,20,300733,17,0.09112076768563757,5.0,50.0,1.0,injected
0.2,20,300734,14,0.07721440728049364,5.0,50.0,1.0,injected
0.2,20,300735,2,0.10777616479502218,5.0,50.0,1.0,injected
0.2,20,300736,60,0.2888596358742124,5.0,50.0,1.0,injected
0.2,20,300737,60,0.09276279251702556,5.0,50.0,1.0,injected
0.2,20,300738,28,0.10490929815632025,5.0,50.0,1.0,injected
0.2,20,300739,26,0.2681253698326952,5.0,50.0,1.0,injected
0.2,20,300740,4,0.14395069004939112,5.0,50.0,1.0,injected
0.2,20,300741,51,0.07006204829397286,5.0,50.0,1.0,injected
0.2,20,300742,58,0.19121910335399553,5.0,50.0,1.0,injected
0.2,20,300743,44,0.0688402000259226,5.0,50.0,1.0,injected
0.2,20,300744,42,0.07860861540910893,5.0,50.0,1.0,injected
0.2,20,300745,10,0.1332185916816615,5.0,50.0,1.0,injected
0.2,20,300746,60,0.12126643206570176,5.0,50.0,1.0,injected
0.2,20,300747,52,0.10761384658555545,5.0,50.0,1.0,injected
0.2,20,300748,60,0.08659935820939654,5.0,50.0,1.0,injected
0.2,20,300749,0,0.08614242134794976,5.0,50.0,1.0,injected
0.2,20,300750,15,0.12433849223186016,5.0,50.0,1.0,injected
0.2,20,300751,5,0.09981432386520568,5.0,50.0,1.0,injected
0.2,20,300752,13,0.09478723966964778,5.0,50.0,1.0,injected
0.2,20,300753,45,0.14586319916075652,5.0,50.0,1.0,injected
0.2,20,300754,60,0.12001217105714283,5.0,50.0,1.0,injected
0.2,20,300755,22,0.12726904308310402,5.0,50.0,1.0,injected
0.2,20,300756,9,0.08788377877590275,5.0,50.0,1.0,injected
0.2,20,300757,53,0.12150248980252547,5.0,50.0,1.0,injected
0.2,20,300758,48,0.15763001289627138,5.0,50.0,1.0,injected
0.2,20,300759,14,0.04548469491113076,5.0,50.0,1.0,injected
0.2,20,300760,31,0.15172016008397554,5.0,50.0,1.0,injected
0.2,20,300761,10,0.16811300575759447,5.0,50.0,1.0,injected
0.2,20,300762,19,0.16967532892909676,5.0,50.0,1.0,injected
0.2,20,300763,36,0.1205869041905312,5.0,50.0,1.0,injected
0.2,20,300764,25,0.19387925353774596,5.0,50.0,1.0,injected
0.2,20,300765,55,0.11761528288353854,5.0,50.0,1.0,injected
0.2,20,300766,3,0.0862729057531895,5.0,50.0,1.0,injected
0.2,20,300767,0,0.112736751022196,5.0,50.0,1.0,injected
0.2,20,300768,16,0.13695981734038293,5.0,50.0,1.0,injected
0.2,20,300769,57,0.13934166457618205,5.0,50.0,1.0,injected
0.2,20,300770,20,0.1328816548487119,5.0,50.0,1.0,injected
0.2,20,300771,19,0.13937517722701032,5.0,50.0,1.0,injected
0.2,20,300772,22,0.17375498845235113,5.0,50.0,1.0,injected
0.2,20,300773,54,0.10882519440164545,5.0,50.0,1.0,injected
0.2,20,300774,17,0.3303568444076882,5.0,50.0,1.0,injected
0.2,20,300775,52,0.15491498984699964,5.0,50.0,1.0,injected
0.2,20,300776,26,0.1274968004028118,5.0,50.0,1.0,injected
0.2,20,300777,29,0.06706344893470156,5.0,50.0,1.0,injected
0.2,20,300778,55,0.09979211004962524,5.0,50.0,1.0,injected
0.2,20,300779,45,0.11850924810061315,5.0,50.0,1.0,injected
0.2,20,300780,42,0.1668219561138382,5.0,50.0,1.0,injected
0.2,20,300781,7,0.09297411742885545,5.0,50.0,1.0,injected
0.2,20,300782,51,0.08823228907706182,5.0,50.0,1.0,injected
0.2,20,300783,60,0.1573337361366864,5.0,50.0,1.0,injected
0.2,20,300784,58,0.08465069145168694,5.0,50.0,1.0,injected
0.2,20,300785,59,0.08437215639145297,5.0,50.0,1.0,injected
0.2,20,300786,34,0.1665359722693814,5.0,50.0,1.0,injected
0.2,20,300787,30,0.1013072012275135,5.0,50.0,1.0,injected
0.2,20,300788,31,0.05735908636604477,5.0,50.0,1.0,injected
0.2,20,300789,54,0.08538258239472658,5.0,50.0,1.0,injected
0.2,20,300790,25,0.294941811921678,5.0,50.0,1.0,injected
0.2,20,300791,56,0.0831924331064935,5.0,50.0,1.0,injected
0.2,20,300792,22,0.24603877301261778,5.0,50.0,1.0,injected
0.2,20,300793,54,0.09422673763288672,5.0,50.0,1.0,injected
0.2,20,300794,15,0.11205940303354697,5.0,50.0,1.0,injected
0.2,20,300795,55,0.12028416143922548,5.0,50.0,1.0,injected
0.2,20,300796,59,0.07892688358383892,5.0,50.0,1.0,injected
0.2,20,300797,21,0.1674463398734643,5.0,50.0,1.0,injected
0.2,20,300798,19,0.10540074271264457,5.0,50.0,1.0,injected
0.2,20,300799,21,0.2158143897841429,5.0,50.0,1.0,injected
0.2,30,300800,60,0.09029136498643518,5.0,50.0,1.0,injected
0.2,30,300801,28,0.1302908759222294,5.0,50.0,1.0,injected
0.2,30,300802,59,0.1251925751361312,5.0,50.0,1.0,injected
0.2,30,300803,25,0.12338991378845068,5.0,50.0,1.0,injected
0.2,30,300804,25,0.09248399208656087,5.0,50.0,1.0,injected
0.2,30,300805,60,0.0806238467705683,5.0,50.0,1.0,injected
0.2,30,300806,57,0.08959588663183789,5.0,50.0,1.0,injected
0.2,30,300807,31,0.09281415817208995,5.0,50.0,1.0,injected
0.2,30,300808,29,0.18521795580190192,5.0,50.0,1.0,injected
0.2,30,300809,0,0.07969128579859161,5.0,50.0,1.0,injected
0.2,30,300810,60,0.14005169762244135,5.0,50.0,1.0,injected
0.2,30,300811,55,0.077041785891177,5.0,50.0,1.0,injected
0.2,30,300812,42,0.11896965967382302,5.0,50.0,1.0,injected
0.2,30,300813,47,0.15337105715031663,5.0,50.0,1.0,injected
0.2,30,300814,60,0.21732308875938222,5.0,50.0,1.0,injected
0.2,30,300815,28,0.06999369689909574,5.0,50.0,1.0,injected
0.2,30,300816,8,0.09206588140901029,5.0,50.0,1.0,injected
0.2,30,300817,1,0.07608360701715867,5.0,50.0,1.0,injected
0.2,30,300818,0,0.07652579070700316,5.0,50.0,1.0,injected
0.2,30,300819,34,0.05076791819138328,5.0,50.0,1.0,injected
0.2,30,300820,26,0.07465925850445623,5.0,50.0,1.0,injected
0.2,30,300821,23,0.0865048011294318,5.0,50.0,1.0,injected
0.2,30,300822,34,0.09100867183608874,5.0,50.0,1.0,injected
0.2,30,300823,0,0.11556590618706089,5.0,50.0,1.0,injected
0.2,30,300824,60,0.09847178712663993,5.0,50.0,1.0,injected
0.2,30,300825,0,0.10245133644420182,5.0,50.0,1.0,injected
0.2,30,300826,17,0.14361427074283897,5.0,50.0,1.0,injected
0.2,30,300827,50,0.09878573655223102,5.0,50.0,1.0,injected
0.2,30,300828,16,0.1924465020999746,5.0,50.0,1.0,injected
0.2,30,300829,57,0.14573399421993447,5.0,50.0,1.0,injected
0.2,30,300830,3,0.06513976224655287,5.0,50.0,1.0,injected
0.2,30,300831,60,0.173379181864672,5.0,50.0,1.0,injected
0.2,30,300832,7,0.12170540713457681,5.0,50.0,1.0,injected
0.2,30,300833,26,0.11632707544497776,5.0,50.0,1.0,injected
0.2,30,300834,29,0.13710067632661088,5.0,50.0,1.0,injected
0.2,30,300835,31,0.301861721104523,5.0,50.0,1.0,injected
0.2,30,300836,22,0.032729960215319785,5.0,50.0,1.0,injected
0.2,30,300837,43,0.18169965375068808,5.0,50.0,1.0,injected
0.2,30,300838,52,0.029184607611205216,5.0,50.0,1.0,injected
0.2,30,300839,36,0.1555820000930509,5.0,50.0,1.0,injected
0.2,30,300840,50,0.16421602732925644,5.0,50.0,1.0,injected
0.2,30,300841,8,0.058616486857501815,5.0,50.0,1.0,injected
0.2,30,300842,33,0.20111330504056066,5.0,50.0,1.0,injected
0.2,30,300843,55,0.15485014753599863,5.0,50.0,1.0,injected
0.2,30,300844,35,0.10757341716846497,5.0,50.0,1.0,injected
0.2,30,300845,44,0.11597868343173878,5.0,50.0,1.0,injected
0.2,30,300846,28,0.15646166274108256,5.0,50.0,1.0,injected
0.2,30,300847,1,0.09060727028337158,5.0,50.0,1.0,injected
0.2,30,300848,3,0.13611607008157833,5.0,50.0,1.0,injected
0.2,30,300849,43,0.10344943256795987,5.0,50.0,1.0,injected
0.2,30,300850,9,0.05105376492750678,5.0,50.0,1.0,injected
0.2,30,300851,25,0.1060157664219985,5.0,50.0,1.0,injected
0.2,30,300852,13,0.0711231064341104,5.0,50.0,1.0,injected
0.2,30,300853,60,0.07040501695296666,5.0,50.0,1.0,injected
0.2,30,300854,55,0.16188527804258074,5.0,50.0,1.0,injected
0.2,30,300855,20,0.14341554710436583,5.0,50.0,1.0,injected
0.2,30,300856,55,0.08132540499653017,5.0,50.0,1.0,injected
0.2,30,300857,55,0.06577325089415381,5.0,50.0,1.0,injected
0.2,30,300858,0,0.07616567890772989,5.0,50.0,1.0,injected
0.2,30,300859,60,0.06043843303580938,5.0,50.0,1.0,injected
0.2,30,300860,0,0.1056295716089451,5.0,50.0,1.0,injected
0.2,30,300861,60,0.0761333730459303,5.0,50.0,1.0,injected
0.2,30,300862,50,0.05733933990726061,5.0,50.0,1.0,injected
0.2,30,300863,20,0.19517112766614447,5.0,50.0,1.0,injected
0.2,30,300864,11,0.11496790350658304,5.0,50.0,1.0,injected
0.2,30,300865,13,0.08591248840614683,5.0,50.0,1.0,injected
0.2,30,300866,36,0.06478414184597603,5.0,50.0,1.0,injected
0.2,30,300867,31,0.21551967986593557,5.0,50.0,1.0,injected
0.2,30,300868,54,0.09263922184823772,5.0,50.0,1.0,injected
0.2,30,300869,60,0.06854999632503589,5.0,50.0,1.0,injected
0.2,30,300870,54,0.08581090318238134,5.0,50.0,1.0,injected
0.2,30,300871,34,0.10904794172765303,5.0,50.0,1.0,injected
0.2,30,300872,34,0.24379769842497429,5.0,50.0,1.0,injected
0.2,30,300873,41,0.12007446390652773,5.0,50.0,1.0,injected
0.2,30,300874,45,0.14591138145907095,5.0,50.0,1.0,injected
0.2,30,300875,57,0.11198616057208118,5.0,50.0,1.0,injected
0.2,30,300876,42,0.09215990279528527,5.0,50.0,1.0,injected
0.2,30,300877,58,0.12301584253730301,5.0,50.0,1.0,injected
0.2,30,300878,56,0.11155463104537391,5.0,50.0,1.0,injected
0.2,30,300879,1,0.11220967135666995,5.0,50.0,1.0,injected
0.2,30,300880,32,0.2252243329314474,5.0,50.0,1.0,injected
0.2,30,300881,25,0.23190343116942133,5.0,50.0,1.0,injected
0.2,30,300882,0,0.044170026041608176,5.0,50.0,1.0,injected
0.2,30,300883,60,0.2030640180451649,5.0,50.0,1.0,injected
0.2,30,300884,31,0.06862677263119582,5.0,50.0,1.0,injected
0.2,30,300885,22,0.16528397628247404,5.0,50.0,1.0,injected
0.2,30,300886,12,0.16963586272491493,5.0,50.0,1.0,injected
0.2,30,300887,27,0.21265532801015996,5.0,50.0,1.0,injected
0.2,30,300888,60,0.13919508057780713,5.0,50.0,1.0,injected
0.2,30,300889,8,0.08781004504422818,5.0,50.0,1.0,injected
0.2,30,300890,42,0.12361002166492574,5.0,50.0,1.0,injected
0.2,30,300891,60,0.3386231502517989,5.0,50.0,1.0,injected
0.2,30,300892,46,0.25852017220685386,5.0,50.0,1.0,injected
0.2,30,300893,45,0.1090269675372629,5.0,50.0,1.0,injected
0.2,30,300894,50,0.26743733792091406,5.0,50.0,1.0,injected
0.2,30,300895,60,0.08183776077103565,5.0,50.0,1.0,injected
0.2,30,300896,60,0.11210297812919798,5.0,50.0,1.0,injected
0.2,30,300897,35,0.08987607528971361,5.0,50.0,1.0,injected
0.2,30,300898,6,0.06567959549253827,5.0,50.0,1.0,injected
0.2,30,300899,28,0.25074910881570117,5.0,50.0,1.0,injected
0.2,30,300900,38,0.18862233291651997,5.0,50.0,1.0,injected
0.2,30,300901,44,0.05514137001700657,5.0,50.0,1.0,injected
0.2,30,300902,24,0.1535128566251283,5.0,50.0,1.0,injected
0.2,30,300903,38,0.17281669432367275,5.0,50.0,1.0,injected
0.2,30,300904,60,0.10826388798801392,5.0,50.0,1.0,injected
0.2,30,300905,52,0.1541778131455145,5.0,50.0,1.0,injected
0.2,30,300906,57,0.37929895500400945,5.0,50.0,1.0,injected
0.2,30,300907,21,0.09152892592820486,5.0,50.0,1.0,injected
0.2,30,300908,29,0.1005752609201701,5.0,50.0,1.0,injected
0.2,30,300909,10,0.09850799636928316,5.0,50.0,1.0,injected
0.2,30,300910,24,0.1972672221097776,5.0,50.0,1.0,injected
0.2,30,300911,27,0.23131189107178618,5.0,50.0,1.0,injected
0.2,30,300912,0,0.1010079221524078,5.0,50.0,1.0,injected
0.2,30,300913,19,0.13427033300655292,5.0,50.0,1.0,injected
0.2,30,300914,60,0.14457536845967273,5.0,50.0,1.0,injected
0.2,30,300915,32,0.09566240695839592,5.0,50.0,1.0,injected
0.2,30,300916,60,0.2988960585691696,5.0,50.0,1.0,injected
0.2,30,300917,58,0.062157375032328474,5.0,50.0,1.0,injected
0.2,30,300918,59,0.21807789187263876,5.0,50.0,1.0,injected
0.2,30,300919,15,0.1256552858948418,5.0,50.0,1.0,injected
0.2,30,300920,26,0.20230281163182307,5.0,50.0,1.0,injected
0.2,30,300921,60,0.13751275632727464,5.0,50.0,1.0,injected
0.2,30,300922,5,0.18958131189537192,5.0,50.0,1.0,injected
0.2,30,300923,48,0.12354725704857175,5.0,50.0,1.0,injected
0.2,30,300924,18,0.12050919052995282,5.0,50.0,1.0,injected
0.2,30,300925,19,0.09849658768322349,5.0,50.0,1.0,injected
0.2,30,300926,29,0.09332963630281757,5.0,50.0,1.0,injected
0.2,30,300927,28,0.3667582902512453,5.0,50.0,1.0,injected
0.2,30,300928,42,0.24736710829069122,5.0,50.0,1.0,injected
0.2,30,300929,38,0.23430658618553687,5.0,50.0,1.0,injected
0.2,30,300930,14,0.17485284926442557,5.0,50.0,1.0,injected
0.2,30,300931,53,0.10697182756770562,5.0,50.0,1.0,injected
0.2,30,300932,28,0.20453205381298734,5.0,50.0,1.0,injected
0.2,30,300933,43,0.13633924933074898,5.0,50.0,1.0,injected
0.2,30,300934,41,0.08797651144950813,5.0,50.0,1.0,injected
0.2,30,300935,12,0.1104508630547006,5.0,50.0,1.0,injected
0.2,30,300936,50,0.05417147633224113,5.0,50.0,1.0,injected
0.2,30,300937,30,0.22623513268808,5.0,50.0,1.0,injected
0.2,30,300938,34,0.09173042300669167,5.0,50.0,1.0,injected
0.2,30,300939,33,0.10276662410155847,5.0,50.0,1.0,injected
0.2,30,300940,50,0.12096778294739695,5.0,50.0,1.0,injected
0.2,30,300941,9,0.21360459168526397,5.0,50.0,1.0,injected
0.2,30,300942,55,0.18392661476726752,5.0,50.0,1.0,injected
0.2,30,300943,14,0.07926414959863705,5.0,50.0,1.0,injected
0.2,30,300944,45,0.07679452580870912,5.0,50.0,1.0,injected
0.2,30,300945,56,0.11599470878337084,5.0,50.0,1.0,injected
0.2,30,300946,19,0.17097488408525646,5.0,50.0,1.0,injected
0.2,30,300947,59,0.1107295640781968,5.0,50.0,1.0,injected
0.2,30,300948,30,0.2810087267803202,5.0,50.0,1.0,injected
0.2,30,300949,0,0.1353438841961886,5.0,50.0,1.0,injected
0.2,30,300950,7,0.11998665587965114,5.0,50.0,1.0,injected
0.2,30,300951,55,0.230561588027925,5.0,50.0,1.0,injected
0.2,30,300952,57,0.14695789995457026,5.0,50.0,1.0,injected
0.2,30,300953,56,0.3763446667374617,5.0,50.0,1.0,injected
0.2,30,300954,36,0.10689532274414856,5.0,50.0,1.0,injected
0.2,30,300955,55,0.14044757122409962,5.0,50.0,1.0,injected
0.2,30,300956,21,0.2121995540657537,5.0,50.0,1.0,injected
0.2,30,300957,0,0.3484247474026635,5.0,50.0,1.0,injected
0.2,30,300958,55,0.33880807585485107,5.0,50.0,1.0,injected
0.2,30,300959,60,0.09766735698715683,5.0,50.0,1.0,injected
0.2,30,300960,60,0.19251558695781934,5.0,50.0,1.0,injected
0.2,30,300961,47,0.1512268031933174,5.0,50.0,1.0,injected
0.2,30,300962,60,0.049992559042462734,5.0,50.0,1.0,injected
0.2,30,300963,36,0.15743909919121882,5.0,50.0,1.0,injected
0.2,30,300964,23,0.11506729033731113,5.0,50.0,1.0,injected
0.2,30,300965,38,0.044042084381366545,5.0,50.0,1.0,injected
0.2,30,300966,60,0.1482710914901812,5.0,50.0,1.0,injected
0.2,30,300967,26,0.16037712119390157,5.0,50.0,1.0,injected
0.2,30,300968,27,0.16319050785794031,5.0,50.0,1.0,injected
0.2,30,300969,22,0.14856148165083577,5.0,50.0,1.0,injected
0.2,30,300970,48,0.1716881881849905,5.0,50.0,1.0,injected
0.2,30,300971,25,0.0911418387313313,5.0,50.0,1.0,injected
0.2,30,300972,14,0.0768676571653515,5.0,50.0,1.0,injected
0.2,30,300973,59,0.07020560880355094,5.0,50.0,1.0,injected
0.2,30,300974,23,0.05308962367587888,5.0,50.0,1.0,injected
0.2,30,300975,25,0.14797264788858766,5.0,50.0,1.0,injected
0.2,30,300976,4,0.24327572805384962,5.0,50.0,1.0,injected
0.2,30,300977,58,0.06405402023966404,5.0,50.0,1.0,injected
0.2,30,300978,51,0.1149933686201311,5.0,50.0,1.0,injected
0.2,30,300979,18,0.12953659961814587,5.0,50.0,1.0,injected
0.2,30,300980,36,0.10812192151740797,5.0,50.0,1.0,injected
0.2,30,300981,34,0.27018041667592496,5.0,50.0,1.0,injected
0.2,30,300982,34,0.3078559142114629,5.0,50.0,1.0,injected
0.2,30,300983,23,0.10980763314821544,5.0,50.0,1.0,injected
0.2,30,300984,13,0.0561096108976452,5.0,50.0,1.0,injected
0.2,30,300985,58,0.18376038627959265,5.0,50.0,1.0,injected
0.2,30,300986,51,0.04318601205877398,5.0,50.0,1.0,injected
0.2,30,300987,60,0.14290224074694596,5.0,50.0,1.0,injected
0.2,30,300988,28,0.2815739787142234,5.0,50.0,1.0,injected
0.2,30,300989,48,0.20160542191369474,5.0,50.0,1.0,injected
0.2,30,300990,43,0.21413854544316574,5.0,50.0,1.0,injected
0.2,30,300991,33,0.2103811546680457,5.0,50.0,1.0,injected
0.2,30,300992,43,0.20514855995423814,5.0,50.0,1.0,injected
0.2,30,300993,1,0.10174359307093922,5.0,50.0,1.0,injected
0.2,30,300994,1,0.1706208312881256,5.0,50.0,1.0,injected
0.2,30,300995,48,0.08357846553283538,5.0,50.0,1.0,injected
0.2,30,300996,27,0.11386510090482953,5.0,50.0,1.0,injected
0.2,30,300997,60,0.1266735203110949,5.0,50.0,1.0,injected
0.2,30,300998,44,0.16077922112318502,5.0,50.0,1.0,injected
0.2,30,300999,22,0.08667019331658163,5.0,50.0,1.0,injected
0.4,10,301000,11,0.15631592114238776,5.0,50.0,1.0,injected
0.4,10,301001,4,0.1801553479873752,5.0,50.0,1.0,injected
0.4,10,301002,15,0.5022166105005685,5.0,50.0,1.0,injected
0.4,10,301003,7,0.23062805011529253,5.0,50.0,1.0,injected
0.4,10,301004,15,0.28105847791598376,5.0,50.0,1.0,injected
0.4,10,301005,10,0.31722388174424576,5.0,50.0,1.0,injected
0.4,10,301006,5,0.31996618252689957,5.0,50.0,1.0,injected
0.4,10,301007,8,0.41742652550010567,5.0,50.0,1.0,injected
0.4,10,301008,12,0.2629237153766407,5.0,50.0,1.0,injected
0.4,10,301009,12,0.47800503607347467,5.0,50.0,1.0,injected
0.4,10,301010,9,0.1992859305008248,5.0,50.0,1.0,injected
0.4,10,301011,8,0.22621356382191984,5.0,50.0,1.0,injected
0.4,10,301012,5,0.1887207839774822,5.0,50.0,1.0,injected
0.4,10,301013,17,0.12505359548231407,5.0,50.0,1.0,injected
0.4,10,301014,8,0.3551789282049367,5.0,50.0,1.0,injected
0.4,10,301015,9,0.2726073867731441,5.0,50.0,1.0,injected
0.4,10,301016,7,0.20003662862483934,5.0,50.0,1.0,injected
0.4,10,301017,9,0.2622090314356129,5.0,50.0,1.0,injected
0.4,10,301018,13,0.16665889545611617,5.0,50.0,1.0,injected
0.4,10,301019,8,0.34201204617874725,5.0,50.0,1.0,injected
0.4,10,301020,10,0.27371452875212665,5.0,50.0,1.0,injected
0.4,10,301021,9,0.2690361051949197,5.0,50.0,1.0,injected
0.4,10,301022,7,0.4952708959611699,5.0,50.0,1.0,injected
0.4,10,301023,25,0.13255527357708552,5.0,50.0,1.0,injected
0.4,10,301024,11,0.2652850387072032,5.0,50.0,1.0,injected
0.4,10,301025,11,0.5237166797984734,5.0,50.0,1.0,injected
0.4,10,301026,10,0.2960893546892326,5.0,50.0,1.0,injected
0.4,10,301027,11,0.1886863667925056,5.0,50.0,1.0,injected
0.4,10,301028,11,0.3792214302145046,5.0,50.0,1.0,injected
0.4,10,301029,12,0.12305563095110619,5.0,50.0,1.0,injected
0.4,10,301030,10,0.1401307504980175,5.0,50.0,1.0,injected
0.4,10,301031,31,0.1479996450136993,5.0,50.0,1.0,injected
0.4,10,301032,11,0.28616691963761465,5.0,50.0,1.0,injected
0.4,10,301033,11,0.23624443933556596,5.0,50.0,1.0,injected
0.4,10,301034,1,0.36740307169685305,5.0,50.0,1.0,injected
0.4,10,301035,10,0.12816225156639743,5.0,50.0,1.0,injected
0.4,10,301036,16,0.13842290298206336,5.0,50.0,1.0,injected
0.4,10,301037,18,0.1897136764425092,5.0,50.0,1.0,injected
0.4,10,301038,10,0.30590579542469365,5.0,50.0,1.0,injected
0.4,10,301039,12,0.21796021335531446,5.0,50.0,1.0,injected
0.4,10,301040,12,0.24056451163511403,5.0,50.0,1.0,injected
0.4,10,301041,51,0.06716530552827558,5.0,50.0,1.0,injected
0.4,10,301042,9,0.16939460044615026,5.0,50.0,1.0,injected
0.4,10,301043,17,0.16047674969502698,5.0,50.0,1.0,injected
0.4,10,301044,0,0.18245010259561745,5.0,50.0,1.0,injected
0.4,10,301045,12,0.17863868418470472,5.0,50.0,1.0,injected
0.4,10,301046,7,0.37989096772926956,5.0,50.0,1.0,injected
0.4,10,301047,9,0.4234974999076107,5.0,50.0,1.0,injected
0.4,10,301048,6,0.444089032908483,5.0,50.0,1.0,injected
0.4,10,301049,7,0.3874493998696493,5.0,50.0,1.0,injected
0.4,10,301050,7,0.29151311308767325,5.0,50.0,1.0,injected
0.4,10,301051,12,0.3739538680107585,5.0,50.0,1.0,injected
0.4,10,301052,13,0.41070419018375703,5.0,50.0,1.0,injected
0.4,10,301053,15,0.20535111194385158,5.0,50.0,1.0,injected
0.4,10,301054,0,0.12881418650606613,5.0,50.0,1.0,injected
0.4,10,301055,11,0.2211889827522796,5.0,50.0,1.0,injected
0.4,10,301056,9,0.3070574078462234,5.0,50.0,1.0,injected
0.4,10,301057,6,0.2676082354898063,5.0,50.0,1.0,injected
0.4,10,301058,8,0.2170573420706551,5.0,50.0,1.0,injected
0.4,10,301059,12,0.12295199122752848,5.0,50.0,1.0,injected
0.4,10,301060,0,0.2550676218836632,5.0,50.0,1.0,injected
0.4,10,301061,17,0.47522202280156756,5.0,50.0,1.0,injected
0.4,10,301062,59,0.11505597992944294,5.0,50.0,1.0,injected
0.4,10,301063,10,0.23370584822428486,5.0,50.0,1.0,injected
0.4,10,301064,11,0.09457529916061785,5.0,50.0,1.0,injected
0.4,10,301065,12,0.3614945197217302,5.0,50.0,1.0,injected
0.4,10,301066,8,0.3457765539621259,5.0,50.0,1.0,injected
0.4,10,301067,30,0.13787890653676754,5.0,50.0,1.0,injected
0.4,10,301068,15,0.2592555916159329,5.0,50.0,1.0,injected
0.4,10,301069,1,0.08839368808529867,5.0,50.0,1.0,injected
0.4,10,301070,6,0.34753782600662975,5.0,50.0,1.0,injected
0.4,10,301071,11,0.07368128115945277,5.0,50.0,1.0,injected
0.4,10,301072,11,0.20790452162988937,5.0,50.0,1.0,injected
0.4,10,301073,8,0.26562424690454567,5.0,50.0,1.0,injected
0.4,10,301074,16,0.2979754225459643,5.0,50.0,1.0,injected
0.4,10,301075,9,0.47982029984870006,5.0,50.0,1.0,injected
0.4,10,301076,7,0.18240360826117205,5.0,50.0,1.0,injected
0.4,10,301077,9,0.6865340494478429,5.0,50.0,1.0,injected
0.4,10,301078,20,0.29715822171844125,5.0,50.0,1.0,injected
0.4,10,301079,9,0.17261949692428052,5.0,50.0,1.0,injected
0.4,10,301080,15,0.2856324262846421,5.0,50.0,1.0,injected
0.4,10,301081,6,0.3012800735670038,5.0,50.0,1.0,injected
0.4,10,301082,6,0.39932612576081195,5.0,50.0,1.0,injected
0.4,10,301083,57,0.09257060680953527,5.0,50.0,1.0,injected
0.4,10,301084,10,0.21537286288966392,5.0,50.0,1.0,injected
0.4,10,301085,12,0.5635549945883671,5.0,50.0,1.0,injected
0.4,10,301086,19,0.28468333146535846,5.0,50.0,1.0,injected
0.4,10,301087,10,0.19449420348998983,5.0,50.0,1.0,injected
0.4,10,301088,46,0.09651733864783803,5.0,50.0,1.0,injected
0.4,10,301089,24,0.1736457418430754,5.0,50.0,1.0,injected
0.4,10,301090,12,0.21189436491004604,5.0,50.0,1.0,injected
0.4,10,301091,8,0.20621649763684946,5.0,50.0,1.0,injected
0.4,10,301092,48,0.07406254455184899,5.0,50.0,1.0,injected
0.4,10,301093,20,0.148610310184337,5.0,50.0,1.0,injected
0.4,10,301094,26,0.10240446822805858,5.0,50.0,1.0,injected
0.4,10,301095,5,0.15170219259617007,5.0,50.0,1.0,injected
0.4,10,301096,9,0.3507778224473004,5.0,50.0,1.0,injected
0.4,10,301097,8,0.17550250642811327,5.0,50.0,1.0,injected
0.4,10,301098,12,0.33779654619099553,5.0,50.0,1.0,injected
0.4,10,301099,10,0.09138994856843484,5.0,50.0,1.0,injected
0.4,10,301100,11,0.40231667523638215,5.0,50.0,1.0,injected
0.4,10,301101,16,0.1670625592946979,5.0,50.0,1.0,injected
0.4,10,301102,0,0.23843839889744495,5.0,50.0,1.0,injected
0.4,10,301103,6,0.25483514227787696,5.0,50.0,1.0,injected
0.4,10,301104,12,0.2741102893866816,5.0,50.0,1.0,injected
0.4,10,301105,17,0.17615314549352795,5.0,50.0,1.0,injected
0.4,10,301106,9,0.4953038608298647,5.0,50.0,1.0,injected
0.4,10,301107,6,0.3568678634740491,5.0,50.0,1.0,injected
0.4,10,301108,9,0.2152741997978323,5.0,50.0,1.0,injected
0.4,10,301109,9,0.47713534151905534,5.0,50.0,1.0,injected
0.4,10,301110,7,0.19538617881340226,5.0,50.0,1.0,injected
0.4,10,301111,12,0.16559758599589675,5.0,50.0,1.0,injected
0.4,10,301112,12,0.47448102466165754,5.0,50.0,1.0,injected
0.4,10,301113,10,0.2505748389210076,5.0,50.0,1.0,injected
0.4,10,301114,9,0.15522654357610963,5.0,50.0,1.0,injected
0.4,10,301115,11,0.14390021127592467,5.0,50.0,1.0,injected
0.4,10,301116,11,0.15912786932870898,5.0,50.0,1.0,injected
0.4,10,301117,12,0.20930930684236393,5.0,50.0,1.0,injected
0.4,10,301118,10,0.2574518738121355,5.0,50.0,1.0,injected
0.4,10,301119,7,0.2677040002454143,5.0,50.0,1.0,injected
0.4,10,301120,43,0.33595745059583126,5.0,50.0,1.0,injected
0.4,10,301121,13,0.05539612359748185,5.0,50.0,1.0,injected
0.4,10,301122,10,0.20711255844287987,5.0,50.0,1.0,injected
0.4,10,301123,8,0.2325828898470812,5.0,50.0,1.0,injected
0.4,10,301124,12,0.322520356311493,5.0,50.0,1.0,injected
0.4,10,301125,9,0.22080639132699115,5.0,50.0,1.0,injected
0.4,10,301126,12,0.23971543292344544,5.0,50.0,1.0,injected
0.4,10,301127,4,0.4966260188933387,5.0,50.0,1.0,injected
0.4,10,301128,12,0.35675872241705636,5.0,50.0,1.0,injected
0.4,10,301129,8,0.16578754097031706,5.0,50.0,1.0,injected
0.4,10,301130,60,0.1197324303427737,5.0,50.0,1.0,injected
0.4,10,301131,18,0.1698749032006138,5.0,50.0,1.0,injected
0.4,10,301132,10,0.10681046438909128,5.0,50.0,1.0,injected
0.4,10,301133,7,0.5043013711160163,5.0,50.0,1.0,injected
0.4,10,301134,20,0.46110099929764037,5.0,50.0,1.0,injected
0.4,10,301135,11,0.20290989064188003,5.0,50.0,1.0,injected
0.4,10,301136,14,0.3205980721449161,5.0,50.0,1.0,injected
0.4,10,301137,11,0.2958449728674162,5.0,50.0,1.0,injected
0.4,10,301138,11,0.2371681742852803,5.0,50.0,1.0,injected
0.4,10,301139,13,0.22760931022840422,5.0,50.0,1.0,injected
0.4,10,301140,16,0.24385763414351602,5.0,50.0,1.0,injected
0.4,10,301141,7,0.18940159529299205,5.0,50.0,1.0,injected
0.4,10,301142,8,0.39539672172755225,5.0,50.0,1.0,injected
0.4,10,301143,8,0.30070963673693263,5.0,50.0,1.0,injected
0.4,10,301144,19,0.10643704278075797,5.0,50.0,1.0,injected
0.4,10,301145,8,0.2324170509573522,5.0,50.0,1.0,injected
0.4,10,301146,10,0.3209171199234216,5.0,50.0,1.0,injected
0.4,10,301147,13,0.3217034479037486,5.0,50.0,1.0,injected
0.4,10,301148,44,0.2313734960183133,5.0,50.0,1.0,injected
0.4,10,301149,0,0.10736652427734467,5.0,50.0,1.0,injected
0.4,10,301150,10,0.4269768316322963,5.0,50.0,1.0,injected
0.4,10,301151,16,0.36435300746880306,5.0,50.0,1.0,injected
0.4,10,301152,10,0.31884613446038723,5.0,50.0,1.0,injected
0.4,10,301153,11,0.09919276260757254,5.0,50.0,1.0,injected
0.4,10,301154,9,0.13131586525189137,5.0,50.0,1.0,injected
0.4,10,301155,10,0.23512334658511977,5.0,50.0,1.0,injected
0.4,10,301156,13,0.1200906873675961,5.0,50.0,1.0,injected
0.4,10,301157,11,0.28009359945079204,5.0,50.0,1.0,injected
0.4,10,301158,10,0.17081364139511193,5.0,50.0,1.0,injected
0.4,10,301159,20,0.07243722639284211,5.0,50.0,1.0,injected
0.4,10,301160,8,0.16959274454985715,5.0,50.0,1.0,injected
0.4,10,301161,9,0.1472970254689679,5.0,50.0,1.0,injected
0.4,10,301162,9,0.14462543853328763,5.0,50.0,1.0,injected
0.4,10,301163,60,0.13848175646045546,5.0,50.0,1.0,injected
0.4,10,301164,17,0.11648528503008601,5.0,50.0,1.0,injected
0.4,10,301165,12,0.2091162834173431,5.0,50.0,1.0,injected
0.4,10,301166,9,0.22662097191230188,5.0,50.0,1.0,injected
0.4,10,301167,14,0.2238238752672615,5.0,50.0,1.0,injected
0.4,10,301168,10,0.5021245665671864,5.0,50.0,1.0,injected
0.4,10,301169,11,0.09916486335965077,5.0,50.0,1.0,injected
0.4,10,301170,22,0.07663334538499131,5.0,50.0,1.0,injected
0.4,10,301171,9,0.22642514361399396,5.0,50.0,1.0,injected
0.4,10,301172,8,0.2340836777932589,5.0,50.0,1.0,injected
0.4,10,301173,60,0.0803248406197882,5.0,50.0,1.0,injected
0.4,10,301174,11,0.32116712992940494,5.0,50.0,1.0,injected
0.4,10,301175,7,0.2205164121397374,5.0,50.0,1.0,injected
0.4,10,301176,17,0.16239234795933402,5.0,50.0,1.0,injected
0.4,10,301177,51,0.16597436729924703,5.0,50.0,1.0,injected
0.4,10,301178,1,0.399705532142587,5.0,50.0,1.0,injected
0.4,10,301179,9,0.4982402848234555,5.0,50.0,1.0,injected
0.4,10,301180,11,0.3418934247454211,5.0,50.0,1.0,injected
0.4,10,301181,14,0.3095220977012733,5.0,50.0,1.0,injected
0.4,10,301182,12,0.24164448414601686,5.0,50.0,1.0,injected
0.4,10,301183,6,0.17125886138699137,5.0,50.0,1.0,injected
0.4,10,301184,10,0.47288472403681053,5.0,50.0,1.0,injected
0.4,10,301185,7,0.08625596510665491,5.0,50.0,1.0,injected
0.4,10,301186,45,0.1452254530673196,5.0,50.0,1.0,injected
0.4,10,301187,10,0.2623531726055527,5.0,50.0,1.0,injected
0.4,10,301188,9,0.09605994669071458,5.0,50.0,1.0,injected
0.4,10,301189,6,0.3364306842394966,5.0,50.0,1.0,injected
0.4,10,301190,6,0.09130205411494993,5.0,50.0,1.0,injected
0.4,10,301191,11,0.21221885554200254,5.0,50.0,1.0,injected
0.4,10,301192,20,0.08898579725805249,5.0,50.0,1.0,injected
0.4,10,301193,12,0.2297257924031846,5.0,50.0,1.0,injected
0.4,10,301194,10,0.2441358951611079,5.0,50.0,1.0,injected
0.4,10,301195,1,0.1830333379379767,5.0,50.0,1.0,injected
0.4,10,301196,32,0.2869605316695222,5.0,50.0,1.0,injected
0.4,10,301197,13,0.1519010431274216,5.0,50.0,1.0,injected
0.4,10,301198,17,0.1539323399720382,5.0,50.0,1.0,injected
0.4,10,301199,9,0.16527289514642868,5.0,50.0,1.0,injected
0.4,20,301200,60,0.09759674841900629,5.0,50.0,1.0,injected
0.4,20,301201,11,0.09409659019433303,5.0,50.0,1.0,injected
0.4,20,301202,18,0.11698534412462437,5.0,50.0,1.0,injected
0.4,20,301203,60,0.19314245182137987,5.0,50.0,1.0,injected
0.4,20,301204,16,0.39253986846834477,5.0,50.0,1.0,injected
0.4,20,301205,25,0.19467276516532134,5.0,50.0,1.0,injected
0.4,20,301206,20,0.24959275888043309,5.0,50.0,1.0,injected
0.4,20,301207,24,0.22650737046401156,5.0,50.0,1.0,injected
0.4,20,301208,18,0.1950922789965942,5.0,50.0,1.0,injected
0.4,20,301209,21,0.16424967284003383,5.0,50.0,1.0,injected
0.4,20,301210,20,0.17946784585102132,5.0,50.0,1.0,injected
0.4,20,301211,20,0.1394575540366675,5.0,50.0,1.0,injected
0.4,20,301212,22,0.28208672608031926,5.0,50.0,1.0,injected
0.4,20,301213,19,0.29434998383285427,5.0,50.0,1.0,injected
0.4,20,301214,17,0.1812551045420419,5.0,50.0,1.0,injected
0.4,20,301215,40,0.3074776634864589,5.0,50.0,1.0,injected
0.4,20,301216,25,0.2548865195956341,5.0,50.0,1.0,injected
0.4,20,301217,21,0.24376548998358208,5.0,50.0,1.0,injected
0.4,20,301218,21,0.16509939452848155,5.0,50.0,1.0,injected
0.4,20,301219,21,0.27428989211414967,5.0,50.0,1.0,injected
0.4,20,301220,20,0.14793075379674114,5.0,50.0,1.0,injected
0.4,20,301221,23,0.19322979258207093,5.0,50.0,1.0,injected
0.4,20,301222,11,0.30270342995362864,5.0,50.0,1.0,injected
0.4,20,301223,28,0.2416576914078047,5.0,50.0,1.0,injected
0.4,20,301224,24,0.4074274597453057,5.0,50.0,1.0,injected
0.4,20,301225,14,0.2518399013599911,5.0,50.0,1.0,injected
0.4,20,301226,31,0.3003318760894911,5.0,50.0,1.0,injected
0.4,20,301227,22,0.24696421979346855,5.0,50.0,1.0,injected
0.4,20,301228,49,0.14400964517215364,5.0,50.0,1.0,injected
0.4,20,301229,16,0.10933634997273903,5.0,50.0,1.0,injected
0.4,20,301230,23,0.34369082462630957,5.0,50.0,1.0,injected
0.4,20,301231,19,0.306875738566497,5.0,50.0,1.0,injected
0.4,20,301232,20,0.26933368873523567,5.0,50.0,1.0,injected
0.4,20,301233,40,0.12334874416116465,5.0,50.0,1.0,injected
0.4,20,301234,19,0.13697216388696412,5.0,50.0,1.0,injected
0.4,20,301235,19,0.23663245055650609,5.0,50.0,1.0,injected
0.4,20,301236,21,0.1892118776498698,5.0,50.0,1.0,injected
0.4,20,301237,24,0.09217862869147325,5.0,50.0,1.0,injected
0.4,20,301238,20,0.24873498063425298,5.0,50.0,1.0,injected
0.4,20,301239,28,0.2531746116275168,5.0,50.0,1.0,injected
0.4,20,301240,24,0.35187144131151515,5.0,50.0,1.0,injected
0.4,20,301241,24,0.29694842088197765,5.0,50.0,1.0,injected
0.4,20,301242,37,0.16303997361733233,5.0,50.0,1.0,injected
0.4,20,301243,21,0.3630543684861381,5.0,50.0,1.0,injected
0.4,20,301244,21,0.42214579442034894,5.0,50.0,1.0,injected
0.4,20,301245,15,0.21935206317599526,5.0,50.0,1.0,injected
0.4,20,301246,23,0.052195915030351245,5.0,50.0,1.0,injected
0.4,20,301247,26,0.3161431091210103,5.0,50.0,1.0,injected
0.4,20,301248,50,0.1968806794491117,5.0,50.0,1.0,injected
0.4,20,301249,23,0.18458256333501183,5.0,50.0,1.0,injected
0.4,20,301250,23,0.5505833134855711,5.0,50.0,1.0,injected
0.4,20,301251,22,0.3791935673882901,5.0,50.0,1.0,injected
0.4,20,301252,18,0.2795037986778083,5.0,50.0,1.0,injected
0.4,20,301253,22,0.21358135880642337,5.0,50.0,1.0,injected
0.4,20,301254,23,0.1579875106003989,5.0,50.0,1.0,injected
0.4,20,301255,37,0.29266537381517416,5.0,50.0,1.0,injected
0.4,20,301256,23,0.627355092018243,5.0,50.0,1.0,injected
0.4,20,301257,8,0.13557189666366726,5.0,50.0,1.0,injected
0.4,20,301258,20,0.204098569493028,5.0,50.0,1.0,injected
0.4,20,301259,50,0.16014832660085504,5.0,50.0,1.0,injected
0.4,20,301260,21,0.48478348454237163,5.0,50.0,1.0,injected
0.4,20,301261,19,0.20332193524754397,5.0,50.0,1.0,injected
0.4,20,301262,8,0.09571539472269022,5.0,50.0,1.0,injected
0.4,20,301263,20,0.18486763062894307,5.0,50.0,1.0,injected
0.4,20,301264,21,0.33115718770827607,5.0,50.0,1.0,injected
0.4,20,301265,0,0.11869555913737445,5.0,50.0,1.0,injected
0.4,20,301266,21,0.2718389726725029,5.0,50.0,1.0,injected
0.4,20,301267,29,0.45759356973699056,5.0,50.0,1.0,injected
0.4,20,301268,20,0.2817976022202717,5.0,50.0,1.0,injected
0.4,20,301269,30,0.3013441611305001,5.0,50.0,1.0,injected
0.4,20,301270,16,0.19947218020552693,5.0,50.0,1.0,injected
0.4,20,301271,60,0.13672852596127805,5.0,50.0,1.0,injected
0.4,20,301272,20,0.2766253675078289,5.0,50.0,1.0,injected
0.4,20,301273,24,0.6016497442920198,5.0,50.0,1.0,injected
0.4,20,301274,37,0.07441831134044403,5.0,50.0,1.0,injected
0.4,20,301275,22,0.24684136014099867,5.0,50.0,1.0,injected
0.4,20,301276,9,0.09016385658940707,5.0,50.0,1.0,injected
0.4,20,301277,19,0.32104086152907874,5.0,50.0,1.0,injected
0.4,20,301278,18,0.20105061463387214,5.0,50.0,1.0,injected
0.4,20,301279,23,0.25754053606666627,5.0,50.0,1.0,injected
0.4,20,301280,18,0.18889948004619111,5.0,50.0,1.0,injected
0.4,20,301281,17,0.18382642913722413,5.0,50.0,1.0,injected
0.4,20,301282,21,0.35082900137337336,5.0,50.0,1.0,injected
0.4,20,301283,16,0.29056095247650127,5.0,50.0,1.0,injected
0.4,20,301284,23,0.15476239418636017,5.0,50.0,1.0,injected
0.4,20,301285,18,0.2652094142690545,5.0,50.0,1.0,injected
0.4,20,301286,13,0.10908091469199922,5.0,50.0,1.0,injected
0.4,20,301287,17,0.21080578260389252,5.0,50.0,1.0,injected
0.4,20,301288,20,0.18833515762086353,5.0,50.0,1.0,injected
0.4,20,301289,26,0.4656288371920051,5.0,50.0,1.0,injected
0.4,20,301290,15,0.11206661759931791,5.0,50.0,1.0,injected
0.4,20,301291,14,0.30569118918400917,5.0,50.0,1.0,injected
0.4,20,301292,21,0.14286208538144926,5.0,50.0,1.0,injected
0.4,20,301293,23,0.21005343566093176,5.0,50.0,1.0,injected
0.4,20,301294,22,0.48931595694160357,5.0,50.0,1.0,injected
0.4,20,301295,25,0.11359225675520536,5.0,50.0,1.0,injected
0.4,20,301296,22,0.21310018205588038,5.0,50.0,1.0,injected
0.4,20,301297,17,0.188029036485794,5.0,50.0,1.0,injected
0.4,20,301298,21,0.21467323335395552,5.0,50.0,1.0,injected
0.4,20,301299,19,0.244859560590684,5.0,50.0,1.0,injected
0.4,20,301300,18,0.14478929195696655,5.0,50.0,1.0,injected
0.4,20,301301,0,0.18512288177275493,5.0,50.0,1.0,injected
0.4,20,301302,20,0.11141727480935146,5.0,50.0,1.0,injected
0.4,20,301303,27,0.21983228049681725,5.0,50.0,1.0,injected
0.4,20,301304,22,0.34564023137315014,5.0,50.0,1.0,injected
0.4,20,301305,17,0.2056689660192845,5.0,50.0,1.0,injected
0.4,20,301306,19,0.09535682392179504,5.0,50.0,1.0,injected
0.4,20,301307,19,0.25880161979497224,5.0,50.0,1.0,injected
0.4,20,301308,21,0.2056850858406567,5.0,50.0,1.0,injected
0.4,20,301309,13,0.24518908177708143,5.0,50.0,1.0,injected
0.4,20,301310,16,0.3202308992979257,5.0,50.0,1.0,injected
0.4,20,301311,29,0.5060588052224578,5.0,50.0,1.0,injected
0.4,20,301312,17,0.252363619032526,5.0,50.0,1.0,injected
0.4,20,301313,16,0.24153048207826033,5.0,50.0,1.0,injected
0.4,20,301314,17,0.29390894484735686,5.0,50.0,1.0,injected
0.4,20,301315,22,0.34212166898407925,5.0,50.0,1.0,injected
0.4,20,301316,22,0.27236075343618227,5.0,50.0,1.0,injected
0.4,20,301317,20,0.3965267006277189,5.0,50.0,1.0,injected
0.4,20,301318,20,0.31242493793855003,5.0,50.0,1.0,injected
0.4,20,301319,20,0.39373724414029426,5.0,50.0,1.0,injected
0.4,20,301320,19,0.1286841063069372,5.0,50.0,1.0,injected
0.4,20,301321,2,0.09870063245983787,5.0,50.0,1.0,injected
0.4,20,301322,13,0.09375527367777006,5.0,50.0,1.0,injected
0.4,20,301323,21,0.16799274438074077,5.0,50.0,1.0,injected
0.4,20,301324,18,0.14536455159807207,5.0,50.0,1.0,injected
0.4,20,301325,20,0.2446045853336657,5.0,50.0,1.0,injected
0.4,20,301326,59,0.15769633885779782,5.0,50.0,1.0,injected
0.4,20,301327,19,0.3152082430298095,5.0,50.0,1.0,injected
0.4,20,301328,21,0.048573783750297216,5.0,50.0,1.0,injected
0.4,20,301329,29,0.5421674664992858,5.0,50.0,1.0,injected
0.4,20,301330,20,0.3246074598791947,5.0,50.0,1.0,injected
0.4,20,301331,23,0.3591081570968261,5.0,50.0,1.0,injected
0.4,20,301332,17,0.0807753455605763,5.0,50.0,1.0,injected
0.4,20,301333,19,0.35200335825027407,5.0,50.0,1.0,injected
0.4,20,301334,16,0.09163015986436829,5.0,50.0,1.0,injected
0.4,20,301335,25,0.16986638662523612,5.0,50.0,1.0,injected
0.4,20,301336,21,0.30210247842288107,5.0,50.0,1.0,injected
0.4,20,301337,20,0.2453571854680022,5.0,50.0,1.0,injected
0.4,20,301338,17,0.20388643222271277,5.0,50.0,1.0,injected
0.4,20,301339,18,0.24255002779261559,5.0,50.0,1.0,injected
0.4,20,301340,20,0.24245510989102298,5.0,50.0,1.0,injected
0.4,20,301341,24,0.3446496365566191,5.0,50.0,1.0,injected
0.4,20,301342,12,0.15869485109889442,5.0,50.0,1.0,injected
0.4,20,301343,20,0.30425681389806386,5.0,50.0,1.0,injected
0.4,20,301344,20,0.2100612936106751,5.0,50.0,1.0,injected
0.4,20,301345,35,0.29888746853295056,5.0,50.0,1.0,injected
0.4,20,301346,20,0.32652117737251696,5.0,50.0,1.0,injected
0.4,20,301347,18,0.2391708306009478,5.0,50.0,1.0,injected
0.4,20,301348,16,0.22615306995849266,5.0,50.0,1.0,injected
0.4,20,301349,22,0.41120089175097496,5.0,50.0,1.0,injected
0.4,20,301350,24,0.4525881641365288,5.0,50.0,1.0,injected
0.4,20,301351,20,0.1677387510684424,5.0,50.0,1.0,injected
0.4,20,301352,0,0.49282456287063925,5.0,50.0,1.0,injected
0.4,20,301353,20,0.31456866882873413,5.0,50.0,1.0,injected
0.4,20,301354,21,0.37485834482918934,5.0,50.0,1.0,injected
0.4,20,301355,22,0.20767460965327428,5.0,50.0,1.0,injected
0.4,20,301356,2,0.08748155323357434,5.0,50.0,1.0,injected
0.4,20,301357,24,0.3167163175758415,5.0,50.0,1.0,injected
0.4,20,301358,18,0.3873943343251033,5.0,50.0,1.0,injected
0.4,20,301359,21,0.4031903295666425,5.0,50.0,1.0,injected
0.4,20,301360,28,0.2446644418601547,5.0,50.0,1.0,injected
0.4,20,301361,12,0.23002494485596708,5.0,50.0,1.0,injected
0.4,20,301362,19,0.27140457652177924,5.0,50.0,1.0,injected
0.4,20,301363,20,0.22496755135021962,5.0,50.0,1.0,injected
0.4,20,301364,23,0.34144684770825195,5.0,50.0,1.0,injected
0.4,20,301365,20,0.35993670959032353,5.0,50.0,1.0,injected
0.4,20,301366,2,0.1892184922956049,5.0,50.0,1.0,injected
0.4,20,301367,21,0.36759746181084924,5.0,50.0,1.0,injected
0.4,20,301368,23,0.28972214755205605,5.0,50.0,1.0,injected
0.4,20,301369,11,0.12604903502916973,5.0,50.0,1.0,injected
0.4,20,301370,21,0.511742369595089,5.0,50.0,1.0,injected
0.4,20,301371,29,0.4020733210827081,5.0,50.0,1.0,injected
0.4,20,301372,22,0.16381437704114393,5.0,50.0,1.0,injected
0.4,20,301373,21,0.483719618913426,5.0,50.0,1.0,injected
0.4,20,301374,23,0.4495565007935106,5.0,50.0,1.0,injected
0.4,20,301375,0,0.2154204444203299,5.0,50.0,1.0,injected
0.4,20,301376,10,0.14114380518281933,5.0,50.0,1.0,injected
0.4,20,301377,60,0.10849016082467963,5.0,50.0,1.0,injected
0.4,20,301378,25,0.3464527349574781,5.0,50.0,1.0,injected
0.4,20,301379,22,0.3946941844371799,5.0,50.0,1.0,injected
0.4,20,301380,18,0.11265368609638529,5.0,50.0,1.0,injected
0.4,20,301381,20,0.17402800855398937,5.0,50.0,1.0,injected
0.4,20,301382,35,0.3601917332195288,5.0,50.0,1.0,injected
0.4,20,301383,54,0.15755619470485688,5.0,50.0,1.0,injected
0.4,20,301384,22,0.34622972686035314,5.0,50.0,1.0,injected
0.4,20,301385,46,0.13515707878440847,5.0,50.0,1.0,injected
0.4,20,301386,21,0.06455043184722625,5.0,50.0,1.0,injected
0.4,20,301387,8,0.11365429484653823,5.0,50.0,1.0,injected
0.4,20,301388,0,0.20522551890892327,5.0,50.0,1.0,injected
0.4,20,301389,20,0.40280534790723976,5.0,50.0,1.0,injected
0.4,20,301390,43,0.26513507249125384,5.0,50.0,1.0,injected
0.4,20,301391,14,0.31328558216032365,5.0,50.0,1.0,injected
0.4,20,301392,59,0.1291949932165556,5.0,50.0,1.0,injected
0.4,20,301393,13,0.2573430579422176,5.0,50.0,1.0,injected
0.4,20,301394,23,0.2989134611859926,5.0,50.0,1.0,injected
0.4,20,301395,18,0.24299160541636133,5.0,50.0,1.0,injected
0.4,20,301396,25,0.14155168029863152,5.0,50.0,1.0,injected
0.4,20,301397,45,0.14678296541845953,5.0,50.0,1.0,injected
0.4,20,301398,19,0.20130200589991512,5.0,50.0,1.0,injected
0.4,20,301399,24,0.06790135312296139,5.0,50.0,1.0,injected
0.4,30,301400,34,0.23959796310351428,5.0,50.0,1.0,injected
0.4,30,301401,35,0.11045714345168463,5.0,50.0,1.0,injected
0.4,30,301402,26,0.3008807900933045,5.0,50.0,1.0,injected
0.4,30,301403,56,0.16430160028111288,5.0,50.0,1.0,injected
0.4,30,301404,28,0.1896259603762395,5.0,50.0,1.0,injected
0.4,30,301405,27,0.2731014356166532,5.0,50.0,1.0,injected
0.4,30,301406,28,0.2397967030779231,5.0,50.0,1.0,injected
0.4,30,301407,6,0.4419890291974608,5.0,50.0,1.0,injected
0.4,30,301408,34,0.4469796843569187,5.0,50.0,1.0,injected
0.4,30,301409,30,0.18213047378315475,5.0,50.0,1.0,injected
0.4,30,301410,32,0.2040521580567332,5.0,50.0,1.0,injected
0.4,30,301411,33,0.41696651180818456,5.0,50.0,1.0,injected
0.4,30,301412,24,0.5818275151920012,5.0,50.0,1.0,injected
0.4,30,301413,39,0.30810889275166947,5.0,50.0,1.0,injected
0.4,30,301414,28,0.1596176395400459,5.0,50.0,1.0,injected
0.4,30,301415,42,0.28546592028451523,5.0,50.0,1.0,injected
0.4,30,301416,30,0.28034293804634314,5.0,50.0,1.0,injected
0.4,30,301417,26,0.22444491821213525,5.0,50.0,1.0,injected
0.4,30,301418,12,0.11018098997204145,5.0,50.0,1.0,injected
0.4,30,301419,27,0.20495783442029653,5.0,50.0,1.0,injected
0.4,30,301420,32,0.19033940720899023,5.0,50.0,1.0,injected
0.4,30,301421,29,0.4118732065381078,5.0,50.0,1.0,injected
0.4,30,301422,32,0.42081435204084744,5.0,50.0,1.0,injected
0.4,30,301423,55,0.11028031449789835,5.0,50.0,1.0,injected
0.4,30,301424,34,0.15688129352799823,5.0,50.0,1.0,injected
0.4,30,301425,32,0.25504847439622275,5.0,50.0,1.0,injected
0.4,30,301426,32,0.3299002774085187,5.0,50.0,1.0,injected
0.4,30,301427,49,0.11051596770412547,5.0,50.0,1.0,injected
0.4,30,301428,30,0.138033727545597,5.0,50.0,1.0,injected
0.4,30,301429,29,0.4000266708484797,5.0,50.0,1.0,injected
0.4,30,301430,25,0.1531345958368595,5.0,50.0,1.0,injected
0.4,30,301431,34,0.4586936778750277,5.0,50.0,1.0,injected
0.4,30,301432,31,0.22161998207497546,5.0,50.0,1.0,injected
0.4,30,301433,28,0.5031979241046772,5.0,50.0,1.0,injected
0.4,30,301434,8,0.11236133777077603,5.0,50.0,1.0,injected
0.4,30,301435,27,0.24581620617519437,5.0,50.0,1.0,injected
0.4,30,301436,25,0.34255333993830517,5.0,50.0,1.0,injected
0.4,30,301437,31,0.13901541382442523,5.0,50.0,1.0,injected
0.4,30,301438,47,0.05136319806063436,5.0,50.0,1.0,injected
0.4,30,301439,38,0.25502283392775615,5.0,50.0,1.0,injected
0.4,30,301440,16,0.19896820784906877,5.0,50.0,1.0,injected
0.4,30,301441,30,0.35484290214482184,5.0,50.0,1.0,injected
0.4,30,301442,28,0.28081423677440687,5.0,50.0,1.0,injected
0.4,30,301443,25,0.11008101885446492,5.0,50.0,1.0,injected
0.4,30,301444,24,0.19672173966363166,5.0,50.0,1.0,injected
0.4,30,301445,60,0.42193344319380466,5.0,50.0,1.0,injected
0.4,30,301446,49,0.14918077367572333,5.0,50.0,1.0,injected
0.4,30,301447,31,0.1211254396025119,5.0,50.0,1.0,injected
0.4,30,301448,35,0.23670142198014077,5.0,50.0,1.0,injected
0.4,30,301449,31,0.2702547375151677,5.0,50.0,1.0,injected
0.4,30,301450,60,0.22048659876128043,5.0,50.0,1.0,injected
0.4,30,301451,33,0.4562252314489845,5.0,50.0,1.0,injected
0.4,30,301452,33,0.2094698198748855,5.0,50.0,1.0,injected
0.4,30,301453,32,0.194833975564486,5.0,50.0,1.0,injected
0.4,30,301454,26,0.06945048323027245,5.0,50.0,1.0,injected
0.4,30,301455,34,0.29269883729686696,5.0,50.0,1.0,injected
0.4,30,301456,29,0.19804405432845518,5.0,50.0,1.0,injected
0.4,30,301457,30,0.14393494521132155,5.0,50.0,1.0,injected
0.4,30,301458,27,0.12046420077659495,5.0,50.0,1.0,injected
0.4,30,301459,27,0.2531195550433166,5.0,50.0,1.0,injected
0.4,30,301460,34,0.18304514266721045,5.0,50.0,1.0,injected
0.4,30,301461,29,0.22258010900451192,5.0,50.0,1.0,injected
0.4,30,301462,26,0.09092202881200513,5.0,50.0,1.0,injected
0.4,30,301463,30,0.35227452581789964,5.0,50.0,1.0,injected
0.4,30,301464,30,0.22555374203499673,5.0,50.0,1.0,injected
0.4,30,301465,60,0.22119594359782008,5.0,50.0,1.0,injected
0.4,30,301466,60,0.11856933778382732,5.0,50.0,1.0,injected
0.4,30,301467,28,0.17965091305299086,5.0,50.0,1.0,injected
0.4,30,301468,0,0.14927935470186277,5.0,50.0,1.0,injected
0.4,30,301469,32,0.16014972414356438,5.0,50.0,1.0,injected
0.4,30,301470,29,0.3777881791135169,5.0,50.0,1.0,injected
0.4,30,301471,33,0.5568802683924172,5.0,50.0,1.0,injected
0.4,30,301472,30,0.37200017149410525,5.0,50.0,1.0,injected
0.4,30,301473,29,0.36848968969849055,5.0,50.0,1.0,injected
0.4,30,301474,30,0.38265537340970623,5.0,50.0,1.0,injected
0.4,30,301475,28,0.33375000206307404,5.0,50.0,1.0,injected
0.4,30,301476,2,0.16658626569827872,5.0,50.0,1.0,injected
0.4,30,301477,31,0.2506798333428233,5.0,50.0,1.0,injected
0.4,30,301478,7,0.11004934844463565,5.0,50.0,1.0,injected
0.4,30,301479,26,0.42109605334522293,5.0,50.0,1.0,injected
0.4,30,301480,60,0.12068159596194819,5.0,50.0,1.0,injected
0.4,30,301481,13,0.16811913168102124,5.0,50.0,1.0,injected
0.4,30,301482,33,0.2220143063108114,5.0,50.0,1.0,injected
0.4,30,301483,41,0.18441362666483713,5.0,50.0,1.0,injected
0.4,30,301484,27,0.12480999715378585,5.0,50.0,1.0,injected
0.4,30,301485,26,0.298601046504871,5.0,50.0,1.0,injected
0.4,30,301486,31,0.18916288416261945,5.0,50.0,1.0,injected
0.4,30,301487,36,0.1936724211120492,5.0,50.0,1.0,injected
0.4,30,301488,26,0.19700599853532938,5.0,50.0,1.0,injected
0.4,30,301489,33,0.2390361103385739,5.0,50.0,1.0,injected
0.4,30,301490,37,0.17313898252678236,5.0,50.0,1.0,injected
0.4,30,301491,34,0.20428286192167244,5.0,50.0,1.0,injected
0.4,30,301492,29,0.24091914824567795,5.0,50.0,1.0,injected
0.4,30,301493,27,0.15508989965854314,5.0,50.0,1.0,injected
0.4,30,301494,30,0.3163564812959321,5.0,50.0,1.0,injected
0.4,30,301495,37,0.17385435102086197,5.0,50.0,1.0,injected
0.4,30,301496,60,0.29074141795177844,5.0,50.0,1.0,injected
0.4,30,301497,32,0.2567938648403491,5.0,50.0,1.0,injected
0.4,30,301498,33,0.15917553970481668,5.0,50.0,1.0,injected
0.4,30,301499,33,0.25228719590077564,5.0,50.0,1.0,injected
0.4,30,301500,34,0.3290085875825688,5.0,50.0,1.0,injected
0.4,30,301501,29,0.1427196147725913,5.0,50.0,1.0,injected
0.4,30,301502,25,0.1981474234178741,5.0,50.0,1.0,injected
0.4,30,301503,2,0.2856743019135361,5.0,50.0,1.0,injected
0.4,30,301504,27,0.28790149809095655,5.0,50.0,1.0,injected
0.4,30,301505,29,0.25916479175645507,5.0,50.0,1.0,injected
0.4,30,301506,30,0.2231347599376542,5.0,50.0,1.0,injected
0.4,30,301507,41,0.20521230238123117,5.0,50.0,1.0,injected
0.4,30,301508,27,0.24682669986362663,5.0,50.0,1.0,injected
0.4,30,301509,32,0.18448173034290424,5.0,50.0,1.0,injected
0.4,30,301510,32,0.2998166569262968,5.0,50.0,1.0,injected
0.4,30,301511,15,0.05796646780579093,5.0,50.0,1.0,injected
0.4,30,301512,25,0.3140660608168834,5.0,50.0,1.0,injected
0.4,30,301513,44,0.2535531039257409,5.0,50.0,1.0,injected
0.4,30,301514,34,0.22357859216249623,5.0,50.0,1.0,injected
0.4,30,301515,30,0.23817779810902742,5.0,50.0,1.0,injected
0.4,30,301516,30,0.2625310956548812,5.0,50.0,1.0,injected
0.4,30,301517,30,0.20718426457069417,5.0,50.0,1.0,injected
0.4,30,301518,29,0.2531385715179388,5.0,50.0,1.0,injected
0.4,30,301519,47,0.3142851964075578,5.0,50.0,1.0,injected
0.4,30,301520,30,0.239837882539163,5.0,50.0,1.0,injected
0.4,30,301521,30,0.31528372126772425,5.0,50.0,1.0,injected
0.4,30,301522,30,0.2359100263364223,5.0,50.0,1.0,injected
0.4,30,301523,53,0.21455000979599548,5.0,50.0,1.0,injected
0.4,30,301524,45,0.09134141635287055,5.0,50.0,1.0,injected
0.4,30,301525,24,0.09637073970623311,5.0,50.0,1.0,injected
0.4,30,301526,30,0.30469469431898555,5.0,50.0,1.0,injected
0.4,30,301527,32,0.15530124280080726,5.0,50.0,1.0,injected
0.4,30,301528,16,0.17768600048063055,5.0,50.0,1.0,injected
0.4,30,301529,29,0.30308891731627197,5.0,50.0,1.0,injected
0.4,30,301530,51,0.33811456564737963,5.0,50.0,1.0,injected
0.4,30,301531,36,0.29614920622585283,5.0,50.0,1.0,injected
0.4,30,301532,25,0.36922711391759255,5.0,50.0,1.0,injected
0.4,30,301533,32,0.20320679584369128,5.0,50.0,1.0,injected
0.4,30,301534,28,0.4005526112243103,5.0,50.0,1.0,injected
0.4,30,301535,26,0.2937115567546985,5.0,50.0,1.0,injected
0.4,30,301536,27,0.3375937877243225,5.0,50.0,1.0,injected
0.4,30,301537,27,0.22262094445927394,5.0,50.0,1.0,injected
0.4,30,301538,30,0.2810762700270578,5.0,50.0,1.0,injected
0.4,30,301539,58,0.2552506377656163,5.0,50.0,1.0,injected
0.4,30,301540,29,0.20038393872842772,5.0,50.0,1.0,injected
0.4,30,301541,27,0.25823358084575865,5.0,50.0,1.0,injected
0.4,30,301542,27,0.21620034084650092,5.0,50.0,1.0,injected
0.4,30,301543,30,0.2259081178772581,5.0,50.0,1.0,injected
0.4,30,301544,22,0.29701665944775596,5.0,50.0,1.0,injected
0.4,30,301545,32,0.21753199078219465,5.0,50.0,1.0,injected
0.4,30,301546,29,0.1574201760535643,5.0,50.0,1.0,injected
0.4,30,301547,25,0.0980429525602276,5.0,50.0,1.0,injected
0.4,30,301548,37,0.16803206338732948,5.0,50.0,1.0,injected
0.4,30,301549,32,0.16036362116105657,5.0,50.0,1.0,injected
0.4,30,301550,29,0.2973507308519326,5.0,50.0,1.0,injected
0.4,30,301551,4,0.12927186042642813,5.0,50.0,1.0,injected
0.4,30,301552,34,0.48934307612704186,5.0,50.0,1.0,injected
0.4,30,301553,29,0.25985090849591846,5.0,50.0,1.0,injected
0.4,30,301554,29,0.24982828210824384,5.0,50.0,1.0,injected
0.4,30,301555,33,0.4606664072832239,5.0,50.0,1.0,injected
0.4,30,301556,31,0.19527454227573676,5.0,50.0,1.0,injected
0.4,30,301557,38,0.20970657747842603,5.0,50.0,1.0,injected
0.4,30,301558,39,0.33359268251828067,5.0,50.0,1.0,injected
0.4,30,301559,30,0.22081647130735013,5.0,50.0,1.0,injected
0.4,30,301560,32,0.2930107982244467,5.0,50.0,1.0,injected
0.4,30,301561,28,0.281174143620791,5.0,50.0,1.0,injected
0.4,30,301562,41,0.10611089646830078,5.0,50.0,1.0,injected
0.4,30,301563,25,0.3308730503437455,5.0,50.0,1.0,injected
0.4,30,301564,29,0.3510459136889436,5.0,50.0,1.0,injected
0.4,30,301565,28,0.13479583970379255,5.0,50.0,1.0,injected
0.4,30,301566,31,0.307975200790107,5.0,50.0,1.0,injected
0.4,30,301567,53,0.18895543946226145,5.0,50.0,1.0,injected
0.4,30,301568,28,0.300713781975385,5.0,50.0,1.0,injected
0.4,30,301569,24,0.3261552767725044,5.0,50.0,1.0,injected
0.4,30,301570,33,0.2760877365109822,5.0,50.0,1.0,injected
0.4,30,301571,24,0.38731575523589856,5.0,50.0,1.0,injected
0.4,30,301572,36,0.295985100594335,5.0,50.0,1.0,injected
0.4,30,301573,18,0.1856068966028047,5.0,50.0,1.0,injected
0.4,30,301574,30,0.3807257744961887,5.0,50.0,1.0,injected
0.4,30,301575,59,0.08685363765159805,5.0,50.0,1.0,injected
0.4,30,301576,29,0.42945889594808345,5.0,50.0,1.0,injected
0.4,30,301577,33,0.18916291986038472,5.0,50.0,1.0,injected
0.4,30,301578,28,0.38758188903784146,5.0,50.0,1.0,injected
0.4,30,301579,31,0.2614481915731671,5.0,50.0,1.0,injected
0.4,30,301580,29,0.30091277763505053,5.0,50.0,1.0,injected
0.4,30,301581,33,0.29662038605019514,5.0,50.0,1.0,injected
0.4,30,301582,29,0.2078218529286988,5.0,50.0,1.0,injected
0.4,30,301583,28,0.11624039020622284,5.0,50.0,1.0,injected
0.4,30,301584,33,0.32070861429518527,5.0,50.0,1.0,injected
0.4,30,301585,29,0.23092136293142776,5.0,50.0,1.0,injected
0.4,30,301586,30,0.30735172639518166,5.0,50.0,1.0,injected
0.4,30,301587,30,0.2922338420283873,5.0,50.0,1.0,injected
0.4,30,301588,43,0.15751290721636396,5.0,50.0,1.0,injected
0.4,30,301589,33,0.410139791966295,5.0,50.0,1.0,injected
0.4,30,301590,30,0.12493952037098865,5.0,50.0,1.0,injected
0.4,30,301591,34,0.15933641280126526,5.0,50.0,1.0,injected
0.4,30,301592,51,0.16807642701389208,5.0,50.0,1.0,injected
0.4,30,301593,31,0.19129142505169022,5.0,50.0,1.0,injected
0.4,30,301594,33,0.16654833693336646,5.0,50.0,1.0,injected
0.4,30,301595,28,0.18151376123146853,5.0,50.0,1.0,injected
0.4,30,301596,32,0.4865570114107779,5.0,50.0,1.0,injected
0.4,30,301597,21,0.19784924825586792,5.0,50.0,1.0,injected
0.4,30,301598,30,0.1859220978405766,5.0,50.0,1.0,injected
0.4,30,301599,23,0.28601584035510125,5.0,50.0,1.0,injected
0.6,10,301600,10,0.4686269533453595,5.0,50.0,1.0,injected
0.6,10,301601,10,0.5456937020385157,5.0,50.0,1.0,injected
0.6,10,301602,11,0.6203789945420894,5.0,50.0,1.0,injected
0.6,10,301603,8,0.46640542438245436,5.0,50.0,1.0,injected
0.6,10,301604,9,0.49064300847897757,5.0,50.0,1.0,injected
0.6,10,301605,10,0.726421033753325,5.0,50.0,1.0,injected
0.6,10,301606,10,0.6197402300713731,5.0,50.0,1.0,injected
0.6,10,301607,7,0.6327969686546018,5.0,50.0,1.0,injected
0.6,10,301608,9,0.348290914709341,5.0,50.0,1.0,injected
0.6,10,301609,11,0.3261365659943909,5.0,50.0,1.0,injected
0.6,10,301610,9,0.632615018765595,5.0,50.0,1.0,injected
0.6,10,301611,9,0.43605397232203824,5.0,50.0,1.0,injected
0.6,10,301612,11,0.5168009375099198,5.0,50.0,1.0,injected
0.6,10,301613,8,0.587279025665981,5.0,50.0,1.0,injected
0.6,10,301614,10,0.3482403425917169,5.0,50.0,1.0,injected
0.6,10,301615,12,0.40518858412339454,5.0,50.0,1.0,injected
0.6,10,301616,11,0.6368786503313584,5.0,50.0,1.0,injected
0.6,10,301617,9,0.3880162909568294,5.0,50.0,1.0,injected
0.6,10,301618,10,0.6395641141238421,5.0,50.0,1.0,injected
0.6,10,301619,12,0.2778766416251088,5.0,50.0,1.0,injected
0.6,10,301620,10,0.6040501968390344,5.0,50.0,1.0,injected
0.6,10,301621,9,0.3634383302850983,5.0,50.0,1.0,injected
0.6,10,301622,11,0.43742595200622175,5.0,50.0,1.0,injected
0.6,10,301623,10,0.5976761117197076,5.0,50.0,1.0,injected
0.6,10,301624,11,0.6625595150313237,5.0,50.0,1.0,injected
0.6,10,301625,9,0.5507151447540646,5.0,50.0,1.0,injected
0.6,10,301626,10,0.31391633317483564,5.0,50.0,1.0,injected
0.6,10,301627,10,0.3796033194221612,5.0,50.0,1.0,injected
0.6,10,301628,8,0.6358007158413548,5.0,50.0,1.0,injected
0.6,10,301629,10,0.8216724136351349,5.0,50.0,1.0,injected
0.6,10,301630,10,0.6186816315337382,5.0,50.0,1.0,injected
0.6,10,301631,13,0.4993995090549555,5.0,50.0,1.0,injected
0.6,10,301632,9,0.5719508002406075,5.0,50.0,1.0,injected
0.6,10,301633,10,0.47358793836729857,5.0,50.0,1.0,injected
0.6,10,301634,10,0.5445575024392204,5.0,50.0,1.0,injected
0.6,10,301635,14,0.4288538072695617,5.0,50.0,1.0,injected
0.6,10,301636,8,0.38205068341150206,5.0,50.0,1.0,injected
0.6,10,301637,8,0.4705745838619274,5.0,50.0,1.0,injected
0.6,10,301638,9,0.4364962375976036,5.0,50.0,1.0,injected
0.6,10,301639,10,0.8566384489366838,5.0,50.0,1.0,injected
0.6,10,301640,9,0.5340412183326152,5.0,50.0,1.0,injected
0.6,10,301641,10,0.39525251838013126,5.0,50.0,1.0,injected
0.6,10,301642,10,0.423465741508644,5.0,50.0,1.0,injected
0.6,10,301643,12,0.511460436136294,5.0,50.0,1.0,injected
0.6,10,301644,11,0.7540916367935371,5.0,50.0,1.0,injected
0.6,10,301645,12,0.5340093715288682,5.0,50.0,1.0,injected
0.6,10,301646,9,0.6904136055363602,5.0,50.0,1.0,injected
0.6,10,301647,11,0.6578857506905919,5.0,50.0,1.0,injected
0.6,10,301648,9,0.3850406651437994,5.0,50.0,1.0,injected
0.6,10,301649,10,0.6120968290696734,5.0,50.0,1.0,injected
0.6,10,301650,10,0.4869215434674055,5.0,50.0,1.0,injected
0.6,10,301651,8,0.1837422538408516,5.0,50.0,1.0,injected
0.6,10,301652,8,0.5599635833552289,5.0,50.0,1.0,injected
0.6,10,301653,9,0.35618892207341224,5.0,50.0,1.0,injected
0.6,10,301654,10,0.6441678516900271,5.0,50.0,1.0,injected
0.6,10,301655,9,0.5747496399430618,5.0,50.0,1.0,injected
0.6,10,301656,11,0.6162111655144542,5.0,50.0,1.0,injected
0.6,10,301657,11,0.5725977072245843,5.0,50.0,1.0,injected
0.6,10,301658,10,0.5354200285468153,5.0,50.0,1.0,injected
0.6,10,301659,6,0.5482395182461809,5.0,50.0,1.0,injected
0.6,10,301660,10,0.37421038840401627,5.0,50.0,1.0,injected
0.6,10,301661,8,0.4298987688193724,5.0,50.0,1.0,injected
0.6,10,301662,9,0.5600039755488544,5.0,50.0,1.0,injected
0.6,10,301663,11,0.6084227266677207,5.0,50.0,1.0,injected
0.6,10,301664,13,0.40188154974361007,5.0,50.0,1.0,injected
0.6,10,301665,11,0.4717494712702296,5.0,50.0,1.0,injected
0.6,10,301666,9,0.5625409419227247,5.0,50.0,1.0,injected
0.6,10,301667,10,0.42413542536901216,5.0,50.0,1.0,injected
0.6,10,301668,12,0.7220743347989824,5.0,50.0,1.0,injected
0.6,10,301669,11,0.570799565951851,5.0,50.0,1.0,injected
0.6,10,301670,10,0.45799851604187447,5.0,50.0,1.0,injected
0.6,10,301671,12,0.5767169457603425,5.0,50.0,1.0,injected
0.6,10,301672,13,0.796892061645997,5.0,50.0,1.0,injected
0.6,10,301673,10,0.6088308742922468,5.0,50.0,1.0,injected
0.6,10,301674,11,0.2660309847466268,5.0,50.0,1.0,injected
0.6,10,301675,10,0.13898511887942677,5.0,50.0,1.0,injected
0.6,10,301676,10,0.47046740253711455,5.0,50.0,1.0,injected
0.6,10,301677,11,0.7585909319754451,5.0,50.0,1.0,injected
0.6,10,301678,11,0.4415005265982712,5.0,50.0,1.0,injected
0.6,10,301679,7,0.42777456362838795,5.0,50.0,1.0,injected
0.6,10,301680,9,0.23196789909674567,5.0,50.0,1.0,injected
0.6,10,301681,11,0.5044680023219634,5.0,50.0,1.0,injected
0.6,10,301682,10,0.4461387993758727,5.0,50.0,1.0,injected
0.6,10,301683,14,0.7370292525801825,5.0,50.0,1.0,injected
0.6,10,301684,5,0.3767274854679943,5.0,50.0,1.0,injected
0.6,10,301685,8,0.4782942125935392,5.0,50.0,1.0,injected
0.6,10,301686,10,0.28226715804528124,5.0,50.0,1.0,injected
0.6,10,301687,9,0.6372517223792269,5.0,50.0,1.0,injected
0.6,10,301688,12,0.6590030394873683,5.0,50.0,1.0,injected
0.6,10,301689,7,0.35988814182520823,5.0,50.0,1.0,injected
0.6,10,301690,10,0.5772174420089882,5.0,50.0,1.0,injected
0.6,10,301691,13,0.3418152395035654,5.0,50.0,1.0,injected
0.6,10,301692,8,0.6449596725417055,5.0,50.0,1.0,injected
0.6,10,301693,7,0.8159229479621403,5.0,50.0,1.0,injected
0.6,10,301694,8,0.22071214455342983,5.0,50.0,1.0,injected
0.6,10,301695,9,0.6442664162141535,5.0,50.0,1.0,injected
0.6,10,301696,10,0.3939792366030813,5.0,50.0,1.0,injected
0.6,10,301697,10,0.5075547986784582,5.0,50.0,1.0,injected
0.6,10,301698,12,0.3751687067295434,5.0,50.0,1.0,injected
0.6,10,301699,12,0.3982715723381774,5.0,50.0,1.0,injected
0.6,10,301700,9,0.6877158205777213,5.0,50.0,1.0,injected
0.6,10,301701,9,0.4894764828190246,5.0,50.0,1.0,injected
0.6,10,301702,8,0.4248945251144919,5.0,50.0,1.0,injected
0.6,10,301703,11,0.43536814337516216,5.0,50.0,1.0,injected
0.6,10,301704,13,0.446398171888469,5.0,50.0,1.0,injected
0.6,10,301705,10,0.6241487122548519,5.0,50.0,1.0,injected
0.6,10,301706,10,0.5272471026995814,5.0,50.0,1.0,injected
0.6,10,301707,9,0.471982931017795,5.0,50.0,1.0,injected
0.6,10,301708,9,0.5252330569642667,5.0,50.0,1.0,injected
0.6,10,301709,11,0.6787793401537776,5.0,50.0,1.0,injected
0.6,10,301710,10,0.7371461896704965,5.0,50.0,1.0,injected
0.6,10,301711,10,0.7678913796653242,5.0,50.0,1.0,injected
0.6,10,301712,10,0.42484951700427176,5.0,50.0,1.0,injected
0.6,10,301713,9,0.6569074257377299,5.0,50.0,1.0,injected
0.6,10,301714,9,0.6613188253022605,5.0,50.0,1.0,injected
0.6,10,301715,9,0.4621236281104562,5.0,50.0,1.0,injected
0.6,10,301716,9,0.44830860155555097,5.0,50.0,1.0,injected
0.6,10,301717,9,0.6391786638596777,5.0,50.0,1.0,injected
0.6,10,301718,11,0.5560622201643963,5.0,50.0,1.0,injected
0.6,10,301719,11,0.5694852820827758,5.0,50.0,1.0,injected
0.6,10,301720,12,0.5823944866807768,5.0,50.0,1.0,injected
0.6,10,301721,14,0.34134749465466224,5.0,50.0,1.0,injected
0.6,10,301722,8,0.5468391541053575,5.0,50.0,1.0,injected
0.6,10,301723,12,0.4949243113781366,5.0,50.0,1.0,injected
0.6,10,301724,9,0.5312644856228191,5.0,50.0,1.0,injected
0.6,10,301725,8,0.5848617026884397,5.0,50.0,1.0,injected
0.6,10,301726,10,0.35962248709237077,5.0,50.0,1.0,injected
0.6,10,301727,9,0.5583771856338287,5.0,50.0,1.0,injected
0.6,10,301728,9,0.4866212245488405,5.0,50.0,1.0,injected
0.6,10,301729,11,0.6754141770540267,5.0,50.0,1.0,injected
0.6,10,301730,12,0.4964446343587032,5.0,50.0,1.0,injected
0.6,10,301731,9,0.6382408654499001,5.0,50.0,1.0,injected
0.6,10,301732,10,0.5108388089594833,5.0,50.0,1.0,injected
0.6,10,301733,10,0.6353489850444636,5.0,50.0,1.0,injected
0.6,10,301734,10,0.4751661668820213,5.0,50.0,1.0,injected
0.6,10,301735,11,0.5651179693629064,5.0,50.0,1.0,injected
0.6,10,301736,11,0.4417613787998138,5.0,50.0,1.0,injected
0.6,10,301737,11,0.5929826312466997,5.0,50.0,1.0,injected
0.6,10,301738,9,0.5987815462072525,5.0,50.0,1.0,injected
0.6,10,301739,9,0.6138767809928133,5.0,50.0,1.0,injected
0.6,10,301740,10,0.5725740598611517,5.0,50.0,1.0,injected
0.6,10,301741,10,0.7716183707364153,5.0,50.0,1.0,injected
0.6,10,301742,9,0.6389344947071338,5.0,50.0,1.0,injected
0.6,10,301743,11,0.5053302752568236,5.0,50.0,1.0,injected
0.6,10,301744,9,0.6477777308698144,5.0,50.0,1.0,injected
0.6,10,301745,11,0.6012061049757056,5.0,50.0,1.0,injected
0.6,10,301746,13,0.7467361594862132,5.0,50.0,1.0,injected
0.6,10,301747,12,0.6021571509893003,5.0,50.0,1.0,injected
0.6,10,301748,11,0.4814633903919104,5.0,50.0,1.0,injected
0.6,10,301749,9,0.2952050971024654,5.0,50.0,1.0,injected
0.6,10,301750,9,0.30782188739133715,5.0,50.0,1.0,injected
0.6,10,301751,11,0.5986436411012896,5.0,50.0,1.0,injected
0.6,10,301752,10,0.7823472263363382,5.0,50.0,1.0,injected
0.6,10,301753,12,0.739570569291568,5.0,50.0,1.0,injected
0.6,10,301754,7,0.5817900190895036,5.0,50.0,1.0,injected
0.6,10,301755,11,0.5780014859964002,5.0,50.0,1.0,injected
0.6,10,301756,11,0.4568960479166878,5.0,50.0,1.0,injected
0.6,10,301757,10,0.4558959095252335,5.0,50.0,1.0,injected
0.6,10,301758,10,0.3708422753955031,5.0,50.0,1.0,injected
0.6,10,301759,11,0.7385307738434448,5.0,50.0,1.0,injected
0.6,10,301760,10,0.8130811218376759,5.0,50.0,1.0,injected
0.6,10,301761,12,0.5915091036914785,5.0,50.0,1.0,injected
0.6,10,301762,13,0.41161897224473704,5.0,50.0,1.0,injected
0.6,10,301763,13,0.4131067565936023,5.0,50.0,1.0,injected
0.6,10,301764,8,0.5852452371316441,5.0,50.0,1.0,injected
0.6,10,301765,12,0.5723142099899983,5.0,50.0,1.0,injected
0.6,10,301766,11,0.5903772900821976,5.0,50.0,1.0,injected
0.6,10,301767,13,0.3539984561241759,5.0,50.0,1.0,injected
0.6,10,301768,10,0.5071521596396478,5.0,50.0,1.0,injected
0.6,10,301769,11,0.5610701795990072,5.0,50.0,1.0,injected
0.6,10,301770,10,0.44793270017500103,5.0,50.0,1.0,injected
0.6,10,301771,11,0.7000888343957716,5.0,50.0,1.0,injected
0.6,10,301772,12,0.6053157252744502,5.0,50.0,1.0,injected
0.6,10,301773,12,0.5781664756449476,5.0,50.0,1.0,injected
0.6,10,301774,11,0.5841160386614233,5.0,50.0,1.0,injected
0.6,10,301775,9,0.45195789494331107,5.0,50.0,1.0,injected
0.6,10,301776,9,0.38678715422420246,5.0,50.0,1.0,injected
0.6,10,301777,9,0.5679036161964599,5.0,50.0,1.0,injected
0.6,10,301778,11,0.4632681485128888,5.0,50.0,1.0,injected
0.6,10,301779,10,0.5624570120850001,5.0,50.0,1.0,injected
0.6,10,301780,10,0.5943715666274807,5.0,50.0,1.0,injected
0.6,10,301781,10,0.25152243892684184,5.0,50.0,1.0,injected
0.6,10,301782,10,0.5625212377834454,5.0,50.0,1.0,injected
0.6,10,301783,13,0.6922413559190113,5.0,50.0,1.0,injected
0.6,10,301784,11,0.6896717468473323,5.0,50.0,1.0,injected
0.6,10,301785,7,0.46234329301193355,5.0,50.0,1.0,injected
0.6,10,301786,11,0.30573002047470244,5.0,50.0,1.0,injected
0.6,10,301787,13,0.49327619177214094,5.0,50.0,1.0,injected
0.6,10,301788,11,0.4692481327535558,5.0,50.0,1.0,injected
0.6,10,301789,9,0.47836710970300345,5.0,50.0,1.0,injected
0.6,10,301790,9,0.6019575764129003,5.0,50.0,1.0,injected
0.6,10,301791,9,0.4061304457339333,5.0,50.0,1.0,injected
0.6,10,301792,9,0.6675711925660337,5.0,50.0,1.0,injected
0.6,10,301793,10,0.5213860380727637,5.0,50.0,1.0,injected
0.6,10,301794,11,0.7323873173636468,5.0,50.0,1.0,injected
0.6,10,301795,13,0.44519519769330884,5.0,50.0,1.0,injected
0.6,10,301796,11,0.4722488595412051,5.0,50.0,1.0,injected
0.6,10,301797,10,0.27256381314542455,5.0,50.0,1.0,injected
0.6,10,301798,11,0.5373338666546291,5.0,50.0,1.0,injected
0.6,10,301799,11,0.7013382564402673,5.0,50.0,1.0,injected
0.6,20,301800,20,0.69247604808312,5.0,50.0,1.0,injected
0.6,20,301801,24,0.8274012697770523,5.0,50.0,1.0,injected
0.6,20,301802,20,0.5653180131516425,5.0,50.0,1.0,injected
0.6,20,301803,21,0.7442440493347594,5.0,50.0,1.0,injected
0.6,20,301804,21,0.48287124964986794,5.0,50.0,1.0,injected
0.6,20,301805,21,0.5419763256793733,5.0,50.0,1.0,injected
0.6,20,301806,21,0.3935127928637844,5.0,50.0,1.0,injected
0.6,20,301807,21,0.5245669518139735,5.0,50.0,1.0,injected
0.6,20,301808,20,0.4926604275319456,5.0,50.0,1.0,injected
0.6,20,301809,19,0.5672786384754829,5.0,50.0,1.0,injected
0.6,20,301810,19,0.44825077001891844,5.0,50.0,1.0,injected
0.6,20,301811,23,0.5266903286514418,5.0,50.0,1.0,injected
0.6,20,301812,18,0.38406524758431815,5.0,50.0,1.0,injected
0.6,20,301813,21,0.6617920059884195,5.0,50.0,1.0,injected
0.6,20,301814,21,0.5051359178184944,5.0,50.0,1.0,injected
0.6,20,301815,21,0.33786542242061174,5.0,50.0,1.0,injected
0.6,20,301816,21,0.47741047361855515,5.0,50.0,1.0,injected
0.6,20,301817,22,0.6179415578112931,5.0,50.0,1.0,injected
0.6,20,301818,20,0.4680708931876241,5.0,50.0,1.0,injected
0.6,20,301819,20,0.6093643658128579,5.0,50.0,1.0,injected
0.6,20,301820,20,0.4647787638847247,5.0,50.0,1.0,injected
0.6,20,301821,21,0.33872311679200917,5.0,50.0,1.0,injected
0.6,20,301822,20,0.6802126121233897,5.0,50.0,1.0,injected
0.6,20,301823,21,0.3398475564002756,5.0,50.0,1.0,injected
0.6,20,301824,18,0.32142319538429287,5.0,50.0,1.0,injected
0.6,20,301825,20,0.6776380363896506,5.0,50.0,1.0,injected
0.6,20,301826,19,0.40939712280080964,5.0,50.0,1.0,injected
0.6,20,301827,20,0.6776346949911892,5.0,50.0,1.0,injected
0.6,20,301828,19,0.5016569789444396,5.0,50.0,1.0,injected
0.6,20,301829,22,0.6206175368965539,5.0,50.0,1.0,injected
0.6,20,301830,21,0.5250099105170999,5.0,50.0,1.0,injected
0.6,20,301831,18,0.37357594093925933,5.0,50.0,1.0,injected
0.6,20,301832,19,0.37963817245159037,5.0,50.0,1.0,injected
0.6,20,301833,19,0.40197801025214097,5.0,50.0,1.0,injected
0.6,20,301834,19,0.6032510084688725,5.0,50.0,1.0,injected
0.6,20,301835,20,0.5691182892290202,5.0,50.0,1.0,injected
0.6,20,301836,19,0.609024613006387,5.0,50.0,1.0,injected
0.6,20,301837,21,0.715099500737497,5.0,50.0,1.0,injected
0.6,20,301838,20,0.4447549760189723,5.0,50.0,1.0,injected
0.6,20,301839,20,0.4616048720812038,5.0,50.0,1.0,injected
0.6,20,301840,19,0.722762315798452,5.0,50.0,1.0,injected
0.6,20,301841,20,0.6204625340256611,5.0,50.0,1.0,injected
0.6,20,301842,20,0.690485155914313,5.0,50.0,1.0,injected
0.6,20,301843,17,0.4813616546182783,5.0,50.0,1.0,injected
0.6,20,301844,21,0.47206787199423283,5.0,50.0,1.0,injected
0.6,20,301845,20,0.37704274585911857,5.0,50.0,1.0,injected
0.6,20,301846,17,0.6033040495097639,5.0,50.0,1.0,injected
0.6,20,301847,21,0.6769774303146556,5.0,50.0,1.0,injected
0.6,20,301848,21,0.5122277077707527,5.0,50.0,1.0,injected
0.6,20,301849,21,0.5154801803349096,5.0,50.0,1.0,injected
0.6,20,301850,20,0.5303588665198636,5.0,50.0,1.0,injected
0.6,20,301851,18,0.6720010548482354,5.0,50.0,1.0,injected
0.6,20,301852,20,0.5987541923441363,5.0,50.0,1.0,injected
0.6,20,301853,19,0.4282308175818407,5.0,50.0,1.0,injected
0.6,20,301854,20,0.3930610113651143,5.0,50.0,1.0,injected
0.6,20,301855,19,0.5349262427680085,5.0,50.0,1.0,injected
0.6,20,301856,23,0.34923148840719676,5.0,50.0,1.0,injected
0.6,20,301857,21,0.4812871180949163,5.0,50.0,1.0,injected
0.6,20,301858,21,0.5644127989709333,5.0,50.0,1.0,injected
0.6,20,301859,20,0.24911910611025684,5.0,50.0,1.0,injected
0.6,20,301860,20,0.40614703044872746,5.0,50.0,1.0,injected
0.6,20,301861,20,0.4560846231249201,5.0,50.0,1.0,injected
0.6,20,301862,21,0.4048485640537641,5.0,50.0,1.0,injected
0.6,20,301863,19,0.5720042723062495,5.0,50.0,1.0,injected
0.6,20,301864,21,0.4666427785985883,5.0,50.0,1.0,injected
0.6,20,301865,19,0.529052579349597,5.0,50.0,1.0,injected
0.6,20,301866,19,0.5794490676905455,5.0,50.0,1.0,injected
0.6,20,301867,18,0.33202520796064255,5.0,50.0,1.0,injected
0.6,20,301868,20,0.4633756396951889,5.0,50.0,1.0,injected
0.6,20,301869,20,0.5979510441060011,5.0,50.0,1.0,injected
0.6,20,301870,20,0.3807971379151496,5.0,50.0,1.0,injected
0.6,20,301871,19,0.5699974781806646,5.0,50.0,1.0,injected
0.6,20,301872,18,0.8326946165905438,5.0,50.0,1.0,injected
0.6,20,301873,18,0.3759067018330566,5.0,50.0,1.0,injected
0.6,20,301874,19,0.5481283668750574,5.0,50.0,1.0,injected
0.6,20,301875,19,0.5650989315074262,5.0,50.0,1.0,injected
0.6,20,301876,19,0.42948243106572825,5.0,50.0,1.0,injected
0.6,20,301877,21,0.5569243251671192,5.0,50.0,1.0,injected
0.6,20,301878,19,0.39579649798763594,5.0,50.0,1.0,injected
0.6,20,301879,18,0.6102577943104435,5.0,50.0,1.0,injected
0.6,20,301880,21,0.6066881477651461,5.0,50.0,1.0,injected
0.6,20,301881,21,0.4772595557921983,5.0,50.0,1.0,injected
0.6,20,301882,20,0.2613386546704401,5.0,50.0,1.0,injected
0.6,20,301883,22,0.342126970781663,5.0,50.0,1.0,injected
0.6,20,301884,20,0.47134574448072963,5.0,50.0,1.0,injected
0.6,20,301885,19,0.4623352360431946,5.0,50.0,1.0,injected
0.6,20,301886,19,0.5612774788953365,5.0,50.0,1.0,injected
0.6,20,301887,19,0.3847799663914899,5.0,50.0,1.0,injected
0.6,20,301888,19,0.5805255561008051,5.0,50.0,1.0,injected
0.6,20,301889,15,0.4315498958475428,5.0,50.0,1.0,injected
0.6,20,301890,19,0.34179773172770034,5.0,50.0,1.0,injected
0.6,20,301891,21,0.31840707055637757,5.0,50.0,1.0,injected
0.6,20,301892,23,0.5307345768913239,5.0,50.0,1.0,injected
0.6,20,301893,21,0.6239873687423718,5.0,50.0,1.0,injected
0.6,20,301894,19,0.5842695809537652,5.0,50.0,1.0,injected
0.6,20,301895,21,0.6115572552745157,5.0,50.0,1.0,injected
0.6,20,301896,24,0.45985617494467596,5.0,50.0,1.0,injected
0.6,20,301897,20,0.5944813730307893,5.0,50.0,1.0,injected
0.6,20,301898,19,0.609799423843193,5.0,50.0,1.0,injected
0.6,20,301899,18,0.4146679321862319,5.0,50.0,1.0,injected
0.6,20,301900,19,0.6289711765128791,5.0,50.0,1.0,injected
0.6,20,301901,21,0.7746622345991294,5.0,50.0,1.0,injected
0.6,20,301902,20,0.6013092746720803,5.0,50.0,1.0,injected
0.6,20,301903,19,0.5932124353669651,5.0,50.0,1.0,injected
0.6,20,301904,20,0.46530643442949027,5.0,50.0,1.0,injected
0.6,20,301905,19,0.5522447430501831,5.0,50.0,1.0,injected
0.6,20,301906,20,0.49147522011956146,5.0,50.0,1.0,injected
0.6,20,301907,19,0.7530323691380812,5.0,50.0,1.0,injected
0.6,20,301908,21,0.6051496317280719,5.0,50.0,1.0,injected
0.6,20,301909,20,0.5817408043970529,5.0,50.0,1.0,injected
0.6,20,301910,22,0.5182511434441391,5.0,50.0,1.0,injected
0.6,20,301911,21,0.36370869187537913,5.0,50.0,1.0,injected
0.6,20,301912,18,0.5739055591021243,5.0,50.0,1.0,injected
0.6,20,301913,20,0.6752809099048791,5.0,50.0,1.0,injected
0.6,20,301914,19,0.5745479723923332,5.0,50.0,1.0,injected
0.6,20,301915,17,0.45666806591981274,5.0,50.0,1.0,injected
0.6,20,301916,18,0.8645725584539932,5.0,50.0,1.0,injected
0.6,20,301917,18,0.289536936204557,5.0,50.0,1.0,injected
0.6,20,301918,18,0.3641660711517064,5.0,50.0,1.0,injected
0.6,20,301919,21,0.32628803049807775,5.0,50.0,1.0,injected
0.6,20,301920,21,0.3585626310077346,5.0,50.0,1.0,injected
0.6,20,301921,18,0.6191974236435576,5.0,50.0,1.0,injected
0.6,20,301922,19,0.6057397815508769,5.0,50.0,1.0,injected
0.6,20,301923,20,0.5458467778762399,5.0,50.0,1.0,injected
0.6,20,301924,18,0.4795900890614829,5.0,50.0,1.0,injected
0.6,20,301925,20,0.6916907605436209,5.0,50.0,1.0,injected
0.6,20,301926,22,0.754091900844118,5.0,50.0,1.0,injected
0.6,20,301927,20,0.36828511631069516,5.0,50.0,1.0,injected
0.6,20,301928,20,0.41776894229492767,5.0,50.0,1.0,injected
0.6,20,301929,22,0.32212627547224004,5.0,50.0,1.0,injected
0.6,20,301930,20,0.6917441382996006,5.0,50.0,1.0,injected
0.6,20,301931,20,0.6592522110398995,5.0,50.0,1.0,injected
0.6,20,301932,19,0.39880260279395435,5.0,50.0,1.0,injected
0.6,20,301933,17,0.3441552722328384,5.0,50.0,1.0,injected
0.6,20,301934,20,0.6520918207486419,5.0,50.0,1.0,injected
0.6,20,301935,22,0.6164174214198161,5.0,50.0,1.0,injected
0.6,20,301936,19,0.6148138621272621,5.0,50.0,1.0,injected
0.6,20,301937,20,0.3482089996823853,5.0,50.0,1.0,injected
0.6,20,301938,21,0.5523171469997351,5.0,50.0,1.0,injected
0.6,20,301939,20,0.17762575858500293,5.0,50.0,1.0,injected
0.6,20,301940,19,0.687299605151526,5.0,50.0,1.0,injected
0.6,20,301941,21,0.5303008924520543,5.0,50.0,1.0,injected
0.6,20,301942,21,0.6741991391213659,5.0,50.0,1.0,injected
0.6,20,301943,21,0.6441769349035851,5.0,50.0,1.0,injected
0.6,20,301944,20,0.27632815492222534,5.0,50.0,1.0,injected
0.6,20,301945,22,0.4840051985546677,5.0,50.0,1.0,injected
0.6,20,301946,24,0.4551387342639239,5.0,50.0,1.0,injected
0.6,20,301947,19,0.7789187377975265,5.0,50.0,1.0,injected
0.6,20,301948,21,0.5035819765702314,5.0,50.0,1.0,injected
0.6,20,301949,19,0.557046246807487,5.0,50.0,1.0,injected
0.6,20,301950,23,0.2097017894227278,5.0,50.0,1.0,injected
0.6,20,301951,18,0.5870038120760259,5.0,50.0,1.0,injected
0.6,20,301952,21,0.5316962910097901,5.0,50.0,1.0,injected
0.6,20,301953,19,0.3451178189383701,5.0,50.0,1.0,injected
0.6,20,301954,15,0.31145953470327636,5.0,50.0,1.0,injected
0.6,20,301955,20,0.46341722560036774,5.0,50.0,1.0,injected
0.6,20,301956,22,0.4600541034208768,5.0,50.0,1.0,injected
0.6,20,301957,20,0.7000102502832659,5.0,50.0,1.0,injected
0.6,20,301958,22,0.40073948960860906,5.0,50.0,1.0,injected
0.6,20,301959,20,0.492372140957423,5.0,50.0,1.0,injected
0.6,20,301960,22,0.7665003439274228,5.0,50.0,1.0,injected
0.6,20,301961,20,0.5063973892445475,5.0,50.0,1.0,injected
0.6,20,301962,19,0.5615244238499053,5.0,50.0,1.0,injected
0.6,20,301963,19,0.4444570607698806,5.0,50.0,1.0,injected
0.6,20,301964,20,0.400829271005316,5.0,50.0,1.0,injected
0.6,20,301965,19,0.6535632673715266,5.0,50.0,1.0,injected
0.6,20,301966,21,0.6430687058657957,5.0,50.0,1.0,injected
0.6,20,301967,21,0.35395564880054514,5.0,50.0,1.0,injected
0.6,20,301968,19,0.5265867978720025,5.0,50.0,1.0,injected
0.6,20,301969,17,0.5389208559052348,5.0,50.0,1.0,injected
0.6,20,301970,19,0.2811557812493812,5.0,50.0,1.0,injected
0.6,20,301971,20,0.6947858925844408,5.0,50.0,1.0,injected
0.6,20,301972,20,0.7018319610914135,5.0,50.0,1.0,injected
0.6,20,301973,21,0.4996816750819995,5.0,50.0,1.0,injected
0.6,20,301974,9,0.29533931137532676,5.0,50.0,1.0,injected
0.6,20,301975,19,0.7397193389237273,5.0,50.0,1.0,injected
0.6,20,301976,18,0.40868256108198425,5.0,50.0,1.0,injected
0.6,20,301977,21,0.5119668252172915,5.0,50.0,1.0,injected
0.6,20,301978,19,0.7800842186441277,5.0,50.0,1.0,injected
0.6,20,301979,21,0.5990035511806244,5.0,50.0,1.0,injected
0.6,20,301980,21,0.584149645956654,5.0,50.0,1.0,injected
0.6,20,301981,22,0.4789680342786871,5.0,50.0,1.0,injected
0.6,20,301982,18,0.523757864041209,5.0,50.0,1.0,injected
0.6,20,301983,16,0.37718785436338664,5.0,50.0,1.0,injected
0.6,20,301984,22,0.5652470119557972,5.0,50.0,1.0,injected
0.6,20,301985,23,0.50103033092119,5.0,50.0,1.0,injected
0.6,20,301986,21,0.565676141070572,5.0,50.0,1.0,injected
0.6,20,301987,19,0.4959189493345716,5.0,50.0,1.0,injected
0.6,20,301988,20,0.7201520863287787,5.0,50.0,1.0,injected
0.6,20,301989,24,0.414638761367009,5.0,50.0,1.0,injected
0.6,20,301990,21,0.45466777569463335,5.0,50.0,1.0,injected
0.6,20,301991,18,0.40086037808779407,5.0,50.0,1.0,injected
0.6,20,301992,22,0.5419311977401486,5.0,50.0,1.0,injected
0.6,20,301993,19,0.365358618711653,5.0,50.0,1.0,injected
0.6,20,301994,19,0.7385001924008832,5.0,50.0,1.0,injected
0.6,20,301995,20,0.5193687378777676,5.0,50.0,1.0,injected
0.6,20,301996,22,0.42884168355369234,5.0,50.0,1.0,injected
0.6,20,301997,19,0.5883237889182598,5.0,50.0,1.0,injected
0.6,20,301998,16,0.49673969186270944,5.0,50.0,1.0,injected
0.6,20,301999,16,0.5386233888148412,5.0,50.0,1.0,injected
0.6,30,302000,29,0.7717599756476705,5.0,50.0,1.0,injected
0.6,30,302001,36,0.4467610453378952,5.0,50.0,1.0,injected
0.6,30,302002,31,0.33727508443241927,5.0,50.0,1.0,injected
0.6,30,302003,32,0.823539637840082,5.0,50.0,1.0,injected
0.6,30,302004,23,0.37802535601811516,5.0,50.0,1.0,injected
0.6,30,302005,36,0.35929958838267795,5.0,50.0,1.0,injected
0.6,30,302006,29,0.2840987802108825,5.0,50.0,1.0,injected
0.6,30,302007,32,0.421130468544783,5.0,50.0,1.0,injected
0.6,30,302008,30,0.6226335717637733,5.0,50.0,1.0,injected
0.6,30,302009,28,0.2802697700655883,5.0,50.0,1.0,injected
0.6,30,302010,30,0.40728256106771044,5.0,50.0,1.0,injected
0.6,30,302011,29,0.372374104510812,5.0,50.0,1.0,injected
0.6,30,302012,27,0.6297758901031726,5.0,50.0,1.0,injected
0.6,30,302013,32,0.33389656364197307,5.0,50.0,1.0,injected
0.6,30,302014,30,0.5585388143180883,5.0,50.0,1.0,injected
0.6,30,302015,31,0.520753888326314,5.0,50.0,1.0,injected
0.6,30,302016,28,0.5611723563405325,5.0,50.0,1.0,injected
0.6,30,302017,28,0.46657135554889173,5.0,50.0,1.0,injected
0.6,30,302018,30,0.5760532988525283,5.0,50.0,1.0,injected
0.6,30,302019,32,0.37865212900430645,5.0,50.0,1.0,injected
0.6,30,302020,31,0.5399846176540807,5.0,50.0,1.0,injected
0.6,30,302021,29,0.636762663789034,5.0,50.0,1.0,injected
0.6,30,302022,32,0.7059793557189454,5.0,50.0,1.0,injected
0.6,30,302023,29,0.4731631406105561,5.0,50.0,1.0,injected
0.6,30,302024,32,0.5108550379328753,5.0,50.0,1.0,injected
0.6,30,302025,31,0.5687717742646046,5.0,50.0,1.0,injected
0.6,30,302026,29,0.3987293681748154,5.0,50.0,1.0,injected
0.6,30,302027,30,0.5275357267699329,5.0,50.0,1.0,injected
0.6,30,302028,32,0.7312399714556994,5.0,50.0,1.0,injected
0.6,30,302029,31,0.7915232353281397,5.0,50.0,1.0,injected
0.6,30,302030,30,0.4856314180955984,5.0,50.0,1.0,injected
0.6,30,302031,30,0.532083364364357,5.0,50.0,1.0,injected
0.6,30,302032,29,0.49930006663585447,5.0,50.0,1.0,injected
0.6,30,302033,29,0.5213857154535748,5.0,50.0,1.0,injected
0.6,30,302034,30,0.7072010772862759,5.0,50.0,1.0,injected
0.6,30,302035,32,0.4318167015242034,5.0,50.0,1.0,injected
0.6,30,302036,28,0.5760666384807522,5.0,50.0,1.0,injected
0.6,30,302037,29,0.3895562325642726,5.0,50.0,1.0,injected
0.6,30,302038,29,0.8242774978702458,5.0,50.0,1.0,injected
0.6,30,302039,29,0.5505940870960324,5.0,50.0,1.0,injected
0.6,30,302040,30,0.49721048291565906,5.0,50.0,1.0,injected
0.6,30,302041,29,0.6521277292198989,5.0,50.0,1.0,injected
0.6,30,302042,29,0.5939600801275238,5.0,50.0,1.0,injected
0.6,30,302043,32,0.6403564648709196,5.0,50.0,1.0,injected
0.6,30,302044,31,0.39856932081660734,5.0,50.0,1.0,injected
0.6,30,302045,29,0.7305534509910403,5.0,50.0,1.0,injected
0.6,30,302046,30,0.6384367567445425,5.0,50.0,1.0,injected
0.6,30,302047,30,0.5693872383227707,5.0,50.0,1.0,injected
0.6,30,302048,29,0.5911791128560687,5.0,50.0,1.0,injected
0.6,30,302049,28,0.45711829625099487,5.0,50.0,1.0,injected
0.6,30,302050,29,0.7260075152354948,5.0,50.0,1.0,injected
0.6,30,302051,28,0.2730307839846769,5.0,50.0,1.0,injected
0.6,30,302052,31,0.5683266488590899,5.0,50.0,1.0,injected
0.6,30,302053,31,0.3544295178291036,5.0,50.0,1.0,injected
0.6,30,302054,30,0.812903206236099,5.0,50.0,1.0,injected
0.6,30,302055,32,0.4357835391588535,5.0,50.0,1.0,injected
0.6,30,302056,30,0.6313401528447964,5.0,50.0,1.0,injected
0.6,30,302057,32,0.4392378576488224,5.0,50.0,1.0,injected
0.6,30,302058,27,0.5785248684744155,5.0,50.0,1.0,injected
0.6,30,302059,30,0.44006251821317294,5.0,50.0,1.0,injected
0.6,30,302060,31,0.7661932754489542,5.0,50.0,1.0,injected
0.6,30,302061,30,0.7188790175707662,5.0,50.0,1.0,injected
0.6,30,302062,31,0.2870474281917795,5.0,50.0,1.0,injected
0.6,30,302063,28,0.6484209373043128,5.0,50.0,1.0,injected
0.6,30,302064,33,0.5899624726895565,5.0,50.0,1.0,injected
0.6,30,302065,29,0.3696345809743913,5.0,50.0,1.0,injected
0.6,30,302066,31,0.6919853333279128,5.0,50.0,1.0,injected
0.6,30,302067,28,0.44869344105928194,5.0,50.0,1.0,injected
0.6,30,302068,28,0.36492619736080767,5.0,50.0,1.0,injected
0.6,30,302069,30,0.6174203059245946,5.0,50.0,1.0,injected
0.6,30,302070,30,0.7037945002502968,5.0,50.0,1.0,injected
0.6,30,302071,30,0.7251148930090113,5.0,50.0,1.0,injected
0.6,30,302072,27,0.7852673179671422,5.0,50.0,1.0,injected
0.6,30,302073,30,0.8230576768913225,5.0,50.0,1.0,injected
0.6,30,302074,30,0.691700239588369,5.0,50.0,1.0,injected
0.6,30,302075,28,0.4331625723309798,5.0,50.0,1.0,injected
0.6,30,302076,30,0.5216486186362028,5.0,50.0,1.0,injected
0.6,30,302077,30,0.47371852042988677,5.0,50.0,1.0,injected
0.6,30,302078,32,0.4426419891302489,5.0,50.0,1.0,injected
0.6,30,302079,30,0.788793975591438,5.0,50.0,1.0,injected
0.6,30,302080,30,0.39870612095698976,5.0,50.0,1.0,injected
0.6,30,302081,30,0.6354397972971344,5.0,50.0,1.0,injected
0.6,30,302082,29,0.5376977298283062,5.0,50.0,1.0,injected
0.6,30,302083,29,0.5915227821757455,5.0,50.0,1.0,injected
0.6,30,302084,33,0.6602250672314858,5.0,50.0,1.0,injected
0.6,30,302085,29,0.2968742840623023,5.0,50.0,1.0,injected
0.6,30,302086,32,0.6555290654763403,5.0,50.0,1.0,injected
0.6,30,302087,33,0.5732779272262887,5.0,50.0,1.0,injected
0.6,30,302088,30,0.7062433499704421,5.0,50.0,1.0,injected
0.6,30,302089,29,0.5846724255772829,5.0,50.0,1.0,injected
0.6,30,302090,33,0.4215456043744801,5.0,50.0,1.0,injected
0.6,30,302091,28,0.3466394630665376,5.0,50.0,1.0,injected
0.6,30,302092,30,0.49356911812419446,5.0,50.0,1.0,injected
0.6,30,302093,30,0.3883864934015046,5.0,50.0,1.0,injected
0.6,30,302094,30,0.5604109559228447,5.0,50.0,1.0,injected
0.6,30,302095,30,0.6979038659566208,5.0,50.0,1.0,injected
0.6,30,302096,29,0.619352201603286,5.0,50.0,1.0,injected
0.6,30,302097,31,0.686586585194531,5.0,50.0,1.0,injected
0.6,30,302098,32,0.4918149599998845,5.0,50.0,1.0,injected
0.6,30,302099,31,0.6986816727462448,5.0,50.0,1.0,injected
0.6,30,302100,29,0.3762871008341202,5.0,50.0,1.0,injected
0.6,30,302101,29,0.5060068620867068,5.0,50.0,1.0,injected
0.6,30,302102,30,0.577166306489314,5.0,50.0,1.0,injected
0.6,30,302103,30,0.611283368366856,5.0,50.0,1.0,injected
0.6,30,302104,32,0.8648536986405266,5.0,50.0,1.0,injected
0.6,30,302105,29,0.6744878727908494,5.0,50.0,1.0,injected
0.6,30,302106,27,0.6946157273957378,5.0,50.0,1.0,injected
0.6,30,302107,31,0.45362898332002805,5.0,50.0,1.0,injected
0.6,30,302108,29,0.47342299823815515,5.0,50.0,1.0,injected
0.6,30,302109,31,0.7058623093661118,5.0,50.0,1.0,injected
0.6,30,302110,33,0.5679263163279047,5.0,50.0,1.0,injected
0.6,30,302111,31,0.35950042512681657,5.0,50.0,1.0,injected
0.6,30,302112,31,0.32945315216943827,5.0,50.0,1.0,injected
0.6,30,302113,30,0.35035313140919744,5.0,50.0,1.0,injected
0.6,30,302114,32,0.688993653563062,5.0,50.0,1.0,injected
0.6,30,302115,30,0.330062298829222,5.0,50.0,1.0,injected
0.6,30,302116,30,0.7639082535252399,5.0,50.0,1.0,injected
0.6,30,302117,29,0.6554952954465412,5.0,50.0,1.0,injected
0.6,30,302118,30,0.8458378999901606,5.0,50.0,1.0,injected
0.6,30,302119,30,0.9134175312614046,5.0,50.0,1.0,injected
0.6,30,302120,31,0.38041321540715095,5.0,50.0,1.0,injected
0.6,30,302121,28,0.3693331739830379,5.0,50.0,1.0,injected
0.6,30,302122,31,0.6445370077123762,5.0,50.0,1.0,injected
0.6,30,302123,29,0.6154421118753761,5.0,50.0,1.0,injected
0.6,30,302124,33,0.6376662362422659,5.0,50.0,1.0,injected
0.6,30,302125,26,0.5427293068914799,5.0,50.0,1.0,injected
0.6,30,302126,32,0.35191931912224617,5.0,50.0,1.0,injected
0.6,30,302127,30,0.5919385532877741,5.0,50.0,1.0,injected
0.6,30,302128,30,0.6982818518369409,5.0,50.0,1.0,injected
0.6,30,302129,29,0.6760751180181217,5.0,50.0,1.0,injected
0.6,30,302130,26,0.45074863554759265,5.0,50.0,1.0,injected
0.6,30,302131,31,0.48905155439436787,5.0,50.0,1.0,injected
0.6,30,302132,31,0.24293993370537398,5.0,50.0,1.0,injected
0.6,30,302133,30,0.42675743657610576,5.0,50.0,1.0,injected
0.6,30,302134,32,0.6683171924011522,5.0,50.0,1.0,injected
0.6,30,302135,29,0.672194879668721,5.0,50.0,1.0,injected
0.6,30,302136,30,0.46963217481829445,5.0,50.0,1.0,injected
0.6,30,302137,32,0.4416382483454845,5.0,50.0,1.0,injected
0.6,30,302138,30,0.45186588190276544,5.0,50.0,1.0,injected
0.6,30,302139,30,0.6417648704211077,5.0,50.0,1.0,injected
0.6,30,302140,32,0.50974002098978,5.0,50.0,1.0,injected
0.6,30,302141,30,0.4524068101406762,5.0,50.0,1.0,injected
0.6,30,302142,30,0.6169137041268593,5.0,50.0,1.0,injected
0.6,30,302143,27,0.7316179812090864,5.0,50.0,1.0,injected
0.6,30,302144,29,0.5159535712549704,5.0,50.0,1.0,injected
0.6,30,302145,31,0.5060184146699727,5.0,50.0,1.0,injected
0.6,30,302146,30,0.47533394864864076,5.0,50.0,1.0,injected
0.6,30,302147,29,0.4989386532250838,5.0,50.0,1.0,injected
0.6,30,302148,30,0.49516154130468126,5.0,50.0,1.0,injected
0.6,30,302149,30,0.4851102757174431,5.0,50.0,1.0,injected
0.6,30,302150,30,0.6151494238753965,5.0,50.0,1.0,injected
0.6,30,302151,30,0.4892165819160964,5.0,50.0,1.0,injected
0.6,30,302152,28,0.4211095242473605,5.0,50.0,1.0,injected
0.6,30,302153,28,0.5472699504684501,5.0,50.0,1.0,injected
0.6,30,302154,31,0.5053507516985296,5.0,50.0,1.0,injected
0.6,30,302155,28,0.49250937356701413,5.0,50.0,1.0,injected
0.6,30,302156,30,0.7166688727750045,5.0,50.0,1.0,injected
0.6,30,302157,28,0.4654354834407861,5.0,50.0,1.0,injected
0.6,30,302158,32,0.5428880339912474,5.0,50.0,1.0,injected
0.6,30,302159,31,0.4659790076748064,5.0,50.0,1.0,injected
0.6,30,302160,28,0.6246264781050548,5.0,50.0,1.0,injected
0.6,30,302161,29,0.6095468148323966,5.0,50.0,1.0,injected
0.6,30,302162,30,0.6880293024533957,5.0,50.0,1.0,injected
0.6,30,302163,32,0.38695066820396606,5.0,50.0,1.0,injected
0.6,30,302164,32,0.3324281596677918,5.0,50.0,1.0,injected
0.6,30,302165,30,0.6242675263431168,5.0,50.0,1.0,injected
0.6,30,302166,30,0.5000020400906408,5.0,50.0,1.0,injected
0.6,30,302167,29,0.5221612077469453,5.0,50.0,1.0,injected
0.6,30,302168,29,0.5408653668396992,5.0,50.0,1.0,injected
0.6,30,302169,30,0.629215813915091,5.0,50.0,1.0,injected
0.6,30,302170,32,0.41646771013268624,5.0,50.0,1.0,injected
0.6,30,302171,30,0.5835375532991209,5.0,50.0,1.0,injected
0.6,30,302172,31,0.4787814673154047,5.0,50.0,1.0,injected
0.6,30,302173,31,0.5342431345553582,5.0,50.0,1.0,injected
0.6,30,302174,28,0.5218354496617854,5.0,50.0,1.0,injected
0.6,30,302175,30,0.4303918518315565,5.0,50.0,1.0,injected
0.6,30,302176,29,0.560903358763106,5.0,50.0,1.0,injected
0.6,30,302177,32,0.5274589718157157,5.0,50.0,1.0,injected
0.6,30,302178,30,0.5394533617445167,5.0,50.0,1.0,injected
0.6,30,302179,27,0.2866915383440241,5.0,50.0,1.0,injected
0.6,30,302180,30,0.5885500439533023,5.0,50.0,1.0,injected
0.6,30,302181,29,0.43828280458910374,5.0,50.0,1.0,injected
0.6,30,302182,28,0.19551999300956918,5.0,50.0,1.0,injected
0.6,30,302183,31,0.5105053445802857,5.0,50.0,1.0,injected
0.6,30,302184,31,0.5217143748420223,5.0,50.0,1.0,injected
0.6,30,302185,30,0.5058743807501098,5.0,50.0,1.0,injected
0.6,30,302186,30,0.4347523797099091,5.0,50.0,1.0,injected
0.6,30,302187,30,0.5404081251444657,5.0,50.0,1.0,injected
0.6,30,302188,30,0.4861603861154222,5.0,50.0,1.0,injected
0.6,30,302189,30,0.5881656941081363,5.0,50.0,1.0,injected
0.6,30,302190,32,0.5906740942456802,5.0,50.0,1.0,injected
0.6,30,302191,28,0.30971215203768326,5.0,50.0,1.0,injected
0.6,30,302192,29,0.5472283384637252,5.0,50.0,1.0,injected
0.6,30,302193,32,0.39427693395794206,5.0,50.0,1.0,injected
0.6,30,302194,31,0.42439875776040925,5.0,50.0,1.0,injected
0.6,30,302195,31,0.6743791965439686,5.0,50.0,1.0,injected
0.6,30,302196,31,0.5889613991471132,5.0,50.0,1.0,injected
0.6,30,302197,27,0.6651250436399837,5.0,50.0,1.0,injected
0.6,30,302198,30,0.5987340630812866,5.0,50.0,1.0,injected
0.6,30,302199,33,0.6387014200042889,5.0,50.0,1.0,injected
0.8,10,302200,10,0.8549113822563867,5.0,50.0,1.0,injected
0.8,10,302201,12,0.8831178503754042,5.0,50.0,1.0,injected
0.8,10,302202,11,0.8447600696760214,5.0,50.0,1.0,injected
0.8,10,302203,11,0.933366295000041,5.0,50.0,1.0,injected
0.8,10,302204,10,1.1373691433170845,5.0,50.0,1.0,injected
0.8,10,302205,10,0.7490817197112091,5.0,50.0,1.0,injected
0.8,10,302206,9,1.0333800401019502,5.0,50.0,1.0,injected
0.8,10,302207,11,0.8427188215621302,5.0,50.0,1.0,injected
0.8,10,302208,10,0.8673983443640498,5.0,50.0,1.0,injected
0.8,10,302209,9,0.8396809516716544,5.0,50.0,1.0,injected
0.8,10,302210,10,0.8753266084171893,5.0,50.0,1.0,injected
0.8,10,302211,10,0.7829727549365237,5.0,50.0,1.0,injected
0.8,10,302212,10,1.0039440391199683,5.0,50.0,1.0,injected
0.8,10,302213,9,1.0154872357376856,5.0,50.0,1.0,injected
0.8,10,302214,9,0.9603940081212864,5.0,50.0,1.0,injected
0.8,10,302215,11,0.7969610061285621,5.0,50.0,1.0,injected
0.8,10,302216,12,1.1033722114373086,5.0,50.0,1.0,injected
0.8,10,302217,11,0.9158883506525795,5.0,50.0,1.0,injected
0.8,10,302218,9,0.7672258241430696,5.0,50.0,1.0,injected
0.8,10,302219,10,0.6911201815123892,5.0,50.0,1.0,injected
0.8,10,302220,11,0.780592705719741,5.0,50.0,1.0,injected
0.8,10,302221,10,0.804961780745757,5.0,50.0,1.0,injected
0.8,10,302222,9,0.7193716466157267,5.0,50.0,1.0,injected
0.8,10,302223,10,0.9170830701551804,5.0,50.0,1.0,injected
0.8,10,302224,10,0.9887187726462376,5.0,50.0,1.0,injected
0.8,10,302225,11,1.0788680870773626,5.0,50.0,1.0,injected
0.8,10,302226,10,0.7943240543409511,5.0,50.0,1.0,injected
0.8,10,302227,10,0.8417452008491053,5.0,50.0,1.0,injected
0.8,10,302228,9,0.888101774153411,5.0,50.0,1.0,injected
0.8,10,302229,11,0.8895582185720119,5.0,50.0,1.0,injected
0.8,10,302230,9,0.9349623354928025,5.0,50.0,1.0,injected
0.8,10,302231,10,1.0413200747780653,5.0,50.0,1.0,injected
0.8,10,302232,11,1.0889595739242641,5.0,50.0,1.0,injected
0.8,10,302233,9,0.7720531277394951,5.0,50.0,1.0,injected
0.8,10,302234,9,0.9406944019105479,5.0,50.0,1.0,injected
0.8,10,302235,10,0.9013069390976686,5.0,50.0,1.0,injected
0.8,10,302236,9,0.833053507731148,5.0,50.0,1.0,injected
0.8,10,302237,9,0.9968405803671829,5.0,50.0,1.0,injected
0.8,10,302238,10,0.9641331601449183,5.0,50.0,1.0,injected
0.8,10,302239,10,0.6348798926901306,5.0,50.0,1.0,injected
0.8,10,302240,10,0.9812301310603391,5.0,50.0,1.0,injected
0.8,10,302241,10,0.992438735783884,5.0,50.0,1.0,injected
0.8,10,302242,10,0.8904156076168708,5.0,50.0,1.0,injected
0.8,10,302243,9,0.8098557875195056,5.0,50.0,1.0,injected
0.8,10,302244,10,0.8654873950834674,5.0,50.0,1.0,injected
0.8,10,302245,10,0.7759516020016631,5.0,50.0,1.0,injected
0.8,10,302246,9,0.6568828084000051,5.0,50.0,1.0,injected
0.8,10,302247,12,0.8119056284041467,5.0,50.0,1.0,injected
0.8,10,302248,10,0.9749508019544905,5.0,50.0,1.0,injected
0.8,10,302249,11,0.9728494813066637,5.0,50.0,1.0,injected
0.8,10,302250,12,0.9765047766649053,5.0,50.0,1.0,injected
0.8,10,302251,9,0.8713802461925708,5.0,50.0,1.0,injected
0.8,10,302252,10,0.8474462703559793,5.0,50.0,1.0,injected
0.8,10,302253,11,0.9756953477029104,5.0,50.0,1.0,injected
0.8,10,302254,9,0.6761958596533049,5.0,50.0,1.0,injected
0.8,10,302255,9,0.8795926371757088,5.0,50.0,1.0,injected
0.8,10,302256,10,0.8886682691876837,5.0,50.0,1.0,injected
0.8,10,302257,10,1.0859075686406083,5.0,50.0,1.0,injected
0.8,10,302258,9,0.8330990214961747,5.0,50.0,1.0,injected
0.8,10,302259,10,0.9511377039004164,5.0,50.0,1.0,injected
0.8,10,302260,9,0.7024990264592774,5.0,50.0,1.0,injected
0.8,10,302261,9,0.9535477558549199,5.0,50.0,1.0,injected
0.8,10,302262,10,0.8687628025047023,5.0,50.0,1.0,injected
0.8,10,302263,10,0.9986640201298126,5.0,50.0,1.0,injected
0.8,10,302264,11,0.8052293249345492,5.0,50.0,1.0,injected
0.8,10,302265,10,0.9589309141200453,5.0,50.0,1.0,injected
0.8,10,302266,10,0.9194596144298097,5.0,50.0,1.0,injected
0.8,10,302267,9,1.0607084448220827,5.0,50.0,1.0,injected
0.8,10,302268,10,0.9443088723761879,5.0,50.0,1.0,injected
0.8,10,302269,10,0.9895768156023075,5.0,50.0,1.0,injected
0.8,10,302270,8,0.758343155596316,5.0,50.0,1.0,injected
0.8,10,302271,9,0.8664320942933446,5.0,50.0,1.0,injected
0.8,10,302272,10,0.9425105738150712,5.0,50.0,1.0,injected
0.8,10,302273,10,0.8680662553145249,5.0,50.0,1.0,injected
0.8,10,302274,8,0.9989763360155457,5.0,50.0,1.0,injected
0.8,10,302275,9,0.7512181834162781,5.0,50.0,1.0,injected
0.8,10,302276,10,0.6936837568000576,5.0,50.0,1.0,injected
0.8,10,302277,11,0.8620897921847875,5.0,50.0,1.0,injected
0.8,10,302278,11,1.1102116460940752,5.0,50.0,1.0,injected
0.8,10,302279,11,0.9184692176100901,5.0,50.0,1.0,injected
0.8,10,302280,11,0.9284347888073254,5.0,50.0,1.0,injected
0.8,10,302281,10,1.003813164306746,5.0,50.0,1.0,injected
0.8,10,302282,10,0.859151065123267,5.0,50.0,1.0,injected
0.8,10,302283,10,0.8757862244561447,5.0,50.0,1.0,injected
0.8,10,302284,9,1.1053502778801048,5.0,50.0,1.0,injected
0.8,10,302285,10,0.8301679746029851,5.0,50.0,1.0,injected
0.8,10,302286,10,0.9728722323499229,5.0,50.0,1.0,injected
0.8,10,302287,10,0.8411844355968856,5.0,50.0,1.0,injected
0.8,10,302288,11,0.9707758366152135,5.0,50.0,1.0,injected
0.8,10,302289,11,1.020090021076537,5.0,50.0,1.0,injected
0.8,10,302290,10,1.0266482255312535,5.0,50.0,1.0,injected
0.8,10,302291,11,0.6339584550136061,5.0,50.0,1.0,injected
0.8,10,302292,9,1.0277154947034193,5.0,50.0,1.0,injected
0.8,10,302293,10,0.8823749818153954,5.0,50.0,1.0,injected
0.8,10,302294,10,0.8895658783624412,5.0,50.0,1.0,injected
0.8,10,302295,8,0.8525624714500943,5.0,50.0,1.0,injected
0.8,10,302296,9,0.8822909041009701,5.0,50.0,1.0,injected
0.8,10,302297,10,1.0374083500622238,5.0,50.0,1.0,injected
0.8,10,302298,11,0.7977434107871049,5.0,50.0,1.0,injected
0.8,10,302299,9,0.8827742792649174,5.0,50.0,1.0,injected
0.8,10,302300,9,0.8383474548129862,5.0,50.0,1.0,injected
0.8,10,302301,10,0.827162445283276,5.0,50.0,1.0,injected
0.8,10,302302,9,0.9809729980233759,5.0,50.0,1.0,injected
0.8,10,302303,11,0.9857382775500021,5.0,50.0,1.0,injected
0.8,10,302304,11,0.9860358198424372,5.0,50.0,1.0,injected
0.8,10,302305,10,0.9533809244952272,5.0,50.0,1.0,injected
0.8,10,302306,8,0.7425277550303842,5.0,50.0,1.0,injected
0.8,10,302307,9,0.8899847577432056,5.0,50.0,1.0,injected
0.8,10,302308,10,0.8686123258084719,5.0,50.0,1.0,injected
0.8,10,302309,9,0.7787527434666376,5.0,50.0,1.0,injected
0.8,10,302310,10,1.0355603954659967,5.0,50.0,1.0,injected
0.8,10,302311,10,0.7604464899687955,5.0,50.0,1.0,injected
0.8,10,302312,10,1.0018374094030715,5.0,50.0,1.0,injected
0.8,10,302313,10,0.6161510597366471,5.0,50.0,1.0,injected
0.8,10,302314,10,0.7826701955733608,5.0,50.0,1.0,injected
0.8,10,302315,10,0.7973033088181926,5.0,50.0,1.0,injected
0.8,10,302316,10,0.8331653420592156,5.0,50.0,1.0,injected
0.8,10,302317,10,0.8265854795084253,5.0,50.0,1.0,injected
0.8,10,302318,10,0.7972888780892959,5.0,50.0,1.0,injected
0.8,10,302319,11,0.8678413306769898,5.0,50.0,1.0,injected
0.8,10,302320,9,0.8517196695768204,5.0,50.0,1.0,injected
0.8,10,302321,11,0.955351602529574,5.0,50.0,1.0,injected
0.8,10,302322,9,0.7967767543520986,5.0,50.0,1.0,injected
0.8,10,302323,10,0.8031024417104635,5.0,50.0,1.0,injected
0.8,10,302324,8,0.9791543804925813,5.0,50.0,1.0,injected
0.8,10,302325,10,0.6292189861354991,5.0,50.0,1.0,injected
0.8,10,302326,8,0.7792805990956456,5.0,50.0,1.0,injected
0.8,10,302327,11,0.9050387114023912,5.0,50.0,1.0,injected
0.8,10,302328,9,0.8631110711787038,5.0,50.0,1.0,injected
0.8,10,302329,8,0.952873179179273,5.0,50.0,1.0,injected
0.8,10,302330,9,0.9269841454572246,5.0,50.0,1.0,injected
0.8,10,302331,10,0.8399483300941106,5.0,50.0,1.0,injected
0.8,10,302332,10,0.8529378429053003,5.0,50.0,1.0,injected
0.8,10,302333,9,0.8239607274301088,5.0,50.0,1.0,injected
0.8,10,302334,10,1.0001584353241695,5.0,50.0,1.0,injected
0.8,10,302335,11,0.9126809277583889,5.0,50.0,1.0,injected
0.8,10,302336,11,0.6918138519753235,5.0,50.0,1.0,injected
0.8,10,302337,10,0.7616979254530564,5.0,50.0,1.0,injected
0.8,10,302338,11,0.7792626232880104,5.0,50.0,1.0,injected
0.8,10,302339,11,0.8135036789564127,5.0,50.0,1.0,injected
0.8,10,302340,11,0.7771071214982729,5.0,50.0,1.0,injected
0.8,10,302341,9,0.8828975841946922,5.0,50.0,1.0,injected
0.8,10,302342,11,0.8232148260019897,5.0,50.0,1.0,injected
0.8,10,302343,9,0.7209439812319407,5.0,50.0,1.0,injected
0.8,10,302344,10,0.860742604932444,5.0,50.0,1.0,injected
0.8,10,302345,11,0.7128791988265749,5.0,50.0,1.0,injected
0.8,10,302346,10,0.9436026377821634,5.0,50.0,1.0,injected
0.8,10,302347,10,0.9091010317450368,5.0,50.0,1.0,injected
0.8,10,302348,11,0.6461853173410257,5.0,50.0,1.0,injected
0.8,10,302349,9,0.712272833307525,5.0,50.0,1.0,injected
0.8,10,302350,11,0.7862134381669328,5.0,50.0,1.0,injected
0.8,10,302351,9,0.8068168801149769,5.0,50.0,1.0,injected
0.8,10,302352,9,0.7809555966664818,5.0,50.0,1.0,injected
0.8,10,302353,12,0.9856803851543382,5.0,50.0,1.0,injected
0.8,10,302354,10,0.7892583327502969,5.0,50.0,1.0,injected
0.8,10,302355,10,0.7327089345784029,5.0,50.0,1.0,injected
0.8,10,302356,11,0.8889104458583288,5.0,50.0,1.0,injected
0.8,10,302357,10,0.8285252782451434,5.0,50.0,1.0,injected
0.8,10,302358,9,0.8622368141490329,5.0,50.0,1.0,injected
0.8,10,302359,10,1.1307348120241885,5.0,50.0,1.0,injected
0.8,10,302360,9,0.8556932635315299,5.0,50.0,1.0,injected
0.8,10,302361,9,0.685670314772499,5.0,50.0,1.0,injected
0.8,10,302362,10,0.8813186673675286,5.0,50.0,1.0,injected
0.8,10,302363,10,1.0976599768712214,5.0,50.0,1.0,injected
0.8,10,302364,11,0.9427988188204681,5.0,50.0,1.0,injected
0.8,10,302365,11,0.9673662879155983,5.0,50.0,1.0,injected
0.8,10,302366,11,0.9147443459689493,5.0,50.0,1.0,injected
0.8,10,302367,10,0.8762212566629595,5.0,50.0,1.0,injected
0.8,10,302368,9,0.8143583864410899,5.0,50.0,1.0,injected
0.8,10,302369,11,0.9005168756500757,5.0,50.0,1.0,injected
0.8,10,302370,12,0.931688773595212,5.0,50.0,1.0,injected
0.8,10,302371,10,0.9911716213612705,5.0,50.0,1.0,injected
0.8,10,302372,11,0.9895174931480183,5.0,50.0,1.0,injected
0.8,10,302373,8,0.9120788951835862,5.0,50.0,1.0,injected
0.8,10,302374,9,1.047031941546403,5.0,50.0,1.0,injected
0.8,10,302375,9,0.8416896427157514,5.0,50.0,1.0,injected
0.8,10,302376,11,0.8936927186635621,5.0,50.0,1.0,injected
0.8,10,302377,9,0.668489246616699,5.0,50.0,1.0,injected
0.8,10,302378,10,0.9295090062835644,5.0,50.0,1.0,injected
0.8,10,302379,10,0.8075300299463724,5.0,50.0,1.0,injected
0.8,10,302380,10,0.8589465053157981,5.0,50.0,1.0,injected
0.8,10,302381,10,0.7334991526248065,5.0,50.0,1.0,injected
0.8,10,302382,10,0.8141774456006441,5.0,50.0,1.0,injected
0.8,10,302383,12,0.9930056819268083,5.0,50.0,1.0,injected
0.8,10,302384,11,0.8113430089924056,5.0,50.0,1.0,injected
0.8,10,302385,10,0.7934684910707624,5.0,50.0,1.0,injected
0.8,10,302386,9,0.743814079177693,5.0,50.0,1.0,injected
0.8,10,302387,10,0.7385529814862524,5.0,50.0,1.0,injected
0.8,10,302388,9,0.7799365634009466,5.0,50.0,1.0,injected
0.8,10,302389,9,0.9372065851641622,5.0,50.0,1.0,injected
0.8,10,302390,10,0.6428742092561148,5.0,50.0,1.0,injected
0.8,10,302391,10,0.903343179440157,5.0,50.0,1.0,injected
0.8,10,302392,11,0.8378803635534543,5.0,50.0,1.0,injected
0.8,10,302393,10,0.9141286569256275,5.0,50.0,1.0,injected
0.8,10,302394,8,0.8621382177850276,5.0,50.0,1.0,injected
0.8,10,302395,10,0.6776499219644723,5.0,50.0,1.0,injected
0.8,10,302396,11,0.8962060294500658,5.0,50.0,1.0,injected
0.8,10,302397,10,0.7353593109350955,5.0,50.0,1.0,injected
0.8,10,302398,10,0.5982981561322299,5.0,50.0,1.0,injected
0.8,10,302399,10,0.7195032987693224,5.0,50.0,1.0,injected
0.8,20,302400,19,0.889016514425575,5.0,50.0,1.0,injected
0.8,20,302401,20,0.8535730099638108,5.0,50.0,1.0,injected
0.8,20,302402,19,0.819778466780603,5.0,50.0,1.0,injected
0.8,20,302403,19,0.8833927399529692,5.0,50.0,1.0,injected
0.8,20,302404,20,0.9466210609183008,5.0,50.0,1.0,injected
0.8,20,302405,21,0.8986132033609646,5.0,50.0,1.0,injected
0.8,20,302406,20,1.0452563285903471,5.0,50.0,1.0,injected
0.8,20,302407,18,0.921882417708612,5.0,50.0,1.0,injected
0.8,20,302408,19,0.7718198668828027,5.0,50.0,1.0,injected
0.8,20,302409,19,1.0568988995608963,5.0,50.0,1.0,injected
0.8,20,302410,22,0.882641128414227,5.0,50.0,1.0,injected
0.8,20,302411,19,1.004229887101116,5.0,50.0,1.0,injected
0.8,20,302412,20,1.1009894063384251,5.0,50.0,1.0,injected
0.8,20,302413,20,1.0006279289692095,5.0,50.0,1.0,injected
0.8,20,302414,21,0.9114534827636411,5.0,50.0,1.0,injected
0.8,20,302415,20,0.9985249843931083,5.0,50.0,1.0,injected
0.8,20,302416,19,1.0891865517154242,5.0,50.0,1.0,injected
0.8,20,302417,19,0.7049206630108058,5.0,50.0,1.0,injected
0.8,20,302418,21,0.9644859357401856,5.0,50.0,1.0,injected
0.8,20,302419,21,0.9013327889317118,5.0,50.0,1.0,injected
0.8,20,302420,21,0.9043585455415473,5.0,50.0,1.0,injected
0.8,20,302421,21,0.8662933350745232,5.0,50.0,1.0,injected
0.8,20,302422,20,0.7609592007522077,5.0,50.0,1.0,injected
0.8,20,302423,19,0.8208252752639109,5.0,50.0,1.0,injected
0.8,20,302424,20,0.841204498072956,5.0,50.0,1.0,injected
0.8,20,302425,19,1.0339581993103495,5.0,50.0,1.0,injected
0.8,20,302426,20,0.9747411324911227,5.0,50.0,1.0,injected
0.8,20,302427,19,0.9201946174303033,5.0,50.0,1.0,injected
0.8,20,302428,21,1.0214796207859322,5.0,50.0,1.0,injected
0.8,20,302429,21,0.8171555468588956,5.0,50.0,1.0,injected
0.8,20,302430,20,0.6480229208984847,5.0,50.0,1.0,injected
0.8,20,302431,21,0.9029271477392307,5.0,50.0,1.0,injected
0.8,20,302432,20,0.9769706668387658,5.0,50.0,1.0,injected
0.8,20,302433,20,0.8814875071849365,5.0,50.0,1.0,injected
0.8,20,302434,19,0.7342984883066979,5.0,50.0,1.0,injected
0.8,20,302435,19,0.6942587221568418,5.0,50.0,1.0,injected
0.8,20,302436,20,0.8418921956751717,5.0,50.0,1.0,injected
0.8,20,302437,20,0.8262459221215255,5.0,50.0,1.0,injected
0.8,20,302438,20,1.0164706938843822,5.0,50.0,1.0,injected
0.8,20,302439,19,1.0601218480284116,5.0,50.0,1.0,injected
0.8,20,302440,20,0.7504715135300339,5.0,50.0,1.0,injected
0.8,20,302441,20,0.6859231890326332,5.0,50.0,1.0,injected
0.8,20,302442,20,1.1399022602490947,5.0,50.0,1.0,injected
0.8,20,302443,20,0.8488990948087287,5.0,50.0,1.0,injected
0.8,20,302444,20,0.9144681538888062,5.0,50.0,1.0,injected
0.8,20,302445,20,0.8701920475358472,5.0,50.0,1.0,injected
0.8,20,302446,22,0.8321595371428072,5.0,50.0,1.0,injected
0.8,20,302447,20,0.9491702432245008,5.0,50.0,1.0,injected
0.8,20,302448,20,0.6957230650164601,5.0,50.0,1.0,injected
0.8,20,302449,20,0.977016428097644,5.0,50.0,1.0,injected
0.8,20,302450,20,0.991343297156873,5.0,50.0,1.0,injected
0.8,20,302451,20,0.6208896095399404,5.0,50.0,1.0,injected
0.8,20,302452,18,0.9047551910381659,5.0,50.0,1.0,injected
0.8,20,302453,21,0.7442047748739871,5.0,50.0,1.0,injected
0.8,20,302454,21,0.7486117857321888,5.0,50.0,1.0,injected
0.8,20,302455,21,1.0024383308184854,5.0,50.0,1.0,injected
0.8,20,302456,20,0.919493838743668,5.0,50.0,1.0,injected
0.8,20,302457,20,0.714877649672363,5.0,50.0,1.0,injected
0.8,20,302458,19,0.8103656872098025,5.0,50.0,1.0,injected
0.8,20,302459,22,0.7110865371689747,5.0,50.0,1.0,injected
0.8,20,302460,20,0.6771483300881194,5.0,50.0,1.0,injected
0.8,20,302461,21,1.097764721877943,5.0,50.0,1.0,injected
0.8,20,302462,21,0.7984782019602501,5.0,50.0,1.0,injected
0.8,20,302463,21,0.9284289189670121,5.0,50.0,1.0,injected
0.8,20,302464,20,0.8580120409290017,5.0,50.0,1.0,injected
0.8,20,302465,20,0.9726130037515999,5.0,50.0,1.0,injected
0.8,20,302466,20,0.8251131955541275,5.0,50.0,1.0,injected
0.8,20,302467,20,1.0421289966734109,5.0,50.0,1.0,injected
0.8,20,302468,21,0.7285341264909613,5.0,50.0,1.0,injected
0.8,20,302469,19,0.8594454001223862,5.0,50.0,1.0,injected
0.8,20,302470,19,0.7863805228726017,5.0,50.0,1.0,injected
0.8,20,302471,21,1.2004204606728615,5.0,50.0,1.0,injected
0.8,20,302472,18,0.8465968599187401,5.0,50.0,1.0,injected
0.8,20,302473,20,0.9342706680590123,5.0,50.0,1.0,injected
0.8,20,302474,21,0.8745352071299048,5.0,50.0,1.0,injected
0.8,20,302475,20,0.7271977235479359,5.0,50.0,1.0,injected
0.8,20,302476,20,0.7146419068317735,5.0,50.0,1.0,injected
0.8,20,302477,19,0.9466434153403513,5.0,50.0,1.0,injected
0.8,20,302478,21,0.7987512904478045,5.0,50.0,1.0,injected
0.8,20,302479,20,0.8521263498914433,5.0,50.0,1.0,injected
0.8,20,302480,20,0.5761368858459006,5.0,50.0,1.0,injected
0.8,20,302481,21,0.8819375708462985,5.0,50.0,1.0,injected
0.8,20,302482,20,1.0635118366982685,5.0,50.0,1.0,injected
0.8,20,302483,20,0.9798727853485408,5.0,50.0,1.0,injected
0.8,20,302484,19,0.9879748373688481,5.0,50.0,1.0,injected
0.8,20,302485,21,0.9521356015371105,5.0,50.0,1.0,injected
0.8,20,302486,19,0.7856967667259658,5.0,50.0,1.0,injected
0.8,20,302487,20,1.0469731878647275,5.0,50.0,1.0,injected
0.8,20,302488,20,0.8432170807326663,5.0,50.0,1.0,injected
0.8,20,302489,20,1.0453740720619993,5.0,50.0,1.0,injected
0.8,20,302490,19,0.8840999376690144,5.0,50.0,1.0,injected
0.8,20,302491,20,0.945103062909692,5.0,50.0,1.0,injected
0.8,20,302492,20,1.019381726492373,5.0,50.0,1.0,injected
0.8,20,302493,21,0.8522295780672873,5.0,50.0,1.0,injected
0.8,20,302494,19,0.8533544703647751,5.0,50.0,1.0,injected
0.8,20,302495,21,0.9824807215974616,5.0,50.0,1.0,injected
0.8,20,302496,18,0.7179813571024432,5.0,50.0,1.0,injected
0.8,20,302497,21,1.0379157872952924,5.0,50.0,1.0,injected
0.8,20,302498,21,0.7449577276263795,5.0,50.0,1.0,injected
0.8,20,302499,19,0.8685088068780771,5.0,50.0,1.0,injected
0.8,20,302500,21,0.9878750911024468,5.0,50.0,1.0,injected
0.8,20,302501,20,0.8966581777660401,5.0,50.0,1.0,injected
0.8,20,302502,21,1.0233126602330112,5.0,50.0,1.0,injected
0.8,20,302503,21,0.7775221141143975,5.0,50.0,1.0,injected
0.8,20,302504,19,1.0730987802581047,5.0,50.0,1.0,injected
0.8,20,302505,21,0.7141949808930943,5.0,50.0,1.0,injected
0.8,20,302506,20,0.8572151220651407,5.0,50.0,1.0,injected
0.8,20,302507,19,1.186002749429693,5.0,50.0,1.0,injected
0.8,20,302508,19,0.9056925363459551,5.0,50.0,1.0,injected
0.8,20,302509,20,0.8784526447007912,5.0,50.0,1.0,injected
0.8,20,302510,19,0.8575552787428018,5.0,50.0,1.0,injected
0.8,20,302511,20,0.9814291573555785,5.0,50.0,1.0,injected
0.8,20,302512,20,1.0529376120561107,5.0,50.0,1.0,injected
0.8,20,302513,20,0.8731080521659393,5.0,50.0,1.0,injected
0.8,20,302514,20,0.7524239051338789,5.0,50.0,1.0,injected
0.8,20,302515,19,0.8899662998253219,5.0,50.0,1.0,injected
0.8,20,302516,19,0.9441711864714963,5.0,50.0,1.0,injected
0.8,20,302517,19,0.8244424578136482,5.0,50.0,1.0,injected
0.8,20,302518,21,1.0303884490283162,5.0,50.0,1.0,injected
0.8,20,302519,20,0.8412936318932187,5.0,50.0,1.0,injected
0.8,20,302520,19,1.0242435088258348,5.0,50.0,1.0,injected
0.8,20,302521,19,0.9362712707211414,5.0,50.0,1.0,injected
0.8,20,302522,20,0.7265338237690584,5.0,50.0,1.0,injected
0.8,20,302523,21,0.80405005488426,5.0,50.0,1.0,injected
0.8,20,302524,19,0.8121034984361306,5.0,50.0,1.0,injected
0.8,20,302525,19,0.9207403904305829,5.0,50.0,1.0,injected
0.8,20,302526,20,0.9866965053340082,5.0,50.0,1.0,injected
0.8,20,302527,20,0.9458259886568343,5.0,50.0,1.0,injected
0.8,20,302528,22,0.9679006428240973,5.0,50.0,1.0,injected
0.8,20,302529,20,0.9121916525746926,5.0,50.0,1.0,injected
0.8,20,302530,20,0.9130998395196253,5.0,50.0,1.0,injected
0.8,20,302531,19,0.7723662589610155,5.0,50.0,1.0,injected
0.8,20,302532,19,0.9326854247344238,5.0,50.0,1.0,injected
0.8,20,302533,19,0.7905840380117568,5.0,50.0,1.0,injected
0.8,20,302534,20,0.9076397903685608,5.0,50.0,1.0,injected
0.8,20,302535,20,0.6903230370439635,5.0,50.0,1.0,injected
0.8,20,302536,21,0.7555159150791376,5.0,50.0,1.0,injected
0.8,20,302537,18,0.9448759790715048,5.0,50.0,1.0,injected
0.8,20,302538,20,0.9541411644726618,5.0,50.0,1.0,injected
0.8,20,302539,18,0.7089149467698952,5.0,50.0,1.0,injected
0.8,20,302540,20,0.7730135092543404,5.0,50.0,1.0,injected
0.8,20,302541,20,0.9024947005164519,5.0,50.0,1.0,injected
0.8,20,302542,21,0.9677982109616755,5.0,50.0,1.0,injected
0.8,20,302543,19,0.9973119709022631,5.0,50.0,1.0,injected
0.8,20,302544,20,0.9037516447525058,5.0,50.0,1.0,injected
0.8,20,302545,19,0.9872989654425041,5.0,50.0,1.0,injected
0.8,20,302546,19,0.9721071660032742,5.0,50.0,1.0,injected
0.8,20,302547,20,0.9425391678038811,5.0,50.0,1.0,injected
0.8,20,302548,20,1.006750149361186,5.0,50.0,1.0,injected
0.8,20,302549,21,1.0841207102580344,5.0,50.0,1.0,injected
0.8,20,302550,20,0.8594237327603081,5.0,50.0,1.0,injected
0.8,20,302551,19,0.8799878693629695,5.0,50.0,1.0,injected
0.8,20,302552,20,1.1357163073343886,5.0,50.0,1.0,injected
0.8,20,302553,20,0.8675541392027795,5.0,50.0,1.0,injected
0.8,20,302554,19,0.9674665332666366,5.0,50.0,1.0,injected
0.8,20,302555,20,0.7680397783667399,5.0,50.0,1.0,injected
0.8,20,302556,19,0.9083031064045495,5.0,50.0,1.0,injected
0.8,20,302557,19,0.9473458036102885,5.0,50.0,1.0,injected
0.8,20,302558,20,0.7577339885420127,5.0,50.0,1.0,injected
0.8,20,302559,21,0.9637251332173293,5.0,50.0,1.0,injected
0.8,20,302560,18,1.0488781124354118,5.0,50.0,1.0,injected
0.8,20,302561,19,0.9935737396597146,5.0,50.0,1.0,injected
0.8,20,302562,20,0.8335702237853545,5.0,50.0,1.0,injected
0.8,20,302563,21,0.578491768305656,5.0,50.0,1.0,injected
0.8,20,302564,20,1.1803385341787729,5.0,50.0,1.0,injected
0.8,20,302565,20,0.7674429999442269,5.0,50.0,1.0,injected
0.8,20,302566,19,0.68981383993774,5.0,50.0,1.0,injected
0.8,20,302567,19,0.9227932997640071,5.0,50.0,1.0,injected
0.8,20,302568,20,0.9803571224140093,5.0,50.0,1.0,injected
0.8,20,302569,20,0.7517274489573083,5.0,50.0,1.0,injected
0.8,20,302570,19,0.8483556938367002,5.0,50.0,1.0,injected
0.8,20,302571,20,1.0029517570584399,5.0,50.0,1.0,injected
0.8,20,302572,20,0.9213995569551074,5.0,50.0,1.0,injected
0.8,20,302573,19,0.9247829275601214,5.0,50.0,1.0,injected
0.8,20,302574,21,0.8133848870660711,5.0,50.0,1.0,injected
0.8,20,302575,20,0.7927186568061224,5.0,50.0,1.0,injected
0.8,20,302576,19,0.8514971887406069,5.0,50.0,1.0,injected
0.8,20,302577,19,0.8968392145240631,5.0,50.0,1.0,injected
0.8,20,302578,21,0.7536831621913802,5.0,50.0,1.0,injected
0.8,20,302579,18,1.083303844585572,5.0,50.0,1.0,injected
0.8,20,302580,21,0.9079787244607942,5.0,50.0,1.0,injected
0.8,20,302581,19,0.8033716935410566,5.0,50.0,1.0,injected
0.8,20,302582,21,0.6850891486889235,5.0,50.0,1.0,injected
0.8,20,302583,20,0.9264154410757868,5.0,50.0,1.0,injected
0.8,20,302584,21,1.036028325315902,5.0,50.0,1.0,injected
0.8,20,302585,22,0.8636544963848845,5.0,50.0,1.0,injected
0.8,20,302586,19,0.8265014182151383,5.0,50.0,1.0,injected
0.8,20,302587,22,1.0027697002801799,5.0,50.0,1.0,injected
0.8,20,302588,20,1.0845678262171643,5.0,50.0,1.0,injected
0.8,20,302589,20,0.9743166730594519,5.0,50.0,1.0,injected
0.8,20,302590,21,0.9409982185382146,5.0,50.0,1.0,injected
0.8,20,302591,20,0.874372145069322,5.0,50.0,1.0,injected
0.8,20,302592,21,1.0580184396951837,5.0,50.0,1.0,injected
0.8,20,302593,20,0.9638261534977461,5.0,50.0,1.0,injected
0.8,20,302594,21,1.0305721142139372,5.0,50.0,1.0,injected
0.8,20,302595,19,1.0890473897095898,5.0,50.0,1.0,injected
0.8,20,302596,19,0.8350951662938593,5.0,50.0,1.0,injected
0.8,20,302597,20,1.1378292555507818,5.0,50.0,1.0,injected
0.8,20,302598,19,0.9609702711702948,5.0,50.0,1.0,injected
0.8,20,302599,21,0.8851193093470493,5.0,50.0,1.0,injected
0.8,30,302600,30,1.0661030241109528,5.0,50.0,1.0,injected
0.8,30,302601,29,0.6321091125376941,5.0,50.0,1.0,injected
0.8,30,302602,30,0.7962567281192909,5.0,50.0,1.0,injected
0.8,30,302603,29,0.6420830146134411,5.0,50.0,1.0,injected
0.8,30,302604,30,0.8681391268586763,5.0,50.0,1.0,injected
0.8,30,302605,28,0.8968330345465829,5.0,50.0,1.0,injected
0.8,30,302606,31,1.0462583302578894,5.0,50.0,1.0,injected
0.8,30,302607,29,0.9061993295099454,5.0,50.0,1.0,injected
0.8,30,302608,31,0.8428854202230374,5.0,50.0,1.0,injected
0.8,30,302609,29,0.9754737066982603,5.0,50.0,1.0,injected
0.8,30,302610,31,0.6084293810037339,5.0,50.0,1.0,injected
0.8,30,302611,30,0.957052064015308,5.0,50.0,1.0,injected
0.8,30,302612,29,0.7073002762051708,5.0,50.0,1.0,injected
0.8,30,302613,30,0.8125028755710122,5.0,50.0,1.0,injected
0.8,30,302614,29,0.8766100517042006,5.0,50.0,1.0,injected
0.8,30,302615,31,0.8398151558882082,5.0,50.0,1.0,injected
0.8,30,302616,30,1.050789287800132,5.0,50.0,1.0,injected
0.8,30,302617,30,0.8992312537105371,5.0,50.0,1.0,injected
0.8,30,302618,30,0.7408202489866346,5.0,50.0,1.0,injected
0.8,30,302619,29,0.8270023599397498,5.0,50.0,1.0,injected
0.8,30,302620,30,1.1066150205288965,5.0,50.0,1.0,injected
0.8,30,302621,31,0.9960170930510623,5.0,50.0,1.0,injected
0.8,30,302622,30,0.9336496706810675,5.0,50.0,1.0,injected
0.8,30,302623,31,0.8771017747532246,5.0,50.0,1.0,injected
0.8,30,302624,30,0.6551928272889602,5.0,50.0,1.0,injected
0.8,30,302625,30,0.9405479915726609,5.0,50.0,1.0,injected
0.8,30,302626,29,0.8979399148331912,5.0,50.0,1.0,injected
0.8,30,302627,30,0.931313951538759,5.0,50.0,1.0,injected
0.8,30,302628,29,0.7431543574838168,5.0,50.0,1.0,injected
0.8,30,302629,29,0.9032872248872612,5.0,50.0,1.0,injected
0.8,30,302630,30,1.0156589613225715,5.0,50.0,1.0,injected
0.8,30,302631,31,0.934596312159739,5.0,50.0,1.0,injected
0.8,30,302632,30,0.7320964553976455,5.0,50.0,1.0,injected
0.8,30,302633,30,0.8784964884659865,5.0,50.0,1.0,injected
0.8,30,302634,30,0.6339227956499878,5.0,50.0,1.0,injected
0.8,30,302635,30,0.6756125737637191,5.0,50.0,1.0,injected
0.8,30,302636,30,0.979427426204669,5.0,50.0,1.0,injected
0.8,30,302637,30,0.8980891883816153,5.0,50.0,1.0,injected
0.8,30,302638,31,0.8299667994848181,5.0,50.0,1.0,injected
0.8,30,302639,30,0.7968035323691487,5.0,50.0,1.0,injected
0.8,30,302640,30,0.6715561329954154,5.0,50.0,1.0,injected
0.8,30,302641,29,0.7244679516836346,5.0,50.0,1.0,injected
0.8,30,302642,29,0.8279833248518781,5.0,50.0,1.0,injected
0.8,30,302643,29,0.6662204290238831,5.0,50.0,1.0,injected
0.8,30,302644,32,0.8896798297298476,5.0,50.0,1.0,injected
0.8,30,302645,30,0.6006323105771091,5.0,50.0,1.0,injected
0.8,30,302646,29,0.7433843490396328,5.0,50.0,1.0,injected
0.8,30,302647,30,0.8410862637745384,5.0,50.0,1.0,injected
0.8,30,302648,30,0.865460877610712,5.0,50.0,1.0,injected
0.8,30,302649,30,0.803934541637125,5.0,50.0,1.0,injected
0.8,30,302650,30,0.9667178914817552,5.0,50.0,1.0,injected
0.8,30,302651,31,1.09336679432221,5.0,50.0,1.0,injected
0.8,30,302652,30,0.922013887176198,5.0,50.0,1.0,injected
0.8,30,302653,29,0.9347647556303651,5.0,50.0,1.0,injected
0.8,30,302654,30,0.9650319960216539,5.0,50.0,1.0,injected
0.8,30,302655,29,0.6787329995099882,5.0,50.0,1.0,injected
0.8,30,302656,30,0.8937279290027353,5.0,50.0,1.0,injected
0.8,30,302657,29,0.7310510167933826,5.0,50.0,1.0,injected
0.8,30,302658,29,0.9209499641860064,5.0,50.0,1.0,injected
0.8,30,302659,31,1.0150715405117685,5.0,50.0,1.0,injected
0.8,30,302660,30,0.7189762850419175,5.0,50.0,1.0,injected
0.8,30,302661,31,0.9581757643688059,5.0,50.0,1.0,injected
0.8,30,302662,30,0.7913177575926038,5.0,50.0,1.0,injected
0.8,30,302663,28,0.8051473921634396,5.0,50.0,1.0,injected
0.8,30,302664,29,0.9474252567714632,5.0,50.0,1.0,injected
0.8,30,302665,29,0.9386432536472997,5.0,50.0,1.0,injected
0.8,30,302666,29,0.7731930572573376,5.0,50.0,1.0,injected
0.8,30,302667,29,0.6819567284027961,5.0,50.0,1.0,injected
0.8,30,302668,29,1.0948497514615183,5.0,50.0,1.0,injected
0.8,30,302669,30,0.936505169899825,5.0,50.0,1.0,injected
0.8,30,302670,31,0.7105533801827801,5.0,50.0,1.0,injected
0.8,30,302671,29,0.9296156495263646,5.0,50.0,1.0,injected
0.8,30,302672,30,0.9033819264941618,5.0,50.0,1.0,injected
0.8,30,302673,30,1.0219480032317714,5.0,50.0,1.0,injected
0.8,30,302674,30,0.890294580299438,5.0,50.0,1.0,injected
0.8,30,302675,30,0.8795086660381615,5.0,50.0,1.0,injected
0.8,30,302676,29,1.1009800433302854,5.0,50.0,1.0,injected
0.8,30,302677,30,1.1405556994732255,5.0,50.0,1.0,injected
0.8,30,302678,30,0.6925386719757236,5.0,50.0,1.0,injected
0.8,30,302679,30,0.9859311080688358,5.0,50.0,1.0,injected
0.8,30,302680,30,0.7615880277654095,5.0,50.0,1.0,injected
0.8,30,302681,29,0.7839303003281815,5.0,50.0,1.0,injected
0.8,30,302682,29,0.7958188990550314,5.0,50.0,1.0,injected
0.8,30,302683,31,0.84672429213498,5.0,50.0,1.0,injected
0.8,30,302684,30,0.8893284744138517,5.0,50.0,1.0,injected
0.8,30,302685,29,0.9350356216258076,5.0,50.0,1.0,injected
0.8,30,302686,29,0.9028497853300645,5.0,50.0,1.0,injected
0.8,30,302687,31,0.8712116291798415,5.0,50.0,1.0,injected
0.8,30,302688,30,0.8913085456407748,5.0,50.0,1.0,injected
0.8,30,302689,29,1.0821557091339564,5.0,50.0,1.0,injected
0.8,30,302690,30,0.8426217838042324,5.0,50.0,1.0,injected
0.8,30,302691,30,0.8649887652515957,5.0,50.0,1.0,injected
0.8,30,302692,30,0.8834452425081507,5.0,50.0,1.0,injected
0.8,30,302693,30,1.0991544295288689,5.0,50.0,1.0,injected
0.8,30,302694,31,0.5403318327399458,5.0,50.0,1.0,injected
0.8,30,302695,29,0.9406074713769124,5.0,50.0,1.0,injected
0.8,30,302696,31,0.9474665387083951,5.0,50.0,1.0,injected
0.8,30,302697,29,0.9142575342866224,5.0,50.0,1.0,injected
0.8,30,302698,30,0.7850893739335367,5.0,50.0,1.0,injected
0.8,30,302699,29,0.8857732270848249,5.0,50.0,1.0,injected
0.8,30,302700,32,0.8848910933194978,5.0,50.0,1.0,injected
0.8,30,302701,30,0.9376940009988906,5.0,50.0,1.0,injected
0.8,30,302702,31,0.7050439803374289,5.0,50.0,1.0,injected
0.8,30,302703,29,0.8757659403154454,5.0,50.0,1.0,injected
0.8,30,302704,30,0.9344740593742944,5.0,50.0,1.0,injected
0.8,30,302705,30,0.7950019764169436,5.0,50.0,1.0,injected
0.8,30,302706,30,0.9266821711860018,5.0,50.0,1.0,injected
0.8,30,302707,31,0.901719662239406,5.0,50.0,1.0,injected
0.8,30,302708,30,0.9714698240415091,5.0,50.0,1.0,injected
0.8,30,302709,29,0.932120423084313,5.0,50.0,1.0,injected
0.8,30,302710,29,0.8089942592508951,5.0,50.0,1.0,injected
0.8,30,302711,31,0.9142385667706692,5.0,50.0,1.0,injected
0.8,30,302712,30,0.9114134783774019,5.0,50.0,1.0,injected
0.8,30,302713,29,0.7994665938965764,5.0,50.0,1.0,injected
0.8,30,302714,30,0.859333326914756,5.0,50.0,1.0,injected
0.8,30,302715,30,1.0603830651990385,5.0,50.0,1.0,injected
0.8,30,302716,30,0.876708436792938,5.0,50.0,1.0,injected
0.8,30,302717,30,0.9249494368401469,5.0,50.0,1.0,injected
0.8,30,302718,30,0.8270140193250604,5.0,50.0,1.0,injected
0.8,30,302719,30,0.8491874825845724,5.0,50.0,1.0,injected
0.8,30,302720,29,0.7662330891993856,5.0,50.0,1.0,injected
0.8,30,302721,30,0.7112711802573819,5.0,50.0,1.0,injected
0.8,30,302722,31,0.6995489444410736,5.0,50.0,1.0,injected
0.8,30,302723,29,0.9116115107502079,5.0,50.0,1.0,injected
0.8,30,302724,30,0.9597316964232345,5.0,50.0,1.0,injected
0.8,30,302725,31,0.897505331939946,5.0,50.0,1.0,injected
0.8,30,302726,31,0.9610842556504485,5.0,50.0,1.0,injected
0.8,30,302727,30,0.7748604963898219,5.0,50.0,1.0,injected
0.8,30,302728,30,0.8265500960861256,5.0,50.0,1.0,injected
0.8,30,302729,30,1.0570107882778597,5.0,50.0,1.0,injected
0.8,30,302730,31,0.9229073378961701,5.0,50.0,1.0,injected
0.8,30,302731,30,0.8243399111079015,5.0,50.0,1.0,injected
0.8,30,302732,30,0.9189518221065414,5.0,50.0,1.0,injected
0.8,30,302733,29,1.068609781576816,5.0,50.0,1.0,injected
0.8,30,302734,30,0.7334223599766438,5.0,50.0,1.0,injected
0.8,30,302735,30,0.9885242454677177,5.0,50.0,1.0,injected
0.8,30,302736,30,0.9752020286464419,5.0,50.0,1.0,injected
0.8,30,302737,31,0.831508856019803,5.0,50.0,1.0,injected
0.8,30,302738,29,1.0127586910301083,5.0,50.0,1.0,injected
0.8,30,302739,30,1.1562398379716625,5.0,50.0,1.0,injected
0.8,30,302740,31,0.9063436717585183,5.0,50.0,1.0,injected
0.8,30,302741,30,0.8925457253057436,5.0,50.0,1.0,injected
0.8,30,302742,29,0.9577692974111032,5.0,50.0,1.0,injected
0.8,30,302743,29,0.7855514011040647,5.0,50.0,1.0,injected
0.8,30,302744,31,0.9299593166313477,5.0,50.0,1.0,injected
0.8,30,302745,31,0.9918112799963698,5.0,50.0,1.0,injected
0.8,30,302746,31,0.8953679328847428,5.0,50.0,1.0,injected
0.8,30,302747,29,0.9018463310526517,5.0,50.0,1.0,injected
0.8,30,302748,30,1.0404861302203816,5.0,50.0,1.0,injected
0.8,30,302749,30,1.092081671572846,5.0,50.0,1.0,injected
0.8,30,302750,31,0.917207226934803,5.0,50.0,1.0,injected
0.8,30,302751,30,0.9422193002388145,5.0,50.0,1.0,injected
0.8,30,302752,30,0.9928037175623762,5.0,50.0,1.0,injected
0.8,30,302753,29,0.9113386238681617,5.0,50.0,1.0,injected
0.8,30,302754,30,1.048260535225565,5.0,50.0,1.0,injected
0.8,30,302755,30,0.9826265555507927,5.0,50.0,1.0,injected
0.8,30,302756,27,1.078046398707701,5.0,50.0,1.0,injected
0.8,30,302757,29,1.0118830501649758,5.0,50.0,1.0,injected
0.8,30,302758,30,0.8253283669672582,5.0,50.0,1.0,injected
0.8,30,302759,30,0.8379370380604112,5.0,50.0,1.0,injected
0.8,30,302760,30,0.6027258819174742,5.0,50.0,1.0,injected
0.8,30,302761,31,0.8062742438836525,5.0,50.0,1.0,injected
0.8,30,302762,29,0.8534782461740783,5.0,50.0,1.0,injected
0.8,30,302763,30,0.889440418409259,5.0,50.0,1.0,injected
0.8,30,302764,31,0.9278216243215669,5.0,50.0,1.0,injected
0.8,30,302765,30,0.9984894134336285,5.0,50.0,1.0,injected
0.8,30,302766,31,0.7859982408027322,5.0,50.0,1.0,injected
0.8,30,302767,32,0.8967388053373493,5.0,50.0,1.0,injected
0.8,30,302768,30,0.7348316280685792,5.0,50.0,1.0,injected
0.8,30,302769,32,0.6996780255029178,5.0,50.0,1.0,injected
0.8,30,302770,30,0.9655359726548174,5.0,50.0,1.0,injected
0.8,30,302771,29,0.8629851986723049,5.0,50.0,1.0,injected
0.8,30,302772,30,0.7998217068229473,5.0,50.0,1.0,injected
0.8,30,302773,29,0.9578387366658606,5.0,50.0,1.0,injected
0.8,30,302774,31,0.8028114497636677,5.0,50.0,1.0,injected
0.8,30,302775,30,0.7258474141899898,5.0,50.0,1.0,injected
0.8,30,302776,30,0.9400094714276566,5.0,50.0,1.0,injected
0.8,30,302777,30,1.1134280286162694,5.0,50.0,1.0,injected
0.8,30,302778,31,0.8551527319415595,5.0,50.0,1.0,injected
0.8,30,302779,30,0.849931654166318,5.0,50.0,1.0,injected
0.8,30,302780,31,1.0606126086426395,5.0,50.0,1.0,injected
0.8,30,302781,31,0.9659441556332228,5.0,50.0,1.0,injected
0.8,30,302782,29,1.0300879959098557,5.0,50.0,1.0,injected
0.8,30,302783,31,0.8485861177836851,5.0,50.0,1.0,injected
0.8,30,302784,29,0.9483456462474835,5.0,50.0,1.0,injected
0.8,30,302785,31,0.7030234206124034,5.0,50.0,1.0,injected
0.8,30,302786,27,0.9827174450425528,5.0,50.0,1.0,injected
0.8,30,302787,31,0.9959419904123273,5.0,50.0,1.0,injected
0.8,30,302788,30,0.7248577436831835,5.0,50.0,1.0,injected
0.8,30,302789,30,0.837066147020286,5.0,50.0,1.0,injected
0.8,30,302790,29,0.9795076040041294,5.0,50.0,1.0,injected
0.8,30,302791,30,0.8357090716969828,5.0,50.0,1.0,injected
0.8,30,302792,31,0.8880716379573345,5.0,50.0,1.0,injected
0.8,30,302793,30,0.8725238356043142,5.0,50.0,1.0,injected
0.8,30,302794,30,0.9417164966834903,5.0,50.0,1.0,injected
0.8,30,302795,29,1.066757715479933,5.0,50.0,1.0,injected
0.8,30,302796,30,0.883536967637655,5.0,50.0,1.0,injected
0.8,30,302797,30,0.9166389195475131,5.0,50.0,1.0,injected
0.8,30,302798,30,0.910788722021076,5.0,50.0,1.0,injected
0.8,30,302799,31,0.9712563640535793,5.0,50.0,1.0,injected
1.0,10,302800,11,1.0208176615657893,5.0,50.0,1.0,injected
1.0,10,302801,10,1.2325340873189363,5.0,50.0,1.0,injected
1.0,10,302802,10,1.0229951963318007,5.0,50.0,1.0,injected
1.0,10,302803,11,0.857395666468904,5.0,50.0,1.0,injected
1.0,10,302804,10,0.949742887382278,5.0,50.0,1.0,injected
1.0,10,302805,10,0.9233550537242021,5.0,50.0,1.0,injected
1.0,10,302806,10,1.0008399055468038,5.0,50.0,1.0,injected
1.0,10,302807,11,0.889088968785247,5.0,50.0,1.0,injected
1.0,10,302808,10,0.9901905828747863,5.0,50.0,1.0,injected
1.0,10,302809,9,0.8768493035929281,5.0,50.0,1.0,injected
1.0,10,302810,10,1.1163215804591469,5.0,50.0,1.0,injected
1.0,10,302811,9,1.0426012570618037,5.0,50.0,1.0,injected
1.0,10,302812,9,1.1054386913243235,5.0,50.0,1.0,injected
1.0,10,302813,10,1.1461415953274257,5.0,50.0,1.0,injected
1.0,10,302814,11,1.037890662380988,5.0,50.0,1.0,injected
1.0,10,302815,10,1.0477128695621343,5.0,50.0,1.0,injected
1.0,10,302816,10,1.117356930133708,5.0,50.0,1.0,injected
1.0,10,302817,10,1.0419372165084648,5.0,50.0,1.0,injected
1.0,10,302818,10,1.0962317133140833,5.0,50.0,1.0,injected
1.0,10,302819,10,0.9083211071150139,5.0,50.0,1.0,injected
1.0,10,302820,9,1.0685106663126607,5.0,50.0,1.0,injected
1.0,10,302821,10,0.8483535088191766,5.0,50.0,1.0,injected
1.0,10,302822,10,1.0700417422766348,5.0,50.0,1.0,injected
1.0,10,302823,10,1.0811344284589044,5.0,50.0,1.0,injected
1.0,10,302824,10,1.1355042921188188,5.0,50.0,1.0,injected
1.0,10,302825,10,1.0091328692362818,5.0,50.0,1.0,injected
1.0,10,302826,9,0.9668473002365772,5.0,50.0,1.0,injected
1.0,10,302827,11,0.9733350441109485,5.0,50.0,1.0,injected
1.0,10,302828,10,1.0895018683138669,5.0,50.0,1.0,injected
1.0,10,302829,10,0.9778601850107256,5.0,50.0,1.0,injected
1.0,10,302830,9,1.0015852127973384,5.0,50.0,1.0,injected
1.0,10,302831,10,0.9436133586742077,5.0,50.0,1.0,injected
1.0,10,302832,10,1.289245126314056,5.0,50.0,1.0,injected
1.0,10,302833,11,0.970709305397157,5.0,50.0,1.0,injected
1.0,10,302834,9,0.8336114724855508,5.0,50.0,1.0,injected
1.0,10,302835,9,1.0941450679472222,5.0,50.0,1.0,injected
1.0,10,302836,10,1.143326908763625,5.0,50.0,1.0,injected
1.0,10,302837,10,1.0437125711208695,5.0,50.0,1.0,injected
1.0,10,302838,11,1.0527319437328637,5.0,50.0,1.0,injected
1.0,10,302839,9,1.1281435392582986,5.0,50.0,1.0,injected
1.0,10,302840,11,0.9060894321196704,5.0,50.0,1.0,injected
1.0,10,302841,9,1.0906493026556583,5.0,50.0,1.0,injected
1.0,10,302842,10,1.0606671548832438,5.0,50.0,1.0,injected
1.0,10,302843,11,1.0283192105929635,5.0,50.0,1.0,injected
1.0,10,302844,10,0.9068233280046832,5.0,50.0,1.0,injected
1.0,10,302845,10,0.9117517001907844,5.0,50.0,1.0,injected
1.0,10,302846,10,0.8758634667003248,5.0,50.0,1.0,injected
1.0,10,302847,10,1.076855392821438,5.0,50.0,1.0,injected
1.0,10,302848,11,1.1012607641388046,5.0,50.0,1.0,injected
1.0,10,302849,10,1.014790887660388,5.0,50.0,1.0,injected
1.0,10,302850,8,1.1659942943739274,5.0,50.0,1.0,injected
1.0,10,302851,10,1.1192586870737329,5.0,50.0,1.0,injected
1.0,10,302852,10,0.9342735400485036,5.0,50.0,1.0,injected
1.0,10,302853,11,1.1047221754463883,5.0,50.0,1.0,injected
1.0,10,302854,9,0.9074126694841402,5.0,50.0,1.0,injected
1.0,10,302855,9,1.127781225742611,5.0,50.0,1.0,injected
1.0,10,302856,11,0.9628870422307186,5.0,50.0,1.0,injected
1.0,10,302857,10,1.0539819708483091,5.0,50.0,1.0,injected
1.0,10,302858,11,1.0717638516255135,5.0,50.0,1.0,injected
1.0,10,302859,9,1.023040203043803,5.0,50.0,1.0,injected
1.0,10,302860,10,1.00178020540339,5.0,50.0,1.0,injected
1.0,10,302861,10,1.0446524997426776,5.0,50.0,1.0,injected
1.0,10,302862,11,1.0364809354801692,5.0,50.0,1.0,injected
1.0,10,302863,11,0.9697136699471145,5.0,50.0,1.0,injected
1.0,10,302864,10,1.0216091368660862,5.0,50.0,1.0,injected
1.0,10,302865,10,1.0639267431309782,5.0,50.0,1.0,injected
1.0,10,302866,10,0.9234854656376148,5.0,50.0,1.0,injected
1.0,10,302867,10,0.8930918340329634,5.0,50.0,1.0,injected
1.0,10,302868,9,0.8050122997970145,5.0,50.0,1.0,injected
1.0,10,302869,9,1.057392397168235,5.0,50.0,1.0,injected
1.0,10,302870,11,1.140186696433498,5.0,50.0,1.0,injected
1.0,10,302871,10,0.9747368986752252,5.0,50.0,1.0,injected
1.0,10,302872,10,0.8475467145922866,5.0,50.0,1.0,injected
1.0,10,302873,11,1.0628578195731986,5.0,50.0,1.0,injected
1.0,10,302874,9,1.0382881437725153,5.0,50.0,1.0,injected
1.0,10,302875,10,0.9357629802225831,5.0,50.0,1.0,injected
1.0,10,302876,10,0.98763419710523,5.0,50.0,1.0,injected
1.0,10,302877,9,1.005162023402622,5.0,50.0,1.0,injected
1.0,10,302878,10,0.9484324392546569,5.0,50.0,1.0,injected
1.0,10,302879,10,0.8501667380743994,5.0,50.0,1.0,injected
1.0,10,302880,10,0.7877558448386933,5.0,50.0,1.0,injected
1.0,10,302881,11,1.0756597042936533,5.0,50.0,1.0,injected
1.0,10,302882,10,1.2141791956891548,5.0,50.0,1.0,injected
1.0,10,302883,11,1.098809970352236,5.0,50.0,1.0,injected
1.0,10,302884,9,1.2177063072569996,5.0,50.0,1.0,injected
1.0,10,302885,9,1.1144624356711517,5.0,50.0,1.0,injected
1.0,10,302886,10,1.1406803246655406,5.0,50.0,1.0,injected
1.0,10,302887,11,1.0321605126274318,5.0,50.0,1.0,injected
1.0,10,302888,10,0.8531109915551072,5.0,50.0,1.0,injected
1.0,10,302889,10,0.8997676139618755,5.0,50.0,1.0,injected
1.0,10,302890,9,0.9846787256241635,5.0,50.0,1.0,injected
1.0,10,302891,10,1.076045776494382,5.0,50.0,1.0,injected
1.0,10,302892,10,1.05054043425069,5.0,50.0,1.0,injected
1.0,10,302893,9,0.8841870316672922,5.0,50.0,1.0,injected
1.0,10,302894,11,1.0478237954352456,5.0,50.0,1.0,injected
1.0,10,302895,11,1.0089097198452661,5.0,50.0,1.0,injected
1.0,10,302896,10,0.994363988952872,5.0,50.0,1.0,injected
1.0,10,302897,9,0.9639666422272939,5.0,50.0,1.0,injected
1.0,10,302898,10,0.9322361896963567,5.0,50.0,1.0,injected
1.0,10,302899,10,0.8049103889193205,5.0,50.0,1.0,injected
1.0,10,302900,10,1.0838467345502742,5.0,50.0,1.0,injected
1.0,10,302901,10,0.8296145918604547,5.0,50.0,1.0,injected
1.0,10,302902,10,0.8819236834268644,5.0,50.0,1.0,injected
1.0,10,302903,8,1.0038919524057333,5.0,50.0,1.0,injected
1.0,10,302904,10,1.0759762132861084,5.0,50.0,1.0,injected
1.0,10,302905,9,1.0414980561740723,5.0,50.0,1.0,injected
1.0,10,302906,10,1.0508468242878628,5.0,50.0,1.0,injected
1.0,10,302907,9,1.0157448281273154,5.0,50.0,1.0,injected
1.0,10,302908,10,1.0396898315092344,5.0,50.0,1.0,injected
1.0,10,302909,11,0.9464403769977313,5.0,50.0,1.0,injected
1.0,10,302910,10,0.9625347360918528,5.0,50.0,1.0,injected
1.0,10,302911,10,1.1008745418298809,5.0,50.0,1.0,injected
1.0,10,302912,10,0.9343761453972209,5.0,50.0,1.0,injected
1.0,10,302913,10,1.0513936339503718,5.0,50.0,1.0,injected
1.0,10,302914,10,0.9466707314659775,5.0,50.0,1.0,injected
1.0,10,302915,10,1.0391552140458087,5.0,50.0,1.0,injected
1.0,10,302916,11,1.0864369665529996,5.0,50.0,1.0,injected
1.0,10,302917,9,1.039669945972163,5.0,50.0,1.0,injected
1.0,10,302918,11,0.9680980420397624,5.0,50.0,1.0,injected
1.0,10,302919,11,0.8926931947090584,5.0,50.0,1.0,injected
1.0,10,302920,10,0.9263382717014037,5.0,50.0,1.0,injected
1.0,10,302921,10,0.9345531960546871,5.0,50.0,1.0,injected
1.0,10,302922,10,1.1122144355591992,5.0,50.0,1.0,injected
1.0,10,302923,8,1.0792409818869255,5.0,50.0,1.0,injected
1.0,10,302924,11,1.0562269486890739,5.0,50.0,1.0,injected
1.0,10,302925,11,0.9403140239689776,5.0,50.0,1.0,injected
1.0,10,302926,10,0.9713226007420652,5.0,50.0,1.0,injected
1.0,10,302927,10,0.9277711248375049,5.0,50.0,1.0,injected
1.0,10,302928,9,1.0793329899547313,5.0,50.0,1.0,injected
1.0,10,302929,9,0.9484948534879042,5.0,50.0,1.0,injected
1.0,10,302930,10,1.0657020589244772,5.0,50.0,1.0,injected
1.0,10,302931,10,0.9934711133747349,5.0,50.0,1.0,injected
1.0,10,302932,9,0.9429387622775935,5.0,50.0,1.0,injected
1.0,10,302933,10,0.9727142624693448,5.0,50.0,1.0,injected
1.0,10,302934,10,0.9262540889997896,5.0,50.0,1.0,injected
1.0,10,302935,9,1.00318969138726,5.0,50.0,1.0,injected
1.0,10,302936,10,1.0902101780332027,5.0,50.0,1.0,injected
1.0,10,302937,10,1.081420859360609,5.0,50.0,1.0,injected
1.0,10,302938,11,1.0926890944747267,5.0,50.0,1.0,injected
1.0,10,302939,9,1.1662189720809848,5.0,50.0,1.0,injected
1.0,10,302940,9,0.938117159857874,5.0,50.0,1.0,injected
1.0,10,302941,10,0.9578409105311405,5.0,50.0,1.0,injected
1.0,10,302942,10,1.147255391605459,5.0,50.0,1.0,injected
1.0,10,302943,11,1.0023550516410653,5.0,50.0,1.0,injected
1.0,10,302944,10,1.135845208261999,5.0,50.0,1.0,injected
1.0,10,302945,9,0.995808428051185,5.0,50.0,1.0,injected
1.0,10,302946,11,0.9438946621504514,5.0,50.0,1.0,injected
1.0,10,302947,9,0.9122551499630878,5.0,50.0,1.0,injected
1.0,10,302948,10,0.9173263742591127,5.0,50.0,1.0,injected
1.0,10,302949,10,1.0723104665682424,5.0,50.0,1.0,injected
1.0,10,302950,10,1.0997436127482851,5.0,50.0,1.0,injected
1.0,10,302951,10,1.0596586913061214,5.0,50.0,1.0,injected
1.0,10,302952,11,1.1710033133844242,5.0,50.0,1.0,injected
1.0,10,302953,10,1.0758358834142263,5.0,50.0,1.0,injected
1.0,10,302954,10,0.9428457713467047,5.0,50.0,1.0,injected
1.0,10,302955,10,1.0975172583745731,5.0,50.0,1.0,injected
1.0,10,302956,9,1.0887738586695912,5.0,50.0,1.0,injected
1.0,10,302957,10,0.9766871980878565,5.0,50.0,1.0,injected
1.0,10,302958,10,1.1687471045991746,5.0,50.0,1.0,injected
1.0,10,302959,9,1.1168838305128954,5.0,50.0,1.0,injected
1.0,10,302960,10,1.0044159027892092,5.0,50.0,1.0,injected
1.0,10,302961,9,1.0206503588885218,5.0,50.0,1.0,injected
1.0,10,302962,9,1.0491608152111906,5.0,50.0,1.0,injected
1.0,10,302963,10,1.0376940002486201,5.0,50.0,1.0,injected
1.0,10,302964,10,1.0066145522735188,5.0,50.0,1.0,injected
1.0,10,302965,10,1.0035769914037806,5.0,50.0,1.0,injected
1.0,10,302966,10,1.1644607365535222,5.0,50.0,1.0,injected
1.0,10,302967,10,1.0348016687121526,5.0,50.0,1.0,injected
1.0,10,302968,9,1.0697690478176662,5.0,50.0,1.0,injected
1.0,10,302969,10,1.063895254223812,5.0,50.0,1.0,injected
1.0,10,302970,9,0.9516081235827103,5.0,50.0,1.0,injected
1.0,10,302971,11,0.9134580833360143,5.0,50.0,1.0,injected
1.0,10,302972,10,1.0162038601521945,5.0,50.0,1.0,injected
1.0,10,302973,11,1.0473910857358806,5.0,50.0,1.0,injected
1.0,10,302974,10,1.0173523529569635,5.0,50.0,1.0,injected
1.0,10,302975,10,1.2029404807291086,5.0,50.0,1.0,injected
1.0,10,302976,10,1.0453095265900372,5.0,50.0,1.0,injected
1.0,10,302977,9,0.9691896244870428,5.0,50.0,1.0,injected
1.0,10,302978,10,1.0586889581038792,5.0,50.0,1.0,injected
1.0,10,302979,9,0.9434751243784293,5.0,50.0,1.0,injected
1.0,10,302980,9,1.0220639577354371,5.0,50.0,1.0,injected
1.0,10,302981,10,1.0080195865887682,5.0,50.0,1.0,injected
1.0,10,302982,11,0.9899276890413282,5.0,50.0,1.0,injected
1.0,10,302983,9,1.0741103221152628,5.0,50.0,1.0,injected
1.0,10,302984,9,0.9006350770953004,5.0,50.0,1.0,injected
1.0,10,302985,10,0.9964871981699934,5.0,50.0,1.0,injected
1.0,10,302986,10,0.9888199567325606,5.0,50.0,1.0,injected
1.0,10,302987,9,0.9906876845794728,5.0,50.0,1.0,injected
1.0,10,302988,10,1.0172356032198127,5.0,50.0,1.0,injected
1.0,10,302989,9,0.9772086700331233,5.0,50.0,1.0,injected
1.0,10,302990,10,1.0394307585887852,5.0,50.0,1.0,injected
1.0,10,302991,10,0.8928976629351071,5.0,50.0,1.0,injected
1.0,10,302992,9,1.0980430391803426,5.0,50.0,1.0,injected
1.0,10,302993,10,1.0329511567239533,5.0,50.0,1.0,injected
1.0,10,302994,10,1.0092063498690573,5.0,50.0,1.0,injected
1.0,10,302995,10,1.1350150205816094,5.0,50.0,1.0,injected
1.0,10,302996,10,0.9798615239832932,5.0,50.0,1.0,injected
1.0,10,302997,10,1.0006683195085435,5.0,50.0,1.0,injected
1.0,10,302998,9,0.8775871864823952,5.0,50.0,1.0,injected
1.0,10,302999,11,0.947724160293107,5.0,50.0,1.0,injected
1.0,20,303000,21,1.0611738281869094,5.0,50.0,1.0,injected
1.0,20,303001,20,0.9855628846023758,5.0,50.0,1.0,injected
1.0,20,303002,20,1.2005872741717003,5.0,50.0,1.0,injected
1.0,20,303003,21,1.0354719261432557,5.0,50.0,1.0,injected
1.0,20,303004,20,1.0245540313289152,5.0,50.0,1.0,injected
1.0,20,303005,21,1.1005115923857534,5.0,50.0,1.0,injected
1.0,20,303006,21,1.2685460667844124,5.0,50.0,1.0,injected
1.0,20,303007,19,0.9828176027184609,5.0,50.0,1.0,injected
1.0,20,303008,19,0.8996463796229872,5.0,50.0,1.0,injected
1.0,20,303009,20,1.1390672999797675,5.0,50.0,1.0,injected
1.0,20,303010,20,0.9216115160368128,5.0,50.0,1.0,injected
1.0,20,303011,20,0.975826179996714,5.0,50.0,1.0,injected
1.0,20,303012,20,1.0307374071651345,5.0,50.0,1.0,injected
1.0,20,303013,20,0.9698620495692414,5.0,50.0,1.0,injected
1.0,20,303014,19,1.128757730976378,5.0,50.0,1.0,injected
1.0,20,303015,20,1.1949264016300405,5.0,50.0,1.0,injected
1.0,20,303016,19,0.9615901678321912,5.0,50.0,1.0,injected
1.0,20,303017,20,1.0042577253280867,5.0,50.0,1.0,injected
1.0,20,303018,19,0.9967661645885981,5.0,50.0,1.0,injected
1.0,20,303019,22,1.064001426839031,5.0,50.0,1.0,injected
1.0,20,303020,20,1.0194723424856178,5.0,50.0,1.0,injected
1.0,20,303021,20,1.0778914724593989,5.0,50.0,1.0,injected
1.0,20,303022,21,0.9544719388648032,5.0,50.0,1.0,injected
1.0,20,303023,20,0.8777049499870913,5.0,50.0,1.0,injected
1.0,20,303024,20,1.0018736582261916,5.0,50.0,1.0,injected
1.0,20,303025,20,1.0872525536844895,5.0,50.0,1.0,injected
1.0,20,303026,21,1.0661043846289002,5.0,50.0,1.0,injected
1.0,20,303027,21,1.156858610070985,5.0,50.0,1.0,injected
1.0,20,303028,20,1.1405153399113463,5.0,50.0,1.0,injected
1.0,20,303029,20,0.9706211538837359,5.0,50.0,1.0,injected
1.0,20,303030,21,0.9144734113614377,5.0,50.0,1.0,injected
1.0,20,303031,20,1.1034482915064872,5.0,50.0,1.0,injected
1.0,20,303032,19,1.009439130073919,5.0,50.0,1.0,injected
1.0,20,303033,20,1.1710794398037199,5.0,50.0,1.0,injected
1.0,20,303034,20,0.9293077934781592,5.0,50.0,1.0,injected
1.0,20,303035,19,0.8398844182965381,5.0,50.0,1.0,injected
1.0,20,303036,20,1.0628125109402555,5.0,50.0,1.0,injected
1.0,20,303037,20,0.8950937315714306,5.0,50.0,1.0,injected
1.0,20,303038,20,1.0748780073546396,5.0,50.0,1.0,injected
1.0,20,303039,20,0.9673282872862686,5.0,50.0,1.0,injected
1.0,20,303040,20,0.99018913899802,5.0,50.0,1.0,injected
1.0,20,303041,20,1.0526456724468884,5.0,50.0,1.0,injected
1.0,20,303042,19,1.0706248998949808,5.0,50.0,1.0,injected
1.0,20,303043,20,1.1100361343998113,5.0,50.0,1.0,injected
1.0,20,303044,20,1.1053362772206932,5.0,50.0,1.0,injected
1.0,20,303045,20,1.1419773923012415,5.0,50.0,1.0,injected
1.0,20,303046,20,1.0988966560095506,5.0,50.0,1.0,injected
1.0,20,303047,20,1.0002777210347582,5.0,50.0,1.0,injected
1.0,20,303048,21,0.9368085151593439,5.0,50.0,1.0,injected
1.0,20,303049,18,0.9642439464606972,5.0,50.0,1.0,injected
1.0,20,303050,20,0.8610234381234543,5.0,50.0,1.0,injected
1.0,20,303051,20,0.9154529541031005,5.0,50.0,1.0,injected
1.0,20,303052,20,0.8636251139186667,5.0,50.0,1.0,injected
1.0,20,303053,21,1.0990336171171116,5.0,50.0,1.0,injected
1.0,20,303054,20,0.991189217193321,5.0,50.0,1.0,injected
1.0,20,303055,19,0.9963335631848553,5.0,50.0,1.0,injected
1.0,20,303056,21,1.1230602899256452,5.0,50.0,1.0,injected
1.0,20,303057,20,1.050710818032341,5.0,50.0,1.0,injected
1.0,20,303058,19,1.0361826196343737,5.0,50.0,1.0,injected
1.0,20,303059,19,1.1639143856743042,5.0,50.0,1.0,injected
1.0,20,303060,19,0.9857404744548197,5.0,50.0,1.0,injected
1.0,20,303061,20,1.0425502369685373,5.0,50.0,1.0,injected
1.0,20,303062,19,0.9338101700559571,5.0,50.0,1.0,injected
1.0,20,303063,20,0.906789219153955,5.0,50.0,1.0,injected
1.0,20,303064,20,0.9893700449120567,5.0,50.0,1.0,injected
1.0,20,303065,20,1.026458791090759,5.0,50.0,1.0,injected
1.0,20,303066,20,0.9751878886239118,5.0,50.0,1.0,injected
1.0,20,303067,20,1.1570897599027141,5.0,50.0,1.0,injected
1.0,20,303068,20,1.1951019618973255,5.0,50.0,1.0,injected
1.0,20,303069,20,0.9854598750311859,5.0,50.0,1.0,injected
1.0,20,303070,20,0.8788688593193088,5.0,50.0,1.0,injected
1.0,20,303071,19,1.1925757440758695,5.0,50.0,1.0,injected
1.0,20,303072,21,1.0557126202043086,5.0,50.0,1.0,injected
1.0,20,303073,20,1.0759055186573103,5.0,50.0,1.0,injected
1.0,20,303074,20,1.0154460255100495,5.0,50.0,1.0,injected
1.0,20,303075,20,1.0100964816374656,5.0,50.0,1.0,injected
1.0,20,303076,20,1.0527873967708312,5.0,50.0,1.0,injected
1.0,20,303077,20,1.1556342952543308,5.0,50.0,1.0,injected
1.0,20,303078,20,1.1152996984377503,5.0,50.0,1.0,injected
1.0,20,303079,19,0.9314191851314068,5.0,50.0,1.0,injected
1.0,20,303080,20,1.042682124804894,5.0,50.0,1.0,injected
1.0,20,303081,21,0.9382505524003344,5.0,50.0,1.0,injected
1.0,20,303082,20,0.9164161096026289,5.0,50.0,1.0,injected
1.0,20,303083,19,1.041316385528871,5.0,50.0,1.0,injected
1.0,20,303084,21,1.1155378587658022,5.0,50.0,1.0,injected
1.0,20,303085,19,1.1191313737817223,5.0,50.0,1.0,injected
1.0,20,303086,20,0.8876888099211624,5.0,50.0,1.0,injected
1.0,20,303087,20,1.1015540054474486,5.0,50.0,1.0,injected
1.0,20,303088,20,0.9965406496975266,5.0,50.0,1.0,injected
1.0,20,303089,19,0.9015391368435416,5.0,50.0,1.0,injected
1.0,20,303090,20,1.0620262433239795,5.0,50.0,1.0,injected
1.0,20,303091,19,0.9398204496822944,5.0,50.0,1.0,injected
1.0,20,303092,19,1.0473076255764817,5.0,50.0,1.0,injected
1.0,20,303093,20,1.028378818751084,5.0,50.0,1.0,injected
1.0,20,303094,21,1.1805699221828538,5.0,50.0,1.0,injected
1.0,20,303095,20,1.03868179196185,5.0,50.0,1.0,injected
1.0,20,303096,20,1.0422254782182545,5.0,50.0,1.0,injected
1.0,20,303097,20,0.9544545260950692,5.0,50.0,1.0,injected
1.0,20,303098,20,1.0786657001638928,5.0,50.0,1.0,injected
1.0,20,303099,21,0.9279931781970729,5.0,50.0,1.0,injected
1.0,20,303100,21,1.104619625759283,5.0,50.0,1.0,injected
1.0,20,303101,20,1.0137185392406685,5.0,50.0,1.0,injected
1.0,20,303102,20,0.9822119588195939,5.0,50.0,1.0,injected
1.0,20,303103,21,0.9953281760909976,5.0,50.0,1.0,injected
1.0,20,303104,19,1.0890431848296682,5.0,50.0,1.0,injected
1.0,20,303105,20,1.045758825380133,5.0,50.0,1.0,injected
1.0,20,303106,20,0.9729412710245542,5.0,50.0,1.0,injected
1.0,20,303107,22,0.9842734909639348,5.0,50.0,1.0,injected
1.0,20,303108,19,1.1314206517792562,5.0,50.0,1.0,injected
1.0,20,303109,20,1.1685236521411921,5.0,50.0,1.0,injected
1.0,20,303110,19,0.9353950289260813,5.0,50.0,1.0,injected
1.0,20,303111,20,0.9168883656548525,5.0,50.0,1.0,injected
1.0,20,303112,20,0.9504346133768515,5.0,50.0,1.0,injected
1.0,20,303113,20,0.8778497841642572,5.0,50.0,1.0,injected
1.0,20,303114,21,0.9378589801357948,5.0,50.0,1.0,injected
1.0,20,303115,21,0.9598412779487056,5.0,50.0,1.0,injected
1.0,20,303116,20,1.0120061826592253,5.0,50.0,1.0,injected
1.0,20,303117,21,0.9940122409248859,5.0,50.0,1.0,injected
1.0,20,303118,20,0.9598774557863827,5.0,50.0,1.0,injected
1.0,20,303119,19,0.9224390848714745,5.0,50.0,1.0,injected
1.0,20,303120,19,1.1349297934177038,5.0,50.0,1.0,injected
1.0,20,303121,20,1.1007609667126366,5.0,50.0,1.0,injected
1.0,20,303122,20,1.1624915999647913,5.0,50.0,1.0,injected
1.0,20,303123,20,1.05003322320417,5.0,50.0,1.0,injected
1.0,20,303124,21,1.1381382088830494,5.0,50.0,1.0,injected
1.0,20,303125,20,1.0764274765147772,5.0,50.0,1.0,injected
1.0,20,303126,20,1.0839363473253811,5.0,50.0,1.0,injected
1.0,20,303127,19,1.0839890664532894,5.0,50.0,1.0,injected
1.0,20,303128,20,1.0192699225916524,5.0,50.0,1.0,injected
1.0,20,303129,20,1.0785605834695162,5.0,50.0,1.0,injected
1.0,20,303130,19,1.2072585921288521,5.0,50.0,1.0,injected
1.0,20,303131,19,1.0330004475577308,5.0,50.0,1.0,injected
1.0,20,303132,19,1.031693606946171,5.0,50.0,1.0,injected
1.0,20,303133,19,0.9617872204560542,5.0,50.0,1.0,injected
1.0,20,303134,20,1.0495635124695157,5.0,50.0,1.0,injected
1.0,20,303135,20,1.0343515695734,5.0,50.0,1.0,injected
1.0,20,303136,20,0.8554716632657184,5.0,50.0,1.0,injected
1.0,20,303137,20,1.014410104289051,5.0,50.0,1.0,injected
1.0,20,303138,20,0.9816826029773148,5.0,50.0,1.0,injected
1.0,20,303139,22,1.1266676349811742,5.0,50.0,1.0,injected
1.0,20,303140,20,1.1253655696258198,5.0,50.0,1.0,injected
1.0,20,303141,19,1.1091262010931124,5.0,50.0,1.0,injected
1.0,20,303142,20,0.9733646697496499,5.0,50.0,1.0,injected
1.0,20,303143,20,1.0502484359780526,5.0,50.0,1.0,injected
1.0,20,303144,21,1.1681311712858897,5.0,50.0,1.0,injected
1.0,20,303145,21,1.0280234789046978,5.0,50.0,1.0,injected
1.0,20,303146,20,1.016537931288414,5.0,50.0,1.0,injected
1.0,20,303147,20,1.1048611171939906,5.0,50.0,1.0,injected
1.0,20,303148,20,1.0255603025597428,5.0,50.0,1.0,injected
1.0,20,303149,20,1.0269405281297734,5.0,50.0,1.0,injected
1.0,20,303150,20,0.9481164550286436,5.0,50.0,1.0,injected
1.0,20,303151,20,1.028870414321337,5.0,50.0,1.0,injected
1.0,20,303152,20,1.151204031982831,5.0,50.0,1.0,injected
1.0,20,303153,20,1.0166224983776435,5.0,50.0,1.0,injected
1.0,20,303154,20,1.0814009137330953,5.0,50.0,1.0,injected
1.0,20,303155,20,1.0629862887120156,5.0,50.0,1.0,injected
1.0,20,303156,19,1.0751126879531747,5.0,50.0,1.0,injected
1.0,20,303157,21,0.979993466650411,5.0,50.0,1.0,injected
1.0,20,303158,20,1.0322323580318304,5.0,50.0,1.0,injected
1.0,20,303159,20,0.9043500776144269,5.0,50.0,1.0,injected
1.0,20,303160,20,1.1481531330699557,5.0,50.0,1.0,injected
1.0,20,303161,19,1.081864872642967,5.0,50.0,1.0,injected
1.0,20,303162,21,0.9751386759036315,5.0,50.0,1.0,injected
1.0,20,303163,19,0.9665696133169581,5.0,50.0,1.0,injected
1.0,20,303164,21,0.9758470505923855,5.0,50.0,1.0,injected
1.0,20,303165,21,0.9540856917433397,5.0,50.0,1.0,injected
1.0,20,303166,21,1.0855382592046163,5.0,50.0,1.0,injected
1.0,20,303167,20,0.9905960667398489,5.0,50.0,1.0,injected
1.0,20,303168,20,0.9686631484700725,5.0,50.0,1.0,injected
1.0,20,303169,20,1.113138489283104,5.0,50.0,1.0,injected
1.0,20,303170,21,1.1813158354250803,5.0,50.0,1.0,injected
1.0,20,303171,20,1.0491525630708485,5.0,50.0,1.0,injected
1.0,20,303172,20,1.0926759127219325,5.0,50.0,1.0,injected
1.0,20,303173,21,0.9948756557903914,5.0,50.0,1.0,injected
1.0,20,303174,21,1.0038224518717829,5.0,50.0,1.0,injected
1.0,20,303175,20,1.0864332017135254,5.0,50.0,1.0,injected
1.0,20,303176,20,1.1825277884875118,5.0,50.0,1.0,injected
1.0,20,303177,19,1.1764795397120333,5.0,50.0,1.0,injected
1.0,20,303178,20,0.8556090306693747,5.0,50.0,1.0,injected
1.0,20,303179,20,1.0090762995023028,5.0,50.0,1.0,injected
1.0,20,303180,20,1.0037012336799416,5.0,50.0,1.0,injected
1.0,20,303181,20,0.8278659284107966,5.0,50.0,1.0,injected
1.0,20,303182,20,1.2134677747368867,5.0,50.0,1.0,injected
1.0,20,303183,20,1.2168593871812339,5.0,50.0,1.0,injected
1.0,20,303184,20,1.0272397316824726,5.0,50.0,1.0,injected
1.0,20,303185,21,0.920288487742108,5.0,50.0,1.0,injected
1.0,20,303186,19,1.0569123559006572,5.0,50.0,1.0,injected
1.0,20,303187,19,1.0499041226284709,5.0,50.0,1.0,injected
1.0,20,303188,20,1.0132438131527202,5.0,50.0,1.0,injected
1.0,20,303189,21,0.9361406629596125,5.0,50.0,1.0,injected
1.0,20,303190,19,0.8646364158628439,5.0,50.0,1.0,injected
1.0,20,303191,19,1.0097499227381364,5.0,50.0,1.0,injected
1.0,20,303192,20,0.8875394588234781,5.0,50.0,1.0,injected
1.0,20,303193,21,0.8204201680112588,5.0,50.0,1.0,injected
1.0,20,303194,21,1.014483573253679,5.0,50.0,1.0,injected
1.0,20,303195,20,1.0040207029875017,5.0,50.0,1.0,injected
1.0,20,303196,20,0.8424868737346922,5.0,50.0,1.0,injected
1.0,20,303197,18,0.9720925760575809,5.0,50.0,1.0,injected
1.0,20,303198,19,0.9004607410587309,5.0,50.0,1.0,injected
1.0,20,303199,20,1.0844696065748436,5.0,50.0,1.0,injected
1.0,30,303200,30,0.8275936011479367,5.0,50.0,1.0,injected
1.0,30,303201,30,0.993179532488943,5.0,50.0,1.0,injected
1.0,30,303202,30,1.1459603146361208,5.0,50.0,1.0,injected
1.0,30,303203,30,0.9778421110481517,5.0,50.0,1.0,injected
1.0,30,303204,29,1.040685327629994,5.0,50.0,1.0,injected
1.0,30,303205,31,0.8244484918626667,5.0,50.0,1.0,injected
1.0,30,303206,30,1.1149311872311238,5.0,50.0,1.0,injected
1.0,30,303207,31,1.047881849606012,5.0,50.0,1.0,injected
1.0,30,303208,29,0.9239185250212472,5.0,50.0,1.0,injected
1.0,30,303209,30,0.9760702185993763,5.0,50.0,1.0,injected
1.0,30,303210,30,0.8812973745700089,5.0,50.0,1.0,injected
1.0,30,303211,30,0.9471808026761518,5.0,50.0,1.0,injected
1.0,30,303212,29,1.0789185991758314,5.0,50.0,1.0,injected
1.0,30,303213,29,1.0170172542370994,5.0,50.0,1.0,injected
1.0,30,303214,30,1.0646693065812856,5.0,50.0,1.0,injected
1.0,30,303215,29,0.95897500069693,5.0,50.0,1.0,injected
1.0,30,303216,30,1.0911282534810536,5.0,50.0,1.0,injected
1.0,30,303217,31,0.9888990159288193,5.0,50.0,1.0,injected
1.0,30,303218,30,0.9717912482946902,5.0,50.0,1.0,injected
1.0,30,303219,28,1.0385391723492665,5.0,50.0,1.0,injected
1.0,30,303220,29,1.2157941094440494,5.0,50.0,1.0,injected
1.0,30,303221,30,1.0665170127469499,5.0,50.0,1.0,injected
1.0,30,303222,29,1.0575472757995725,5.0,50.0,1.0,injected
1.0,30,303223,29,1.0630446576723986,5.0,50.0,1.0,injected
1.0,30,303224,29,1.0045941878264921,5.0,50.0,1.0,injected
1.0,30,303225,30,1.1114702446914029,5.0,50.0,1.0,injected
1.0,30,303226,29,0.9688522184694195,5.0,50.0,1.0,injected
1.0,30,303227,31,1.0132142154684531,5.0,50.0,1.0,injected
1.0,30,303228,29,0.8748389629915768,5.0,50.0,1.0,injected
1.0,30,303229,29,1.127330075800575,5.0,50.0,1.0,injected
1.0,30,303230,30,0.8675937778272413,5.0,50.0,1.0,injected
1.0,30,303231,30,1.1065473454400179,5.0,50.0,1.0,injected
1.0,30,303232,31,1.066322077173727,5.0,50.0,1.0,injected
1.0,30,303233,31,1.0681928316037144,5.0,50.0,1.0,injected
1.0,30,303234,28,1.0050695076043157,5.0,50.0,1.0,injected
1.0,30,303235,31,0.9923628226578378,5.0,50.0,1.0,injected
1.0,30,303236,30,1.1592826612598293,5.0,50.0,1.0,injected
1.0,30,303237,29,0.9781621694067402,5.0,50.0,1.0,injected
1.0,30,303238,29,1.248180025189408,5.0,50.0,1.0,injected
1.0,30,303239,31,1.1189874049053163,5.0,50.0,1.0,injected
1.0,30,303240,31,0.9540194728378117,5.0,50.0,1.0,injected
1.0,30,303241,29,1.0659851417832542,5.0,50.0,1.0,injected
1.0,30,303242,31,1.0581705079386414,5.0,50.0,1.0,injected
1.0,30,303243,29,0.9467872337119919,5.0,50.0,1.0,injected
1.0,30,303244,30,1.1014588205884244,5.0,50.0,1.0,injected
1.0,30,303245,31,1.0293787203586082,5.0,50.0,1.0,injected
1.0,30,303246,30,0.981464824388395,5.0,50.0,1.0,injected
1.0,30,303247,32,1.0681932718551879,5.0,50.0,1.0,injected
1.0,30,303248,30,1.160816752383927,5.0,50.0,1.0,injected
1.0,30,303249,31,1.120244345976688,5.0,50.0,1.0,injected
1.0,30,303250,29,1.184173243842229,5.0,50.0,1.0,injected
1.0,30,303251,30,1.040085339833479,5.0,50.0,1.0,injected
1.0,30,303252,30,1.0629560253612003,5.0,50.0,1.0,injected
1.0,30,303253,29,0.9641305628734445,5.0,50.0,1.0,injected
1.0,30,303254,31,1.009256064867442,5.0,50.0,1.0,injected
1.0,30,303255,30,1.1623017786444492,5.0,50.0,1.0,injected
1.0,30,303256,30,1.1976243212196636,5.0,50.0,1.0,injected
1.0,30,303257,30,1.0909793528552982,5.0,50.0,1.0,injected
1.0,30,303258,30,1.214292659599176,5.0,50.0,1.0,injected
1.0,30,303259,30,1.0759567241198744,5.0,50.0,1.0,injected
1.0,30,303260,30,1.164669748802279,5.0,50.0,1.0,injected
1.0,30,303261,30,1.0594626384102896,5.0,50.0,1.0,injected
1.0,30,303262,30,0.9812998728376066,5.0,50.0,1.0,injected
1.0,30,303263,30,1.0620835402756144,5.0,50.0,1.0,injected
1.0,30,303264,29,1.0789597280399577,5.0,50.0,1.0,injected
1.0,30,303265,29,1.0188948891107064,5.0,50.0,1.0,injected
1.0,30,303266,31,0.9243333613349847,5.0,50.0,1.0,injected
1.0,30,303267,29,0.9008164453051415,5.0,50.0,1.0,injected
1.0,30,303268,31,1.0858596796412163,5.0,50.0,1.0,injected
1.0,30,303269,29,0.9998091820992341,5.0,50.0,1.0,injected
1.0,30,303270,31,1.0656801620352356,5.0,50.0,1.0,injected
1.0,30,303271,29,1.060228761419541,5.0,50.0,1.0,injected
1.0,30,303272,30,1.035334153415655,5.0,50.0,1.0,injected
1.0,30,303273,31,1.058485204395304,5.0,50.0,1.0,injected
1.0,30,303274,30,1.0813682292038425,5.0,50.0,1.0,injected
1.0,30,303275,29,1.1451888972209858,5.0,50.0,1.0,injected
1.0,30,303276,30,1.07734774776111,5.0,50.0,1.0,injected
1.0,30,303277,31,1.1116715189198525,5.0,50.0,1.0,injected
1.0,30,303278,31,1.0933118109192033,5.0,50.0,1.0,injected
1.0,30,303279,30,0.9670170150701324,5.0,50.0,1.0,injected
1.0,30,303280,31,1.1447941283500476,5.0,50.0,1.0,injected
1.0,30,303281,30,1.0014935501771753,5.0,50.0,1.0,injected
1.0,30,303282,31,0.9678437562499473,5.0,50.0,1.0,injected
1.0,30,303283,30,1.0852482380288984,5.0,50.0,1.0,injected
1.0,30,303284,30,0.975127643219846,5.0,50.0,1.0,injected
1.0,30,303285,30,1.139000120926055,5.0,50.0,1.0,injected
1.0,30,303286,31,0.965021299343735,5.0,50.0,1.0,injected
1.0,30,303287,31,1.1261528749888,5.0,50.0,1.0,injected
1.0,30,303288,31,0.9842500638990155,5.0,50.0,1.0,injected
1.0,30,303289,30,1.0956884314367092,5.0,50.0,1.0,injected
1.0,30,303290,31,1.2002212285838993,5.0,50.0,1.0,injected
1.0,30,303291,30,1.0823245131394281,5.0,50.0,1.0,injected
1.0,30,303292,29,1.0957935567727888,5.0,50.0,1.0,injected
1.0,30,303293,30,1.0979245169347553,5.0,50.0,1.0,injected
1.0,30,303294,30,1.1692848084091265,5.0,50.0,1.0,injected
1.0,30,303295,29,1.1071496243504024,5.0,50.0,1.0,injected
1.0,30,303296,29,1.0919423780622464,5.0,50.0,1.0,injected
1.0,30,303297,30,1.00728055138498,5.0,50.0,1.0,injected
1.0,30,303298,29,0.8119100597810351,5.0,50.0,1.0,injected
1.0,30,303299,30,1.0691683281974427,5.0,50.0,1.0,injected
1.0,30,303300,29,0.962923677859288,5.0,50.0,1.0,injected
1.0,30,303301,28,1.0285482925061578,5.0,50.0,1.0,injected
1.0,30,303302,29,0.8571604654595582,5.0,50.0,1.0,injected
1.0,30,303303,30,1.0952616538558095,5.0,50.0,1.0,injected
1.0,30,303304,30,1.0839560070817138,5.0,50.0,1.0,injected
1.0,30,303305,31,1.0028153885239077,5.0,50.0,1.0,injected
1.0,30,303306,30,0.9736005411500388,5.0,50.0,1.0,injected
1.0,30,303307,31,0.9874140733095389,5.0,50.0,1.0,injected
1.0,30,303308,30,0.973884485647722,5.0,50.0,1.0,injected
1.0,30,303309,30,0.9898165531295926,5.0,50.0,1.0,injected
1.0,30,303310,30,0.9450782747638289,5.0,50.0,1.0,injected
1.0,30,303311,30,1.0511048778656193,5.0,50.0,1.0,injected
1.0,30,303312,29,1.104439028196166,5.0,50.0,1.0,injected
1.0,30,303313,29,1.0228387170217983,5.0,50.0,1.0,injected
1.0,30,303314,29,1.0482261277919813,5.0,50.0,1.0,injected
1.0,30,303315,29,0.9349922561315611,5.0,50.0,1.0,injected
1.0,30,303316,31,1.1284243145163528,5.0,50.0,1.0,injected
1.0,30,303317,31,0.9908627175057478,5.0,50.0,1.0,injected
1.0,30,303318,29,1.0380791424305036,5.0,50.0,1.0,injected
1.0,30,303319,31,1.20063781570047,5.0,50.0,1.0,injected
1.0,30,303320,30,1.0369224714096457,5.0,50.0,1.0,injected
1.0,30,303321,30,0.9042790376280296,5.0,50.0,1.0,injected
1.0,30,303322,29,0.8067316382452413,5.0,50.0,1.0,injected
1.0,30,303323,30,1.0709801353195612,5.0,50.0,1.0,injected
1.0,30,303324,29,0.9885920938033108,5.0,50.0,1.0,injected
1.0,30,303325,29,0.7594812386300349,5.0,50.0,1.0,injected
1.0,30,303326,29,1.0900522433867166,5.0,50.0,1.0,injected
1.0,30,303327,30,1.024061181673559,5.0,50.0,1.0,injected
1.0,30,303328,30,0.9608348963430101,5.0,50.0,1.0,injected
1.0,30,303329,31,1.1460353491441155,5.0,50.0,1.0,injected
1.0,30,303330,30,1.0339042913188563,5.0,50.0,1.0,injected
1.0,30,303331,30,1.0169583537892524,5.0,50.0,1.0,injected
1.0,30,303332,30,0.9613571705295133,5.0,50.0,1.0,injected
1.0,30,303333,30,0.9921831945715732,5.0,50.0,1.0,injected
1.0,30,303334,30,1.0847498697913123,5.0,50.0,1.0,injected
1.0,30,303335,28,1.052205323483105,5.0,50.0,1.0,injected
1.0,30,303336,29,1.1034079014297842,5.0,50.0,1.0,injected
1.0,30,303337,30,1.1226679995689133,5.0,50.0,1.0,injected
1.0,30,303338,30,0.9618021432328765,5.0,50.0,1.0,injected
1.0,30,303339,29,1.1170110831147209,5.0,50.0,1.0,injected
1.0,30,303340,30,1.0319992233954605,5.0,50.0,1.0,injected
1.0,30,303341,30,0.9864131629923026,5.0,50.0,1.0,injected
1.0,30,303342,30,0.9716945887108517,5.0,50.0,1.0,injected
1.0,30,303343,31,1.0697594234764614,5.0,50.0,1.0,injected
1.0,30,303344,30,1.1800158916185546,5.0,50.0,1.0,injected
1.0,30,303345,30,1.0719932500367648,5.0,50.0,1.0,injected
1.0,30,303346,30,0.972143937127934,5.0,50.0,1.0,injected
1.0,30,303347,29,0.9287543095888131,5.0,50.0,1.0,injected
1.0,30,303348,30,1.053646950973984,5.0,50.0,1.0,injected
1.0,30,303349,31,0.9441059314453975,5.0,50.0,1.0,injected
1.0,30,303350,30,0.8920865009404755,5.0,50.0,1.0,injected
1.0,30,303351,30,1.1206938727952362,5.0,50.0,1.0,injected
1.0,30,303352,31,1.0524008650642231,5.0,50.0,1.0,injected
1.0,30,303353,30,1.1946818210664745,5.0,50.0,1.0,injected
1.0,30,303354,31,0.994971883483582,5.0,50.0,1.0,injected
1.0,30,303355,31,1.0762990729535193,5.0,50.0,1.0,injected
1.0,30,303356,29,1.1016376842420375,5.0,50.0,1.0,injected
1.0,30,303357,31,1.0944736609016423,5.0,50.0,1.0,injected
1.0,30,303358,30,1.1613601928795365,5.0,50.0,1.0,injected
1.0,30,303359,30,0.9681410049728217,5.0,50.0,1.0,injected
1.0,30,303360,30,1.116236344447572,5.0,50.0,1.0,injected
1.0,30,303361,30,0.9416309833850066,5.0,50.0,1.0,injected
1.0,30,303362,30,0.8973781379802457,5.0,50.0,1.0,injected
1.0,30,303363,30,0.987466047748373,5.0,50.0,1.0,injected
1.0,30,303364,31,1.1217448322834824,5.0,50.0,1.0,injected
1.0,30,303365,31,1.004410416020071,5.0,50.0,1.0,injected
1.0,30,303366,30,0.9718683158051593,5.0,50.0,1.0,injected
1.0,30,303367,31,0.9892583757641573,5.0,50.0,1.0,injected
1.0,30,303368,29,1.107632124978158,5.0,50.0,1.0,injected
1.0,30,303369,31,1.1012278946911167,5.0,50.0,1.0,injected
1.0,30,303370,31,1.1155204544452548,5.0,50.0,1.0,injected
1.0,30,303371,30,1.022583190784668,5.0,50.0,1.0,injected
1.0,30,303372,31,1.0263753613259445,5.0,50.0,1.0,injected
1.0,30,303373,31,0.9741007661680716,5.0,50.0,1.0,injected
1.0,30,303374,31,0.9927633591268266,5.0,50.0,1.0,injected
1.0,30,303375,30,0.9173512833240325,5.0,50.0,1.0,injected
1.0,30,303376,29,1.1389373171386337,5.0,50.0,1.0,injected
1.0,30,303377,30,0.9496293738579298,5.0,50.0,1.0,injected
1.0,30,303378,29,1.0456337173463637,5.0,50.0,1.0,injected
1.0,30,303379,30,1.1331484327850436,5.0,50.0,1.0,injected
1.0,30,303380,29,0.9950794043806492,5.0,50.0,1.0,injected
1.0,30,303381,32,0.9776060733718395,5.0,50.0,1.0,injected
1.0,30,303382,30,0.938608134148393,5.0,50.0,1.0,injected
1.0,30,303383,30,1.0100925096511721,5.0,50.0,1.0,injected
1.0,30,303384,30,1.0481650589781637,5.0,50.0,1.0,injected
1.0,30,303385,31,1.0126234048069254,5.0,50.0,1.0,injected
1.0,30,303386,30,1.1213983971956858,5.0,50.0,1.0,injected
1.0,30,303387,31,1.0292321853529338,5.0,50.0,1.0,injected
1.0,30,303388,30,1.0770377508733762,5.0,50.0,1.0,injected
1.0,30,303389,30,1.139852182620762,5.0,50.0,1.0,injected
1.0,30,303390,30,1.0506329672088919,5.0,50.0,1.0,injected
1.0,30,303391,30,0.9169420270311164,5.0,50.0,1.0,injected
1.0,30,303392,30,0.9563307465661547,5.0,50.0,1.0,injected
1.0,30,303393,31,1.0494367182567184,5.0,50.0,1.0,injected
1.0,30,303394,30,1.078674989100649,5.0,50.0,1.0,injected
1.0,30,303395,30,0.8018011143782504,5.0,50.0,1.0,injected
1.0,30,303396,29,1.1371608382216005,5.0,50.0,1.0,injected
1.0,30,303397,31,0.918510536773175,5.0,50.0,1.0,injected
1.0,30,303398,30,0.91928712898267,5.0,50.0,1.0,injected
1.0,30,303399,30,0.9440686994719742,5.0,50.0,1.0,injected
