mode,method,target,predictors,lag_days,tuple_count,status,joint_mi_bits,target_entropy_bits,leak_fraction,total_unique_bits,total_redundancy_bits,total_synergy_bits,norm_unique,norm_redundancy,norm_synergy,U_blue,U_core,U_red,R_blue_core,R_blue_red,R_core_red,R_blue_core_red,S_blue_core,S_blue_red,S_core_red,S_blue_core_red,norm_U_blue,norm_U_core,norm_U_red,norm_R_blue_core,norm_R_blue_red,norm_R_core_red,norm_R_blue_core_red,norm_S_blue_core,norm_S_blue_red,norm_S_core_red,norm_S_blue_core_red,U_continuum,R_continuum_core,R_continuum_red,R_continuum_core_red,S_continuum_core,S_continuum_red,S_continuum_core_red,norm_U_continuum,norm_R_continuum_core,norm_R_continuum_red,norm_R_continuum_core_red,norm_S_continuum_core,norm_S_continuum_red,norm_S_continuum_core_red,R_continuum_blue,R_continuum_blue_red,S_continuum_blue,S_continuum_blue_red,norm_R_continuum_blue,norm_R_continuum_blue_red,norm_S_continuum_blue,norm_S_continuum_blue_red,R_continuum_blue_core,S_continuum_blue_core,norm_R_continuum_blue_core,norm_S_continuum_blue_core
continuum_wings,gap_limited,continuum,blue;core;red,0,1363,ok,0.8907261978430078,1.9859949694970533,0.5514962467057261,0.18922741561774425,0.3518352519023945,0.3496635303228689,0.2124417313378448,0.39499820792787116,0.3925600607342839,0.0,0.18922741561774425,0.0,0.1358751310976254,0.0,0.0008124598219379581,0.2151476609828312,0.06449608423739396,0.03763393804492277,0.05621159694519265,0.19132191109535954,0.0,0.2124417313378448,0.0,0.15254421777046873,0.0,0.0009121319479604615,0.24154185820944205,0.07240842853121238,0.042250848954546893,0.06310760487489339,0.21479317837363127,,,,,,,,,,,,,,,,,,,,,,,,,,
continuum_wings,gap_limited,continuum,blue;core;red,1,1360,ok,0.8878970349782056,1.9866917090140583,0.5530775958093597,0.17629503350000697,0.3517205387246588,0.3598814627535398,0.19855346572289695,0.3961276193847096,0.40531891489239347,0.0,0.17629503350000697,0.0,0.13595310760583096,0.0,0.0,0.21576743111882787,0.06446088732000192,0.05037830129541348,0.049535527953874774,0.19550674618424962,0.0,0.19855346572289695,0.0,0.15311810069189843,0.0,0.0,0.24300951869281118,0.07259950735344463,0.05673890024494796,0.05578972110779791,0.22019078618620294,,,,,,,,,,,,,,,,,,,,,,,,,,
continuum_wings,gap_limited,continuum,blue;core;red,2,1356,ok,0.8897297579022698,1.9869693376876687,0.5522176708888423,0.1639385348201527,0.35097210326212064,0.37481911981999655,0.1842565490971924,0.3944704559389058,0.42127299496390186,0.0,0.1639385348201527,0.0,0.1369013260192265,0.0,0.0,0.21407077724289414,0.09351454177125022,0.0376130504661561,0.04430798944600964,0.19938353813658058,0.0,0.1842565490971924,0.0,0.1538684356719741,0.0,0.0,0.24060202026693167,0.10510443304912152,0.042274690862129864,0.049799379027712073,0.2240944920249384,,,,,,,,,,,,,,,,,,,,,,,,,,
continuum_wings,gap_limited,continuum,blue;core;red,3,1352,ok,0.8863024224311813,1.987687887694705,0.5541038269045974,0.1578760850585505,0.345863885587885,0.3825624517847458,0.1781289107001274,0.39023235955867003,0.43163872974120254,0.0013818730407856381,0.15649421201776487,0.0,0.13142239354110263,0.0,0.0,0.21444149204678237,0.09791031237669753,0.041195885059226826,0.037133433954646515,0.20632282039417493,0.0015591439285419942,0.17656976677158542,0.0,0.1482816589630919,0.0,0.0,0.24195070059557813,0.11047054583030881,0.04648061882334025,0.041897024102435884,0.23279054098511762,,,,,,,,,,,,,,,,,,,,,,,,,,
continuum_wings,gap_limited,continuum,blue;core;red,4,1347,ok,0.8733493175513545,1.9881999445844105,0.5607336576332712,0.15117773882766383,0.3377505548143894,0.3844210239093013,0.17310111291038402,0.3867301983602101,0.44016868872940595,0.0002571679830292837,0.15092057084463456,0.0,0.1254262868048722,0.0,0.0,0.21232426800951723,0.09193856294165614,0.04491724815803235,0.03773681237860478,0.20982840043100798,0.0002944617667422197,0.1728066511436418,0.0,0.14361525713048595,0.0,0.0,0.24311494122972413,0.10527123694265668,0.051431022221404714,0.04320929966992937,0.24025712989541517,,,,,,,,,,,,,,,,,,,,,,,,,,
continuum_wings,gap_limited,continuum,blue;core;red,5,1342,ok,0.8646144639939777,1.9884525551879213,0.5651822510232135,0.14398162880281434,0.3330879098027576,0.38754492538840557,0.16652697219256468,0.38524443399211705,0.44822859381531804,0.0,0.14398162880281434,0.0,0.12217597592021837,0.0,0.0,0.21091193388253926,0.09990029766915143,0.0491150774001128,0.026649227824718263,0.21188032249442312,0.0,0.16652697219256468,0.0,0.1413068841756843,0.0,0.0,0.24393754981643279,0.11554317193315802,0.05680575498729443,0.030822093469979106,0.24505757342488657,,,,,,,,,,,,,,,,,,,,,,,,,,
continuum_wings,gap_limited,continuum,blue;core;red,6,1337,ok,0.8560756682313635,1.9886793584311406,0.5695255423646116,0.13822754640441262,0.32635829610535017,0.3914898257216008,0.16146650527982903,0.3812259922999568,0.45730750242021423,0.0,0.13822754640441262,0.0,0.11686162676933978,0.0,0.0,0.20949666933601038,0.10678909004990508,0.04983080232711066,0.02062131689363693,0.21424861645094812,0.0,0.16146650527982903,0.0,0.1365085250124837,0.0,0.0,0.24471746728747312,0.12474258294308185,0.058208408644600515,0.0240881941385394,0.25026831669399247,,,,,,,,,,,,,,,,,,,,,,,,,,
continuum_wings,gap_limited,continuum,blue;core;red,7,1332,ok,0.8507859329164273,1.9886705002777734,0.5721835604251349,0.13255539839650682,0.31794748718714066,0.40028304733278,0.15580346743876844,0.37371032463741105,0.4704862079238207,0.0,0.13255539839650682,0.0,0.11173590585160753,0.0,0.0,0.20621158133553313,0.06911034364025505,0.0872883841888898,0.026227004235552957,0.21765731526808216,0.0,0.15580346743876844,0.0,0.1313325732462285,0.0,0.0,0.24237775139118253,0.0812311780982911,0.1025973524146927,0.030826795814134875,0.255830881596702,,,,,,,,,,,,,,,,,,,,,,,,,,
continuum_wings,gap_limited,continuum,blue;core;red,8,1327,ok,0.8477831516613896,1.9886520691944765,0.5736895534447275,0.12683233377880976,0.3098408913132374,0.41110992656934253,0.14960468786181713,0.3654718670759689,0.484923445062214,0.0008511531523691661,0.1259811806264406,0.0,0.10974236934756773,0.0,0.0,0.20009852196566966,0.07671569672723785,0.08593674852809399,0.015231693351062503,0.2332257879629482,0.0010039750739339092,0.1486007127878832,0.0,0.12944627306228843,0.0,0.0,0.23602559401368048,0.09048976330432977,0.10136642649678147,0.017966496882148637,0.2751007583789542,,,,,,,,,,,,,,,,,,,,,,,,,,
continuum_wings,gap_limited,continuum,blue;core;red,9,1322,ok,0.8424648125335069,1.9886238538172307,0.5763578864266653,0.130680929130354,0.29751278638444406,0.41427109701870884,0.15511737367091102,0.3531456530389051,0.49173697329018384,0.006978183177448639,0.12370274595290537,0.0,0.10333132350086513,0.0,0.0,0.19418146288357893,0.0783687642154765,0.0535648511801191,0.04059746834133503,0.2417400132817782,0.008283055949201557,0.1468343177217095,0.0,0.12265357788667926,0.0,0.0,0.23049207515222583,0.09302318987044884,0.06358111387351112,0.04818891867928355,0.2869437508669403,,,,,,,,,,,,,,,,,,,,,,,,,,
continuum_wings,gap_limited,continuum,blue;core;red,10,1317,ok,0.8258758547969826,1.9888204099885836,0.5847408591298099,0.13209000398845958,0.2850890101367649,0.408696840671758,0.15993929743948024,0.3451959619364895,0.4948647406240302,0.011733258759133473,0.1203567452293261,0.0,0.09650793276404263,0.0,0.0,0.18858107737272228,0.05726678393249282,0.06339617935626933,0.05628064726056192,0.23175323012243393,0.014207049026778669,0.14573224841270155,0.0,0.11685525397490436,0.0,0.0,0.22834070796158512,0.06934066857611448,0.07676235960652153,0.06814661905135473,0.2806150933900395,,,,,,,,,,,,,,,,,,,,,,,,,,
continuum_wings,gap_limited,continuum,blue;core;red,11,1312,ok,0.8158167658081945,1.9887112790330526,0.5897761658973266,0.13152321851293178,0.27460443095954906,0.4096891163357137,0.1612166163104498,0.3366006221844562,0.502182761505094,0.014100510591546959,0.11742270792138483,0.0,0.0927727808295125,0.0,0.0,0.18183165013003655,0.05480313121972601,0.06943372752548321,0.05478254403845078,0.23066971355205368,0.017283918623047897,0.1439326976874019,0.0,0.11371766886600633,0.0,0.0,0.22288295331844984,0.06717578446115276,0.08510946383493138,0.06715054940576035,0.28274696380324954,,,,,,,,,,,,,,,,,,,,,,,,,,
continuum_wings,gap_limited,continuum,blue;core;red,12,1307,ok,0.813591987921003,1.988360834161151,0.5908227651928092,0.13557389332437503,0.2628837276226266,0.41513436697400147,0.16663621979711382,0.3231149415499796,0.5102488386529067,0.01882515437839531,0.11674873894597973,0.0,0.08541266848730117,0.0,0.0,0.1774710591353254,0.05434809945819434,0.06726319585645003,0.059151286948392806,0.2343717847109643,0.023138323210998936,0.1434978965861149,0.0,0.10498218978969892,0.0,0.0,0.21813275176028066,0.06680019010151728,0.082674358714286,0.07270387101468875,0.2880704188224147,,,,,,,,,,,,,,,,,,,,,,,,,,
continuum_wings,gap_limited,continuum,blue;core;red,13,1302,ok,0.8082704223630048,1.9884024399058469,0.5935076289680808,0.13515681259758833,0.2539689218972804,0.4191446878681362,0.16721731843465582,0.3142128115424464,0.5185698700228979,0.02233494695221474,0.11282186564537358,0.0,0.0838564172545033,0.0,0.0,0.1701125046427771,0.05763906866867188,0.06787222232517665,0.06013716956163052,0.23349622731265712,0.027633012831173254,0.13958430560348253,0.0,0.10374797213208214,0.0,0.0,0.21046483941036426,0.07131161437302407,0.08397217125272258,0.07440228900844541,0.28888379538870584,,,,,,,,,,,,,,,,,,,,,,,,,,
continuum_wings,gap_limited,continuum,blue;core;red,14,1297,ok,0.8082783284224387,1.9879699847148697,0.5934152252613898,0.13216231966882802,0.2483544788109181,0.4277615299426926,0.1635109033874216,0.30726356265872573,0.5292255339538526,0.023636047083405894,0.10852627258542213,0.0,0.0821326075781413,0.0,0.0,0.16622187123277682,0.03573188490966844,0.08591355823574168,0.07186259957119684,0.23425348722608566,0.02924246048949211,0.13426844289792952,0.0,0.101614264158788,0.0,0.0,0.20564929849993774,0.044207401897572,0.10629204720040421,0.08890823500297852,0.28981784985289794,,,,,,,,,,,,,,,,,,,,,,,,,,
continuum_wings,gap_limited,continuum,blue;core;red,15,1292,ok,0.8124626426464527,1.9875064565813734,0.5912150926825621,0.13334889821508925,0.24234358502115022,0.43677015941021335,0.16412926726172775,0.29828274224616536,0.537587990492107,0.02607183229018382,0.10727706592490542,0.0,0.07985397436290059,0.0,0.0,0.16248961065824963,0.05510527466244472,0.06743167600351938,0.07676559254826648,0.23746761619598275,0.032089884410265876,0.13203938285146186,0.0,0.09828633363718786,0.0,0.0,0.1999964086089775,0.06782499498432208,0.0829966480475615,0.09448507355146349,0.2922812739087599,,,,,,,,,,,,,,,,,,,,,,,,,,
continuum_wings,gap_limited,continuum,blue;core;red,16,1287,ok,0.802010146976331,1.9870904977999226,0.5963897226300072,0.13023083869054167,0.23791244498447814,0.4338668633013113,0.16238053743026404,0.2966451807142777,0.5409742818554584,0.024156257825220906,0.10607458086532076,0.0,0.07803856640841851,0.0018785648032842925,0.0,0.15799531377277534,0.05375832533399723,0.07338417967381758,0.07268737499681391,0.23403698329668257,0.030119641149544966,0.13226089628071905,0.0,0.09730371455103497,0.002342320493533273,0.0,0.19699914566970947,0.06702948277733417,0.09150031324476908,0.09063149047534316,0.291812995358012,,,,,,,,,,,,,,,,,,,,,,,,,,
continuum_wings,gap_limited,continuum,blue;core;red,17,1282,ok,0.8057283436241306,1.986417110781869,0.5943810898271205,0.12859022074787602,0.2349058882361919,0.44223223464006267,0.15959500713290395,0.2915447744826694,0.5488602183844267,0.0209054593230742,0.10768476142480182,0.0,0.07476035123062696,0.004698002303892557,0.0,0.15544753470167239,0.04710135327247987,0.07611425915341069,0.08604804933137243,0.23296857288279968,0.025946039367365885,0.13364896776553808,0.0,0.09278605105829862,0.005830752189703479,0.0,0.1929279712346673,0.05845810643897676,0.09446640391357229,0.10679536100757248,0.28914034702430513,,,,,,,,,,,,,,,,,,,,,,,,,,
continuum_wings,gap_limited,continuum,blue;core;red,18,1277,ok,0.7885438067499959,1.9862938947612025,0.6030074860373227,0.13073117485006922,0.22882920060790912,0.42898343129201744,0.1657880941185515,0.2901921220471374,0.5440197838343109,0.02041070472703552,0.1103204701230337,0.0,0.07364263705619828,0.004537442403769414,0.0,0.15064912114794143,0.03731811104563531,0.07462712998137096,0.08199967972927191,0.23503851053573926,0.02588404671030108,0.13990404740825044,0.0,0.0933906733219025,0.005754204604650441,0.0,0.19104724412058444,0.047325349240193625,0.09463916822699887,0.103988743589574,0.2980665227775445,,,,,,,,,,,,,,,,,,,,,,,,,,
continuum_wings,gap_limited,continuum,blue;core;red,19,1272,ok,0.7896854620675052,1.985983521420594,0.602370586890567,0.1418878018253686,0.22208565187105384,0.4257120083710828,0.17967635044703342,0.2812330510550404,0.5390905984979262,0.01935301706920411,0.12253478475616447,0.0,0.07156304355885507,0.005071795317487634,0.0,0.14545081299471113,0.04114005635087292,0.05355482738510773,0.09413713936814316,0.23687998526695897,0.02450724750400653,0.15516910294302688,0.0,0.09062221225586851,0.006422551206918481,0.0,0.18418828759225336,0.052096762986066115,0.0678179223977276,0.11920839864732874,0.29996751446680375,,,,,,,,,,,,,,,,,,,,,,,,,,
continuum_wings,gap_limited,continuum,blue;core;red,20,1267,ok,0.7887250430033124,1.985990473719442,0.6028555758748795,0.1429284990660237,0.21907769805635857,0.42671884588093,0.1812146074654605,0.277761813194308,0.5410235793402314,0.01903767143405687,0.12389082763196684,0.0,0.07019099543858037,0.006364830927113817,0.0,0.14252187169066438,0.03697160155053066,0.05460962736754124,0.09469355003851304,0.24044406692434506,0.02413727268195403,0.15707733478350647,0.0,0.08899298438820535,0.008069771568147211,0.0,0.1806990572379554,0.046875146007472966,0.06923785145657141,0.12005901280620979,0.30485156906997724,,,,,,,,,,,,,,,,,,,,,,,,,,
continuum_wings,gap_limited,continuum,blue;core;red,21,1262,ok,0.7767536427443473,1.9856750799537959,0.6088213773814426,0.14433052745419345,0.21524317962607803,0.41717993566407585,0.18581248868593578,0.27710610904327737,0.5370814022707868,0.020043797271792084,0.12428673018240136,0.0,0.0707740665156788,0.005989249526318639,0.0,0.13847986358408057,0.02478871698159853,0.06210255168443647,0.09210988744404065,0.23817877955400021,0.025804574537913166,0.16000791414802262,0.0,0.09111520387033788,0.007710616592872393,0.0,0.1782802885800671,0.03191322913403733,0.07995141350740503,0.11858314190662476,0.30663361772271974,,,,,,,,,,,,,,,,,,,,,,,,,,
continuum_wings,gap_limited,continuum,blue;core;red,22,1257,ok,0.7576315311592488,1.9852960519698861,0.6183785635359176,0.14320775139359365,0.21089776248715109,0.4035260172785039,0.189020315950251,0.2783645529700398,0.532615131079709,0.020423678735034954,0.1227840726585587,0.0,0.07154324468073252,0.004688879763121497,0.0,0.13466563804329706,0.06402603049964423,0.02562494508980786,0.0818327416882835,0.2320423000007683,0.026957271305465297,0.16206304464478574,0.0,0.09443013092560246,0.006188865656036072,0.0,0.1777455563884013,0.08450813867484933,0.03382243747247325,0.10801126711697383,0.3062732878154126,,,,,,,,,,,,,,,,,,,,,,,,,,
continuum_wings,gap_limited,continuum,blue;core;red,23,1252,ok,0.7529173987457066,1.9842530173313553,0.620553733737906,0.1443903421034441,0.20574941162437388,0.4027776450178886,0.1917744793040851,0.2732695671093988,0.534955953586516,0.022175831448229145,0.12221451065521494,0.0,0.07357877639158118,0.002806748584690149,0.0,0.12936388664810256,0.053292322364092495,0.04079608529908323,0.07656022964064552,0.23212900771406736,0.029453206268273396,0.16232127303581168,0.0,0.0977248985269259,0.0037278306881550916,0.0,0.17181683789431787,0.07078110089217325,0.05418401190760883,0.10168476617513163,0.3083060746116023,,,,,,,,,,,,,,,,,,,,,,,,,,
continuum_wings,gap_limited,continuum,blue;core;red,24,1248,ok,0.7557102015396263,1.9837291298173088,0.619045670005768,0.14864476107726138,0.2019244579374634,0.4051409825249015,0.19669545385840217,0.2671982692916913,0.5361062768499064,0.02261236281918019,0.12603239825808119,0.0,0.07217988294180103,0.0026163994961455215,0.0,0.12712817549951685,0.07773055485616247,0.041132480735448465,0.05245324395596801,0.23382470297732255,0.029922002869766064,0.1667734509886361,0.0,0.09551264862476018,0.003462173053658755,0.0,0.1682234476132724,0.10285762280011593,0.05442890760459272,0.06940920454574223,0.30941054189945555,,,,,,,,,,,,,,,,,,,,,,,,,,
continuum_wings,gap_limited,continuum,blue;core;red,25,1244,ok,0.7403414321475887,1.983365975001222,0.6267247489979245,0.14870694672597823,0.19970994522162694,0.39192454019998346,0.20086265642949072,0.26975384133548574,0.5293835022350234,0.02052691534253327,0.12818003138344497,0.0,0.07231073753780268,0.0029344660923913855,0.0,0.12446474159143286,0.10505886050238503,0.0311085758871735,0.03450556295092888,0.22125154085949608,0.02772628202502272,0.173136374404468,0.0,0.09767214746855796,0.003963665904634111,0.0,0.16811802796229366,0.1419059584408634,0.0420192286104176,0.04660763460290862,0.2988506805808338,,,,,,,,,,,,,,,,,,,,,,,,,,
continuum_wings,gap_limited,continuum,blue;core;red,26,1240,ok,0.7388569676930787,1.982957166867656,0.6273964057125,0.14581036717886622,0.19941056598441925,0.3936360345297932,0.1973458646998046,0.26989062119429647,0.5327635141058988,0.01775190784468111,0.1280584593341851,0.0,0.0733561268658839,0.0031318160073786822,0.0,0.12292262311115668,0.09695832398271406,0.042784006159134066,0.042986171746997606,0.21090753264094747,0.024026176406114985,0.17331968829368963,0.0,0.0992832578880897,0.004238731099954435,0.0,0.16636863220625234,0.13122746109500122,0.05790566784897202,0.058179287232294284,0.2854510979296313,,,,,,,,,,,,,,,,,,,,,,,,,,
continuum_wings,gap_limited,continuum,blue;core;red,27,1236,ok,0.7263935471756471,1.9825673730727031,0.6336096533003026,0.1451243650422812,0.19583745259497312,0.3854317295383928,0.19978751959809068,0.26960241229623455,0.5306100681056748,0.014360612307513312,0.1307637527347679,0.0,0.0692763028238583,0.003756641591206403,0.0,0.12280450817990841,0.08699861750602247,0.043780526890193835,0.06097463817220092,0.1936779469699756,0.019769741021723054,0.18001777857636764,0.0,0.0953702068158747,0.005171634034763831,0.0,0.16906057144559603,0.11976788318713628,0.06027108453870584,0.08394160219247765,0.26662949818735504,,,,,,,,,,,,,,,,,,,,,,,,,,
continuum_wings,gap_limited,continuum,blue;core;red,28,1232,ok,0.7339634175992311,1.9821574147845538,0.629714869200248,0.14414925422835534,0.19432936425348143,0.3954847991173944,0.19639841819346057,0.2647670981874356,0.5388344836191039,0.010932912073196696,0.13321634215515865,0.0,0.0664286729961844,0.005688094801495509,0.0,0.12221259645580151,0.07833566955707902,0.05488325006781661,0.07796791582060586,0.1842979636718929,0.014895717975914756,0.18150270021754583,0.0,0.09050679012514042,0.00774983420849648,0.0,0.16651047385379872,0.1067296648289533,0.07477654710276681,0.10622861296770922,0.25109965871967455,,,,,,,,,,,,,,,,,,,,,,,,,,
continuum_wings,gap_limited,continuum,blue;core;red,29,1228,ok,0.737918307034707,1.9815665478764806,0.6276086171188896,0.13904677193198958,0.1947601997016692,0.40411133540104816,0.1884311184672231,0.26393192558713535,0.5476369559456414,0.005733089049767222,0.13331368288222237,0.0,0.06240201043957566,0.009361707865084298,0.0,0.12299648139700925,0.080270344919113,0.059139049299103394,0.08616214237401028,0.17853979880882145,0.007769273366865492,0.18066184510035763,0.0,0.08456493062265315,0.012686645358757827,0.0,0.16668034960572442,0.10877944638841654,0.08014308458716944,0.11676379560259069,0.24195062936746478,,,,,,,,,,,,,,,,,,,,,,,,,,
continuum_wings,gap_limited,continuum,blue;core;red,30,1224,ok,0.7500956589991474,1.9811221262748062,0.6213783849814701,0.13092988373697778,0.19693038603328883,0.42223538922888093,0.1745509151615109,0.2625403622466673,0.5629087225918219,0.0007119318573190139,0.13021795187965876,0.0,0.05923137853886627,0.012954995457524833,0.0,0.12474401203689771,0.08061950187323957,0.06554028055376529,0.0895903474983022,0.18648525930357385,0.0009491214204184898,0.1736017937410924,0.0,0.07896509975527481,0.017271124425397532,0.0,0.16630413806599498,0.10747896072456968,0.0873758963506277,0.11943856283322929,0.2486153026833952,,,,,,,,,,,,,,,,,,,,,,,,,,
continuum_wings,gap_limited,continuum,blue;core;red,31,1220,ok,0.7516016159909313,1.980656464804934,0.6205290370408003,0.12927492592289505,0.19711542451027014,0.425211265557766,0.17199926553172135,0.26226051184095445,0.565740222627324,0.0,0.12465082370781297,0.004624102215082079,0.06308761406561295,0.011027665983834102,0.0,0.12300014446082311,0.07487874022950923,0.07229289608605736,0.09685300711882333,0.1811866221233761,0.0,0.16584693414139356,0.006152331390327761,0.08393757107937637,0.01467222229065452,0.0,0.16365071847092358,0.09962557109564903,0.09618512593369628,0.12886215923196198,0.24106736636601678,,,,,,,,,,,,,,,,,,,,,,,,,,
continuum_wings,gap_limited,continuum,blue;core;red,32,1216,ok,0.7609712274996714,1.9801691582874648,0.6157039289725363,0.1306921059111483,0.19787308392502362,0.4324060376634995,0.17174382051285209,0.26002702437932723,0.5682291551078207,0.0,0.12050732191778306,0.010184783993365233,0.06865706339339539,0.00819684161749009,0.0,0.12101917891413815,0.07357671261041238,0.04748094166416047,0.12456849550912075,0.18677988787980593,0.0,0.15835989267785436,0.013383927834997719,0.09022294261897706,0.010771552617597003,0.0,0.15903252914275318,0.09668790349953692,0.06239518650418484,0.1636967220408797,0.24544934306321928,,,,,,,,,,,,,,,,,,,,,,,,,,
continuum_wings,gap_limited,continuum,blue;core;red,33,1212,ok,0.7491355991029922,1.9795198332882529,0.6215569116786597,0.12904645789634392,0.1992468969123542,0.42084224429429407,0.17226048001304825,0.26596906775079243,0.5617704522361593,0.0,0.11472454350786561,0.014321914388478314,0.07823136121293311,0.0058353529971470145,0.0,0.11518018270227406,0.05384997567415897,0.06487005640103925,0.12330920351846965,0.17881300870062616,0.0,0.15314256009891358,0.019117919914134685,0.10442883946058176,0.007789448270959504,0.0,0.15375078001925113,0.07188281499188988,0.08659321019948063,0.1646019808244581,0.23869244622033067,,,,,,,,,,,,,,,,,,,,,,,,,,
continuum_wings,gap_limited,continuum,blue;core;red,34,1208,ok,0.7435717797182115,1.9788544304811424,0.6242412942232557,0.13088358868143368,0.19947467244432956,0.4132135185924483,0.17602011298900305,0.268265523094386,0.555714363916611,0.0018874384183650036,0.10972867359091103,0.01926747667215767,0.08414501011750794,0.002730594006182289,0.0,0.11259906832063933,0.048077599605988015,0.07342407103669839,0.12416251107348716,0.16754933687627474,0.002538340574302428,0.14756971227780386,0.025912060136896786,0.1131632646809109,0.0036722668620063703,0.0,0.15142999155146872,0.06465764424815557,0.09874510173654467,0.16698120404803493,0.2253304138838758,,,,,,,,,,,,,,,,,,,,,,,,,,
continuum_wings,gap_limited,continuum,blue;core;red,35,1204,ok,0.7320084891069705,1.9784480364964858,0.6300087363410366,0.13152248765133293,0.19956715912667608,0.4009188423289615,0.17967344588009712,0.2726295693239054,0.5476969847959975,0.0019668511414907604,0.10868416395501859,0.020871472554823568,0.08789312138775776,0.0,0.0003831986087492124,0.1112908391301691,0.06397889583435404,0.05429059602444058,0.11601338309183364,0.16663596737833325,0.0026869239506911494,0.14847391194548876,0.028512609983917223,0.12007117771951643,0.0,0.0005234892961647259,0.15203490230822425,0.08740184955014178,0.07416662078697142,0.15848639027856995,0.22764212418031435,,,,,,,,,,,,,,,,,,,,,,,,,,
continuum_wings,gap_limited,continuum,blue;core;red,36,1200,ok,0.7325653781044081,1.9781042492991796,0.6296629066117693,0.1256000312085202,0.203721178441648,0.40324416845423994,0.17145231669769026,0.27809282902339516,0.5504548542789146,0.0,0.10574859314816844,0.01985143806035176,0.09242070138047837,0.0,0.004122780149033302,0.10717769691213633,0.046635111379616775,0.0779055187799341,0.11448870692358525,0.16421483137110382,0.0,0.14435379600084886,0.027098520696841415,0.12616034574228294,0.0,0.005627866498006553,0.14630461678310566,0.06365999919391516,0.10634616528223463,0.1562846270729271,0.2241640627298377,,,,,,,,,,,,,,,,,,,,,,,,,,
continuum_wings,gap_limited,continuum,blue;core;red,37,1196,ok,0.7170006456108067,1.9781536191413993,0.6375404626451734,0.12466819810413958,0.2056004680432963,0.3867319794633709,0.17387459672081024,0.28675074325511524,0.5393746600240746,0.0,0.10673095174706937,0.017937246357070214,0.09475052874949434,0.0,0.008286142502220196,0.10256379679158176,0.04913463073183752,0.0630667916408129,0.11003073319480754,0.16449982389591292,0.0,0.14885753925109257,0.025017057469717656,0.13214845667088232,0.0,0.011556673697498979,0.14304561288673392,0.06852801462958259,0.08795918389597382,0.15345974075249724,0.229427720746021,,,,,,,,,,,,,,,,,,,,,,,,,,
continuum_wings,gap_limited,continuum,blue;core;red,38,1192,ok,0.709166211626785,1.9781701360328021,0.6415039340099584,0.12604763927831358,0.20532911824075395,0.37778945410771736,0.17774061596810686,0.2895359576843646,0.5327234263475285,0.0,0.11020654642233466,0.015841092855978917,0.09556639009375453,0.0,0.009983809190987333,0.09977891895601207,0.05386060462591645,0.056636690491611366,0.10189377162305736,0.16539838736713222,0.0,0.15540298538691996,0.022337630581186877,0.13475880340453747,0.0,0.014078235859665495,0.1406989184201616,0.07594919744182882,0.07986377461736394,0.14368108625666068,0.2332293680316751,,,,,,,,,,,,,,,,,,,,,,,,,,
continuum_wings,gap_limited,continuum,blue;core;red,39,1188,ok,0.7025352559121371,1.9781531313083323,0.64485294652217,0.12145749442494921,0.20466582313900655,0.3764119383481813,0.17288455405309847,0.2913246294995951,0.5357908164473065,0.0,0.10901482746774772,0.012442666957201493,0.09567604153806275,0.0,0.011490339350266948,0.09749944225067685,0.0555977366660856,0.05523451027868429,0.09995108444244369,0.1656286069609677,0.0,0.15517346147448252,0.01771109257861593,0.13618681871537067,0.0,0.016355534122409927,0.13878227666181447,0.07913871396233381,0.07862169167150271,0.14227198364966345,0.23575842716380646,,,,,,,,,,,,,,,,,,,,,,,,,,
continuum_wings,gap_limited,continuum,blue;core;red,40,1184,ok,0.7057519589654138,1.9786710983601858,0.6433202266155995,0.11918851174422543,0.20657872304864397,0.37998472417254436,0.16888158825509744,0.2927072612755831,0.5384111504693194,0.0,0.10562711176133159,0.013561399982893834,0.09684145064821165,0.0,0.01308682770317327,0.09665044469725906,0.05012354244399827,0.06122919268586667,0.09995123513861881,0.1686807539040606,0.0,0.14966605536054625,0.019215532894551166,0.13721740254207,0.0,0.018543097949536978,0.13694676078397613,0.07102147122266031,0.08675738254502993,0.141623744530785,0.2390085521708442,,,,,,,,,,,,,,,,,,,,,,,,,,
continuum_wings,gap_limited,continuum,blue;core;red,41,1180,ok,0.6944398439481616,1.9791534905181551,0.6491227955410797,0.11563647543599515,0.20929844461196717,0.36950492390019934,0.16651762775960066,0.3013917568756191,0.5320906153647803,0.0,0.10389160172068962,0.011744873715305524,0.0995506677349254,0.0,0.013625923024915707,0.09612185385212607,0.051576377384762825,0.05718198083999218,0.08448133725964724,0.17626522841579711,0.0,0.14960489756754927,0.016912730192051383,0.14335391121704796,0.0,0.0196214591424464,0.13841638651612473,0.07427047545476508,0.08234259790580319,0.12165393157647443,0.25382361042773766,,,,,,,,,,,,,,,,,,,,,,,,,,
continuum_wings,gap_limited,continuum,blue;core;red,42,1176,ok,0.6866321412545682,1.9790394559790108,0.653047775687291,0.11278345607161785,0.2102942845681121,0.3635544006148381,0.1642560103078593,0.3062692116099845,0.529474778082156,0.0,0.10130447019600938,0.011478985875608475,0.10271974644884502,0.0,0.013061275926107495,0.09451326219315961,0.0559758326894024,0.07503718071773231,0.05453093539294589,0.17801045181475753,0.0,0.14753820001917278,0.01671781028868652,0.1495993855766239,0.0,0.019022232053167228,0.1376475939801934,0.0815223018647614,0.10928294236362052,0.07941797669609614,0.259251557157678,,,,,,,,,,,,,,,,,,,,,,,,,,
continuum_wings,gap_limited,continuum,blue;core;red,43,1172,ok,0.6925248672274147,1.9794530264485088,0.65014331839443,0.11220627744286206,0.21227912747049615,0.36803946231405654,0.1620249073395587,0.30652924900787265,0.5314458436525688,0.0,0.10021546054533796,0.011990816897524102,0.10732674975246598,0.0,0.01149032927089848,0.09346204844713171,0.08006090093036862,0.05246703955089377,0.04832662062482787,0.1871849012079663,0.0,0.14471027003919662,0.017314637300362094,0.15497891098432065,0.0,0.016591937437425232,0.13495840058612682,0.11560725790382027,0.07576195748890616,0.06978322788365394,0.2702934003761884,,,,,,,,,,,,,,,,,,,,,,,,,,
continuum_wings,gap_limited,continuum,blue;core;red,44,1168,ok,0.6849375063805236,1.9792961136405323,0.6539489459610585,0.10678352651770728,0.2136114611182631,0.3645425187445531,0.1559025831159298,0.3118700014649062,0.5322274154191639,0.0,0.09618745421306708,0.010596072304640203,0.1127143144258396,0.0,0.009932186221794065,0.09096496047062944,0.08414484974744425,0.045010406964384374,0.046660596099791916,0.1887266659329326,0.0,0.1404324530589061,0.015470130057023704,0.16456145761598878,0.0,0.014500864866168013,0.13280767898274937,0.12285040454580796,0.06571461855292007,0.06812387358718996,0.27553851873324586,,,,,,,,,,,,,,,,,,,,,,,,,,
continuum_wings,gap_limited,continuum,blue;core;red,45,1164,ok,0.6755824303731184,1.9789386636184514,0.658613759590814,0.1040287988711231,0.2152426119542234,0.35631101954777195,0.15398387257298696,0.3186030338819598,0.5274130935450533,0.0,0.09558471219913497,0.008444086671988116,0.11573359395356761,0.0,0.010408452435025955,0.08910056556562984,0.09200733495750739,0.03239955483468378,0.05122028327556649,0.1806838464800143,0.0,0.14148489940205278,0.012498973170934182,0.1713093602651107,0.0,0.015406635766530305,0.13188703785031883,0.13618965032393238,0.04795795949990852,0.07581648215344791,0.2674490015677645,,,,,,,,,,,,,,,,,,,,,,,,,,
continuum_wings,gap_limited,continuum,blue;core;red,46,1161,ok,0.6648542400343354,1.978819265511317,0.6640146719703056,0.09935872370579067,0.21761023679162383,0.34788527953692083,0.14944437099575306,0.3273051801254749,0.523250448878772,0.0,0.09078251795583608,0.008576205749954588,0.12084665520670365,0.0,0.009396866260026159,0.08736671532489403,0.05503919396681439,0.02603331300924376,0.09613120252149773,0.17068157003936493,0.0,0.13654499360814448,0.012899377387608574,0.1817641340460771,0.0,0.01413372389644514,0.13140732218295262,0.08278385043309941,0.03915642172621071,0.14458989163780198,0.25672028508165995,,,,,,,,,,,,,,,,,,,,,,,,,,
continuum_wings,gap_limited,continuum,blue;core;red,47,1158,ok,0.6619302571185758,1.9786775609952063,0.6654683561552026,0.09634641070036119,0.22048198745719694,0.34510185896101764,0.14555371908781328,0.33308945328616485,0.5213568276260219,0.0,0.08655430050880353,0.009792110191557664,0.12660586437477944,0.0,0.008363775378422365,0.08551234770399513,0.05201498051177008,0.03233397143333651,0.09706144188233601,0.16369146513357502,0.0,0.1307604533528651,0.014793265734948177,0.19126767965843225,0.0,0.012635432945504572,0.12918634068222803,0.07858075673741607,0.04884800337438619,0.14663394041669978,0.24729412709751977,,,,,,,,,,,,,,,,,,,,,,,,,,
continuum_wings,gap_limited,continuum,blue;core;red,48,1155,ok,0.6658407291852761,1.9792663617572592,0.6635921561390637,0.09404493677542167,0.22107724191585806,0.3507185504939965,0.1412423912404626,0.3320272134544376,0.5267303953050999,0.0,0.08306732560408817,0.010977611171333496,0.13184127038019833,0.0,0.0064390372920152695,0.08279693424364445,0.06161349808886397,0.03594659805342683,0.08846912499594276,0.1646893293557629,0.0,0.12475554883181972,0.01648684240864286,0.19800721794462697,0.0,0.009670536826267877,0.12434945868354272,0.09253488918326512,0.053986781639824205,0.1328682988560849,0.24734042562592565,,,,,,,,,,,,,,,,,,,,,,,,,,
continuum_wings,gap_limited,continuum,blue;core;red,49,1152,ok,0.6669313946589455,1.97955614979388,0.6630904383650073,0.09292274519700283,0.21990910739634925,0.35409954206559335,0.139328791448664,0.32973272687036437,0.5309384816809716,0.0,0.08152629375640083,0.011396451440602003,0.1317497043181253,0.0,0.005667286759370548,0.08249211631885339,0.06158999991496261,0.03875455670811795,0.08535863962728214,0.1683963458152307,0.0,0.12224089975265244,0.017087891696011562,0.1975461124985716,0.0,0.008497555827715499,0.12368905854407725,0.09234832909081815,0.05810876053891001,0.12798713677428955,0.25249425527695396,,,,,,,,,,,,,,,,,,,,,,,,,,
continuum_wings,gap_limited,continuum,blue;core;red,50,1149,ok,0.6697779109000492,1.9797833700039826,0.6616913137831504,0.08820308536074938,0.22033946229764612,0.36123536324165373,0.1316900481866024,0.32897391614715005,0.5393360356662475,0.0,0.07985700166055396,0.008346083700195414,0.13339686898775624,0.0,0.005114989971838539,0.08182760333805134,0.0677540503977904,0.036196634634577986,0.08217341662830792,0.17511126158097745,0.0,0.11922907632657206,0.01246097186003033,0.1991658232032424,0.0,0.007636844823629675,0.12217124812027795,0.10115898015618689,0.05404274169916541,0.12268755850410634,0.26144675530678896,,,,,,,,,,,,,,,,,,,,,,,,,,
continuum_wings,gap_limited,continuum,blue;core;red,51,1146,ok,0.677872748963114,1.9799471141930982,0.6576308810958631,0.08568698463500364,0.21891581103634467,0.3732699532917657,0.1264057078058853,0.32294528932045447,0.5506490028736603,0.0,0.07882086211145137,0.006866122523552276,0.1342239795987995,0.0,0.0029227373356294343,0.08176909410191574,0.07005607787493638,0.044236223402053326,0.06851287719237689,0.1904647748223991,0.0,0.1162767823784289,0.010128925427456432,0.1980076346248036,0.0,0.004311631261324643,0.12062602343432624,0.10334694525203349,0.06525741515604194,0.10107041077720764,0.2809742316883771,,,,,,,,,,,,,,,,,,,,,,,,,,
continuum_wings,gap_limited,continuum,blue;core;red,52,1144,ok,0.6896535349853002,1.9798058302101396,0.6516559732971074,0.0845302654950699,0.21851556938674443,0.3866077001034859,0.12256917598032994,0.31684832789467543,0.5605824961249946,0.0,0.07966511075441746,0.004865154740652433,0.13501237180013742,0.0,0.0025822347869405076,0.08092096279966653,0.07367392132462026,0.04130588902108311,0.06806859034934647,0.20355929940843606,0.0,0.11551468485710799,0.007054491123221941,0.195768403917505,0.0,0.0037442493309275174,0.11733567464624296,0.10682743955802475,0.059893681284419915,0.09869969034639593,0.295161684936154,,,,,,,,,,,,,,,,,,,,,,,,,,
continuum_wings,gap_limited,continuum,blue;core;red,53,1142,ok,0.6974103348852336,1.980862849742689,0.647925985902663,0.08559085023994943,0.21821002263581707,0.39360946200946706,0.12272667317732584,0.31288613276963534,0.5643871940530387,0.0,0.0818048465854262,0.0037860036545232308,0.13509308755136437,0.0007886557444031579,0.0,0.08232827934004956,0.08282659822681405,0.04220359760527159,0.051370737586223764,0.21720852859115766,0.0,0.11729801308276865,0.005428660094557185,0.19370674736788263,0.0011308346104921712,0.0,0.1180485507912606,0.11876307832525032,0.060514729269414466,0.07365927204774987,0.3114501144106241,,,,,,,,,,,,,,,,,,,,,,,,,,
continuum_wings,gap_limited,continuum,blue;core;red,54,1140,ok,0.707046364689344,1.981507397210212,0.6431775295490852,0.08101894500773199,0.22177116806436709,0.40425625161724493,0.11458788143735016,0.3136585931840651,0.5717535253785847,0.00028481935885013685,0.08073412564888185,0.0,0.13807309254224753,0.0021176709669270596,0.0,0.08158040455519251,0.04986675215012526,0.020424754020723718,0.10360751356626982,0.23035723188012613,0.00040282981862904894,0.11418505161872111,0.0,0.19528152528287576,0.0029950949084612062,0.0,0.11538197299272815,0.07052826326606641,0.02888743233931734,0.14653567112503577,0.3258021586481652,,,,,,,,,,,,,,,,,,,,,,,,,,
continuum_wings,gap_limited,continuum,blue;core;red,55,1138,ok,0.716774231475626,1.9823938370316196,0.6384299536822257,0.08336417974510883,0.22263017004710445,0.4107798816834127,0.11630465505642781,0.3106001307954038,0.5730952141481683,0.0038360432239824167,0.07952813652112642,0.0,0.14366074673720977,0.0005848957697600392,0.0,0.07838452754013464,0.052837950796726464,0.032290827357104535,0.08826788280860634,0.23738322072097534,0.005351815195818548,0.11095283986060928,0.0,0.20042677377150517,0.0008160111567570055,0.0,0.10935734586714159,0.07371630909212341,0.04505020680030206,0.12314600460299598,0.3311826936527469,,,,,,,,,,,,,,,,,,,,,,,,,,
continuum_wings,gap_limited,continuum,blue;core;red,56,1136,ok,0.7351208386613064,1.983242843789222,0.6293339260174826,0.0882345391363628,0.22414157821906494,0.4227447213058787,0.12002725877971643,0.3049043999721713,0.5750683412481123,0.006414711511429717,0.08181982762493308,0.0,0.14819375566497697,0.0,0.0,0.07594782255408798,0.09810480848275027,0.03877128219216905,0.03768850662933212,0.24818012400162726,0.008726064034739163,0.11130119474497727,0.0,0.20159101452605477,0.0,0.0,0.10331338544611651,0.13345398922632132,0.05274137278270276,0.05126845090932923,0.33760452832975907,,,,,,,,,,,,,,,,,,,,,,,,,,
continuum_wings,gap_limited,continuum,blue;core;red,57,1135,ok,0.732941668582929,1.9843804864929304,0.6306445897992807,0.08798245193202103,0.21886193135983334,0.42609728529107455,0.12004018287311526,0.2986075710267387,0.5813522461001459,0.010110606320772462,0.07787184561124857,0.0,0.14461091744414217,0.0,0.0,0.07425101391569117,0.09385495840795509,0.05330864190916348,0.029047369251217307,0.24988631572273867,0.013794557949366326,0.10624562492374894,0.0,0.19730208233860308,0.0,0.0,0.10130548868813563,0.12805242549439777,0.07273244815270297,0.039631215547313,0.34093615690573226,,,,,,,,,,,,,,,,,,,,,,,,,,
continuum_wings,gap_limited,continuum,blue;core;red,58,1133,ok,0.7329525753998175,1.984640891665335,0.630687557392431,0.08615292388510312,0.21387221458406216,0.4329274369306522,0.11754228960599211,0.2917954336505295,0.5906622767434784,0.01103636934654992,0.0751165545385532,0.0,0.14320814368633367,0.0002085511354634648,0.0,0.07045551976226502,0.04380179362783848,0.03729896121944989,0.09522711248772893,0.2565995695956349,0.015057412603441228,0.10248487700255089,0.0,0.19538527933845545,0.00028453564727527216,0.0,0.09612561866479877,0.05976074728156196,0.05088864200948297,0.12992261120821302,0.3500902762442204,,,,,,,,,,,,,,,,,,,,,,,,,,
continuum_wings,gap_limited,continuum,blue;core;red,59,1131,ok,0.7346645354518081,1.9848317509516087,0.6298605485832482,0.08137586197665127,0.20908910956413648,0.44419956391102033,0.11076601366990757,0.2846048767490181,0.6046291095810743,0.012480021742173953,0.06889584023447731,0.0,0.13897655793991462,0.0009390847773692966,0.0,0.06917346684685258,0.019199662955762056,0.0352653799856614,0.12395052737895171,0.2657839935906452,0.016987374699527207,0.09377863897038036,0.0,0.18917009224413703,0.0012782497753097242,0.0,0.09415653472957136,0.026133918311375327,0.04800201763376764,0.16871717824615545,0.3617759953897759,,,,,,,,,,,,,,,,,,,,,,,,,,
continuum_wings,gap_limited,continuum,blue;core;red,60,1129,ok,0.729612600910586,1.9848674959997235,0.6324124394293272,0.07655778925397269,0.20399552775971874,0.4490592838968944,0.10492936821324834,0.2795943045735834,0.615476327213168,0.012635949816610694,0.063921839437362,0.0,0.13775394696818882,0.00017512408863117545,0.0,0.06606645670289875,0.020853565677285798,0.035932757210038586,0.1203997031839584,0.27187325782561167,0.017318711054113537,0.08761065715913481,0.0,0.18880423226828366,0.00024002338831951848,0.0,0.09055004891698025,0.02858169616486846,0.04924909077117508,0.1650186729693192,0.37262686730780537,,,,,,,,,,,,,,,,,,,,,,,,,,
continuum_wings,gap_limited,continuum,blue;core;red,61,1127,ok,0.7200267616446182,1.9850410095494126,0.6372736088671386,0.06925053903529822,0.20106740892529953,0.4497088136840205,0.09617772939039457,0.2792499107478173,0.6245723598617882,0.011424936877046193,0.057825602158252026,0.0,0.13657316130608121,0.0006388217211763139,0.0,0.063855425898042,0.021408397660460377,0.03868875930139214,0.12501137095853107,0.2646002857636369,0.015867378110989115,0.08031035127940545,0.0,0.1896778961300459,0.0008872194135078767,0.0,0.08868479520426348,0.029732780503270884,0.05373239074200918,0.17362045081906638,0.3674867377974418,,,,,,,,,,,,,,,,,,,,,,,,,,
continuum_wings,gap_limited,continuum,blue;core;red,62,1125,ok,0.7144154400008389,1.985068258984891,0.6401053531699997,0.06884191380079199,0.1961906094261258,0.44938291677392117,0.09636117858918497,0.2746169783591119,0.6290218430517032,0.011430302569802524,0.057411611230989465,0.0,0.1353197756142235,0.0,0.0,0.06087083381190228,0.06823248786538286,0.05658038095686634,0.058898120321474484,0.2656719276301975,0.01599951782927466,0.0803616607599103,0.0,0.18941328537645352,0.0,0.0,0.08520369298265838,0.0955081372055771,0.07919814968836607,0.08244239559184964,0.3718731605659104,,,,,,,,,,,,,,,,,,,,,,,,,,
continuum_wings,gap_limited,continuum,blue;core;red,63,1123,ok,0.7063216265775746,1.9850910624510507,0.6441867882345759,0.06241505067065099,0.19076057402704333,0.4531460018798803,0.08836633103403356,0.27007607702932523,0.6415575919366413,0.009105055983446773,0.053309994687204224,0.0,0.13456134011748755,0.0,0.0,0.05619923390955579,0.036809239113568475,0.05125767774575058,0.1004438222768938,0.26463526274366744,0.012890807304831652,0.07547552372920191,0.0,0.19051000996457357,0.0,0.0,0.07956606706475168,0.05211399131571933,0.07256988292163104,0.14220691891254467,0.37466679878674625,,,,,,,,,,,,,,,,,,,,,,,,,,
continuum_wings,gap_limited,continuum,blue;core;red,64,1121,ok,0.7068398324679749,1.9851093707030487,0.6439290233073598,0.0543719841235511,0.18606453431300385,0.4664033140314199,0.07692263738689989,0.26323436479711115,0.6598429978159889,0.005593281577361209,0.04877870254618989,0.0,0.12738412467969057,0.0,0.0,0.058680409633313294,0.04178900675707482,0.06244233970402558,0.0935569894786672,0.2686149780916523,0.007913082031373248,0.06900955535552665,0.0,0.18021639249576674,0.0,0.0,0.08301797230134446,0.05912089958366654,0.088340154071403,0.13235953207674672,0.38002241208417264,,,,,,,,,,,,,,,,,,,,,,,,,,
continuum_wings,gap_limited,continuum,blue;core;red,65,1120,ok,0.7052059298507454,1.985110785196155,0.6447523558333619,0.04987302301029452,0.18110369149237251,0.4742292153480784,0.07072121900740395,0.2568096549198084,0.6724691260727877,0.003353552690377529,0.04651947031991699,0.0,0.12304531443365631,0.0,0.0,0.058058377058716214,0.09189345333440432,0.06238323426898043,0.05316597924095437,0.2667865485037393,0.0047554232720182854,0.06596579573538568,0.0,0.17448139504399582,0.0,0.0,0.08232825987581258,0.13030726124758096,0.08846101773730639,0.07539071495358353,0.37831013213431686,,,,,,,,,,,,,,,,,,,,,,,,,,
continuum_wings,gap_limited,continuum,blue;core;red,66,1119,ok,0.7065668528550582,1.9850996003066745,0.644064785088932,0.04587803807817157,0.17573490330612201,0.4849539114707645,0.06493092322798615,0.24871659715711494,0.6863524796148988,0.0019327455497024303,0.04394529252846914,0.0,0.1190713982703695,0.0,0.0,0.05666350503575253,0.0995810245084921,0.0607224453698042,0.05983920832723449,0.2648112332652337,0.002735403652029095,0.06219551957595706,0.0,0.16852106462287617,0.0,0.0,0.08019553253423879,0.14093645082006087,0.08594012742664071,0.08469008712401291,0.3747858142441843,,,,,,,,,,,,,,,,,,,,,,,,,,
continuum_wings,gap_limited,continuum,blue;core;red,67,1118,ok,0.6985986690360448,1.9853607074411248,0.6481250654263109,0.043195487844024466,0.16886916176072536,0.48653401943129504,0.06183162058357107,0.24172557041045895,0.69644280900597,0.0,0.043195487844024466,0.0,0.11238481463837934,0.0,0.0,0.05648434712234604,0.07824682130522129,0.054009755031607064,0.08507437097930472,0.269203072115162,0.0,0.06183162058357107,0.0,0.1608717846448985,0.0,0.0,0.08085378576556046,0.11200539705177147,0.07731156302678324,0.1217786044406495,0.3853472444867658,,,,,,,,,,,,,,,,,,,,,,,,,,
continuum_wings,gap_limited,continuum,blue;core;red,68,1117,ok,0.6956839695781223,1.9854662386248976,0.6496117858645052,0.04244475644946215,0.16462717095009877,0.4886120421785613,0.061011548785868334,0.23664074227545048,0.702347708938681,0.0,0.04244475644946215,0.0,0.10826806636033776,0.0,6.591593194168385e-05,0.05629318865781931,0.08671031578545199,0.049955515332433184,0.08718151511317701,0.26476469594749913,0.0,0.061011548785868334,0.0,0.15562823220721017,0.0,9.474982150538367e-05,0.08091776024673489,0.12464038209481094,0.07180777122509706,0.1253177001707338,0.38058185544803935,,,,,,,,,,,,,,,,,,,,,,,,,,
continuum_wings,gap_limited,continuum,blue;core;red,69,1116,ok,0.6993400436590329,1.9855587506496648,0.647786778693813,0.039989498923717594,0.1634611026978213,0.49588944203749397,0.05718176627565559,0.23373622628924945,0.7090820074350949,4.2647025407739345e-07,0.03998907245346352,0.0,0.10232017188156527,0.0,0.004466159031750134,0.056674771784505903,0.1047740124782337,0.06735141760038178,0.062367129187999096,0.2613968827708794,6.098181534780259e-07,0.05718115645750211,0.0,0.14630961405586554,0.0,0.006386248109550029,0.08104036412383388,0.14981840869578011,0.09630710869635165,0.08917997725639537,0.3737765127865678,,,,,,,,,,,,,,,,,,,,,,,,,,
continuum_wings,gap_limited,continuum,blue;core;red,70,1115,ok,0.6845755482353293,1.9856381933691525,0.6552365126127317,0.040888854603105554,0.16093643314284625,0.48275026048937747,0.05972876873634643,0.23508936823364723,0.7051818630300063,0.0015882438433216532,0.0393006107597839,0.0,0.09682569142008075,0.0,0.007035401975185363,0.05707533974758014,0.08482836792281515,0.04923435527736265,0.10187046884463893,0.24681706844456075,0.0023200417359570654,0.05740872700038937,0.0,0.1414390152696427,0.0,0.010277027850791536,0.083373325113213,0.12391381512454283,0.07191953525695878,0.14880822008211722,0.36054029256638753,,,,,,,,,,,,,,,,,,,,,,,,,,
continuum_wings,gap_limited,continuum,blue;core;red,71,1114,ok,0.6856610614036831,1.9857045160348992,0.6547013637392525,0.03741675133859802,0.1600301013524365,0.48821420871264865,0.05457033138501196,0.23339534700253126,0.7120343216124568,0.0,0.03741675133859802,0.0,0.0945350690483785,0.0,0.00865395701902312,0.056841075285034875,0.11173468935200309,0.03880087492321101,0.08669017324870099,0.2509884711887336,0.0,0.05457033138501196,0.0,0.1378743440014613,0.0,0.012621333638673848,0.08289966936239607,0.1629590706569514,0.05658900163264045,0.12643298289570234,0.3660532664271627,,,,,,,,,,,,,,,,,,,,,,,,,,
continuum_wings,gap_limited,continuum,blue;core;red,72,1113,ok,0.6927254976592722,1.985757667291897,0.6511530540360649,0.037487686209392884,0.15974395013678155,0.4954938613130978,0.0541162211237557,0.23060209372479906,0.7152816851514453,0.0,0.037487686209392884,0.0,0.09266719038549552,0.0,0.010027125914608472,0.05704963383667756,0.05773773128264802,0.08606134788859288,0.09035096936958643,0.2613438127722705,0.0,0.0541162211237557,0.0,0.1337718774588478,0.0,0.014474890773459691,0.08235532549249157,0.0833486445608607,0.1242358599176661,0.13042824275255271,0.3772689379203658,,,,,,,,,,,,,,,,,,,,,,,,,,
continuum_wings,gap_limited,continuum,blue;core;red,73,1112,ok,0.7059675242084886,1.9857975951741291,0.6444917015087039,0.040534649691316635,0.1584083729273072,0.5070245015898648,0.05741715914873417,0.2243847875366651,0.7181980533146007,0.0,0.040534649691316635,0.0,0.08644694432520908,0.0,0.012306401773626812,0.05965502682847131,0.062367667375269394,0.08237388557398044,0.09263333302694776,0.2696496156136672,0.0,0.05741715914873417,0.0,0.12245172952131335,0.0,0.0174319658505884,0.08450109216476337,0.08834353597949751,0.11668225909730873,0.13121472284551008,0.3819575353922844,,,,,,,,,,,,,,,,,,,,,,,,,,
continuum_wings,gap_limited,continuum,blue;core;red,74,1111,ok,0.7190489062407581,1.9857204959356984,0.6378901725029004,0.04739615786416465,0.15435299065752514,0.5172997577190683,0.06591506843665938,0.21466271531444808,0.7194222162488925,0.0,0.04739615786416465,0.0,0.07831266099770132,0.0,0.014759259762423082,0.061281069897400745,0.05450701034807014,0.07268703283141509,0.11893997085603353,0.2711657436835496,0.0,0.06591506843665938,0.0,0.10891145277881836,0.0,0.020526086103914133,0.08522517643171561,0.07580431577740225,0.10108774549345798,0.1654129083901409,0.3771172465878915,,,,,,,,,,,,,,,,,,,,,,,,,,
continuum_wings,gap_limited,continuum,blue;core;red,75,1110,ok,0.732543411568291,1.9856302565666741,0.6310776343452315,0.0542377744898449,0.15189495727584668,0.5264106798025994,0.07404035533365604,0.20735284063323578,0.7186068040331082,0.0,0.0542377744898449,0.0,0.07151842337199747,0.0,0.016847477509446585,0.06352905639440261,0.05518938609476101,0.06569200875645609,0.12681316558830058,0.2787161193630817,0.0,0.07404035533365604,0.0,0.09763028680973974,0.0,0.022998606285159373,0.08672394753833663,0.07533940681632356,0.08967660853821219,0.1731135159850912,0.38047727269348125,,,,,,,,,,,,,,,,,,,,,,,,,,
continuum_wings,gap_limited,continuum,blue;core;red,76,1109,ok,0.755021403748235,1.9860557048846377,0.6198387578499146,0.05935416137640825,0.150305650416154,0.5453615919556728,0.0786125546663312,0.19907468804192213,0.7223127572917467,0.0,0.05935416137640825,0.0,0.06701466744637054,0.0,0.018219940326405795,0.06507104264337768,0.0514510484997057,0.0678759191493043,0.1390382854847458,0.286996338821917,0.0,0.0786125546663312,0.0,0.08875863268734148,0.0,0.024131687175958934,0.08618436817862171,0.06814515223579312,0.08989933108166269,0.18415144894502714,0.3801168250292638,,,,,,,,,,,,,,,,,,,,,,,,,,
continuum_wings,gap_limited,continuum,blue;core;red,77,1108,ok,0.747177610359137,1.9864684610975414,0.6238663613384082,0.06474684260117625,0.149477888828133,0.5329528789298277,0.08665522320731098,0.20005670239005857,0.7132880744026304,0.0,0.06474684260117625,0.0,0.06671630685991621,0.0,0.01808073628896072,0.06468084567925608,0.06174142933132594,0.05244231700187113,0.14207418845995806,0.2766949441366726,0.0,0.08665522320731098,0.0,0.08929109482797333,0.0,0.024198712646475135,0.08656689491561011,0.08263286864504601,0.07018721690103148,0.19014781290310473,0.37032017595344824,,,,,,,,,,,,,,,,,,,,,,,,,,
continuum_wings,gap_limited,continuum,blue;core;red,78,1107,ok,0.746881053677453,1.9873455279620216,0.6241815813260526,0.0693303296523558,0.15133008160835013,0.526220642416747,0.0928264672279352,0.20261604021582708,0.7045574925562377,0.0,0.06909310950683717,0.00023722014551862927,0.0695096666891419,0.0,0.01732068757391627,0.06449972734529197,0.061171151008255015,0.05603873193946535,0.1330259136364812,0.2759848458325455,0.0,0.0925088528710699,0.00031761435686528317,0.09306658181633329,0.0,0.023190690791570618,0.08635876760792319,0.08190213248423396,0.07503033001512735,0.17810856625897165,0.3695164637979047,,,,,,,,,,,,,,,,,,,,,,,,,,
continuum_wings,gap_limited,continuum,blue;core;red,79,1106,ok,0.7415918228986875,1.9881817169727123,0.6269999786398582,0.06455348775434787,0.1566409262029547,0.520397408941385,0.08704719464411736,0.21122256390407124,0.7017302414518114,0.0,0.06299109782300125,0.001562389931346618,0.07501020286697233,0.0,0.01674717419601643,0.06488354913996594,0.06504379020975876,0.06420320442781034,0.11962837798712078,0.271522036316695,0.0,0.08494038887428074,0.0021068057698366287,0.10114755927833341,0.0,0.022582738480794094,0.08749226614494372,0.08770834332492998,0.08657485485324917,0.16131296798759848,0.3661340752860337,,,,,,,,,,,,,,,,,,,,,,,,,,
continuum_wings,gap_limited,continuum,blue;core;red,80,1105,ok,0.7597252875839667,1.9888335567719875,0.6180045911850816,0.06545964517553166,0.16061395702647302,0.533651685381962,0.08616225660159679,0.2114105712306194,0.7024271721677836,5.468899705414581e-05,0.06354760686531521,0.0018573493131622976,0.07958422409662494,0.0,0.01651119085971982,0.06451854207012825,0.06309304479823347,0.062064119244906624,0.12599106748998656,0.28250345384883535,7.19852266969611e-05,0.08364550700609893,0.0024447643688008986,0.10475394908824737,0.0,0.021733106860543937,0.08492351528182811,0.08304718275059426,0.08169284379394459,0.16583766467831534,0.37184948094492953,,,,,,,,,,,,,,,,,,,,,,,,,,
continuum_wings,gap_limited,continuum,blue;core;red,81,1104,ok,0.7765083635596066,1.989327604401268,0.6096629022582267,0.07145374568236804,0.16287252347639836,0.5421820944008402,0.09201928663693405,0.2097498637745141,0.6982308495885519,0.0027464886772030736,0.06505823030693053,0.0036490266982344343,0.08387101285559188,0.0,0.018485976146441385,0.060515534474365085,0.05833685957607286,0.06495501773459174,0.1275206710636092,0.29136954602656645,0.0035369724346726197,0.08378303874113587,0.004699275461125573,0.1080104436623415,0.0,0.023806538363217975,0.07793288174895462,0.07512714906076448,0.0836501199250839,0.16422317781490375,0.3752304027877998,,,,,,,,,,,,,,,,,,,,,,,,,,
continuum_wings,gap_limited,continuum,blue;core;red,82,1103,ok,0.7682946361572417,1.989792345081585,0.6138820022821428,0.07486072338787257,0.16526681014228828,0.5281671026270808,0.09743751923389887,0.2151086345843813,0.6874538461817198,0.004617625797294599,0.06538094433669364,0.00486215325388433,0.08874861262073885,0.0,0.02041844242225793,0.056099755099291486,0.07820042577809057,0.03290386141929279,0.14294428120568403,0.2741185342240134,0.006010227821438988,0.08509879056777973,0.006328500844680147,0.11551377354998905,0.0,0.02657631781003222,0.07301854322436,0.10178442240495587,0.042827139317107736,0.18605398824680663,0.3567882962128495,,,,,,,,,,,,,,,,,,,,,,,,,,
continuum_wings,gap_limited,continuum,blue;core;red,83,1102,ok,0.7817678011145792,1.9905024026840925,0.6072510135831111,0.08315571626315789,0.1670791406586799,0.5315329441927412,0.10636881711500706,0.213719649773849,0.6799115331111437,0.006625427581506637,0.06754407227572976,0.008986216405921496,0.09100168890385046,0.0,0.021297980842067316,0.054779470912762133,0.052318864121934844,0.053007558759135015,0.15056194911199794,0.2756445721996735,0.008474930244070754,0.08639914841648769,0.011494738454448622,0.11640501025254284,0.0,0.027243358976543206,0.07007128054476296,0.06692378996339192,0.06780473522132949,0.19259164792581543,0.3525913600006069,,,,,,,,,,,,,,,,,,,,,,,,,,
continuum_wings,gap_limited,continuum,blue;core;red,84,1101,ok,0.7894388475022821,1.9911712001349287,0.6035304008772489,0.0914615805571425,0.16882937202429843,0.5291478949208411,0.11585644771158554,0.213859974789004,0.6702835774994104,0.008782217080859418,0.07091653091955726,0.011762832556725824,0.09416207536614601,0.0,0.021389587783181428,0.05327770887497098,0.05342040798718788,0.05441715053022987,0.14324450858820856,0.2780658278152148,0.0111246325268203,0.08983156978394359,0.014900245400821651,0.11927722541659418,0.0,0.027094673451726222,0.0674880759206836,0.06766883610580547,0.0689314323742759,0.18145105101100875,0.35223225800832025,,,,,,,,,,,,,,,,,,,,,,,,,,
continuum_wings,gap_limited,continuum,blue;core;red,85,1100,ok,0.7952980763726893,1.9916251684443147,0.600678838079813,0.09578752564091081,0.17089976047852487,0.5286107902532535,0.12044229514271232,0.2148876824372432,0.6646700224200442,0.00787530030426299,0.07208473286029404,0.015827492476353767,0.09549808101084784,0.0,0.02474074348926457,0.05066093597841246,0.051606272251023974,0.06040287379099146,0.14287782326027346,0.2737238209509647,0.00990232535225258,0.09063863600559495,0.019901333784864774,0.1200783503040889,0.0,0.03110876817671399,0.06370056395644033,0.06488922051263765,0.07594998100144494,0.17965317345155835,0.34417764745440343,,,,,,,,,,,,,,,,,,,,,,,,,,
continuum_wings,gap_limited,continuum,blue;core;red,86,1099,ok,0.8085673688408397,1.9922059696805028,0.5941346521662638,0.08447936162872324,0.17412844064545682,0.5499595665666597,0.10448030044773221,0.21535427641000027,0.6801654231422676,0.008528502874533016,0.06478257372212139,0.011168285032068853,0.09708859912675888,0.0,0.026403840205462745,0.050636001313235195,0.0503469945002608,0.06388903369148446,0.15280853157501534,0.282915006799899,0.010547671354533461,0.08012019309534286,0.013812435997855912,0.1200748420826639,0.0,0.03265509000606249,0.06262434432127387,0.062266913606021636,0.07901510270328574,0.1889867653131752,0.34989664151978495,,,,,,,,,,,,,,,,,,,,,,,,,,
continuum_wings,gap_limited,continuum,blue;core;red,87,1098,ok,0.8075222787975607,1.9924217231859673,0.5947031346826097,0.07808454967163124,0.1796654930597354,0.5497722360661941,0.09669646488008092,0.22248982817819704,0.680813706941722,0.007409548538569045,0.06262307489143148,0.00805192624163072,0.09987144099682863,0.0,0.0287677127417909,0.051026339321115846,0.06818788512511137,0.04697421740995758,0.15170649684124657,0.28290363668987856,0.009175658347906162,0.07754965594841574,0.00997115058375903,0.12367639087994202,0.0,0.035624667575274084,0.0631887697229809,0.08444087168300346,0.058170800538041426,0.1878666395026832,0.350335395217994,,,,,,,,,,,,,,,,,,,,,,,,,,
continuum_wings,gap_limited,continuum,blue;core;red,88,1097,ok,0.7994835137230013,1.9929384963479533,0.5988418532794486,0.06929446530063918,0.18229009997739445,0.5478989484449677,0.0866740390654857,0.22800982990695276,0.6853161310275615,0.004286451504411317,0.059063400541981184,0.005944613254246679,0.10239133037337801,0.0012122599138655163,0.028935819038386764,0.04975069065176415,0.05909562963031613,0.047045816188377526,0.16618898916898608,0.2755685134572879,0.00536152582365376,0.07387694621360885,0.0074355670282230755,0.12807184715613004,0.0015163038299818282,0.03619314037338888,0.06222853854745199,0.0739172586000205,0.05884526119781575,0.2078704392478141,0.3446831719819112,,,,,,,,,,,,,,,,,,,,,,,,,,
continuum_wings,gap_limited,continuum,blue;core;red,89,1096,ok,0.7813949128819632,1.9934136918224998,0.6080116655727635,0.057500301113160554,0.186462664488449,0.5374319472803535,0.07358673593239339,0.23862794780776347,0.687785316259843,0.003941357160430508,0.049907018847397906,0.003651925105332142,0.10488058070259901,0.003984269138591228,0.03029696657734969,0.047300848069909085,0.14053833633687832,0.05825019936983487,0.07200900293963239,0.26663440863400795,0.005044001561123403,0.06386913713493399,0.004673597236335987,0.13422224661762314,0.005098918706670783,0.03877292528768526,0.060533857195784316,0.17985570934745504,0.07454642768916271,0.09215443017672935,0.3412287490464959,,,,,,,,,,,,,,,,,,,,,,,,,,
continuum_wings,gap_limited,continuum,blue;core;red,90,1095,ok,0.7731185571064696,1.9938472395842743,0.6122478484020393,0.04709163155288275,0.191408563114965,0.5346183624386218,0.06091126790324546,0.24757983281548018,0.6915088992812743,0.0024006244685268797,0.04277721127021433,0.0019137958141415353,0.10732183731624104,0.00441233768724289,0.034240205418513435,0.04543418269296763,0.13573070481889854,0.06100076423756271,0.0711439233702261,0.26674297001193453,0.0031051181561488235,0.055330726286425554,0.002475423460671088,0.13881679120200094,0.005707194125253997,0.04428842782750339,0.058767419660721826,0.1755626010671562,0.07890221192706674,0.09202200971154358,0.34502207657550793,,,,,,,,,,,,,,,,,,,,,,,,,,
continuum_wings,gap_limited,continuum,blue;core;red,91,1094,ok,0.7689100130431888,1.994239064939952,0.6144343842415254,0.03969952280782077,0.19227501496444283,0.5369354752709252,0.05163090886370196,0.25006179098053044,0.6983073001557676,0.003554114642659645,0.03042697396406675,0.0057184342010943735,0.11199203575676839,0.005195252881528712,0.029083617773425142,0.04600410855272057,0.1302988529530233,0.07092790120017041,0.06427097084976524,0.27143775026796635,0.004622276446359678,0.03957156682567183,0.007437065591670446,0.14565038022268273,0.006756646152866396,0.037824475270283084,0.05983028933469822,0.16945917043962924,0.09224473605103965,0.08358711651496624,0.3530162771501325,,,,,,,,,,,,,,,,,,,,,,,,,,
continuum_wings,gap_limited,continuum,blue;core;red,92,1094,ok,0.7604656299866245,1.994931096957897,0.6188010547601066,0.044639175437398426,0.18984752884019718,0.5259789257090288,0.05869979349123716,0.24964642891689443,0.6916537775918683,0.0013859120450444944,0.02545927435157529,0.01779398904077864,0.11409554983405941,0.005149819554323397,0.02394129693747496,0.04666086251433943,0.13851150256219402,0.059009523895953944,0.05755492085277804,0.2709029783981028,0.0018224519168195288,0.03347853387144279,0.023398807702974835,0.15003380210104458,0.006771929395959651,0.03148241813097596,0.06135827928891425,0.18214038491736995,0.07759656921903471,0.0756837897510113,0.35623303370445236,,,,,,,,,,,,,,,,,,,,,,,,,,
continuum_wings,gap_limited,continuum,blue;core;red,93,1094,ok,0.7661210514631008,1.995574968902254,0.6160900675735936,0.056225537767922176,0.18446084048403472,0.5254346732111439,0.073389887486508,0.24077244729375383,0.6858376652197381,0.0005250704734315229,0.0273619396989814,0.028338527595509252,0.11393644982018927,0.004134311856557068,0.020997033603362775,0.04539304520392563,0.1278490030383852,0.0747281064671554,0.04835174557443825,0.274505818131165,0.0006853622837132184,0.03571490386111554,0.036989621341679234,0.14871859949886373,0.005396421164333704,0.02740693988667151,0.059250486743884924,0.16687833181743977,0.09754086031762642,0.0631124095625599,0.3583060635221119,,,,,,,,,,,,,,,,,,,,,,,,,,
continuum_wings,gap_limited,continuum,blue;core;red,94,1094,ok,0.7677970533815699,1.996170733306651,0.6153650383854142,0.05938270946617031,0.1813201608790076,0.527094183036392,0.07734167408514273,0.23615636460237552,0.6865019613124818,0.0,0.020997287811460458,0.03838542165470985,0.11539865720189602,0.0038290510542280526,0.017629359502307363,0.044463093120576155,0.11356724436120445,0.09480240013546251,0.05025439519210288,0.2684701433476221,0.0,0.027347445160128134,0.04999422892501459,0.15029838509232554,0.004987061408172845,0.022960962697972417,0.05790995540390471,0.14791310263698715,0.1234732534045671,0.06545270650723388,0.34966289876369355,,,,,,,,,,,,,,,,,,,,,,,,,,
continuum_wings,gap_limited,continuum,blue;core;red,95,1094,ok,0.7665640202610589,1.9963922429406198,0.6160253462356032,0.07119716476384017,0.17618055435062419,0.5191863011465945,0.09287830224485812,0.22983149442707296,0.6772902033280689,0.0,0.02410054182189782,0.04709662294194234,0.11153313104233334,0.004357330255125094,0.016791132925750685,0.04349896012741507,0.11022293605497996,0.09296496108646739,0.05143209441365275,0.2645663095914944,0.0,0.03143969868777589,0.06143860355708222,0.14549747717659633,0.005684235288842769,0.021904410436629083,0.05674537152500477,0.1437882983569236,0.12127488197894744,0.06709432357148354,0.34513269942071434,,,,,,,,,,,,,,,,,,,,,,,,,,
continuum_wings,gap_limited,continuum,blue;core;red,96,1094,ok,0.7783741131791102,1.9964283131639724,0.6101166728368403,0.08109283096314007,0.1705964324611569,0.5266848497548132,0.10418233287838023,0.2191702287790515,0.6766474383425682,0.0,0.0261322517872478,0.054960579175892275,0.10650032958512429,0.003965025178004134,0.014821025226500986,0.045310052471527494,0.08819528613407177,0.09059769388207464,0.08220051648066887,0.265691353257998,0.0,0.03357286855354934,0.07060946432483091,0.1368240898327739,0.005093983870827612,0.01904100480162108,0.05821115027382891,0.11330706486866081,0.11639350840182346,0.10560540887586514,0.3413414561962189,,,,,,,,,,,,,,,,,,,,,,,,,,
continuum_wings,gap_limited,continuum,blue;core;red,97,1093,ok,0.7723188389923942,1.9963420362278823,0.6131330077827272,0.08884686736246107,0.16593275638305227,0.5175392152468808,0.11503910415855599,0.21485006969341375,0.6701108261480303,0.0,0.02747579304414405,0.06137107431831702,0.10191648046927956,0.002171703054231965,0.01510379116006203,0.04674078169947872,0.0922564414153962,0.09818593571610455,0.07333660742832242,0.25376023068705766,0.0,0.035575712590398996,0.079463391568157,0.13196166573153248,0.0028119255216735068,0.019556419444289604,0.06052005899591817,0.11945382756137164,0.12713134881469787,0.09495638812074172,0.328569261651219,,,,,,,,,,,,,,,,,,,,,,,,,,
continuum_wings,gap_limited,continuum,blue;core;red,98,1093,ok,0.7757153546052211,1.9963600869960838,0.6114351515750698,0.09032984818887349,0.16326767098454065,0.522117835431807,0.11644715764952773,0.2104736873071582,0.6730791550433141,0.0,0.02779020353245548,0.06253964465641801,0.09870623508873363,0.0022137361921160184,0.015273880568819048,0.04707381913487194,0.10371483685600615,0.09973748275190697,0.05833967168463491,0.26032584413925897,0.0,0.03582525905600842,0.08062189859351931,0.1272454315912922,0.002853799630204095,0.019690058316033033,0.06068439776962886,0.13370218372019843,0.1285748466364516,0.07520757625627414,0.33559454843038994,,,,,,,,,,,,,,,,,,,,,,,,,,
continuum_wings,gap_limited,continuum,blue;core;red,99,1093,ok,0.7727177034211448,1.9963691122746914,0.6129384597917913,0.09163163717162169,0.16111621213441146,0.5199698541151117,0.11858358720905458,0.20850591544762406,0.6729104973433214,0.0,0.02639156073010564,0.06524007644151605,0.09874121982440029,0.0002264661806942258,0.015811697510754626,0.046336828618562295,0.10685915720522583,0.1042168920611879,0.05031107685170734,0.25858272799699056,0.0,0.034154207433399225,0.08442937977565536,0.12778433752356336,0.00029307751031400626,0.020462450181676466,0.05996605023207021,0.13829003364633113,0.13487058934948182,0.06510925869688133,0.3346406156506271,,,,,,,,,,,,,,,,,,,,,,,,,,
continuum_wings,gap_limited,continuum,blue;core;red,100,1093,ok,0.7579545868089644,1.9963691122746914,0.6203334432752602,0.08753462722324137,0.15887171181315413,0.511548247772569,0.11548795765161546,0.20960584522882014,0.6749061971195645,0.0,0.020486342005455085,0.06704828521778629,0.09792860272556562,0.0,0.017546969891638606,0.04339613919594991,0.10506262908293292,0.0892184616914717,0.07232511436642859,0.24494204263173575,0.0,0.02702845574390393,0.08845950190771153,0.12920114797095045,0.0,0.023150423781340822,0.057254273476528894,0.1386133561447963,0.11770950825310911,0.09542143503731772,0.3231618976843413,,,,,,,,,,,,,,,,,,,,,,,,,,
continuum_wings,gap_limited,continuum,blue;core;red,101,1093,ok,0.7481840454755024,1.9963600869960838,0.6252259047107653,0.0820950203668015,0.1583549271252038,0.5077340979834972,0.10972570300483574,0.21165237094111328,0.6786219260540511,0.0,0.016181310600337895,0.0659137097664636,0.0966831377187605,0.0,0.017170760109036516,0.044501029297406784,0.10691015144809468,0.09637911674160818,0.06284444208395443,0.24160038770983988,0.0,0.021627446746814806,0.08809825625802094,0.12922373619623806,0.0,0.02294991481424036,0.05947871993063486,0.1428928511568952,0.1288173910208887,0.08399596658602114,0.322915717290246,,,,,,,,,,,,,,,,,,,,,,,,,,
continuum_wings,gap_limited,continuum,blue;core;red,102,1093,ok,0.7357351352297209,1.9965503706206442,0.6314968327090067,0.07693925802276722,0.15650609411962607,0.5022897830873276,0.10457466870702624,0.21272070154806413,0.6827046297449096,0.0,0.017200822743596408,0.05973843527917081,0.09378622645080546,0.0,0.017825797457018417,0.04489407021180221,0.11959337708755524,0.08507945646419333,0.055569966750250534,0.24204698278532846,0.0,0.02337909652530831,0.08119557218171794,0.12747281183128803,0.0,0.024228552645447078,0.06101933707132906,0.16254949826504375,0.11563870255785556,0.0755298531894902,0.32898657573252005,,,,,,,,,,,,,,,,,,,,,,,,,,
continuum_wings,gap_limited,continuum,blue;core;red,103,1093,ok,0.7134745714294592,1.9967308648438402,0.6426786483889741,0.07599191157664933,0.1571198568035408,0.48036280304926915,0.10650962854134824,0.22021787894801675,0.673272492510635,0.0015200806566492372,0.01815467869021017,0.056317152229789925,0.09538740275963989,0.0,0.017823110709482167,0.043909343334418746,0.1169909083561044,0.0862188795918598,0.05015169498677768,0.22700132011452726,0.0021305323518450393,0.02544544601475697,0.07893365017474623,0.1336941869820665,0.0,0.024980723102399068,0.0615429688635512,0.16397347998221015,0.12084366149044205,0.07029219680008755,0.31816315423789526,,,,,,,,,,,,,,,,,,,,,,,,,,
continuum_wings,gap_limited,continuum,blue;core;red,104,1093,ok,0.693251633461409,1.9970897677369182,0.6528690674495871,0.07252900291671391,0.1541452966290972,0.4665773339155978,0.10462146703438148,0.2223511481097404,0.6730273848558781,0.002211474804747972,0.021643165180598268,0.04867436293136767,0.09424008747338522,0.0,0.01827371535866907,0.041631493797042916,0.11994173491034166,0.07744980320904096,0.049015916262492056,0.22016987953372313,0.0031900030205570047,0.0312197824511914,0.07021168156263308,0.1359392216688246,0.0,0.026359426327534657,0.06005250011338113,0.17301327414328901,0.11171961156778484,0.07070436461542158,0.3175901345293827,,,,,,,,,,,,,,,,,,,,,,,,,,
continuum_wings,gap_limited,continuum,blue;core;red,105,1093,ok,0.6633524899047988,1.997418877406085,0.6678951533860309,0.0687507330104947,0.15016605076464826,0.4444357061296557,0.1036413280371669,0.22637444352730082,0.6699842284355321,0.004298094645755787,0.02373348308557133,0.040719155279167585,0.09190551970211654,0.0,0.018401418197665373,0.039859112864866354,0.10927679304149487,0.07331880048630618,0.04284156843176013,0.21899854417009454,0.006479352548103994,0.03577808698506197,0.06138388850400095,0.13854703359190887,0.0,0.027740030342399496,0.06008737959299248,0.16473412658355704,0.11052766304808556,0.06458341392207415,0.33013902488181535,,,,,,,,,,,,,,,,,,,,,,,,,,
continuum_wings,gap_limited,continuum,blue;core;red,106,1093,ok,0.6537071250976277,1.997559740060184,0.6727471464368174,0.06350250200891697,0.1466849570985972,0.44351966599011367,0.09714212920569468,0.22438941150701175,0.6784684592872937,0.002592980492555245,0.028341156006890633,0.03256836550947109,0.09000936100039794,0.0,0.018568226973301422,0.038107369124897816,0.07423164715389288,0.09712499843886384,0.0484246924709212,0.22373832792643575,0.003966578293250202,0.043354515988575204,0.04982103492386927,0.13769065311465822,0.0,0.028404504495080047,0.05829425389727346,0.11355489989925806,0.14857570723947475,0.07407704553272114,0.3422608066158398,,,,,,,,,,,,,,,,,,,,,,,,,,
continuum_wings,gap_limited,continuum,blue;core;red,107,1093,ok,0.6525037848755348,1.9978443586852759,0.6733960871181554,0.05643299889643161,0.14308356751619128,0.4529872184629119,0.0864868529570234,0.21928388897159345,0.694229258071383,0.0,0.03221128422470506,0.024221714671726544,0.08862328578703332,0.0,0.01763297821263618,0.03682730351652179,0.07196165105778149,0.09043971874158968,0.05128093745814667,0.23930491120539404,0.0,0.04936566648551988,0.03712118647150352,0.13582033980682306,0.0,0.027023564646448252,0.05643998451832214,0.11028541554208483,0.1386041289535831,0.07859101915849961,0.36674869441721547,,,,,,,,,,,,,,,,,,,,,,,,,,
continuum_wings,gap_limited,continuum,blue;core;red,108,1093,ok,0.6541702308736936,1.9980995030650432,0.6726037768038048,0.05167915533913029,0.14048533732589075,0.46200573820867263,0.07899955225738244,0.2147534857070185,0.7062469620355991,0.0,0.03590774913791113,0.01577140620121916,0.08627762430034101,0.0,0.01721796291357915,0.036989750111970594,0.08575667943852434,0.0751350470484239,0.05036709291808918,0.2507469188036352,0.0,0.054890527638277925,0.02410902461910451,0.1318886433965525,0.0,0.02632030945612316,0.05654453285434281,0.13109229890206076,0.11485549708991707,0.07699386266907948,0.38330530337454183,,,,,,,,,,,,,,,,,,,,,,,,,,
continuum_wings,gap_limited,continuum,blue;core;red,109,1093,ok,0.6618298601696261,1.9982010871792644,0.6687871584016171,0.053228219950446444,0.13862725920620628,0.4699743810129733,0.08042583623652781,0.2094605691720774,0.7101135945913947,0.0,0.04267926712979708,0.010548952820649361,0.08391364043343237,0.0,0.015936094948668735,0.03877752382410518,0.10674474353936908,0.05009805981754306,0.056385445852604174,0.25674613180345696,0.0,0.06448676570570334,0.01593907053082446,0.12679035124212348,0.0,0.02407883945366916,0.05859137847628476,0.16128728841580303,0.07569628213012781,0.08519628570121128,0.38793373834425254,,,,,,,,,,,,,,,,,,,,,,,,,,
continuum_wings,gap_limited,continuum,blue;core;red,110,1093,ok,0.6681212862696526,1.9982929883853089,0.6656539906044937,0.05321977402771151,0.13807618857057363,0.4768253236713675,0.07965585758366647,0.20666335799821578,0.7136807844181178,0.0,0.04475661232374724,0.008463161703964273,0.08490604619709195,0.0,0.015345956561950912,0.03782418581153078,0.10839807551815318,0.04316989488265681,0.061141071005354874,0.2641162822652026,0.0,0.06698875375403553,0.01266710382963095,0.12708178581040452,0.0,0.022968818502449733,0.05661275368536156,0.16224311026427005,0.0646138594441272,0.09151193392853291,0.39531188078118756,,,,,,,,,,,,,,,,,,,,,,,,,,
continuum_wings,gap_limited,continuum,blue;core;red,111,1093,ok,0.6668222107039774,1.9983752091543963,0.6663178127664339,0.05000906641297408,0.13972112288656602,0.4770920214044373,0.07499610182477054,0.20953279696406582,0.7154711012111636,0.0,0.040764851403150344,0.00924421500982374,0.09071971503136383,0.0,0.013471124492158119,0.03553028336304407,0.11846232038802157,0.04058572551717842,0.052580567604077574,0.2654634078951597,0.0,0.06113301379105846,0.013863088033712074,0.1360478304038332,0.0,0.020201973293505607,0.053282993266727044,0.1776520315107059,0.060864387636895396,0.0788524538625779,0.3981022282009844,,,,,,,,,,,,,,,,,,,,,,,,,,
continuum_wings,gap_limited,continuum,blue;core;red,112,1092,ok,0.6735217402634873,1.9982850473444316,0.6629501175727939,0.04319741600693815,0.14028112881192423,0.49004319544462505,0.06413663201137199,0.20828003080798116,0.727583337180647,0.0,0.035065698724696545,0.008131717282241598,0.09367227089571607,0.0,0.011249975632750606,0.03535888228345755,0.08077941485320782,0.09484272057622589,0.051043628999775416,0.2633774310154159,0.0,0.05206320246021836,0.012073429551153616,0.13907831818327157,0.0,0.016703210839711755,0.052498501784997854,0.11993586847190149,0.14081612352872622,0.07578616390290048,0.39104518127711874,,,,,,,,,,,,,,,,,,,,,,,,,,
continuum_wings,gap_limited,continuum,blue;core;red,113,1091,ok,0.6502083813712286,1.9984391838929016,0.6746418972306985,0.044546936961999635,0.1394000289033223,0.4662614155059067,0.0685117852034671,0.2143928514260931,0.7170953633704399,0.0,0.036860983791225405,0.007685953170774233,0.09455908749863201,0.0,0.008967662118135114,0.035873279286555156,0.09175247535654336,0.09006403144865299,0.04205386213161365,0.2423910465690967,0.0,0.05669103144054994,0.01182075376291717,0.14542889665497044,0.0,0.013791981732415005,0.055171973038707633,0.14111241562750387,0.13851564210648343,0.06467751468064128,0.3727897909558113,,,,,,,,,,,,,,,,,,,,,,,,,,
continuum_wings,gap_limited,continuum,blue;core;red,114,1090,ok,0.6363907671775761,1.998465970977416,0.6815603685929538,0.03963643661626809,0.13769157706615878,0.45906275349514913,0.062283173579116495,0.21636325378639226,0.7213535726344911,0.0,0.032826384834200376,0.006810051782067712,0.09257037415686059,0.0,0.00734220778276985,0.03777899512652833,0.09056074203072431,0.10129409296439161,0.03922935909547865,0.22797855940455458,0.0,0.051582119866048624,0.01070105371306787,0.1454615291912777,0.0,0.01153726320595897,0.059364461389155604,0.14230367048278464,0.1591696457408328,0.06164350760376797,0.3582367488071056,,,,,,,,,,,,,,,,,,,,,,,,,,
continuum_wings,gap_limited,continuum,blue;core;red,115,1089,ok,0.6277061591937964,1.9986039051774536,0.6859276830352932,0.03567717556105236,0.13832698801764728,0.45370199561509666,0.0568373832859548,0.22036901501063744,0.7227936017034077,0.0,0.03151323422800436,0.0041639413330480015,0.09312020251356626,0.0,0.005716416610697801,0.03949036889338322,0.09427815620455,0.10318517427609825,0.03784276319687015,0.2183959019375783,0.0,0.050203799606616646,0.006633583679338149,0.14834999011825303,0.0,0.009106835303384252,0.06291218958900013,0.1501947285743341,0.1643845177632567,0.06028738549494887,0.3479269698708681,,,,,,,,,,,,,,,,,,,,,,,,,,
continuum_wings,gap_limited,continuum,blue;core;red,116,1087,ok,0.6170253380080227,1.998591011540008,0.6912698323742715,0.033457938917331655,0.13494062591255998,0.44862677317813116,0.05422457856487026,0.2186954369624371,0.7270799844726927,0.0,0.029490134431335635,0.00396780448599602,0.09154111220778818,0.0,0.0027467187536577963,0.040652794951114,0.07719329277578768,0.09924445925890282,0.0432937889283751,0.22889523221506552,0.0,0.04779404120832425,0.0064305373565460115,0.14835875703794507,0.0,0.0044515493683374196,0.0658851305561546,0.12510554756956188,0.16084340973629907,0.07016533400093884,0.3709656931658929,,,,,,,,,,,,,,,,,,,,,,,,,,
continuum_wings,gap_limited,continuum,blue;core;red,117,1085,ok,0.6077970805248105,1.9986886153724708,0.6959020650590231,0.0351420531491681,0.13345650028237083,0.43919852709327156,0.057818726471710304,0.2195741055010268,0.7226071680272629,0.0014399535944813263,0.029522418453965193,0.004179681100721579,0.09200039273664937,0.0,0.0010668476678445265,0.04038925987787693,0.11610646403198456,0.06559235906972824,0.029910308280925363,0.2275893957106334,0.0023691354246683435,0.04857282043617858,0.006876770610863378,0.1513669540123661,0.0,0.0017552694838931155,0.06645188200476758,0.19102833454173698,0.1079181871243798,0.049211010120514084,0.374449636240632,,,,,,,,,,,,,,,,,,,,,,,,,,
continuum_wings,gap_limited,continuum,blue;core;red,118,1083,ok,0.6074085341480913,1.9986709460755214,0.69609377904814,0.035451631364192694,0.12867833458266537,0.4432785682012333,0.05836538239278227,0.21184808468840596,0.7297865329188119,0.0028391092836545797,0.030749431523559845,0.0018630905569782673,0.08809491700532732,0.0,6.04772873110896e-05,0.04052294029002697,0.11279767659969928,0.0700860547860026,0.02977299527287426,0.23062184154265714,0.004674134662326594,0.050623970186205645,0.003067277544250029,0.14503404554380042,0.0,9.956608100001562e-05,0.06671447306360555,0.18570314748359834,0.11538536396150641,0.04901642568231575,0.3796815957913914,,,,,,,,,,,,,,,,,,,,,,,,,,
continuum_wings,gap_limited,continuum,blue;core;red,119,1081,ok,0.5966299501414365,1.9986482145679454,0.7014832596388608,0.03394074758137164,0.12759860017471947,0.4350906023853454,0.056887435123439044,0.21386556297495804,0.729247001901603,0.00487291572018878,0.02906783186118286,0.0,0.0871275577719192,0.0,0.00101330586333357,0.0394577365394667,0.05966497856460095,0.11501332218448232,0.03558596940060933,0.2248263322356528,0.008167400444837896,0.04872003467860115,0.0,0.146032826128264,0.0,0.00169838249503458,0.0661343543516595,0.10000332459082356,0.192771620260125,0.05964495981499648,0.3768270972356579,,,,,,,,,,,,,,,,,,,,,,,,,,
continuum_wings,gap_limited,continuum,blue;core;red,120,1079,ok,0.6108884305560645,1.998463170372539,0.6943208963704922,0.03881083922108701,0.12449203432507899,0.44758555700989844,0.06353179611825228,0.20378849573523508,0.7326797081465126,0.007837531465265496,0.030973307755821515,0.0,0.08526157597081936,0.0,0.0,0.03923045835425963,0.05963061071541108,0.11494123366956924,0.04118385108917036,0.2318298615357478,0.01282972646597897,0.05070206965227332,0.0,0.13956979982942147,0.0,0.0,0.0642186959058136,0.09761293181003936,0.1881542159260462,0.06741632191606992,0.3794962384943572,,,,,,,,,,,,,,,,,,,,,,,,,,
continuum_wings,gap_limited,continuum,blue;core;red,121,1077,ok,0.6247503979598319,1.9980852731346628,0.6873254578471022,0.042876354973439515,0.1214403608356214,0.460433682150771,0.06862957608903554,0.1943822064494777,0.7369882174614868,0.014235319290034212,0.0286410356834053,0.0,0.08250085846196108,0.0,0.0,0.03893950237366032,0.017971811422099356,0.10876177659636277,0.0906747322545682,0.2430253618777407,0.02278561059988227,0.04584396548915326,0.0,0.13205411110000675,0.0,0.0,0.062328095349470945,0.028766386513378175,0.17408836705271785,0.14513753420673786,0.38899592968865293,,,,,,,,,,,,,,,,,,,,,,,,,,
continuum_wings,gap_limited,continuum,blue;core;red,122,1075,ok,0.6271092536192152,1.99785862988915,0.6861092951036244,0.04111830620267173,0.12278182198502868,0.4632091254315147,0.06556801062233891,0.19579016140556363,0.7386418279720973,0.0190042805345502,0.022114025668121526,0.0,0.08341628144068296,0.0,0.0,0.03936554054434573,0.07121835296781293,0.0654957043664501,0.08953181377394806,0.23696325432330367,0.030304576794029772,0.03526343382830913,0.0,0.1330171432796842,0.0,0.0,0.06277301812587946,0.1135661012124965,0.10444066004202118,0.1427690841065349,0.3778659826110448,,,,,,,,,,,,,,,,,,,,,,,,,,
continuum_wings,gap_limited,continuum,blue;core;red,123,1073,ok,0.631077311384854,1.9976160745438036,0.6840847851462297,0.042145318852145744,0.12434038035251545,0.46459161218019285,0.06678313115022445,0.19702876035847236,0.7361881084913032,0.024443505849250768,0.017701813002894976,0.0,0.08431776039099931,0.0,0.0,0.04002261996151614,0.08695648354080004,0.07245292582491754,0.07600199019476121,0.22918021261971405,0.03873298153535459,0.02805014961486987,0.0,0.13360924069028882,0.0,0.0,0.06341951966818354,0.13779054003697305,0.11480831986484315,0.12043213854096621,0.3631571100485208,,,,,,,,,,,,,,,,,,,,,,,,,,
continuum_wings,gap_limited,continuum,blue;core;red,124,1071,ok,0.643998003256769,1.997565515441591,0.6776085698924372,0.04770242393238845,0.12376567538439354,0.472529903939987,0.07407231651519419,0.19218332162288834,0.7337443618619174,0.03090753094943448,0.01679489298295397,0.0,0.08344968629596634,0.0,0.0,0.04031598908842719,0.10092311740450818,0.07675662444860307,0.06413079830665248,0.23071936378022329,0.04799320928501592,0.026079107230178263,0.0,0.12958065999265847,0.0,0.0,0.06260266163022989,0.1567134011194582,0.11918767458972906,0.09958229370640274,0.3582609924463274,,,,,,,,,,,,,,,,,,,,,,,,,,
continuum_wings,gap_limited,continuum,blue;core;red,125,1069,ok,0.6457351503396815,1.9975095409280668,0.6767298793278044,0.05346192511217855,0.1248419552189345,0.46743127000856843,0.082792341541351,0.19333306411035983,0.723874594348289,0.03795258613104676,0.01550933898113179,0.0,0.08470695273286623,0.0,0.0017168125910905726,0.038418189894977695,0.05583575390249838,0.12221733614624328,0.06811805255638226,0.22126012740344453,0.05877422982329867,0.02401811171805233,0.0,0.1311790951573677,0.0,0.002658694652424393,0.05949527430056773,0.08646850628020888,0.18926851989078225,0.10548915065340572,0.34264841752389225,,,,,,,,,,,,,,,,,,,,,,,,,,
continuum_wings,gap_limited,continuum,blue;core;red,126,1067,ok,0.6640890428131123,1.997239278756148,0.6674965038607228,0.05399762383587255,0.13217033677522952,0.4779210822020103,0.08131081881299546,0.1990250226315281,0.7196641585554765,0.044957844636583054,0.0090397791992895,0.0,0.08903926927826271,0.0,0.005234919517337794,0.03789614797962902,0.04751726600235,0.13196012926177825,0.07720857487851744,0.22123511205936458,0.06769851893074386,0.013612299882251589,0.0,0.13407730520757907,0.0,0.007882857839609023,0.057064859584340016,0.07155255235211325,0.19870848749858747,0.1162623833566931,0.33314073534808264,,,,,,,,,,,,,,,,,,,,,,,,,,
continuum_wings,gap_limited,continuum,blue;core;red,127,1065,ok,0.661508472359881,1.9971451271772271,0.6687729582802753,0.06028188479142007,0.1321967337838763,0.4690298537845846,0.09112791038997436,0.19984133130188728,0.7090307583081384,0.05103357906129969,0.00924830573012038,0.0,0.09224848188075663,0.0,0.004615420237838392,0.035332831665281283,0.05992207270216025,0.12037485434956699,0.06701863556030817,0.2217142911725492,0.07714727957941535,0.013980630810559017,0.0,0.13945170127854478,0.0,0.006977114323832062,0.0534125156995104,0.09058398373703791,0.18197023829511796,0.10131183251701116,0.3351647037589714,,,,,,,,,,,,,,,,,,,,,,,,,,
continuum_wings,gap_limited,continuum,blue;core;red,128,1063,ok,0.6622236097277104,1.9970451684760953,0.6683982815305902,0.06113566250527355,0.1365719229294607,0.4645160242929761,0.09231876001885675,0.20623233742091376,0.7014489025602294,0.05643803065145542,0.004289475437083525,0.00040815641673461325,0.09962266956869721,0.0,0.0037730783734505322,0.03317617498731294,0.06249456946853623,0.12322818639283085,0.05958946169247922,0.21920380673912981,0.08522503550524468,0.006477382222671355,0.0006163422909407244,0.1504366019351976,0.0,0.005697589632906514,0.05009814585280967,0.09437079643571213,0.18608244191640821,0.08998389791173543,0.33101176629637363,,,,,,,,,,,,,,,,,,,,,,,,,,
continuum_wings,gap_limited,continuum,blue;core;red,129,1061,ok,0.6739685637820305,1.9971225633008478,0.6625301941068207,0.07042648605982332,0.1363195139141525,0.46722256380805455,0.10449520918990532,0.2022639055287449,0.6932408852813495,0.06523942732723606,0.003922543507628229,0.0012645152249590257,0.10274121858538694,0.0,0.0018617778828073789,0.03171651744595819,0.06668373816605515,0.12365694671989534,0.057471685076097546,0.21941019384600652,0.09679891738739207,0.005820068944486893,0.0018762228580263352,0.1524421525075978,0.0,0.0027624105675787872,0.04705934245356833,0.09894191175899039,0.18347583754646377,0.08527353969388486,0.3255495962820106,,,,,,,,,,,,,,,,,,,,,,,,,,
continuum_wings,gap_limited,continuum,blue;core;red,130,1059,ok,0.664597269089512,1.99756667192066,0.6672965771648076,0.07993077358468172,0.1319393436678543,0.452727151836976,0.12026948845905677,0.19852525703063623,0.681205254510307,0.07075653835310032,0.005605018335466644,0.0035692168961147454,0.10016908570650046,0.0,0.0016059386778834004,0.030164319283470416,0.09257531944216574,0.11855699748365306,0.028355052512884064,0.21323978239827315,0.1064652860371149,0.008433706541023607,0.005370495880918255,0.1507214825660216,0.0,0.0024164087825451217,0.04538736568206948,0.13929536540075238,0.1783892335971743,0.042665015087603425,0.3208556404247769,,,,,,,,,,,,,,,,,,,,,,,,,,
continuum_wings,gap_limited,continuum,blue;core;red,131,1057,ok,0.6664107476570948,1.9977444893616036,0.6664184277789961,0.08774253766602631,0.12955610042593863,0.4491121095651299,0.13166434961396314,0.19440877999254957,0.6739268703934873,0.07750661879527737,0.005469852429162509,0.004766066441586439,0.09957368240797326,0.0,0.0019090825936255902,0.02807333542433979,0.08279685220369942,0.12041748680192446,0.030546537634179277,0.21535123292532676,0.1163045750203879,0.008207929491522922,0.0071518451020523505,0.1494178819264923,0.0,0.0028647235962765694,0.04212617446978072,0.12424297251325692,0.18069559535958432,0.0458374024452216,0.32315090007542446,,,,,,,,,,,,,,,,,,,,,,,,,,
continuum_wings,gap_limited,continuum,blue;core;red,132,1054,ok,0.6676046369475297,1.9978695611037396,0.665841729637894,0.09434979909189342,0.12770916718585495,0.44554567066978135,0.14132585945371262,0.19129460779328325,0.6673795327530042,0.0868192391997499,0.006399747328507291,0.0011308125636362242,0.1003545962208196,0.0,0.0009250258803995886,0.026429545084635762,0.09537891697083853,0.09665342666748672,0.03869789549490357,0.21481543153655255,0.1300458900296306,0.009586133729940343,0.0016938356941416815,0.15032040022919577,0.0,0.0013855893581402594,0.039588618205947224,0.14286736743911324,0.14477644599566072,0.057965288665220924,0.3217704306530093,,,,,,,,,,,,,,,,,,,,,,,,,,
continuum_wings,gap_limited,continuum,blue;core;red,133,1051,ok,0.6719287727636671,1.998042599693998,0.6637064831017269,0.10155450401718372,0.12528983267016658,0.44508443607631687,0.15113879347581202,0.18646296713094307,0.6623982393932449,0.09500863482616582,0.006545869191017898,0.0,0.0984442747853749,0.0,0.00020451246186272567,0.02664104542292893,0.08481723678125788,0.10245552362386441,0.0368208904669636,0.22099078520423093,0.14139688413013168,0.00974190934568035,0.0,0.1465099855457448,0.0,0.0003043662812972848,0.03964861530390097,0.12622950559536475,0.1524797385926207,0.054798800050663045,0.3288901951545964,,,,,,,,,,,,,,,,,,,,,,,,,,
continuum_wings,gap_limited,continuum,blue;core;red,134,1048,ok,0.6867198065314334,1.9981221111886451,0.6563173978776937,0.11103288495746826,0.12578126911801824,0.44990565245594705,0.16168586358137307,0.1831624309095282,0.655151705509099,0.10660824172538604,0.0044246432320822265,0.0,0.09746293193671093,0.0,0.0,0.028318337181307295,0.07977650455959309,0.06756451953601579,0.0790561416103917,0.22350848674994642,0.1552427070130039,0.006443156568369193,0.0,0.14192532530696672,0.0,0.0,0.04123710560256146,0.11617038536071621,0.09838731735040344,0.11512139428407916,0.3254726085139001,,,,,,,,,,,,,,,,,,,,,,,,,,
continuum_wings,gap_limited,continuum,blue;core;red,135,1045,ok,0.6676560991909535,1.9983628186808078,0.6658984580028892,0.11831104263835605,0.12185323094720099,0.42749182560539634,0.177203567497881,0.18250897594563914,0.6402874565564797,0.11490180884728406,0.0034092337910720037,0.0,0.09117930526316612,0.0,0.0,0.030673925684034882,0.06661910322857936,0.10809130538415207,0.03326083837904406,0.21952057861362087,0.17209729527898984,0.005106272218891156,0.0,0.1365662732260734,0.0,0.0,0.045942702719565756,0.09978056563746887,0.16189667931609406,0.0498173212516872,0.32879289035122966,,,,,,,,,,,,,,,,,,,,,,,,,,
continuum_wings,gap_limited,continuum,blue;core;red,136,1042,ok,0.6710491345097539,1.9985615398517045,0.6642339396966764,0.12483559770965996,0.11957029198790137,0.42664324481219257,0.18603048761974886,0.17818410879146046,0.6357854035887907,0.12347514018829425,0.0013604575213657054,0.0,0.08751688038471853,0.0,0.0,0.03205341160318284,0.060800271475504784,0.11021828473094489,0.033135814843519615,0.22248887376222326,0.184003128591323,0.002027359028425855,0.0,0.13041799159558629,0.0,0.0,0.04776611719587418,0.09060479829084861,0.16424771162467364,0.049379118665770334,0.3315537750074981,,,,,,,,,,,,,,,,,,,,,,,,,,
continuum_wings,gap_limited,continuum,blue;core;red,137,1039,ok,0.6713050312498882,1.9987174569721073,0.66413210185953,0.1354211938677552,0.11567959230926378,0.42020424507286913,0.20172825699759384,0.1723204607805225,0.6259512822218836,0.1325397323819134,0.002881461485841793,0.0,0.08140607205894929,0.0,0.0,0.03427352025031449,0.09590522152477124,0.07946679070167915,0.032233214233063606,0.21259901861335512,0.19743592884316774,0.004292328154426108,0.0,0.12126539839479693,0.0,0.0,0.05105506238572557,0.14286385035161647,0.11837657547973635,0.04801574952156889,0.31669510686896185,,,,,,,,,,,,,,,,,,,,,,,,,,
continuum_wings,gap_limited,continuum,blue;core;red,138,1036,ok,0.6617721190699376,1.998829731991865,0.6689202144244324,0.14857167359652385,0.11030511307010185,0.4028953324033119,0.2245057918204959,0.16668141478236642,0.6088127933971377,0.14414233340500332,0.004429340191520516,0.0,0.07543393641101342,0.0,0.0,0.034871176659088426,0.09612970658615513,0.06663953198975235,0.034667793858538465,0.20545829996886592,0.2178126416198716,0.0066931502006242925,0.0,0.11398778255727844,0.0,0.0,0.05269363222508799,0.14526104049420663,0.10069860918802132,0.05238630165813119,0.3104668420567785,,,,,,,,,,,,,,,,,,,,,,,,,,
continuum_wings,gap_limited,continuum,blue;core;red,139,1033,ok,0.6559344299508459,1.9988975058874048,0.6718518943473075,0.1563000741182856,0.1079752326945181,0.39165912313804224,0.2382861258403501,0.16461284507143417,0.5971010290882157,0.1518709496462,0.0044291244720856045,0.0,0.06751640184895172,0.0,0.0,0.04045883084556638,0.09186067250870297,0.0687027797696124,0.023840107075250798,0.20725556378447607,0.2315337367754591,0.0067523890648910016,0.0,0.10293163274568652,0.0,0.0,0.06168121232574766,0.14004551112766986,0.10474031645931561,0.03634525950564497,0.31596994199558526,,,,,,,,,,,,,,,,,,,,,,,,,,
continuum_wings,gap_limited,continuum,blue;core;red,140,1030,ok,0.6712771192071231,1.9988097684636768,0.6641615776557481,0.15921503893261812,0.10790898441879454,0.40415309585571046,0.23718228191759982,0.16075176902536303,0.6020659490570373,0.15584025248579392,0.003374786446824196,0.0,0.05826359696824227,0.0,0.0,0.04964538745055226,0.08950559027786956,0.08416110463737311,0.014299613198525457,0.21618678774194236,0.23215487021196873,0.005027411705631073,0.0,0.08679514808587568,0.0,0.0,0.07395662093948735,0.13333627456807826,0.12537460644685722,0.021302101307155236,0.32205296673494654,,,,,,,,,,,,,,,,,,,,,,,,,,
continuum_wings,gap_limited,continuum,blue;core;red,141,1027,ok,0.6784067840648488,1.998696032109333,0.660575308518081,0.1650155602958752,0.10826235429377998,0.40512886947519366,0.24323984395784196,0.15958324243914282,0.5971769136030153,0.16225455323272542,0.002761007063149784,0.0,0.05494107039880807,0.0,0.0,0.05332128389497191,0.09352354014070877,0.08671513516892917,0.0036835896709810547,0.22120660449457463,0.2391700039621295,0.004069839995712454,0.0,0.08098543777763323,0.0,0.0,0.0785978046615096,0.13785761336338415,0.12782173941326638,0.005429765381928936,0.3260677954444358,,,,,,,,,,,,,,,,,,,,,,,,,,
continuum_wings,gap_limited,continuum,blue;core;red,142,1024,ok,0.6893778122665545,1.998510000857642,0.6550541093260919,0.1723508940856326,0.10917020596086324,0.40785671222005865,0.2500093432351308,0.15836048683077072,0.5916301699340984,0.17083544805276293,0.0015154460328696564,0.0,0.05022771707519345,0.0023774553972894406,0.0,0.056565033488380365,0.09387653858185376,0.0609659622788916,0.03443462449506253,0.21857958686425077,0.24781106240000045,0.002198280835130352,0.0,0.07285949182213079,0.0034486972962950177,0.0,0.08205229771234493,0.13617574704530164,0.08843621189148242,0.04995029413819901,0.3170679168591154,,,,,,,,,,,,,,,,,,,,,,,,,,
continuum_wings,gap_limited,continuum,blue;core;red,143,1021,ok,0.6915511910504256,1.998284991960213,0.6539276460400947,0.17756977909603128,0.11083888050510972,0.4031425314492847,0.25677025995185293,0.1602757423304441,0.5829539977177032,0.17756977909603128,0.0,0.0,0.049565852705157995,0.004426194944179657,0.0,0.056846832855772064,0.07525317282332093,0.06487176880825211,0.05223104012425139,0.21078654969346022,0.25677025995185293,0.0,0.0,0.07167343986476313,0.006400386553389528,0.0,0.08220191591229142,0.10881793538525439,0.09380617031360428,0.07552736630373742,0.304802525715107,,,,,,,,,,,,,,,,,,,,,,,,,,
continuum_wings,gap_limited,continuum,blue;core;red,144,1018,ok,0.6887090810505664,1.9978122811299168,0.6552683715303603,0.17704442845691643,0.11153747461939782,0.4001271779742521,0.25706707422363356,0.16195150853718526,0.5809814172391812,0.17704442845691643,0.0,0.0,0.05214500172730126,0.0024040906974765438,0.0,0.05698838219462002,0.08746583786845309,0.06134639205256997,0.04677106515709298,0.20454388289613612,0.25706707422363356,0.0,0.0,0.07571411959278734,0.0034907201946710363,0.0,0.08274666874972689,0.12699968720469243,0.0890744637183981,0.0679112072774585,0.2969960590386322,,,,,,,,,,,,,,,,,,,,,,,,,,
continuum_wings,gap_limited,continuum,blue;core;red,145,1015,ok,0.695393188944038,1.9972362034565574,0.6518222593098718,0.1767746025021659,0.10986882096618489,0.40874976547568725,0.2542081304687497,0.1579952503317179,0.5877966191995325,0.1767746025021659,0.0,0.0,0.05301088938869621,0.0,0.0,0.05685793157748867,0.09011403034648363,0.06906411022625084,0.04020284169295997,0.2093687832099928,0.2542081304687497,0.0,0.0,0.07623153380204056,0.0,0.0,0.08176371652967733,0.1295871627436023,0.09931663312826723,0.05781310822731585,0.3010797151003471,,,,,,,,,,,,,,,,,,,,,,,,,,
continuum_wings,gap_limited,continuum,blue;core;red,146,1013,ok,0.6832712090818729,1.9965803107782703,0.6577792511559295,0.1683832467192881,0.11385648168181409,0.40103148068077077,0.2464369118458079,0.1666343908077228,0.5869286973464694,0.16721408363456403,0.0011691630847240706,0.0,0.060052924880417656,0.0,0.0,0.05380355680139643,0.09327685082295979,0.06038718298564574,0.03698692417438238,0.21038052269778282,0.24472578591340532,0.0017111259324025985,0.0,0.08789031951326054,0.0,0.0,0.07874407129446226,0.136515119594016,0.08837952219117995,0.05413212745211752,0.30790192810915584,,,,,,,,,,,,,,,,,,,,,,,,,,
continuum_wings,gap_limited,continuum,blue;core;red,147,1011,ok,0.7034031299024387,1.9959679476172112,0.6475879631523372,0.16113486014518566,0.1096615495934667,0.4326067201637863,0.229078963819133,0.15590142399377246,0.6150196121870946,0.15744860900089808,0.0036862511442875934,0.0,0.05409538810352418,0.0,0.0,0.05556616148994253,0.12481419935996005,0.08490796137221948,0.007741606950197712,0.21514295248140908,0.22383836850816408,0.005240595310968935,0.0,0.07690524224853414,0.0,0.0,0.07899618174523831,0.17744333804325216,0.12071024105905831,0.011005931906034404,0.3058601011787496,,,,,,,,,,,,,,,,,,,,,,,,,,
continuum_wings,gap_limited,continuum,blue;core;red,148,1010,ok,0.6964609119815153,1.9951553124943124,0.6509239618489642,0.15461266243716823,0.11121423769312605,0.43063401185122097,0.22199761648830593,0.1596848233402046,0.6183175601714894,0.15349101341631777,0.00112164902085047,0.0,0.050085015022093365,0.0,0.002339077233045225,0.058790145437987454,0.12268412544905734,0.06939857262064382,0.022878511739608032,0.2156728020419118,0.220387118323148,0.0016104981651579601,0.0,0.0719136051434609,0.0,0.00335851903933886,0.08441269915740483,0.17615364098468383,0.09964460521294226,0.03284967088033111,0.30966964309353223,,,,,,,,,,,,,,,,,,,,,,,,,,
continuum_wings,gap_limited,continuum,blue;core;red,149,1008,ok,0.7027147598232266,1.9946334948506177,0.6476973029695142,0.14242087466920245,0.11714518586792308,0.443148699286101,0.20267238261087547,0.1667037503202464,0.6306238670688781,0.14083106659590885,0.0015898080732935913,0.0,0.053344582842485985,0.002665332707988285,0.0018916990397213364,0.05924357127772747,0.12570937613571206,0.07389789371478551,0.019755727813954994,0.22378570162164846,0.20041000224804728,0.0022623803628281838,0.0,0.07591214229782968,0.003792908389541683,0.002691987059154995,0.08430671257372002,0.17889104274305442,0.10516058284214082,0.02811343797435634,0.3184588035093265,,,,,,,,,,,,,,,,,,,,,,,,,,
continuum_wings,gap_limited,continuum,blue;core;red,150,1006,ok,0.7114076479876611,1.9940784910580729,0.6432398969359671,0.14140540331131224,0.1145341168549456,0.4554681278214033,0.19876846096791587,0.1609964654989654,0.6402350735331188,0.13841609011316564,0.0029893131981465976,0.0,0.05071322289962205,0.005590007341638145,0.0002089871754716531,0.05802189943821376,0.12651243515869603,0.06549037945188134,0.031105637274525214,0.2323596759363007,0.19456649152521674,0.004201969442699111,0.0,0.07128574319249045,0.007857671136162848,0.00029376571374065103,0.08155928545657147,0.17783395429689042,0.09205745768566327,0.04372406926255693,0.32661959228800813,,,,,,,,,,,,,,,,,,,,,,,,,,
continuum_wings,gap_limited,continuum,blue;core;red,151,1004,ok,0.7257904808553678,1.993323470434241,0.6358892615169767,0.12618396452243236,0.12150816550506865,0.4780983508278668,0.1738572878135856,0.1674149340755576,0.6587277781108568,0.12472277105591528,0.0014611934665170717,0.0,0.057455669656027365,0.0076361505986193125,0.0,0.05641634525042199,0.1300379973899268,0.056280769512342003,0.056342547271448176,0.2354370366541498,0.17184404362664749,0.0020132441869380917,0.0,0.07916288677183253,0.010521150111558172,0.0,0.07773089719216693,0.17916740549789628,0.0775440998427167,0.07762921773932147,0.32438705503092236,,,,,,,,,,,,,,,,,,,,,,,,,,
continuum_wings,gap_limited,continuum,blue;core;red,152,1002,ok,0.7384508150246611,1.9922598101713511,0.6293401035073168,0.12472844321138091,0.1234491075595884,0.49027326425369183,0.16890555291379225,0.16717309406106584,0.6639213530251419,0.12173147563468052,0.0029969675767003894,0.0,0.058097683869002104,0.009591492415880573,0.0,0.05575993127470573,0.07841264014515395,0.15322548710404205,0.01675488648628483,0.241880250518211,0.1648471003862528,0.004058452527539432,0.0,0.07867508937214984,0.012988667925784953,0.0,0.07550933676313104,0.1061853254810685,0.20749586023400213,0.022689238261217555,0.32755092904885375,,,,,,,,,,,,,,,,,,,,,,,,,,
continuum_wings,gap_limited,continuum,blue;core;red,153,1000,ok,0.7394013625177914,1.9910877301207401,0.6286445085606871,0.12579956217632207,0.1238566071409791,0.4897451932004903,0.17013704403783148,0.16750930336296055,0.6623536525992081,0.12035605228877569,0.005443509887546374,0.0,0.05772488732801316,0.011156111731503363,0.0,0.05497560808146257,0.07770882426564123,0.1370029157914564,0.04151330680352009,0.23352014633987256,0.16277499392067957,0.007362050117151891,0.0,0.07806976055798678,0.01508803242330369,0.0,0.07435151038167008,0.10509694491369212,0.1852889685311607,0.05614448242583702,0.31582325672851813,,,,,,,,,,,,,,,,,,,,,,,,,,
continuum_wings,gap_limited,continuum,blue;core;red,154,998,ok,0.7532384281991836,1.9898056936948225,0.6214512650225191,0.131190082481108,0.11919201828479349,0.5028563274332822,0.174168068927063,0.15823942834376314,0.667592502729174,0.12454772102316425,0.006642361457943753,0.0,0.05300574723770934,0.011398858975206835,0.0,0.05478741207187732,0.07817397924989301,0.14856648312514256,0.02859423019954859,0.24752163485869802,0.1653496640113392,0.008818404915723804,0.0,0.0703704766688997,0.015133135204557783,0.0,0.07273581647030565,0.10378384363207366,0.19723699371038486,0.03796172517102014,0.3286099402156953,,,,,,,,,,,,,,,,,,,,,,,,,,
continuum_wings,gap_limited,continuum,blue;core;red,155,996,ok,0.7402986313724734,1.988666801943457,0.6277412432042502,0.13265795307039116,0.11373754242625912,0.49390313587582313,0.1791951888718888,0.15363738038444824,0.6671674307436629,0.12027971168092388,0.012378241389467273,0.0,0.046290938782505904,0.013571250151490783,0.0,0.05387535349226243,0.07094439746820168,0.1292568459775201,0.04488284325436803,0.24881904917573333,0.16247458334203838,0.016720605529850413,0.0,0.06253008829245708,0.018332129192688663,0.0,0.07277516289930248,0.0958321337656327,0.17460095223718694,0.060628024086925136,0.3361063206539182,,,,,,,,,,,,,,,,,,,,,,,,,,
continuum_wings,gap_limited,continuum,blue;core;red,156,994,ok,0.7390437636215321,1.9874485399243582,0.6281444531642386,0.14230863042692687,0.1097673675867579,0.4869677656078474,0.1925577853868527,0.1485262077699776,0.6589160068431698,0.125844905269842,0.016463725157084882,0.0,0.040833325968954115,0.013761790123663938,0.0,0.055172251494139846,0.08246245619978645,0.11303094273654742,0.044833403990119286,0.2466409626813942,0.17028072147333317,0.022277063913519517,0.0,0.055251566928673876,0.01862107604592604,0.0,0.0746535647953777,0.11157993647858705,0.15294215079045184,0.06066407186825094,0.3337298477058799,,,,,,,,,,,,,,,,,,,,,,,,,,
continuum_wings,gap_limited,continuum,blue;core;red,157,992,ok,0.7247632390425547,1.9861494964787243,0.6350912958327292,0.14219534575321716,0.1088164269579725,0.473751466331365,0.1961955823546786,0.15014065434903123,0.6536637632962902,0.12140739170995554,0.020787954043261624,0.0,0.035546880420066804,0.015546277559266282,0.0,0.057723268978639414,0.10036283756039416,0.11468425493063192,0.02240397474569094,0.23630039909464795,0.16751317557212234,0.028682406782556274,0.0,0.04904619675112917,0.021450146367527723,0.0,0.07964431123037433,0.13847672198851868,0.15823685412374813,0.0309121290082091,0.32603805817581416,,,,,,,,,,,,,,,,,,,,,,,,,,
continuum_wings,gap_limited,continuum,blue;core;red,158,990,ok,0.7335498518923305,1.9847682195181493,0.63041031961385,0.13873226506520434,0.11101775455905219,0.4837998322680739,0.1891245219494193,0.15134316266666936,0.6595323153839112,0.11513940315046557,0.023592861914738764,0.0,0.03240608594488918,0.018496590158998974,0.0,0.06011507845516403,0.10979163778488682,0.11685189665392995,0.02016897859404699,0.23698731923521013,0.15696193360743202,0.03216258834198728,0.0,0.0441770738025392,0.025215178097689646,0.0,0.08195091076644051,0.14967167875729037,0.15929646274549494,0.0274950346483164,0.32306913923280955,,,,,,,,,,,,,,,,,,,,,,,,,,
continuum_wings,gap_limited,continuum,blue;core;red,159,988,ok,0.7405081964798056,1.984029045849961,0.6267654457838145,0.13514936319320803,0.11159838186141176,0.49376045142518576,0.18250893620850514,0.15070512708964345,0.6667859367018514,0.10911386769689078,0.02603549549631724,0.0,0.028179944962575962,0.0197810868370602,0.0,0.0636373500617756,0.11507757756573893,0.11772181903699644,0.023031061030981133,0.23792999379146929,0.1473499796701662,0.03515895653833894,0.0,0.038054872446431395,0.026712853323021455,0.0,0.08593740132019058,0.15540351627813104,0.15897436327729672,0.03110169629514589,0.32130636085127773,,,,,,,,,,,,,,,,,,,,,,,,,,
continuum_wings,gap_limited,continuum,blue;core;red,160,986,ok,0.7565645031603143,1.9829721626957806,0.6184694281679893,0.13079052220548007,0.11260572967563151,0.5131682512792027,0.17287425151344413,0.14883824076500535,0.6782875077215506,0.10358643031164437,0.027204091893835703,0.0,0.02339371181048102,0.02188386551923269,0.0,0.0673281523459178,0.1096193650474194,0.12671438348098837,0.03070940542995638,0.2461250973208386,0.13691685226962683,0.03595739924381731,0.0,0.030920974633043212,0.028925313608845787,0.0,0.08899195252311634,0.1448909704189377,0.16748655660115985,0.04059059776354473,0.32531938293790824,,,,,,,,,,,,,,,,,,,,,,,,,,
continuum_wings,gap_limited,continuum,blue;core;red,161,984,ok,0.7844602745995495,1.9818751721473558,0.6041828034257322,0.12273729531069545,0.1164615984157796,0.5452613808730744,0.15646081679961457,0.1484607980630132,0.6950783851373722,0.09529396587997292,0.027443329430722533,0.0,0.024011903808964452,0.023387296101137045,0.0,0.06906239850567811,0.10944527688709607,0.12309669604801302,0.046246678174556584,0.2664727297634087,0.1214771084853449,0.034983708314269675,0.0,0.03060945797570441,0.029813231923153494,0.0,0.0880381081641553,0.1395166593272879,0.15691896713425202,0.058953499204487496,0.3396892594713447,,,,,,,,,,,,,,,,,,,,,,,,,,
continuum_wings,gap_limited,continuum,blue;core;red,162,982,ok,0.7825360805184792,1.9807375070896096,0.6049269134766594,0.11733351773422843,0.11605331326559974,0.549149249518651,0.14994007388961236,0.148304105273596,0.7017558208367916,0.0856358598687729,0.031697657865455524,0.0,0.022925177782613188,0.023889522469302447,0.0009330702867578956,0.06830554272692621,0.07124384820354183,0.12100468615667,0.09050580450379336,0.2663949106546458,0.10943375264183827,0.040506321247774084,0.0,0.029296000981097026,0.03052833353508012,0.0011923671125038452,0.08728740364491501,0.09104225348477007,0.15463144661201667,0.11565703710917405,0.3404250836308308,,,,,,,,,,,,,,,,,,,,,,,,,,
continuum_wings,gap_limited,continuum,blue;core;red,163,980,ok,0.7730588225374404,1.9795585885216012,0.6094791904518753,0.10374518355014425,0.12061988713113661,0.5486937518561595,0.1342008919963134,0.15602937786185708,0.7097697301418295,0.07413070787269829,0.029614475677445965,0.0,0.02492647679235778,0.02526872138520747,0.006501645913038969,0.0639230430405324,0.06642631397657084,0.10689687369362574,0.09887630340447495,0.276494260781488,0.09589271309183983,0.038308178904473585,0.0,0.03224395875923213,0.03268667357325667,0.00841028615610177,0.08268845937326652,0.08592659709714873,0.13827780057247657,0.1279026906127654,0.35766264185943875,,,,,,,,,,,,,,,,,,,,,,,,,,
continuum_wings,gap_limited,continuum,blue;core;red,164,978,ok,0.7537523745945753,1.9791805541560121,0.6191593672382467,0.08971400889638083,0.12374538579727123,0.5402929799009234,0.11902318575730625,0.16417246561091206,0.7168043486317819,0.0621491295887536,0.02756487930762723,0.0,0.025905377050798283,0.027085780043232276,0.01105842458994592,0.05969580411329475,0.09620205240270324,0.09506693873489255,0.072968191108687,0.2760557976546406,0.08245298016100058,0.03657020559630567,0.0,0.034368551163413766,0.03593458668412294,0.014671163849923485,0.07919816391345186,0.12763084488383594,0.1261248945133031,0.0968065820660728,0.36624202716857,,,,,,,,,,,,,,,,,,,,,,,,,,
continuum_wings,gap_limited,continuum,blue;core;red,165,976,ok,0.7341462061604561,1.979119995827197,0.6290542222258888,0.07226910681655686,0.12657460794253,0.5353024914013693,0.09843966530116702,0.17241062731156534,0.7291497073872677,0.04516439792617761,0.027104708890379258,0.0,0.02616816609423358,0.029421838042890454,0.015060288564324753,0.0559243152410812,0.09290725923424181,0.0789066952800618,0.09833139863952968,0.26515713824753595,0.061519623131181055,0.03692004216998598,0.0,0.03564435241188759,0.04007626518533009,0.020514018104226442,0.07617599161012117,0.12655143955608192,0.10748090042273656,0.13393980356283175,0.36117756384561744,,,,,,,,,,,,,,,,,,,,,,,,,,
continuum_wings,gap_limited,continuum,blue;core;red,166,974,ok,0.7253450881325406,1.9786233092900938,0.6334092069335092,0.06633685196715566,0.12669433734402424,0.5323138988213607,0.09145557480501486,0.1746676711773275,0.7338767540176576,0.03929969410219388,0.027037157864961785,0.0,0.026932115657553164,0.029610094956581623,0.01555374888098246,0.054598377848907004,0.13765235218304037,0.06856476146296167,0.06098329505339216,0.2651134901219665,0.05418068550429439,0.03727488930072047,0.0,0.03713007242785922,0.040822079643242914,0.02144324010110393,0.07527227900512144,0.18977498357014788,0.0945270914282844,0.08407487146621281,0.36549980755301253,,,,,,,,,,,,,,,,,,,,,,,,,,
continuum_wings,gap_limited,continuum,blue;core;red,167,972,ok,0.7090444165656753,1.978062424944227,0.6415459857968714,0.06659684254485593,0.12746143133796595,0.5149861426828535,0.09392478240985823,0.17976508715115144,0.7263101304389904,0.03889868723259991,0.027698155312256015,0.0,0.024157750775803934,0.029864208088827716,0.020211228179686888,0.053228244293647406,0.09060906702404276,0.07564212437273998,0.0935120955529504,0.2552228557331203,0.05486072003924583,0.03906406237061239,0.0,0.03407085679175688,0.04211895248181754,0.028504883061602704,0.07507039481597431,0.12779039635191894,0.10668178552074337,0.13188467939129286,0.35995326917503523,,,,,,,,,,,,,,,,,,,,,,,,,,
continuum_wings,gap_limited,continuum,blue;core;red,168,970,ok,0.6986994315828144,1.977160018802655,0.6466146265662929,0.07102028505299815,0.12304245021033369,0.5046366963194826,0.10164640450917607,0.1761021186629517,0.7222514768278723,0.039860072076256345,0.031160212976741798,0.0,0.02148102956523772,0.02869697059172841,0.02248638569800177,0.05037806435536579,0.09853540685365805,0.0749478382540637,0.07966776010281408,0.2514856911089468,0.05704895449243237,0.044597450016743694,0.0,0.03074430662778011,0.04107198216365954,0.0321832030792722,0.07210262679223985,0.1410268885297912,0.1072676387960971,0.11402293533048528,0.3599340141714987,,,,,,,,,,,,,,,,,,,,,,,,,,
continuum_wings,gap_limited,continuum,blue;core;red,169,968,ok,0.6972364444524649,1.9761891223314718,0.6471813165180094,0.07007520533925866,0.11973614425812554,0.5074250948550807,0.10050422047902022,0.17172961225822544,0.7277661672627543,0.038724375740107175,0.03135082959915149,0.0,0.019241443516682777,0.028254413896317297,0.024385398437929667,0.04785488840719579,0.09064805755227903,0.0768989700982231,0.07824723200113906,0.2616308352034395,0.055539804392349526,0.04496441608667069,0.0,0.02759672657643843,0.04052343236089057,0.03497436003518054,0.06863509328571588,0.13001049826571293,0.11029109380335295,0.112224816450302,0.37523975874338644,,,,,,,,,,,,,,,,,,,,,,,,,,
continuum_wings,gap_limited,continuum,blue;core;red,170,966,ok,0.6838807110889127,1.9748359598259018,0.6537025226393205,0.0670962944207405,0.11824823112121358,0.4985361855469586,0.09811110816959008,0.1729076858052221,0.7289812060251878,0.03613645548887209,0.030959838931868405,0.0,0.016797918217036564,0.02858804619072779,0.02668802432584599,0.04617424238760324,0.10383369499949836,0.06535328075625157,0.0817522264369684,0.2475969833542403,0.05284029056958432,0.045270817600005765,0.0,0.024562643666744145,0.04180267951293482,0.03902438523723215,0.06751797738831097,0.15183012668125792,0.0955623980857604,0.11954164682726318,0.36204703443090636,,,,,,,,,,,,,,,,,,,,,,,,,,
continuum_wings,gap_limited,continuum,blue;core;red,171,964,ok,0.6721280159803164,1.973968868259369,0.6595042471095572,0.06574638268093676,0.11697358897053424,0.4894080443288454,0.09781824461675494,0.1740346871271616,0.7281470682560834,0.03356241609840273,0.03218396658253403,0.0,0.01235371627544075,0.029845118461005148,0.02735634396423653,0.047418410269851816,0.10171405062575414,0.07827211649960136,0.07556728544809635,0.23385459175539353,0.049934559042969014,0.047883685573785924,0.0,0.018380004971854255,0.04440391971680463,0.040701091628112814,0.07054967081038992,0.15133136576281755,0.11645417932094294,0.11242989973848877,0.3479316234338342,,,,,,,,,,,,,,,,,,,,,,,,,,
continuum_wings,gap_limited,continuum,blue;core;red,172,962,ok,0.6676376123282439,1.974490845294273,0.6618684690692022,0.05964548009557595,0.11829452552270091,0.4896976067099671,0.08933810647302366,0.17718373461640957,0.7334781589105668,0.029209593916000483,0.030435886179575464,0.0,0.008427192575025767,0.032396100017463375,0.02871220615161377,0.048759026778598,0.04945759225186393,0.08389567711433801,0.12213337020217326,0.23421096714159187,0.043750671586848214,0.04558743488617544,0.0,0.012622405357957183,0.048523479533288845,0.04300567496712186,0.07303217475804169,0.07407849908184638,0.12566050139351753,0.18293362738546012,0.3508055310497427,,,,,,,,,,,,,,,,,,,,,,,,,,
continuum_wings,gap_limited,continuum,blue;core;red,173,960,ok,0.6664244276458042,1.9741855863520859,0.6624307095275772,0.048557333141253274,0.12329679521453328,0.4945702992900177,0.07286247491375099,0.18501241866251622,0.7421251064237329,0.021913890382002272,0.026643442759251002,0.0,0.006709948189172895,0.037019843185069304,0.028129991687356564,0.051437012152934516,0.0718155503246433,0.10118633633987578,0.09014906781602967,0.23141934480946896,0.03288278381303456,0.03997969110071643,0.0,0.010068580788486858,0.05554994932560434,0.0422103250127369,0.07718356353568812,0.10776248190411819,0.15183467493429725,0.13527275423334678,0.34725519535197064,,,,,,,,,,,,,,,,,,,,,,,,,,
continuum_wings,gap_limited,continuum,blue;core;red,174,958,ok,0.6585961212429055,1.9736636933121976,0.6663078297105401,0.04336832322644452,0.1247845256943276,0.49044327232213336,0.06584964871126121,0.1894704837599616,0.7446798675287772,0.01634659455499548,0.027021728671449044,0.0,0.0054059440907576395,0.04101833368606811,0.02467908142524255,0.05368116649225931,0.04793864273536011,0.0984329883810745,0.1237880191047463,0.2202836221009524,0.024820362628534945,0.04102928608272627,0.0,0.008208284131032412,0.06228146866194434,0.03747225443518872,0.08150847653179612,0.07278913614749218,0.1494588036675821,0.18795740684159057,0.3344745208721123,,,,,,,,,,,,,,,,,,,,,,,,,,
continuum_wings,gap_limited,continuum,blue;core;red,175,956,ok,0.6698334198869711,1.9724933651678531,0.6604128400553985,0.03774548305140203,0.1279433612518308,0.5041445755837383,0.0563505521384276,0.19100773035991575,0.7526417175016566,0.00901025184597704,0.02873523120542499,0.0,0.004092575723507486,0.04479498902855677,0.022396027622658778,0.05665976887710779,0.05411640189977862,0.09004794043174609,0.13452820508501337,0.22545202816720022,0.013451481485497465,0.04289907065293013,0.0,0.006109841047044315,0.06687481946797393,0.033435219799032904,0.08458785004586462,0.08079083589007895,0.13443333485352366,0.20083829962935248,0.33657924712870163,,,,,,,,,,,,,,,,,,,,,,,,,,
continuum_wings,gap_limited,continuum,blue;core;red,176,954,ok,0.6761043156191655,1.9725628300730682,0.657245738735698,0.03636751709079103,0.12703947076753294,0.5126973277608415,0.05378980173715685,0.18789921589421038,0.7583109823686328,0.00723580813595126,0.026931735290889894,0.002199973663949874,0.0032709072741098836,0.04403836801325917,0.021438176720110634,0.05829201876005325,0.05851043449038154,0.08048592897416276,0.13927384942382098,0.23442711487247625,0.010702206699161242,0.0398336982455529,0.0032538967924427066,0.004837873680948832,0.0651354635607222,0.03170838615410685,0.08621749249843251,0.08654054284034354,0.11904365512066735,0.20599461681630626,0.34673216759131564,,,,,,,,,,,,,,,,,,,,,,,,,,
continuum_wings,gap_limited,continuum,blue;core;red,177,952,ok,0.6745066247861625,1.9720015765728305,0.6579583744763808,0.038819930544626007,0.12607750915642174,0.5096091850851148,0.057553075267323,0.18691811840453285,0.7555288063281441,0.007082867721560582,0.0235746218828672,0.008162440940198227,0.0022339218123384667,0.04115701224165801,0.023201745379957776,0.05948482972246749,0.07996389667505124,0.08516224333779292,0.10931841665160692,0.23516462842066368,0.010500812684836193,0.03495091229139671,0.012101350291090097,0.0033119345759527307,0.061017951090852424,0.034398098591416175,0.08819013414631154,0.11855168464861562,0.1262585721300984,0.1620716722927131,0.348646877256717,,,,,,,,,,,,,,,,,,,,,,,,,,
continuum_wings,gap_limited,continuum,blue;core;red,178,950,ok,0.6757854681161648,1.9720889261570642,0.6573250530679711,0.042593307075904474,0.12429950860610774,0.5088926524341526,0.06302785289929148,0.18393338488412295,0.7530387622165856,0.007074012231510396,0.02028154194496732,0.015237752899426759,0.0007179161458073492,0.03760170451248628,0.02601860251815452,0.059961285429659575,0.09615157229478347,0.06082585742029416,0.10731450350741038,0.2446007192116646,0.010467837154341415,0.030011805375905188,0.022548210369044884,0.0010623432726492757,0.05564148133771752,0.03850127554634251,0.08872828472741363,0.1422812073228177,0.09000764338696676,0.15879966138745596,0.3619502501193452,,,,,,,,,,,,,,,,,,,,,,,,,,
continuum_wings,gap_limited,continuum,blue;core;red,179,948,ok,0.675898271472738,1.9730204847592765,0.6574296735924904,0.04461422367481699,0.12433122927987769,0.5069528185180432,0.06600730547454356,0.18394961864448642,0.7500430758809699,0.00808134486589582,0.013993729492542933,0.022539149316378237,0.0010796149222184292,0.03241155277777796,0.03053802366817884,0.06030203791170247,0.09590508071676317,0.057478870365755275,0.10263879688482304,0.25093007055070177,0.011956451446882828,0.02070389891965771,0.03334695510800303,0.0015973038662549309,0.04795330029052348,0.04518139039124703,0.08921762409646099,0.14189277405280576,0.08504071217775508,0.1518553918789877,0.37125419777142143,,,,,,,,,,,,,,,,,,,,,,,,,,
continuum_wings,gap_limited,continuum,blue;core;red,180,946,ok,0.6922345123878999,1.973935559964052,0.6493125072429125,0.04690441690259975,0.12613723938679966,0.5191928560985004,0.06775798672735986,0.1822174958478775,0.7500245174247625,0.007423649859216267,0.009426206981450809,0.03005456006193268,0.003335201648425978,0.029074647395622686,0.03486662911181939,0.05886076123093161,0.09070771035317407,0.05109294606597257,0.11100522914623238,0.26638697053312144,0.010724183389250545,0.013617071689960394,0.04341673164814893,0.004818022778033736,0.04200115260842476,0.05036823285730885,0.08503008760411017,0.13103609937082303,0.07380872399690781,0.16035783706205853,0.38482185699497323,,,,,,,,,,,,,,,,,,,,,,,,,,
continuum_wings,gap_limited,continuum,blue;core;red,181,944,ok,0.6938300456730971,1.974215913530098,0.6485541217057612,0.05069871008544061,0.1286159064403787,0.5145154291472779,0.0730707907528808,0.1853709092629537,0.7415582999841656,0.007624210101263943,0.005018182394658552,0.038056317589518114,0.004061055296273641,0.02704950057489227,0.038186484500682946,0.059318866068529846,0.08631402888593571,0.05508951504318019,0.10776431617786508,0.2653475690402969,0.010988584522694687,0.007232581560791767,0.054849624669394345,0.005853098062846122,0.03898577287561979,0.05503723100321714,0.08549480732127064,0.12440226453756541,0.07939914880702068,0.1553180304743375,0.382438856165242,,,,,,,,,,,,,,,,,,,,,,,,,,
continuum_wings,gap_limited,continuum,blue;core;red,182,942,ok,0.6883634428636927,1.9751117174600228,0.6514812621592485,0.05765632563591285,0.1290012561697927,0.5017058610579872,0.08375855259839787,0.18740282841449074,0.7288386189871116,0.008497344396737447,0.00011063935015206793,0.049048341889023336,0.004704238616211654,0.023603472568374403,0.03974185465433126,0.06095169033087536,0.07067676195508422,0.06791094075610783,0.09783448434375522,0.2652836740030399,0.01234427029039667,0.00016072810271822692,0.07125355420528298,0.006833946028047819,0.03428925927585652,0.05773382515637282,0.08854579795421355,0.10267361331836355,0.09865564689720939,0.14212620579725943,0.38538315297427916,,,,,,,,,,,,,,,,,,,,,,,,,,
continuum_wings,gap_limited,continuum,blue;core;red,183,941,ok,0.6900526496461575,1.976318879887033,0.6508394183404458,0.06813405863018486,0.12504377080676854,0.4968748202092041,0.09873747845924855,0.1812090292978195,0.7200534922429319,0.01109092511333399,0.0,0.05704313351685087,0.0036907870637770987,0.020313174791037242,0.03639699723357627,0.06464281171837793,0.061232801769320756,0.07764546447764495,0.09017964008157432,0.2678169138806641,0.016072578112729732,0.0,0.08266490034651881,0.00534855864356096,0.02943713758863668,0.052745246688408166,0.09367808637721371,0.08873642004087583,0.11252107287387372,0.13068515877421277,0.3881108405539696,,,,,,,,,,,,,,,,,,,,,,,,,,
continuum_wings,gap_limited,continuum,blue;core;red,184,940,ok,0.6890870366152685,1.9774626912602207,0.6515296902132311,0.08252690544273353,0.12282947130214,0.483730659870395,0.11976267301166776,0.17824957483668094,0.7019877521516513,0.015609647444329558,0.0,0.06691725799840396,0.0017089825121537046,0.016982705986098582,0.03562986730635087,0.06850791549753685,0.07893218086922586,0.06946067818111708,0.07442129114963117,0.2609165096704209,0.022652649977283997,0.0,0.09711002303438375,0.0024800677147375576,0.024645226341096265,0.05170590275701814,0.09941837802382898,0.11454602492151558,0.10080102293362167,0.10799984210293904,0.37864086219357507,,,,,,,,,,,,,,,,,,,,,,,,,,
continuum_wings,gap_limited,continuum,blue;core;red,185,939,ok,0.7063834230033303,1.9780135124878173,0.6428824077572426,0.0995583923534463,0.1190235896121207,0.48780144103776335,0.1409410089638767,0.1684971443781454,0.6905618466579779,0.020339704002023916,0.0,0.07921868835142237,0.000558201692882436,0.01244510987784656,0.0327625288185623,0.0732577492228294,0.06318557328863739,0.08938904620020396,0.06847911801085443,0.2667477035380676,0.028794141169884192,0.0,0.11214686779399251,0.0007902247911044259,0.017618066155819012,0.04638065921658504,0.10370819421463691,0.08944939990238063,0.12654465448827856,0.09694326874164427,0.3776245235256745,,,,,,,,,,,,,,,,,,,,,,,,,,
continuum_wings,gap_limited,continuum,blue;core;red,186,938,ok,0.7275897171061099,1.9785454650058047,0.6322602993083442,0.11302380630703047,0.11796919762814251,0.4965967131709369,0.15534002700940777,0.16213697755013512,0.6825229954404571,0.025451250609050496,0.0,0.08757255569797998,0.0,0.01014600820260117,0.028174308279011094,0.07964888114653024,0.09872056249657452,0.047312304870845936,0.07335162896568097,0.2772122168378355,0.03498022307170505,0.0,0.12035980393770272,0.0,0.013944683334662221,0.03872279612618855,0.10946949808928436,0.13568163509679915,0.06502607686516552,0.10081454869569514,0.3810007347827973,,,,,,,,,,,,,,,,,,,,,,,,,,
continuum_wings,gap_limited,continuum,blue;core;red,187,937,ok,0.7359181625994149,1.979058488858389,0.6281473403932166,0.1251945593626516,0.11677591294396558,0.4939476902927977,0.170120219509787,0.15868056922455745,0.6711992112656555,0.028848158023668437,0.0,0.09634640133898315,0.0,0.007273524874022446,0.02568329861857757,0.08381908945136557,0.06533642252331678,0.060978208428084685,0.0874292222442693,0.280203837097127,0.039200225636191376,0.0,0.13091999387359562,0.0,0.009883605601376728,0.03489966673448969,0.11389729688869105,0.08878218509043866,0.08286004005213984,0.11880291408415745,0.38075407203891964,,,,,,,,,,,,,,,,,,,,,,,,,,
continuum_wings,gap_limited,continuum,blue;core;red,188,936,ok,0.7418408075310898,1.97908391804781,0.6251594989146244,0.13413878459010706,0.11301618253211024,0.49468584040887253,0.18081882693476042,0.15234559946659962,0.66683557359864,0.033535651391784195,0.0,0.10060313319832287,0.0,0.0042896013752525605,0.021869811286578354,0.08685676987027932,0.06567459082375794,0.042313569808316145,0.10526594307008376,0.2814317367067147,0.04520599440113538,0.0,0.13561283253362508,0.0,0.005782374509065798,0.029480464089543648,0.11708276086799019,0.0885292237324186,0.05703861175976468,0.14189829138736368,0.37936944671909295,,,,,,,,,,,,,,,,,,,,,,,,,,
continuum_wings,gap_limited,continuum,blue;core;red,189,935,ok,0.7452276123143063,1.9798275633601374,0.6235896367411533,0.13894353526321432,0.11203185818925192,0.4942522188618401,0.18644442713512024,0.1503324036012792,0.6632231692636006,0.037752760571104056,0.0,0.10119077469211027,0.001429363681639108,0.0012060196130548532,0.018568919990119344,0.09082755490443861,0.06557222249553522,0.04861927005933168,0.09975840635747948,0.28030231994949373,0.05065936895958908,0.0,0.13578505817553116,0.001918022974484554,0.0016183238424426546,0.024917112145715473,0.12187894463863651,0.08798952348518127,0.06524083280857564,0.13386300334159584,0.3761298096282478,,,,,,,,,,,,,,,,,,,,,,,,,,
continuum_wings,gap_limited,continuum,blue;core;red,190,934,ok,0.7611125417007474,1.9800605257799573,0.6156114766234729,0.14651124003476665,0.11290785521812213,0.5016934464478586,0.19249615793661645,0.14834580831610447,0.6591580337472791,0.04074935291422089,0.0,0.10576188712054577,0.0018573191281309603,0.0,0.019066991141931645,0.09198354494805952,0.06650107814225353,0.0547186362119433,0.09882794172728214,0.2816457903663796,0.05353919516706983,0.0,0.13895696276954664,0.0024402687202876457,0.0,0.0250514741214557,0.1208540654743611,0.08737351508313508,0.07189296354212155,0.12984668667585705,0.37004486844616535,,,,,,,,,,,,,,,,,,,,,,,,,,
continuum_wings,gap_limited,continuum,blue;core;red,191,933,ok,0.7747245287043987,1.980777205830094,0.6088785117154604,0.14726425651823033,0.11658560760042516,0.5108746645857432,0.1900859609602215,0.15048653202628773,0.6594275070134907,0.04295438369254564,0.0,0.10430987282568469,0.0033463688322076823,0.0,0.019004898852296184,0.0942343399159213,0.07145310186489952,0.05777054005744994,0.10007610687780981,0.2815749157855838,0.055444718865917265,0.0,0.13464124209430423,0.004319430595290357,0.0,0.02453116965856083,0.12163593177243655,0.09223033377346818,0.0745691376960296,0.12917637582118496,0.36345165972280785,,,,,,,,,,,,,,,,,,,,,,,,,,
continuum_wings,gap_limited,continuum,blue;core;red,192,932,ok,0.7792276219677805,1.981662252384842,0.6067808119017368,0.14454614264682858,0.1184883798391077,0.5161930994818442,0.18549925409703363,0.15205875215240633,0.66244199375056,0.044480822429255565,0.0,0.100065320217573,0.004222308117332674,0.0,0.02015406880203905,0.09411200291973598,0.07777111995860603,0.057020814786989976,0.10444883370240812,0.27695233103384004,0.057083220839795584,0.0,0.12841603325723802,0.005418581167169223,0.0,0.02586416116916397,0.12077600981607313,0.09980539416994859,0.0731760697124616,0.13404149282932745,0.3554190370388223,,,,,,,,,,,,,,,,,,,,,,,,,,
continuum_wings,gap_limited,continuum,blue;core;red,193,931,ok,0.7782325344260812,1.9824828914098438,0.60744552308716,0.14048067132729508,0.12021582514723524,0.5175360379515508,0.18051246268044369,0.1544728854543329,0.6650146518652232,0.04586864102327518,0.0,0.09461203030401989,0.0040167588638982624,0.0,0.020662465269630385,0.09553660101370659,0.10837552653461877,0.04983609875949181,0.08326111517986469,0.2760632974775756,0.058939505860034075,0.0,0.1215729568204096,0.005161386457404379,0.0,0.026550503038103152,0.12276099595882538,0.13925854001277632,0.06403754219327795,0.1069874510467065,0.3547311186124626,,,,,,,,,,,,,,,,,,,,,,,,,,
continuum_wings,gap_limited,continuum,blue;core;red,194,930,ok,0.7800630178628181,1.9828088761892153,0.6065868842780276,0.13270167687397372,0.12224570323899836,0.525115637749846,0.17011661088298208,0.1567125994178287,0.6731707896991893,0.04513459094706214,0.0010503969437999907,0.0865166889831116,0.006202589505534467,0.0,0.02078662668924862,0.09525648704421527,0.0977358506676314,0.0396685461852065,0.10526655823365745,0.28244468266335065,0.05786018554080397,0.0013465539574966925,0.11090987138468142,0.00795139541742159,0.0,0.026647368498764232,0.12211383550164287,0.12529225002282987,0.05085300197141587,0.13494622334752143,0.3620793143574221,,,,,,,,,,,,,,,,,,,,,,,,,,
continuum_wings,gap_limited,continuum,blue;core;red,195,929,ok,0.7856805107266454,1.983523506510434,0.6038965466515489,0.12458979279149313,0.12284328758771726,0.5382474303474349,0.15857564377696587,0.15635272341693227,0.6850716328061018,0.04120710960803179,0.0027271587030539214,0.08065552448040741,0.005886536579096377,0.0,0.02084799686501432,0.09610875414360656,0.12360543310908512,0.04901709186229361,0.08624827349838461,0.2793766318776716,0.05244766676205438,0.003471078467418873,0.10265689854749262,0.007492277711778988,0.0,0.02653495483263651,0.12232549087251676,0.1573227685064598,0.06238807147826488,0.10977524874406894,0.35558554407730825,,,,,,,,,,,,,,,,,,,,,,,,,,
continuum_wings,gap_limited,continuum,blue;core;red,196,928,ok,0.7906465848167444,1.9842535398612382,0.6015395366904562,0.11861149647650021,0.12859906132492005,0.5434360270153241,0.15001835049220116,0.16265049871141435,0.6873311507963844,0.036496502191107484,0.003942071641718978,0.07817292264367375,0.0074562920912672566,0.0,0.020952893615563566,0.10018987561808922,0.11174149317723184,0.06872262537967813,0.0952463026293114,0.26772560582910276,0.04616032357815929,0.00498588334841498,0.09887214356562687,0.009430625812410828,0.0,0.02650096012293535,0.12671891277606817,0.14132925547655556,0.08691952472748189,0.12046634293802398,0.33861602765432297,,,,,,,,,,,,,,,,,,,,,,,,,,
continuum_wings,gap_limited,continuum,blue;core;red,197,927,ok,0.7915943163066854,1.984692611513526,0.601150167177282,0.10975561593475958,0.13334386393493175,0.5484948364369939,0.13865134409610544,0.16844974905462898,0.6928989068492654,0.03451442384164433,0.004769896418794921,0.07047129567432033,0.008969477520568703,0.0,0.022568134763294702,0.10180625165106834,0.12604473369887692,0.06268274487588621,0.09768161727324803,0.2620857405889828,0.04360115166399514,0.006025683005216186,0.08902450942689412,0.01133090187208176,0.0,0.028509723097293167,0.12860912408525405,0.15922895238429646,0.07918544080551633,0.12339858341706876,0.3310859302423839,,,,,,,,,,,,,,,,,,,,,,,,,,
continuum_wings,gap_limited,continuum,blue;core;red,198,926,ok,0.8042324145365574,1.9852339470748397,0.5948928761159209,0.09576486446155587,0.13884102293317047,0.5696265271418308,0.11907610627301166,0.17263793453684437,0.7082859591901437,0.03291366674715093,0.004222578074253814,0.05862861964015112,0.011447101586717945,0.0,0.023784483143438114,0.10360943820301441,0.14193568790987882,0.05944775380929859,0.10567894657673256,0.2625641388459209,0.04092556598345714,0.005250445018045056,0.07290009527150945,0.014233574001508494,0.0,0.02957414139685483,0.12883021913848103,0.17648590798428576,0.07391862443589224,0.13140349066585502,0.32647793610411074,,,,,,,,,,,,,,,,,,,,,,,,,,
continuum_wings,gap_limited,continuum,blue;core;red,199,925,ok,0.7887123056944302,1.9853475399566494,0.602733380518545,0.08238180275704146,0.14610430522257142,0.5602261977148173,0.10445101738904343,0.18524410506557562,0.710304877545381,0.03073528574328264,0.0036707642860117364,0.04797575272774709,0.013615453045078593,0.0,0.03191974691694012,0.10056910526055271,0.13924727169683668,0.10759475821714472,0.060989609427427316,0.2523945583734085,0.038968944089469264,0.004654123258264333,0.060827950041309836,0.0172628890747314,0.0,0.040470709898251224,0.12751050609259298,0.17655014469976468,0.1364182572533996,0.07732808146530484,0.32000839412691173,,,,,,,,,,,,,,,,,,,,,,,,,,
continuum_wings,gap_limited,continuum,blue;core;red,200,924,ok,0.7964366282753793,1.9861035789239991,0.5989954216250736,0.07319243691269037,0.1538808062588899,0.5693633851037991,0.09189988796871738,0.19321161382558036,0.7148884982057023,0.03081442723975583,0.004317357762962547,0.03806065190997199,0.0148729036071231,0.0,0.03880150261596157,0.10020640003580522,0.13034593459444752,0.10357827530192201,0.07531401348270478,0.2601251617247248,0.03869036925948778,0.0054208428011547445,0.047788675908074854,0.018674308889244835,0.0,0.04871888263097989,0.12581842230535564,0.16366140125511475,0.13005212420505144,0.09456372397863133,0.3266112487669048,,,,,,,,,,,,,,,,,,,,,,,,,,
continuum_wings,gap_limited,blue,continuum;core;red,0,1363,ok,1.0534054705856986,1.9954698918485572,0.4721015461627256,0.21702109069522582,0.3684785949460466,0.4679057849444261,0.20601857191282769,0.3497974951099986,0.44418393297717373,,0.21702109069522582,0.0,,,0.01745580286558964,,,,0.17485444798316305,,,0.20601857191282769,0.0,,,0.01657082989694759,,,,0.16598969045218945,,0.0,0.14330045310337325,0.0,0.20772233897708375,0.06930717284185503,0.040215823463243164,0.18352834065616486,0.0,0.13603541760961,0.0,0.19719124760344098,0.0657934430540976,0.03817696469801222,0.1742238347728745,,,,,,,,,,,,
continuum_wings,gap_limited,blue,continuum;core;red,1,1356,ok,1.0331342642010766,1.9956260430148434,0.4823006706004494,0.2100457661513036,0.36938646487286797,0.45370203317690494,0.20330926330638366,0.3575396515945725,0.43915108509904377,,0.2100457661513036,0.0,,,0.01584021582461144,,,,0.17176672902120477,,,0.20330926330638366,0.0,,,0.015332194830321196,,,,0.1662578959705998,,0.0,0.14700164415533298,0.0,0.2065446048929235,0.07115073626884341,0.0388599978195713,0.17192457006728548,0.0,0.14228706688864826,0.0,0.19992038987560304,0.06886881863691195,0.03761369568903202,0.16641067480250002,,,,,,,,,,,,
continuum_wings,gap_limited,blue,continuum;core;red,2,1350,ok,1.0243102364075174,1.9955791123938664,0.4867102837237263,0.20099610326735207,0.3680132444743464,0.45530088866581886,0.19622580749782398,0.3592790849821537,0.44449510752002225,,0.20099610326735207,0.0,,,0.01393381788917495,,,,0.16735985405630965,,,0.19622580749782398,0.0,,,0.01360312275902263,,,,0.16338785663538585,,0.0,0.14610374060992973,0.0,0.20797568597524174,0.067866032405762,0.04445725338123054,0.1756177488225167,0.0,0.1426362203724019,0.0,0.2030397418507292,0.06625534920336557,0.043402137166130415,0.17144976451514046,,,,,,,,,,,,
continuum_wings,gap_limited,blue,continuum;core;red,3,1344,ok,1.016278690838829,1.9954071158731237,0.49069105609853086,0.1841745319319092,0.37049125743003564,0.46161290147688416,0.18122443537598223,0.3645567507907057,0.45421881383331203,,0.1841745319319092,0.0,,,0.011706134375042983,,,,0.19796913111957493,,,0.18122443537598223,0.0,,,0.011518626219920862,,,,0.19479807350498773,,0.0,0.14837522323936292,0.0,0.21040989981562971,0.06594973104485044,0.025608683761223307,0.17208535555123547,0.0,0.1459985578531565,0.0,0.20703956671762833,0.06489335222646064,0.02519848540766518,0.16932890269419845,,,,,,,,,,,,
continuum_wings,gap_limited,blue,continuum;core;red,4,1338,ok,1.0070325830404685,1.9951790607514892,0.49526706507176615,0.17049997847612447,0.3719063943099045,0.4646262102544395,0.16930929678694695,0.3693091967163878,0.46138150649666526,,0.17049997847612447,0.0,,,0.00846702778148185,,,,0.1927975120555075,,,0.16930929678694695,0.0,,,0.00840789853682579,,,,0.19145111618276184,,0.0,0.15738192761672326,0.0,0.20605743891169942,0.06947695022630816,0.03673721844068674,0.16561452953193712,0.0,0.15628285545791396,0.0,0.20461844272164809,0.06899175994538417,0.03648066513376203,0.1644579652347572,,,,,,,,,,,,
continuum_wings,gap_limited,blue,continuum;core;red,5,1332,ok,0.999990041864421,1.9948934445299493,0.49872508498816986,0.1526444015485678,0.37278163664624325,0.4745640036696098,0.15264592161735083,0.3727853488932894,0.47456872948935963,,0.1526444015485678,0.0,,,0.006678921969341135,,,,0.18719422631274996,,,0.15264592161735083,0.0,,,0.006678988479613946,,,,0.18719609043679838,,0.0,0.1636450095267667,0.0,0.20245770515013542,0.07398940811748231,0.05081467225775949,0.16256569698161807,0.0,0.16364663914218633,0.0,0.20245972127148915,0.07399014492137694,0.0508151782821943,0.16256731584899,,,,,,,,,,,,
continuum_wings,gap_limited,blue,continuum;core;red,6,1326,ok,1.008537792068852,1.9945487188668076,0.4943528916948024,0.13170603155981278,0.37775141820870145,0.4990803423003378,0.13059107213983442,0.3745535578134415,0.49485537004672403,,0.13132375290139647,0.00038227865841630797,,,0.00314560984962927,,,,0.17780442894796214,,,0.13021202966723444,0.00037904247259998574,,,0.0031189806414458304,,,,0.1762992228414417,,0.0,0.17366427208821458,0.0,0.2009415362708576,0.10322954377542876,0.047681702891599814,0.17036466668534714,0.0,0.17219411454276834,0.0,0.19924046262922734,0.10235565249733483,0.04727805270815734,0.1689224419997902,,,,,,,,,,,,
continuum_wings,gap_limited,blue,continuum;core;red,7,1320,ok,1.0035908796235693,1.9941432878723804,0.49673080880044473,0.11037449840942382,0.3811002065400059,0.5121161746741396,0.10997957499456701,0.37973661805590586,0.5102838069495272,,0.10983457519374208,0.0,,,0.0,,,,0.1683195771209211,,,0.10944158364107419,0.0,,,0.0,,,,0.16771732439821999,,0.0005399232156817376,0.1827676209425632,0.0007719076905002778,0.19756067790694243,0.10295678068004982,0.0632709771041641,0.17756883976900462,0.0005379913534928238,0.18211367266621273,0.0007691457805892057,0.1968537996091039,0.10258839809172762,0.06304459156493732,0.1769334928946423,,,,,,,,,,,,
continuum_wings,gap_limited,blue,continuum;core;red,8,1314,ok,1.0119506701604928,1.993853688137261,0.4924649305105822,0.09621135128552516,0.3868382047197995,0.5289011141551682,0.09507513965109217,0.38226982413920235,0.5226550362097055,,0.09250244166697025,0.0,,,0.0,,,,0.16145075159764882,,,0.09141003054259512,0.0,,,0.0,,,,0.1595440927689125,,0.003708909618554919,0.19290662410581377,0.0016935686302506916,0.19223801198373505,0.10526280471332984,0.0790695616787241,0.18311799616546542,0.003665109108497053,0.19062848594706625,0.0016735683667091163,0.18996776982542696,0.10401969959329681,0.07813578666456525,0.18095545718293105,,,,,,,,,,,,
continuum_wings,gap_limited,blue,continuum;core;red,9,1308,ok,1.0178447809681528,1.9935285704436685,0.48942553617798934,0.08237843008604696,0.3958697584235463,0.5395965924585593,0.08093417741719942,0.3889293984953219,0.5301364240874785,,0.07711133219691085,0.0,,,0.0,,,,0.13915660738269034,,,0.07575942190671171,0.0,,,0.0,,,,0.13671692382243927,,0.005267097889136113,0.20576183241822282,0.0030150600407042464,0.18709286596461927,0.11149908520045676,0.09562614815266544,0.19331475172274676,0.005174755510487718,0.20215443087747273,0.0029622002264789176,0.18381276739137026,0.10954429131561803,0.093949637450327,0.18992557149909417,,,,,,,,,,,,
continuum_wings,gap_limited,blue,continuum;core;red,10,1302,ok,1.022818759701198,1.993166972657341,0.48683739308727747,0.0647790067428909,0.4072521051182574,0.5507876478400497,0.063333807801702,0.3981664407849054,0.5384997514133927,,0.0590745922862073,0.0,,,0.0,,,,0.13307861887443545,,,0.05775665700877945,0.0,,,0.0,,,,0.13010967741079807,,0.005704414456683605,0.220431564907619,0.005036079015170548,0.18178446119546782,0.11506367385821359,0.1027052970215368,0.1999400580858639,0.0055771507929225595,0.21551380713041965,0.004923725701552215,0.1777289079529335,0.112496640061459,0.10041397466305829,0.19547945927807733,,,,,,,,,,,,
continuum_wings,gap_limited,blue,continuum;core;red,11,1296,ok,1.0462157522319258,1.9927679041790458,0.47499367586266267,0.04471370443493613,0.41807254933216753,0.5834294984648222,0.04273851195563338,0.3996045255868877,0.557656962457479,,0.03882604183691666,0.0,,,0.0,,,,0.12183579411848311,,,0.03711093218973985,0.0,,,0.0,,,,0.11645379440958224,,0.00588766259801947,0.2340433377661058,0.005739646203115291,0.17828956536294646,0.1128086945247271,0.1289386465528945,0.21984636326871748,0.005627579765893536,0.2237046586870955,0.005486101878002429,0.17041376502178981,0.10782545979074457,0.1232428839632987,0.2101348242938535,,,,,,,,,,,,
continuum_wings,gap_limited,blue,continuum;core;red,12,1290,ok,1.0687127943201191,1.9921065740204502,0.46352629510015103,0.03840272083692829,0.4215700790787863,0.6087399944044044,0.03593362130689085,0.3944652682360518,0.5696011104570572,,0.019607166058918508,0.0,,,0.0,,,,0.13235267875875173,,,0.018346525056240164,0.0,,,0.0,,,,0.12384307501712868,,0.018795554778009784,0.24225480979971484,0.005273918158528214,0.17404135112054325,0.08075836757371875,0.16042899579354963,0.2351999522783843,0.017587096250650684,0.22667905829070717,0.004934832058301792,0.16285137788704288,0.07556601549352147,0.15011422773843502,0.22007779220797202,,,,,,,,,,,,
continuum_wings,gap_limited,blue,continuum;core;red,13,1283,ok,1.0486833260493555,1.9915631442270472,0.47343706922416345,0.04885668175561066,0.41733004306786925,0.5824966012258759,0.046588594041697635,0.3979562110900082,0.5554551948682944,,0.010967569627983542,0.0,,,0.0,,,,0.09693301830315959,,,0.010458419005574386,0.0,,,0.0,,,,0.09243306906416619,,0.03788911212762712,0.24607555188757702,0.0037638529388997685,0.16749063824139246,0.08192214323516564,0.16328934070506215,0.24035209898248844,0.036130175036123244,0.23465191614574754,0.003589122517165516,0.15971517242709515,0.07811904814371963,0.15570891292818845,0.22919416473222007,,,,,,,,,,,,
continuum_wings,gap_limited,blue,continuum;core;red,14,1276,ok,1.0306384500206074,1.9909630370176157,0.4823417457491125,0.05878273448719749,0.4119472142633579,0.559908501270052,0.057035262449234396,0.3997009952958005,0.5432637422549651,,0.005426955642830911,0.0,,,0.0,,,,0.09587724774895787,,,0.005265625052822743,0.0,,,0.0,,,,0.09302704333128735,,0.053355778844366576,0.24804603726287577,0.003605516832395443,0.1602956601680867,0.0642692989558408,0.15881366796255098,0.24094828660270234,0.051769637396411654,0.2406722136729094,0.003498333321761236,0.15553044830112986,0.06235872429808508,0.1540925122281005,0.2337854623974922,,,,,,,,,,,,
continuum_wings,gap_limited,blue,continuum;core;red,15,1269,ok,1.024900960303704,1.9903044041272455,0.4850531616277557,0.06762976154390127,0.4063088056956269,0.5509623930641758,0.06598663106322084,0.3964371402044812,0.5375762287322979,,0.0026172085373715134,0.0,,,0.0,,,,0.0725172001001542,,,0.0025536209241095536,0.0,,,0.0,,,,0.07075532457171814,,0.06501255300652975,0.2477376343557557,0.0037710827980252676,0.1548000885418459,0.08418148533141999,0.15366364309021052,0.2406000645423912,0.06343301013911129,0.24171860887157795,0.00367946069336085,0.1510390706395423,0.08213621470944363,0.14993023622953394,0.23475445322160232,,,,,,,,,,,,
continuum_wings,gap_limited,blue,continuum;core;red,16,1262,ok,1.0143211730619845,1.9898743464443247,0.49025868147180574,0.07459758804300212,0.4001733893581584,0.5395501956608241,0.07354434672581119,0.39452335215495304,0.5319323011192358,,0.0015891607416620068,0.0,,,0.0,,,,0.058906901601301256,,,0.0015667234243614612,0.0,,,0.0,,,,0.058075196659334145,,0.07300842730134012,0.24653487180320452,0.003755726295935539,0.14988279125901835,0.09582437640013886,0.14810702062209688,0.23671189703728707,0.07197762330144973,0.24305405265176194,0.00370269929848544,0.14776660020470567,0.09447143463531259,0.1460159016251218,0.23336976819946728,,,,,,,,,,,,
continuum_wings,gap_limited,blue,continuum;core;red,17,1255,ok,0.9897658378199661,1.9894479732673118,0.5024922234108864,0.07177019455662222,0.39795956217545997,0.5200360810878839,0.07251229716586449,0.40207445738074366,0.5254132454533919,,0.0007909990551942623,0.0,,,0.0,,,,0.04941559259918862,,,0.000799177972172183,0.0,,,0.0,,,,0.04992654899873104,,0.07097919550142795,0.2432441133116744,0.004248214396585551,0.15046723446720003,0.10871018087849638,0.13397996302063359,0.2279303445895653,0.0717131191936923,0.24575925336788537,0.004292140862269568,0.1520230631505887,0.1098342423273961,0.13536531359350062,0.2302871405337641,,,,,,,,,,,,
continuum_wings,gap_limited,blue,continuum;core;red,18,1248,ok,0.9846965691828986,1.9890020675036915,0.5049293385508038,0.0722642694536629,0.39620526031105696,0.5162270394181787,0.07338734765129507,0.4023627914534405,0.5242498608952644,,0.0,0.0,,,0.0,,,,0.03487539603603648,,,0.0,0.0,,,0.0,,,,0.035417403825196724,,0.0722642694536629,0.2387831188648099,0.004656708071869331,0.15276543337437776,0.11663636283746864,0.12978380236465273,0.2349314781800208,0.07338734765129507,0.24249411071164,0.004729079208363108,0.1551396015334374,0.11844903951910132,0.1318008068946024,0.2385826106563639,,,,,,,,,,,,
continuum_wings,gap_limited,blue,continuum;core;red,19,1241,ok,0.9619697774689819,1.9885360164217287,0.5162422156175124,0.06884774404502413,0.3938690273754263,0.4992530060485314,0.07156954995630731,0.40944012649932376,0.5189903235443688,,0.0,0.0,,,0.0,,,,0.03241924632864337,,,0.0,0.0,,,0.0,,,,0.033700899017785106,,0.06884774404502413,0.23451225306033613,0.004937182108950745,0.15441959220613938,0.11874655057566401,0.11270961519464645,0.23537759394957758,0.07156954995630731,0.24378338961683005,0.00513236717471609,0.1605243697077776,0.12344104082780595,0.11716544306744678,0.24468294063133098,,,,,,,,,,,,
continuum_wings,gap_limited,blue,continuum;core;red,20,1234,ok,0.947514192775122,1.9880491856334808,0.5233949946398466,0.06780907344883315,0.3925027896912838,0.48720232963500504,0.07156523244283117,0.4142447603256518,0.5141900072315171,,0.0,0.0,,,0.0,,,,0.030373499217292984,,,0.0,0.0,,,0.0,,,,0.032055983381455974,,0.06780907344883315,0.2298492307935148,0.006577503712985332,0.15607605518478368,0.11876971005686035,0.10412570846558077,0.23393341189527095,0.07156523244283117,0.2425813064818819,0.006941852442041891,0.16472160140172795,0.1253487398526478,0.10989356070816493,0.24689172328924835,,,,,,,,,,,,
continuum_wings,gap_limited,blue,continuum;core;red,21,1228,ok,0.9412438348164756,1.987631777926817,0.5264495943015144,0.06368697981728917,0.39214117795911535,0.4854156770400711,0.06766257314153554,0.4166201822034514,0.5157172446550131,,0.0,0.0,,,0.0,,,,0.07363305651599468,,,0.0,0.0,,,0.0,,,,0.07822952330981452,,0.06368697981728917,0.22590131946078296,0.008441418017209826,0.15779844048112257,0.1167923107320755,0.05776683638543219,0.23722347340656874,0.06766257314153554,0.2400029738360298,0.008968364737130778,0.16764884363029078,0.1240829489787285,0.061372870927431475,0.25203190143903864,,,,,,,,,,,,
continuum_wings,gap_limited,blue,continuum;core;red,22,1222,ok,0.9428269416619592,1.98719387511746,0.5255485871471913,0.05868376488821682,0.39287652897250236,0.49126664780123996,0.06224235041986875,0.416700575272025,0.5210570743081061,,0.0,0.0,,,0.0,,,,0.0685822543480043,,,0.0,0.0,,,0.0,,,,0.07274108462271091,,0.05868376488821682,0.22462038197475298,0.01077515305650567,0.15748099394124374,0.12017346437096146,0.06196747910228512,0.2405434499799891,0.06224235041986875,0.2382413697033366,0.011428558710373583,0.16703064685831487,0.127460787405085,0.06572518917740358,0.25513001310290667,,,,,,,,,,,,
continuum_wings,gap_limited,blue,continuum;core;red,23,1216,ok,0.931431821081079,1.986734853889621,0.5311745705485088,0.050466712324598866,0.39390878460486867,0.4870563241516115,0.05418186407462866,0.42290672885501496,0.5229114070703564,,0.0,0.0,,,0.0,,,,0.07566606552644772,,,0.0,0.0,,,0.0,,,,0.08123628999342633,,0.050466712324598866,0.2234898539084004,0.011370145551177623,0.15904878514529064,0.12201011637502167,0.058642843500352156,0.23073729874978993,0.05418186407462866,0.23994225755461507,0.012207168891847295,0.17075730240855258,0.13099199921407986,0.0629598883923544,0.2477232294704958,,,,,,,,,,,,
continuum_wings,gap_limited,blue,continuum;core;red,24,1210,ok,0.9184229188807669,1.9862540695199022,0.537610553969701,0.05152087627952435,0.38475914204987394,0.4821429005513685,0.05609711519646101,0.41893460424393525,0.5249682805596037,,0.0,0.0,,,0.0,,,,0.07643516770719376,,,0.0,0.0,,,0.0,,,,0.08322436879116783,,0.05152087627952435,0.2104944624264027,0.01146088497816231,0.16280379464530895,0.11549524825829557,0.06367972856187273,0.2265327560240064,0.05609711519646101,0.22919121256568936,0.012478875191974825,0.17726451648627112,0.12575388297043313,0.06933595324415012,0.2466540755538525,,,,,,,,,,,,
continuum_wings,gap_limited,blue,continuum;core;red,25,1204,ok,0.9201596506976268,1.9856969452580777,0.5366062012156632,0.05670932054295891,0.37576380573579826,0.48768652441886984,0.06162987096854796,0.4083680537946972,0.530002075236755,,0.0,0.0,,,0.0,,,,0.06955977129905745,,,0.0,0.0,,,0.0,,,,0.07559532875226611,,0.05670932054295891,0.19963408403463173,0.011686740293218086,0.16444298140794847,0.11213210315917313,0.07956613387630468,0.22642851608433454,0.06162987096854796,0.21695592051148674,0.012700774571410172,0.17871135871180033,0.12186157377598467,0.08646992270958734,0.24607524999891686,,,,,,,,,,,,
continuum_wings,gap_limited,blue,continuum;core;red,26,1198,ok,0.9250329367260879,1.9852297578846052,0.5340423781921659,0.0656729829328172,0.367714490690847,0.49164546310242374,0.07099529143821576,0.3975150246998515,0.5314896838619328,,0.0,0.0,,,0.0,,,,0.059145080525316654,,,0.0,0.0,,,0.0,,,,0.06393835092471971,,0.0656729829328172,0.19050211202852055,0.011890021182666511,0.16532235747965993,0.11202337915056643,0.08853990838913844,0.2319370950374022,0.07099529143821576,0.20594089622662837,0.012853619271923583,0.17872050920129953,0.12110204372510656,0.09571541171550312,0.2507338774966034,,,,,,,,,,,,
continuum_wings,gap_limited,blue,continuum;core;red,27,1192,ok,0.9390006236037207,1.9847327875973346,0.526888138558736,0.07021304003223452,0.36348979593113356,0.5052977876403526,0.07477422087620039,0.3871028269780302,0.5381229521457693,,0.0,0.0,,,0.0,,,,0.05159939479777343,,,0.0,0.0,,,0.0,,,,0.054951395665472455,,0.07021304003223452,0.18037942721873754,0.013882242471591616,0.1692281262408044,0.10843143818606885,0.10622140752428244,0.23904554713222786,0.07477422087620039,0.19209723900552136,0.014784060971454937,0.1802215270010539,0.11547536333887393,0.1131217646231407,0.25457442851828227,,,,,,,,,,,,
continuum_wings,gap_limited,blue,continuum;core;red,28,1186,ok,0.9411475877777573,1.9842051776731353,0.5256803084843282,0.07932928102793661,0.35464718810592216,0.5071711186438986,0.0842899477809313,0.3768242013384075,0.5388858508806613,,0.0,0.0018367173235405941,,,0.0,,,,0.10483359702796333,,,0.0,0.0019515720460777685,,,0.0,,,,0.1113891151498321,,0.07749256370439601,0.16714426245807493,0.011031020042655354,0.17647190560519188,0.05321666037514058,0.10318642632598429,0.24593443491481043,0.08233837573485352,0.17759622893231533,0.011720818483636404,0.18750715392245576,0.05654443688348183,0.1096389425697075,0.26131335627763985,,,,,,,,,,,,
continuum_wings,gap_limited,blue,continuum;core;red,29,1180,ok,0.9374895578118863,1.983646043889231,0.5273907052622356,0.08123274733900049,0.3491424549890023,0.5071143554838835,0.0866492289563191,0.3724227668240974,0.5409280042195835,,0.0,0.0024323897774032816,,,0.0,,,,0.0925855653445405,,,0.0,0.0025945779951731017,,,0.0,,,,0.09875903637864139,,0.0788003575615972,0.15726562754422596,0.010617738465400114,0.18125908897937626,0.06335468022467713,0.10557375141908137,0.24560035849558448,0.08405465096114599,0.16775187119020946,0.011325713846010258,0.19334518178787774,0.06757907829133356,0.1126132558377418,0.2619766337118668,,,,,,,,,,,,
continuum_wings,gap_limited,blue,continuum;core;red,30,1174,ok,0.9324348113841594,1.9830544734726285,0.5297986899213697,0.07932929576023588,0.3476684632433895,0.505437052380534,0.08507757839121745,0.37286087885038377,0.5420615427583988,,0.0,0.0029708348362051493,,,0.0,,,,0.10146974574042122,,,0.0,0.003186104594052074,,,0.0,,,,0.10882234822377958,,0.07635846092403073,0.15094036886634488,0.013545094013426694,0.18318300036361795,0.05540677338568841,0.10190697765963519,0.2466535555947892,0.08189147379716538,0.16187766375032736,0.014526585502872403,0.19645662959718402,0.0594216053596706,0.10929126241904102,0.26452632675590754,,,,,,,,,,,,
continuum_wings,gap_limited,blue,continuum;core;red,31,1168,ok,0.9274849734905571,1.9828256297369538,0.5322407782203428,0.07212807853834337,0.34629478686843623,0.5090621080837776,0.07776738232953993,0.37336970060567987,0.5488629170647803,,0.0,0.0024158290604787322,,,0.0,,,,0.11136904919130289,,,0.0,0.0026047096497820816,,,0.0,,,,0.12007639193567674,,0.06971224947786464,0.14833443459764603,0.015039508223669378,0.18292084404712083,0.051304163713997236,0.09310268790960122,0.25328620726887624,0.07516267267975786,0.15993190061009246,0.016215365912688285,0.1972224340828991,0.055315358394342304,0.10038188280206041,0.2730892839327008,,,,,,,,,,,,
continuum_wings,gap_limited,blue,continuum;core;red,32,1162,ok,0.9388378646318993,1.9825798684083278,0.5264564724014968,0.06881005092550195,0.3435199466360954,0.526507867070302,0.07329279476012728,0.36589911802373154,0.5608080872161412,,0.0,0.0035984127248440746,,,0.0,,,,0.10257317570583949,,,0.0,0.0038328372346325685,,,0.0,,,,0.1092554737830653,,0.06521163820065788,0.14519606448984235,0.015434108505341876,0.18288977364091122,0.05064174536980035,0.10868782987183517,0.26460511612282694,0.0694599575254947,0.15465510069384664,0.016439588864892343,0.19480442846499257,0.053940885085260196,0.11576847714216301,0.2818432512056527,,,,,,,,,,,,
continuum_wings,gap_limited,blue,continuum;core;red,33,1157,ok,0.9326281246271926,1.9820569061130417,0.5294645064171742,0.06512900366895275,0.3384625042022421,0.5290366167559977,0.06983384046560608,0.36291260714182155,0.5672535523925724,,0.0,0.0038643544982308385,,,0.0,,,,0.10969629223801877,,,0.0,0.004143510576389244,,,0.0,,,,0.11762061355577134,,0.06126464917072191,0.1408989804322367,0.013276293502549736,0.1842872302674557,0.04526327847213296,0.10493959796305563,0.2691374480827903,0.06569032988921683,0.1510773444544785,0.014235356142467591,0.19759990654487544,0.04853304042297292,0.11252030170653929,0.2885795967072888,,,,,,,,,,,,
continuum_wings,gap_limited,blue,continuum;core;red,34,1151,ok,0.9306734320614956,1.9817752763699807,0.5303839728154408,0.05932472578969791,0.33705623243101845,0.5342924738407793,0.06374386948845226,0.36216380614241817,0.5740923243691297,,0.0,0.0032153182248188385,,,0.0018747614468224492,,,,0.0968666472007827,,,0.0,0.0034548297115312753,,,0.0020144138451118608,,,,0.10408231702308023,,0.056109407564879074,0.13836691933667114,0.011777421635342246,0.1850371300121826,0.10672018591167762,0.06062818370170735,0.27007745702661157,0.06028903977692098,0.14867397582219619,0.012654730681689897,0.19882068579342022,0.11466985328600841,0.06514442296629486,0.29019573109374613,,,,,,,,,,,,
continuum_wings,gap_limited,blue,continuum;core;red,35,1147,ok,0.9358774515542484,1.98217067734069,0.527852236816563,0.049422570887696034,0.3369677858230226,0.5494870948435298,0.052808806116247414,0.36005545946577405,0.5871357344179785,,0.0,0.00010807575405105253,,,0.005577526817168581,,,,0.033340671839515376,,,0.0,0.0001154806688328337,,,0.005959676459675103,,,,0.0356250402060069,,0.049314495133644984,0.13774235628478868,0.011975385247142879,0.1816725174739225,0.14894678723867266,0.09408567108052582,0.27311396468481597,0.052693325447414584,0.14717990700174957,0.012795890345744399,0.194119985658605,0.1591520203754358,0.10053204180127863,0.29182663203525727,,,,,,,,,,,,
continuum_wings,gap_limited,blue,continuum;core;red,36,1142,ok,0.9363014798075129,1.9820060604321816,0.527599083323032,0.050785230674550805,0.3306543140039083,0.5548619351290538,0.054240254629300974,0.3531494087480082,0.5926103366226908,,0.0023056679297134737,0.0,,,0.00756922962443906,,,,0.08907214052330314,,,0.002462527272932943,0.0,,,0.008084179922470229,,,,0.09513190189725515,,0.048479562744837335,0.13155106720489015,0.01136751966796932,0.18016649750660982,0.14011033079593263,0.05278433384208003,0.272895129967738,0.051777727356368035,0.14050075754652736,0.012140875469198535,0.1924235958098121,0.14964232548765902,0.05637536090718511,0.2914607483305916,,,,,,,,,,,,
continuum_wings,gap_limited,blue,continuum;core;red,37,1137,ok,0.9338726060298888,1.982356667896763,0.5289078796195316,0.04643384211044705,0.3237965319760735,0.563642231943368,0.049721816241990645,0.34672452097359235,0.6035536627844168,,0.001348199398574121,0.0,,,0.010128935385851514,,,,0.11265666553422257,,,0.001443665217149513,0.0,,,0.010846163941902088,,,,0.12063386890975682,,0.04508564271187293,0.12394446749945474,0.012218463853770605,0.17750466523699662,0.12933077338190446,0.05343893944705993,0.26821585358018113,0.04827815102484113,0.13272095861808358,0.01308365164036041,0.19007374677324623,0.13848866809758975,0.057222943581396374,0.28720818219567396,,,,,,,,,,,,
continuum_wings,gap_limited,blue,continuum;core;red,38,1132,ok,0.9458454061929349,1.9826952830337705,0.5229496865773392,0.04373804686531686,0.32033329649761466,0.5817740628300034,0.04624227868417126,0.3386740522290729,0.6150836690867559,,0.0006500878644382634,0.0,,,0.013360107237891045,,,,0.13142935998471938,,,0.0006873087929399507,0.0,,,0.014125043215747068,,,,0.13895437787632522,,0.0430879590008786,0.11898365664700701,0.013716400589524837,0.17427313202319172,0.11937329741479091,0.055345532826078084,0.27562587260441507,0.04555496989123131,0.12579609296398755,0.014501736224246086,0.1842511798250921,0.12620804270253122,0.05851435389303844,0.2914068946148611,,,,,,,,,,,,
continuum_wings,gap_limited,blue,continuum;core;red,39,1127,ok,0.9296872821912032,1.9830215443887396,0.5311764086366819,0.04327192257549663,0.31485030389956364,0.5715650557161429,0.04654459989331891,0.3386625910999719,0.6147928090067092,,0.0,0.0012741794103711395,,,0.016828337556169203,,,,0.15100998039093366,,,0.0,0.0013705462414931547,,,0.018101073208731083,,,,0.16243094133224503,,0.04199774316512549,0.11506209133067764,0.014401422486551671,0.16855845252616514,0.11437770585027902,0.051355545673040334,0.25482182380188995,0.04517405365182576,0.12376429530098004,0.015490609328987052,0.18130661326127373,0.12302814940169919,0.0552395914806957,0.2740941267920693,,,,,,,,,,,,
continuum_wings,gap_limited,blue,continuum;core;red,40,1122,ok,0.9091698701238702,1.983335079868726,0.5415954271408301,0.05214896105128409,0.3023421857988451,0.5546787232737409,0.05735887512877988,0.33254752025345097,0.6100936046177691,,0.0,0.004106978040093211,,,0.0165378034409022,,,,0.14554932939607806,,,0.0,0.004517283485795293,,,0.01819000385334921,,,,0.16009035734570443,,0.04804198301119088,0.1110254929987007,0.015417165743955998,0.15936172361528622,0.09922987766891461,0.054571588627414826,0.2553279275813334,0.05284159164298458,0.12211743552783375,0.016957409446328748,0.17528267142593928,0.10914338555389545,0.060023534017883476,0.28083632770028566,,,,,,,,,,,,
continuum_wings,gap_limited,blue,continuum;core;red,41,1117,ok,0.9048393013083251,1.983635506383869,0.5438480011089377,0.0606716297893742,0.2930030414079901,0.5511646301109607,0.06705238123680955,0.3238177662976522,0.6091298524655382,,0.0,0.009933464590249477,,,0.0148790404631295,,,,0.14653866703067614,,,0.0,0.010978153331631909,,,0.016443848583517096,,,,0.1619499361033423,,0.050738165199124725,0.10776073289888884,0.01971801610754695,0.15064525193842482,0.07676420642774967,0.07015424031185885,0.2577075163406761,0.056074227905177645,0.1190937802359772,0.02179173260825019,0.16648840486990768,0.08483739191782981,0.07753226480151938,0.28481025964284673,,,,,,,,,,,,
continuum_wings,gap_limited,blue,continuum;core;red,42,1112,ok,0.9113975038636168,1.9839224294748288,0.5406082968148918,0.07326798282240535,0.28241053198670385,0.5557189890545078,0.08039080918238865,0.3098653779382791,0.6097438128793323,,0.0,0.01350651704979362,,,0.014011012301917872,,,,0.06704572253924182,,,0.0,0.014819567743532859,,,0.015373108048378532,,,,0.07356364512193646,,0.05976146577261173,0.10430013321557957,0.02071097713818157,0.1433884093310248,0.06328842210121569,0.1569404083132684,0.26844443610078184,0.0655712414388558,0.11443978370955384,0.02272441722781018,0.15732806895253656,0.06944107464955958,0.1721975402038771,0.29454155290395917,,,,,,,,,,,,
continuum_wings,gap_limited,blue,continuum;core;red,43,1107,ok,0.8971494084660318,1.984195442925445,0.5478522986912713,0.08129737323532787,0.2720266917671911,0.5438253434635127,0.09061742945841332,0.3032122511592679,0.6061703193823187,,0.0,0.01542069969010524,,,0.01353575910867275,,,,0.07188473708485611,,,0.0,0.017188552480318673,,,0.015087519404172071,,,,0.0801257141859642,,0.06587667354522263,0.10069590509019088,0.021093788948207723,0.13670123862011974,0.09529699171086774,0.11928131551053833,0.25736229915725056,0.07342887697809465,0.11223983891642222,0.023512013438513443,0.15237287940016023,0.10622198578251185,0.13295590944488106,0.2868667099689616,,,,,,,,,,,,
continuum_wings,gap_limited,blue,continuum;core;red,44,1102,ok,0.8983323219076245,1.9848077766919598,0.5473958070615681,0.08441185179337622,0.26422595341708044,0.5496945166971676,0.09396506140859562,0.2941294073177641,0.6119055312736401,,0.0,0.018058882941480173,,,0.010186409301323631,,,,0.06618344369010179,,,0.0,0.020102675258452038,,,0.01133924389995521,,,,0.07367367518243147,,0.06635296885189605,0.09687541956184846,0.022564722165807946,0.13459940238810036,0.09471271698222762,0.12491420992696804,0.2638841460978702,0.0738623861501436,0.10783917844137213,0.025118457407712284,0.14983252756872442,0.10543171460323669,0.13905122512091128,0.2937489163670607,,,,,,,,,,,,
continuum_wings,gap_limited,blue,continuum;core;red,45,1097,ok,0.8990566353084765,1.9853857232913499,0.5471627378190289,0.09244057477231646,0.25460131887853404,0.552014741657626,0.10281952342256954,0.283187186301314,0.6139932902761165,,0.0,0.01947671327141123,,,0.005457874908472924,,,,0.06855865458234207,,,0.0,0.021663499835834647,,,0.006070668625453463,,,,0.0762562133350129,,0.07296386150090522,0.09316171377907514,0.020763613315482564,0.1352181168755034,0.09593640139446558,0.12378242531570192,0.26373726036511647,0.08115602358673489,0.10362162973983315,0.023094889131604412,0.15039999880442295,0.10670785090368497,0.13768034232151657,0.2933488837159021,,,,,,,,,,,,
continuum_wings,gap_limited,blue,continuum;core;red,46,1092,ok,0.9047425445848241,1.9859281299339226,0.5444233197830302,0.094276279352183,0.24600921183361707,0.564457053399024,0.10420232796219979,0.27191073671295946,0.6238869353248407,,0.0,0.020863810715673933,,,0.0020981239759990853,,,,0.07679598023690548,,,0.0,0.02306049476787686,,,0.0023190287541544653,,,,0.08488158393407516,,0.07341246863650906,0.08954563154502185,0.019727604328716265,0.1346378519838799,0.09663051832378655,0.12610561918567495,0.26492493565265696,0.08114183319432292,0.09897360534328946,0.02180466083615979,0.14881344177935577,0.10680443724256294,0.1393828774168494,0.2928180367313532,,,,,,,,,,,,
continuum_wings,gap_limited,blue,continuum;core;red,47,1087,ok,0.9116687094478595,1.9864338038386582,0.541052559775169,0.09662153457200581,0.23785470034377446,0.5771924745320791,0.10598316424671787,0.2609003664147123,0.6331164693385697,,0.0,0.019787314117419942,,,0.0,,,,0.07251211084520666,,,0.0,0.021704500672622487,,,0.0,,,,0.07953778614286619,,0.07683422045458586,0.08603540202865954,0.019416629454577713,0.1324026688605372,0.09964632708977698,0.12201168184659597,0.2830223547504995,0.08427866357409539,0.09437134469687546,0.021297900490998695,0.14523112122683818,0.10930102794701214,0.13383335479451827,0.3104443004541731,,,,,,,,,,,,
continuum_wings,gap_limited,blue,continuum;core;red,48,1082,ok,0.8989605412921235,1.9869015105702865,0.5475565665889149,0.10213330298997284,0.22707194458524987,0.5697552937169008,0.11361266518235744,0.2525938950099716,0.633793439807671,,0.0,0.019899707124783395,,,0.0005747414608034586,,,,0.06789615495986391,,,0.0,0.022136352165335858,,,0.0006393400315183493,,,,0.0755274028627254,,0.08223359586518944,0.08485018748370236,0.013909244920354053,0.12773777072039,0.10387500333422385,0.11218116611429421,0.28580296930851884,0.09147631301702157,0.09438699874606588,0.01547258670593212,0.14209496952645523,0.11555012546481608,0.12478986669765314,0.3179260447824763,,,,,,,,,,,,
continuum_wings,gap_limited,blue,continuum;core;red,49,1077,ok,0.8899288077770512,1.9871094764965307,0.5521490797044293,0.09949330506737991,0.21555783270955342,0.5748776700001178,0.11179917336972578,0.24221918745162804,0.6459816391786461,,0.0,0.01816990527024925,,,0.0,,,,0.055414230561717986,,,0.0,0.020417257101313268,,,0.0,,,,0.06226816131521455,,0.08132339979713066,0.08172959998579998,0.010733121449758009,0.12309511127399544,0.10346470221120235,0.10833097332246851,0.30766776390472894,0.09138191626841251,0.09183835748609144,0.012060651768952418,0.1383201781965842,0.11626177432062945,0.12172993207520488,0.3457217714675972,,,,,,,,,,,,
continuum_wings,gap_limited,blue,continuum;core;red,50,1072,ok,0.8860903195552449,1.9874963416989533,0.5541675720531049,0.09668751460650066,0.2110658327158036,0.5783369722329406,0.1091169968486181,0.23819900529072907,0.6526839978606528,,0.0,0.016591726439191906,,,0.0,,,,0.039971549680185396,,,0.0,0.018724644737705506,,,0.0,,,,0.04511001734027329,,0.08009578816730875,0.08232699968494617,0.01078765568766289,0.11795117734319455,0.10937699591631966,0.10613881786711563,0.32284960876931995,0.0903923521109126,0.09291039284377753,0.012174442547885566,0.133114169899066,0.12343775064738235,0.11978329468760009,0.36435293518539713,,,,,,,,,,,,
continuum_wings,gap_limited,blue,continuum;core;red,51,1067,ok,0.8766326959312054,1.987841258926101,0.5590026658342103,0.097364751752949,0.20641124869487099,0.5728566954833854,0.11106675829552881,0.23545921758668845,0.6534740241177827,,0.0,0.017168392028422245,,,0.00014494733460827705,,,,0.039259602288366564,,,0.0,0.019584476038947047,,,0.00016534557207486581,,,,0.04478455169489537,,0.08019635972452675,0.08360906798549197,0.008380613203996516,0.11427662017077422,0.11179163485681606,0.10135817349670742,0.32044728484149526,0.09148228225658177,0.09537525622025542,0.009560005282593513,0.13035861051176464,0.12752391665937704,0.11562216874541673,0.36554338701809347,,,,,,,,,,,,
continuum_wings,gap_limited,blue,continuum;core;red,52,1063,ok,0.8750786909912556,1.988425248794822,0.5599137098457126,0.09705285168488277,0.2029025440261114,0.5751232952802614,0.11090757058081831,0.23186776928172162,0.6572246601374601,,0.0,0.018512311832917544,,,0.0009847511995413401,,,,0.06921112638761054,,,0.0,0.02115502528343766,,,0.0011253287386370381,,,,0.07909131727251961,,0.07854053985196523,0.08581686577627284,0.006915514732754613,0.10918541231754261,0.11394088349097725,0.06375746680632008,0.3282138185953535,0.08975254529738065,0.09806759855969387,0.007902734695688892,0.12477210728770183,0.13020644276220392,0.07285912394244004,0.37506777616029646,,,,,,,,,,,,
continuum_wings,gap_limited,blue,continuum;core;red,53,1059,ok,0.8724327222484791,1.9889607625036114,0.5613625272575635,0.10212404578825422,0.1971227763873187,0.5731859000729063,0.11705664308997352,0.22594610605535703,0.6569972508546695,,0.0,0.019111126702752706,,,0.0009791598241770943,,,,0.06521653538149774,,,0.0,0.02190555926593229,,,0.0011223327589702876,,,,0.0747525095269447,,0.08301291908550151,0.08768407375452535,0.006580500178909887,0.10187904262970637,0.10824659220185326,0.07618535679444631,0.3235374156951089,0.09515108382404122,0.10050525561276677,0.007542702160403016,0.11677581552321696,0.12407442939883605,0.08732519408269951,0.37084511784618923,,,,,,,,,,,,
continuum_wings,gap_limited,blue,continuum;core;red,54,1055,ok,0.8509732953744209,1.9896714144076146,0.5723046080813511,0.1062988721162728,0.19435996994862134,0.5503144533095268,0.1249144628792402,0.2283972611186402,0.6466882760021196,,0.0,0.019840628511521425,,,0.0,,,,0.054008084076216836,,,0.0,0.0233152187258611,,,0.0,,,,0.06346625019819657,,0.08645824360475138,0.08997330589904262,0.008664352656366427,0.0957223113932123,0.10719862317760742,0.07661739184453037,0.31249035421117216,0.10159924415337909,0.10572988175787014,0.010181697479183746,0.11248568188158632,0.12597178285182375,0.09003501315610542,0.3672152297959939,,,,,,,,,,,,
continuum_wings,gap_limited,blue,continuum;core;red,55,1050,ok,0.8504273524414034,1.989706160180596,0.572586460523301,0.10356548214185302,0.1968108180754831,0.5500510522240674,0.12178051640100432,0.2314257855306269,0.6467936980683688,,0.0,0.019681067699927512,,,0.0,,,,0.05313040919697272,,,0.0,0.023142561964202092,,,0.0,,,,0.062474953380140176,,0.0838844144419255,0.09172639097379094,0.013771492741465137,0.09131293436022701,0.1027587797155877,0.08744725653128652,0.30671460678022044,0.09863795443680222,0.10785917305042363,0.016193614542065225,0.10737299793813805,0.1208319316407077,0.1028274270344707,0.36065938601305025,,,,,,,,,,,,
continuum_wings,gap_limited,blue,continuum;core;red,56,1046,ok,0.8342657482131828,1.9898067509977122,0.5807302654919381,0.0970295867849457,0.19556838032743804,0.541667781100799,0.11630537031247196,0.23441976462092962,0.6492748650665985,,0.0,0.020761466262154433,,,0.0,,,,0.05581119278694065,,,0.0,0.02488591471796728,,,0.0,,,,0.06689857866809967,,0.07626812052279128,0.09356826740776593,0.016670907360703913,0.0853292055589682,0.10173013605053566,0.08454843856380928,0.2995780136995134,0.09141945559450466,0.1121564293010578,0.019982730198871763,0.10228060512100004,0.12193972516361802,0.10134473187337943,0.3590918293615013,,,,,,,,,,,,
continuum_wings,gap_limited,blue,continuum;core;red,57,1042,ok,0.8223826990834504,1.9901078374242849,0.5867647553472254,0.09342240925910623,0.1931843866659544,0.5357759031583897,0.11359967733176533,0.23490813569066973,0.6514921869775648,,0.0,0.020443721220652106,,,0.0,,,,0.05994458901973984,,,0.0,0.024859133397914054,,,0.0,,,,0.07289135470207286,,0.07297868803845413,0.09442980591746587,0.016761988918650075,0.08199259182983844,0.10107212962531609,0.07778138031341361,0.29697780419992026,0.08874054393385128,0.11482465040024353,0.020382224647151982,0.09970126064327421,0.12290157579672029,0.09458051634610182,0.36111874013267,,,,,,,,,,,,
continuum_wings,gap_limited,blue,continuum;core;red,58,1038,ok,0.8080110013101844,1.990187070766151,0.5940024869123938,0.08724984409330112,0.19213598230421564,0.5286251749126677,0.10798101009989479,0.2377888196975888,0.6542301702025164,,0.0,0.01985207523323733,,,0.0,,,,0.06354352059452882,,,0.0,0.024569065521443795,,,0.0,,,,0.07864190028538402,,0.0673977688600638,0.09534130074475752,0.01850248573274775,0.07829219582671038,0.104738089397323,0.0720739970312031,0.2882695678896128,0.08341194457845098,0.11799505277794763,0.0228988042275985,0.09689496269204269,0.12962458336271523,0.08919927688402211,0.3567644096703951,,,,,,,,,,,,
continuum_wings,gap_limited,blue,continuum;core;red,59,1035,ok,0.8095517531929919,1.9905339336267853,0.5932991949964124,0.08279727396647293,0.19122601431390618,0.5355284649126126,0.10227545507734155,0.2362122168961805,0.6615123280264777,,0.0,0.018969879629970314,,,0.0,,,,0.018470134729572946,,,0.0,0.023432571858624605,,,0.0,,,,0.0228152612315692,,0.06382739433650263,0.09655425446104723,0.019928881512777944,0.07474287834008099,0.1170694470617687,0.11591691696702269,0.2840719661542483,0.07884288321871695,0.119268785572044,0.024617180352183153,0.09232625097195334,0.1446102075624313,0.14318654305895728,0.35090031617352,,,,,,,,,,,,
continuum_wings,gap_limited,blue,continuum;core;red,60,1032,ok,0.8233557397925901,1.990870106149857,0.5864342242875613,0.08835072134073221,0.18658827156955654,0.5484167468823016,0.10730564817947157,0.226619263766303,0.6660750880542257,,0.003695482177007963,0.01771520170699502,,,0.0,,,,0.07254164207685201,,,0.004488317744574034,0.0215158537808428,,,0.0,,,,0.08810485986910814,,0.06694003745672923,0.09414472820599906,0.02194748949016869,0.07049605387338877,0.12771692229533957,0.06248459158414328,0.28567359092596667,0.08130147665405474,0.11434271197248819,0.026656144397192688,0.08562040739662212,0.15511754655103574,0.0758901511998734,0.3469625304342083,,,,,,,,,,,,
continuum_wings,gap_limited,blue,continuum;core;red,61,1029,ok,0.8349903640530574,1.9911953684095016,0.5806587453445116,0.09257113645202951,0.1819021312753372,0.5605170963256906,0.11086491585685809,0.21784937779686603,0.6712857063462758,,0.0031023721992686376,0.01755117430609629,,,0.0,,,,0.08147932547724292,,,0.003715458684109443,0.021019612993978268,,,0.0,,,,0.09758115660370126,,0.07191758994666458,0.08977914177112553,0.025457740666864327,0.06666524883734734,0.12945443142533658,0.06699923791184738,0.28258410151126373,0.08612984417877038,0.10752117106517979,0.03048866401678221,0.07983954271490402,0.15503703635208743,0.0802395342463977,0.3384279791440894,,,,,,,,,,,,
continuum_wings,gap_limited,blue,continuum;core;red,62,1026,ok,0.8473463342788965,1.9915094958810633,0.574520565414626,0.09537830313857791,0.17636060144690222,0.5756074296934163,0.11256117986247757,0.20813284286759504,0.6793059772699273,,0.0026750746823165743,0.017195566622228518,,,0.0,,,,0.076535007438262,,,0.003157002720254995,0.020293433660584823,,,0.0,,,,0.09032317051727656,,0.07550766183403282,0.08480974981929335,0.025582048748930712,0.06596880287867815,0.13800762850932913,0.06743341161162232,0.2936313821342028,0.08911074348163775,0.10008864898373299,0.030190782344861847,0.07785341153900019,0.1628703906847907,0.07958187683553158,0.3465305392323284,,,,,,,,,,,,
continuum_wings,gap_limited,blue,continuum;core;red,63,1023,ok,0.8393587386179964,1.9918122593275935,0.578595455125207,0.0976249953991254,0.16788337192748684,0.573850371291384,0.11630902367188659,0.20001384891030824,0.6836771274178051,,0.0015858427508296284,0.019415974481001564,,,0.0,,,,0.05771701182161366,,,0.0018893503788865265,0.02313191438617766,,,0.0,,,,0.06876322264380624,,0.07662317816729422,0.08003339867311604,0.02216526312048403,0.06568471013388677,0.1145844256555826,0.1137998062763726,0.28774912753781523,0.0912877589068224,0.09535064685797039,0.02640737756180286,0.078255824490535,0.13651424639272333,0.13557946208285615,0.3428201962984194,,,,,,,,,,,,
continuum_wings,gap_limited,blue,continuum;core;red,64,1020,ok,0.842682068481642,1.9921034246829699,0.5769887958423988,0.09785535296078804,0.1641087891639952,0.5807179263568587,0.11612369198398322,0.19474579476894419,0.6891305132470726,,0.0001614653475946451,0.020348989486153095,,,0.0,,,,0.060399822886951345,,,0.00019160885657099118,0.02414788476847292,,,0.0,,,,0.07167569495786319,,0.0773448981270403,0.07626833637746164,0.02418991647894164,0.06365053630759193,0.11741096887277272,0.11887219201890958,0.2840349425782251,0.0917841983589393,0.09050665634179585,0.02870586355602347,0.07553327487112486,0.13933009051008488,0.14106410527174906,0.3370606225073755,,,,,,,,,,,,
continuum_wings,gap_limited,blue,continuum;core;red,65,1018,ok,0.8453419957400239,1.9926318666222378,0.5757660961364787,0.09966515365113518,0.15781560235880582,0.5878612397300829,0.1178992102053169,0.18668846828158808,0.695412321513095,,0.0,0.0201285550823557,,,0.0,,,,0.02330139969148841,,,0.0,0.023811138194707683,,,0.0,,,,0.027564464807039484,,0.07953659856877948,0.07186298825563464,0.022898379524420847,0.06305423457875034,0.13945943790972046,0.13305731432813603,0.292043087800738,0.09408807201060922,0.08501055030718639,0.02708771081977927,0.07459020715462243,0.1649739852184154,0.157400572784339,0.3454732987033012,,,,,,,,,,,,
continuum_wings,gap_limited,blue,continuum;core;red,66,1016,ok,0.8380842619807376,1.9931350907927272,0.5795145718660785,0.10014806753944089,0.1508549461570299,0.5870812482842669,0.11949641829897849,0.17999973630395785,0.7005038453970638,,0.0,0.019005447460104415,,,0.0,,,,0.06315197412625101,,,0.0,0.0226772513484345,,,0.0,,,,0.07535277416735751,,0.08114262007933647,0.07206692232520598,0.02038386032368552,0.0584041635081384,0.14623734000469188,0.08019320060270581,0.2974987335506181,0.09681916695054398,0.08599006757969922,0.024321970055266377,0.06968769866899226,0.1744900204414684,0.09568632205689713,0.3549747287313406,,,,,,,,,,,,
continuum_wings,gap_limited,blue,continuum;core;red,67,1014,ok,0.8249539182450754,1.993612811044005,0.5862015363890775,0.10136295641795459,0.1416706003401944,0.5819203614869264,0.12287105276569148,0.17173153215826928,0.7053974150760393,,0.0,0.01733652500861835,,,0.0,,,,0.0656113357770796,,,0.0,0.021015143543409484,,,0.0,,,,0.07953333431842424,,0.08402643140933624,0.07037695559031754,0.01776337951728652,0.05353026523259034,0.11774822254730369,0.10451156527449565,0.29404923788804743,0.101855909222282,0.08531016585754322,0.021532571849679265,0.06488879445104678,0.14273309083468505,0.12668776153803005,0.3564432283848999,,,,,,,,,,,,
continuum_wings,gap_limited,blue,continuum;core;red,68,1013,ok,0.8061064819310758,1.9940242377663493,0.5957388748523731,0.11098963217384933,0.13349124969456283,0.5616256000626636,0.1376860683565862,0.16560002020424974,0.696713911439164,,0.0,0.017941690428309887,,,0.0,,,,0.061535272322038384,,,0.0,0.02225722138510722,,,0.0,,,,0.07633640679160276,,0.09304794174553944,0.06820546274487325,0.014838391189537361,0.050447395760152204,0.11108534375360583,0.10381950651827329,0.2851854774687462,0.115428846971479,0.08461098412393736,0.018407482785637842,0.06258155329467452,0.13780480152881827,0.1287913059197434,0.35378139719899965,,,,,,,,,,,,
continuum_wings,gap_limited,blue,continuum;core;red,69,1012,ok,0.786722711957615,1.9944208309947384,0.6055382596634746,0.11195841967667203,0.12650872523899262,0.5482555670419502,0.14230988628519958,0.160804719777568,0.6968853939372323,,0.0,0.02041491467864764,,,0.0,,,,0.06636512264235284,,,0.0,0.02594931399380714,,,0.0,,,,0.08435643414592088,,0.09154350499802438,0.06600644192762689,0.013427266986044198,0.04707501632532153,0.11628793754649312,0.09485869088720991,0.27074381596589436,0.11636057229139245,0.08390051656622698,0.01706734378194435,0.05983685942939666,0.1478131186236278,0.12057449142553858,0.344141349742145,,,,,,,,,,,,
continuum_wings,gap_limited,blue,continuum;core;red,70,1011,ok,0.7755918503114481,1.9948415609492598,0.611201277587997,0.11022992359474854,0.12221059372420678,0.5431513329924929,0.1421236228184765,0.15757075538523474,0.7003056217962889,,0.0,0.02080334896339655,,,0.0,,,,0.06861265362084093,,,0.0,0.02682254713615508,,,0.0,,,,0.08846489760469854,,0.089426574631352,0.06617944675353057,0.010819697592361023,0.045211449378315186,0.12263036514326782,0.08556572764867429,0.2663425865797097,0.11530107568232144,0.08532767167029338,0.013950246625227232,0.058292837089714125,0.1581119826027364,0.11032313917985904,0.34340560240899476,,,,,,,,,,,,
continuum_wings,gap_limited,blue,continuum;core;red,71,1010,ok,0.7660315842520774,1.9952252178118324,0.6160676111079953,0.1051261826235412,0.11797962525791156,0.5429257763706246,0.13723478872765044,0.15401404809320252,0.708751163179147,,0.0,0.020548223272271113,,,0.0,,,,0.07888239109026907,,,0.0,0.026824250715893883,,,0.0,,,,0.1029753768799059,,0.08457795935127009,0.06722077100868358,0.007822449230346033,0.04293640501888195,0.12320366079583087,0.07535465989857577,0.2654850645859489,0.11041053801175656,0.08775195747877061,0.010211653659141952,0.05605043695528995,0.16083365663848181,0.09837017356425198,0.34657195609650726,,,,,,,,,,,,
continuum_wings,gap_limited,blue,continuum;core;red,72,1009,ok,0.7622294126523171,1.995565946950283,0.618038474841093,0.0973914909787368,0.11621919071929811,0.5486187309542823,0.12777188778355486,0.15247271856761876,0.7197553936488265,,0.0,0.018279720775474,,,0.0,,,,0.1032879922746166,,,0.0,0.023981914725471374,,,0.0,,,,0.13550774945197547,,0.0791117702032628,0.07035018289316007,0.0055074651739426515,0.04036154265219538,0.11015610821188743,0.0612099130138698,0.2739647174539085,0.10378997305808348,0.09229528764622674,0.007225469238688147,0.05295196168270388,0.14451831218186534,0.08030379305474276,0.35942553896024293,,,,,,,,,,,,
continuum_wings,gap_limited,blue,continuum;core;red,73,1008,ok,0.7648366148881417,1.9958915657696175,0.6167945052700243,0.08907336927767347,0.11599386888689313,0.5597693767235751,0.11646064995293218,0.1516583628829765,0.7318809871640913,,0.0,0.016105312156291355,,,0.0,,,,0.10504872154450032,,,0.0,0.02105719292563782,,,0.0,,,,0.13734792437972368,,0.07296805712138212,0.07253914115490652,0.0036736716491053882,0.039781056082881225,0.11001628296370368,0.06486281791383519,0.2798415543015359,0.09540345702729436,0.09484266278951023,0.004803211009507785,0.05201248908395848,0.14384285587555676,0.0848061097641376,0.3658840971446733,,,,,,,,,,,,
continuum_wings,gap_limited,blue,continuum;core;red,74,1007,ok,0.7634072513063428,1.996202018915951,0.6175701436666681,0.08207719350457744,0.1157841252435628,0.5655459325582024,0.10751429641796946,0.1516675732977817,0.7408181302842487,,0.0,0.011823930435390472,,,0.003597289798524503,,,,0.07708801294510442,,,0.0,0.015488365371375969,,,0.004712150418231972,,,,0.10097888487853814,,0.07025326306918697,0.07129604754220333,0.0036128443905009675,0.037277943512334,0.09580528865930375,0.09997010776595086,0.29268252318784344,0.0920259310465935,0.09339189196880368,0.004732525639910634,0.04883100527083541,0.12549695918575793,0.13095252579128897,0.3833897604286637,,,,,,,,,,,,
continuum_wings,gap_limited,blue,continuum;core;red,75,1006,ok,0.7716349400516379,1.9964972502500515,0.6135056334512923,0.07450462182680989,0.11527222889058289,0.5818580893342451,0.09655423563612092,0.14938700013100606,0.754058764232873,,0.0,0.008143821695502144,,,0.006258520265073136,,,,0.0833312298285892,,,0.0,0.01055398255418185,,,0.008110726899762102,,,,0.10799307483797023,,0.06636080013130774,0.07090951718815378,0.0029828794902844675,0.0351213119470715,0.08940015987772904,0.09798710236525632,0.3111395972626706,0.08600025308193907,0.09189516117998558,0.0038656615135712396,0.04551545053768713,0.11585810237124095,0.12698634714324758,0.4032212398804143,,,,,,,,,,,,
continuum_wings,gap_limited,blue,continuum;core;red,76,1005,ok,0.7562440689666738,1.9967601806756397,0.6212644481367918,0.06971505139084784,0.11289430553663792,0.573634712039188,0.09218591490721502,0.1492828971087282,0.7585311879840567,,0.0,0.0058278919752852215,,,0.00741185480593198,,,,0.08088523113420414,,,0.0,0.007706363877006545,,,0.009800876608605317,,,,0.1069565163594937,,0.06388715941556262,0.06947702410394635,0.0023250215264232084,0.033680405100336375,0.08176634816553366,0.09869501787828469,0.3122881148611656,0.08447955103020847,0.09187116561307943,0.003074432741800012,0.044536422145243434,0.10812163892704452,0.1305068322891323,0.41294620040838625,,,,,,,,,,,,
continuum_wings,gap_limited,blue,continuum;core;red,77,1004,ok,0.7391520239943077,1.9970190549471263,0.6298723228688113,0.06428693890140309,0.11044477675390876,0.5644203083389958,0.08697390633391294,0.14942092177070102,0.763605171895386,,0.0,0.0031735298686126076,,,0.009045632751427774,,,,0.06447984869402196,,,0.0,0.004293473826213925,,,0.012237851562045422,,,,0.08723489431251091,,0.061113409032790486,0.06829532569803515,0.001700445995981135,0.03140337230846469,0.09393417360378839,0.09668461448238552,0.30932167155879997,0.08268043250769902,0.09239685948361971,0.0023005362101182997,0.04248567451491756,0.12708369936698136,0.13080477539642116,0.4184818028194726,,,,,,,,,,,,
continuum_wings,gap_limited,blue,continuum;core;red,78,1003,ok,0.7306816712965754,1.9972910401215405,0.6341636463496552,0.061206715346792805,0.10809198080206123,0.5613829751477213,0.08376659460772172,0.14793306722783242,0.7683003381644458,,0.0,0.00020017280777293993,,,0.010179751676472313,,,,0.1002304581597914,,,0.0,0.00027395350894424185,,,0.013931855794888919,,,,0.13717390499468132,,0.06100654253901987,0.06655552792899952,0.001166890070426857,0.030189811126162536,0.06011364204811772,0.10101365011832396,0.30002522482148825,0.08349264109877748,0.09108689945773306,0.001596988286781905,0.04131732368842852,0.08227063085002208,0.1382457697879268,0.41061003253181566,,,,,,,,,,,,
continuum_wings,gap_limited,blue,continuum;core;red,79,1002,ok,0.7286471102554695,1.997480669121532,0.6352169402590941,0.06006279733783289,0.10448085041889633,0.5641034624987402,0.0824305709752618,0.14339019389271238,0.7741792351320258,,0.0016829708620275663,0.0,,,0.009540133525759978,,,,0.10612642750868623,,,0.0023097200803246214,0.0,,,0.013092940864632169,,,,0.14564859451851453,,0.05837982647580532,0.0637722314954025,0.00028932561941512905,0.03087915977831873,0.052866772682242255,0.10387667618428634,0.30123358612352547,0.08012085089493719,0.08752142237007356,0.0003970723486622889,0.04237875830934435,0.07255470026321348,0.14256102127114229,0.41341491907915556,,,,,,,,,,,,
continuum_wings,gap_limited,blue,continuum;core;red,80,1001,ok,0.7443735899859598,1.9976450319072625,0.6273744443599868,0.06016860287685241,0.10145428967292713,0.5827506974361802,0.08083118972287463,0.13629485387148238,0.782873956405643,,0.004026933760226775,0.0,,,0.008489818493808782,,,,0.11460095081454327,,,0.005409828900972601,0.0,,,0.011405319328925835,,,,0.15395622891014288,,0.05614166911662564,0.06090682107347137,0.0003111476786073926,0.031746502427039594,0.058810081363228725,0.10295758478759896,0.3063820804708093,0.07542136082190204,0.0818229204969781,0.0004179993524666309,0.04264861469311181,0.0790061363734546,0.13831439773345655,0.4115971933885889,,,,,,,,,,,,
continuum_wings,gap_limited,blue,continuum;core;red,81,1000,ok,0.753063165468623,1.9979506804179665,0.6230822047563855,0.0638902736878218,0.09724717958682377,0.5919257121939774,0.08484052416514568,0.129135488291089,0.7860239875437653,,0.007857397575975918,0.0,,,0.0068427094357945036,,,,0.12025779505692674,,,0.010433915687651972,0.0,,,0.009086501305021817,,,,0.15969151137818782,,0.056032876111845875,0.05837480355602135,0.0,0.03202966659500791,0.06140777006395748,0.09772440589554067,0.31253574117755245,0.0744066084774937,0.07751647701384431,0.0,0.04253250997222285,0.08154398313419578,0.12976920181021978,0.4150192912211619,,,,,,,,,,,,
continuum_wings,gap_limited,blue,continuum;core;red,82,999,ok,0.7418580291887115,1.998258821404296,0.6287477771936667,0.06752740977128711,0.09232872918647471,0.5820018902309497,0.09102470703880419,0.12445606241863351,0.7845192305425625,,0.013245815917034436,0.0,,,0.004739043383787391,,,,0.11676587210112035,,,0.01785492020827749,0.0,,,0.0063880731856066336,,,,0.1573965199632797,,0.05428159385425268,0.05764730628121805,0.0,0.02994237952146927,0.06010121457856437,0.0972724123442878,0.3078623912069772,0.0731697868305267,0.07770665546918805,0.0,0.040361333763838825,0.0810144424052274,0.1311199832273352,0.41498828494672013,,,,,,,,,,,,
continuum_wings,gap_limited,blue,continuum;core;red,83,998,ok,0.7411307701682514,1.9985293271469218,0.6291619241703708,0.06985300901973825,0.08886714154161153,0.5824106196069015,0.09425193478862068,0.11990750501620237,0.7858405601951769,,0.019300179766149676,0.0,,,0.0033542341450443105,,,,0.11702709076622944,,,0.026041530783788874,0.0,,,0.004525833064902747,,,,0.1579034301054077,,0.050552829253588574,0.05663443747560749,0.0,0.028878469920959736,0.05834936719862031,0.09607673774760188,0.3109574238944499,0.0682104040048318,0.0764162543983302,0.0,0.038965417552969436,0.07873019114477442,0.12963533780386768,0.4195716011411271,,,,,,,,,,,,
continuum_wings,gap_limited,blue,continuum;core;red,84,997,ok,0.7346650443855856,1.9987223750635577,0.6324326712146701,0.06878126567680118,0.08670164458213647,0.5791821341266479,0.0936226191819488,0.11801520331574604,0.7883621775023051,,0.024865004627690448,0.0,,,0.003005435105893741,,,,0.11970160564224402,,,0.03384536234262449,0.0,,,0.004090891663978982,,,,0.1629335798089492,,0.04391626104911073,0.05645079049383793,0.0001226798125405431,0.02712273916986426,0.058119388935347,0.0899367938804163,0.3114243456686405,0.05977725683932429,0.07683881372231179,0.00016698740940252924,0.03691851052005275,0.07911005073605124,0.12241877379048592,0.4238997731668187,,,,,,,,,,,,
continuum_wings,gap_limited,blue,continuum;core;red,85,996,ok,0.7238304681762695,1.9988997235748853,0.6378855529172069,0.06778584722883493,0.08394656219411882,0.5720980587533158,0.09364878961177897,0.11597544713146267,0.7903757632567584,,0.030736946572722718,0.0,,,0.0023459110908946087,,,,0.1062744499037884,,,0.04246428953200345,0.0,,,0.0032409675939799277,,,,0.14682229413684766,,0.03704890065611221,0.05809103891781913,0.00044690107041862946,0.023062711114986447,0.06032804997674937,0.10098269153249473,0.3045128673402833,0.051184500079775506,0.08025503411618287,0.000617411244852156,0.031862034176447715,0.08334555207208837,0.13951152372312559,0.4206963933246968,,,,,,,,,,,,
continuum_wings,gap_limited,blue,continuum;core;red,86,995,ok,0.7140257851428018,1.9990613093552936,0.6428194664159269,0.06676744879613153,0.08185483449779413,0.5654035018488762,0.09350845611657897,0.11463848533344428,0.7918530585499769,,0.036236367470294996,0.0,,,0.0012762489695351544,,,,0.11658188006022027,,,0.05074938219919872,0.0,,,0.0017873989932729259,,,,0.16327404764087677,,0.030531081325836533,0.05999444525913448,0.0008404310266194047,0.019743709242505084,0.06606208451764314,0.08832388229210388,0.2944356549789089,0.04275907391738026,0.084022799326688,0.0011770317600663714,0.02765125525341698,0.0925205866402024,0.12369844917356804,0.41235997509532957,,,,,,,,,,,,
continuum_wings,gap_limited,blue,continuum;core;red,87,994,ok,0.7017038407463883,1.9992128507485143,0.6490099388448486,0.06416518564480592,0.08050707296978009,0.5570315821318021,0.09144197582922547,0.11473084269304602,0.7938271814777283,,0.03902343486593194,0.0,,,0.0003724211254539827,,,,0.11942234932180464,,,0.05561240027477048,0.0,,,0.0005307383312279521,,,,0.1701891059834837,,0.025141750778873977,0.061205947786003884,0.0008230204035839985,0.01810568365473822,0.06816984972471055,0.08446194015074755,0.2849774429345394,0.035829575554455,0.08722475812716138,0.001172888554676526,0.02580245767998016,0.09714903320494818,0.12036693437634186,0.4061221079129546,,,,,,,,,,,,
continuum_wings,gap_limited,blue,continuum;core;red,88,993,ok,0.7078433453217124,1.9993485350645672,0.6459630059954246,0.06107891798261375,0.08087120647806131,0.5658932208610373,0.08628875073319166,0.11425014731374725,0.799461101953061,,0.04060554322678175,0.0,,,0.0,,,,0.1194680747097837,,,0.05736515500944162,0.0,,,0.0,,,,0.16877756285959833,,0.020473374755832004,0.06393653880207908,0.0008541671576635143,0.016080500518318722,0.072055046080304,0.0838038627670688,0.2905662373038808,0.02892359572375004,0.09032583159063273,0.0012067177904671804,0.022717597932647354,0.10179518753200288,0.11839323392802432,0.41049511763343544,,,,,,,,,,,,
continuum_wings,gap_limited,blue,continuum;core;red,89,992,ok,0.7000140603948953,1.9994682967633954,0.6498998951231039,0.058045892299009,0.080524029906138,0.5614441381897483,0.08292103770924811,0.11503201787220158,0.8020469444185502,,0.04125400983056069,0.0,,,0.0,,,,0.11798802330911257,,,0.05893311601096738,0.0,,,0.0,,,,0.16855093345204036,,0.01679188246844831,0.06570420310460372,0.0006661798670445771,0.014153646934489707,0.07792134408812734,0.08017324862042283,0.28536152217208555,0.023987921698280734,0.09386126196885008,0.0009516664089129417,0.02021908949443856,0.11131396995678912,0.11453091181510712,0.40765112919461366,,,,,,,,,,,,
continuum_wings,gap_limited,blue,continuum;core;red,90,991,ok,0.700728525483597,1.9995720694619579,0.6495607554309618,0.060113654452013214,0.07938488264755848,0.5612299883840254,0.08578736595677577,0.11328906953341486,0.8009235645098095,,0.04646650247659576,0.0,,,0.0,,,,0.1430651944247907,,,0.06631170387209172,0.0,,,0.0,,,,0.2041663628950405,,0.01364715197541745,0.06634622364431886,0.0,0.01303865900323963,0.058613533753399595,0.07999492160235044,0.2795563386034846,0.01947566208468405,0.0946817793645992,0.0,0.018607290168815665,0.0836465644279978,0.1141596476997182,0.39895098948705293,,,,,,,,,,,,
continuum_wings,gap_limited,blue,continuum;core;red,91,990,ok,0.7150294446028915,1.9996597859284684,0.6424244515819506,0.06616358696931164,0.07754000253202793,0.571325855101552,0.09253267465937315,0.10844309016545689,0.79902423517517,,0.05382841373508191,0.0,,,0.0,,,,0.14921121752312264,,,0.07528139455148843,0.0,,,0.0,,,,0.20867842387384566,,0.01233517323422973,0.06561508602847457,0.0,0.011924916503553354,0.025040034543199582,0.11374293051286279,0.283331672522367,0.017251280107884733,0.0917655720666377,0.0,0.016677518098819188,0.035019585182406235,0.15907447080872678,0.39625175531019136,,,,,,,,,,,,
continuum_wings,gap_limited,blue,continuum;core;red,92,989,ok,0.7236926998314812,1.9997313780764818,0.638105043624613,0.07078923635671149,0.07842748433437031,0.5744759791403994,0.09781670641861585,0.1083712525394175,0.7938120410419666,,0.060472179051261,0.0,,,0.0,,,,0.15443017181675595,,,0.08356057628513115,0.0,,,0.0,,,,0.21339191600622265,,0.010317057305450478,0.0667901759987113,0.0,0.01163730833565901,0.021820728839905913,0.10771998226713372,0.2905050962166038,0.014256130133484701,0.09229079692839798,0.0,0.016080455611019524,0.03015192614902303,0.14884768395786963,0.4014205149288513,,,,,,,,,,,,
continuum_wings,gap_limited,blue,continuum;core;red,93,988,ok,0.7395731549137214,1.9997812419910752,0.6301729712309099,0.07370064909292875,0.08036934161382098,0.5855031642069718,0.09965295333296227,0.10866990111775604,0.7916771455492818,,0.06543212500146996,0.0,,,0.0,,,,0.1638258811944359,,,0.08847282323153449,0.0,,,0.0,,,,0.22151409918812942,,0.008268524091458798,0.06792421948942054,0.0,0.012445122124400437,0.024636445548241792,0.10042984938330447,0.2966109880809896,0.011180130101427767,0.09184246215284082,0.0,0.01682743896491522,0.03331170876681683,0.13579434125758744,0.40105699633674813,,,,,,,,,,,,
continuum_wings,gap_limited,blue,continuum;core;red,94,987,ok,0.734321245576403,1.9997677970200605,0.6327967443666975,0.07439515917459782,0.08175034252786273,0.5781757438739424,0.10131146228269836,0.1113277642725604,0.7873607734447412,,0.06940322713377588,0.0,,,0.0,,,,0.1643812270420699,,,0.09451344020326968,0.0,,,0.0,,,,0.22385465221428996,,0.004991932040821948,0.06905794041943478,0.0,0.012692402108427953,0.02376297672615731,0.09158568386422358,0.29844585624149167,0.0067980220794286676,0.09404322813134458,0.0,0.017284536141215816,0.03236046467306641,0.12472154988833764,0.40642410666904727,,,,,,,,,,,,
continuum_wings,gap_limited,blue,continuum;core;red,95,986,ok,0.7359152606709749,1.999613841292357,0.6319713109230388,0.07027801841138863,0.08373491587753265,0.5819023263820535,0.09549743315189883,0.11378336658107466,0.7907192002670264,,0.06891492224205499,0.0,,,0.0,,,,0.114418853188745,,,0.09364518705485388,0.0,,,0.0,,,,0.15547829934172444,,0.001363096169333636,0.0700194604970645,0.0,0.01371545538046815,0.07717271345025874,0.08810431007742697,0.30220644966562277,0.0018522460970449577,0.09514609118612904,0.0,0.018637275394945616,0.10486630400882851,0.11972072708085625,0.41065386983561714,,,,,,,,,,,,
continuum_wings,gap_limited,blue,continuum;core;red,96,985,ok,0.7419794834801787,1.999383700393989,0.628895902605405,0.0690219239157545,0.08342679244307404,0.5895307671213501,0.09302403294497341,0.1124381391945896,0.7945378278604369,,0.0690219239157545,0.0,,,0.0,,,,0.12524637608621744,,,0.09302403294497341,0.0,,,0.0,,,,0.1688003224816435,,0.0,0.0694838909057556,0.0,0.013942901537318439,0.0794770558999691,0.0790211239767035,0.3057862111584601,0.0,0.09364664718200634,0.0,0.01879149201258327,0.10711489693379407,0.10650041643478202,0.4121221920102173,,,,,,,,,,,,
continuum_wings,gap_limited,blue,continuum;core;red,97,983,ok,0.7457569582884329,1.9992246143055232,0.6269769024690168,0.06892359754911169,0.08228095654882066,0.5945524041905005,0.09242099156177694,0.11033213385988581,0.7972468745783371,,0.06892359754911169,0.0,,,0.0,,,,0.1269645895879912,,,0.09242099156177694,0.0,,,0.0,,,,0.17024928587912108,,0.0,0.06570093990146561,0.0,0.016580016647355044,0.08820498489026585,0.06843781524432674,0.31094501446791667,0.0,0.08809966728604732,0.0,0.022232466573838483,0.11827577860312934,0.09176959662756155,0.4169522134685251,,,,,,,,,,,,
continuum_wings,gap_limited,blue,continuum;core;red,98,982,ok,0.7339440998662885,1.9990188268246714,0.6328478301366899,0.06323311828551255,0.08207499118978259,0.5886359903909935,0.08615522394284864,0.11182730565547865,0.8020174704016728,,0.06323311828551255,0.0,,,6.265173968250274e-05,,,,0.12210447177013575,,,0.08615522394284864,0.0,,,8.536309467426302e-05,,,,0.16636753642733965,,0.0,0.06090546886118753,0.0,0.02110687058891256,0.09384248422969162,0.06741750679556413,0.305271527595602,0.0,0.08298379791088098,0.0,0.028758144649923413,0.12786053358394467,0.09185645992364595,0.4159329404667427,,,,,,,,,,,,
continuum_wings,gap_limited,blue,continuum;core;red,99,981,ok,0.7167418629245392,1.9987832998391553,0.6414109208425877,0.05558034885973964,0.08319263322858479,0.5779688808362149,0.07754583865515235,0.11607056533454299,0.8063835960103047,,0.05558034885973964,0.0,,,0.0018327916144035737,,,,0.1059802764729163,,,0.07754583865515235,0.0,,,0.0025571153426495693,,,,0.14786394091797905,,0.0,0.05807838403279622,0.0,0.023281457581384994,0.08959644078033449,0.07508210438303511,0.307310059199929,0.0,0.08103110343773919,0.0,0.03248234655415424,0.12500517329175104,0.10475473565430625,0.42875974614626844,,,,,,,,,,,,
continuum_wings,gap_limited,blue,continuum;core;red,100,980,ok,0.7040994608575015,1.9985177487537813,0.6476891629826383,0.05085288120198128,0.08383404000080544,0.5694125396547148,0.07222400247267494,0.11906562163633315,0.8087103758909919,,0.05085288120198128,0.0,,,0.003360793077645575,,,,0.09830665789907403,,,0.07222400247267494,0.0,,,0.004773179450460828,,,,0.13962041354121946,,0.0,0.054087337686540116,0.0,0.026385909236619747,0.08323898141167564,0.08423964492809428,0.3036272554158709,0.0,0.07681775188503734,0.0,0.03747469030083497,0.11822048735884756,0.11964168361313807,0.4312277913777869,,,,,,,,,,,,
continuum_wings,gap_limited,blue,continuum;core;red,101,979,ok,0.7014235519556841,1.9982218838690267,0.648976143431299,0.046821203240044976,0.08519663971888966,0.5694057089967494,0.06675168392834796,0.12146247368134051,0.8117858423903114,,0.046821203240044976,0.0,,,0.005247464254382241,,,,0.09840186850336236,,,0.06675168392834796,0.0,,,0.007481163470703898,,,,0.14028880015363296,,0.0,0.04868251219144376,0.0,0.03126666327306365,0.06709152948230131,0.09841462576662949,0.3054976852444562,0.0,0.06940530020086853,0.0,0.044576010009768074,0.09565052284777023,0.14030698782815795,0.43553953156075026,,,,,,,,,,,,
continuum_wings,gap_limited,blue,continuum;core;red,102,978,ok,0.6917460318525556,1.9978954102573714,0.6537626402758295,0.041274298317032374,0.08938989599087155,0.5610818375446517,0.05966683785159742,0.1292235761027464,0.8111095860456562,,0.041274298317032374,0.0,,,0.008691988150128775,,,,0.1244900919399338,,,0.05966683785159742,0.0,,,0.012565288053551794,,,,0.17996502503460496,,0.0,0.045497011005407366,0.0,0.03520089683533541,0.11128451064448085,0.028203637927777952,0.2971035970324591,0.0,0.06577126417850558,0.0,0.050887023870689024,0.16087480884632085,0.040771665653428,0.42949808651130245,,,,,,,,,,,,
continuum_wings,gap_limited,blue,continuum;core;red,103,977,ok,0.6919970270842395,1.9976305297358616,0.6535910836446143,0.0370413693229612,0.09287501392808128,0.5620806438331969,0.053528220314813586,0.13421302446834826,0.812258755216838,,0.0370413693229612,0.0,,,0.011851122133368745,,,,0.1314866794411954,,,0.053528220314813586,0.0,,,0.017125972611911327,,,,0.19001046867964222,,0.0,0.043120146105541525,0.0,0.03790374568917102,0.11001809449928816,0.027689402804622926,0.29288646708809046,0.0,0.06231261756604677,0.0,0.05477443429039017,0.15898636871729685,0.0400137597719075,0.42324815804799154,,,,,,,,,,,,
continuum_wings,gap_limited,blue,continuum;core;red,104,976,ok,0.6869706446841832,1.997334262748334,0.6560562458189113,0.03555565535365561,0.09787491590666605,0.5535400734238616,0.05175716841583732,0.14247321434187554,0.8057696172422871,,0.03555565535365561,0.0,,,0.015950910937283323,,,,0.09925754158242217,,,0.05175716841583732,0.0,,,0.023219203121286697,,,,0.14448585591026705,,0.0,0.04031277886535625,0.0,0.04161122610402649,0.13270128075700033,0.03778636306110819,0.2837948880233309,0.0,0.0586819526821106,0.0,0.06057205853847825,0.1931687791666939,0.055004334396966094,0.41311064776836015,,,,,,,,,,,,
continuum_wings,gap_limited,blue,continuum;core;red,105,976,ok,0.6845799409272694,1.9969697488114557,0.6571906302863586,0.0332751066704635,0.10202655237067068,0.5492782818861351,0.048606604840615235,0.14903526421249627,0.8023581309468885,,0.0332751066704635,0.0,,,0.021046570105929474,,,,0.10226310047850812,,,0.048606604840615235,0.0,,,0.030743772710345143,,,,0.1493808018096351,,0.0,0.03478117669684998,0.0,0.04619880556789122,0.12065011991264199,0.046614652925064864,0.2797504085699202,0.0,0.05080659630449963,0.0,0.0674848951976515,0.17623963645388202,0.06809234413430945,0.40864534854906187,,,,,,,,,,,,
continuum_wings,gap_limited,blue,continuum;core;red,106,976,ok,0.6830187041917732,1.9965548019037083,0.6579013490936934,0.034434601202017315,0.1034884088743924,0.5450956941153636,0.05041531218792071,0.15151621506010127,0.7980684727519782,,0.03096149833152896,0.003473102870488353,,,0.02306092863342583,,,,0.11098395094165288,,,0.045330381351951686,0.005084930835969024,,,0.0337632461481625,,,,0.16249035386663668,,0.0,0.030136581479014886,0.0,0.05029089876195169,0.1061440618699821,0.05334736231112526,0.2746203189926034,0.0,0.04412262986952308,0.0,0.07363033904241569,0.15540432673155566,0.07810527293575661,0.4020685192180293,,,,,,,,,,,,
continuum_wings,gap_limited,blue,continuum;core;red,107,976,ok,0.67209669245267,1.995960488783818,0.6632715445874453,0.03343329214100336,0.10242351918621755,0.5362398811254491,0.04974476517507602,0.15239402356295684,0.7978612112619671,,0.025890981435994567,0.007542310705008788,,,0.02211191939224682,,,,0.10529780538062627,,,0.03852270324603308,0.011222061929042938,,,0.03289990806464796,,,,0.15667061981270128,,0.0,0.025967855724505676,0.0,0.05434374406946505,0.09009992662476024,0.06744317714737225,0.2733989719726903,0.0,0.03863708305086529,0.0,0.08085703244744359,0.13405798248457412,0.10034743200603043,0.4067851769586613,,,,,,,,,,,,
continuum_wings,gap_limited,blue,continuum;core;red,108,976,ok,0.6644601935965695,1.9954444873838653,0.6670114364004658,0.030934189232371574,0.10316038737116176,0.5303656169930361,0.04655536859918117,0.1552544281287618,0.7981902032720569,,0.023450094012529007,0.007484095219842568,,,0.023112000203251756,,,,0.09844395992518082,,,0.0352919471151448,0.011263421484036373,,,0.03478312233897991,,,,0.1481562941977403,,0.0,0.023186860935314614,0.0,0.0568615262325954,0.08618821886806857,0.06954885749898472,0.276184580700802,0.0,0.03489578632214143,0.0,0.08557551946764048,0.12971163615016823,0.10466971260164258,0.4156525603225058,,,,,,,,,,,,
continuum_wings,gap_limited,blue,continuum;core;red,109,976,ok,0.6551843878939942,1.9948778494273656,0.6715666635518275,0.02545103786714603,0.10474958444730997,0.5249837655795382,0.03884561100266005,0.15987802271054413,0.8012763662867958,,0.02052071708182759,0.004577697666121616,,,0.02520593312379895,,,,0.08195419627193506,,,0.031320522071334435,0.006986884533125148,,,0.03847151059997045,,,,0.12508569768483993,,0.00035262311919682563,0.02095878447967663,0.0,0.0585848668438344,0.09376042299709947,0.06900641034808025,0.2802627359624234,0.0005382043982004626,0.03198913903770806,0.0,0.08941737307286564,0.14310539861683863,0.10532364876686463,0.4277616212182525,,,,,,,,,,,,
continuum_wings,gap_limited,blue,continuum;core;red,110,976,ok,0.6446685399857646,1.9942604919105522,0.6767380477120389,0.025732885789024745,0.10123123471784909,0.5177044194788907,0.03991645968887046,0.15702834625695317,0.8030551940541762,,0.022377968573785607,0.0016125986164319446,,,0.02623085131699908,,,,0.0747472529529233,,,0.034712363308871494,0.0025014383615920726,,,0.04068889621568675,,,,0.11594679795383508,,0.0017423185988071955,0.017227037241012915,0.0,0.0577733461598371,0.0975457391246117,0.06533718574695895,0.2800742416543967,0.0027026580184068994,0.026722317241342844,0.0,0.08961713279992356,0.15131146174244162,0.10135004532468997,0.4344468890332096,,,,,,,,,,,,
continuum_wings,gap_limited,blue,continuum;core;red,111,976,ok,0.6378099944832791,1.9937155765923507,0.680089777111834,0.021608063550796756,0.09947977096662294,0.5167221599658595,0.03387852767704353,0.15597085625354043,0.8101506160694161,,0.019230853351803023,0.0,,,0.028480714282352007,,,,0.11701404796663581,,,0.03015138288540441,0.0,,,0.04465391657185557,,,,0.18346223636936668,,0.0023772101989937323,0.0129993322682686,0.0,0.05799972441600233,0.0913901218946235,0.029741492391197392,0.27857649771340276,0.003727144791639124,0.020381198759357778,0.0,0.09093574092232708,0.14328737819272194,0.04663064650671148,0.436770355000616,,,,,,,,,,,,
continuum_wings,gap_limited,blue,continuum;core;red,112,976,ok,0.6361332639713616,1.9931192648342404,0.6808353242101369,0.02185702263494382,0.09875360292478266,0.5155226384116351,0.03435918835385381,0.15524043234002066,0.8104003793061255,,0.01858510766870116,0.0,,,0.030951755411437083,,,,0.107998004194053,,,0.029215745695602945,0.0,,,0.04865608696235466,,,,0.16977260946837552,,0.00327191496624266,0.009394427151319815,0.0,0.05840742036202577,0.09119543149333093,0.03431557325023568,0.28201362947401554,0.005143442658250866,0.014768017463307416,0.0,0.09181632791435859,0.1433590045645475,0.053944000720862396,0.44332476455234016,,,,,,,,,,,,
continuum_wings,gap_limited,blue,continuum;core;red,113,976,ok,0.6536391186487445,1.992499386829481,0.6719501531747928,0.02195188591223567,0.09923957137713214,0.5324476613593766,0.03358410671260983,0.1518262425637685,0.8145896507236216,,0.016646283783222367,0.0006387478742403555,,,0.0319646832003547,,,,0.056416108577398844,,,0.02546708620750072,0.0009772179418527254,,,0.04890264717698456,,,,0.08631078980405392,,0.0046668542547729465,0.0065265427472841146,0.0,0.06074834542949333,0.09824703039361495,0.08030508316994617,0.2974794392184167,0.00713980256325638,0.00998493291034403,0.0,0.09293866247643992,0.15030775789049947,0.12285844111649762,0.45511266191257066,,,,,,,,,,,,
continuum_wings,gap_limited,blue,continuum;core;red,114,976,ok,0.659885213585065,1.991838846080793,0.6687055205879424,0.02227288035617808,0.10048060245066524,0.5371317307782215,0.03375265864069389,0.15226981963236916,0.8139775217269367,,0.015367854646531042,0.0026941007207960774,,,0.0317079378477443,,,,0.0657115023822983,,,0.023288678591598704,0.00408268084408105,,,0.04805068699066533,,,,0.09958020126757622,,0.004210924988850958,0.005464879736151442,0.0011603744352282348,0.06214741043154127,0.10510910419261525,0.07699369668473614,0.28931742751857187,0.006381299205014135,0.008281561131611825,0.0017584489110220869,0.09417912259906991,0.15928392094372298,0.11667740858510837,0.43843599093052915,,,,,,,,,,,,
continuum_wings,gap_limited,blue,continuum;core;red,115,976,ok,0.6588736887728878,1.991137401623137,0.6690968246411473,0.022817162526549445,0.1024434078047366,0.5336131184416018,0.034630556532079804,0.15548262064544,0.8098868228224803,,0.014016635358960205,0.006483463470566651,,,0.02952423992773813,,,,0.02619928202335354,,,0.021273630436002593,0.00984022215645264,,,0.044810166851138394,,,,0.03976373995469164,,0.002317063697022592,0.005319799002830499,0.003756724842680107,0.06384264403148786,0.14671444809665748,0.07638885254046412,0.2843105357811266,0.003516703939624577,0.00807408019697721,0.0057017375358800245,0.09689663606144434,0.22267461972856167,0.11593853851218998,0.4315099246270369,,,,,,,,,,,,
continuum_wings,gap_limited,blue,continuum;core;red,116,976,ok,0.665924951435787,1.9903836713247853,0.6654288512161401,0.024566907450396504,0.10321158900897917,0.5381464549764114,0.03689140555167411,0.15498982097974673,0.8081187734685793,,0.011820398845282463,0.009439442865179774,,,0.028194449645997672,,,,0.046365016568262536,,,0.017750346821810394,0.014174934945488358,,,0.04233877944535372,,,,0.06962498772315992,,0.003307065739934266,0.005380785529191602,0.0038126741212246365,0.06582367971256525,0.11973329616549255,0.08600845559515043,0.28603968664750595,0.004966123784375357,0.008080168069375088,0.005725381085367366,0.09884549237965055,0.17979998482912837,0.12915637927323398,0.4295374216430571,,,,,,,,,,,,
continuum_wings,gap_limited,blue,continuum;core;red,117,976,ok,0.6699256877876467,1.9895663497205367,0.6632805496123678,0.028369078398488547,0.10171418737299291,0.5398424220161654,0.042346604878183126,0.15182905989004905,0.805824335231768,,0.007426265766776668,0.014498021161973481,,,0.02580015545618896,,,,0.05092164443019691,,,0.011085208258398128,0.021641237866025925,,,0.03851196621731439,,,,0.0760108850257106,,0.006444791469738399,0.003748206007168861,0.0019251507813608328,0.07024067512827425,0.12417481551648453,0.07670481616407629,0.28804114590540764,0.009620158753759076,0.005594957881891176,0.0028736781055797756,0.1048484576852637,0.185356104087541,0.11449749959191027,0.4299598465266061,,,,,,,,,,,,
continuum_wings,gap_limited,blue,continuum;core;red,118,976,ok,0.6807663135251036,1.9886852995721425,0.6576802203588736,0.03308748214950713,0.09944696637321485,0.5482318650023817,0.04860328939922937,0.1460809155762489,0.8053157950245219,,0.0017103005559737565,0.022090601923990122,,,0.02180928328406487,,,,0.056297036954786786,,,0.0025123166672533777,0.032449610806389466,,,0.03203637261534481,,,,0.08269656684872202,,0.009286579669543249,0.0019757490472696888,0.0001196211089156431,0.07554231293296464,0.12127465608289142,0.07745871179428648,0.29320146017041704,0.013641361925586527,0.0029022426756679285,0.00017571537624449745,0.11096658490899164,0.1781443259947958,0.11378164614696398,0.43069325603404,,,,,,,,,,,,
continuum_wings,gap_limited,blue,continuum;core;red,119,976,ok,0.7024380862903132,1.9877403745712434,0.6466147715886654,0.03960537052773871,0.09856560647777876,0.5642671092847958,0.05638272084149215,0.14031927995009402,0.8032979992084139,,0.0,0.026643168244638277,,,0.019154214792225708,,,,0.06397931744858218,,,0.0,0.03792956100279964,,,0.027268189419201554,,,,0.09108178883987782,,0.012962202283100433,0.0012378723046953736,0.004877616655525549,0.07329590272533214,0.12097716110260154,0.07471245161670187,0.30459817911691023,0.01845315983869251,0.0017622511205688935,0.006943838539970142,0.10434500087035344,0.1722246607405659,0.10636161830471089,0.43362993132325933,,,,,,,,,,,,
continuum_wings,gap_limited,blue,continuum;core;red,120,976,ok,0.7108619983544988,1.9866735576792307,0.6421847990039793,0.04625019059370984,0.10093515873116987,0.5636766490296191,0.06506212274783241,0.14198980809891973,0.7929480691532479,,0.0,0.029858483094928365,,,0.017342805063657672,,,,0.06391959234692876,,,0.0,0.042003206197608944,,,0.024396866204414842,,,,0.08991842649471998,,0.01639170749878148,0.002533938192745551,0.012089151872661921,0.06896926360210473,0.1239712631050143,0.07065218603563492,0.3051336075420411,0.023058916550223466,0.0035645993154945735,0.01700632738934681,0.0970220151896635,0.17439568213237253,0.09938945421077562,0.4292445063153797,,,,,,,,,,,,
continuum_wings,gap_limited,blue,continuum;core;red,121,976,ok,0.7127845684997833,1.9854846822362622,0.6410022324136284,0.051451392317787066,0.10370666735005418,0.5576265088319421,0.07218365070119037,0.14549510740437097,0.7823212418944386,,0.0,0.0316909241165248,,,0.01578467343009329,,,,0.06123667156239636,,,0.0,0.04446073262111374,,,0.022145082999363627,,,,0.08591189297389366,,0.019760468201262267,0.0038315929291372446,0.019074750217900997,0.06501565077292265,0.12665006564954678,0.062283596030745104,0.3074561755892538,0.027722918080076635,0.005375527331072417,0.02676089110353235,0.09121360597040257,0.177683512307387,0.08738067402586316,0.43134516258729483,,,,,,,,,,,,
continuum_wings,gap_limited,blue,continuum;core;red,122,976,ok,0.700253683477838,1.984231431798278,0.6470907212455662,0.05443894011703806,0.10694850596782396,0.5388662373929759,0.07774174045992144,0.15272823048450088,0.7695300290555775,,0.0,0.03353380395140234,,,0.013516584545929855,,,,0.07893206476196007,,,0.0,0.047888079338412555,,,0.01930241120446407,,,,0.112719242503575,,0.020905136165635718,0.004448651695834327,0.025647785427886333,0.06333548429817344,0.12075692487467199,0.03957590885707507,0.29960133889926877,0.02985366112150888,0.0063529143805997855,0.036626419871874975,0.09044648502756204,0.17244739688469451,0.05651653078141586,0.4278468588858922,,,,,,,,,,,,
continuum_wings,gap_limited,blue,continuum;core;red,123,975,ok,0.6893429236559683,1.9828016326814866,0.6523389368387356,0.058341442368705726,0.10634018982580082,0.5246612914614617,0.08463341011653339,0.1542631195252136,0.761103470358253,,0.0,0.038262498448448395,,,0.01005755411064796,,,,0.08075107803829701,,,0.0,0.05550575357402832,,,0.014590059265868961,,,,0.11714210049481498,,0.020078943920257327,0.004776343733814888,0.02911964304146231,0.06238664893987566,0.11298345387503307,0.041935550687535954,0.2889912088605957,0.029127656542505057,0.0069288355184431065,0.04224260820293139,0.09050161653797013,0.16390021569499702,0.06083409178283639,0.41922706238560464,,,,,,,,,,,,
continuum_wings,gap_limited,blue,continuum;core;red,124,974,ok,0.6738837684121242,1.9813801453912676,0.6598917325483659,0.06423618426408025,0.10124409637914036,0.5084034877689037,0.09532234975096715,0.15023970174812543,0.7544379485009076,,0.0,0.03655674327855789,,,0.007329521347957094,,,,0.06833323902843991,,,0.0,0.054247846575525525,,,0.010876536416996188,,,,0.10140211447658677,,0.027679440985522354,0.0051366478963080974,0.026672942453325296,0.06210498468154988,0.11841999566496544,0.047539199034614815,0.27411105404088343,0.04107450317544161,0.00762245380744458,0.039580924342746654,0.09215978718093801,0.17572762724942775,0.07054510178607162,0.40676310498882134,,,,,,,,,,,,
continuum_wings,gap_limited,blue,continuum;core;red,125,972,ok,0.6620491064878715,1.9800862864548872,0.6656463352043321,0.06840423330555648,0.09678110483542593,0.4968637683468891,0.10332199324070776,0.14618417861605998,0.7504938281432323,,0.0,0.034901339380041974,,,0.0046902787301538,,,,0.05418543454070868,,,0.0,0.05271714596095653,,,0.007084487667441213,,,,0.0818450383962588,,0.03350289392551451,0.006783941903388184,0.025243051913526063,0.06006383228835789,0.11678498335111548,0.052522226856793745,0.2733711235982712,0.05060484727975125,0.010246886276120158,0.03812867001277118,0.09072413465972745,0.1763992764383482,0.0793328264355205,0.41291668687310473,,,,,,,,,,,,
continuum_wings,gap_limited,blue,continuum;core;red,126,970,ok,0.6572633405173398,1.9788107563667796,0.6678493188888465,0.07598201456659245,0.09219132431965243,0.489090001631095,0.11560360951637148,0.1402654288417905,0.7441309616418381,,0.0,0.0371978688817952,,,0.0020599411173946565,,,,0.04670255125135736,,,0.0,0.05659507626352067,,,0.0031341183820981894,,,,0.07105607200699376,,0.03878414568479725,0.006655140266665418,0.02210552926054911,0.06137071367504325,0.11368611883276258,0.05753971238275181,0.27116161916422327,0.05900853325285081,0.010125530904290324,0.033632682515275514,0.09337309704012646,0.1729689027586399,0.08754438112653844,0.41256160574966605,,,,,,,,,,,,
continuum_wings,gap_limited,blue,continuum;core;red,127,968,ok,0.6486268997333947,1.9774555027546767,0.6719891300563822,0.08262978936672455,0.08765205305163318,0.478345057315037,0.12739186333574493,0.13513477946668698,0.7374733571975681,,0.0,0.039403488324432856,,,0.0006123914349154211,,,,0.06582870212049326,,,0.0,0.060749081391211004,,,0.0009441351186130771,,,,0.1014893186630879,,0.043226301042291686,0.0067223188893286495,0.01805778472393882,0.062259558003450295,0.10511870345155877,0.0442954992438435,0.2631021524991415,0.06664278194453391,0.010363922452324635,0.027840018246793517,0.09598670364895576,0.16206343507302232,0.06829118444216589,0.40562941901929206,,,,,,,,,,,,
continuum_wings,gap_limited,blue,continuum;core;red,128,966,ok,0.6306847855971164,1.9760196147251075,0.6808307058810174,0.08417986218141771,0.08675335898168479,0.4597515644340139,0.13347374806531656,0.13755422829734018,0.7289720236373433,,0.0,0.0404237652148417,,,0.0,,,,0.06227517297599497,,,0.0,0.06409503786676811,,,0.0,,,,0.09874215201978341,,0.043756096966576,0.007575022678945899,0.017316727631746853,0.061861608670992045,0.09668155155077682,0.042752939729377236,0.2580419001778649,0.06937871019854845,0.012010790258360299,0.027457024534612507,0.09808641350436738,0.15329615325862217,0.06778812602701338,0.4091455923319243,,,,,,,,,,,,
continuum_wings,gap_limited,blue,continuum;core;red,129,964,ok,0.6107538444963305,1.9745021590869702,0.6906795762741998,0.08356821212424628,0.08929775600502293,0.4378878763670613,0.13682797558673143,0.1462090772079609,0.7169629472053076,,0.0,0.03943453824051406,,,0.0,,,,0.05252282518604957,,,0.0,0.06456699142521892,,,0.0,,,,0.08599671645024763,,0.04413367388373222,0.008640477276679309,0.02006281541981492,0.060594463308528704,0.11625988379779224,0.02344511740891965,0.24566004997429985,0.07226098416151251,0.014147233545136074,0.03284926587135951,0.09921257779146532,0.19035473103516543,0.03838717941800939,0.4022243203018852,,,,,,,,,,,,
continuum_wings,gap_limited,blue,continuum;core;red,130,962,ok,0.6102772767028195,1.9729021797726682,0.6906702810916377,0.08421101573306722,0.09327060955217537,0.4327956514175768,0.13798812269078567,0.15283316799225086,0.7091787093169633,,0.0007063031676892385,0.03836741862183538,,,0.0,,,,0.03970485176905276,,,0.001157347970590063,0.06286883042594223,,,0.0,,,,0.0650603476235728,,0.04513729394354261,0.00890127681910914,0.0246383799183501,0.059730952814716125,0.11261500375018585,0.04322535872090639,0.23725043717743183,0.0739619442942534,0.014585627154923063,0.04037243538128325,0.09787510545604453,0.18453088137021498,0.07082904832118696,0.38875843200198856,,,,,,,,,,,,
continuum_wings,gap_limited,blue,continuum;core;red,131,960,ok,0.6125685710269415,1.971186664568918,0.6892386794018522,0.09124298341362673,0.09546937136969699,0.4258562162436177,0.14895146066776213,0.15585091348981098,0.6951976258424267,,0.0011741928659211075,0.03792372546614112,,,0.0,,,,0.026205226327288403,,,0.0019168349821680046,0.06190935555600548,,,0.0,,,,0.0427792537304952,,0.0521450650815645,0.007625430528421456,0.02712191258250615,0.06072202825876939,0.10948564229380461,0.06091413040002466,0.22925121722250003,0.08512527012958865,0.01244828887586869,0.04427571681818017,0.09912690779576212,0.17873205951499804,0.09944050883626804,0.37424580376066546,,,,,,,,,,,,
continuum_wings,gap_limited,blue,continuum;core;red,132,957,ok,0.6280305736477436,1.9695455218317155,0.681129191132576,0.1005411752683131,0.09935167373811062,0.42813772464131994,0.16008961902021301,0.15819560051201587,0.6817147804677712,,0.0012636628162694312,0.040577199680282186,,,0.0,,,,0.02862825577490609,,,0.0020121039791578805,0.06461022979279597,,,0.0,,,,0.0455841753190879,,0.05870031277176148,0.006510060311484976,0.030618796260735697,0.06222281716588994,0.10585596517683227,0.0685377231962562,0.22511578049332534,0.09346728524825915,0.01036583342379826,0.04875367146999676,0.09907609561822085,0.1685522482798837,0.10913118894542602,0.3584471679233735,,,,,,,,,,,,
continuum_wings,gap_limited,blue,continuum;core;red,133,954,ok,0.6440370337975742,1.9681215107023666,0.6727656141679584,0.10613577973301896,0.10537937725402666,0.4325218768105285,0.1647976345509011,0.1636231640790213,0.6715792013700775,,0.0013143836319579952,0.038447901421439945,,,0.0,,,,0.018058412427262478,,,0.0020408510116378125,0.05969827727876347,,,0.0,,,,0.028039400654929384,,0.06637349467962102,0.008922335631071802,0.0362872044121947,0.06016983721076015,0.11053867677122765,0.07628385255501152,0.22764093505702687,0.1030585062604998,0.013853761760346474,0.05634335062725609,0.09342605169141872,0.1716340380605672,0.1184463758321515,0.3534593868224295,,,,,,,,,,,,
continuum_wings,gap_limited,blue,continuum;core;red,134,951,ok,0.6681284077240116,1.9663165481836895,0.6602131999849619,0.10719686686720364,0.11475842467142729,0.4461731161853806,0.16044351000187407,0.17176103177883634,0.6677954582192894,,0.0005519908808423912,0.034997014382474344,,,0.0,,,,0.0642914462384549,,,0.0008261748407357136,0.052380671107358154,,,0.0,,,,0.09622618271458412,,0.0716478616038869,0.011117897347396197,0.044195957587391976,0.059444569736639113,0.09785982043185862,0.0591649046088247,0.2248569449062424,0.10723666405378018,0.016640360174580007,0.06614889754193524,0.0889717740623211,0.14646858193804305,0.08855319415375668,0.3365474994129057,,,,,,,,,,,,
continuum_wings,gap_limited,blue,continuum;core;red,135,948,ok,0.6870334487446479,1.9647318311450768,0.6503169349355082,0.11342378741606146,0.12073104757702657,0.4528786137515598,0.16509208921823262,0.17572804904568642,0.6591798617360809,,0.0,0.031346902589916785,,,0.0,,,,0.05217986968676816,,,0.0,0.04562645770332442,,,0.0,,,,0.07594953314443652,,0.08207688482614467,0.012888718340283118,0.04958591676463465,0.058256412472108804,0.1144045831710359,0.07450341414594387,0.2117907467478119,0.11946563151490819,0.018759957559320396,0.07217394852497847,0.08479414296138756,0.16651967001035645,0.1084421934362541,0.30826846514503387,,,,,,,,,,,,
continuum_wings,gap_limited,blue,continuum;core;red,136,945,ok,0.6985320867783232,1.9633119670369887,0.6442072892610791,0.12204313278248309,0.1229336275582126,0.4535553264376277,0.17471371049732903,0.17598851918913377,0.6492977703135374,,0.0,0.025703362753641507,,,0.0,,,,0.05914914001969103,,,0.0,0.03679625208369044,,,0.0,,,,0.08467633933967275,,0.09633977002884159,0.014344267057332967,0.051512431691880405,0.05707692880899922,0.10140765618172487,0.07843606638949611,0.21456246384671568,0.13791745841363862,0.02053487209655563,0.07374383033635461,0.08170981675622352,0.14517250975459664,0.112286991355327,0.30716192986394103,,,,,,,,,,,,
continuum_wings,gap_limited,blue,continuum;core;red,137,942,ok,0.7039677459895708,1.9634283457435289,0.6414599251785189,0.12125690159955266,0.1237956337827984,0.45891521060721974,0.1722478086394445,0.17585412753361063,0.6518980638269449,,0.0,0.021749891380125258,,,0.0,,,,0.052526385115372824,,,0.0,0.03089614759203397,,,0.0,,,,0.07461476099524451,,0.0995070102194274,0.012446204825031245,0.05590251860971748,0.055446910348049674,0.11703561699322608,0.07707043117169164,0.21228277732692918,0.14135166104741054,0.017680078236447547,0.07941062488755794,0.07876342440960514,0.1662513910047236,0.10948006014587128,0.3015518516811055,,,,,,,,,,,,
continuum_wings,gap_limited,blue,continuum;core;red,138,939,ok,0.7146034972074715,1.9635054648132713,0.6360572914038924,0.11825403820093353,0.126255925543085,0.47009353346345295,0.16548203117259686,0.17667969165623745,0.6578382771711656,,0.0,0.018037040884631244,,,0.0,,,,0.05314384237937397,,,0.0,0.025240627781862833,,,0.0,,,,0.07436829316823883,,0.10021699731630228,0.011188839275386954,0.06092783856924027,0.05413924769845779,0.11861134746125768,0.09073090786627613,0.20760743575654517,0.14024140339073402,0.015657409065461775,0.08526104169281869,0.07576124089795701,0.1659820416843288,0.12696678398697248,0.29052115833162556,,,,,,,,,,,,
continuum_wings,gap_limited,blue,continuum;core;red,139,936,ok,0.7094353321503498,1.9635426106640457,0.6386962379643202,0.11931427145032956,0.12243097194164322,0.46769008875837703,0.16818202596236556,0.172575238916486,0.6592427351211484,,0.0,0.015972275804522786,,,0.0,,,,0.05258527133714766,,,0.0,0.02251406869757905,,,0.0,,,,0.07412271274642876,,0.10334199564580678,0.009874971913185867,0.059218475425422065,0.053337524603035286,0.12153452426930489,0.08094326018780479,0.2126270329641197,0.1456679572647865,0.013919481403969708,0.08347268981645808,0.0751830676960582,0.17131163160555446,0.11409533261116261,0.2997130581580026,,,,,,,,,,,,
continuum_wings,gap_limited,blue,continuum;core;red,140,933,ok,0.6952050348279959,1.9635390538609205,0.6459428533081933,0.1265127210141306,0.11613053493925711,0.4525617788746083,0.18197900572660805,0.1670450142352458,0.6509759800381464,,0.0,0.016998847987194404,,,0.0,,,,0.04971795245135961,,,0.0,0.024451560526169338,,,0.0,,,,0.07151552414124931,,0.1095138730269362,0.00954108462145485,0.05513163084969786,0.051457819468104404,0.11467643961150323,0.0804142813322082,0.20775310547953724,0.1575274452004387,0.013724130498875711,0.07930269213792195,0.07401819159844814,0.16495340779555184,0.1156698776672466,0.2988371704340986,,,,,,,,,,,,
continuum_wings,gap_limited,blue,continuum;core;red,141,930,ok,0.6842277078027279,1.963494048687406,0.6515254485950357,0.13671205901244612,0.10701164755266354,0.4405040012376182,0.1998049150208662,0.15639771136470323,0.6437973736144305,,0.0,0.01814875281193854,,,0.0,,,,0.027951481445452436,,,0.0,0.026524434197819816,,,0.0,,,,0.04085113936004361,,0.11856330620050759,0.0090956371162798,0.04759904155268446,0.05031696888369927,0.1029711732180463,0.10460620539580032,0.20497514117831914,0.1732804808230464,0.013293289664472628,0.06956608305960026,0.07353833864063034,0.15049255100866843,0.15288215341603748,0.299571529829681,,,,,,,,,,,,
continuum_wings,gap_limited,blue,continuum;core;red,142,927,ok,0.6904345186322373,1.963836895392625,0.6484257321715436,0.15314066999956058,0.09853712018293004,0.43875672844974667,0.2218033222077814,0.14271754601455006,0.6354791317776686,,0.0,0.021228330825208662,,,0.0,,,,0.03788174744433155,,,0.0,0.030746334738973296,,,0.0,,,,0.05486653175941427,,0.1319123391743519,0.008626505649819666,0.04047861852921471,0.04943199600389567,0.10587321070051539,0.09006370670113739,0.20493806360376235,0.19105698746880811,0.012494313967541663,0.058627744466489815,0.07159548758051858,0.15334287009614186,0.1304449651207404,0.29682476480137204,,,,,,,,,,,,
continuum_wings,gap_limited,blue,continuum;core;red,143,924,ok,0.6710183368734995,1.964167501461689,0.658370105210437,0.14982015599322646,0.09680949100096944,0.42438868987930367,0.22327281947508176,0.14427249701109135,0.6324546835138269,,0.0,0.022462886874181,,,0.0,,,,0.03311820794661282,,,0.0,0.03347581673973793,,,0.0,,,,0.049355145942690186,,0.12735726911904546,0.013163879695074373,0.0381751330921272,0.045470478213767866,0.11447715106544944,0.07794854323708178,0.19884478763015964,0.18979700273534383,0.019617764480787996,0.0568913411070076,0.06776339142329574,0.17060212035163905,0.11616455013773587,0.2963328670817619,,,,,,,,,,,,
continuum_wings,gap_limited,blue,continuum;core;red,144,921,ok,0.6715266509599693,1.9644856014570935,0.6581666719970757,0.15465713084581945,0.09757899097429007,0.41929052913985987,0.23030676537518208,0.14530918591957254,0.6243840487052454,,0.0,0.022892336417163373,,,0.0,,,,0.029826738175399187,,,0.0,0.03408998940613604,,,0.0,,,,0.04441631338497271,,0.13176479442865607,0.017895027691896048,0.0378880442488924,0.04179591903350161,0.11882395864978382,0.06616352393766926,0.2044763083770076,0.19621677596904602,0.026648276231947786,0.056420760359592884,0.062240149328031846,0.17694600576153022,0.0985270262067579,0.30449470335198464,,,,,,,,,,,,
continuum_wings,gap_limited,blue,continuum;core;red,145,918,ok,0.6686003625619045,1.964790924139014,0.6597091556421828,0.15264925688324063,0.09886048661369234,0.4170906190649715,0.22831165735287365,0.14786185014151715,0.6238264925056093,,0.0,0.02158492525858512,,,0.0,,,,0.029921591324488694,,,0.0,0.03228374746294968,,,0.0,,,,0.04475258016588094,,0.1310643316246555,0.0223255107336142,0.03808132990048753,0.038453645979590605,0.12279863365953317,0.05359877052450745,0.21077162355644222,0.19602790988992397,0.03339141284349382,0.05695678918654737,0.05751364811147594,0.18366522146204112,0.08016563185687,0.3152430590208172,,,,,,,,,,,,
continuum_wings,gap_limited,blue,continuum;core;red,146,915,ok,0.6533874498279955,1.9650831923177572,0.6675013798997064,0.14423746758523542,0.10149716944002511,0.4076528128027349,0.2207533487568609,0.1553399433471584,0.6239067078959807,,0.0,0.019972089854838043,,,0.0,,,,0.029397199717026236,,,0.0,0.03056699338209772,,,0.0,,,,0.04499198710468813,,0.12426537773039739,0.02597462458568507,0.040614801834170614,0.03490774302016943,0.12173257879532523,0.05014914047916415,0.20637389381121934,0.19018635537476317,0.03975378558697891,0.06216036418339911,0.05342579357678037,0.18630994339938942,0.07675253097127276,0.3158522464206305,,,,,,,,,,,,
continuum_wings,gap_limited,blue,continuum;core;red,147,912,ok,0.6552339100221757,1.9653621227017488,0.6666090678895475,0.13844656304631697,0.10318029223461056,0.41360705474124815,0.21129334261963242,0.1574709285591134,0.6312357288212542,,0.0,0.02003334760235438,,,0.0,,,,0.02348270608428568,,,0.0,0.03057434497197554,,,0.0,,,,0.03583866116375286,,0.1184132154439626,0.029783240116645474,0.0398340448030943,0.03356300731487079,0.12913154743591077,0.04859345902590724,0.21239934219514447,0.18071899764765692,0.045454363184038345,0.06079362528985437,0.051222940085220686,0.19707702159605942,0.07416200273313486,0.32415804332830706,,,,,,,,,,,,
continuum_wings,gap_limited,blue,continuum;core;red,148,909,ok,0.6479207089098853,1.9656681234844289,0.6703814335853943,0.12231963431532361,0.10428561368369413,0.4213154609108676,0.18878796839373163,0.16095428383382399,0.6502577477724444,,0.0,0.017961993700861954,,,0.0,,,,0.01143108367193961,,,0.0,0.027722518286354327,,,0.0,,,,0.01764272003463541,,0.10435764061446165,0.031913179356892245,0.039110281986902244,0.03326215233989964,0.11212084876530383,0.0814363765272479,0.21632715194637622,0.16106545010737727,0.049254760525536505,0.060362759592457814,0.051336763715829674,0.17304717571683284,0.12568880019943043,0.3338790518215457,,,,,,,,,,,,
continuum_wings,gap_limited,blue,continuum;core;red,149,906,ok,0.6535944040600037,1.9659724819720572,0.6675465144841056,0.10853775651295228,0.10544063840102123,0.43961600914603016,0.1660628607569717,0.16132426738363137,0.6726128718593969,,0.0,0.016396306903837487,,,0.0,,,,0.019283368359471947,,,0.0,0.025086363656094297,,,0.0,,,,0.029503570164749488,,0.09214144960911479,0.033404988849969064,0.03654906161645482,0.035486587934597344,0.10983856588847442,0.07839211407316146,0.23210196082492235,0.14097649710087737,0.0511096616532572,0.05592009568842546,0.0542945100419487,0.1680531002196136,0.11994000191281415,0.35511619956221974,,,,,,,,,,,,
continuum_wings,gap_limited,blue,continuum;core;red,150,903,ok,0.6610961547674836,1.966275152924446,0.6637824803999718,0.09383084987283334,0.10721118988453153,0.46005411501011884,0.14193222755294183,0.1621718552004574,0.6958959172466009,,0.0,0.01692119557031491,,,0.0,,,,0.055458621586857826,,,0.0,0.025595664788379113,,,0.0,,,,0.08388888845732792,,0.07690965430251843,0.03551133142577675,0.03375234260009294,0.03794751585866184,0.08857027319487415,0.07496540894235929,0.24105981128602758,0.11633656276456272,0.053715834178867,0.05105511861880983,0.057400902402780556,0.133974872726382,0.11339562089682041,0.3646365351660706,,,,,,,,,,,,
continuum_wings,gap_limited,blue,continuum;core;red,151,900,ok,0.6582563157423734,1.96657609015088,0.6652779828662458,0.08073745629423132,0.10981149330206766,0.46770736614607444,0.12265352319966213,0.16682178457828178,0.710524692222056,,0.0,0.016995786628973462,,,0.0,,,,0.03095592984090537,,,0.0,0.025819405332717274,,,0.0,,,,0.047027167230433105,,0.06374166966525786,0.03793757146096002,0.03184388147771971,0.04003004036338792,0.12500505462448583,0.07467370006347504,0.23707268161720824,0.09683411786694486,0.057633433289849254,0.048376112338256214,0.06081223895017632,0.18990331218243864,0.1134416765591667,0.3601525362500177,,,,,,,,,,,,
continuum_wings,gap_limited,blue,continuum;core;red,152,897,ok,0.6567512357523261,1.9668752464885413,0.666094106921746,0.07168088909224234,0.11285018563557953,0.47222016102450426,0.10914465811416398,0.17183094525327633,0.7190243966325598,,0.0017004518609483456,0.01717102959433085,,,0.0,,,,0.03905804584118156,,,0.0025891871509011056,0.02614540888478265,,,0.0,,,,0.05947159855198373,,0.052809407636963145,0.0409615574063274,0.031101050367905562,0.04078757786134657,0.12976674902226443,0.07279567923907292,0.23059968692198535,0.08041006207848023,0.06236997385989665,0.04735590688653746,0.06210506450684224,0.1975888920461842,0.11084208947956302,0.35112181655482877,,,,,,,,,,,,
continuum_wings,gap_limited,blue,continuum;core;red,153,894,ok,0.6547292897166832,1.967130421074088,0.667165286702683,0.07048167175840912,0.11178880546681019,0.4724588124914639,0.10765009732328945,0.17074049874137118,0.7216094039353393,,0.011193516002161844,0.016129450786795594,,,0.0,,,,0.035886000279924314,,,0.017096403319615566,0.024635297427697465,,,0.0,,,,0.0548104397398397,,0.043158704969451685,0.04007026219983138,0.029954634553501797,0.041763908713477016,0.13811151610814126,0.07559209439638762,0.2228692017070107,0.06591839657597642,0.06120126719421813,0.045751175369691914,0.06378805617746114,0.21094445945423546,0.11545549524613156,0.34039900949513263,,,,,,,,,,,,
continuum_wings,gap_limited,blue,continuum;core;red,154,891,ok,0.6639166719408088,1.9674255697924685,0.6625454695036908,0.07458345709715654,0.11002635572675257,0.47930685911689974,0.11233858140529719,0.16572314023251689,0.7219382783621859,,0.021275929496700197,0.018112192105494345,,,0.0,,,,0.02703470927456314,,,0.032046084088391505,0.027280821330405044,,,0.0,,,,0.04072003372883127,,0.03519533549496199,0.03841440024551405,0.026625701671518367,0.044986253809720156,0.13945362975776865,0.0890531323402055,0.22376538774436244,0.053011675986500625,0.05786027353887396,0.04010398111209379,0.06775888558154913,0.2100468863812499,0.1341329960578923,0.33703836219421246,,,,,,,,,,,,
continuum_wings,gap_limited,blue,continuum;core;red,155,889,ok,0.6658123480822329,1.9679375893621605,0.6616699880721445,0.07531012647523852,0.10753432024591905,0.4829679013610753,0.1131101378521402,0.16150844987428462,0.7253814122735752,,0.0312078570825458,0.018181230043968863,,,0.001754564664705847,,,,0.03343298891947356,,,0.04687185086373825,0.02730683817495578,,,0.0026352239782869644,,,,0.05021383129311433,,0.02592103934872386,0.037513236734826816,0.021591192552539166,0.046675326293847234,0.1798032593916784,0.04098163195861325,0.2287500210913101,0.03893144881344618,0.05634205620078654,0.0324283450355482,0.07010282465966293,0.2700509534098808,0.06155132459867162,0.3435653029719084,,,,,,,,,,,,
continuum_wings,gap_limited,blue,continuum;core;red,156,886,ok,0.6835620050777914,1.9682319521890852,0.652702515921729,0.07667392331741864,0.10966566576299695,0.4972224159973758,0.11216820529498697,0.16043265270502663,0.7273991419999865,,0.04031273214167506,0.01835903578163431,,,0.005030403336602136,,,,0.045133153118727495,,,0.0589745068365632,0.02685789386369565,,,0.0073591031965412725,,,,0.06602642157325758,,0.018002155394109275,0.04036664969548051,0.018194920737146538,0.04607369199376776,0.13714796740765356,0.08494215387722247,0.22999914159377227,0.026335804594728136,0.059053384178201454,0.026617805849340474,0.0674023594809434,0.20063720099838742,0.12426400713649348,0.33647151229184785,,,,,,,,,,,,
continuum_wings,gap_limited,blue,continuum;core;red,157,883,ok,0.671890406034734,1.9685243263178096,0.6586832090150131,0.07852254132072399,0.11011767866088534,0.4832501860531247,0.11686807940023583,0.1638923218308206,0.7192395987689436,,0.041289841440228674,0.021836856794217794,,,0.007965157457218654,,,,0.05215098782510079,,,0.06145323860762815,0.03250062301542808,,,0.011854846245277221,,,,0.07761829512178627,,0.015395843086277521,0.04032761587376699,0.014784436046863842,0.04704046928303586,0.1686000612734667,0.04025421724361409,0.22224491971094312,0.0229142177771796,0.060021121765626476,0.02200423746800687,0.07001211635191001,0.25093387218979096,0.0599118797977495,0.33077555165961686,,,,,,,,,,,,
continuum_wings,gap_limited,blue,continuum;core;red,158,880,ok,0.6749480320825536,1.969616571483103,0.6573200886636176,0.08413919772923723,0.11056437104160514,0.48024446331171133,0.1246602608346387,0.16381167999032242,0.711528059175039,,0.045627679354626326,0.023836656504105762,,,0.010250597471997035,,,,0.04554953224274215,,,0.06760176663356143,0.03531628417458705,,,0.01518723958697797,,,,0.06748598422044283,,0.01467486187050514,0.04004117388963903,0.012756305923774627,0.047516293756194455,0.15572434996220771,0.047807009160177896,0.23116357194658355,0.02174221002649022,0.05932482500332937,0.018899686075704254,0.07039992932431083,0.23072050374266578,0.07083065197281821,0.3424909192391122,,,,,,,,,,,,
continuum_wings,gap_limited,blue,continuum;core;red,159,878,ok,0.6736659403778056,1.9709620960777452,0.6582045176219463,0.08774458802932454,0.10752811875775013,0.4783932335907308,0.1302494051875557,0.1596163800376284,0.7101342147748158,,0.05078933036243507,0.02350523694769251,,,0.011097520799056593,,,,0.04899234090878042,,,0.07539245688144984,0.03489153234392449,,,0.016473329188696813,,,,0.07272497831982498,,0.013450020719196971,0.03842109606642645,0.009557960381530603,0.04845154151073649,0.1489113537988592,0.048902528079074484,0.23158701080401672,0.019965415962181383,0.0570328611906357,0.014187982215889235,0.07192220744240665,0.22104628551555786,0.07259165878513756,0.34377129215429536,,,,,,,,,,,,
continuum_wings,gap_limited,blue,continuum;core;red,160,876,ok,0.6652427180163595,1.9722797068535598,0.6627036643410013,0.08907136398367085,0.10662885445255574,0.46954249958013294,0.13389303117705142,0.16028563945879007,0.7058213293641586,,0.0564954379114726,0.021331682256954095,,,0.011325570629487757,,,,0.035212542355705936,,,0.08492454916294669,0.032066013921297085,,,0.017024719433620678,,,,0.05293187193495893,,0.011244243815244168,0.03709524314057691,0.008025754554246572,0.05018228612824449,0.15320059000647673,0.05492988295327614,0.22619948426467412,0.01690246809280767,0.05576196797942954,0.012064400461500736,0.07543455158423909,0.23029277263386633,0.08257119013202835,0.34002549466330495,,,,,,,,,,,,
continuum_wings,gap_limited,blue,continuum;core;red,161,874,ok,0.6607208512144549,1.973569078862568,0.6652152395926252,0.08251667240208223,0.10617947061331529,0.4720247081990574,0.12488885775348295,0.1607024667348539,0.7144086755116632,,0.056969495923266,0.016614748754749362,,,0.00979193196482251,,,,0.04264107660415703,,,0.08622324513983744,0.02514639688487233,,,0.01482007408548436,,,,0.06453720436668452,,0.008932427724066863,0.03538544712667821,0.006540968635222967,0.05446112288659159,0.14468728655522492,0.057526637335316516,0.22716970770435896,0.013519215728773182,0.05355582022519356,0.009899746047366558,0.0824268263768094,0.21898398739691466,0.08706647781673335,0.3438210059313307,,,,,,,,,,,,
continuum_wings,gap_limited,blue,continuum;core;red,162,872,ok,0.6590584296246232,1.9743613406618254,0.6661915850704133,0.0730165074782951,0.10607426596379116,0.479967656182537,0.11078912611721356,0.16094819699705135,0.7282626768857351,,0.05528495521865012,0.011072689202002528,,,0.0074193395962233195,,,,0.045300311398335506,,,0.08388475548387797,0.016800770165870036,,,0.011257483802231492,,,,0.06873489414912269,,0.006658863057642455,0.03356443943866198,0.002990569244896082,0.062099917684009784,0.14788881308286536,0.06009880387831565,0.2266797278230205,0.010103600467465551,0.050927866073694136,0.004537639017225538,0.09422520810390018,0.22439408470520236,0.09118888580568772,0.3439448122257224,,,,,,,,,,,,
continuum_wings,gap_limited,blue,continuum;core;red,163,870,ok,0.669719378457332,1.9751332676899453,0.6609244604337152,0.06462925864342592,0.11005010798692223,0.49504001182698393,0.0965019987808871,0.16432271713626928,0.7391752840828437,,0.05160730535728793,0.008580469599518232,,,0.006698648421045109,,,,0.04862258458844815,,,0.07705810376304625,0.01281203721368038,,,0.01000217200893177,,,,0.07260143002050808,,0.004441483686619756,0.036567594655399265,0.0,0.06678386491047786,0.15296100720951467,0.05786664885125866,0.23558977117776242,0.00663185780416047,0.05460136862043779,0.0,0.09971917650689971,0.22839567157494137,0.08640432203791362,0.35177386044948067,,,,,,,,,,,,
continuum_wings,gap_limited,blue,continuum;core;red,164,868,ok,0.6693509962215953,1.9758847046052193,0.6612398513630439,0.06608310023457013,0.11380512107417234,0.48946277491285284,0.09872712613800706,0.1700230846246414,0.7312497892373515,,0.05405536500064194,0.008416776000731393,,,0.006997431933678468,,,,0.04886950469311429,,,0.08075787636946516,0.012574532716382087,,,0.010454054708483467,,,,0.07301028155478467,,0.0036109592331967973,0.0421457976432421,0.0,0.06466189149725178,0.1545760542042413,0.05230029485625445,0.2337169211592428,0.005394717052159811,0.06296516757448631,0.0,0.09660386234167166,0.230934225954401,0.07813582881251127,0.34916945291565454,,,,,,,,,,,,
continuum_wings,gap_limited,blue,continuum;core;red,165,866,ok,0.6669541411711246,1.9766154931025657,0.662577702391572,0.05741305497864267,0.11988512176835692,0.4896559644241251,0.08608246269800407,0.1797501722649882,0.7341673650370079,,0.04850940647320793,0.008554710327063697,,,0.006741078873486313,,,,0.05198035455958182,,,0.07273274649442736,0.012826534538105165,,,0.010107259940915056,,,,0.07793692452123915,,0.0003489381783710464,0.04901717870962526,0.0,0.06412686418524534,0.14432536658406023,0.05841004384617571,0.23494019943430738,0.0005231816654715352,0.0734940765545807,0.0,0.09614883576949244,0.2163947379210136,0.08757730140727783,0.3522584011874773,,,,,,,,,,,,
continuum_wings,gap_limited,blue,continuum;core;red,166,864,ok,0.6762069228608667,1.9772792692632677,0.6580114233874612,0.062270645446301655,0.12311669499432584,0.49081958242023904,0.09208815133517079,0.1820695571607713,0.7258422915040577,,0.053102827439073345,0.009167818007228308,,,0.006168143875038746,,,,0.06580412254186763,,,0.07853044037823248,0.013557710956938305,,,0.009121681051330904,,,,0.09731358895804619,,0.0,0.05407870182645272,0.0,0.06286984929283439,0.14080467400461,0.05102956199131659,0.23318122388244486,0.0,0.0799735997934758,0.0,0.09297427631596461,0.20822719975846998,0.07546441816274663,0.3448370846247949,,,,,,,,,,,,
continuum_wings,gap_limited,blue,continuum;core;red,167,862,ok,0.6872290768715723,1.977908202994024,0.6525475369224659,0.07407400516982837,0.12569099172100223,0.48746407998074165,0.10778648293961977,0.18289533425037408,0.7093181828100061,,0.06375945312142017,0.010314552048408206,,,0.0045641482820862,,,,0.07081096186187573,,,0.09277758358489156,0.015008899354728211,,,0.0066413783055619124,,,,0.10303836703799527,,0.0,0.0572195846034447,0.0,0.06390725883547133,0.13709243054781456,0.037980062060576796,0.24158062551047454,0.0,0.08326129747583098,0.0,0.09299265846898117,0.19948578306944084,0.05526550511144105,0.3515285275911289,,,,,,,,,,,,
continuum_wings,gap_limited,blue,continuum;core;red,168,861,ok,0.6949449079314995,1.9787393524688233,0.6487941137551055,0.0908300634383902,0.12429225295001463,0.4798225915430947,0.13070109932706103,0.17885195147334768,0.6904469491995913,,0.07982857833585567,0.011001485102534535,,,0.0030340079776348546,,,,0.09196914130805395,,,0.11487036947067514,0.01583072985638589,,,0.004365825179819744,,,,0.13234019021996965,,0.0,0.05798209988007391,0.0,0.06327614509230586,0.08440115949620078,0.061589850077971714,0.24186244066086826,0.0,0.08343409559278213,0.0,0.0910520307007458,0.12145014451205989,0.08862551459121218,0.34803109987634956,,,,,,,,,,,,
continuum_wings,gap_limited,blue,continuum;core;red,169,860,ok,0.7082327149569736,1.9795370679088546,0.6422230599070828,0.10218855815058464,0.12288558048762634,0.4831585763187627,0.14428669559100046,0.1735101724227634,0.6822031319862363,,0.09011217968419385,0.012076378466390791,,,0.0008771308584627646,,,,0.08562123510942489,,,0.12723526855105574,0.017051427039944705,,,0.0012384783136091813,,,,0.1208942107604088,,0.0,0.05866728424626766,0.0,0.06334116538289591,0.10270320724291152,0.050620890285344874,0.2442132436810814,0.0,0.08283616812283488,0.0,0.08943552598631935,0.14501336223807582,0.07147493926261254,0.34482061972513905,,,,,,,,,,,,
continuum_wings,gap_limited,blue,continuum;core;red,170,859,ok,0.7181291009092595,1.9804022733517113,0.637382207356371,0.1115300260879497,0.12382230955989268,0.4827767652614171,0.15530637311137496,0.17242346731683064,0.6722701595717944,,0.09938491050975351,0.012145115578196187,,,0.0,,,,0.08074584946795364,,,0.13839421126913984,0.01691216184223511,,,0.0,,,,0.11243918310192032,,0.0,0.0591102163044372,0.0012804186039728467,0.06343167465148264,0.1050237839148938,0.05258884176764395,0.24441829011092572,0.0,0.08231140644432146,0.0017829922257037683,0.08832906864680541,0.14624638352897534,0.07323034493527496,0.34035424800562375,,,,,,,,,,,,
continuum_wings,gap_limited,blue,continuum;core;red,171,858,ok,0.7174494413435684,1.9812481034411884,0.6378800615140477,0.12349693686083031,0.12291772554626305,0.47103477893647494,0.17213329573378364,0.17132597568976413,0.6565407285764522,,0.11287278864536605,0.010624148215464261,,,0.0,,,,0.0676863032288228,,,0.1573250770590734,0.014808218674710244,,,0.0,,,,0.0943429589994057,,0.0,0.0541164359613936,0.0037916171186589184,0.06500967246621053,0.11558936126769308,0.055011958824599666,0.23274715561535939,0.0,0.07542891922816149,0.005284856186602296,0.09061220027500035,0.16111150780357256,0.07667712267163901,0.3244091391018349,,,,,,,,,,,,
continuum_wings,gap_limited,blue,continuum;core;red,172,857,ok,0.7331409891255033,1.982074495220775,0.6301143115996722,0.1369187092486332,0.12300210538291845,0.4732201744939516,0.18675631465095271,0.1677741487754441,0.6454695365736031,,0.128281823471804,0.008636885776829199,,,0.0,,,,0.07122092524637205,,,0.17497565321619737,0.011780661434755337,,,0.0,,,,0.09714492342233513,,0.0,0.053455400654979154,0.006864563054135917,0.06268214167380338,0.13187169149747544,0.03430018285656002,0.2358273748935441,0.0,0.07291285229972096,0.009363223658145244,0.08549807281757792,0.17987221210312235,0.046785247810893195,0.3216671532372525,,,,,,,,,,,,
continuum_wings,gap_limited,blue,continuum;core;red,173,856,ok,0.7377056155895388,1.983356259459693,0.62805188827222,0.14006083351870888,0.12101434041617572,0.4766304416546542,0.18986006146473347,0.16404150633917416,0.6460984321960923,,0.13108436013860944,0.008976473380099445,,,0.0,,,,0.07601946054254125,,,0.17769196461091477,0.012168096853818687,,,0.0,,,,0.10304850462848944,,0.0,0.0524169019535341,0.007639190013944453,0.06095824844869716,0.12289979926393871,0.03620939701458068,0.24150178483359358,0.0,0.0710539554611429,0.010355336671579462,0.0826322142064518,0.1665973481382856,0.04908380287391993,0.3273687765553973,,,,,,,,,,,,
continuum_wings,gap_limited,blue,continuum;core;red,174,855,ok,0.7453596323200029,1.9841374396745237,0.6243407248833321,0.139709779293066,0.12005641431310789,0.485593438713829,0.18743942284371637,0.16107179555648976,0.6514887815997938,,0.12908680562465544,0.010622973668410559,,,0.0,,,,0.09183986780225895,,,0.17318727769420575,0.014252145149510634,,,0.0,,,,0.12321551076813565,,0.0,0.04571172870262843,0.007101762563078588,0.06724292304740087,0.10990293813292756,0.03582811785518471,0.2480225149234578,0.0,0.06132842016188389,0.009527967782443055,0.09021540761216282,0.14744954431036758,0.04806822948496188,0.33275549703632873,,,,,,,,,,,,
continuum_wings,gap_limited,blue,continuum;core;red,175,854,ok,0.757011018143278,1.9848989432394581,0.6186148313889639,0.15040627738986956,0.11272115004234043,0.4938835907110679,0.1986843966403174,0.1489029186375804,0.6524126847221021,,0.1354997897094272,0.014906487680442379,,,0.0,,,,0.10171470130346263,,,0.1789931539461179,0.019691242694199543,,,0.0,,,,0.13436356785524525,,0.0,0.034036080295246005,0.003963034992064343,0.07472203475503007,0.09703381045891579,0.03711343035249983,0.25802164859618965,0.0,0.04496114254548943,0.005235108733006931,0.09870666735908404,0.1281801824984143,0.04902627499864929,0.3408426593697932,,,,,,,,,,,,
continuum_wings,gap_limited,blue,continuum;core;red,176,853,ok,0.7659027517878381,1.985640701243419,0.6142792846116646,0.15939111434190822,0.11074743084782218,0.4957642065981077,0.20810881534221332,0.14459724891875073,0.647293935739036,,0.1414092888901376,0.01798182545177062,,,0.0,,,,0.11555329592231546,,,0.18463086672563522,0.023477948616578086,,,0.0,,,,0.15087202083107903,,0.0,0.026075395986183473,0.002435269367627087,0.08223676549401161,0.08977759536499856,0.036772219968797495,0.2536610953419962,0.0,0.034045309179678455,0.0031796064995751297,0.10737233323949714,0.11721800862502679,0.04801160445364705,0.33119230182928316,,,,,,,,,,,,
continuum_wings,gap_limited,blue,continuum;core;red,177,852,ok,0.7884728084935573,1.9862644531667824,0.6030373461920269,0.16572087896503374,0.11159627704340846,0.5111556524851151,0.21017957395595827,0.14153471856134445,0.6482857074826973,,0.1450954167316383,0.02062546223339544,,,0.001727866171175699,,,,0.12816409652494906,,,0.1840208250286464,0.026158748927311896,,,0.0021914086986422913,,,,0.16254726243485454,,0.0,0.021116908977849642,0.0004941876723594174,0.08825731422202371,0.05927564338235661,0.06292136296774198,0.2607945496100675,0.0,0.026782038328240193,0.0006267656500464537,0.1119345058844155,0.07517779020890732,0.07980156359222897,0.33075909124670655,,,,,,,,,,,,
continuum_wings,gap_limited,blue,continuum;core;red,178,851,ok,0.8002476001722097,1.9864050870722771,0.597137761385997,0.16817630519834226,0.11548853791056718,0.5165827570633003,0.21015533837546213,0.144316006553115,0.6455286550714228,,0.14571839287938387,0.022457912318958374,,,0.0071918529576076645,,,,0.13559810920623028,,,0.18209163369940243,0.028063704676059672,,,0.008987034707832938,,,,0.16944519318402224,,0.0,0.017998275957977213,0.0,0.0902984089949823,0.056676127963086555,0.06565335937338522,0.2586551605205982,0.0,0.022490884014027736,0.0,0.11283808783125433,0.0708232401457875,0.08204130741442636,0.3232189143271867,,,,,,,,,,,,
continuum_wings,gap_limited,blue,continuum;core;red,179,850,ok,0.8203252210497574,1.9869829996179789,0.5871503574980529,0.1689590805578243,0.12138765499429,0.529978485497643,0.2059659708397238,0.14797503706999537,0.6460589920902808,,0.14474319721683576,0.024215883340988533,,,0.014357867118832857,,,,0.15135078839482863,,,0.1764461136908727,0.029519857148851095,,,0.017502652302289718,,,,0.18450095707303427,,0.0,0.014534974784548065,0.0,0.09249481309090908,0.04941195287420823,0.06894770480504821,0.2602680394235579,0.0,0.017718551632421937,0.0,0.11275383313528373,0.060234589411960936,0.08404923198242877,0.3172742136228568,,,,,,,,,,,,
continuum_wings,gap_limited,blue,continuum;core;red,180,849,ok,0.8368005755833898,1.9871141894970488,0.578886517943309,0.16857541042791147,0.1295277694969017,0.5386973956585767,0.20145231175347392,0.15478929302432567,0.6437583952222005,,0.1437013873676346,0.024874023060276876,,,0.02191738653190859,,,,0.15821588221324712,,,0.17172716123844767,0.029725150515026267,,,0.026191887495570266,,,,0.18907238693394088,,0.0,0.014692884752794809,0.0,0.09291749821219832,0.05129934746976411,0.06858561087940268,0.26059655509616275,0.0,0.017558406604287303,0.0,0.11103899892446811,0.06130414935960088,0.08196171570697959,0.3114201432216791,,,,,,,,,,,,
continuum_wings,gap_limited,blue,continuum;core;red,181,848,ok,0.8532948518805359,1.9872403277428785,0.5706131563615734,0.17237849677931308,0.13359278362422036,0.5473235714770024,0.2020151608783486,0.15656110350343916,0.6414237356182122,,0.14705662700682842,0.025321869772484667,,,0.02461369786131755,,,,0.1552771671780345,,,0.17233975651293024,0.029675404365418358,,,0.028845477981113553,,,,0.18197363647023831,,0.0,0.013921219267838875,0.0,0.09505786649506394,0.05593287087440019,0.06660556921896522,0.2695079642056025,0.0,0.01631466454667875,0.0,0.11140096097564685,0.06554928903078742,0.07805692144066777,0.31584388867651875,,,,,,,,,,,,
continuum_wings,gap_limited,blue,continuum;core;red,182,847,ok,0.8678103935545065,1.9874899789672607,0.5633636381877956,0.17743710518428385,0.1345690999442108,0.5558041884260119,0.20446529161457797,0.1550673982977119,0.6404673100877101,,0.15168143507041273,0.025755670113871105,,,0.024199595404980626,,,,0.14250174948775812,,,0.1747863775278531,0.029678914086724878,,,0.027885809601634677,,,,0.16420839223194633,,0.0,0.013559822680984783,0.0,0.09680968185824537,0.06484007296333244,0.07080417207793163,0.2776581938969897,0.0,0.015625328737357537,0.0,0.11155625995871969,0.07471686608609382,0.08158944926658622,0.31995260250308377,,,,,,,,,,,,
continuum_wings,gap_limited,blue,continuum;core;red,183,846,ok,0.884912782940093,1.9877353296197842,0.5548135761568758,0.1826201039930056,0.13580383077097405,0.5664888481761134,0.2063707379005832,0.15346578034478198,0.6401634817546349,,0.15650135039291305,0.02611875360009254,,,0.02266413547433138,,,,0.12559746974586217,,,0.1768551131931246,0.02951562470745858,,,0.025611716670009617,,,,0.1419320323620694,,0.0,0.016069605694267134,0.0,0.09707008960237554,0.09180976529824236,0.06360878643743373,0.2854728266945752,0.0,0.01815953617584369,0.0,0.10969452749892868,0.10375007240059014,0.07188141889655573,0.32259995809541964,,,,,,,,,,,,
continuum_wings,gap_limited,blue,continuum;core;red,184,845,ok,0.8965263141599346,1.9879763387159173,0.54902566157352,0.18696741500851832,0.1383248666992234,0.571234032452193,0.2085464888821596,0.15428980110732937,0.6371637100105112,,0.16049788378744143,0.026469531221076894,,,0.024792364771774704,,,,0.11823553265128303,,,0.17902194420007803,0.02952454468208158,,,0.027653806006804955,,,,0.13188183189254452,,0.0,0.018412985950897832,0.0,0.09511951597655084,0.1052502293109161,0.0545538251630612,0.2931944453269327,0.0,0.020538143342899218,0.0,0.10609785175762519,0.11739781381602607,0.06085022190807569,0.3270338423938649,,,,,,,,,,,,
continuum_wings,gap_limited,blue,continuum;core;red,185,844,ok,0.9033567122663051,1.9882129648528823,0.545643888136943,0.19193350400741407,0.14105293791219103,0.5703702703466998,0.2124670148582823,0.15614312264124663,0.6313898625004709,,0.16586172852680853,0.026071775480605554,,,0.02509638092103105,,,,0.1636389580725448,,,0.18360601772770502,0.028860997130577278,,,0.027781252499990017,,,,0.18114544990983014,,0.0,0.01923913888704703,0.0,0.09671741810411297,0.0501707540710377,0.05563633713961681,0.30092422106350053,0.0,0.021297388535233937,0.0,0.10706448160602271,0.055538142784339675,0.06158844715952638,0.33311782264677475,,,,,,,,,,,,
continuum_wings,gap_limited,blue,continuum;core;red,186,843,ok,0.8989744078719839,1.9880340416426785,0.5478073367752051,0.18690147898585827,0.14725003585040985,0.5648228930357159,0.20790522772309386,0.16379780621227497,0.6282969660646313,,0.16126439457103833,0.02563708441481993,,,0.024949703598416088,,,,0.15708326471478928,,,0.17938708060975497,0.02851814711333886,,,0.02775351932150774,,,,0.1747360807374155,,0.0,0.01819509067827417,0.0,0.10410524157371961,0.053845152080444866,0.06276638365353804,0.29112809258694367,0.0,0.0202398316558809,0.0,0.11580445523488635,0.05989620128108535,0.06981998942785936,0.32384469461827103,,,,,,,,,,,,
continuum_wings,gap_limited,blue,continuum;core;red,187,842,ok,0.9183733733911363,1.9877392748184994,0.5379809691213332,0.1839677549459019,0.1549515412509163,0.5794540771943182,0.20031912975285032,0.16872390439495272,0.630956965852197,,0.15773445409302836,0.026233300852873526,,,0.02405597283424767,,,,0.16082869884875384,,,0.17175416738247382,0.02856496237037649,,,0.026194109641288786,,,,0.17512343400689678,,0.0,0.018035024813791878,0.0,0.11286054360287678,0.055094356698488084,0.07519260711723454,0.28833841452984177,0.0,0.01963800926326589,0.0,0.12289178549039807,0.059991239178733606,0.08187585713595151,0.31396643553061515,,,,,,,,,,,,
continuum_wings,gap_limited,blue,continuum;core;red,188,841,ok,0.9480891368425757,1.9873101002544487,0.5229284364220996,0.1909676878130581,0.15998733489346306,0.5971341141360544,0.20142376955086566,0.1687471448373192,0.629829085611815,,0.1623748642146562,0.028592823598401897,,,0.025321319048509417,,,,0.13781086179940305,,,0.1712653989005862,0.030158370650279435,,,0.026707740933344187,,,,0.14535644006886844,,0.0,0.01660667080731739,0.0,0.11805934503763627,0.08097939271289642,0.08171794193732941,0.29662591768642554,0.0,0.0175159382825782,0.0,0.12452346562139682,0.08541326924447458,0.08619225636259786,0.3128671199358742,,,,,,,,,,,,
continuum_wings,gap_limited,blue,continuum;core;red,189,840,ok,0.952216237150981,1.9868577280476734,0.5207426159865927,0.19342593971009533,0.1690142436164766,0.5897760538244092,0.20313236864015605,0.1774956538466148,0.6193719775132293,,0.16236789465631202,0.03105804505378331,,,0.028689778814412585,,,,0.11905603600450365,,,0.17051578026238526,0.032616588377770775,,,0.030129478678343105,,,,0.12503046194708653,,0.0,0.018525916980434674,0.0,0.12179854782162933,0.09802850396069593,0.08737631528138878,0.28531519857782084,0.0,0.01945557769090767,0.0,0.12791059747736402,0.10294773407140796,0.0917610012015943,0.29963278029314044,,,,,,,,,,,,
continuum_wings,gap_limited,blue,continuum;core;red,190,840,ok,0.967409396595413,1.9865645876574762,0.5130239396162136,0.19691716898755707,0.17310761533331243,0.5973846122745434,0.20355101953791666,0.17893935694911278,0.6175096235129705,,0.16246348978831526,0.03445367919924182,,,0.030240775679993344,,,,0.12211168524685352,,,0.16793664642918518,0.03561437310873147,,,0.03125954305014938,,,,0.12622544878786482,,0.0,0.020879274004214025,0.0,0.12198756564910507,0.11002513830399444,0.08876086167354909,0.27648692705014644,0.0,0.021582666116014677,0.0,0.12609714778294875,0.11373172380917942,0.09175108489324545,0.2858013660226808,,,,,,,,,,,,
continuum_wings,gap_limited,blue,continuum;core;red,191,840,ok,0.9483331639077788,1.9857837157353349,0.5224388454829407,0.19154646374182885,0.18521537369905255,0.5715713264668973,0.2019822474124251,0.1953062285999142,0.6027115239876607,,0.15406923310898746,0.03747723063284139,,,0.03629190313110481,,,,0.16940624287132,,,0.16246319223311484,0.03951905517931026,,,0.03826914897878024,,,,0.17863578889643683,,0.0,0.026860806956410205,0.0,0.12206266361153753,0.05776221805791523,0.08186438756091527,0.2625384779767468,0.0,0.028324230321889597,0.0,0.12871284929924437,0.06090920391299566,0.08632450142688063,0.2768420297513475,,,,,,,,,,,,
continuum_wings,gap_limited,blue,continuum;core;red,192,840,ok,0.9510506869340736,1.9856141811078245,0.5210294648462764,0.18681715547717687,0.19368041424113772,0.570553117215759,0.19643238582732547,0.20364888738528777,0.5999187267873868,,0.14575632065866667,0.041060834818510195,,,0.04071534411204145,,,,0.1702130497253824,,,0.15325820449017818,0.043174181337147295,,,0.042810908683843706,,,,0.17897368885154014,,0.0,0.03222634903981419,0.0,0.12073872108928208,0.05682277541940833,0.08591343878772431,0.25760385328324387,0.0,0.03388499633358459,0.0,0.12695298236785946,0.05974736804259021,0.09033528913657132,0.270862380756685,,,,,,,,,,,,
continuum_wings,gap_limited,blue,continuum;core;red,193,840,ok,0.9578909656945391,1.9849734486033848,0.517428826885081,0.18110073431272058,0.20293454824229723,0.5738556831395211,0.18906195047095956,0.21185558222188183,0.5990824673071583,,0.1329909781386426,0.048109756174077985,,,0.04421345107843298,,,,0.19370209971444804,,,0.13883728200966453,0.05022466846129506,,,0.046157081193865405,,,,0.20221727383554583,,0.0,0.039074490378723306,0.0,0.11964660678514094,0.03655862684251995,0.09435821041966583,0.2492367461628873,0.0,0.04079221099072745,0.0,0.124906290037289,0.03816574970619161,0.0985062118748029,0.26019323189061805,,,,,,,,,,,,
continuum_wings,gap_limited,blue,continuum;core;red,194,840,ok,0.9685473128890043,1.9843158879878338,0.5118986252379878,0.17513397498976385,0.2115373990734061,0.5818759388258344,0.18082129046166096,0.2184068824086948,0.6007718271296444,,0.121327258942443,0.05380671604732083,,,0.04739754682262233,,,,0.18418644464194198,,,0.12526725058019664,0.055554039881464304,,,0.04893673875491315,,,,0.1901677307766686,,0.0,0.04467528777377806,0.0,0.11946456447700571,0.05407368382653162,0.10831095061271903,0.23530485974464174,0.0,0.04612607683616366,0.0,0.12334406681761799,0.055829677194849096,0.1118282495561799,0.24294616960194668,,,,,,,,,,,,
continuum_wings,gap_limited,blue,continuum;core;red,195,840,ok,0.9807989909893616,1.9831511786498799,0.5054340780731393,0.17019561558778507,0.21710447810575337,0.5934988972958232,0.17352751904455324,0.22135471192395245,0.6051177690314943,,0.11539558791632645,0.054800027671458626,,,0.049897970001411156,,,,0.1746327275877855,,,0.1176546764183795,0.05587284262617377,,,0.05087481783711621,,,,0.17805149596618997,,0.0,0.04649223168267467,0.0,0.12071427642166754,0.05994689660526838,0.12313540838210195,0.23578386472066734,0.0,0.047402405701678536,0.0,0.1230774883851577,0.06112047132593206,0.12554601861681314,0.2403997831225591,,,,,,,,,,,,
continuum_wings,gap_limited,blue,continuum;core;red,196,840,ok,0.9707823496671399,1.9819314295270793,0.5101836848620247,0.16572440276008998,0.22120094561929848,0.5838570012877515,0.17071221249223706,0.22785843365935057,0.6014293538484125,,0.10994926689803033,0.055775135862059656,,,0.05325160620944114,,,,0.17736523666615062,,,0.11325841156437334,0.05745380092786373,,,0.05485432056701479,,,,0.18270340074370459,,0.0,0.044896980590137886,0.0,0.12305235881971946,0.04595821738683793,0.11843321176431597,0.24210033547044704,0.0,0.04624824566035021,0.0,0.12675586743198558,0.04734142251617574,0.12199769784125569,0.2493868327472764,,,,,,,,,,,,
continuum_wings,gap_limited,blue,continuum;core;red,197,840,ok,0.9654610883565311,1.9806562139547044,0.5125549393406437,0.15856194614641833,0.22761103274833577,0.579288109461777,0.16423442442028657,0.23575370928287712,0.6000118662968363,,0.10275463822787403,0.05580730791854428,,,0.057349690526346,,,,0.18332079469012777,,,0.10643063658089988,0.05780378783938668,,,0.0594013484520337,,,,0.18987900900510452,,0.0,0.04518155486872362,0.0,0.12507978735326614,0.037406591531072717,0.11531100585443231,0.24324971738614415,0.0,0.04679790352362571,0.0,0.12955445730721768,0.038744794567276225,0.11943620229244246,0.25195186043201306,,,,,,,,,,,,
continuum_wings,gap_limited,blue,continuum;core;red,198,840,ok,0.9514297970128993,1.9798999794216123,0.5194556255863033,0.13141315324380667,0.23691328285915172,0.583103360909941,0.138121754917063,0.24900763419746008,0.612870610885477,,0.07930679341053264,0.05203445814023364,,,0.061760993750201665,,,,0.17673039199601046,,,0.08335538119525324,0.05469080146911582,,,0.06491387377619026,,,,0.18575242498276978,,7.190169304039704e-05,0.046040888707198385,0.0,0.12911140040175167,0.026150253496532307,0.13830058364118436,0.2419221317762139,7.557225269393388e-05,0.048391262131738944,0.0,0.13570249828953088,0.027485216017654076,0.14536078655029688,0.2542721833347563,,,,,,,,,,,,
continuum_wings,gap_limited,blue,continuum;core;red,199,840,ok,0.9422038096928149,1.979126563320271,0.523929481239401,0.10934853348519415,0.2479134677301218,0.5849418084774989,0.11605613600824312,0.26312085047814504,0.6208230135136117,,0.05652718403948773,0.04893271156236247,,,0.06829322561162932,,,,0.17019018865465563,,,0.05999464601816584,0.05193431724534835,,,0.07248243417089859,,,,0.1806299092657484,,0.003888637883343945,0.04587007108107581,0.0,0.13375017103741665,0.020135304057947716,0.1572587519276067,0.23735756383728887,0.004127172744728925,0.04868380981820775,0.0,0.1419546064890387,0.02137043371169598,0.16690523887700845,0.2519174316591589,,,,,,,,,,,,
continuum_wings,gap_limited,blue,continuum;core;red,200,840,ok,0.9410130850916891,1.9785411400199346,0.5243904379556362,0.09442426374225207,0.25692388839441804,0.589664932955019,0.10034319951358774,0.27302902846391797,0.6266277720224943,,0.037987188545712654,0.04565979949362545,,,0.07399848113914659,,,,0.16041804898020529,,,0.0403683956658385,0.04852196023307849,,,0.07863703737120342,,,,0.17047377079201262,,0.010777275702913966,0.04429094167085859,0.0,0.13863446558441284,0.07997087569717078,0.11330583497825343,0.23597017329938946,0.01145284361467074,0.04706729627095784,0.0,0.14732469482175667,0.08498380837008093,0.12040835220395824,0.25076184065644247,,,,,,,,,,,,
continuum_wings,gap_limited,core,continuum;blue;red,0,1363,ok,1.3739132626105484,1.9848518423222423,0.3078005958353856,0.08414876515761113,0.5303572145042789,0.7594072829486584,0.06124750917515823,0.3860194300013936,0.5527330608234482,0.06167007093039455,,0.005522900375301741,,0.00625034083605431,,,,0.115129232419848,,,0.04488643687245317,,0.004019831910500504,,0.0045492979841959946,,,,0.08379657985184084,,,0.01695579385191484,,0.006527599793400494,,,0.19132765810073668,,0.012341240392204553,,0.004751100357672883,,,0.13925745045738794,,0.11837753729380918,0.3992017365810149,0.13344512505096218,0.3195052673771115,0.08616085200959638,0.29055817964992836,0.09712776540012828,0.2325512651140911,,,,
continuum_wings,gap_limited,core,continuum;blue;red,1,1356,ok,1.366727881032002,1.9844588839020358,0.31128435458206455,0.07716843731883034,0.5396855335463118,0.7498739101668599,0.056462181235785766,0.39487416700594474,0.5486636517582695,0.05571209228797422,,0.0,,0.0,,,,0.13270891554963915,,,0.04076311975570923,,0.0,,0.0,,,,0.09709973535436478,,,0.021456345030856125,,0.00671401289670397,,,0.1847019864286695,,0.01569906148007653,,0.004912472328898631,,,0.135141741814181,,0.12704954851131023,0.4059219721382975,0.11277653395565354,0.31968647423289764,0.09295892055364849,0.2970027741233976,0.08251571912800751,0.23390645546171612,,,,
continuum_wings,gap_limited,core,continuum;blue;red,2,1350,ok,1.3632896449966887,1.9844986517990277,0.3130307023586253,0.07226216115162708,0.5495772423433292,0.7414502415017326,0.053005728765586416,0.4031258099555682,0.5438684612788455,0.04477039897928003,,0.0,,0.0,,,,0.11994343586502393,,,0.03283997582141744,,0.0,,0.0,,,,0.08798088968490277,,,0.027491762172347046,,0.0034897112075191997,,,0.17816457589121598,,0.02016575294416897,,0.0025597724007708398,,,0.1306872509045198,,0.14197016057407283,0.40411737056173713,0.12591780115642087,0.31742442858907177,0.10413792923250559,0.2964281083222918,0.09236320514759482,0.23283711554182807,,,,
continuum_wings,gap_limited,core,continuum;blue;red,3,1344,ok,1.3808656897504947,1.9845293646357949,0.30418480353206623,0.07479514454528755,0.5563254310269647,0.7497451141782423,0.054165401530689126,0.4028816380595899,0.5429529604097209,0.03696640239129711,,0.0,,0.0,,,,0.10210092030819547,,,0.026770454697861656,,0.0,,0.0,,,,0.07393979086166146,,,0.03782874215399043,,0.0,,,0.17554936821784586,,0.027394946832827467,,0.0,,,0.1271299370538821,,0.15426508226335683,0.40206034876360797,0.13791862491771698,0.334176200734484,0.11171621064118888,0.29116542741840107,0.09987837770278524,0.24200485479139214,,,,
continuum_wings,gap_limited,core,continuum;blue;red,4,1338,ok,1.3632673762394325,1.9843790566830437,0.31300052192743644,0.07842517473484809,0.5543250732323272,0.7305171282722573,0.05752736117780769,0.40661507998631247,0.5358575588358799,0.03235321674940562,,0.0,,0.0,,,,0.10567158080106773,,,0.023732113973600567,,0.0,,0.0,,,,0.0775134670152251,,,0.04607195798544246,,0.0,,,0.16843017015607153,,0.033795247204207124,,0.0,,,0.1235488893020278,,0.16695829988354358,0.38736677334878356,0.11692681905668557,0.3394885582584325,0.1224692256218273,0.28414585436448514,0.08576954242037811,0.2490256600982489,,,,
continuum_wings,gap_limited,core,continuum;blue;red,5,1332,ok,1.3554288532252834,1.9842100350749907,0.3168924512701591,0.08996328584051266,0.554612056868236,0.7108535105165348,0.06637256217944774,0.40917828740956785,0.5244491504109844,0.029985819329479052,,0.0,,0.0,,,,0.09160959941738323,,,0.022122754180809195,,0.0,,0.0,,,,0.06758716932976264,,,0.05997746651103361,,0.0,,,0.16256128572663336,,0.04424980799863854,,0.0,,,0.11993347001564408,,0.1800150547761869,0.37459700209204905,0.12315303770245475,0.33352958767006347,0.13281040487505907,0.2763678825345088,0.0908590940862801,0.24606941697929763,,,,
continuum_wings,gap_limited,core,continuum;blue;red,6,1326,ok,1.3501371446112924,1.9840218090452022,0.31949480673250175,0.09034111938936802,0.5638709585105894,0.695925066711335,0.0669125501434726,0.41763976404999154,0.5154476858065359,0.021324186542180563,,0.0,,0.0,,,,0.0816319448365341,,,0.015794089235519733,,0.0,,0.0,,,,0.06046196503988203,,,0.06901693284718746,,0.0,,,0.16017530534687324,,0.05111846090795287,,0.0,,,0.11863632223301884,,0.20291166252425194,0.36095929598633747,0.13282651116748326,0.3212913053604444,0.15028966748609132,0.2673500965639002,0.098380013984227,0.23796938454940808,,,,
continuum_wings,gap_limited,core,continuum;blue;red,7,1320,ok,1.3579575214033432,1.9838138740012745,0.3154813870394307,0.09938161882344963,0.5643618168019964,0.6942140857778971,0.07318463004700358,0.41559607565542434,0.511219294297572,0.02248026782061735,,0.0,,0.0,,,,0.07301911088651275,,,0.016554470567964264,,0.0,,0.0,,,,0.05377127762513012,,,0.07690135100283228,,0.0,,,0.15420830612357575,,0.05663015947903932,,0.0,,,0.11355900585477334,,0.21383544907703048,0.3505263677249659,0.14704030411436486,0.3199463646534438,0.15746843749283718,0.25812763816258716,0.10828048874637122,0.23560852207129732,,,,
continuum_wings,gap_limited,core,continuum;blue;red,8,1314,ok,1.367959304699109,1.9835857110704636,0.3103603756245974,0.09864964598688176,0.5711155479204874,0.6981941107917399,0.07211445958078436,0.4174945453118634,0.5103909951073522,0.015266379214368204,,0.0,,0.0,,,,0.09050510536676233,,,0.011159965915598737,,0.0,,0.0,,,,0.06616067090290342,,,0.08338326677251356,,0.0,,,0.1298199054930122,,0.06095449366518562,,0.0,,,0.09490041483475774,,0.2309997208894628,0.34011582703102455,0.1665192695589571,0.3113498303730083,0.16886446847939868,0.24863007683246477,0.12172823342547023,0.22760167594422087,,,,
continuum_wings,gap_limited,core,continuum;blue;red,9,1308,ok,1.3602862040964485,1.9833367866277625,0.3141426038846064,0.09660242713791495,0.5755953688857685,0.688088408072765,0.07101625146752244,0.4231428409347868,0.5058409075976906,0.003570204068721474,,0.0,,0.0,,,,0.16370068222643108,,,0.00262459771919317,,0.0,,0.0,,,,0.12034282324811713,,,0.09303222306919347,,0.0,,,0.09330683266463596,,0.06839165374832927,,0.0,,,0.06859353008480576,,0.2450082540920492,0.33058711479371927,0.12921282013410063,0.30186807304759733,0.18011522380673747,0.24302761712804935,0.0949894365942853,0.2219151176704825,,,,
continuum_wings,gap_limited,core,continuum;blue;red,10,1302,ok,1.3590158480878094,1.9830665518056287,0.3146897430898956,0.11202400020494445,0.5695104128839695,0.6774814349988956,0.08243023829528315,0.41906090623247244,0.4985088554722445,0.0005075065107534487,,0.0,,0.0,,,,0.14937591483162485,,,0.00037343678623581245,,0.0,,0.0,,,,0.10991477034046575,,,0.111516493694191,,0.0,,,0.10168459320097306,,0.08205680150904733,,0.0,,,0.0748222276760403,,0.24803611036797746,0.32147430251599207,0.12783484912266196,0.29858607784363567,0.18251156579003427,0.23654934044243817,0.09406428137135472,0.21970757608438374,,,,
continuum_wings,gap_limited,core,continuum;blue;red,11,1296,ok,1.345838537900658,1.982774441984529,0.3212346753100323,0.12996601625836723,0.5617338939111439,0.6541386277311471,0.09656880271915691,0.4173857993302669,0.4860453979505762,0.0,,0.0,,0.0,,,,0.1297139933620501,,,0.0,,0.0,,0.0,,,,0.09638154184853996,,,0.12996601625836723,,0.0,,,0.10958313494279005,,0.09656880271915691,,0.0,,,0.08142368631658163,,0.2485721150175214,0.3131617788936225,0.1281742168087248,0.2866672826175821,0.18469683250805347,0.23268896682221346,0.09523743985564623,0.21300272992980843,,,,
continuum_wings,gap_limited,core,continuum;blue;red,12,1290,ok,1.328638338942292,1.982459876263427,0.3298031628027341,0.15165198795807894,0.5511660383009795,0.6258203126832336,0.11414090916479701,0.41483526565984397,0.471023825175359,0.0,,0.0,,0.0,,,,0.14632552459757583,,,0.0,,0.0,,0.0,,,,0.11013194509655899,,,0.15165198795807894,,0.0,,,0.07994623302719708,,0.11414090916479701,,0.0,,,0.06017155360038836,,0.24600297760992423,0.30516306069105525,0.12420040175892426,0.2753481532995365,0.18515420667881924,0.2296810589810247,0.09347946549382147,0.2072408609845903,,,,
continuum_wings,gap_limited,core,continuum;blue;red,13,1283,ok,1.310071098050611,1.9825940581225197,0.33921364654387925,0.16838645526854357,0.5404292560859185,0.6012553866961488,0.12853230295600218,0.4125190280818183,0.45894866896217945,0.0,,0.0,,0.0,,,,0.14682461723646384,,,0.0,,0.0,,0.0,,,,0.11207377786971962,,,0.16838645526854357,,0.0,,,0.055194014818372,,0.12853230295600218,,0.0,,,0.042130549174392774,,0.24027958709807365,0.3001496689878449,0.14001933623043966,0.2592174184108733,0.1834095778890247,0.22910945019279363,0.10687918880035502,0.19786515311771208,,,,
continuum_wings,gap_limited,core,continuum;blue;red,14,1276,ok,1.3004730407977572,1.982473621818218,0.34401495864294335,0.18217476019663414,0.533241059475377,0.5850572211257459,0.14008345769696354,0.41003622739327816,0.44988031490975827,0.0,,0.0,,0.0,,,,0.05555535258331173,,,0.0,,0.0,,0.0,,,,0.042719341993611853,,,0.18217476019663414,,0.0,,,0.13484527133074628,,0.14008345769696354,,0.0,,,0.1036894015488605,,0.23674194888453914,0.2964991105908379,0.14323753426991986,0.2514190629417681,0.1820429501093795,0.22799327728389865,0.11014264023655022,0.19332893113073574,,,,
continuum_wings,gap_limited,core,continuum;blue;red,15,1269,ok,1.2872643957392822,1.9823339920512595,0.35063193139961224,0.18963863883529364,0.5290033388821873,0.5686224180218012,0.14731910512166635,0.4109515812238232,0.44172931365451046,0.0,,0.0,,0.0,,,,0.04871094734652187,,,0.0,,0.0,,0.0,,,,0.03784067011233301,,,0.18963863883529364,,0.004916468672448134,,,0.1372716259008731,,0.14731910512166635,,0.0038193153548883654,,,0.1066382526816003,,0.23427391401171976,0.2898129561980194,0.14471915061448656,0.2379206941599197,0.18199362523126036,0.22513864063767444,0.11242379661357266,0.18482659424700448,,,,
continuum_wings,gap_limited,core,continuum;blue;red,16,1262,ok,1.2858815168351398,1.9821745827734605,0.35127736577276,0.19665294875128816,0.5218127397062421,0.5674158283776096,0.15293240176225398,0.4058015710425229,0.4412660271952232,0.0,,0.0,,0.0,,,,0.04677489022191551,,,0.0,,0.0,,0.0,,,,0.03637573882937492,,,0.19665294875128816,,0.010172248078281822,,,0.14189387571420936,,0.15293240176225398,,0.007910719568719008,,,0.11034755057638897,,0.22906801589175257,0.2825724757362077,0.13755163913529184,0.2411954233061929,0.178140841821526,0.21975000965227787,0.10697069468253897,0.1875720431069203,,,,
continuum_wings,gap_limited,core,continuum;blue;red,17,1255,ok,1.2603097521869078,1.982256123720524,0.3642043845366676,0.19643711611509662,0.5140360053290082,0.549836630742803,0.1558641562316217,0.407864816119248,0.4362710276491303,0.0,,0.0,,0.0,,,,0.04382079994268936,,,0.0,,0.0,,0.0,,,,0.03476986500076737,,,0.19643711611509662,,0.013527953632892057,,,0.14239659995951298,,0.1558641562316217,,0.010733832384791243,,,0.1129853987977355,,0.222960093347647,0.2775479583484691,0.1323591418613212,0.2312600889792795,0.1769089646102979,0.22022201912415887,0.10502112011086932,0.18349464373975813,,,,
continuum_wings,gap_limited,core,continuum;blue;red,18,1248,ok,1.25594614421378,1.982323412797628,0.366427225696123,0.20405708826013358,0.5017549433675288,0.5501341125861177,0.16247280124250307,0.399503550115699,0.43802364864179794,0.0,,0.0,,0.0,,,,0.03336865415059792,,,0.0,,0.0,,0.0,,,,0.02656853902878665,,,0.20405708826013358,,0.01633785938091097,,,0.14324151246902703,,0.16247280124250307,,0.013008407610613303,,,0.1140506805398857,,0.2170544075851129,0.2683626764015049,0.1309675238623676,0.24255642210412515,0.17282142915529913,0.21367371334978655,0.10427797757550586,0.19312645149761976,,,,
continuum_wings,gap_limited,core,continuum;blue;red,19,1241,ok,1.245830792697113,1.9826304738183018,0.3716273359312689,0.21072102370741677,0.49123133617270776,0.5438784328169886,0.16914096596635284,0.39430020437144236,0.4365588296622048,0.0,,0.0,,0.0,,,,0.0256028743831486,,,0.0,,0.0,,0.0,,,,0.020550844089927054,,,0.21072102370741677,,0.01741186191490681,,,0.14354640063472918,,0.16914096596635284,,0.013976104955000892,,,0.11522142611675536,,0.20866971446241148,0.26514975979538946,0.1244322493771892,0.2502969084219216,0.16749442675972076,0.21282967265672073,0.09987893228084725,0.20090762717467514,,,,
continuum_wings,gap_limited,core,continuum;blue;red,20,1234,ok,1.2294473638209862,1.982667776261958,0.3799024836430837,0.20988405356434572,0.4810120147609791,0.5385512954956615,0.17071414339532953,0.3912424630087839,0.4380433935958866,0.0,,0.0,,0.0,,,,0.023120137271518612,,,0.0,,0.0,,0.0,,,,0.018805308752433116,,,0.20988405356434572,,0.018990459666145154,,,0.13953509383869966,,0.17071414339532953,,0.0154463381068425,,,0.11349415838758647,,0.20020332707638847,0.26181822801844545,0.1219661204171813,0.25392994396826196,0.1628400962642099,0.21295602863773153,0.09920401963214115,0.20653990682372594,,,,
continuum_wings,gap_limited,core,continuum;blue;red,21,1228,ok,1.2329582926111753,1.9824664172036106,0.37806851005815206,0.21400017483614076,0.47391522256747054,0.545042895207564,0.1735664345814394,0.3843724685640474,0.4420610968545132,0.0,,0.0,,0.0,,,,0.022839188274466023,,,0.0,,0.0,,0.0,,,,0.018523893639659852,,,0.21400017483614076,,0.021407447538903307,,,0.13224277108498625,,0.1735664345814394,,0.01736266965978738,,,0.1072564837573871,,0.19342711686817346,0.2590806581603938,0.1236142471248839,0.2663466887232278,0.15688050279343266,0.21012929611082737,0.10025825517835808,0.21602246427910818,,,,
continuum_wings,gap_limited,core,continuum;blue;red,22,1222,ok,1.2369906343262203,1.9822499508792246,0.3759663690356014,0.21814055880339756,0.4649827367932929,0.5538673387295299,0.17634778530252748,0.3758983486940995,0.4477538660033731,0.0,,0.0,,0.0,,,,0.021819416752629106,,,0.0,,0.0,,0.0,,,,0.017639112332094562,,,0.21814055880339756,,0.02171503448903385,,,0.12808855910226807,,0.17634778530252748,,0.01755472829498169,,,0.10354852781244943,,0.18502203946239348,0.25824566284186556,0.12214197784901809,0.2818173850256146,0.14957432524392042,0.20876929515519743,0.09874123090313286,0.22782499495569622,,,,
continuum_wings,gap_limited,core,continuum;blue;red,23,1216,ok,1.2321632260946782,1.9820179880814652,0.37832893873616297,0.2178716632600356,0.45567806673913375,0.5586134960955088,0.1768204558016038,0.36981956374675956,0.4533599804516366,0.0,,0.0,,0.0,,,,0.019656615013934897,,,0.0,,0.0,,0.0,,,,0.015952931070858385,,,0.2178716632600356,,0.02101026217786984,,,0.13617338237102405,,0.1768204558016038,,0.017051525100665058,,,0.11051570075064115,,0.17543053569135392,0.25923726886991,0.11327012132104707,0.2895133773895028,0.14237605211395427,0.21039198653214022,0.09192785413670794,0.23496349449342913,,,,
continuum_wings,gap_limited,core,continuum;blue;red,24,1210,ok,1.2310401159359385,1.9817701286531408,0.3788179072148369,0.21735398803313374,0.446266182740651,0.5674199451621539,0.17656125516907567,0.3625114868018436,0.4609272580290808,5.750084039791734e-05,,0.0,,0.0,,,,0.01609761582309665,,,4.670915240987126e-05,,0.0,,0.0,,,,0.01307643480883473,,,0.21729648719273584,,0.02051972569071912,,,0.14039511289079384,,0.1765145460166658,,0.016668608459699405,,,0.11404592837663448,,0.16482079964404878,0.2609256574058831,0.10724836860242104,0.30367884784584237,0.13388743186385796,0.2119554464782862,0.08712012485546172,0.2466847699881499,,,,
continuum_wings,gap_limited,core,continuum;blue;red,25,1204,ok,1.2171512807388007,1.9812373587724479,0.3856610489654437,0.2175997473776462,0.4382468416442608,0.5613046917168936,0.1787778978842835,0.36005946719971293,0.46116263491600346,0.0,,0.0,,0.0,,,,0.013531561128093863,,,0.0,,0.0,,0.0,,,,0.011117402858813342,,,0.2175997473776462,,0.0193858292818384,,,0.14095467216016624,,0.1787778978842835,,0.015927214298350294,,,0.11580702776289889,,0.16069416581690227,0.25816684654552013,0.10316538031883803,0.3036530781097955,0.13202480937239144,0.21210744352897118,0.08475970238984384,0.24947850190444743,,,,
continuum_wings,gap_limited,core,continuum;blue;red,26,1198,ok,1.192163352550875,1.9806744567984431,0.39810232395392,0.21344453403798003,0.43220195398800976,0.5465168645248852,0.17903967068042495,0.3625358496914253,0.4584244796281497,0.00011019053793609741,,0.0,,0.0,,,,0.008036962875996645,,,9.242905991055877e-05,,0.0,,0.0,,,,0.006741494660777766,,,0.21333434350004393,,0.01993558979171429,,,0.1369710497118551,,0.1789472416205144,,0.01672219645827735,,,0.11489285375093755,,0.15759923086290853,0.2546671333333869,0.1043731161290655,0.29713573580796804,0.1321960036145156,0.21361764961863236,0.08754934120876813,0.24924079000766625,,,,
continuum_wings,gap_limited,core,continuum;blue;red,27,1192,ok,1.1757787892068432,1.9800805781659578,0.40619649413669684,0.20826557261722667,0.4256812088056431,0.5418320077839734,0.17712989427009349,0.36204191869526675,0.4608281870346398,0.0007710923207118846,,0.0,,0.0,,,,0.007798285761675681,,,0.0006558141104348787,,0.0,,0.0,,,,0.006632442967385258,,,0.2074944802965148,,0.020043200671363674,,,0.14112838264494787,,0.17647408015965863,,0.017046744553781596,,,0.12002970621723007,,0.15448326844374694,0.2511547396905325,0.09797590914627693,0.294929430231073,0.13138803817677155,0.2136071359647136,0.08332852237653438,0.2508375154734901,,,,
continuum_wings,gap_limited,core,continuum;blue;red,28,1186,ok,1.1575036490570392,1.9794548518471193,0.41524119735448495,0.19493239468638907,0.42076773712930815,0.541803517241342,0.16840758544924744,0.36351309775315765,0.46807931679759496,0.0,,0.0,,0.0,,,,0.014999003186555403,,,0.0,,0.0,,0.0,,,,0.01295806125429872,,,0.19493239468638907,,0.01956961619812247,,,0.14112286359958512,,0.16840758544924744,,0.016906742552444537,,,0.12192001616111614,,0.15373356011274608,0.24746456081843957,0.08740093331587957,0.2982807171393219,0.13281475202085558,0.21379160317985751,0.07550812767379246,0.25769311170838766,,,,
continuum_wings,gap_limited,core,continuum;blue;red,29,1180,ok,1.1660123148950943,1.9787963793683423,0.41074669073973397,0.18874502689507278,0.4151485485549881,0.5621187394450333,0.16187224138542147,0.35604130698425673,0.4820864516303217,0.0,,0.0,,0.0,,,,0.012630832330430709,,,0.0,,0.0,,0.0,,,,0.010832503369886878,,,0.18874502689507278,,0.018947128419413515,,,0.13985329262266177,,0.16187224138542147,,0.016249509698461617,,,0.11994152277477818,,0.15089892188783108,0.24530249824774353,0.09950883786524757,0.3101257766266933,0.12941451814889915,0.210377279136896,0.08534115514397492,0.2659712703416818,,,,
continuum_wings,gap_limited,core,continuum;blue;red,30,1174,ok,1.1667195590382033,1.9781042337838797,0.4101829726099219,0.17835468830153373,0.4116003855795758,0.5767644851570937,0.15286851661984835,0.3527843365537495,0.49434714682640196,0.0,,0.0,,0.0,,,,0.026261196186693814,,,0.0,,0.0,,0.0,,,,0.022508576275469733,,,0.17835468830153373,,0.022615513425022476,,,0.1428793321752499,,0.15286851661984835,,0.01938384700061581,,,0.12246244701085998,,0.1453963618389437,0.24358851031560963,0.09725631723538827,0.3103676395597617,0.1246198032017245,0.20878068635140923,0.08335877845020655,0.26601734508986574,,,,
continuum_wings,gap_limited,core,continuum;blue;red,31,1168,ok,1.1530254614772404,1.9773774586036748,0.41689157198576526,0.16994835023890012,0.40688894829945416,0.5761881629388863,0.1473934062316062,0.3528880860776081,0.4997185076907859,0.0,,0.0,,0.0,,,,0.02605999664973844,,,0.0,,0.0,,0.0,,,,0.022601406057721162,,,0.16994835023890012,,0.02285680162733829,,,0.14178573156235094,,0.1473934062316062,,0.019823327750329526,,,0.12296843070637574,,0.14401494738653203,0.24001719928558385,0.09745182861342615,0.3108906061133707,0.12490179289017786,0.20816296543710067,0.08451836656631347,0.2696303043603755,,,,
continuum_wings,gap_limited,core,continuum;blue;red,32,1162,ok,1.1476423304060817,1.9766150666730946,0.4193900725761213,0.15909602225054137,0.40514743018239685,0.5833988779731432,0.1386285761995611,0.3530258682938608,0.5083455555065779,0.0,,0.0,,0.0,,,,0.021796170450949066,,,0.0,,0.0,,0.0,,,,0.01899212836044198,,,0.15909602225054137,,0.024891535030741117,,,0.14541781499144057,,0.1386285761995611,,0.0216892792913394,,,0.1267100481906989,,0.14292252338785894,0.2373333717637968,0.10531836173013766,0.31086653080061594,0.12453577181776421,0.20680081718475718,0.09176932476242125,0.2708740541930158,,,,
continuum_wings,gap_limited,core,continuum;blue;red,33,1157,ok,1.1255537589849152,1.9761918930613425,0.4304430845320209,0.1526639125491545,0.3992145635121747,0.573675282923586,0.13563449220482815,0.3546828041978269,0.509682703597345,0.0,,0.0,,0.0,,,,0.026630595134713473,,,0.0,,0.0,,0.0,,,,0.02365999395597983,,,0.1526639125491545,,0.025060339041661363,,,0.13269320415002114,,0.13563449220482815,,0.022264897470789954,,,0.11789148504971544,,0.14201642772383669,0.23213779674667667,0.10949405826515837,0.304857425373693,0.12617471763580154,0.20624318909123543,0.09728016755406334,0.27085105703758633,,,,
continuum_wings,gap_limited,core,continuum;blue;red,34,1151,ok,1.105872940416243,1.9750919835387208,0.4400904111641384,0.14637456098168988,0.391027263833711,0.5684711156008422,0.1323611019242369,0.3535914927862608,0.5140474052895023,0.0,,0.0,,0.0,,,,0.04781900223746569,,,0.0,,0.0,,0.0,,,,0.04324095516747787,,,0.14637456098168988,,0.024537896962181664,,,0.11099240356193477,,0.1323611019242369,,0.022188712704142816,,,0.10036632555649475,,0.1388350312388155,0.22765433563271384,0.10933686289673375,0.30032284690470795,0.12554338402254325,0.2058593960595747,0.09886928136208857,0.27157084320344116,,,,
continuum_wings,gap_limited,core,continuum;blue;red,35,1147,ok,1.102164688123245,1.9743548461056621,0.4417595751355699,0.15070737050896527,0.3809846714984233,0.5704726461158565,0.13673761474393475,0.34566945902355134,0.517592926232514,0.0,,0.0,,0.0,,,,0.040032860654900665,,,0.0,,0.0,,0.0,,,,0.03632203162221448,,,0.15070737050896527,,0.023692784256166603,,,0.11252861327874865,,0.13673761474393475,,0.021496591672257655,,,0.10209782121613899,,0.13297262164795956,0.2243192655942971,0.10994204151817905,0.30796913066402803,0.12064678090384479,0.20352608644744888,0.09975101062744739,0.279422062766713,,,,
continuum_wings,gap_limited,core,continuum;blue;red,36,1142,ok,1.094749531437652,1.973184648162385,0.445186474333708,0.1557493305326322,0.3696688914115407,0.5693313094934792,0.14226937400749406,0.3376744002128801,0.5200562257796258,0.0,,0.0,,0.0,,,,0.03636177270009479,,,0.0,,0.0,,0.0,,,,0.033214695833067506,,,0.1557493305326322,,0.020696720733411052,,,0.12191723944281142,,0.14226937400749406,,0.018905439225200313,,,0.11136541824567552,,0.12751906973939817,0.2214531009387315,0.1044328748740795,0.3066194224764935,0.11648241545437063,0.2022865455333092,0.09539430881229578,0.28008180288858703,,,,
continuum_wings,gap_limited,core,continuum;blue;red,37,1137,ok,1.0934260807852387,1.971964406584934,0.44551429167083056,0.15992694546051486,0.3610921627358192,0.5724069725889047,0.1462622378146167,0.3302392078269274,0.5234985543584559,0.0,,0.0,,0.0,,,,0.04158037480452223,,,0.0,,0.0,,0.0,,,,0.03802760473269622,,,0.15992694546051486,,0.020453393792441002,,,0.1324595095647649,,0.1462622378146167,,0.018705785559598592,,,0.12114171400561412,,0.12302936150309901,0.21760940744027918,0.09100062590527341,0.3073664623143442,0.11251731019141785,0.199016112075911,0.08322521979713686,0.28110401582300876,,,,
continuum_wings,gap_limited,core,continuum;blue;red,38,1132,ok,1.0902982701170227,1.9704226610669535,0.4466678181996969,0.16345225796537277,0.35261703849273207,0.5742289736589177,0.1499151768330599,0.32341337059526415,0.5266714525716758,0.0,,0.0,,0.0,,,,0.04319751803807305,,,0.0,,0.0,,0.0,,,,0.039619908810308045,,,0.16345225796537277,,0.021277892199317444,,,0.13018748132497807,,0.1499151768330599,,0.019515661706987455,,,0.11940538189701513,,0.11661155424579245,0.2147275920476222,0.09037215849304518,0.31047181580282146,0.10695381020211692,0.1969438986861598,0.08288755560746276,0.28475860625688987,,,,
continuum_wings,gap_limited,core,continuum;blue;red,39,1127,ok,1.0788224092825405,1.9688199231767407,0.4520461741662261,0.16673192342712234,0.34447644004434685,0.5676140458110712,0.15454992591227842,0.3193078277577097,0.5261422463300118,0.0,,0.0,,0.0,,,,0.04446131990963354,,,0.0,,0.0,,0.0,,,,0.041212825695011356,,,0.16673192342712234,,0.023124119158649654,,,0.06622249931449285,,0.15454992591227842,,0.021434592903968416,,,0.06138405982735697,,0.10977374299045417,0.21157857789524304,0.1467046487264171,0.3102255778605278,0.10175330253239553,0.19611993232134578,0.13598591154959552,0.287559449258048,,,,
continuum_wings,gap_limited,core,continuum;blue;red,40,1122,ok,1.0726781915846766,1.9674446348952865,0.45478608517912555,0.1675225079892215,0.3378230090404384,0.5673326745550167,0.1561721952617859,0.3149341635643488,0.5288936411738653,0.0,,0.0,,0.0,,,,0.09153398475001145,,,0.0,,0.0,,0.0,,,,0.085332195124418,,,0.1675225079892215,,0.02581084104404252,,,0.06949359222074952,,0.1561721952617859,,0.024062054441427533,,,0.0647851263929269,,0.1051996597740627,0.20681250822233319,0.09428756736129958,0.3120175302229561,0.09807196659666433,0.19280014252625693,0.08789921161910429,0.29087710803741607,,,,
continuum_wings,gap_limited,core,continuum;blue;red,41,1117,ok,1.0657253691668047,1.96601410767883,0.4579258790645432,0.16878300842182337,0.33267554303520813,0.5642668177097732,0.15837382998002544,0.312158791242154,0.5294673787778205,0.0,,0.0,,0.0,,,,0.04344561571871966,,,0.0,,0.0,,0.0,,,,0.04076623957322692,,,0.16878300842182337,,0.027137961266564207,,,0.0932555387592593,,0.15837382998002544,,0.02546431008560953,,,0.08750428718063402,,0.10104610553135171,0.20449147623729222,0.11702348359939826,0.31054217963239594,0.09481439445356417,0.19188008670298035,0.1098064163480395,0.29139043567592005,,,,
continuum_wings,gap_limited,core,continuum;blue;red,42,1112,ok,1.0655341950461645,1.9642393786164627,0.45753343169579097,0.17102885459830303,0.3286366777235813,0.5658686627242802,0.1605099633530702,0.30842433706160227,0.5310656995853275,0.0,,0.0,,0.0,,,,0.04319020494917133,,,0.0,,0.0,,0.0,,,,0.04053385161167925,,,0.17102885459830303,,0.026624843565559508,,,0.09736924512417366,,0.1605099633530702,,0.024987319683725383,,,0.09138068545979898,,0.09824866313985554,0.20376317101816624,0.11492571021722575,0.3103835024337095,0.09220601609655417,0.1912310012813227,0.1078573646453895,0.2912937978684598,,,,
continuum_wings,gap_limited,core,continuum;blue;red,43,1107,ok,1.0567829408269078,1.9623972704196326,0.46148368795844097,0.16915309631874187,0.32423106761701637,0.5633987768911497,0.16006418137899117,0.3068095207548611,0.5331262978661478,0.0,,0.0,,0.0,,,,0.04454940452681063,,,0.0,,0.0,,0.0,,,,0.0421556809877644,,,0.16915309631874187,,0.024770533684238615,,,0.13858284493269357,,0.16006418137899117,,0.02343956618457169,,,0.13113652726477185,,0.09804086111225989,0.2014196728205179,0.07358589303351114,0.3066806343981343,0.092772940709608,0.19059701386068148,0.06963198419528982,0.2902021054183217,,,,
continuum_wings,gap_limited,core,continuum;blue;red,44,1102,ok,1.049909309732963,1.960485900818213,0.46446474861427356,0.1691070658170881,0.31956055530922733,0.5612416886066476,0.16106826013391506,0.304369674929833,0.5345620649362519,0.0,,0.0,,0.0,,,,0.04773664226199455,,,0.0,,0.0,,0.0,,,,0.04546739591644922,,,0.1691070658170881,,0.021373974478644815,,,0.10432702824048512,,0.16106826013391506,,0.020357924518338764,,,0.09936765706651364,,0.09771154624127823,0.20047503458930427,0.10320554726289566,0.30597247084127227,0.09306665379139314,0.1909450966201011,0.0982994876854128,0.2914275242678762,,,,
continuum_wings,gap_limited,core,continuum;blue;red,45,1097,ok,1.0477251332753925,1.9579709951782716,0.4648924136999886,0.16569038812244632,0.3187798965153143,0.5632548486376319,0.15814299271839166,0.3042590908540548,0.5375979164275535,0.0,,0.0,,0.0,,,,0.05615440290174269,,,0.0,,0.0,,0.0,,,,0.05359650266878022,,,0.16569038812244632,,0.01953656300181489,,,0.10523931997036778,,0.15814299271839166,,0.01864664918435219,,,0.10044554304177968,,0.09921564532817723,0.20002768818532218,0.09989010511839917,0.3019710206471223,0.09469625398601428,0.19091618768368832,0.09533999132589602,0.28821587939109766,,,,
continuum_wings,gap_limited,core,continuum;blue;red,46,1092,ok,1.039433816387198,1.9564475195685438,0.4687136731291906,0.16088719698114062,0.31781171439380174,0.5607349050122555,0.15478349313315853,0.3057546419823368,0.5394618648845046,0.0,,0.0,,0.0,,,,0.059304866474954976,,,0.0,,0.0,,0.0,,,,0.05705497121604461,,,0.16088719698114062,,0.016526109949614152,,,0.06649602500146876,,0.15478349313315853,,0.01589914594760311,,,0.06397331311828172,,0.09993262468382921,0.20135297976035835,0.13977815185269393,0.2951558616831379,0.09614140227914565,0.19371409375558804,0.13447527841505724,0.2839583021351211,,,,
continuum_wings,gap_limited,core,continuum;blue;red,47,1087,ok,1.0382124111550248,1.9543164055997448,0.4687593021375223,0.16081238399508552,0.3141634223296239,0.5632366048303155,0.15489352878779367,0.3026003339529654,0.542506137259241,0.0,,0.0,,0.0,,,,0.06357359984124222,,,0.0,,0.0,,0.0,,,,0.061233712059477086,,,0.16081238399508552,,0.010815761461186391,,,0.06793656365937446,,0.15489352878779367,,0.010417676907901453,,,0.06543609277777189,,0.10183105841295849,0.201516602455479,0.13276055436150858,0.29896588696819026,0.09808306789520085,0.19409958914986306,0.1278741738540871,0.287962158567905,,,,
continuum_wings,gap_limited,core,continuum;blue;red,48,1082,ok,1.0250342249962845,1.9521078191449395,0.47490901120147216,0.15815152059185195,0.3116389838404391,0.5552437205639935,0.1542890146838026,0.3040278814510498,0.5416831038651476,0.0,,0.0,,0.0,,,,0.07510119299963007,,,0.0,,0.0,,0.0,,,,0.07326701018193055,,,0.15815152059185195,,0.005802973719440875,,,0.069312452947936,,0.1542890146838026,,0.005661248744608415,,,0.06761964747878271,,0.10520148947955356,0.20063452064144466,0.12305566965373517,0.2877744049626923,0.10263217257934475,0.19573446012709664,0.1200503033488284,0.280746142855606,,,,
continuum_wings,gap_limited,core,continuum;blue;red,49,1077,ok,1.022470119524099,1.9492319913779497,0.4754497545460677,0.15655597454195208,0.30912801324542594,0.5567861317367212,0.1531154520337669,0.30233452043499054,0.5445500275312427,0.0,,0.0,,0.0,,,,0.08254297775572815,,,0.0,,0.0,,0.0,,,,0.0807289877518838,,,0.15655597454195208,,0.0030403531784673862,,,0.0653409716015951,,0.1531154520337669,,0.00297353743685194,,,0.06390501820435356,,0.1110644798302738,0.19502318023668475,0.12154404490654565,0.28735813747285227,0.10862369247716297,0.19073729052097563,0.11887295539073298,0.2810430661842724,,,,
continuum_wings,gap_limited,core,continuum;blue;red,50,1072,ok,1.0163105372949002,1.9468472927538003,0.4779711068877971,0.15470853068203166,0.3078445100613346,0.553757496551534,0.15222564856388998,0.3029039833442248,0.5448703680918853,0.0,,0.0,,0.0,,,,0.08858845451337259,,,0.0,,0.0,,0.0,,,,0.08716671850039778,,,0.15470853068203166,,0.0017766637170095394,,,0.08418594205661742,,0.15222564856388998,,0.001748150443995652,,,0.08283486096748931,,0.11602972829672292,0.19003811804760218,0.10364206571456866,0.2773410342669752,0.11416759350499077,0.18698823939523843,0.10197873770986507,0.27289005091413304,,,,
continuum_wings,gap_limited,core,continuum;blue;red,51,1067,ok,1.0144439813762753,1.9443779176067408,0.47826810200315234,0.15357032131464327,0.3052506725714087,0.5556229874902234,0.1513837374305258,0.3009044148078846,0.5477118477615897,0.0,,0.0,,0.0,,,,0.08656028998768638,,,0.0,,0.0,,0.0,,,,0.08532781659392548,,,0.15357032131464327,,0.00021628438495788335,,,0.08892173791555258,,0.1513837374305258,,0.00021320485796017514,,,0.0876556414627393,,0.11896301885080555,0.18607136933564528,0.10212134864215598,0.2780196109448284,0.11726918492769889,0.18342202502222554,0.10066731186438707,0.27406107784053774,,,,
continuum_wings,gap_limited,core,continuum;blue;red,52,1063,ok,1.0117706588831503,1.9420923512408859,0.47903061446252687,0.14790386675083073,0.3041079979225043,0.5597587942098152,0.14618319423701748,0.30057008992353657,0.553246715839446,0.0,,0.0,,0.0,,,,0.09073289376472492,,,0.0,,0.0,,0.0,,,,0.08967733247461536,,,0.14790386675083073,,0.0,,,0.06462956620967475,,0.14618319423701748,,0.0,,,0.06387768378361211,,0.12188645491919811,0.1822215430033062,0.12812207765014935,0.2762742565852662,0.1204684617497638,0.18010162817377276,0.12663154097745605,0.2730601586037624,,,,
continuum_wings,gap_limited,core,continuum;blue;red,53,1059,ok,1.0248369320055484,1.93973060061793,0.4716601719440296,0.1455751256736348,0.30232177973592056,0.5769400265959932,0.14204711123042027,0.29499500876133905,0.5629578800082409,0.0,,0.0,,0.0,,,,0.09309321294831538,,,0.0,,0.0,,0.0,,,,0.09083709811875845,,,0.1455751256736348,,0.0,,,0.0692498691497395,,0.14204711123042027,,0.0,,,0.06757159796556257,,0.1238947116311056,0.17842706810481493,0.13068714040689133,0.2839098040910469,0.1208921222117265,0.1741028865496125,0.1275199364167565,0.27702924750716323,,,,
continuum_wings,gap_limited,core,continuum;blue;red,54,1055,ok,1.023502464339283,1.9372905019447038,0.47168353774940336,0.14421697791297236,0.30124608109711903,0.5780394053291915,0.14090535483573158,0.2943286328983946,0.5647660122658738,0.0,,0.0,,0.0,,,,0.08566345624775844,,,0.0,,0.0,,0.0,,,,0.08369638494525566,,,0.14421697791297236,,0.0,,,0.07140916305650431,,0.14090535483573158,,0.0,,,0.06976940998632783,,0.12552939792534973,0.17571668317176928,0.1415527211442955,0.27941406488063325,0.12264689368030454,0.17168173921809005,0.13830227681539994,0.27299794051889037,,,,
continuum_wings,gap_limited,core,continuum;blue;red,55,1050,ok,1.018407612712981,1.9351429173481534,0.4737300260445944,0.1443329532906692,0.2999033177649313,0.5741713416573806,0.1417241500249338,0.2944825961836691,0.5637932537913971,0.0,,0.0,,0.0,,,,0.0698991318404383,,,0.0,,0.0,,0.0,,,,0.06863571223140302,,,0.1443329532906692,,0.0,,,0.08004912878214891,,0.1417241500249338,,0.0,,,0.07860224902375042,,0.12634934948833307,0.1735539682765982,0.14380858092779653,0.2804145001069969,0.12406559800917577,0.17041699817449332,0.1412092556385144,0.2753460368977293,,,,
continuum_wings,gap_limited,core,continuum;blue;red,56,1046,ok,1.0183413938937678,1.9331990559076342,0.4732351069686041,0.1444003046774247,0.2996562491511534,0.5742848400651895,0.14179950411844733,0.29425912660328646,0.5639413692782661,0.0,,0.0,,0.0,,,,0.06850920979805736,,,0.0,,0.0,,0.0,,,,0.06727528725519348,,,0.1444003046774247,,0.0,,,0.06583681153837087,,0.14179950411844733,,0.0,,,0.06465102168402956,,0.1283057212239868,0.1713505279271666,0.149361528376014,0.2905772903527473,0.12599480095117446,0.168264325652112,0.14667137098778804,0.28534368935125504,,,,
continuum_wings,gap_limited,core,continuum;blue;red,57,1042,ok,0.9882074514518453,1.9318213675955171,0.4884581628364253,0.14772210588641455,0.2968075072724965,0.5436778382929344,0.14948491399188052,0.30034939205977007,0.5501656939483495,0.0,,0.0,,0.0,,,,0.06576760204981028,,,0.0,,0.0,,0.0,,,,0.06655242474966815,,,0.14772210588641455,,0.0,,,0.09799686815888785,,0.14948491399188052,,0.0,,,0.09916629146533325,,0.12636430479316552,0.170443202479331,0.10768866458945807,0.2722247034947781,0.12787224444372972,0.1724771476160404,0.10897374274120789,0.27547323499214016,,,,
continuum_wings,gap_limited,core,continuum;blue;red,58,1038,ok,0.9583945986334693,1.9297176710064716,0.5033498355573336,0.14851664811550228,0.2930245424430086,0.5168534080749585,0.15496398699164762,0.3057451939533244,0.539290819055028,0.0,,0.0,,0.0,,,,0.060847348742256994,,,0.0,,0.0,,0.0,,,,0.06348882686632043,,,0.14851664811550228,,0.00014141762154350527,,,0.09607683237886153,,0.15496398699164762,,0.00014755678062579458,,,0.10024767722590784,,0.12408607847020674,0.1687970463512583,0.09738389124281427,0.26254533571102573,0.1294728482893532,0.17612478888334537,0.10161147754971644,0.27394283741308334,,,,
continuum_wings,gap_limited,core,continuum;blue;red,59,1035,ok,0.9440007432309028,1.9283932568717268,0.5104729080197618,0.15018831433520535,0.29124569493988806,0.5025667339558094,0.15909766534841516,0.3085227390214557,0.5323795956301292,0.0,,0.0,,0.0,,,,0.054637824336166416,,,0.0,,0.0,,0.0,,,,0.057879005634216954,,,0.15018831433520535,,0.0014683527467821598,,,0.06042075154209815,,0.15909766534841516,,0.001555457193557527,,,0.06400498302078055,,0.12210370023258246,0.16767364196052342,0.12747066873526586,0.260037489342279,0.12934703823926533,0.17762024358863288,0.13503238175320642,0.27546322522192523,,,,
continuum_wings,gap_limited,core,continuum;blue;red,60,1032,ok,0.9278239506410306,1.9270313200168494,0.5185216031503157,0.15496346334918878,0.2868914464544348,0.4859690408374071,0.16701817542231479,0.30920892509427295,0.5237728994834124,0.0,,0.0013097914512851315,,0.0,,,,0.05272801402931922,,,0.0,,0.0014116810095063839,,0.0,,,,0.05682976171599106,,,0.15365367189790366,,0.0016914164362548491,,,0.08898000905803949,,0.1656064944128084,,0.0018229928588136305,,,0.09590182382828497,,0.1217679805201615,0.16343204949801846,0.08640215154761773,0.2578588662024307,0.13124039365014492,0.17614553858531434,0.09312343304774871,0.2779178808913877,,,,
continuum_wings,gap_limited,core,continuum;blue;red,61,1029,ok,0.9134704213024424,1.925631030274047,0.5256254147648151,0.1631614979723992,0.2842919583419504,0.4660169649880927,0.17861716610348546,0.31122185427372884,0.5101609796227856,0.0,,0.003898245274500882,,0.0005661653143546812,,,,0.048974368383864625,,,0.0,,0.004267511222687095,,0.0006197960012185535,,,,0.053613524030735556,,,0.15926325269789832,,0.00131713925240907,,,0.05686200369187297,,0.17434965488079837,,0.00144190684415492,,,0.06224832503147514,,0.12300939815685429,0.15939925561833237,0.1096104450907936,0.2505701478215615,0.13466161058774656,0.1744985408406088,0.11999342565959506,0.2743057049009799,,,,
continuum_wings,gap_limited,core,continuum;blue;red,62,1026,ok,0.9080292941027951,1.923999489285967,0.5280511771655462,0.1709226554893401,0.2855545554077219,0.45155208320573303,0.18823473713832684,0.3144772500868184,0.4972880127748547,0.0,,0.005126183240974175,,0.002749746236935232,,,,0.05215805419014792,,,0.0,,0.005645394123588546,,0.003028257188169462,,,,0.05744093778569579,,,0.16579647224836594,,0.004016039122779492,,,0.08667599129452859,,0.1825893430147383,,0.004422807886113033,,,0.09545506059930736,,0.12489594640495749,0.15389282364304974,0.07002602440714256,0.24269201331391402,0.13754616422189836,0.16948002079063765,0.07711868423400792,0.26727333015584365,,,,
continuum_wings,gap_limited,core,continuum;blue;red,63,1023,ok,0.9052014672411249,1.9229971662635332,0.5292757144308351,0.18109241014520197,0.2815235260162724,0.4425855310796506,0.20005757469343904,0.3110064844175523,0.4889359408890087,0.0,,0.005784696120606428,,0.004697226006576869,,,,0.04442100651459338,,,0.0,,0.006390506787662462,,0.0051891497932422545,,,,0.0490730606634784,,,0.17530771402459555,,0.00397970747260969,,,0.08440596235532549,,0.1936670679057766,,0.004396488093130308,,,0.09324549883086046,,0.12276030596114358,0.15008628657594225,0.06642119150044029,0.2473373707092914,0.13561655653883628,0.16580428999234345,0.07337724683862804,0.27324013455604174,,,,
continuum_wings,gap_limited,core,continuum;blue;red,64,1020,ok,0.9089964759632789,1.9219803511207718,0.5270521493973573,0.19486750863394608,0.2788924971716224,0.4352364701577105,0.21437652816799063,0.3068136175952446,0.47880985423676486,0.0,,0.006804317031319787,,0.006782155753968503,,,,0.03555643143291277,,,0.0,,0.007485526304278724,,0.0074611463666911775,,,,0.039116137821362855,,,0.1880631916026263,,0.0035283848039081387,,,0.08255999545436549,,0.2068910018637119,,0.003881626493842069,,,0.09082542962212836,,0.1206985445426424,0.14788341207110337,0.06459533671460282,0.2525247065558294,0.1327821919383528,0.16268865279635855,0.07106225207985549,0.27780603471341814,,,,
continuum_wings,gap_limited,core,continuum;blue;red,65,1018,ok,0.908093675425927,1.9218880550247448,0.5274991833933655,0.2037857380682668,0.2745676627124254,0.4297402746452348,0.22441048052964835,0.30235610063426965,0.47323341883608194,0.0,,0.007647112581202486,,0.008386018501164669,,,,0.05448342045981362,,,0.0,,0.008421061381818046,,0.009234750475749476,,,,0.05999757727005315,,,0.19613862548706432,,0.002504371101602715,,,0.05536193907992612,,0.2159894191478303,,0.0027578334365428534,,,0.06096500898319711,,0.11666812754952494,0.14700914556013303,0.07049741172270163,0.24939750338279343,0.1284758728165391,0.1618876439054382,0.07763231220571593,0.2746385203771158,,,,
continuum_wings,gap_limited,core,continuum;blue;red,66,1016,ok,0.914513379765436,1.9217899077454879,0.5241345705483064,0.20587507237898742,0.27173875320386537,0.43689955418258336,0.22511980353069566,0.29714027067987103,0.4777399257894334,0.0,,0.007874588695334575,,0.010503096111213367,,,,0.04841133886364884,,,0.0,,0.008610687245881883,,0.011484901526435087,,,,0.05293672015609644,,,0.19800048368365283,,0.0010098774696359772,,,0.11301143474694635,,0.21650911628481376,,0.0011042785069968043,,,0.12357548533180861,,0.1129476372561337,0.14727814236688233,0.012907746633515816,0.26256903393847236,0.12350572419739085,0.16104536644904832,0.014114333282719745,0.2871133870188087,,,,
continuum_wings,gap_limited,core,continuum;blue;red,67,1014,ok,0.9230574339734002,1.9216858412194224,0.5196626762949632,0.20953474414634676,0.26941183963115617,0.44411085019589736,0.22700076553674658,0.29186898855409665,0.4811302459091568,0.0,,0.008391245286370709,,0.012336721561060374,,,,0.04389964590442127,,,0.0,,0.009090707660789524,,0.013365063870354877,,,,0.04755895385127934,,,0.20114349885997607,,0.0,,,0.10959336387271665,,0.21791005787595707,,0.0,,,0.1187286509366597,,0.10935563288201729,0.1477194851880785,0.017662081374638934,0.2729557590441205,0.1184711035924213,0.16003282109132047,0.01913432547594639,0.2957083156452714,,,,
continuum_wings,gap_limited,core,continuum;blue;red,68,1013,ok,0.9340514378015872,1.9225017609784834,0.5141479416247771,0.21493232725444358,0.26840981490895327,0.45070929563819034,0.2301075921046865,0.2873608497843449,0.4825315581109686,0.0,,0.010056958660641551,,0.014209102592124562,,,,0.01263865051764952,,,0.0,,0.010767028724148132,,0.015212334157493032,,,,0.013531000548959322,,,0.20487536859380204,,0.0,,,0.07365703398591336,,0.2193405633805384,,0.0,,,0.07885757786452839,,0.10832171514238556,0.14587899717444316,0.08929078698255659,0.2751228241520709,0.11596975365439718,0.1561787619724547,0.09559514965547743,0.2945478300420035,,,,
continuum_wings,gap_limited,core,continuum;blue;red,69,1012,ok,0.9423407952277794,1.9226697611187733,0.5098790159994809,0.21908722701349898,0.26536704739326644,0.45788652082101405,0.2324925633305963,0.28160411683028413,0.48590331983911966,0.0,,0.012236738025237642,,0.014241548687560246,,,,0.01086955533317412,,,0.0,,0.01298546989285317,,0.015112949327549625,,,,0.011534633105369028,,,0.20685048898826133,,0.0,,,0.1109129303068149,,0.21950709343774313,,0.0,,,0.11769938314090012,,0.10641770946255635,0.1447077892431498,0.05802109676246833,0.2780829384185567,0.11292911227178001,0.15356205523095448,0.06157124583409729,0.29509805775875325,,,,
continuum_wings,gap_limited,core,continuum;blue;red,70,1011,ok,0.9457441361760821,1.9234648804791177,0.5083122412194471,0.22645460208311166,0.25845396666190046,0.4608355674310699,0.2394459488786611,0.27328106701978067,0.48727298410155817,0.0,,0.015741921696107525,,0.012004650875490148,,,,0.029364707081241333,,,0.0,,0.016645011154662485,,0.012693338944747185,,,,0.03104931445831783,,,0.21071268038700414,,0.0,,,0.08228907168289558,,0.22280093772399862,,0.0,,,0.08700986718840698,,0.10322563996368629,0.14322367582272405,0.06214601469109722,0.28703577397583574,0.10914753368818918,0.15144019438684433,0.06571123448078842,0.3035025679740449,,,,
continuum_wings,gap_limited,core,continuum;blue;red,71,1010,ok,0.9497628172412724,1.9236274525381167,0.5062646792714915,0.22784618701685147,0.2562335428109615,0.46568308741345943,0.2398979859820841,0.2697868753750857,0.49031513864283016,0.0,,0.01937005859870861,,0.010259441379863263,,,,0.015165009320746523,,,0.0,,0.0203946272133203,,0.01080210889879153,,,,0.015967154162547185,,,0.20847612841814286,,0.0,,,0.08070431274008834,,0.21950335876876378,,0.0,,,0.08497312305245433,,0.10236009096890973,0.14361401046218852,0.08126012190972569,0.28855364344289886,0.10777437178076718,0.15121039469552705,0.08555833144295732,0.30381652998487124,,,,
continuum_wings,gap_limited,core,continuum;blue;red,72,1009,ok,0.9508771954536487,1.9237869644263235,0.5057263548217245,0.23211312913591525,0.2554462188387552,0.4633178474789782,0.24410421266352664,0.268642701770638,0.4872530855658353,0.0,,0.02210578393297175,,0.00933498629634625,,,,0.018495216880718684,,,0.0,,0.023247780090493626,,0.009817236485404062,,,,0.019450689288951665,,,0.2100073452029435,,0.0,,,0.07811104140645671,,0.22085643257303303,,0.0,,,0.08214629794459541,,0.10255042750515136,0.1435608050372576,0.07786684224948487,0.288844746942318,0.10784823528786612,0.15097722999736782,0.08188948333368729,0.303766614998601,,,,
continuum_wings,gap_limited,core,continuum;blue;red,73,1008,ok,0.9457519292737536,1.923943392269266,0.508430480297005,0.22898061983090912,0.257996958675294,0.45877435076755047,0.24211488524981828,0.27279559331526904,0.48508952143491263,0.0,,0.023127303551861777,,0.010145907292852514,,,,0.027496531242467176,,,0.0,,0.024453879327131077,,0.01072787374660033,,,,0.029073724717201332,,,0.20585331627904735,,0.0,,,0.07937038101077573,,0.21766100592268722,,0.0,,,0.0839230442508582,,0.1052619065209733,0.14258914486146818,0.07629993740509777,0.2756075011092098,0.11129970054811762,0.1507680190205511,0.08067648084386016,0.29141627162299294,,,,
continuum_wings,gap_limited,core,continuum;blue;red,74,1007,ok,0.9357566395054563,1.9240967119910533,0.5136644464524137,0.22199930372376542,0.2603139749112112,0.4534433608704796,0.23724042593071118,0.2781855494488248,0.48457402462046395,0.0,,0.023021614953983135,,0.010715861480343083,,,,0.035772766057770036,,,0.0,,0.02460213904135371,,0.011451547365997183,,,,0.038228706639662,,,0.19897768876978228,,0.0,,,0.1099656159998468,,0.2126382868893575,,0.0,,,0.11751518648904613,,0.10850748328500948,0.14109063014585868,0.044121516807125116,0.2635834620057376,0.11595694724897197,0.15077705483385564,0.04715063184637746,0.28167949964537836,,,,
continuum_wings,gap_limited,core,continuum;blue;red,75,1006,ok,0.9366995709425929,1.9242468993122688,0.5132123786832261,0.21575277948062738,0.2651368229659804,0.45580996849598504,0.23033295431481532,0.28305428035925695,0.4866127653259276,0.0,,0.02372795052231745,,0.01073816650238585,,,,0.04573921206932765,,,0.0,,0.025331441647229766,,0.01146383198572422,,,,0.04883018364500868,,,0.19202482895830994,,0.0,,,0.1079579402974353,,0.20500151266758557,,0.0,,,0.11525353875074175,,0.11185275949880974,0.14254589696478484,0.04588197350823825,0.25623084262098383,0.11941156264890058,0.15217888572463217,0.048982592638606215,0.27354645029157093,,,,
continuum_wings,gap_limited,core,continuum;blue;red,76,1005,ok,0.9197150022738676,1.9250804877111327,0.5222459486007299,0.21210623169208545,0.25770506455002895,0.4499037060317532,0.23062169385916534,0.28020100130245673,0.48917730483837796,0.0,,0.02339943686686537,,0.01056920936754065,,,,0.04225888504285842,,,0.0,,0.025442051949803486,,0.01149183099265506,,,,0.04594780441591058,,,0.18870679482522007,,0.0,,,0.10413080792010342,,0.20517964190936186,,0.0,,,0.11322073431732053,,0.10619418067445197,0.14094167450803632,0.0510151242932599,0.2524988887755315,0.11546422577853097,0.1532449445312707,0.05546840506801791,0.274540361037129,,,,
continuum_wings,gap_limited,core,continuum;blue;red,77,1004,ok,0.9127573567477063,1.925901618509018,0.5260623138921541,0.19951533790228854,0.25458672100804025,0.45865529783737746,0.21858529698757195,0.27892048103032724,0.5024942219821008,0.0,,0.021997076762297906,,0.011280372208039801,,,,0.04112693507833618,,,0.0,,0.024099588570479284,,0.012358566189193466,,,,0.0450579058873628,,,0.17751826113999064,,0.0005281513024969541,,,0.1074630998551459,,0.19448570841709267,,0.0005786327533736213,,,0.11773457541668393,,0.10337845665308007,0.13939974084442341,0.05285728117427585,0.25720798172961956,0.11325951622174077,0.15272376586601938,0.05790945510712114,0.28179228557093294,,,,
continuum_wings,gap_limited,core,continuum;blue;red,78,1003,ok,0.9046349226888629,1.9267102572708426,0.5304769260064659,0.18665646067281333,0.25459475786715663,0.4633837041488929,0.20633346777947828,0.2814337048921569,0.5122328273283647,0.0,,0.020624911457510598,,0.011737229129049905,,,,0.03622006325415389,,,0.0,,0.022799154598417224,,0.012974547891831462,,,,0.04003832081398796,,,0.16603154921530272,,0.0030976360951254006,,,0.10611214327767707,,0.18353431318106106,,0.0034241836319100307,,,0.11729830522381117,,0.10516134410379549,0.13459854853918585,0.06083474335576037,0.2602167542613016,0.11624727441565323,0.1487876989527622,0.0672478386915908,0.2876483625989748,,,,
continuum_wings,gap_limited,core,continuum;blue;red,79,1002,ok,0.9021559969412317,1.9275063689741974,0.5319569307461383,0.17277327239218532,0.25471734851477373,0.47466537603427267,0.19151152680686567,0.2823429089629679,0.5261455642301665,0.0,,0.020364985110815432,,0.012325611301914558,,,,0.03301572485916787,,,0.0,,0.02257368479493913,,0.01366239468972623,,,,0.0365964699798128,,,0.15240828728136988,,0.0059440776098131426,,,0.11296657680860514,,0.16893784201192652,,0.006588746990505625,,,0.12521845134502166,,0.10682035475966481,0.12962730484338122,0.05891447897085854,0.26976859539564113,0.11840563618912939,0.14368613109360664,0.06530409282940935,0.2990265500759226,,,,
continuum_wings,gap_limited,core,continuum;blue;red,80,1001,ok,0.9084539123268779,1.9269806362142274,0.5285609542442239,0.1614345738577357,0.25359307997048963,0.4934262584986525,0.177702546785498,0.27914798596766055,0.5431494672468414,0.0,,0.017887542483681535,,0.01298445860488562,,,,0.027890459218584046,,,0.0,,0.019690093510484303,,0.014292919463165436,,,,0.030701017233935982,,,0.14354703137405417,,0.0073647274920628164,,,0.11492664591199342,,0.15801245327501368,,0.00810688070372122,,,0.12650795417637078,,0.10800279215853169,0.1252411017150095,0.06582005065641224,0.28478910271166286,0.11888637463390697,0.13786181116686688,0.07245282315733922,0.3134876726791955,,,,
continuum_wings,gap_limited,core,continuum;blue;red,81,1000,ok,0.9075402333084948,1.9270679705589426,0.5290564488780957,0.15195904725839926,0.25345724682656123,0.5021239392235343,0.16744056261221946,0.27927935040694224,0.5532800869808383,0.0,,0.014784722635910843,,0.0150923266345472,,,,0.02694482739159925,,,0.0,,0.016290983135824416,,0.01662992568332445,,,,0.029689953571942696,,,0.1371743246224884,,0.007815369464555251,,,0.11449710176197206,,0.151149579476395,,0.008611595583001133,,,0.12616201195242407,,0.10777905792436289,0.12277049280309589,0.07139695892091179,0.2892850511490512,0.11875953700856609,0.1352782921320506,0.07867084708810065,0.31875727436837087,,,,
continuum_wings,gap_limited,core,continuum;blue;red,82,999,ok,0.8922763627121848,1.9271116961697916,0.5369877291049411,0.14408952931233035,0.2513797829144859,0.4968070504853686,0.16148531479008627,0.2817286139356935,0.5567860712742203,0.0,,0.01659861082688725,,0.013858047220525381,,,,0.032879638848706885,,,0.0,,0.018602544593284653,,0.015531115470101803,,,,0.03684916492550037,,,0.1274909184854431,,0.01043238026630676,,,0.11472959777430213,,0.14288277019680162,,0.011691871153681853,,,0.1285807879361135,,0.10684144691655992,0.12024790851109385,0.06179482860442856,0.28740298525793107,0.11974030847550649,0.13476531883640333,0.06925525676439025,0.3221008616482163,,,,
continuum_wings,gap_limited,core,continuum;blue;red,83,998,ok,0.8639393691181052,1.9285634554329205,0.5520295862269166,0.13638195894700172,0.24725792850585313,0.48029948166525044,0.15786056732918438,0.2861982418491356,0.5559411908216801,0.0,,0.017212762509986344,,0.015579004212625912,,,,0.037369710243662535,,,0.0,,0.01992357696068052,,0.018032520301197407,,,,0.04325501485342531,,,0.11916919643701539,,0.010154459202226485,,,0.1070097016128004,,0.13793699036850388,,0.011753671108415844,,,0.12386251331738025,,0.10376650426161088,0.11775796082938983,0.05005429414677255,0.28586577566201493,0.12010854924638287,0.1363035011931395,0.05793727654507415,0.33088638610580035,,,,
continuum_wings,gap_limited,core,continuum;blue;red,84,997,ok,0.8562964473585304,1.9293889163437483,0.5561825611701603,0.13175832800881332,0.24238745732733763,0.4821506620223794,0.1538699925887305,0.28306488725376,0.5630651201575094,0.0,,0.01746139527154645,,0.016570652773221305,,,,0.043611871932844035,,,0.0,,0.020391764237035755,,0.019351537454508662,,,,0.050930810313853596,,,0.11429693273726688,,0.0089927453358929,,,0.10327243340346634,,0.13347822835169473,,0.010501906627819569,,,0.1206035990480132,,0.10072417839358161,0.1160998808246418,0.043515289426459415,0.2917510672596096,0.11762769623100924,0.1355837469404225,0.05081801934446145,0.3407126914511812,,,,
continuum_wings,gap_limited,core,continuum;blue;red,85,996,ok,0.849514224429084,1.9301956495242056,0.5598818054333893,0.12708551072762225,0.23785240990758877,0.48457630379387295,0.1495978608398583,0.2799863769996759,0.5704157621604659,0.0,,0.01999313021232506,,0.017153244336896342,,,,0.057165894919077385,,,0.0,,0.023534779804024405,,0.020191827097920792,,,,0.06729245170379075,,,0.10709238051529718,,0.007440245754580699,,,0.06601372898145191,,0.12606308103583388,,0.00875823563705589,,,0.07770762052373689,,0.09907165987257296,0.11418725994353877,0.06270981162472257,0.2986868682686211,0.11662154325803559,0.13441477100666363,0.07381843625616358,0.35159725367677463,,,,
continuum_wings,gap_limited,core,continuum;blue;red,86,995,ok,0.8479105003744069,1.930983626994531,0.5608919265183148,0.12348795186666595,0.23411244024869127,0.49031010825904964,0.14563795567119184,0.2761051315502233,0.5782569127785848,0.0,,0.02456396098573562,,0.01651678989350823,,,,0.06662521206578552,,,0.0,,0.028969992675982967,,0.019479402467848916,,,,0.07857576010247097,,,0.09892399088093032,,0.007029343753207225,,,0.06433116426077423,,0.11666796299520885,,0.008290195427587368,,,0.0758702295022504,,0.09925817579558135,0.11130813080639446,0.05745399674178335,0.3018997351907065,0.11706209057648478,0.13127344307830222,0.06775950612289118,0.35605141705097226,,,,
continuum_wings,gap_limited,core,continuum;blue;red,87,994,ok,0.8504368799395932,1.9317528192480968,0.5597589549420452,0.11918485026871557,0.2314348657668962,0.4998171639039813,0.14014543945599034,0.2721364409588341,0.5877181195851754,0.0,,0.029188841874913413,,0.015210030558775936,,,,0.08276048430636362,,,0.0,,0.03432217318348977,,0.017884961150622148,,,,0.09731525790866705,,,0.08999600839380216,,0.007757899452521573,,,0.059753615993582844,,0.10582326627250056,,0.009122251910185997,,,0.07026225861445139,,0.10205464840557976,0.10641228735001892,0.05270971335445125,0.30459335024958356,0.12000261373052018,0.12512661416750578,0.061979571438852986,0.358161031623204,,,,
continuum_wings,gap_limited,core,continuum;blue;red,88,993,ok,0.8560483697952737,1.9321961913887327,0.5569557720844883,0.11593163412476705,0.2314324577967604,0.5086842778737461,0.13542649950083127,0.27034974419974434,0.5942237562994243,0.0,,0.032010964062330505,,0.01537639382310727,,,,0.09230950251475109,,,0.0,,0.03739387304713403,,0.0179620619180486,,,,0.10783211062807954,,,0.08392067006243654,,0.008300084949549615,,,0.0557307595931318,,0.09803262645369724,,0.009695813043291705,,,0.06510234883860588,,0.10459117852462041,0.1031648004994831,0.054884187311718985,0.30575982845414423,0.1221790522767232,0.12051281696168085,0.06411341840980865,0.3571758784229302,,,,
continuum_wings,gap_limited,core,continuum;blue;red,89,992,ok,0.8519307586158646,1.9326003038846933,0.5591790206680334,0.12153524798641455,0.22803503452030272,0.5023604761091474,0.14265859843336723,0.26766850734535297,0.5896728942212798,0.0,,0.03791048634906088,,0.01576337025912817,,,,0.10112304931952315,,,0.0,,0.04449949243604515,,0.0185031120190319,,,,0.11869867157257966,,,0.08362476163735368,,0.006516117151486653,,,0.04628785573291286,,0.09815910599732208,,0.00764864642529566,,,0.054332884761804964,,0.10553764421363758,0.10021790289605031,0.05155628570489365,0.3033932853518177,0.12388054210544648,0.11763620679557896,0.06051699059282395,0.35612434729407116,,,,
continuum_wings,gap_limited,core,continuum;blue;red,90,991,ok,0.848749673711232,1.9329649418485961,0.5609078802539622,0.13155161765002948,0.2212580480619264,0.49594000799927607,0.15499460173552534,0.26068704933276293,0.5843183489317116,0.0,,0.04532453355735454,,0.01597415168230645,,,,0.10725831139907555,,,0.0,,0.05340153282082461,,0.018820804504652212,,,,0.1263721385954462,,,0.08622708409267496,,0.002764418191704502,,,0.029907792175907957,,0.10159306891470074,,0.003257047722465497,,,0.03523747119116232,,0.10319695048287786,0.09932252770503756,0.04999532237375576,0.3087785820505368,0.121587028165372,0.11702216894027322,0.058904673453536484,0.36380406569156665,,,,
continuum_wings,gap_limited,core,continuum;blue;red,91,990,ok,0.8578005015724989,1.9332898860618184,0.5563001142473699,0.1390257076966496,0.21747976819557108,0.5012950256802781,0.16207230870323702,0.25353187343314965,0.5843958178636132,0.0,,0.051837948315390805,,0.01771316972476925,,,,0.10845232761289852,,,0.0,,0.060431240387902256,,0.020649521295800013,,,,0.1264307113531484,,,0.08718775938125879,,0.0,,,0.022929539500204085,,0.10164106831533477,,0.0,,,0.026730620299440504,,0.10244210945032489,0.09732448902047694,0.052089137526916435,0.31782402104025903,0.11942416594829512,0.11345818618905452,0.060724069794116355,0.3705104164169079,,,,
continuum_wings,gap_limited,core,continuum;blue;red,92,989,ok,0.8614358633452408,1.9336843916208115,0.5545106186521827,0.1500638759310603,0.21306665299553312,0.49830533441864744,0.17420202979280727,0.24733896284295007,0.5784590073642427,0.0,,0.06233221071661006,,0.01649961259610411,,,,0.10310982763119654,,,0.0,,0.07235850440978095,,0.01915361699944863,,,,0.11969530410631725,,,0.08773166521445025,,0.0,,,0.032199555670559474,,0.10184352538302635,,0.0,,,0.03737893561282431,,0.10108091749847652,0.09548612290095249,0.04983713811991873,0.3131588129969727,0.11734003864889701,0.11084530719460442,0.05785356779364237,0.36353119985145876,,,,
continuum_wings,gap_limited,core,continuum;blue;red,93,988,ok,0.860723545423155,1.934053060874666,0.5549638410469757,0.1567381459426646,0.2087289671759031,0.49525643230458727,0.18210045115659976,0.24250407495624662,0.5753954738871536,0.0,,0.06650385062586915,,0.016108806785168954,,,,0.05518497442830085,,,0.0,,0.07726505331415566,,0.01871542479676146,,,,0.06411463323124317,,,0.09023429531679547,,0.0,,,0.0272400892762454,,0.10483539784244411,,0.0,,,0.03164789603013989,,0.09807693211249877,0.09454322827823539,0.10539896156342053,0.3074324070366205,0.11394707700749779,0.10984157315198735,0.12245390767322806,0.35717903695254255,,,,
continuum_wings,gap_limited,core,continuum;blue;red,94,987,ok,0.870510283840209,1.9343956876228952,0.5499833413556714,0.16089805859801443,0.20445652721975194,0.5051556980224428,0.18483188721013305,0.23486974366092844,0.5802983691289386,0.0,,0.07016743345069168,,0.015262232129547441,,,,0.06656612825614835,,,0.0,,0.0806049448849149,,0.01753251215163011,,,,0.07646794011725569,,,0.09073062514732275,,0.0,,,0.02118776906545075,,0.10422694232521815,,0.0,,,0.024339481633671292,,0.09561193158741815,0.09358236350278636,0.10128483866677886,0.31611696203406475,0.10983435045204899,0.10750288105724934,0.11635111100579568,0.3631398363722159,,,,
continuum_wings,gap_limited,core,continuum;blue;red,95,986,ok,0.8737978924513037,1.9347120621813545,0.5483576551096926,0.16081040657743495,0.19972782402625433,0.5132596618476144,0.18403615752185717,0.2285743943212647,0.5873894481568781,0.0,,0.07021795269802246,,0.014288842291496448,,,,0.037091469289748664,,,0.0,,0.08035948965387973,,0.016352571246665896,,,,0.0424485680386506,,,0.0905924538794125,,0.0,,,0.055688226256398424,,0.10367666786797747,,0.0,,,0.06373124350320163,,0.09253317307120763,0.09290580866355025,0.09917274479515564,0.32130722150631164,0.10589768397314424,0.10632413910145457,0.11349620507431299,0.36771343154071284,,,,
continuum_wings,gap_limited,core,continuum;blue;red,96,985,ok,0.8891972820088363,1.9350019713145046,0.5404669890828996,0.16391783239567137,0.19537318788484961,0.5299062617283153,0.18434360485825513,0.2197186067004961,0.5959377884412488,0.0,,0.07454639556623763,,0.013449456332714806,,,,0.05158464718464024,,,0.0,,0.08383560889640329,,0.015125390737059353,,,,0.058012601059803534,,,0.08937143682943376,,0.0,,,0.05922466432519094,,0.10050799596185185,,0.0,,,0.06660463940172323,,0.08891347437961065,0.09301025717252415,0.09094373607932332,0.3281532141391609,0.09999296689115059,0.10460024907228616,0.10227621914662981,0.3690443288330923,,,,
continuum_wings,gap_limited,core,continuum;blue;red,97,983,ok,0.9058231515765383,1.9344393976280243,0.5317386770104656,0.16284651093617164,0.19142214630081067,0.551554494339556,0.17977737779471162,0.21132397197802943,0.608898650227259,0.0,,0.075766586412235,,0.012219399334485537,,,,0.05815887035628108,,,0.0,,0.08364390585553834,,0.013489828906689243,,,,0.06420554636416455,,,0.08707992452393665,,8.561604149990464e-06,,,0.06558860659348784,,0.09613347193917328,,9.45173915580479e-06,,,0.0724077392803819,,0.08589423247103288,0.09329995289114226,0.08904306968271777,0.33876394770706925,0.09482450555777738,0.10300018577440699,0.09830072186578906,0.37398464271692344,,,,
continuum_wings,gap_limited,core,continuum;blue;red,98,982,ok,0.9133568583767571,1.934676615912424,0.5279020530540497,0.15841221387544718,0.18334004708340723,0.5716045974179025,0.1734395624476743,0.20073210750203838,0.6258283300502872,0.0,,0.07402374711930727,,0.011684925779755616,,,,0.06128195068475835,,,0.0,,0.08104581078075476,,0.012793384833746568,,,,0.06709529810031789,,,0.08438846675613992,,0.0007248188289719184,,,0.07121120527177985,,0.09239375166691957,,0.000793576817565137,,,0.07796646471603483,,0.07650288436214214,0.09442741811253753,0.09301777272782279,0.3460936687335416,0.08376012470974946,0.10338502114097718,0.10184165353850469,0.3789249136954298,,,,
continuum_wings,gap_limited,core,continuum;blue;red,99,981,ok,0.9108931274951158,1.93488668274112,0.5292266282981969,0.1514474177039049,0.1759873239668922,0.5834583858243185,0.1662625538962769,0.1932030428759996,0.6405344032277234,0.0,,0.06832233110565862,,0.011390647622101319,,,,0.12058958749381385,,,0.0,,0.07500586956182186,,0.012504922123438017,,,,0.13238609871327683,,,0.0831250865982463,,0.004258449998839318,,,0.07986222553226328,,0.09125668433445505,,0.004675027036980419,,,0.08767463835398352,,0.06706192806991086,0.0932762982760407,0.03266059457035027,0.35034597822789115,0.07362216932553424,0.1024009243900469,0.035855572497472156,0.38461809366299093,,,,
continuum_wings,gap_limited,core,continuum;blue;red,100,980,ok,0.9233609955480114,1.935069369648123,0.5228279616064843,0.13786349167028292,0.17674058661021613,0.6087569172675124,0.14930616772312483,0.1914100633039207,0.6592837689729544,0.0,,0.06356901635087911,,0.010106616904959778,,,,0.10906836619999602,,,0.0,,0.06884524758721385,,0.01094546656582731,,,,0.11812104553459542,,,0.07429447531940381,,0.016014283870893813,,,0.09458131648294783,,0.08046092013591098,,0.017343470157508,,,0.10243157003487478,,0.06542885991068786,0.08519082592367469,0.030941705283049677,0.37416552930151886,0.07085945824672404,0.09226166833386139,0.03350986822297588,0.4052212851805084,,,,
continuum_wings,gap_limited,core,continuum;blue;red,101,979,ok,0.9076999720830704,1.9345528643628196,0.530795984537814,0.12275756974054988,0.1803199046751516,0.6046224976673689,0.13524024844777172,0.19865584468548292,0.6661039068667454,0.0,,0.06023425836787698,,0.009618150294563095,,,,0.13246109311392743,,,0.0,,0.06635921584270413,,0.010596177801449648,,,,0.14593048054187327,,,0.0625233113726729,,0.024786631595589213,,,0.061605541003466345,,0.06888103260506757,,0.027307075419102034,,,0.06786993819344125,,0.06582914048701775,0.08008598229798156,0.04225870219258569,0.36829716135738944,0.07252301697877901,0.08822957448615222,0.04655580422196849,0.4057476839094623,,,,
continuum_wings,gap_limited,core,continuum;blue;red,102,978,ok,0.9070272540611488,1.933977750105011,0.5310042972253759,0.10761013700453294,0.18545287388951004,0.613964243167106,0.11864046700109214,0.2044622948860227,0.6768972381128853,0.0,,0.05757464095978765,,0.00950610934500131,,,,0.13162363823984446,,,0.0,,0.06347619732703881,,0.010480511255244419,,,,0.1451154170401266,,,0.05003549604474529,,0.032590006674914254,,,0.0827602903683381,,0.05516426967405332,,0.03593057047513717,,,0.09124344389629406,,0.0663374250655834,0.07701933280401106,0.03666973809807981,0.36291057646084357,0.07313719049627494,0.08491402265936616,0.04042848539985289,0.4001098917766117,,,,
continuum_wings,gap_limited,core,continuum;blue;red,103,977,ok,0.8972921271404328,1.9333438145593134,0.5358858986264692,0.09133050674074748,0.1915167092032939,0.6144449111963914,0.10178458495095387,0.21343852621735987,0.6847768888316862,0.0,,0.05620184711349668,,0.008813951620803328,,,,0.14027618423928695,,,0.0,,0.06263494954826532,,0.00982283400712807,,,,0.1563327928512324,,,0.035128659627250806,,0.04089064088683079,,,0.08205340885710823,,0.03914963540268855,,0.04557115754168553,,,0.09144559099008595,,0.06809183963067515,0.07372027706498463,0.042768411362601705,0.34934690673739455,0.07588592117449647,0.08215861349404982,0.04766386561186013,0.38933463937850776,,,,
continuum_wings,gap_limited,core,continuum;blue;red,104,976,ok,0.8905965190630876,1.9326508368084605,0.539183952889475,0.0850628118694301,0.19413347724262647,0.611400229951031,0.09551217644429673,0.217981401327344,0.6865064222283593,0.0,,0.05875064871157974,,0.00845348434811509,,,,0.13492529884700594,,,0.0,,0.06596775021463788,,0.009491935087516624,,,,0.15149991714423958,,,0.02631216315785035,,0.043732419651674855,,,0.08023349563902803,,0.029544426229658846,,0.04910463797644482,,,0.0900896128848944,,0.0701361537280059,0.07181141951483061,0.050984971415612104,0.3452564640493849,0.07875188396400822,0.08063294429937433,0.05724811440903516,0.38766877779019016,,,,
continuum_wings,gap_limited,core,continuum;blue;red,105,976,ok,0.8783602527543626,1.932197723219745,0.5454087114384274,0.08246569194228597,0.19700352001717528,0.5988910407949013,0.09388595588619818,0.22428555868666816,0.6818284854271336,0.0,,0.061713707752802556,,0.011815103851765933,,,,0.14703378170517226,,,0.0,,0.07026013251314671,,0.013451318880511867,,,,0.16739575959192557,,,0.020751984189483413,,0.047039008414799334,,,0.07241848492042102,,0.023625823373051465,,0.053553206975491416,,,0.08244736108371377,,0.0722152052740178,0.06593420247659221,0.04987225033854159,0.3295665238307664,0.08221593024908096,0.07506510258158391,0.056778810496208316,0.37520655425528593,,,,
continuum_wings,gap_limited,core,continuum;blue;red,106,976,ok,0.8644577372095003,1.9317101257159313,0.5524909634726097,0.08262197761227091,0.20027007611333075,0.5815656834838986,0.09557665349722884,0.23167133278234,0.6727520137204311,0.0,,0.06608228491510923,,0.015981216101459694,,,,0.14681955479297387,,,0.0,,0.07644362710943528,,0.01848698370500751,,,,0.16984006096921814,,,0.016539692697161684,,0.04871521049416001,,,0.0714274168682186,,0.019133026387793566,,0.05635349005194217,,,0.08262684662733055,,0.07379872765266353,0.06177492186504753,0.04359680540939618,0.31972190641330994,0.08536996602157602,0.07146089300381432,0.05043254693992119,0.36985255918396126,,,,
continuum_wings,gap_limited,core,continuum;blue;red,107,976,ok,0.8473263847521613,1.9311878854499334,0.561240834651057,0.08106733443891838,0.2015383498792171,0.5647207004340258,0.09567427132890494,0.23785208805714939,0.6664736406139457,0.0,,0.06764992463846319,,0.018746421796935003,,,,0.13513960643269718,,,0.0,,0.07983927546201745,,0.02212420400719404,,,,0.1594894350802316,,,0.013417409800455188,,0.04904169092827975,,,0.06661425820117037,,0.015834995866887483,,0.057878158653851194,,,0.07861699977707493,,0.07440306430160193,0.059347172852400404,0.052831894304823435,0.3101349414953348,0.08780921453704578,0.07004051085905835,0.062351291374310856,0.3660159143823283,,,,
continuum_wings,gap_limited,core,continuum;blue;red,108,976,ok,0.8286017245686936,1.9312001780220496,0.5709394945182757,0.0806703584694915,0.20575779204437852,0.5421735740548237,0.09735721768076488,0.24831929012877715,0.654323492190458,0.0,,0.06981276558759425,,0.02338544943241046,,,,0.17924627768732826,,,0.0,,0.08425370539016608,,0.028222786338736053,,,,0.21632380475750287,,,0.010857592881897256,,0.04913240710712035,,,0.013232693414256542,,0.01310351229059882,,0.05929556462448217,,,0.015969908125818187,,0.07519446222770346,0.058045473277144245,0.051883247512991025,0.29781135544024784,0.09074861902664265,0.07005232013891627,0.06261542303692097,0.359414356270216,,,,
continuum_wings,gap_limited,core,continuum;blue;red,109,976,ok,0.8210312765050701,1.9311632998806254,0.5748514501307751,0.07972369238139178,0.21061118952751684,0.5306963945961615,0.0971018944865975,0.2565203002059036,0.6463778053074989,0.0,,0.07061671417538085,,0.027685975449806256,,,,0.12492296344212239,,,0.0,,0.0860097735569575,,0.03372097536607704,,,,0.1521537205913628,,,0.009106978206010929,,0.049801682219706926,,,0.061408974696775705,,0.011092120929639994,,0.060657472674732364,,,0.07479492737253413,,0.07556620142083802,0.05755733043716566,0.04945177828278538,0.294912678174478,0.09203815199648045,0.07010370016861377,0.060231296538774425,0.3591978608048275,,,,
continuum_wings,gap_limited,core,continuum;blue;red,110,976,ok,0.8190971956645218,1.9310772459241408,0.5758340597750768,0.07900474909850563,0.21528935160116697,0.524803094964849,0.09645344840231106,0.2628373686794347,0.6407091829182541,0.0,,0.0726820634340943,,0.03215631391845539,,,,0.11780135256914052,,,0.0,,0.08873435755707645,,0.03925823954551259,,,,0.1438185275113413,,,0.006322685664411337,,0.048631220553981336,,,0.06321698440634575,,0.007719090845234592,,0.059371733673837725,,,0.0771788558683304,,0.07626344974287039,0.05823836738585987,0.054020404170226057,0.28976435381913673,0.09310671571888236,0.07110067974120204,0.06595115263018338,0.35376064690839903,,,,
continuum_wings,gap_limited,core,continuum;blue;red,111,976,ok,0.818754140503942,1.9301155406249577,0.5758004516979957,0.07914124892369298,0.21607099630313337,0.5235418952771158,0.09666057856511315,0.26390217235437974,0.6394372490805073,0.0,,0.07562302170533135,,0.03422114868752618,,,,0.1224311528878296,,,0.0,,0.09236352888400111,,0.04179661145464634,,,,0.14953347632840477,,,0.003518227218361629,,0.046423419527709536,,,0.017172522263998177,,0.004297049681112043,,0.05670007299033137,,,0.02097396692666313,,0.07651255944719756,0.05891386864070008,0.09453528852165648,0.2894029316036315,0.09344998170037246,0.07195550620902957,0.1154623639075219,0.3534674419179174,,,,
continuum_wings,gap_limited,core,continuum;blue;red,112,976,ok,0.8203101991369535,1.9290644389478633,0.5747626763654401,0.07765360615950874,0.21834969179535915,0.5243069011820856,0.09466370921781532,0.2661794184993486,0.639156872282836,0.0,,0.07579791911087483,,0.04059174655691821,,,,0.13272100464794714,,,0.0,,0.09240153199438658,,0.04948341078731521,,,,0.16179367852256696,,,0.0018556870486339148,,0.04438610851027165,,,0.014770480448214803,,0.0022621772234287458,,0.054108931666301575,,,0.018005969526838497,,0.07433991643122528,0.05903192029694401,0.08317373223065888,0.29364168385526473,0.0906241523138907,0.07196292373184116,0.10139302463649212,0.3579641995969384,,,,
continuum_wings,gap_limited,core,continuum;blue;red,113,976,ok,0.8345722288702548,1.9279242893757647,0.5671135876708555,0.0835954633608157,0.21533275144652056,0.5356440140629186,0.10016564231232251,0.2580157163125504,0.6418186413751271,0.0,,0.08235289708137071,,0.042237529487765275,,,,0.13577720257053327,,,0.0,,0.09867677623643231,,0.05060979508621015,,,,0.16269077483483052,,,0.0012425662794449976,,0.04045250696969221,,,0.031216509104027557,,0.001488866075890204,,0.04847094783449963,,,0.03740420304457623,,0.07203658282145199,0.060606132167611106,0.06810890384124504,0.3005413985471127,0.08631557620718652,0.07261939718465413,0.08160935804614877,0.36011430544957157,,,,
continuum_wings,gap_limited,core,continuum;blue;red,114,976,ok,0.8361250012133387,1.9262212894129584,0.5659247430143456,0.09098913740917566,0.20940409135718058,0.5357317724469823,0.108822409660203,0.25044591544721767,0.6407316748925792,0.00048290459636183354,,0.09050623281281384,,0.04272822451755098,,,,0.08148014802701323,,,0.0005775507198816791,,0.10824485894032132,,0.051102675384118564,,,,0.09744972092542827,,,0.0,,0.036610996187852886,,,0.10360933878190545,,0.0,,0.04378651055132309,,,0.12391608746485666,,0.06927400963664238,0.06079086101513435,0.05394735583461695,0.29669492980344675,0.08285125972326594,0.07270546978851009,0.06452068262081807,0.3548451838814763,,,,
continuum_wings,gap_limited,core,continuum;blue;red,115,976,ok,0.840062036550051,1.9244543725221077,0.5634804085020078,0.09722660427876256,0.20525231096812846,0.5375831213031599,0.11573740991564234,0.24432994473962222,0.6399326453447354,0.00182246051874681,,0.09540414376001576,,0.0451569757331963,,,,0.08371985820929885,,,0.0021694356362433093,,0.11356797427939903,,0.05375433452349068,,,,0.09965913773834822,,,0.0,,0.03285796618504752,,,0.11325517182678115,,0.0,,0.03911373774249807,,,0.13481762881690867,,0.06531540255814865,0.06192196649173598,0.04879269111437726,0.2918154001527027,0.07775068949239101,0.07371118298124243,0.05808224749062349,0.347373631298855,,,,
continuum_wings,gap_limited,core,continuum;blue;red,116,976,ok,0.8520135574246989,1.9226234218227376,0.5568484458507381,0.1003474343197958,0.20241172198241741,0.5492544011224857,0.11777680465919643,0.23756866333703452,0.6446545320037691,0.0,,0.09855569389575213,,0.04856680118067193,,,,0.16215267668338035,,,0.0,,0.11567385640393697,,0.057002380722051216,,,,0.19031701464176692,,,0.001791740424043674,,0.02917427327286218,,,0.04756039988201917,,0.0021029482552594576,,0.03424155991254941,,,0.05582117733639769,,0.06176665029649192,0.06290399723239137,0.039773476625271316,0.2997678479318148,0.07249491484993285,0.07382980785250104,0.0466817414801366,0.35183459854546784,,,,
continuum_wings,gap_limited,core,continuum;blue;red,117,976,ok,0.8548609649194315,1.9207283123653593,0.554928742698393,0.10717522998357287,0.19887634391933257,0.548809391016526,0.1253715333623566,0.2326417418510578,0.6419867247865856,0.0,,0.1038129224026555,,0.05271480756621777,,,,0.16927158887989097,,,0.0,,0.12143837028801473,,0.06166477325489532,,,,0.19801066585821284,,,0.0033623075809173842,,0.025454461848077876,,,0.04614021671298703,,0.003933163074341888,,0.029776142428584156,,,0.053973942671877204,,0.06028986480264024,0.060417209702396675,0.032862699964846254,0.3005348854588018,0.07052593027021932,0.07067489589735898,0.03844215762962516,0.35155995862687034,,,,
continuum_wings,gap_limited,core,continuum;blue;red,118,976,ok,0.8602713867475805,1.9187689110587856,0.5516545104576005,0.11026825161862468,0.19394050844091343,0.5560626266880424,0.12817844847253929,0.22544107758150875,0.6463804739459519,0.0,,0.10515136039223962,,0.05458832522642035,,,,0.11363330977063894,,,0.0,,0.12223045193887515,,0.06345477260705124,,,,0.13209007241337092,,,0.005116891226385065,,0.021527439998380905,,,0.04102842253950418,,0.005947996533664156,,0.025024010248404848,,,0.04769241796431232,,0.057365878521616204,0.060458864694495955,0.09888840187685155,0.3025124925010477,0.0666834668749112,0.07027882785114146,0.11495023942469823,0.3516477441435704,,,,
continuum_wings,gap_limited,core,continuum;blue;red,119,976,ok,0.8698478955263014,1.9157121403705317,0.5459401873614192,0.1121515128071575,0.1903310804236259,0.5673653022955182,0.12893232642621988,0.21880961189020995,0.6522580616835704,0.0,,0.10506299124960328,,0.05635635321728412,,,,0.10717989566875101,,,0.0,,0.12078317575975156,,0.06478874468413322,,,,0.1232168247115225,,,0.00708852155755422,,0.020120644512478483,,,0.04965753364473913,,0.008149150666468315,,0.02313122169514992,,,0.05708760566086539,,0.0542596072181087,0.05959447547575457,0.09869304042939203,0.311834832552636,0.06237827038171878,0.068511375129208,0.11346011289672411,0.35849351841445837,,,,
continuum_wings,gap_limited,core,continuum;blue;red,120,976,ok,0.8785783994918729,1.9125295076003703,0.54061968926482,0.10850219282558028,0.18733669687670274,0.58273950978959,0.12349745098255624,0.2132270688478674,0.6632754801695765,0.0,,0.10097311874954304,,0.057529636245652535,,,,0.10741681135238437,,,0.0,,0.11492784116698179,,0.06548036723748829,,,,0.12226206723783449,,,0.00752907407603724,,0.018800756115008203,,,0.058868722731158556,,0.008569609815574445,,0.021399064814115222,,,0.06700451862372825,,0.05311564756142645,0.05789065695461553,0.09226682352486039,0.3241871521811866,0.06045635493900824,0.06589128185725562,0.10501831547215712,0.36899057883585656,,,,
continuum_wings,gap_limited,core,continuum;blue;red,121,976,ok,0.8803713547189598,1.9092206374939993,0.5388844340828556,0.10493435539212712,0.1849987376852247,0.5904382616416078,0.11919328682113382,0.21013716165751634,0.6706695515213498,0.0,,0.09656794367959545,,0.05852636769257891,,,,0.058510546077242896,,,0.0,,0.10969001110948545,,0.06647918219836019,,,,0.06646121067389928,,,0.008366411712531661,,0.01864115860668599,,,0.0871369599204403,,0.009503275711648369,,0.02117419939525042,,,0.09897750472385253,,0.05349548994931391,0.05433572143664589,0.11852553280420468,0.32626522283972,0.06076468715453746,0.06171909290936827,0.1346312918621046,0.37059954426149333,,,,
continuum_wings,gap_limited,core,continuum;blue;red,122,976,ok,0.8908590664088456,1.9057851163300146,0.5325500977129342,0.10310806425802496,0.18161765979620492,0.6061333423546158,0.11574004031149991,0.20386800409219205,0.6803919555963082,0.0,,0.09390629062653896,,0.05788171485691025,,,,0.051254866205354604,,,0.0,,0.10541093890988383,,0.06497292000432575,,,,0.05753420281388481,,,0.009201773631485997,,0.018539850022824416,,,0.08402333515056988,,0.010329101401616077,,0.020811204287969662,,,0.09431720270780598,,0.052763694697800595,0.05243240021866966,0.12779761248415233,0.3430575285145389,0.05922788091554937,0.05885599888434726,0.14345435468184556,0.3850861953927717,,,,
continuum_wings,gap_limited,core,continuum;blue;red,123,975,ok,0.8837153044624241,1.901919198148964,0.5353560207382875,0.09123456421443898,0.18294165171985172,0.6095390885281333,0.10323976936207775,0.20701423953626966,0.6897459911016526,0.0,,0.08212287564882424,,0.05965548553222379,,,,0.05651118271183818,,,0.0,,0.0929291087685538,,0.06750532126238667,,,,0.06394727173613304,,,0.009111688565614739,,0.019412128355740514,,,0.06066289428365382,,0.010310660593523953,,0.0219664956097475,,,0.06864529105395077,,0.053040514273677744,0.050833523558209706,0.1455435818145219,0.34682142971811947,0.06001991139662677,0.05752251126750874,0.1646951015554246,0.39245832675614417,,,,
continuum_wings,gap_limited,core,continuum;blue;red,124,974,ok,0.8704208955634908,1.8991604401750954,0.5416812202117088,0.07563886129161441,0.1875590185370862,0.6072230157347902,0.08689917909501417,0.21548083173677113,0.6976199891682148,0.0,,0.0668598548850658,,0.0639585946492866,,,,0.04951532555706698,,,0.0,,0.07681324658662088,,0.0734800772537535,,,,0.056886646229939004,,,0.008779006406548615,,0.021111048956371795,,,0.08218538953253635,,0.010085932508393293,,0.024253839796326327,,,0.09442028557842856,,0.051214987383272306,0.051274387548155505,0.1249463106902577,0.3505759899549292,0.058839335825131914,0.058907578861559416,0.1435470027513187,0.4027660546085285,,,,
continuum_wings,gap_limited,core,continuum;blue;red,125,972,ok,0.8565102483832642,1.8968473301783126,0.5484558853228851,0.06520264032122364,0.1864780534522305,0.6048295546098099,0.07612593129422462,0.2177184146999101,0.7061556540058651,0.002213276592138087,,0.057378812002725654,,0.06514208715596631,,,,0.050796438336275535,,,0.002584063175327831,,0.06699138989992594,,0.07605523375689612,,,,0.05930628201140398,,,0.005610551726359889,,0.019607755960514436,,,0.12177656826444952,,0.006550478218970855,,0.02289261103124655,,,0.1421775962334521,,0.05005185374404944,0.051676356591700334,0.08587898287702858,0.3463775651320563,0.05843695838844493,0.06033361152332251,0.10026614747357951,0.4044056282874296,,,,
continuum_wings,gap_limited,core,continuum;blue;red,126,970,ok,0.8426413326800928,1.8944856780054002,0.5552136696187578,0.06891555025640239,0.17962536318839706,0.5941004192352933,0.08178515292765262,0.2131694188523642,0.7050454282199832,0.00841043396739624,,0.055864491221291904,,0.061430578230517785,,,,0.06057422473670937,,,0.009981036582487755,,0.0662968798879235,,0.07290240325042278,,,,0.07188613041808413,,,0.004640625067714244,,0.016265191715104016,,,0.10761227603161524,,0.005507236457241349,,0.019302627445738015,,,0.12770828092344486,,0.0475893589165955,0.05434023432617976,0.08954560342211462,0.3363683150448541,0.056476411814779456,0.06448797634142393,0.10626775586394176,0.39918326101451246,,,,
continuum_wings,gap_limited,core,continuum;blue;red,127,968,ok,0.8438566495474479,1.8920748217572432,0.5540046092027859,0.06958067491037517,0.17181294318680898,0.6024630314502637,0.08245556274005852,0.20360441939866278,0.7139400178612787,0.0100293155652434,,0.05583445491759027,,0.05575229980877968,,,,0.06872142328533533,,,0.01188509395597229,,0.0661658054688954,,0.06606844875688199,,,,0.08143731914915876,,,0.0037169044275414988,,0.01337466896043141,,,0.10193127746950831,,0.004404663315190843,,0.015849456145903593,,,0.12079217189812164,,0.04520726746850163,0.057478706949096264,0.09203455256239125,0.33977577813302884,0.05357221216748822,0.068114302328389,0.10906420256538653,0.40264632424861174,,,,
continuum_wings,gap_limited,core,continuum;blue;red,128,966,ok,0.8378682955379615,1.8891770324737827,0.556490322963247,0.06965433397077864,0.16691461182274514,0.6012993497444379,0.0831327958603045,0.19921342377035042,0.7176537803693452,0.012047782037133392,,0.05588891396614947,,0.052891044414956886,,,,0.077477682657884,,,0.01437908809927937,,0.06670369825876446,,0.06312572596030464,,,,0.09247000163449162,,,0.001717637967495777,,0.009995060226092183,,,0.06397788129214892,,0.0020500095022606755,,0.011929154354354413,,,0.07635792120654392,,0.042929412171520555,0.061099095010175505,0.12574552825780716,0.3340982575365977,0.05123646807038725,0.07292207538530412,0.15007791669342377,0.39874794083488585,,,,
continuum_wings,gap_limited,core,continuum;blue;red,129,964,ok,0.8227738226919652,1.8862093498513623,0.5637950672036812,0.06788893526484187,0.16303576794096822,0.5918491194861553,0.08251226934119235,0.1981538102507261,0.7193339204080818,0.011673643671317617,,0.0560961111105524,,0.05046787709643942,,,,0.08481109603572093,,,0.014188156391660097,,0.06817926088972569,,0.061338700508625534,,,,0.10307947785484298,,,0.00011918048297185903,,0.008313958899797375,,,0.05547664937362641,,0.00014485205980657275,,0.010104792678740829,,,0.06742636657072654,,0.043687734891855734,0.0605661970528757,0.12746314529069241,0.3240982287861155,0.053098109938546016,0.07361220712481371,0.15491881459433937,0.39390926138817284,,,,
continuum_wings,gap_limited,core,continuum;blue;red,130,962,ok,0.8120775297406438,1.883171008003161,0.5687712234899639,0.07284267043131086,0.1553459592998572,0.5838889000094757,0.08969915773260577,0.19129449296481654,0.7190063493025776,0.017631376700059275,,0.05521129373125158,,0.048472647867659605,,,,0.09019664746673257,,,0.021711445095261128,,0.06798771263734463,,0.05968967997814259,,,,0.11106901024036339,,,0.0,,0.005355315369194304,,,0.11362022071417052,,0.0,,0.006594586320969441,,,0.13991302129792685,,0.040325785053685226,0.06119221100931807,0.06657108291768152,0.3135009489108911,0.049657555561923035,0.0753526711037815,0.08197626517131014,0.3860480525929772,,,,
continuum_wings,gap_limited,core,continuum;blue;red,131,960,ok,0.8106093902930481,1.8800612256163234,0.5688388339443374,0.0760247865456464,0.1480917156197782,0.5864928881276235,0.09378720189530772,0.1826918333209053,0.7235209647837869,0.02117572595771975,,0.05484906058792664,,0.045899726682665606,,,,0.1419631831927588,,,0.026123218175482014,,0.0676639837198257,,0.0566237292983642,,,,0.17513143184960744,,,0.0,,0.0023436097429323094,,,0.07433896726389116,,0.0,,0.0028911702368573074,,,0.09170750814645319,,0.037767785671189234,0.06208059352299106,0.06275537607622017,0.30743536159475326,0.046591843276742186,0.0765850905089416,0.07741752911785676,0.3792644956698695,,,,
continuum_wings,gap_limited,core,continuum;blue;red,132,957,ok,0.804171929340218,1.8756388187282633,0.571254379409152,0.08032515569282553,0.1418116095849586,0.5820351640624338,0.09988555029361472,0.17634488896088152,0.7237695607455037,0.02739858027554196,,0.052926575417283565,,0.044742971155882306,,,,0.10322322669963485,,,0.03407055043319045,,0.06581499986042427,,0.055638563749161984,,,,0.12835964914160114,,,0.0,,0.0,,,0.11183787435720415,,0.0,,0.0,,,0.13907209425845218,,0.03528124096653309,0.06178739746254319,0.06296461063327567,0.30400945237231913,0.04387275864687237,0.07683356656484715,0.07829744901060513,0.3780403683348452,,,,
continuum_wings,gap_limited,core,continuum;blue;red,133,954,ok,0.8085028075696629,1.8710967290713536,0.5678989787071912,0.0820801160335966,0.13762478925090127,0.5887979022851648,0.10152112678535671,0.1702217827351739,0.7282570904794692,0.03504591723363821,,0.047034198799958404,,0.04567359824693955,,,,0.10005874097875689,,,0.04334668588101168,,0.058174440904345044,,0.05649157655275573,,,,0.12375806248531246,,,0.0,,0.0,,,0.11565897120778854,,0.0,,0.0,,,0.14305327096569548,,0.0331230431923861,0.05882814781157561,0.060538879518795614,0.3125413105798238,0.04096837126880617,0.07276183491361199,0.074877760413441,0.3865679966150203,,,,
continuum_wings,gap_limited,core,continuum;blue;red,134,951,ok,0.8225113127020055,1.8669582342047657,0.5594377540791411,0.08292702209369357,0.13313266391662681,0.6064516266916852,0.1008217404588305,0.16186119492907275,0.7373170646120968,0.04072253444505048,,0.04220448764864308,,0.0454769734950786,,,,0.09850307159318986,,,0.04950999921359645,,0.051311741245234035,,0.055290392718956846,,,,0.11975892619592134,,,0.0,,0.0,,,0.11910792918314575,,0.0,,0.0,,,0.1448100802308337,,0.0293443629610249,0.058311327460523296,0.06395493871439062,0.32488568720095895,0.03567654633785726,0.07089425587225862,0.07775569493906935,0.39499236324627246,,,,
continuum_wings,gap_limited,core,continuum;blue;red,135,948,ok,0.8069542423058527,1.8627162423751513,0.5667862748238097,0.0828500100417835,0.13171898464590187,0.5923852476181674,0.10267002228656925,0.1632298062768937,0.7341001714365372,0.04516667208690583,,0.03768333795487767,,0.0481171992969454,,,,0.09521279150040973,,,0.055971788385228795,,0.04669823390134045,,0.05962816325179931,,,,0.11799032275775816,,,0.0,,0.0,,,0.07972756799388261,,0.0,,0.0,,,0.09880060580146773,,0.028326104653103337,0.05527568069585313,0.10053958562656079,0.3169053024973142,0.03510249177470356,0.06849915125039083,0.12459143326302034,0.39271780961429087,,,,
continuum_wings,gap_limited,core,continuum;blue;red,136,945,ok,0.7913390048476028,1.8603244021311114,0.5746231120009186,0.08050498031301315,0.13246414654495314,0.5783698779896365,0.10173260741585323,0.16739241429210644,0.7308749782920403,0.047471667994319046,,0.03303331231869411,,0.05110465881424607,,,,0.0882429772632089,,,0.059989040984351844,,0.04174356643150139,,0.06457998215832654,,,,0.1115109665044286,,,0.0,,0.0,,,0.08055279770522805,,0.0,,0.0,,,0.10179303334193798,,0.03040603623433987,0.05095345149636722,0.10140734225224937,0.3081667607689501,0.038423527777700674,0.06438890435607925,0.12814652333708554,0.38942445510858814,,,,
continuum_wings,gap_limited,core,continuum;blue;red,137,942,ok,0.7930583840606356,1.857349699527316,0.5730161184713152,0.07793569278121182,0.13411636082110356,0.5810063304583201,0.09827232691515563,0.16911284656546713,0.7326148265193771,0.04986186455890457,,0.02807382822230725,,0.05468009518474956,,,,0.08992023062563237,,,0.06287287993047966,,0.03539944698467595,,0.06894838549562429,,,,0.11338412459019821,,,0.0,,0.0,,,0.06786772153421713,,0.0,,0.0,,,0.08557720704838814,,0.032974543851724276,0.04646172178462973,0.10995608345947941,0.31326229483899115,0.04157896129019817,0.058585499779644674,0.13864815714636264,0.39500533773442814,,,,
continuum_wings,gap_limited,core,continuum;blue;red,138,939,ok,0.7993973355737192,1.8548587191394694,0.5690252161392374,0.07362462152673402,0.13900481005018522,0.5867679039967999,0.09210015877009947,0.17388700695433632,0.7340128342755642,0.05187814009892337,,0.021746481427810653,,0.06090795524879593,,,,0.09541010231392688,,,0.06489656368655641,,0.027203595083543065,,0.07619234207865219,,,,0.11935253980481689,,,0.0,,0.0,,,0.10474308646469992,,0.0,,0.0,,,0.13102756514634475,,0.03536775377911826,0.04272910102227105,0.07477354343569434,0.3118411717824787,0.04424302184311784,0.053451643032566304,0.09353739386938305,0.39009533545501945,,,,
continuum_wings,gap_limited,core,continuum;blue;red,139,936,ok,0.7949489766639267,1.850836839780292,0.5704921365418951,0.07443979496379877,0.13632678020113553,0.5841824014989924,0.09364097212401218,0.17149123302635455,0.7348677948496333,0.04931198440529385,,0.025127810558504923,,0.058338304565383234,,,,0.16037995225041354,,,0.06203163454871774,,0.031609337575294445,,0.07338622512630315,,,,0.2017487372880988,,,0.0,,0.0,,,0.0632720542188254,,0.0,,0.0,,,0.07959259785999365,,0.03746666882117045,0.040521806814581826,0.04978947130481282,0.3107409237249406,0.04713091018545948,0.05097409771459189,0.06263228555090254,0.3908941741506382,,,,
continuum_wings,gap_limited,core,continuum;blue;red,140,933,ok,0.7963442745994527,1.846703455487223,0.5687752290532248,0.07302520481406229,0.13951904396204856,0.5838000258233418,0.09170054603681642,0.17519940610136767,0.7331000478618158,0.04979448929180866,,0.023230715522253628,,0.06170642059107055,,,,0.1573440040988704,,,0.06252884698248684,,0.029171699054329578,,0.07748711525816872,,,,0.19758289111579497,,,0.0,,0.0,,,0.07064803571514391,,0.0,,0.0,,,0.08871544377044545,,0.04045119516978543,0.037361428201192586,0.05810106796757696,0.29770691804175053,0.05079611477100363,0.04691617607219532,0.0729597359091968,0.3738419770663787,,,,
continuum_wings,gap_limited,core,continuum;blue;red,141,930,ok,0.7949791887396596,1.8424559668409812,0.5685220146116494,0.07508535451099899,0.14174213791696819,0.5781516963116924,0.09444945927457228,0.17829666477393286,0.7272538759514948,0.052489487984901134,,0.022595866526097855,,0.06361460571990935,,,,0.15421275534443343,,,0.06602624160277287,,0.028423217671799415,,0.08002046672537727,,,,0.19398338664552783,,,0.0,,0.0,,,0.05736660049486708,,0.0,,0.0,,,0.07216113491702177,,0.04415338130474422,0.03397415089231461,0.07386709764323732,0.2927052428291545,0.05554029832497113,0.04273589972358446,0.09291702058307262,0.3681923338058726,,,,
continuum_wings,gap_limited,core,continuum;blue;red,142,927,ok,0.7990086337287661,1.8380916834162313,0.5653053430700644,0.08015057477372733,0.14328694854841387,0.5755711104066249,0.10031252653639722,0.17933091395987905,0.7203565595037238,0.05930395276314108,,0.020846622010586256,,0.06533421652315503,,,,0.14591764967011073,,,0.07422191733571752,,0.026090609200679696,,0.08176909956311385,,,,0.18262337039983023,,,0.0,,0.0,,,0.06229850301029831,,0.0,,0.0,,,0.07796974948764615,,0.046672437852851696,0.03128029417240714,0.0752428672780746,0.29211209044814124,0.058412933080639606,0.03914888131612561,0.09417028064757654,0.3655931589686708,,,,
continuum_wings,gap_limited,core,continuum;blue;red,143,924,ok,0.78809227506441,1.8357784468238443,0.5707040376100182,0.08667377331190729,0.13674997783970597,0.5646685239127969,0.10997921950805002,0.17352026173398225,0.7165005187579678,0.06084140895437476,,0.02583236435753252,,0.06013089866277509,,,,0.12864873422293355,,,0.07720086959284336,,0.03277834991520665,,0.0762993123588994,,,,0.16324069946304093,,,0.0,,0.0,,,0.06237393124309297,,0.0,,0.0,,,0.07914546711931063,,0.04834647904091697,0.0282726001360139,0.07851767845292719,0.2951281799938432,0.061346216135624035,0.0358747332394588,0.09963005721190454,0.3744842949637118,,,,
continuum_wings,gap_limited,core,continuum;blue;red,144,921,ok,0.7764875881452163,1.8334024359950245,0.5764772791286163,0.09190219737550957,0.13300758897454634,0.5515778017951605,0.11835629928745532,0.17129390218877738,0.7103497985237673,0.0632382715932488,,0.028663925782260777,,0.0548412034793167,,,,0.12143133710990776,,,0.08144144550243881,,0.03691485378501651,,0.07062727636164155,,,,0.1563854193728568,,,0.0,,0.0,,,0.05332268532093015,,0.0,,0.0,,,0.06867165185254437,,0.04997835891645401,0.02818802657877562,0.09256370649172156,0.2842600728726009,0.06436465911301496,0.036301966714120844,0.11920822419431974,0.36608450310404633,,,,
continuum_wings,gap_limited,core,continuum;blue;red,145,918,ok,0.7655506426303572,1.8309624827472848,0.5818862211303772,0.0905223486527603,0.1311132261933404,0.5439150677842564,0.11824475562026095,0.1712665614685505,0.7104886829111884,0.0660289869990093,,0.024493361653751003,,0.05117023566553252,,,,0.07207334758177819,,,0.08625031881906618,,0.031994436801194764,,0.06684108511713424,,,,0.09414576066991624,,,0.0,,0.0,,,0.09079225803082215,,0.0,,0.0,,,0.11859732455957299,,0.051431160101545095,0.02851183042626279,0.10814781769239856,0.2729016444792575,0.06718191748207886,0.037243558869337404,0.14126801242150777,0.35647758526019147,,,,
continuum_wings,gap_limited,core,continuum;blue;red,146,915,ok,0.7600169804713337,1.8297754375784152,0.5846392049743652,0.08489155932496584,0.1302828387400656,0.5448425824063023,0.1116969245507111,0.17142095780448108,0.7168821176448079,0.06312548542630791,,0.021766073898657923,,0.04835372087774358,,,,0.07050838781472815,,,0.08305799350319763,,0.02863893104751348,,0.06362189545785732,,,,0.09277212171101956,,,0.0,,0.0,,,0.090304712889034,,0.0,,0.0,,,0.11881933589566701,,0.05196106404393336,0.029968053818388657,0.10707859657976163,0.2769508851227786,0.06836829357642651,0.03943076877019722,0.14088974237569737,0.36440091766242405,,,,
continuum_wings,gap_limited,core,continuum;blue;red,147,912,ok,0.7596475440736261,1.8285471593212759,0.5845622355426663,0.0808159910615451,0.12958657013339153,0.5492449828786893,0.10638616775902103,0.17058775631456766,0.7230260759264111,0.06162126931006798,,0.01919472175147713,,0.04796909149033461,,,,0.0753569772023,,,0.08111823672807866,,0.025267931030942357,,0.06314651033175114,,,,0.0991999221088725,,,0.0,,0.0,,,0.0837950046200268,,0.0,,0.0,,,0.11030774110145121,,0.05219260059010923,0.029424878052947703,0.10979436686987445,0.28029863418648804,0.06870633756047614,0.038734908422340404,0.14453330064242664,0.3689851120736607,,,,
continuum_wings,gap_limited,core,continuum;blue;red,148,909,ok,0.7789235362838869,1.82727697851638,0.5737244296067708,0.0789563549145379,0.13020096054035005,0.569766220828999,0.10136598938995396,0.16715499593389735,0.7314790146761487,0.06329312882708034,,0.01566322608745756,,0.04875233085670677,,,,0.0909917943895183,,,0.08125717850180932,,0.020108810888144653,,0.06258936671665609,,,,0.11681736415826492,,,0.0,,0.0,,,0.06710337887893368,,0.0,,0.0,,,0.08614886539322282,,0.05179894731032667,0.0296496823733166,0.11493224817874913,0.29673879938179787,0.06650068318316678,0.03806494603407447,0.14755267086557886,0.38096011425908216,,,,
continuum_wings,gap_limited,core,continuum;blue;red,149,906,ok,0.7777981835144421,1.8259642112666945,0.5740342670930718,0.07729388780242251,0.131249499025232,0.5692547966867875,0.09937524854220404,0.16874492870655436,0.7318798227512415,0.06483235895745465,,0.012461528844967856,,0.048791478045641,,,,0.09298741187584054,,,0.08335370322480426,,0.016021545317399768,,0.06273025455675295,,,,0.11955210727759942,,,0.0,,0.0,,,0.06385231678320699,,0.0,,0.0,,,0.08209368205862028,,0.05112886790883725,0.03132915307075376,0.12327221602786273,0.2891428519998772,0.06573539125254063,0.04027928289726077,0.15848869107775929,0.37174534233726253,,,,
continuum_wings,gap_limited,core,continuum;blue;red,150,903,ok,0.7888507556951211,1.8246081588371807,0.5676601839830422,0.07478216669556512,0.13181556415654389,0.5822530248430121,0.09479887818535258,0.16709822891706605,0.7381028928975814,0.06428918126592978,,0.010492985429635344,,0.04516153748051267,,,,0.11362756525511984,,,0.08149726776807016,,0.013301610417282436,,0.057249786673167526,,,,0.1440419045488437,,,0.0,,0.0,,,0.08080636329528079,,0.0,,0.0,,,0.10243555287473316,,0.050148093920601926,0.03650593275542929,0.08232300778777821,0.3054960885048333,0.06357107926760155,0.04627736297629698,0.10435815291225355,0.387267282561751,,,,
continuum_wings,gap_limited,core,continuum;blue;red,151,900,ok,0.7984740089686316,1.8232081072395159,0.5620499899064392,0.06948934211925871,0.133039715460438,0.5959449513889349,0.0870276819767951,0.16661746527264173,0.7463548527505631,0.06461634241422605,,0.004872999705032662,,0.04383078656857675,,,,0.09849287074905906,,,0.08092479114966976,,0.0061028908271253445,,0.05489319135784,,,,0.12335137981044589,,,0.0,,0.0,,,0.14068031264761402,,0.0,,0.0,,,0.17618646451539127,,0.049391874814210736,0.039817054077650516,0.03673998980894417,0.32003177818331763,0.06185783664769371,0.04986643726710802,0.04601275607755883,0.40080425234716716,,,,
continuum_wings,gap_limited,core,continuum;blue;red,152,897,ok,0.7702495125937777,1.82310140783776,0.5775059416432017,0.06137601234486006,0.12985687020507453,0.5790166300438431,0.07968328618369303,0.1685906554718715,0.7517260583444354,0.05929092701688547,,0.0020850853279745837,,0.042627316854671374,,,,0.0922044519651011,,,0.07697626035130638,,0.0027070258323866514,,0.05534221853789425,,,,0.11970725129654039,,,0.0,,0.0,,,0.10332157918323714,,0.0,,0.0,,,0.13414040190081622,,0.047128256892279806,0.04010129645812334,0.07484116408231589,0.30864943481318896,0.06118570167422462,0.05206273525975262,0.09716483147167716,0.40071357367540167,,,,
continuum_wings,gap_limited,core,continuum;blue;red,153,894,ok,0.7678851104553843,1.8229462694398442,0.5787670084807655,0.059523765578787226,0.126654695807142,0.5817066490694551,0.07751649923708956,0.16493964277029813,0.7575438579926124,0.059523765578787226,,0.0,,0.04132687261129194,,,,0.0892389193449397,,,0.07751649923708956,,0.0,,0.05381908315266534,,,,0.11621389466976084,,,0.0,,0.0,,,0.10367151319025969,,0.0,,0.0,,,0.13500914626249055,,0.04480254842107674,0.04052527477477334,0.07721102092850025,0.3115851956057554,0.05834537981145014,0.05277517980618266,0.10055022538815898,0.4057705916722019,,,,
continuum_wings,gap_limited,core,continuum;blue;red,154,891,ok,0.7687414964201901,1.8227417317901766,0.5782499061648354,0.0609145674283234,0.12277432053164017,0.5850526084602263,0.07923933820664705,0.1597081998348797,0.761052461958473,0.0609145674283234,,0.0,,0.037507785026510795,,,,0.08780059839403849,,,0.07923933820664705,,0.0,,0.0487911543752664,,,,0.11421342389203762,,,0.0,,0.0,,,0.11745590988376431,,0.0,,0.0,,,0.15278986555392546,,0.0425300713491838,0.042736464155945564,0.06564313383614429,0.3141529663462793,0.055324282020983925,0.05559276343862936,0.0853903869399865,0.40865878557252355,,,,
continuum_wings,gap_limited,core,continuum;blue;red,155,889,ok,0.7664861337011799,1.8238956545745326,0.5797532979595954,0.0613818014147184,0.11868099898501237,0.5864233333014491,0.08008207678633432,0.15483776387699272,0.765080159336673,0.0613818014147184,,0.0,,0.03436378503406723,,,,0.13395445262634564,,,0.08008207678633432,,0.0,,0.04483288545369067,,,,0.1747643521997082,,,0.0,,0.0,,,0.08015087822851544,,0.0,,0.0,,,0.10456924751069643,,0.039550440848056305,0.04476677310288883,0.05574635618531874,0.3165716462612693,0.05159968211959243,0.05840519630370962,0.07272976474620982,0.4130167948800585,,,,
continuum_wings,gap_limited,core,continuum;blue;red,156,886,ok,0.7763800635364667,1.8232763621012364,0.5741841008450789,0.06121135452796253,0.11846260567614768,0.5967061033323564,0.07884199685543242,0.15258326590271012,0.7685747372418573,0.06121135452796253,,0.0,,0.03489224547452924,,,,0.14000726554165996,,,0.07884199685543242,,0.0,,0.04494222238988539,,,,0.18033341158184416,,,0.0,,0.0,,,0.09295946057322951,,0.0,,0.0,,,0.11973447662964518,,0.04031097501758163,0.04325938518403681,0.04287360779910019,0.32086576941836675,0.05192170292725222,0.055719340585572506,0.05522244814454385,0.4132844008858242,,,,
continuum_wings,gap_limited,core,continuum;blue;red,157,883,ok,0.7754817428739087,1.8226316491300365,0.574526348621435,0.06646105859964323,0.11653994446923095,0.5924807398050345,0.08570293138474264,0.15028070685112188,0.7640163617641355,0.06646105859964323,,0.0,,0.03323125614070539,,,,0.075525055222467,,,0.08570293138474264,,0.0,,0.04285240296896159,,,,0.09739114546085087,,,0.0,,0.0,,,0.08434904461146485,,0.0,,0.0,,,0.10876986516648372,,0.04181863734663964,0.04149005098188592,0.10753508009390118,0.32507155987720143,0.053926011451489765,0.053502292430670534,0.13866874505050225,0.41918660608629854,,,,
continuum_wings,gap_limited,core,continuum;blue;red,158,880,ok,0.7724725118145531,1.821960973025104,0.5760213729871748,0.06984269381253222,0.11175044391990338,0.5908793740821177,0.09041447138160341,0.1446659165352038,0.7649196120831929,0.06984269381253222,,0.0,,0.033284064060026125,,,,0.07958425527079456,,,0.09041447138160341,,0.0,,0.04308770027536799,,,,0.10302535566456543,,,0.0,,0.0,,,0.09720037104349469,,0.0,,0.0,,,0.12583020050146393,,0.03883718332532339,0.039629196534553865,0.09390683477519741,0.32018791299263094,0.05027645997926073,0.05130175628057509,0.12156657141703128,0.41449748450013224,,,,
continuum_wings,gap_limited,core,continuum;blue;red,159,878,ok,0.7798315768613745,1.8206974005363232,0.5716852363104201,0.0731237781469661,0.11049710286864184,0.5962106958457666,0.09376868072112556,0.14169354787268915,0.7645377714061853,0.0731237781469661,,0.0,,0.03645612998540548,,,,0.09448507139079726,,,0.09376868072112556,,0.0,,0.04674872250253345,,,,0.12116086882641487,,,0.0,,0.0,,,0.09379397556446734,,0.0,,0.0,,,0.1202746571791366,,0.036181638950104456,0.03785933393313191,0.07937453730404793,0.32855711158645406,0.046396734915154926,0.04854809045500079,0.10178420528123577,0.4213180401193981,,,,
continuum_wings,gap_limited,core,continuum;blue;red,160,876,ok,0.7726023033774696,1.8194105365042539,0.5753557056663579,0.07232383201932498,0.10651028411159097,0.5937681872465534,0.09361068651123318,0.13785913353607146,0.7685301799526951,0.07232383201932498,,0.0,,0.03746405922721262,,,,0.09212171263913428,,,0.09361068651123318,,0.0,,0.048490742343682655,,,,0.11923561738868704,,,0.0,,0.0,,,0.03956832968147557,,0.0,,0.0,,,0.05121435634931534,,0.03163355281781943,0.037412672066558926,0.13276381420300148,0.3293143307229422,0.040944160636761984,0.04842423055562682,0.1718397856473089,0.4262404205673839,,,,
continuum_wings,gap_limited,core,continuum;blue;red,161,874,ok,0.7809490607048158,1.818099970011174,0.5704586801684063,0.08255245206372148,0.09811258391976671,0.6002840247213277,0.10570785755119151,0.12563250134550252,0.768659641103306,0.07854637549117546,,0.0040060765725460235,,0.030101523376499767,,,,0.1023756211202499,,,0.10057810354530221,,0.005129754005889311,,0.0385447974664734,,,,0.13109129170070924,,,0.0,,0.0,,,0.03271764055138995,,0.0,,0.0,,,0.04189471784736112,,0.028749755901095162,0.039261304642171785,0.13189696709795223,0.33329379595173564,0.036813868340078625,0.050273835538950505,0.16889317592483388,0.42678045563040184,,,,
continuum_wings,gap_limited,core,continuum;blue;red,162,872,ok,0.7821967283595139,1.8192265845805444,0.570038864323528,0.09378056061231196,0.0866677213317611,0.601748446415441,0.11989382876734363,0.11080041400010408,0.7693057572325525,0.08322811997119853,,0.010552440641113435,,0.020315158131310698,,,,0.08994970433973401,,,0.1064030530346902,,0.013490775732653426,,0.025971929304686926,,,,0.11499626766323069,,,0.0,,0.0,,,0.04984747230102399,,0.0,,0.0,,,0.06372753873001762,,0.02552861753457313,0.04082394566587726,0.1301311849535989,0.3318200848210841,0.032637080428748154,0.052191404266668996,0.16636631199739293,0.4242156388419112,,,,
continuum_wings,gap_limited,core,continuum;blue;red,163,870,ok,0.7690701863007365,1.8203468701255197,0.5775144842327317,0.10253652336868513,0.075435237873237,0.5910984250588145,0.13332531307953907,0.09808628551326896,0.7685884014071921,0.08740900338531923,,0.015127519983365891,,0.01082171317076071,,,,0.09735017858350704,,,0.11365543085964705,,0.019669882219892007,,0.01407116458747888,,,,0.12658165706795363,,,0.0,,0.0,,,0.036586734397826115,,0.0,,0.0,,,0.04757268588684996,,0.022156218696853233,0.04245730600562306,0.1307433273903858,0.3264181846870955,0.02880909843017798,0.05520602249561211,0.17000181481389534,0.4244322436384931,,,,
continuum_wings,gap_limited,core,continuum;blue;red,164,868,ok,0.7577466518700079,1.8214606893524712,0.5839895660120049,0.109918798360858,0.06708594347734773,0.5807419100318022,0.14506009111303161,0.08853347396757139,0.766406434919397,0.0895096997986056,,0.020409098562252394,,0.0013290742333716982,,,,0.08492369869381294,,,0.11812615678038135,,0.026933934332650265,,0.0017539823238964336,,,,0.11207400057028781,,,0.0,,0.0,,,0.05029416128074984,,0.0,,0.0,,,0.06637332036589169,,0.01979769125323767,0.04595917799073836,0.12739822718818145,0.318125822869058,0.026127058700133963,0.060652432943541,0.16812773355551128,0.4198313804277063,,,,
continuum_wings,gap_limited,core,continuum;blue;red,165,866,ok,0.7717322668292778,1.822567902482116,0.5765687161625895,0.11414373458133009,0.06299287655560287,0.5945956556923448,0.14790587291405935,0.08162529838802,0.7704688286979208,0.08926540289905925,,0.024878331682270837,,0.0,,,,0.08009140616303309,,,0.11566887473270118,,0.03223699818135816,,0.0,,,,0.10378133661832604,,,0.0,,0.0007490914855932961,,,0.05468971123467395,,0.0,,0.0009706623887465492,,,0.07086617157964756,,0.017421335710759562,0.04482244935925001,0.1303506154069926,0.32946392288764526,0.02257432591530283,0.058080310083970625,0.16890652498248943,0.42691479551745776,,,,
continuum_wings,gap_limited,core,continuum;blue;red,166,864,ok,0.7748578090038187,1.8249144138944382,0.5754004663978587,0.11194353285676487,0.060674476619580184,0.6022397995274735,0.14446977439729614,0.07830401386492468,0.777226211737779,0.09043544675468515,,0.02150808610207971,,0.0,,,,0.02985115074160804,,,0.11671231250924834,,0.027757461888047785,,0.0,,,,0.03852468207036024,,,0.0,,0.0037924041287191405,,,0.09481265868489784,,0.0,,0.004894322654623269,,,0.12236136434733999,,0.016856991575302297,0.040025080915558744,0.13968427146563536,0.33789171863533235,0.021754948300739423,0.05165474290956199,0.18027084433106225,0.43606932098901663,,,,
continuum_wings,gap_limited,core,continuum;blue;red,167,862,ok,0.7759744812365934,1.8293643610278825,0.5758228935868276,0.10949487984157018,0.05960725040154913,0.6068723509934741,0.14110628956132562,0.07681599310657611,0.7820777173320983,0.09363537051518103,,0.015859509326389146,,0.0,,,,0.050963560588052154,,,0.12066810543300811,,0.020438184128317497,,0.0,,,,0.06567685126299075,,,0.0,,0.007592729212350955,,,0.09214072942789299,,0.0,,0.009784766633370696,,,0.11874195821627725,,0.015926019000945323,0.03608850218825285,0.11861497076440256,0.3451530902131264,0.020523895290429667,0.046507331182775745,0.15285937054963156,0.4447995373031987,,,,
continuum_wings,gap_limited,core,continuum;blue;red,168,861,ok,0.76261170732502,1.8355799655328986,0.5845390984624075,0.1074726481410435,0.06022181789919176,0.5949172412847847,0.14092708924967942,0.07896786440694599,0.7801050463433745,0.09870083308706284,,0.008771815053980659,,0.0,,,,0.03383090327551946,,,0.12942475461499467,,0.011502334634684764,,0.0,,,,0.04436189865768865,,,0.0,,0.01318770748639844,,,0.07624061249004077,,0.0,,0.017292820657915663,,,0.09997304231988079,,0.01431639126104193,0.03271771915175139,0.14053304137486602,0.3443126841443585,0.018772844848211043,0.042902198900819276,0.18427863095336902,0.4514914744124361,,,,
continuum_wings,gap_limited,core,continuum;blue;red,169,860,ok,0.7660423189738419,1.8416684582509735,0.584049824200722,0.10897321340977914,0.061309468560012466,0.5957596370040503,0.14225482158186128,0.08003404908770582,0.777711129330433,0.10366928750795923,,0.005303925901819907,,0.0011963819751436178,,,,0.04024322549580932,,,0.13533101884871093,,0.0069238027331503344,,0.0015617700817707315,,,,0.05253394557851249,,,0.0,,0.016556888548604008,,,0.06550803080084544,,0.0,,0.02161354293165281,,,0.08551489803931099,,0.013269116844502101,0.030287081191762738,0.13838695967843573,0.3516214210289599,0.01732164988257679,0.03953708619170549,0.1806518468376696,0.4590104388749399,,,,
continuum_wings,gap_limited,core,continuum;blue;red,170,859,ok,0.7663720467041412,1.8476309754915123,0.5852136834305246,0.10484707484808406,0.0633648013588208,0.5981601704972364,0.1368096282986694,0.08268151432626934,0.7805088573750614,0.10281499641201913,,0.0020320784360649225,,0.0037536110828494734,,,,0.014451786566933938,,,0.1341580722498755,,0.0026515560487938945,,0.004897896653449522,,,,0.01885740304475519,,,0.0,,0.019013558065409563,,,0.08364456100812112,,0.0,,0.02480982722057681,,,0.10914354374985731,,0.012872103729329006,0.027725528481232758,0.1462918160304959,0.35377200689168536,0.016796155059003996,0.03617763539323901,0.19088876826815165,0.4616191423122971,,,,
continuum_wings,gap_limited,core,continuum;blue;red,171,858,ok,0.7683535014594971,1.85346855942042,0.585451019628072,0.10024657709633629,0.06544053477717884,0.602666389585982,0.1304693437407608,0.08516982697791281,0.7843608292813263,0.1001666392467819,,7.9937849554393e-05,,0.005854162284436332,,,,0.024295632052767295,,,0.1303653058865667,,0.00010403785419413076,,0.0076191001580864495,,,,0.03162038307447996,,,0.0,,0.02177431345148,,,0.07665046326795179,,0.0,,0.02833892656195282,,,0.0997593726355815,,0.01153948003699912,0.026272579004263386,0.1491102239486059,0.352610070316657,0.01501845181297376,0.03419334844489977,0.19406461175145184,0.45891646181981305,,,,
continuum_wings,gap_limited,core,continuum;blue;red,172,857,ok,0.7686317956350028,1.8591821635157857,0.5865753175142507,0.10416396592383696,0.06445441179890413,0.6000134179122618,0.13551867944492488,0.08385603115163263,0.7806252894034426,0.10267102736013495,,0.0,,0.009518585277825833,,,,0.013388713391095399,,,0.13357634688441894,,0.0,,0.012383803704037617,,,,0.017418890900856313,,,0.0014929385637020085,,0.021261218891464678,,,0.07239045180331621,,0.0019423325605059335,,0.027661123326156167,,,0.09418092279608478,,0.010192296167813742,0.023482311461799882,0.1638385963204172,0.350395656397433,0.01326031036667356,0.0305507937547653,0.21315615259587647,0.455869323110625,,,,
continuum_wings,gap_limited,core,continuum;blue;red,173,856,ok,0.7689615442619326,1.8647726575008987,0.5876379133035116,0.10755775972178519,0.06293792507701094,0.5984658594631365,0.13987404249847327,0.0818479487650065,0.7782780087365202,0.10054449714385123,,0.0,,0.01247458069584743,,,,0.07669548201850053,,,0.13075360906422986,,0.0,,0.016222632703721,,,,0.09973903453405418,,,0.00701326257793396,,0.018754643032710037,,,0.07125074787308598,,0.009120433434243392,,0.024389572108851273,,,0.0926584019770119,,0.01056112997543061,0.02114757137302287,0.10108889831205997,0.34943073125949,0.013734275861047682,0.027501468091386556,0.13146157836681868,0.45441899385863543,,,,
continuum_wings,gap_limited,core,continuum;blue;red,174,855,ok,0.7720226556472756,1.8683991415661838,0.5867999302334138,0.10940654051623723,0.06241118101649247,0.600204934114546,0.1417141578889406,0.08084112630628175,0.7774447158047778,0.09990126179684729,,0.0,,0.015350272373160499,,,,0.05537325839444488,,,0.12940198200930844,,0.0,,0.019883188998243317,,,,0.07172491375660354,,,0.009505278719389942,,0.016629989403132903,,,0.033800931252413284,,0.012312175879632148,,0.021540804899294136,,,0.04378230483932375,,0.009691793388156952,0.02073912585204211,0.16481321915826966,0.3462175253094182,0.012553768101573657,0.026863364307170637,0.21348236085129876,0.44845513635755174,,,,
continuum_wings,gap_limited,core,continuum;blue;red,175,854,ok,0.7738512669194144,1.8719595117140877,0.5866089720014641,0.11220331997021032,0.06324481861346361,0.5984031283357405,0.1449933918398491,0.08172735681525951,0.7732792513448914,0.1019049018503493,,0.0,,0.019848898746310642,,,,0.06114136237171659,,,0.1316853847846207,,0.0,,0.02564950087285652,,,,0.07900919076492717,,,0.010298418119861022,,0.014709263779234235,,,0.03815752170647713,,0.013308007055228424,,0.01900786935167736,,,0.04930859887117131,,0.0059903856405043275,0.022696270447414398,0.14997657958736557,0.34912766467018114,0.007741003855109203,0.02932898273561642,0.19380543264392366,0.4511560290648691,,,,
continuum_wings,gap_limited,core,continuum;blue;red,176,853,ok,0.7666102286704461,1.875453322442204,0.591240038076825,0.10973649340004302,0.06522233674007508,0.591651398530328,0.14314509420303734,0.08507887620178513,0.7717760295951774,0.10394399914600896,,0.0,,0.024947204198243263,,,,0.07288000588994971,,,0.13558911068311988,,0.0,,0.032542227151742945,,,,0.09506787564829075,,,0.005792494254034059,,0.013653250725115695,,,0.030681069579596893,,0.007555983519917476,,0.01780989897407828,,,0.04002173259911747,,0.003012454933054216,0.023609426883661907,0.13756735702638043,0.350522966034401,0.003929578318148457,0.030797171757815447,0.17944889316826282,0.4572375281795064,,,,
continuum_wings,gap_limited,core,continuum;blue;red,177,852,ok,0.7781379610482453,1.8787234277856055,0.5858155865096456,0.10590225998574541,0.06746524840123463,0.6047704526612654,0.13609702300486967,0.08670088310606366,0.7772020938890669,0.10125777803013276,,0.0,,0.030497934206571264,,,,0.07942790938841944,,,0.1301283102725465,,0.0,,0.03919347947693862,,,,0.10207432790121242,,,0.004644481955612649,,0.01308448887627552,,,0.03292967828390351,,0.005968712732323165,,0.016815127305509093,,,0.04231856037397697,,0.0,0.023882825318387847,0.13013273237662482,0.36228013261231756,0.0,0.030692276323615948,0.16723606724098178,0.4655731383728956,,,,
continuum_wings,gap_limited,core,continuum;blue;red,178,851,ok,0.7713608524425832,1.8820992649494834,0.5901593147569603,0.1032592013035918,0.06825387712430953,0.5998477740146818,0.13386627150783229,0.08848501568128264,0.777648712810885,0.1000411282418942,,0.0,,0.03470726753573215,,,,0.07995042740760927,,,0.1296943290874887,,0.0,,0.044994852183421655,,,,0.10364854160596701,,,0.0032180730616975938,,0.010840411273330934,,,0.02533851386670112,,0.004171942420343575,,0.01405361866499162,,,0.032849105300670166,,0.0,0.02270619831524643,0.13070568871157648,0.36385314402879493,0.0,0.029436544832869362,0.16944817499836193,0.4717028909058858,,,,
continuum_wings,gap_limited,core,continuum;blue;red,179,850,ok,0.7704564896664842,1.8854073152993365,0.5913580670795768,0.09217512289817228,0.07252953748193956,0.6057518292863723,0.11963702575608537,0.09413839516535996,0.7862245790785546,0.09056386003578909,,0.0,,0.039766410832579244,,,,0.08084138889466802,,,0.11754571640378089,,0.0,,0.0516140903035204,,,,0.10492661166325266,,,0.0016112628623832007,,0.009866367980479851,,,0.021991541776815223,,0.0020913093523044833,,0.0128058730282755,,,0.0285435220181414,,0.0,0.022896758668880465,0.13474345521384942,0.36817544340103964,0.0,0.02971843183356406,0.17488781913197626,0.47786662626518434,,,,
continuum_wings,gap_limited,core,continuum;blue;red,180,849,ok,0.7694204658600868,1.8868808917602014,0.5922262665228067,0.08227345969396319,0.07495536296411195,0.6121916432020116,0.10692912827837878,0.09741794804005384,0.7956529236815673,0.0818308004478904,,0.00044265924607279184,,0.04355425666882945,,,,0.06557625675429817,,,0.10635381313443085,,0.0005753151439479464,,0.056606574170265773,,,,0.08522811604834891,,,0.0,,0.008757504375351824,,,0.06752230027737452,,0.0,,0.01138194883542948,,,0.08775734890531613,,0.0,0.022643601919930686,0.11239904513723586,0.3666940410331031,0.0,0.029429425034358588,0.14608273385552856,0.47658472487237374,,,,
continuum_wings,gap_limited,core,continuum;blue;red,181,848,ok,0.7715660430581328,1.8882925728061988,0.5913948642443394,0.07212968864084358,0.07595612741917188,0.6234802269981173,0.09348478887815576,0.09844410352497725,0.808071107596867,0.06940165026057477,,0.002728038380268824,,0.04809684915214921,,,,0.06605249428426047,,,0.08994907290826143,,0.00353571596989434,,0.06233665877974026,,,,0.085608347954841,,,0.0,,0.005437831906261102,,,0.12331234197978236,,0.0,,0.007047785416667689,,,0.15982085148671002,,0.0,0.02242144636076157,0.0588716206208978,0.3752437701131767,0.0,0.0290596593285693,0.07630146654401454,0.4863404416113014,,,,
continuum_wings,gap_limited,core,continuum;blue;red,182,847,ok,0.786480772279597,1.889641691969304,0.583793702466573,0.06604303558791563,0.07434637913210754,0.6460913575595739,0.08397285466559007,0.09453044721820245,0.8214966981162076,0.0615752406940134,,0.004467794893902236,,0.046918113816532186,,,,0.06713469333442491,,,0.0782921119807404,,0.005680742684849665,,0.05965576714678107,,,,0.08536088319087128,,,0.0,,0.0036268220012253237,,,0.13195905072216088,,0.0,,0.004611456667545808,,,0.16778420448815362,,0.0,0.02380144331435002,0.05731442100782644,0.38968319249516165,0.0,0.030263223403875553,0.07287453556137408,0.4954770748758086,,,,
continuum_wings,gap_limited,core,continuum;blue;red,183,846,ok,0.7995396905259995,1.890927567981469,0.5771706415073105,0.05968049917006491,0.07686196705762621,0.6629972242983082,0.0746435728923006,0.09613277235437859,0.8292236547533206,0.05256369628482644,,0.007116802885238473,,0.05221773150936809,,,,0.07789468036605005,,,0.06574244769543079,,0.008901125196869822,,0.06530974275337752,,,,0.09742440717959212,,,0.0,,0.001636616179471938,,,0.13529925318826894,,0.0,,0.002046948011292903,,,0.1692214342720854,,0.0,0.023007619368786175,0.05432345874234987,0.39547983200163944,0.0,0.028776081589708163,0.06794341717621506,0.49463439612542814,,,,
continuum_wings,gap_limited,core,continuum;blue;red,184,845,ok,0.8216039954927342,1.892149504359056,0.5657827282676664,0.04969930016964298,0.0810027856300527,0.6909019096930386,0.060490577507278556,0.09859103177982177,0.8409183907128996,0.04079766273581337,,0.008901637433829613,,0.0557591520916248,,,,0.07401046175675234,,,0.04965611530570284,,0.010834462201575716,,0.06786621340392192,,,,0.09008045501576051,,,0.0,,0.0017723704112732313,,,0.14762125105836152,,0.0,,0.0021572076340869075,,,0.17967445614700275,,0.0,0.02347126312715466,0.0591480896248736,0.4101221072530511,0.0,0.028567610741812934,0.0719909956005036,0.4991724839496329,,,,
continuum_wings,gap_limited,core,continuum;blue;red,185,844,ok,0.8551116028019634,1.893312829103539,0.548351656600466,0.04731725401194025,0.08144396809643775,0.7263503806935854,0.05533459475569591,0.09524367091917414,0.8494217343251299,0.03489715231551617,,0.012420101696424081,,0.05189011064020986,,,,0.07885125156392,,,0.040810055905179964,,0.01452453885051595,,0.06068226705166948,,,,0.09221164969057412,,,0.0,,0.0015667888922342482,,,0.1535640964059421,,0.0,,0.0018322624638705824,,,0.17958368931348279,,0.0,0.027987068563993633,0.06670743977941768,0.4272275929443056,0.0,0.032729141403634074,0.07801021476124977,0.49961618055982326,,,,
continuum_wings,gap_limited,core,continuum;blue;red,186,843,ok,0.86139153177265,1.8936867021277117,0.5451245811651206,0.042683064283550634,0.08137231521901539,0.737336152270084,0.04955129312185544,0.09446611931691506,0.8559825875612295,0.025682533125039715,,0.01700053115851092,,0.04669969974020631,,,,0.16659524942212087,,,0.02981516787399553,,0.01973612524785991,,0.054214254514556706,,,,0.1934024694662205,,,0.0,,0.0012125961868998275,,,0.057621412317649084,,0.0,,0.0014077177940261805,,,0.06689340467402842,,0.0,0.033460019291909254,0.07810799149345855,0.43501149903685543,0.0,0.03884414700833218,0.0906765258450136,0.5050101875759668,,,,
continuum_wings,gap_limited,core,continuum;blue;red,187,842,ok,0.8707206463297051,1.8940574197812001,0.5402881468978795,0.037436977408942806,0.08457776269824299,0.7487059062225193,0.0429953941792337,0.09713535914734353,0.8598692466734228,0.016481328050879783,,0.020955649358063023,,0.044404004343106485,,,,0.10069911445732163,,,0.01892837630571011,,0.024067017873523586,,0.05099684328180334,,,,0.11565031205104918,,,0.0,,0.0011042424250006053,,,0.055681899374260435,,0.0,,0.0012681936849151907,,,0.06394921219448844,,0.0,0.0390695159301359,0.14963817938581847,0.44268671300511875,0.0,0.04487032218062499,0.17185555438082126,0.5084141680470639,,,,
continuum_wings,gap_limited,core,continuum;blue;red,188,841,ok,0.8717178703578681,1.8944249515766125,0.5398509349065934,0.030868462626604677,0.08885699141538908,0.7519924163158743,0.03541107011369652,0.10193319930324526,0.8626557305830582,0.008974045131883329,,0.021894417494721347,,0.04766150077951255,,,,0.09823455845157228,,,0.01029466692956426,,0.025116403184132257,,0.05467537422394011,,,,0.11269077047972396,,,0.0,,0.003279168905111884,,,0.05862967010666932,,0.0,,0.0037617318820889613,,,0.06725762095779907,,0.0,0.037916321730764646,0.14964350605997057,0.4454846816976622,0.0,0.04349609319721619,0.17166506635746392,0.5110422727880714,,,,
continuum_wings,gap_limited,core,continuum;blue;red,189,840,ok,0.870224287923526,1.8947892667323156,0.5407276665525881,0.038224463089331175,0.08593533415516677,0.7460644906790281,0.043924840549486345,0.09875078798388885,0.8573243714666249,0.0068632064488125385,,0.031361256640518635,,0.04277857819879149,,,,0.05251818054065196,,,0.00788670983337995,,0.03603813071610639,,0.049158106470306655,,,,0.060350166353053084,,,0.0,,0.0018340218530845261,,,0.10887031597844755,,0.0,,0.0021075277701806654,,,0.12510604161396943,,0.0,0.041322734103290765,0.14543444174300912,0.4392415524169195,0.0,0.047485153743401544,0.16712294032844746,0.5047452231711549,,,,
continuum_wings,gap_limited,core,continuum;blue;red,190,840,ok,0.8791338486637086,1.8965743704449556,0.5364622329799853,0.040965981873961804,0.08482507715283569,0.7533427896369111,0.04659811692637073,0.09648710180113139,0.856914781272498,0.0046518360039837035,,0.0363141458699781,,0.04237136282293742,,,,0.024341011578527357,,,0.0052913853914902,,0.041306731534880535,,0.04819671417195718,,,,0.027687492201017985,,,0.0,,0.0013181875346925055,,,0.14142853818384576,,0.0,,0.0014994162000429884,,,0.1608725888541528,,0.0,0.04113552679520576,0.14044967376512904,0.44712356610940895,0.0,0.046790971429131224,0.15975914700430863,0.5085955532130185,,,,
continuum_wings,gap_limited,core,continuum;blue;red,191,840,ok,0.8834296341785985,1.897587727134775,0.53444595917984,0.044297248310440976,0.08385832312563939,0.7552740627425182,0.05014236176447486,0.0949236021537921,0.854934036081733,0.008871155751322952,,0.03542609255911802,,0.039202174353210294,,,,0.11353314354329996,,,0.01004172308479468,,0.04010063867968018,,0.04437498226970841,,,,0.12851407644804855,,,0.0,,0.0006303152389158996,,,0.044598217501172724,,0.0,,0.0007134866372260181,,,0.050483044461871115,,0.000351942770165563,0.04367389076334763,0.15221251691472834,0.44493018478331714,0.0003983823459723477,0.049436750900885326,0.17229727306607,0.5036396421057433,,,,
continuum_wings,gap_limited,core,continuum;blue;red,192,840,ok,0.883907618580932,1.899362799235375,0.5346293931119898,0.04919563807476129,0.08353874113773277,0.7511732393684382,0.0556569906635066,0.09451071512637248,0.8498322942101212,0.011387480841415701,,0.03780815723334559,,0.03560232657512973,,,,0.11791286062028491,,,0.012883111992741631,,0.04277387867076497,,0.040278334326711004,,,,0.1333995297037805,,,0.0,,0.0014810487350062553,,,0.04447596333111808,,0.0,,0.0016755696001172638,,,0.050317434080409826,,0.0017983032684271841,0.04465706255916959,0.15396584688223267,0.4348185685348025,0.0020344923277324694,0.05052231887181173,0.17418771333752828,0.49192761708840255,,,,
continuum_wings,gap_limited,core,continuum;blue;red,193,840,ok,0.8915219450196064,1.9010901957810282,0.5310470029260822,0.052225961257125184,0.08365634792300705,0.7556396358394741,0.05858067942004123,0.09383543320536802,0.8475838873745908,0.009133775736628198,,0.043092185520496984,,0.03307639251761977,,,,0.1253965441320683,,,0.010245149642869787,,0.04833552977717144,,0.0371010413174881,,,,0.14065446715314514,,,0.0,,0.0,,,0.0486942172421503,,0.0,,0.0,,,0.05461920204452109,,0.003682930977265908,0.04689702442812138,0.1452664176296149,0.43628245683564065,0.004131060371357334,0.05260333151652259,0.16294205480990173,0.4893681633670228,,,,
continuum_wings,gap_limited,core,continuum;blue;red,194,840,ok,0.8834960387148036,1.9010901957810282,0.5352687417592068,0.06037372172330053,0.08132971411928866,0.7417926028722144,0.06833502254421474,0.09205441853208154,0.8396105589237036,0.010896811558404,,0.04528002254673999,,0.030249988641450908,,,,0.09124067540059595,,,0.012333741274330193,,0.05125096272373506,,0.034238963522071585,,,,0.10327230842293435,,,0.00419688761815654,,0.0,,,0.07388691646813011,,0.00475031854614949,,0.0,,,0.0836301615744778,,0.002268576947253688,0.04881114853058406,0.14108844714317473,0.43557656386031357,0.0025677273556921902,0.05524772765431777,0.15969335566961007,0.4930147332566814,,,,
continuum_wings,gap_limited,core,continuum;blue;red,195,840,ok,0.8713975037214319,1.9028253338472194,0.542050713630474,0.06537011355115246,0.08018525082820907,0.7258421393420703,0.0750175588890027,0.09201914222357317,0.8329632988874242,0.010896005504014478,,0.0460442524920857,,0.028457131578972207,,,,0.075570192626501,,,0.01250405866149659,,0.05283955060170233,,0.03265688902876336,,,,0.08672298497960726,,,0.008429855555052285,,0.0,,,0.09167321405135345,,0.009673949625803771,,0.0,,,0.10520252084708694,,0.000817633022058516,0.05091048622717835,0.14819639070823942,0.41040234195597647,0.0009383008541643663,0.05842395234064545,0.17006749511600025,0.47097029794472967,,,,
continuum_wings,gap_limited,core,continuum;blue;red,196,840,ok,0.8761585105820114,1.9045376848599427,0.5399626284390354,0.06694429102319024,0.08436916409250217,0.724845055466319,0.07640659790968729,0.09629440686076053,0.8272989952295522,0.010098063290257952,,0.047093473934779764,,0.02862017168902566,,,,0.11754600465301007,,,0.01152538401247743,,0.05374994748780866,,0.032665518103583736,,,,0.13416066069474922,,,0.00975275379815253,,0.0011620296565311963,,,0.05628983158101686,,0.0111312664094012,,0.0013262778852188373,,,0.06424617338205714,,0.002631136836642313,0.051955825910303004,0.14842112237686994,0.40258809685542213,0.0030030374696634636,0.05929957340229449,0.16939985240601874,0.4594923087467271,,,,
continuum_wings,gap_limited,core,continuum;blue;red,197,840,ok,0.8814796984955608,1.9062273873313451,0.5375789350454319,0.06474284267119779,0.08913764188295871,0.7275992139414044,0.07344791125841661,0.10112273945173295,0.8254293492898505,0.009781883466487852,,0.0449904232633926,,0.02959987458847385,,,,0.07880670393983738,,,0.01109711713517939,,0.05103965904169848,,0.03357975758147641,,,,0.08940274412937516,,,0.009970535941317341,,0.0029682226399924943,,,0.10106601980743662,,0.011311135081538753,,0.003367318209436269,,,0.11465496026729605,,0.0019104095386253967,0.054659135115866966,0.1441434655786021,0.40358302461552825,0.0021672757091126785,0.06200838795170758,0.163524430369315,0.4578472145238643,,,,
continuum_wings,gap_limited,core,continuum;blue;red,198,840,ok,0.8832607431178177,1.9078945765628355,0.5370495026466173,0.06515093978969815,0.09403754856165308,0.7240722547664664,0.07376184246536552,0.10646635129476084,0.8197718062398737,0.009506546508208634,,0.04382507071512277,,0.02891638697564397,,,,0.08579937783315572,,,0.010763012601071258,,0.04961736503812551,,0.032738222773914034,,,,0.09713935381107613,,,0.011819322566366745,,0.005235512321291837,,,0.09377371537271428,,0.013381464826168745,,0.005927482186982553,,,0.10616764766619528,,0.002332334623980701,0.05755331464073658,0.14182742101429877,0.4026717405462976,0.002640595817434164,0.06516005051643009,0.16057254001084986,0.4558922647517523,,,,
continuum_wings,gap_limited,core,continuum;blue;red,199,840,ok,0.889864197797811,1.909539384729843,0.5339901313826642,0.06619617464236649,0.09835576075865576,0.7253122623967889,0.07438907510402744,0.11052895599357904,0.8150819689023937,0.0105240814756926,,0.044597434689523735,,0.029808650121308726,,,,0.0908135495755646,,,0.011826615231556727,,0.050117124388070804,,0.033497976652030276,,,,0.10205326812822135,,,0.011074658477150164,,0.0075290530816083156,,,0.13533308150871892,,0.012445335484399918,,0.008460901225423857,,,0.15208284797122312,,0.0013899053831909478,0.05962815217254777,0.10107465825482104,0.3980909730576843,0.0015619297715658326,0.06700814834455907,0.11358436321514594,0.44736148958780325,,,,
continuum_wings,gap_limited,core,continuum;blue;red,200,840,ok,0.8829520820218724,1.9111619409633176,0.5380024773951918,0.06575980195060074,0.10317646404199009,0.7140158160292815,0.07447720356467968,0.11685397899025987,0.8086688174450605,0.011107242798336144,,0.045852579842989155,,0.033099161254625406,,,,0.11633431450473228,,,0.012579666580435104,,0.051930994644682545,,0.03748692814544547,,,,0.13175609058912718,,,0.008799979309275443,,0.009213633259483536,,,0.11436730826872558,,0.009966542339562037,,0.01043503203297877,,,0.12952832956329388,,0.0005463452708656691,0.06031732425701548,0.08750518654270756,0.3958090067131162,0.0006187711451051713,0.06831324766673047,0.09910524967824912,0.4482791476143903,,,,
continuum_wings,gap_limited,red,continuum;blue;core,0,1363,ok,0.9471222161540012,1.9789271622037412,0.5213961209672672,0.15944326090059197,0.2580593166851788,0.5296196385682304,0.16834496982664657,0.2724667548535453,0.5591882753198081,0.0,0.15944326090059197,,0.04209919588040977,,,,0.13621949728588081,,,,0.0,0.16834496982664657,,0.04444959178696373,,,,0.14382462470263885,,,,0.0,0.032881174842506036,,,0.08663178521859355,,,0.0,0.03471692911610426,,,0.09146843326131768,,,0.0,,0.062243906673079955,,0.0,,0.06571898073073935,,0.18307894596226296,0.24452444939067602,0.1933002339504773,0.25817623662511213
continuum_wings,gap_limited,red,continuum;blue;core,1,1356,ok,0.9457504010831952,1.9778350857387275,0.5218254505127764,0.1471991868379336,0.26193416681851395,0.5366170474267475,0.15564274323261415,0.2769590861590047,0.567398170608381,0.0,0.1471991868379336,,0.04543060338227266,,,,0.14452585754974023,,,,0.0,0.15564274323261415,,0.04803656792557495,,,,0.15281606794373082,,,,0.0,0.03301626105603784,,,0.10457911336449854,,,0.0,0.03491012112521799,,,0.11057792124086976,,,0.0,,0.04114391361823389,,0.0,,0.043503987490896734,,0.18348730238020344,0.24636816289427493,0.1940123971082118,0.26050019393288376
continuum_wings,gap_limited,red,continuum;blue;core,2,1350,ok,0.9410283014426306,1.9772638507778462,0.5240755041000837,0.1294876928832472,0.2678120647875156,0.5437285437718677,0.13760233638535405,0.2845951225663989,0.577802541048247,0.0,0.1294876928832472,,0.047296786843510484,,,,0.14486359525353895,,,,0.0,0.13760233638535405,,0.050260748556661676,,,,0.15394180497170787,,,,0.0,0.03476481000546382,,,0.09736541017930514,,,0.0,0.03694342662401131,,,0.1034670371019027,,,0.0,,0.05213170040960713,,0.0,,0.055398653079495416,,0.1857504679385413,0.24936783792941658,0.19739094738572588,0.2649950458951411
continuum_wings,gap_limited,red,continuum;blue;core,3,1344,ok,0.928444804016332,1.976819304400911,0.5303340057691076,0.11565404020259001,0.27075514740397943,0.5420356164097625,0.12456749146775943,0.29162223347336075,0.5838102750588797,0.0,0.11565404020259001,,0.047322988241086245,,,,0.14425035386643617,,,,0.0,0.12456749146775943,,0.05097016864801561,,,,0.15536772163776222,,,,0.0,0.03668901906513543,,,0.09321759911456183,,,0.0,0.03951663998379169,,,0.1004018749540248,,,0.0,,0.05866728516828275,,0.0,,0.06318876998879812,,0.18674314009775775,0.24590037826048175,0.20113542484155342,0.2648519084782946
continuum_wings,gap_limited,red,continuum;blue;core,4,1338,ok,0.908654263967329,1.9763571427920716,0.5402378222573769,0.09312052233598592,0.28165748903400367,0.5338762525973394,0.10248179756446298,0.3099721205337686,0.5875460819017685,0.0,0.09312052233598592,,0.05581635716711304,,,,0.14845315702025635,,,,0.0,0.10248179756446298,,0.061427497102594285,,,,0.16337694424289198,,,,0.0,0.044538305303233286,,,0.09360323639609583,,,0.0,0.04901567853626963,,,0.10301303819057561,,,0.0,,0.05760144653127338,,0.0,,0.06339203899157013,,0.18130282656365732,0.23421841264971383,0.19952894489490464,0.2577640604767307
continuum_wings,gap_limited,red,continuum;blue;core,5,1332,ok,0.9032338863665412,1.9758768884566167,0.5428693499866729,0.07521053850588764,0.28757433874156857,0.540449009119085,0.08326806560418003,0.31838302690170334,0.5983489074941166,0.0,0.07521053850588764,,0.06083320009553933,,,,0.150764943871055,,,,0.0,0.08326806560418003,,0.06735044047146457,,,,0.16691683753976552,,,,0.0,0.04670950936653126,,,0.07373829971824551,,,0.0,0.05171363704525151,,,0.08163810152747279,,,0.0,,0.08011386388106473,,0.0,,0.08869669870706526,,0.18003162927949798,0.23583190164871976,0.1993189493849873,0.261097269719813
continuum_wings,gap_limited,red,continuum;blue;core,6,1326,ok,0.8848371299993197,1.9753780491571677,0.5520669421345473,0.07000040500392277,0.28269073269711636,0.5321459922982807,0.07911106194648114,0.3194833524869528,0.6014055855665662,0.0,0.07000040500392277,,0.053527323980883695,,,,0.15614594198608234,,,,0.0,0.07911106194648114,,0.06049398489971239,,,,0.17646856883842835,,,,0.0,0.044944070641274356,,,0.06797645214833099,,,0.0,0.05079360835740348,,,0.07682368861304821,,,0.0,,0.08279228045249827,,0.0,,0.09356781903191824,,0.1842193380749583,0.22523131771136912,0.20819575922983694,0.25454550908317136
continuum_wings,gap_limited,red,continuum;blue;core,7,1320,ok,0.8674412004441358,1.9747464615984096,0.5607328751753028,0.0569255655117832,0.28675358895939695,0.5237620459729557,0.06562469650120022,0.33057409402801846,0.6038012094707814,0.0,0.0569255655117832,,0.050260606072403805,,,,0.15280514041188156,,,,0.0,0.06562469650120022,,0.05794122534953382,,,,0.17615619402634358,,,,0.0,0.05214826669954485,,,0.06649318332201257,,,0.0,0.060117350516489865,,,0.0766543983476547,,,0.0,,0.0885007017860225,,0.0,,0.10202501534479748,,0.1843447161874483,0.215963020453039,0.2125155181619948,0.2489656017519856
continuum_wings,gap_limited,red,continuum;blue;core,8,1314,ok,0.8572957882692891,1.9741007397019574,0.565728449907444,0.047499970976249514,0.2878525700436684,0.5219432472493714,0.055406747153327995,0.33576809075988334,0.6088251620867888,0.0,0.047499970976249514,,0.044594096883554604,,,,0.1894233416794323,,,,0.0,0.055406747153327995,,0.052017165479817974,,,,0.2209544760062809,,,,0.0,0.056971082102876186,,,0.06723116167341406,,,0.0,0.06645440568171873,,,0.07842236319525202,,,0.0,,0.05631231094151065,,0.0,,0.06568597642966856,,0.18628739105723757,0.2089764329550143,0.2172965195983466,0.24376234645558736
continuum_wings,gap_limited,red,continuum;blue;core,9,1308,ok,0.8520165936533547,1.9734519212347268,0.5682607797608697,0.0339503890856063,0.292115428488704,0.5259507760790444,0.039847098446792815,0.3428518067190977,0.6173010948341094,0.0,0.0339503890856063,,0.04461493130611849,,,,0.1852431262526471,,,,0.0,0.039847098446792815,,0.05236392300156327,,,,0.21741727524148877,,,,0.0,0.06485099134878075,,,0.09470165488073873,,,0.0,0.07611470461004373,,,0.1111500123192065,,,0.0,,0.03760995715268793,,0.0,,0.04414228247764579,,0.18264950583380477,0.20839603779297064,0.21437317910749074,0.2445915247957684
continuum_wings,gap_limited,red,continuum;blue;core,10,1302,ok,0.857009830589923,1.972782767191304,0.5655832741229757,0.021294554130458908,0.2983922402972645,0.5373230361621995,0.024847502759450024,0.34817831680164757,0.6269741804389023,0.0018164301067842444,0.019478124023674662,,0.04360206240745608,,,,0.17683277124457808,,,,0.002119497398920038,0.022728005360529983,,0.05087696879444497,,,,0.20633692278985316,,,,0.0,0.07336293998623339,,,0.09174274241535423,,,0.0,0.08560338209391832,,,0.10704981336352126,,,0.0,,0.058699643441117874,,0.0,,0.06849354738522889,,0.18142723790357507,0.21004787906114936,0.2116979659132843,0.24509389690029906
continuum_wings,gap_limited,red,continuum;blue;core,11,1296,ok,0.8563850808277473,1.9720928205655228,0.5657480865519788,0.030267958097469305,0.2934159570143632,0.5327011657159147,0.03534386431418622,0.3426215187340246,0.6220346169517891,0.006807705149688274,0.01566312801166084,,0.039915898553855626,,,,0.15885741930803088,,,,0.007949350475732506,0.0182898188704099,,0.046609754709031746,,,,0.18549764920529171,,,,0.007797124936120189,0.07282460063011309,,,0.08584335498927462,,,0.009104694968043817,0.0850372131188037,,,0.10023919952727561,,,0.0,,0.0765794273378084,,0.0,,0.08942172049960259,,0.1806754578303945,0.21142096408080086,0.21097455090618913,0.24687604771961916
continuum_wings,gap_limited,red,continuum;blue;core,12,1290,ok,0.8481293645588572,1.9717555821911736,0.5698608021100241,0.0400014650890861,0.28962232041462777,0.5185055790551434,0.04716434397940261,0.3414836610040861,0.6113519950165113,0.01323341958582483,0.012116114844747146,,0.03789914925510188,,,,0.15563853388990626,,,,0.015603067337148514,0.014285691960505548,,0.0446855760911127,,,,0.18350801233118427,,,,0.014651930658514122,0.07174835208700572,,,0.07597501605433299,,,0.017275584681748547,0.08459600042774681,,,0.08957951372648244,,,0.0,,0.08209722788474344,,0.0,,0.09679800195038074,,0.17997481907252016,0.20479480122616073,0.2122020844852266,0.24146646700846386
continuum_wings,gap_limited,red,continuum;blue;core,13,1283,ok,0.8382565221464436,1.971195786624389,0.5747472027718424,0.0510586551005983,0.2848742820828257,0.5023235849630197,0.06091053723012768,0.3398414143600998,0.5992480484097725,0.018378793543756513,0.010781723648808288,,0.03384840657489237,,,,0.14329689181644908,,,,0.021925023018843547,0.01286208143206635,,0.04037953261397833,,,,0.17094634879728987,,,,0.0218981379080335,0.06873267889815321,,,0.0711525644828547,,,0.02612343277921778,0.08199480359801554,,,0.08488161153898464,,,0.0,,0.09206588093917048,,0.0,,0.10983019935642868,,0.18229319660978013,0.1958082477245454,0.21746707814810592,0.2335898887170694
continuum_wings,gap_limited,red,continuum;blue;core,14,1276,ok,0.8344490432964675,1.9707392915435924,0.576580704065216,0.05606132871644404,0.28416823682243464,0.49421947775758873,0.06718364550455391,0.3405459435843272,0.5922704109111188,0.023480635619152722,0.008475422019194927,,0.029696117344080508,,,,0.1350522633842299,,,,0.02813908866908533,0.010156907827125082,,0.035587694158970846,,,,0.16184602818970195,,,,0.024105271078096388,0.0692110271352935,,,0.06940180775953897,,,0.028887649008343508,0.08294218525540792,,,0.08317081590191425,,,0.0,,0.1002823505209212,,0.0,,0.12017792018163097,,0.18526109234306065,0.18948305609289867,0.22201606416994848,0.22707564663787158
continuum_wings,gap_limited,red,continuum;blue;core,15,1269,ok,0.8357078061521299,1.9702516829050454,0.5758370296530587,0.06582405589139562,0.2797572530777918,0.49012649718294254,0.07876443824842434,0.3347548641024248,0.5864806976491509,0.02927592754351243,0.007397988128507784,,0.0217865273069297,,,,0.12983592666633448,,,,0.03503129601996696,0.00885236212231943,,0.02606955103990466,,,,0.1553604330491314,,,,0.029150140219375408,0.06472341192350517,,,0.06832679785800588,,,0.03488078010613795,0.07744741816103498,,,0.0817591954448824,,,0.0,,0.10805264074472998,,0.0,,0.1292947606200299,,0.19324731384735694,0.18391113191387218,0.23123789490148514,0.2200663085351072
continuum_wings,gap_limited,red,continuum;blue;core,16,1262,ok,0.8493096792798284,1.9697320184287608,0.5688196813913563,0.07093864318409236,0.2809657691629618,0.49740526693277415,0.08352506148787182,0.33081663381159926,0.5856583047005288,0.032890409117350354,0.006497527381460034,,0.01971554117624312,,,,0.12527968093916445,,,,0.03872605001421832,0.007650363041864315,,0.023213607070816503,,,,0.14750765709557823,,,,0.031550706685281975,0.06187975680971823,,,0.07329959981860251,,,0.03714864843178919,0.07285888565663014,,,0.08630491516446258,,,0.0,,0.11161669938795578,,0.0,,0.13142049609348747,,0.19937047117700046,0.18720928678705145,0.23474414108415265,0.22042523634700062
continuum_wings,gap_limited,red,continuum;blue;core,17,1255,ok,0.8587552599819235,1.969128313625491,0.5638906545400572,0.08694635127886327,0.27684166132675314,0.49496724737630704,0.1012469504765461,0.322375505836879,0.5763775436865749,0.03588395958910816,0.010969254409901512,,0.018008285239278974,,,,0.12670061863805973,,,,0.04178601431782031,0.01277343490173488,,0.020970218266445368,,,,0.14753984580045162,,,,0.0400931372798536,0.05470419037208415,,,0.10965759833952071,,,0.0466875012569909,0.06370172378709582,,,0.1276936555146445,,,0.0010092754034922886,,0.07156073140000904,,0.0011752771138933502,,0.08333076341391536,,0.20311991031189774,0.18704829899871755,0.2365282866694445,0.21781327895756336
continuum_wings,gap_limited,red,continuum;blue;core,18,1248,ok,0.873282962982802,1.9681081157465716,0.5562830334392159,0.10411385764712801,0.27365372062699916,0.4955153847086747,0.11922121701712207,0.3133620283765783,0.5674167546062995,0.03995514694616012,0.015466239997719579,,0.015362628496362062,,,,0.11987308545436692,,,,0.04575280709666951,0.017710456579723935,,0.017591810613010444,,,,0.13726717517186654,,,,0.0486924707032483,0.04754130508828149,,,0.10627393515766392,,,0.05575795334072861,0.05443974874523889,,,0.12169473087471287,,,0.0042201100619946395,,0.07852223595654872,,0.004832465811058939,,0.0899161432032828,,0.20652967698036098,0.1908461281400951,0.23649800320727005,0.21853870535643732
continuum_wings,gap_limited,red,continuum;blue;core,19,1241,ok,0.8964329377750003,1.96705577285163,0.5442768069176971,0.11822783941412673,0.2721070453297826,0.506098053031091,0.13188698722692546,0.30354422942687537,0.5645687833461992,0.0441379432106527,0.020365049746088944,,0.012795792193371354,,,,0.11189331124428925,,,,0.0492373063847985,0.022717873125720038,,0.014274120967856524,,,,0.12482061571947041,,,,0.0537248464573851,0.040791226695102656,,,0.1105404964276358,,,0.05993180771640694,0.045503935627743554,,,0.1233115069399434,,,0.008077705665037686,,0.08394215176214263,,0.009010942508523872,,0.09364019127910675,,0.21044232077627087,0.19972209359702336,0.2347552303227514,0.22279646940767867
continuum_wings,gap_limited,red,continuum;blue;core,20,1234,ok,0.9123323497103781,1.9660668119568374,0.5359606580194258,0.13290350464315925,0.2678975728832522,0.5115312721839664,0.14567444055376286,0.2936403307065642,0.5606852287396727,0.046484634617118784,0.024881618567497894,,0.010589742214816813,,,,0.1115036032616986,,,,0.05095142645317294,0.02727253788095601,,0.011607329519969942,,,,0.12221818430213031,,,,0.061537251458542566,0.037571262296090716,,,0.0677164953218978,,,0.06745047621963389,0.04118155221396873,,,0.07422349469838985,,,0.008139748173278165,,0.12051185237287235,,0.00892191116084193,,0.13209205221225476,,0.21159682019906656,0.21179932122749767,0.23192953781178363,0.23215149752689776
continuum_wings,gap_limited,red,continuum;blue;core,21,1228,ok,0.9062151835641572,1.9653036378056041,0.5388930411913727,0.14947554904282434,0.2622873563986282,0.4944522781227047,0.16494487374944974,0.2894316506230323,0.545623475627518,0.04910037535417382,0.030293236322541148,,0.010409943424788288,,,,0.1411921626683446,,,,0.05418180609274427,0.03342830364350928,,0.011487275443615755,,,,0.1558042341698953,,,,0.07008193736610938,0.035188626899434,,,0.05537758491530476,,,0.07733476401319621,0.03883032147070923,,,0.061108648276564884,,,0.009382121143769222,,0.1019971291234763,,0.0103530831461786,,0.11255288034605661,,0.2073066649306367,0.19588540141557903,0.2287609705625287,0.21615771283500124
continuum_wings,gap_limited,red,continuum;blue;core,22,1222,ok,0.9096060628785465,1.9644342609922953,0.536962839154011,0.1579233109953251,0.25959703486780383,0.4920857170154176,0.17361725854768356,0.28539501380001914,0.5409877276522974,0.051572136665508125,0.03184274439350567,,0.01037277159186776,,,,0.13200847495017778,,,,0.056697221764664296,0.035007181342586784,,0.01140358669009088,,,,0.145127083401822,,,,0.07450842993631132,0.036737768852798246,,,0.05791115833873811,,,0.08191285544043249,0.040388658730503194,,,0.06366619650211214,,,0.009054540793370251,,0.1110644332781481,,0.00995435404719729,,0.12210168534571189,,0.20343195362976757,0.19110165044835362,0.22364841433222774,0.21009276240265135
continuum_wings,gap_limited,red,continuum;blue;core,23,1216,ok,0.9147743445307411,1.9635450361874929,0.5341210271872248,0.1628013573031274,0.25871054834411533,0.4932624388834985,0.1779688709860363,0.2828135155854508,0.5392176134285129,0.051887385984911875,0.03396072570727643,,0.010119417084999258,,,,0.12857881672446347,,,,0.056721514212916574,0.037124702841002305,,0.011062200361762762,,,,0.14055796108976093,,,,0.07695324561093908,0.038080024494974184,,,0.06289344261427367,,,0.08412265393211742,0.04162777926889542,,,0.06875295857421165,,,0.010248061850888992,,0.11258904555024198,,0.011202830416222505,,0.12307849058447048,,0.2002630449132529,0.1892011339945194,0.21892070553857015,0.20682820318006992
continuum_wings,gap_limited,red,continuum;blue;core,24,1210,ok,0.9221380669410468,1.9620694893856434,0.5300176309098553,0.16255154878632172,0.25815179936807886,0.5014347187866461,0.17627680128805895,0.2799491839919702,0.5437740147199707,0.051261256390971975,0.03413293498868131,,0.010756786333931715,,,,0.1332008942960188,,,,0.055589567580717994,0.03701499397146508,,0.011665049648817292,,,,0.1444478859200316,,,,0.07715735740666844,0.03879356299780887,,,0.05803735111223471,,,0.0836722397358759,0.0420691481987035,,,0.06293781071717224,,,0.009968017428558757,,0.11634483005919508,,0.010809680009876463,,0.12616855786589398,,0.19863343260777955,0.19385164331919755,0.21540530613457298,0.2102197602168729
continuum_wings,gap_limited,red,continuum;blue;core,25,1204,ok,0.9429660073718223,1.9605440691108922,0.5190284053143677,0.16286623563203165,0.25707794043959653,0.5230218313001942,0.17271697426926613,0.2726269435269555,0.5546560822037784,0.050596300320232185,0.034615174588782494,,0.011441401894482874,,,,0.13817232092191933,,,,0.05365654745206683,0.0367088254700292,,0.01213341923784894,,,,0.14652948233735896,,,,0.07765476072301697,0.03804093927952822,,,0.053903944346046576,,,0.0823516013471701,0.04034179279224881,,,0.05716424974457391,,,0.009169177164902299,,0.12071591135047913,,0.00972376214330151,,0.12801724601603742,,0.19842642210068315,0.21022965468174912,0.21042796935355626,0.22294510410580806
continuum_wings,gap_limited,red,continuum;blue;core,26,1198,ok,0.9492688818546526,1.9590673543601884,0.5154485731479239,0.15962782835236367,0.25537751308701545,0.5342635404152735,0.1681587076155785,0.26902547630979606,0.5628158160746254,0.04617009108366723,0.036486963011628744,,0.012553141260471653,,,,0.1433075130192384,,,,0.0486375272235423,0.03843691045717376,,0.013224010078098956,,,,0.1509661969949426,,,,0.07697077425706769,0.03370916219529761,,,0.05721182767019469,,,0.08108426993486244,0.0355106575593605,,,0.060269359676486986,,,0.009783026634487059,,0.11396879408336286,,0.010305854138369394,,0.12005954926142116,,0.19933218299675914,0.21977540564247755,0.20998495453396723,0.23152071014177464
continuum_wings,gap_limited,red,continuum;blue;core,27,1192,ok,0.9537090422011432,1.9575411577378377,0.5128025592559414,0.15284483231816026,0.25332382172108847,0.5475403881618944,0.16026358727332307,0.2656196077751572,0.5741168049515197,0.041934476024717865,0.034075089924393405,,0.014191695402359188,,,,0.13509025715174358,,,,0.04396988407275017,0.03572902050477441,,0.014880529358938459,,,,0.14164724373374685,,,,0.07683526636904899,0.029080248795464496,,,0.09991739019972302,,,0.08056468269579849,0.030491740676325988,,,0.10476716249760566,,,0.0055784848481716665,,0.08040639827203086,,0.0058492523414653014,,0.08430914955619416,,0.20447339267509312,0.2321263425383969,0.21439808539842745,0.243393249163973
continuum_wings,gap_limited,red,continuum;blue;core,28,1186,ok,0.9527095764796601,1.9559641134767967,0.5129207279850988,0.14171047150509264,0.2523048218391596,0.5586942831354079,0.14874466994309476,0.2648286823897022,0.5864266476672031,0.037778743176407864,0.028470434661444194,,0.019656135523252613,,,,0.1395590128062332,,,,0.03965399751307572,0.029883644884356866,,0.020631823179403364,,,,0.146486417531264,,,,0.07546129366724058,0.02689428501943242,,,0.0926948989987669,,,0.07920702754566217,0.028229258615001022,,,0.09729607142323701,,,0.0,,0.08159691680196487,,0.0,,0.08564720961814214,,0.20575440129647457,0.24484345452844292,0.2159676005952978,0.2569969490945599
continuum_wings,gap_limited,red,continuum;blue;core,29,1180,ok,0.9517281226687677,1.9544121130782472,0.5130361113196037,0.12444235262173806,0.2565518813751261,0.5707338886719036,0.13075409842128627,0.2695642539759377,0.599681647602776,0.0318943103586457,0.023626036853328626,,0.026743647157792434,,,,0.14042299275172185,,,,0.03351199738556633,0.02482435507640374,,0.028100091318936565,,,,0.14754528042941273,,,,0.06892200540976373,0.030835482537048195,,,0.09835884798745995,,,0.07241774595931619,0.032399465564368894,,,0.10334763221207452,,,0.0,,0.07794862233866,,0.0,,0.08190219505133679,,0.19897275168028544,0.2540034255940618,0.20906469709263223,0.26688653990995204
continuum_wings,gap_limited,red,continuum;blue;core,30,1174,ok,0.9492114508170605,1.9527864976429226,0.5139194930102853,0.10791051786888214,0.2634689546804271,0.5778319782677512,0.11368438273263047,0.2775661360317965,0.608749481235573,0.027606768918267015,0.016880804897019076,,0.034635754927987664,,,,0.1234225146808669,,,,0.029083897897042552,0.017784029978239777,,0.036488977137995926,,,,0.13002636512088797,,,,0.06342294405359607,0.03645494873407308,,,0.10172004803361898,,,0.06681645485734815,0.038405508807013926,,,0.10716268534904481,,,0.0,,0.0934342509531979,,0.0,,0.09843354804956445,,0.1923782510183663,0.25925516460006753,0.2026716500867866,0.2731268827160759
continuum_wings,gap_limited,red,continuum;blue;core,31,1168,ok,0.9500221490982257,1.9510847414928822,0.5130800170313526,0.08755359415139327,0.2703522243266382,0.5921163306201943,0.09215952936939456,0.28457465395228976,0.6232658166783158,0.02247553824699391,0.01158601315062027,,0.041321405986567125,,,,0.14035421397593792,,,,0.02365790973223941,0.01219551897986576,,0.043495202744262315,,,,0.1477378333854259,,,,0.053492042753779084,0.04149513829683065,,,0.10761687592406527,,,0.05630610065728939,0.04367807459670116,,,0.11327828096030888,,,0.0,,0.0839076478358251,,0.0,,0.08832178061897969,,0.18753568004324042,0.260237592884366,0.19740137661132628,0.27392792171360125
continuum_wings,gap_limited,red,continuum;blue;core,32,1162,ok,0.9459239078250783,1.9499441557640051,0.5148969240843043,0.07639291028013903,0.27285200204039844,0.5966789955045408,0.0807601009427766,0.28845026516747546,0.630789633889748,0.017098103243413106,0.009980901821843143,,0.047469658997389724,,,,0.13794101307744053,,,,0.0180755588287498,0.010551484891413514,,0.050183380084487604,,,,0.1458267540722195,,,,0.04931390521488278,0.04230449540092826,,,0.07938472424947035,,,0.052133057222613285,0.04472293706815926,,,0.08392294939663403,,,0.0,,0.11454461609352592,,0.0,,0.1210928438809559,,0.18307784764208046,0.26480864208410404,0.19354394801482858,0.27994708653993855
continuum_wings,gap_limited,red,continuum;blue;core,33,1157,ok,0.9480768361895502,1.949200049233205,0.5136072171953894,0.06110598166219989,0.27650875621660165,0.6104620983107486,0.06445256262962097,0.2916522645231245,0.6438951728472545,0.011322006965395934,0.007432346615940412,,0.05228968196974097,,,,0.1374603567318047,,,,0.011942077406827721,0.007839392686580156,,0.05515342214234483,,,,0.14498862485057284,,,,0.04235162808086355,0.041876316799698166,,,0.08822711803691917,,,0.044671092536213104,0.04416974996246589,,,0.0930590376952104,,,0.0,,0.11425079479147501,,0.0,,0.12050794875514996,,0.18234275744716252,0.2705238287505497,0.19232909241831378,0.2853395615463213
continuum_wings,gap_limited,red,continuum;blue;core,34,1151,ok,0.9492776584893764,1.9479857692622033,0.5126875804391621,0.056529526246231275,0.27962774475989344,0.6131203874832516,0.05955004391042867,0.2945689727965117,0.6458809832930595,0.006809469184205551,0.0044324997137433295,,0.0623924342063066,,,,0.09245634503599366,,,,0.007173316598477344,0.004669339548975527,,0.06572622208932441,,,,0.09739652483038856,,,,0.045287557348282395,0.038760989311671754,,,0.11372044209774596,,,0.0477073877629758,0.04083208844644429,,,0.1197968171701353,,,0.0,,0.1284999577387994,,0.0,,0.13536604026190455,,0.1784743212419151,0.27844364261071264,0.188010662260743,0.2933216010306312
continuum_wings,gap_limited,red,continuum;blue;core,35,1147,ok,0.9528363713113618,1.9469075620720133,0.5105898246667842,0.05542783739184061,0.277168724175972,0.6202398097435492,0.058171412280953176,0.29088806065884376,0.6509405270602031,0.0007174961797929504,0.007811984743946561,,0.06260892893286354,,,,0.11902303367734329,,,,0.0007530109065898488,0.008198663463271397,,0.06570795450083065,,,,0.12491445253452621,,,,0.0468983564681011,0.03670803598535857,,,0.10645116384161132,,,0.04921973791109193,0.0385250155122,,,0.11172029851789304,,,0.0,,0.10977336458470402,,0.0,,0.11520694202051296,,0.17785175925774988,0.28499224763989056,0.18665509064581312,0.29909883398727083
continuum_wings,gap_limited,red,continuum;blue;core,36,1142,ok,0.9365836890692281,1.945348484660971,0.5185522303823541,0.049459578237316296,0.27865884997688717,0.6084652608550247,0.052808498391071663,0.2975269089448022,0.6496645926641262,0.0,0.008211600931613796,,0.06026675199650701,,,,0.09929459126905683,,,,0.0,0.00876761044149129,,0.06434742853188036,,,,0.10601785235843182,,,,0.041247977305702496,0.04075525187092059,,,0.10027971713811035,,,0.04404088794958037,0.04351479995495432,,,0.1070696813413095,,,0.0,,0.12292032635172015,,0.0,,0.13124329174884278,,0.17763684610945954,0.2859706260961374,0.1896646804579675,0.3053337672155421
continuum_wings,gap_limited,red,continuum;blue;core,37,1137,ok,0.9331761372464733,1.9437384192294398,0.5199065223929287,0.04476677857853595,0.27940886119283687,0.6090004974751005,0.04797248535590448,0.29941706612568314,0.6526104485184124,0.0,0.011773758251861659,,0.0571838742789958,,,,0.10864384639695075,,,,0.0,0.01261686597195095,,0.061278757564170575,,,,0.11642372973394562,,,,0.03299302032667429,0.044730989996544096,,,0.10242068243656681,,,0.03535561938395353,0.04793413398732207,,,0.10975493087380046,,,0.0,,0.10578569501378542,,0.0,,0.1133609088268456,,0.17749399691729698,0.29215027362779755,0.1902041745741905,0.31307087908382075
continuum_wings,gap_limited,red,continuum;blue;core,38,1132,ok,0.9201893466040411,1.9420759505901606,0.5261826159145474,0.045069946940786226,0.2786807178533907,0.5964386818098641,0.048978992320566274,0.3028514934256324,0.6481695142538013,0.0,0.015402687448500749,,0.05479252982554472,,,,0.11214948037049138,,,,0.0,0.01673860657629255,,0.059544842621528454,,,,0.12187652550464648,,,,0.02966725949228548,0.05011189602107274,,,0.10326805112981516,,,0.03224038574427373,0.054458244062497246,,,0.11222478450867304,,,0.0,,0.09773946748119086,,0.0,,0.10621669099071662,,0.17377629200677325,0.2832816828283667,0.1888484067416067,0.3078515132497652
continuum_wings,gap_limited,red,continuum;blue;core,39,1127,ok,0.9059476139953481,1.94029607169449,0.5330879512609505,0.043372424021538264,0.2763444649596317,0.5862307250141781,0.04787520089628602,0.3050336031472243,0.6470911959564897,0.0,0.01902394235203387,,0.053928179391580205,,,,0.12983587019726955,,,,0.0,0.020998943049406336,,0.05952681872382206,,,,0.14331498664108877,,,,0.024348481669504395,0.05475784245481903,,,0.10281940137612819,,,0.026876257846879678,0.060442614571641455,,,0.11349376033199217,,,0.0,,0.07571770404467448,,0.0,,0.08357845737983619,,0.16765844311323247,0.27785774939610586,0.18506416985176075,0.3067039916035726
continuum_wings,gap_limited,red,continuum;blue;core,40,1122,ok,0.8991919002212116,1.938587894879215,0.5361613973778124,0.04064282973745437,0.2738925090627039,0.5846565614210535,0.045199283631731736,0.3045985056085616,0.6502022107597067,0.0,0.02358171917189887,,0.05176847747632157,,,,0.1357405051967733,,,,0.0,0.026225457731656052,,0.057572223975311525,,,,0.15095832731965175,,,,0.0170611105655555,0.053785083660664805,,,0.10327436279768354,,,0.018973825900075687,0.059814911196856925,,,0.1148524166779937,,,0.0,,0.06777772722405309,,0.0,,0.07537626529707284,,0.16833894792571755,0.2778639662025435,0.1872113704363932,0.30901520146498845
continuum_wings,gap_limited,red,continuum;blue;core,41,1117,ok,0.8792191216559359,1.9368377226515643,0.5460543176265065,0.0368438091169513,0.27341937157148377,0.5689559409675009,0.04190514993299857,0.31097978289703393,0.6471150671699677,0.0,0.02961796584493604,,0.05023901809240515,,,,0.12699953617132054,,,,0.0,0.03368667163329327,,0.057140497579015515,,,,0.14444583044568857,,,,0.007225843272015264,0.053461299301604176,,,0.10584279300225814,,,0.0082184782997053,0.060805432894719444,,,0.12038272416426984,,,0.0,,0.0714234412802946,,0.0,,0.08123508636365245,,0.16971905417747443,0.2646901705136276,0.19303385242329893,0.3010514261963568
continuum_wings,gap_limited,red,continuum;blue;core,42,1112,ok,0.8588607089462585,1.9351109566206408,0.5561697865398002,0.035703113337291204,0.2694256815222731,0.5537319140866941,0.04157031863885772,0.31370125413331934,0.6447284272278228,0.0,0.03411994406807277,,0.047322181873173705,,,,0.13554217212774017,,,,0.0,0.03972698216679948,,0.055098785379568214,,,,0.15781624507428882,,,,0.0015831692692184344,0.0503691858251219,,,0.10661422196869093,,,0.0018433364720582392,0.058646513107952235,,,0.12413447356265321,,,0.0,,0.06305677915205718,,0.0,,0.0734190986911276,,0.1717343138239775,0.24851874083820585,0.19995595564579893,0.28935860989975315
continuum_wings,gap_limited,red,continuum;blue;core,43,1107,ok,0.8481357116052619,1.9333902713659283,0.5613220340630408,0.046721814064070714,0.26019697737030933,0.5412169201708819,0.055087662769959994,0.30678696087190566,0.6381253763581344,0.0,0.04459355851769688,,0.042816305585462185,,,,0.14614319731202208,,,,0.0,0.05257832904276002,,0.050482847260875256,,,,0.1723110998774213,,,,0.0021282555463738384,0.040461225901168324,,,0.10680680537062125,,,0.002509333727199979,0.04770607503908494,,,0.12593126773127922,,,0.0,,0.05500985681391475,,0.0,,0.06485973419253611,,0.17691944588367886,0.23325706067432384,0.2085980385719455,0.2750232745568978
continuum_wings,gap_limited,red,continuum;blue;core,44,1102,ok,0.8470723222825964,1.9316132779759914,0.5614689897089389,0.06442236790395899,0.24630952414122154,0.536340430237416,0.07605297234876089,0.29077744327366756,0.6331695843775715,0.0,0.059451961187171956,,0.03826169995096454,,,,0.14927056660642357,,,,0.0,0.0701852245944802,,0.045169342622199196,,,,0.17621938845101895,,,,0.004970406716787031,0.02527608959804227,,,0.10943539125559845,,,0.005867747754280686,0.02983935247693027,,,0.12919250030588192,,,0.0,,0.04699611888915902,,0.0,,0.05548064510302863,,0.18277173459221474,0.23063835348623493,0.21576874817453812,0.2722770505176421
continuum_wings,gap_limited,red,continuum;blue;core,45,1097,ok,0.8535886961402275,1.9297506046513804,0.5576689059805889,0.07841023445807165,0.23722597438296056,0.5379524872991952,0.09185950424675073,0.27791602144645683,0.6302244743067924,0.0,0.07114538414685984,,0.03301601493144772,,,,0.14802884732085736,,,,0.0,0.0833485547179412,,0.03867906765956499,,,,0.1734194091255154,,,,0.007264850311211816,0.013914680237804402,,,0.11832435406658619,,,0.008510949528809536,0.01630138765979921,,,0.1386198699697259,,,0.0,,0.04153964822907575,,0.0,,0.04866471219325006,,0.19029527921370845,0.23005963768267587,0.22293556612709262,0.269520483018301
continuum_wings,gap_limited,red,continuum;blue;core,46,1092,ok,0.8386267735645997,1.9278697733106045,0.5649982248934181,0.08754372038939817,0.23714053171139482,0.5139425214638067,0.10438936979950193,0.28277243129673085,0.6128381989037672,0.0,0.0748178926794142,,0.03811807505625298,,,,0.14786647698885813,,,,0.0,0.08921476756745944,,0.045452966990585514,,,,0.17631976661125276,,,,0.01272582770998397,0.014232985351271802,,,0.09396036608575077,,,0.015174602232042493,0.016971775526285926,,,0.11204074213654111,,,0.0,,0.054268531532167444,,0.0,,0.06471118409623149,,0.18478947130387005,0.21784714685703035,0.2203476887798594,0.2597665060597419
continuum_wings,gap_limited,red,continuum;blue;core,47,1087,ok,0.8426373805776151,1.9259280485284447,0.5624772269030066,0.09817078282637505,0.2347945134290294,0.5096720843222106,0.11650418684141507,0.27864241349948343,0.6048533996591015,0.0,0.08110791659443863,,0.04099018565085706,,,,0.15371329573485693,,,,0.0,0.0962548285465812,,0.04864510713108753,,,,0.18241926987560036,,,,0.01706286623193642,0.010953006293337692,,,0.1007161574005822,,,0.020249358294833878,0.012998481370277655,,,0.11952491038499007,,,0.0,,0.04554643496621447,,0.0,,0.05405223648515698,,0.18285132148483466,0.209696196220557,0.21699882499811826,0.2488569829133541
continuum_wings,gap_limited,red,continuum;blue;core,48,1082,ok,0.8472425716211884,1.9239236535372994,0.5596277585842423,0.11481529670504712,0.2310956870662703,0.5013315878498712,0.13551643950722334,0.2727621283525348,0.591721432140242,0.0,0.08852834111477555,,0.047030987743284444,,,,0.1676360322700253,,,,0.0,0.10448995846063028,,0.05551065222477102,,,,0.1978607283027053,,,,0.02628695559027157,0.007118336484142384,,,0.09719187994410246,,,0.031026481046593064,0.008401769130323011,,,0.11471552917616848,,,0.0,,0.03223889498550404,,0.0,,0.038051552253583414,,0.17694636283884346,0.20426478065023934,0.20884970699744082,0.24109362240778476
continuum_wings,gap_limited,red,continuum;blue;core,49,1077,ok,0.8343625278109204,1.9218547456586268,0.5658555727504767,0.12404481433949194,0.22428282862493273,0.4860348848464956,0.14867016459253363,0.26880740822981775,0.5825224271776486,0.0,0.0943306716008689,,0.04621244310144779,,,,0.16310298883542246,,,,0.0,0.11305717653495305,,0.05538652751183985,,,,0.19548215961154017,,,,0.029714142738623033,0.0037454053566257995,,,0.08658149937793769,,,0.03561298805758056,0.004488942434234735,,,0.10376964028465863,,,0.0,,0.031836974398771194,,0.0,,0.03815724380899564,,0.17432498016685916,0.20451342223436428,0.20893193828374318,0.24511338347245412
continuum_wings,gap_limited,red,continuum;blue;core,50,1072,ok,0.8340377651359694,1.9197194130814192,0.5655418393685778,0.1306968645865355,0.21926711748320374,0.48407378306623006,0.15670377295832472,0.26289830826480337,0.5803979187768719,0.0,0.09695589294575581,,0.04713292135272544,,,,0.1610756578745712,,,,0.0,0.11624880430917842,,0.056511735227051225,,,,0.19312753523614337,,,,0.033740971640779716,0.001880429754316417,,,0.07620986370761954,,,0.040454968649146335,0.002254609842528964,,,0.09137459584362512,,,0.000680549919871786,,0.03439722871822539,,0.000815970149458207,,0.04124181200909741,,0.1695732164562901,0.21239103276581392,0.20331599304576495,0.2546539756880059
continuum_wings,gap_limited,red,continuum;blue;core,51,1067,ok,0.8387591827270716,1.9175613808347243,0.562590699254818,0.12460063596392448,0.22297307002460048,0.4911854767385466,0.1485535282711402,0.2658368154011077,0.5856096563277521,0.0,0.09482288022581205,,0.050048661101720994,,,,0.1566204037997558,,,,0.0,0.11305137657928566,,0.05966988157315543,,,,0.1867286904574127,,,,0.02977775573811243,0.007648519689826445,,,0.07684966004107475,,,0.03550215169185453,0.009118850615690056,,,0.0916230327174627,,,0.004295627077984625,,0.03805246456932032,,0.005121406914459263,,0.045367568371173846,,0.16098026215506842,0.2196629483283957,0.19192667629780294,0.2618903647817028
continuum_wings,gap_limited,red,continuum;blue;core,52,1063,ok,0.8307655493758315,1.9159689582815664,0.5663992645680677,0.12013034089390562,0.219906474725502,0.4907287337564239,0.14460197703691688,0.2647034110775556,0.5906946118855276,0.0,0.0867841211188411,,0.05409452344564941,,,,0.14839193134548936,,,,0.0,0.10446283092028011,,0.06511406676202638,,,,0.17862070888348558,,,,0.03334621977506452,0.012146437733742677,,,0.07258277380624002,,,0.04013914611663678,0.014620776876061491,,,0.08736854081247437,,,0.0035910588741515656,,0.04808393940675536,,0.004322590021757149,,0.057879072432507166,,0.15007445467195835,0.22167008919793918,0.18064597741771055,0.2668262897570605
continuum_wings,gap_limited,red,continuum;blue;core,53,1059,ok,0.8322167847843124,1.9143421064961705,0.5652726950109623,0.11492232052969076,0.21598068884777577,0.5013137754068459,0.1380918080851679,0.2595245527326777,0.6023836391821544,0.0,0.0799950600291337,,0.052983642244386904,,,,0.15167923322484572,,,,0.0,0.09612286304687571,,0.0636656736719373,,,,0.18225928147334447,,,,0.03492726050055705,0.015857453110128154,,,0.06655731564151333,,,0.041968945038292196,0.01905447402654582,,,0.07997593518708368,,,0.0019517543173330292,,0.047830340832361914,,0.0023452474800047082,,0.057473415228891614,,0.14518783917592767,0.23524688570812494,0.17445915755418986,0.2826750072928347
continuum_wings,gap_limited,red,continuum;blue;core,54,1055,ok,0.8408322633276015,1.9127354276302908,0.5604032574598584,0.10707432273398701,0.21321249137770848,0.5205454492159061,0.12734326143747074,0.25357315683144466,0.6190835817310846,0.0,0.07448399573961015,,0.05105187934048448,,,,0.14563430551537165,,,,0.0,0.08858365572800339,,0.06071589015679084,,,,0.17320256591846575,,,,0.03259032699437687,0.01983991427679734,,,0.06839890457052687,,,0.03875960570946736,0.02359556732311947,,,0.0813466699051694,,,0.0023199993827211244,,0.053919773941901866,,0.002759170269632263,,0.06412667103009803,,0.14000069837770554,0.2525924651881057,0.1665025290819021,0.3004076748773515
continuum_wings,gap_limited,red,continuum;blue;core,55,1050,ok,0.8227662197066494,1.9103997778021737,0.5693224898439831,0.09689778495131103,0.21033471629911749,0.515533718456221,0.11777073806683404,0.25564335440765984,0.6265859075255062,0.0,0.06586700251371679,,0.046230915204957895,,,,0.14270813127398055,,,,0.0,0.08005555033263413,,0.05618961267204328,,,,0.17344918624012295,,,,0.03103078243759425,0.023016498511908318,,,0.051633133554805866,,,0.037715187734199906,0.027974530262210646,,,0.06275553409717677,,,0.0019986820705550847,,0.06400788025677626,,0.002429222326686794,,0.07779595068888188,,0.13908862051169618,0.25718457337065825,0.1690499891467191,0.31258523649932457
continuum_wings,gap_limited,red,continuum;blue;core,56,1046,ok,0.8054199310312349,1.9096410661538776,0.5782349126722567,0.08203579453949188,0.20636796393165735,0.5170161725600857,0.1018546864546247,0.2562240590041398,0.6419212545412355,0.0004997011123683383,0.05530906462210071,,0.0419562608653663,,,,0.13768751868771945,,,,0.0006204230775969703,0.06867109006265178,,0.05209240453194,,,,0.17095121859155954,,,,0.026227028805022833,0.026091535437714572,,,0.07206863725480836,,,0.03256317331437596,0.03239494632856648,,,0.0894795801272684,,,5.623897476479264e-05,,0.04289254205006009,,6.982565565864007e-05,,0.05325488033942964,,0.13826392865381168,0.2643674745674978,0.17166688248797468,0.328235575482978
continuum_wings,gap_limited,red,continuum;blue;core,57,1042,ok,0.7949857198918524,1.90885649998893,0.5835277717857451,0.07953778695040953,0.2015185575404014,0.5139293754010414,0.10004932788129782,0.2534870155501855,0.6464636565685167,0.003372277799605809,0.052363179673091134,,0.03573527695453875,,,,0.13432259779700179,,,,0.004241935062763849,0.06586681793506237,,0.04495084133008084,,,,0.16896227747999631,,,,0.02380232947771258,0.02781922407524281,,,0.09406929889914568,,,0.029940574883471592,0.03499336325063456,,,0.11832828759734527,,,0.002907798282657499,,0.02204783379406519,,0.0036576736033108463,,0.027733622431689108,,0.13505625822796236,0.26348964491082877,0.16988513736615926,0.33143946905948596
continuum_wings,gap_limited,red,continuum;blue;core,58,1038,ok,0.7679462565915134,1.908136468018079,0.5975412296433069,0.07399555252593852,0.1980811537530544,0.4958695503125205,0.0963551184614971,0.2579362189122798,0.6457086626262232,0.005387360569175686,0.050040630871653426,,0.026548258448060445,,,,0.12919532303206605,,,,0.00701528332605876,0.06516163135393872,,0.034570464039884,,,,0.16823484966967908,,,,0.018567561085109412,0.02975013352608374,,,0.09446086277195472,,,0.024178203781499628,0.0387398639823157,,,0.12300452272690798,,,0.0052716010529534,,0.019624682579016166,,0.006864544240831523,,0.025554760389248102,,0.13651116072595681,0.2525886819294836,0.17776134664924859,0.328914529840388
continuum_wings,gap_limited,red,continuum;blue;core,59,1035,ok,0.7545681807819533,1.9081450105856128,0.6045540686919888,0.06921643158108583,0.19662365732676976,0.4887280918740978,0.09172985734616766,0.26057772158244225,0.6476924210713902,0.006500396542909089,0.04823622053582026,,0.017863609979370674,,,,0.12097519078771693,,,,0.008614723902315595,0.0639255958100876,,0.023673950789786485,,,,0.16032373729614632,,,,0.014479814502356483,0.031164216150654445,,,0.09892868752787931,,,0.019189537633764468,0.04130072927056002,,,0.13110635996519263,,,0.007226306390954842,,0.01886119514850349,,0.009576744123329288,,0.024996011797048977,,0.1403695248057898,0.24996301840999807,0.18602629739876642,0.3312663120130023
continuum_wings,gap_limited,red,continuum;blue;core,60,1032,ok,0.7395583793909211,1.9079821702205757,0.6123871643385247,0.06286091457465792,0.1963987133020542,0.480298751514209,0.0849979073003383,0.2655621500276996,0.6494399426719621,0.006430473608020224,0.045462203399694055,,0.013195598387193036,,,,0.09034805422623442,,,,0.008695018253077164,0.061472095599992276,,0.017842537864367854,,,,0.12216487128526955,,,,0.010968237566943644,0.03149378044034749,,,0.07741013352241077,,,0.014830793447268852,0.042584576577017294,,,0.10467075443883622,,,0.007730325302409201,,0.0652364821267253,,0.010452623508607492,,0.08821005067977485,,0.14397900917210446,0.2473040816388385,0.19468241207770698,0.3343942662680815
continuum_wings,gap_limited,red,continuum;blue;core,61,1029,ok,0.7362292566477465,1.9077796341714097,0.6140910388912292,0.05382688846310951,0.20324792082188478,0.47915444736275226,0.07311158579624787,0.27606607450962795,0.6508223396941242,0.00916062959276598,0.04071837185258258,,0.009937953828441102,,,,0.0873233621534111,,,,0.012442631843342978,0.055306647331545174,,0.013498450025867387,,,,0.11860892699512961,,,,0.003947887017760954,0.03388182986329253,,,0.10562595593731867,,,0.005362306621359717,0.04602075991596121,,,0.14346883797889612,,,0.014067446626699443,,0.04309602950249134,,0.019107426796311222,,0.058536154483617465,,0.1453606905034517,0.24310909976953113,0.19743943777148812,0.330208420236481
continuum_wings,gap_limited,red,continuum;blue;core,62,1026,ok,0.7459937877618485,1.907536674068633,0.6089229644164533,0.05042809869482931,0.2080436779797074,0.48752201108731186,0.06759855044654609,0.27888124726063185,0.6535202022928221,0.013733444731388673,0.03669465396344064,,0.008584496949012317,,,,0.08311460059971323,,,,0.0184095966436827,0.04918895380286339,,0.011507464391583963,,,,0.11141460151977403,,,,0.0,0.035452381285046346,,,0.10301333882622615,,,0.0,0.04752369505838858,,,0.1380887354776635,,,0.017945530331305182,,0.05458610774035584,,0.024055871008183412,,0.07317233552859281,,0.14606126941434355,0.24680796392101662,0.19579421680247588,0.33084452976679174
continuum_wings,gap_limited,red,continuum;blue;core,63,1023,ok,0.7700433737034459,1.9074231737472374,0.5962912769952049,0.053452029847122,0.21011019148754168,0.5064811523687822,0.06941431050831573,0.2728550087731265,0.6577306807185578,0.021670004360807203,0.0317820254863148,,0.007844250445091915,,,,0.09495386995372355,,,,0.02814127762256755,0.041273032885748184,,0.010186764425185279,,,,0.12330976824987468,,,,0.0,0.03925801382532715,,,0.09622669399531743,,,0.0,0.05098156177426694,,,0.12496269337728971,,,0.019952361933768096,,0.06571103787821758,,0.025910698819222644,,0.08533420339972148,,0.14305556528335453,0.2495895505415236,0.18577598375445167,0.3241240156916718
continuum_wings,gap_limited,red,continuum;blue;core,64,1020,ok,0.7738189868234713,1.9073042064371957,0.5942865410711002,0.04575430503507168,0.21442831027176387,0.5136363715166359,0.05912791727028204,0.2771039660735033,0.6637681166562148,0.01943361745622353,0.02562333534587481,,0.004298771322151595,,,,0.09944791162137197,,,,0.025113906206926474,0.0331128284291119,,0.005555267311025879,,,,0.12851572953722146,,,,0.0006973522329733319,0.04371698060954206,,,0.10078879640069541,,,0.0009011826342436548,0.056495099440503994,,,0.1302485440612328,,,0.02215454735422527,,0.06780227868593687,,0.028630141843856455,,0.08762033478173673,,0.14425801098584495,0.24559738480863158,0.18642345747811698,0.31738350827602385
continuum_wings,gap_limited,red,continuum;blue;core,65,1018,ok,0.7915978338640289,1.9089209244084846,0.5853165923522355,0.04144954206438409,0.21392247354819338,0.5362258182514514,0.052361868983466404,0.2702413579177863,0.6773967730987472,0.014691085693957084,0.023207214945292237,,0.0012114487123041989,,,,0.09895089864823328,,,,0.01855877450074041,0.02931692578289507,,0.0015303840668572204,,,,0.1250014772845246,,,,0.0035512414251347617,0.039466844944272994,,,0.10901507079430198,,,0.004486168699830918,0.04985719168990567,,,0.1377152212028757,,,0.024379634017429947,,0.07882736975118565,,0.0307980049647503,,0.09958007258105465,,0.14886454587418624,0.24943247905773053,0.18805577719627312,0.3151000020302923
continuum_wings,gap_limited,red,continuum;blue;core,66,1016,ok,0.802775124589901,1.9105207581205652,0.5798134507685655,0.04684804005824634,0.2149086597980446,0.5410184247336101,0.05835761301420337,0.26770717379643655,0.6739352131893601,0.012273424359713325,0.02798250102718101,,0.0,,,,0.09414599968219425,,,,0.015288745233583595,0.034857209908535615,,0.0,,,,0.11727568131896077,,,,0.006592114671352004,0.03681010807451261,,,0.11016797907684783,,,0.008211657872084163,0.04585357336940045,,,0.1372339223056112,,,0.029170122258821575,,0.0838522781478689,,0.03633660456746612,,0.10445301003902553,,0.1489284294647104,0.25285216782669906,0.18551699585956996,0.3149725995257626
continuum_wings,gap_limited,red,continuum;blue;core,67,1014,ok,0.8093697565428725,1.911189283883915,0.5765098918418614,0.05261047639132957,0.21291994822239727,0.5438393319291457,0.06500178190009102,0.26306882176060015,0.6719293963393089,0.011813333623231401,0.031840792218698365,,0.0,,,,0.08635484740342912,,,,0.014595719110744467,0.039340229803869316,,0.0,,,,0.10669393896342715,,,,0.008956350549399802,0.032729227704186875,,,0.07817872307281998,,,0.011065832985477241,0.04043791782384595,,,0.09659209828490649,,,0.03230063895108775,,0.1292435594114567,,0.039908383887552364,,0.1596841967057249,,0.14789008156712263,0.2500622020414398,0.18272252004920184,0.3089591623852503
continuum_wings,gap_limited,red,continuum;blue;core,68,1013,ok,0.8244528560039225,1.9126093194345182,0.5689381790487757,0.059437493530230485,0.21207526653079772,0.5529400959428943,0.07209325930207912,0.2572315263224569,0.6706752143754641,0.011949195070987925,0.03239490550185085,,0.0,,,,0.1357045128651843,,,,0.014493484962748524,0.03929261117350866,,0.0,,,,0.16459948179806982,,,,0.015093392957391712,0.030896514351805533,,,0.08057939741722071,,,0.01830716316582194,0.037475174143442515,,,0.0977368163994053,,,0.031177750612358314,,0.08512476233665572,,0.03781629281202949,,0.10325000600913768,,0.15000100156663387,0.2515314233238335,0.18194005936698485,0.30508891016885115
continuum_wings,gap_limited,red,continuum;blue;core,69,1012,ok,0.8349216563523725,1.9140074588400304,0.5637834886713695,0.05956998920194019,0.2080924673626705,0.5672591997877618,0.07134799864000547,0.24923592025602775,0.6794160811039669,0.01283880112306815,0.031888914034458926,,0.0,,,,0.13883417619451913,,,,0.015377252494753387,0.03819389974117577,,0.0,,,,0.1662840760426092,,,,0.014842274044413118,0.02167190987819888,,,0.10933337471449536,,,0.01777684640407632,0.02595681847908903,,,0.1309504597019963,,,0.03160614876006506,,0.06632711787611394,,0.037855226918112085,,0.07944112764529977,,0.15481440872440655,0.2527645310026334,0.1854238748588266,0.30274041771406157
continuum_wings,gap_limited,red,continuum;blue;core,70,1011,ok,0.8369664212067885,1.9152130038489048,0.5629904248119736,0.0484798887001317,0.21433105668644903,0.5741554758202079,0.05792333774899892,0.25608083102953355,0.6859958312214676,0.013391992896936713,0.021958404486507026,,0.0,,,,0.13119496207573045,,,,0.016000633427595973,0.02623570543588365,,0.0,,,,0.1567505681847614,,,,0.013129491316687957,0.027030942400593075,,,0.11264016440883473,,,0.015686998885519287,0.03229632840182314,,,0.13458146175855343,,,0.03253386857057142,,0.07185169359153065,,0.038871175409477154,,0.08584776135693778,,0.15476624571528452,0.258468655744112,0.18491332721823325,0.3088160399212149
continuum_wings,gap_limited,red,continuum;blue;core,71,1010,ok,0.8376602432179242,1.916397114248139,0.5628984008638669,0.04407996210551883,0.2151386105283124,0.578441670584093,0.05262272199547504,0.25683278187089786,0.6905444961336271,0.017058783674745972,0.01891400440625448,,0.0,,,,0.1350330800353709,,,,0.020364800422201713,0.022579565592841255,,0.0,,,,0.16120268465485826,,,,0.008107174024518375,0.02678476528853512,,,0.11743696348775043,,,0.009678355980432065,0.03197569122492882,,,0.1401964154782003,,,0.03448473543244641,,0.06601208232359587,,0.04116792662854708,,0.07880531857403944,,0.15386910980733087,0.2599595447373758,0.183689164017422,0.31034007742652914
continuum_wings,gap_limited,red,continuum;blue;core,72,1009,ok,0.8327691612247639,1.9175596681771403,0.5657140817859305,0.039535738931409076,0.21710966272637136,0.5761237595669835,0.04747502762141597,0.26070809635537595,0.6918168760232081,0.019159701752072735,0.014423089833566206,,0.0,,,,0.12520050752152517,,,,0.02300721813941132,0.017319433169636095,,0.0,,,,0.15034239180686187,,,,0.005952947345770138,0.0257902126575814,,,0.11766603501842723,,,0.007148376312368562,0.030969221554327752,,,0.14129489959183208,,,0.03648072632868591,,0.07201631328436685,,0.04380652890055782,,0.08647812219469267,,0.15483872374010405,0.2612409037426642,0.1859323459004904,0.31370146242982144
continuum_wings,gap_limited,red,continuum;blue;core,73,1008,ok,0.8294903021286927,1.9188956284124397,0.5677251592809294,0.04607110166285347,0.20876309551414113,0.574656104951698,0.055541459067842955,0.2516763547185537,0.6927821862136033,0.024142747710257536,0.010735050514908575,,0.0,,,,0.10724256769243048,,,,0.029105521364506403,0.01294174324565288,,0.0,,,,0.129287307419047,,,,0.011193303437687355,0.0168976126816929,,,0.1181736599122244,,,0.013494194457683666,0.020371079249906998,,,0.14246539062477206,,,0.03393957182274994,,0.09038668828872956,,0.04091617676017667,,0.1089665401232218,,0.15792591100969827,0.25885318905831367,0.19038909870847,0.31206294804656254
continuum_wings,gap_limited,red,continuum;blue;core,74,1007,ok,0.8354767241636178,1.9203782600977282,0.5649415838935199,0.05275652092237201,0.204822629109203,0.5778975741320429,0.06314541075358587,0.24515659525314437,0.6916979939932698,0.030386366666137164,0.00887346555160001,,0.0017372177178641794,,,,0.0965946084384095,,,,0.036370093609198344,0.010620841125745413,,0.002079313124615506,,,,0.11561615739218684,,,,0.013496688704634845,0.012859583800856313,,,0.12002634109942065,,,0.016154476018642124,0.01539191150265716,,,0.1436621004846988,,,0.03306353353336216,,0.10283118654302209,,0.03957445201894945,,0.12308085140967238,,0.15716229405712037,0.25844543805119063,0.18811091860692228,0.3093388847067118
continuum_wings,gap_limited,red,continuum;blue;core,75,1006,ok,0.845085392314107,1.921803693632807,0.5602644561909165,0.06189708281918599,0.197553241677591,0.5856350678173299,0.07324358388173353,0.2337671949773368,0.6929892211409295,0.037725556086653365,0.008186811285867752,,0.003652993404559485,,,,0.11782617211965785,,,,0.04464111725248149,0.009687555080617017,,0.004322632289923332,,,,0.1394251671976167,,,,0.01598471544666488,0.00580969832204647,,,0.08776839397007488,,,0.018914911548635043,0.00687468790122819,,,0.10385742644271449,,,0.030130962071425422,,0.11343219193116637,,0.035654340195039304,,0.1342257160788849,,0.15795958787955963,0.2666083097964308,0.186915534591146,0.31548091142171353
continuum_wings,gap_limited,red,continuum;blue;core,76,1005,ok,0.8510805259589155,1.9232715360308779,0.5574829086717824,0.06727238307097054,0.1921769442570368,0.5916311986309082,0.07904349943288211,0.22580347968896403,0.6951530208781539,0.04113892550891622,0.007282352145368919,,0.005736988301327262,,,,0.11427916039087943,,,,0.04833728919195378,0.0085565959074952,,0.006740829012464334,,,,0.1342753792446616,,,,0.018851105416685394,0.0032769868037865304,,,0.08668069697805371,,,0.022149614333433123,0.0038503839576100483,,,0.10184782089848696,,,0.028928759323836088,,0.11995807348214424,,0.03399062537736009,,0.1409479712239768,,0.15423420982808692,0.27071326777983074,0.18122164134152954,0.31808184951102847
continuum_wings,gap_limited,red,continuum;blue;core,77,1004,ok,0.8687622167398718,1.9246918996293707,0.5486227084412896,0.06671205749225599,0.1909216208171553,0.6111285384304603,0.07678977769383263,0.2197628040657779,0.7034474182403894,0.041608722607521194,0.005977463640716869,,0.0077947160430773,,,,0.114113160505587,,,,0.0478942589879917,0.006880436931463221,,0.008972208842516025,,,,0.13135143115893036,,,,0.019125871244017933,0.004103048473773608,,,0.09171295607879201,,,0.022015081774377717,0.004722867079982783,,,0.10556738577208759,,,0.03057518341744917,,0.1233488473344784,,0.035193960819550826,,0.1419822880849479,,0.1484486728828552,0.28195357451160297,0.17087376732372825,0.32454631322442357
continuum_wings,gap_limited,red,continuum;blue;core,78,1003,ok,0.8850610708237596,1.9260649941159438,0.5404822404605188,0.06732295328710014,0.18849710748599358,0.6292410100506658,0.07606588461114908,0.2129763851330081,0.7109577302558427,0.0402625544463399,0.004890207441285437,,0.010144276467109583,,,,0.10991339612388434,,,,0.04549127260660785,0.005525276845284741,,0.011461668354329406,,,,0.12418735807867338,,,,0.022170191399474806,0.005007521283143165,,,0.09981333366442378,,,0.025049335159256496,0.005657825711939264,,,0.11277564560773616,,,0.030683645264377432,,0.12165689261594093,,0.0346683932621949,,0.13745593002154108,,0.14266166447136341,0.2978573876464167,0.16118849780454453,0.33653879654789204
continuum_wings,gap_limited,red,continuum;blue;core,79,1002,ok,0.8922249123162579,1.9273491610898288,0.5370714708425905,0.06992893850380841,0.18160282403311642,0.640693149779333,0.07837590896478062,0.2035392887222426,0.7180848023129767,0.03638089073260498,0.006953185726752946,,0.010757394371472453,,,,0.10600431629720919,,,,0.04077547065813089,0.007793086284378844,,0.01205681910802709,,,,0.11880896266617011,,,,0.02659486204445047,0.0,,,0.09683163614726359,,,0.029807352022270885,0.0,,,0.10852828116610654,,,0.02837361370037929,,0.12662592482798923,,0.03180096555107395,,0.14192153018823736,,0.14247181596126468,0.311231272506871,0.15968150406314158,0.3488260282924627
continuum_wings,gap_limited,red,continuum;blue;core,80,1001,ok,0.8865560063481576,1.9286200327905596,0.5403158780502705,0.06289782082953158,0.18104675547086604,0.64261143004776,0.07094624635009365,0.20421355692645046,0.724840196723456,0.033648730215418754,0.006869229028054273,,0.009151320106842435,,,,0.11157438471333143,,,,0.037954432629724505,0.007748217798838838,,0.01032232599104251,,,,0.12585147911063307,,,,0.022379861586058543,0.0018651544300356687,,,0.095115189028578,,,0.0252435959215303,0.00210382019486675,,,0.1072861594163353,,,0.03130529190953837,,0.12543290830562925,,0.03531112719938478,,0.14148334386938974,,0.13872498902444957,0.3104889480002213,0.15647628354115642,0.35021921432709785
continuum_wings,gap_limited,red,continuum;blue;core,81,1000,ok,0.8679896582811137,1.9298358947511707,0.5502261821112688,0.06074053221741116,0.17524135778510058,0.632007768278602,0.0699784054313459,0.20189337063316207,0.7281282239354919,0.0294765172442734,0.005300521757969641,,0.008808437679512268,,,,0.10496819117587262,,,,0.03395952585730798,0.006106664644445537,,0.010148090585498083,,,,0.12093253666609566,,,,0.025963493215168117,0.0,,,0.0989730020416148,,,0.029912214929592378,0.0,,,0.11402555444912992,,,0.027313848126883405,,0.12237755012597518,,0.03146794188881607,,0.14098964078479959,,0.1391190719787049,0.30568902493513933,0.1602773381588479,0.3521804920354668
continuum_wings,gap_limited,red,continuum;blue;core,82,999,ok,0.8631409601303075,1.9318646553142549,0.553208369046049,0.053358737233028426,0.1779228674911086,0.6318593554061704,0.06181926208782041,0.20613419558289503,0.7320465423292846,0.02517359685140778,0.0022928682049622325,,0.010186798770999225,,,,0.1083645841264553,,,,0.02916510513833957,0.0026564238182093464,,0.01180201061187194,,,,0.12554679841644362,,,,0.025892272176658414,0.0,,,0.09831655209534043,,,0.029997733131271496,0.0,,,0.11390555730375451,,,0.0254829384434134,,0.12339120131038521,,0.029523495721447707,,0.14295602573623312,,0.14225313027669598,0.3017870178739895,0.16480868924957537,0.34963816087285327
continuum_wings,gap_limited,red,continuum;blue;core,83,998,ok,0.8538887146285578,1.9338437379811126,0.5584499937312174,0.04643197574741137,0.17742382425165304,0.6300329146294933,0.05437708093801113,0.2077833108835881,0.7378396081784008,0.022329521649140514,0.0014206540080193457,,0.009729438203049345,,,,0.11558519739343924,,,,0.026150388530259323,0.001663746087377828,,0.011394269576781628,,,,0.1353633036873182,,,,0.022681800090251513,0.0,,,0.1027870347139022,,,0.026562946320373978,0.0,,,0.12037521160894443,,,0.023116888363700665,,0.10890164236834739,,0.027072483764768493,,0.12753610687514436,,0.14457749768490302,0.30275904015380445,0.16931655754203795,0.3545649860069937
continuum_wings,gap_limited,red,continuum;blue;core,84,997,ok,0.8489420514091495,1.9357732251051107,0.5614455038436098,0.03897949732593989,0.18000148443835384,0.6299610696448557,0.045915380515358206,0.2120303548864983,0.7420542645981434,0.017497381314066508,0.0,,0.010688866706170133,,,,0.08241961678797934,,,,0.020610807634069722,0.0,,0.012590808393138026,,,,0.09708509155739421,,,,0.021482116011873376,0.0031109882573740594,,,0.13937941302177204,,,0.025304572881288484,0.00366454724702371,,,0.16418012606445598,,,0.023022761621559428,,0.10147560491708679,,0.027119355889302695,,0.11953183936247305,,0.14317886785325024,0.30668643491801756,0.16865564335703387,0.36125720761382024
continuum_wings,gap_limited,red,continuum;blue;core,85,996,ok,0.8507184479617438,1.9377596241646355,0.5609783394427236,0.03717199343128473,0.17638035441100886,0.6371661001194502,0.04369482467477457,0.20733105627790566,0.7489741190473198,0.013992674656751051,0.0,,0.0110815658596646,,,,0.10861697145529747,,,,0.016448067736483708,0.0,,0.013026126195118,,,,0.12767675570635081,,,,0.023179318774533678,0.00021460986574327315,,,0.10545237970469226,,,0.027246756938290862,0.00025226896896083766,,,0.12395685077401117,,,0.020087260490434668,,0.10603579284960388,,0.023612113430197975,,0.12464263952857436,,0.1449969181951663,0.31706095610985663,0.17044054768362882,0.3726978730383835
continuum_wings,gap_limited,red,continuum;blue;core,86,995,ok,0.8599460694556584,1.9397118975195209,0.5566629917797548,0.03582361224605525,0.1757099181466528,0.6484125390629505,0.04165797544575257,0.204326671622415,0.7540153529318325,0.010953562580632866,0.0,,0.011055629249608264,,,,0.1018588392174744,,,,0.012737499442920202,0.0,,0.012856189059165562,,,,0.11844793858055604,,,,0.024870049665422382,0.0,,,0.10480570853881202,,,0.028920476002832363,0.0,,,0.12187474570952282,,,0.018599916007059132,,0.1129521738317614,,0.02162916567411348,,0.13134797383661462,,0.1460543728899854,0.3287958174749026,0.16984131688913595,0.382344694805139
continuum_wings,gap_limited,red,continuum;blue;core,87,994,ok,0.8586143865790221,1.941524444008077,0.5577627728413419,0.03323041458590977,0.17593988430409796,0.6494440876890144,0.03870237338825609,0.2049114096551484,0.7563862169565956,0.00671559384007697,0.0,,0.01049435933254376,,,,0.09340658267591143,,,,0.007821431768496118,0.0,,0.01222243593466497,,,,0.10878758163844812,,,,0.026514820745832803,0.0,,,0.13834494665886557,,,0.030880941619759975,0.0,,,0.16112581948466229,,,0.020224413554567222,,0.07957472113503793,,0.02355471078832882,,0.09267806640427671,,0.145221111416987,0.3381178372191995,0.16913426293215464,0.39379474942920845
continuum_wings,gap_limited,red,continuum;blue;core,88,993,ok,0.8411750176911749,1.9432873648762898,0.5671381222897018,0.04174622561546691,0.16863067983164826,0.6307981122440598,0.04962846582159604,0.20047038521721594,0.7499011489611881,0.0044979700295065895,0.004100425093914536,,0.005409721367163156,,,,0.08510578261912675,,,,0.005347246333887145,0.00487463965010424,,0.006431148397644468,,,,0.10117488136145776,,,,0.03314783049204579,0.0,,,0.13309226045528802,,,0.039406579837604656,0.0,,,0.15822184165739323,,,0.0170945453713562,,0.07433965746465165,,0.020322221906062612,,0.08837596921113552,,0.1461264130931289,0.3382604117049933,0.17371701491350885,0.40212845673120157
continuum_wings,gap_limited,red,continuum;blue;core,89,992,ok,0.845903281636218,1.9452713851625802,0.5651489616882451,0.04840616067434637,0.16132880400834612,0.6361683169535255,0.05722422613222999,0.19071778950459944,0.7520579843631706,0.004789599734687664,0.008790054065424128,,0.0,,,,0.08110596444803848,,,,0.005662112724546019,0.010391322809886326,,0.0,,,,0.0958808958527226,,,,0.034826506874234574,0.0031731166988597063,,,0.13329852731104821,,,0.041170790597797643,0.0037511578069800064,,,0.15758128642462632,,,0.01302659707365355,,0.06930666757332166,,0.015399629433351292,,0.08193214174469546,,0.14512909023583287,0.3524571576211172,0.17156700226426816,0.41666366034112623
continuum_wings,gap_limited,red,continuum;blue;core,90,991,ok,0.8455656511487687,1.9465510139897124,0.5656082758316467,0.04978393207300042,0.15828421191596637,0.6374975071598019,0.05887648345857588,0.18719328499321677,0.7539302315482074,0.0054241722775409075,0.006994981419792133,,0.0,,,,0.08634320069545141,,,,0.006414844631131521,0.00827254679786116,,0.0,,,,0.10211294720657971,,,,0.03736477837566738,0.011249879370279027,,,0.13181370255187708,,,0.044189092029583196,0.013304560509281763,,,0.15588819433807133,,,0.010300240158837815,,0.06707895900454831,,0.012181478924604036,,0.07933027898356108,,0.13673409238684953,0.3522616449079251,0.16170724555933097,0.41659881101999524
continuum_wings,gap_limited,red,continuum;blue;core,91,990,ok,0.8423010274101472,1.9478084972641931,0.567564763890758,0.0420272206259628,0.1585583809857642,0.6417154257984203,0.049895725231613904,0.18824431625506768,0.7618599585133186,0.00618919172767976,0.004727752426994772,,0.0,,,,0.09234269421844923,,,,0.007347956996692604,0.005612901175641872,,0.0,,,,0.10963146335269064,,,,0.03111027647128826,0.02191428326767466,,,0.13919401017029331,,,0.036934867059279425,0.02601716316915258,,,0.16525447036230986,,,0.009402225475507842,,0.05253700207062886,,0.01116254779412676,,0.06237319006028788,,0.12724187224258168,0.3576417193390489,0.15106460529178833,0.4246008347380301
continuum_wings,gap_limited,red,continuum;blue;core,92,989,ok,0.8530183395826295,1.9489361231541262,0.562315906894884,0.03929251014257819,0.16153996752720146,0.6521858619128499,0.04606291367874164,0.1893745539002606,0.7645625324209978,0.007004027931370049,0.00045487738835919877,,0.0,,,,0.08254903091451855,,,,0.008210876139892874,0.0005332562821354629,,0.0,,,,0.09677286769110813,,,,0.03183360482284894,0.03395187872058964,,,0.09829696179508737,,,0.03731878125671331,0.03980205013786907,,,0.11523428891714423,,,0.009138654137018849,,0.09819192109279119,,0.010713314958140607,,0.11511114888905576,,0.11844943466959296,0.37314794811045277,0.13885918880425088,0.43744422692368967
continuum_wings,gap_limited,red,continuum;blue;core,93,988,ok,0.8387226210995357,1.9500498371577093,0.5698968277026691,0.03928629493831,0.161051466037392,0.6383848601238338,0.046840628772843944,0.19201993839901355,0.7611394328281427,0.007738861980816729,0.0006816221120235566,,0.0,,,,0.09207018577411794,,,,0.009226962271115753,0.0008126907452787837,,0.0,,,,0.10977429660048656,,,,0.030865810845469712,0.03944573714533854,,,0.0967594610733495,,,0.0368009757564494,0.04703073000895883,,,0.11536526932646847,,,0.009820955998230352,,0.09052614753499992,,0.011709420672779072,,0.10793335634172278,,0.11178477289382313,0.3590290657413664,0.13327978771727564,0.4280665105594648
continuum_wings,gap_limited,red,continuum;blue;core,94,987,ok,0.8373814733082118,1.9511496151449164,0.5708266209785718,0.03799017434763387,0.16236926878954408,0.6370220301710339,0.04536782286040734,0.19390119553048846,0.7607309816091042,0.007148212987305387,0.0009714569896019744,,0.0,,,,0.09802051027104533,,,,0.008536387793564632,0.0011601128285822653,,0.0,,,,0.11705598152751022,,,,0.029870504370726508,0.04536248382670866,,,0.046939478054775156,,,0.035671322238260444,0.05417182642875629,,,0.05605507113661484,,,0.010891061922246691,,0.1352537490570669,,0.013006093721204242,,0.1615198728038787,,0.10611572304058872,0.3568082927881465,0.12672327538052794,0.4261000561411005
continuum_wings,gap_limited,red,continuum;blue;core,95,986,ok,0.8341392931307061,1.9522354321667845,0.5727260762782134,0.044576340841688426,0.1588944805648113,0.6306684717242064,0.05343992449316676,0.19048914476675208,0.7560709307400811,0.005987913784264503,0.0029581018162243592,,0.0,,,,0.10521501783674979,,,,0.0071785537902075815,0.00354629237656694,,0.0,,,,0.12613602872231922,,,,0.035630325241199565,0.04735442260724554,,,0.05064576116178883,,,0.042715078326392236,0.056770401535113035,,,0.06071619162274958,,,0.009074289974144514,,0.1285029386153763,,0.010878626686061906,,0.15405453222695795,,0.10246576798342125,0.3463047541102914,0.12284011654557711,0.41516417816805434
continuum_wings,gap_limited,red,continuum;blue;core,96,985,ok,0.8316980282688237,1.9533072624582064,0.574210343526782,0.05061470040782721,0.15849397530660597,0.6225893525543904,0.060857064328000775,0.19056673205840177,0.7485762036135973,0.005635367114067475,0.004799767042913937,,0.0,,,,0.1006558434903745,,,,0.006775737013345421,0.005771045355132841,,0.0,,,,0.12102450657468704,,,,0.040179566250845795,0.049790464503635064,,,0.05575697844633223,,,0.048310281959522514,0.05986603648354647,,,0.0670399310220684,,,0.00922527528755121,,0.12446131005425189,,0.011092097100138119,,0.14964723472209937,,0.0994782355154197,0.34171522056343184,0.11960859847471718,0.41086453129474265
continuum_wings,gap_limited,red,continuum;blue;core,97,983,ok,0.8343050576884925,1.9538650154335282,0.5729975965083379,0.05888060225474066,0.15766386655516726,0.6177605888785845,0.07057442803699882,0.1889762804410983,0.7404492915219029,0.004913024083117643,0.007370996132046338,,0.0,,,,0.10346755842565633,,,,0.0058887621953648,0.008834893261306914,,0.0,,,,0.12401645833518174,,,,0.04659658203957668,0.051091421237814925,,,0.10575348472778232,,,0.055850772580327106,0.06123829739132555,,,0.12675637496526826,,,0.008870008811498157,,0.0690703985147682,,0.010631613376614557,,0.0827879417465515,,0.09770243650585417,0.3394691472103777,0.11710636967315818,0.4068885164749013
continuum_wings,gap_limited,red,continuum;blue;core,98,982,ok,0.8309059124878281,1.9549745526101365,0.5749786556667117,0.05967632803167688,0.1579461218610918,0.6132834625950594,0.07182080080884137,0.19008905760242203,0.7380901415887365,0.0044139215172747555,0.009971031050360938,,0.0,,,,0.0735590468692793,,,,0.0053121796956035194,0.012000192681872393,,0.0,,,,0.08852873203060385,,,,0.04529137546404119,0.05397940791387668,,,0.10613416477239639,,,0.05450842843136546,0.06496452498725892,,,0.12773307203293147,,,0.009730640202014642,,0.09626105457133145,,0.011710880926192935,,0.11585072765111848,,0.09423607374520047,0.33732919638205233,0.11341365168897018,0.4059776098740829
continuum_wings,gap_limited,red,continuum;blue;core,99,981,ok,0.8417559699035166,1.9560380776836739,0.5696627895402631,0.06279152752212569,0.1586797824147908,0.6202846599666001,0.07459588023987873,0.18851043305695703,0.7368936867031641,0.003095720237598642,0.010523190344275719,,0.0,,,,0.09864696019122376,,,,0.0036776932368575636,0.012501473966952564,,0.0,,,,0.11719187474551661,,,,0.049172616940251324,0.05894932827359883,,,0.10227708882188873,,,0.058416713036068595,0.0700313753407127,,,0.121504441285533,,,0.01180374265019481,,0.07691525187661565,,0.014022760838331533,,0.09137476255194459,,0.08792671149099715,0.342445359076872,0.10445629687791277,0.40682260812017007
continuum_wings,gap_limited,red,continuum;blue;core,100,980,ok,0.8383145098295905,1.957055729462655,0.5716450496482953,0.05622362563417842,0.1606739679486137,0.6214169162467983,0.0670674609289625,0.19166311219076346,0.7412694268802739,0.0011072795711153977,0.009904890019124786,,0.0,,,,0.09066835445944202,,,,0.0013208402790743552,0.011815243447400446,,0.0,,,,0.10815553517959833,,,,0.04521145604393823,0.061963166662952485,,,0.09996398574938173,,,0.0539313772024877,0.07391398566577134,,,0.11924401233339267,,,0.014129042580649521,,0.08278223366147279,,0.01685410715785132,,0.09874842042075647,,0.08458175870501168,0.34800234237650174,0.10089501936714079,0.41512145894652636
continuum_wings,gap_limited,red,continuum;blue;core,101,979,ok,0.8316478922612053,1.9580276390937696,0.5752624346783879,0.04826354568112508,0.16295763203655014,0.62042671454353,0.058033629532684955,0.19594546388313114,0.7460209065841839,2.573346279762953e-05,0.006913672225877909,,0.0,,,,0.06647241537728253,,,,3.094273795086722e-05,0.008313220402783697,,0.0,,,,0.07992855629868509,,,,0.04132413999244954,0.06644976932860742,,,0.14760224106083383,,,0.0496894663919504,0.07990132596612988,,,0.17748165111019687,,,0.015612659080734288,,0.05872125854866473,,0.0187731601631122,,0.07060831764871649,,0.08089520362720842,0.3476307995567489,0.09727097775388906,0.4180023815265854
continuum_wings,gap_limited,red,continuum;blue;core,102,978,ok,0.8186862967322294,1.958953930255227,0.5820798620693057,0.041721770903580056,0.1637905756630625,0.6131739501655867,0.05096185323989384,0.2000651242323579,0.7489730225277481,0.00041681979343492396,0.004060030961234584,,0.0,,,,0.11056155863685398,,,,0.0005091324907948896,0.0049592022945053795,,0.0,,,,0.1350475256250878,,,,0.03724492014891055,0.06916660964038764,,,0.14328075907464533,,,0.04549351845459358,0.08448487524032688,,,0.17501301737496733,,,0.015804437000996128,,0.024979521233543384,,0.019304631168347675,,0.03051171289082114,,0.07881952902167873,0.33435211122054403,0.09627561782368334,0.40840076663687186
continuum_wings,gap_limited,red,continuum;blue;core,103,977,ok,0.7918671560934571,1.9591533805775303,0.5958115561835492,0.03287143454878249,0.16377215461177658,0.5952235669328981,0.04151129933327221,0.20681771349088254,0.7516709871758454,0.0018113936232716178,0.00030877109952606995,,0.0,,,,0.11211750935579406,,,,0.002287496847587192,0.0003899279028686327,,0.0,,,,0.14158626038855665,,,,0.030751269825984806,0.0728775761291983,,,0.11439571056336234,,,0.03883387458281639,0.09203257840459947,,,0.14446325963020648,,,0.015719510238437595,,0.05955996916172695,,0.019851196147580037,,0.07521459717505648,,0.07517506824414068,0.30915037785201477,0.09493393893870303,0.3904068699820257
continuum_wings,gap_limited,red,continuum;blue;core,104,976,ok,0.7957313777782077,1.9592867462585866,0.5938668092878012,0.03208901474394999,0.16150672129223592,0.6021356417420218,0.04032644135957912,0.20296638514266596,0.756707173497755,0.004085857612076358,0.0012985058061616471,,0.0,,,,0.10998403928827204,,,,0.005134719738568862,0.0016318393900555427,,0.0,,,,0.13821754722725993,,,,0.02670465132571198,0.07326350068023224,,,0.1230869045274756,,,0.033559882230954706,0.09207064434834038,,,0.15468399005598008,,,0.015068835468777615,,0.05550685064505022,,0.018937088431590938,,0.06975576456471157,,0.07317438514322605,0.313557847281224,0.09195865236273462,0.39404987164980343
continuum_wings,gap_limited,red,continuum;blue;core,105,976,ok,0.809643508804088,1.959714689243344,0.5868564371905535,0.03650542033346923,0.16151862296848343,0.6116194655021353,0.04508826407734785,0.1994935069720501,0.7554182289506021,0.004122495550114319,0.003266867052401334,,0.0,,,,0.10957062466602216,,,,0.005091741618732415,0.004034945030593493,,0.0,,,,0.13533193742004707,,,,0.02911605773095358,0.0771467344512155,,,0.08790586844425256,,,0.035961577428021946,0.09528481808637948,,,0.10857354809661474,,,0.016657992264538304,,0.09803565786119664,,0.02057447763540224,,0.12108496739015867,,0.06771389625272962,0.316107314530664,0.08363421125026839,0.3904277760437816
continuum_wings,gap_limited,red,continuum;blue;core,106,976,ok,0.8104938178723121,1.9602181945380694,0.5865287751483085,0.032600231433621875,0.16076096146380037,0.6171326249748899,0.04022267747729795,0.19834939874782262,0.7614279237748794,0.005014573497897853,0.0014843878170980815,,0.0,,,,0.0963029228585617,,,,0.006187059527563065,0.0018314609986722155,,0.0,,,,0.11882005850627422,,,,0.026101270118625942,0.0795705942473086,,,0.09811999161778623,,,0.03220415695106267,0.09817544871125028,,,0.12106198647556418,,,0.017011205335250506,,0.11769435757415117,,0.020988692276404885,,0.1452131465766382,,0.06417916188124125,0.3050153529243908,0.07918525776016745,0.37633273221640284
continuum_wings,gap_limited,red,continuum;blue;core,107,976,ok,0.8081307575093446,1.96095619039078,0.5878894380867243,0.026827622122307625,0.1574132984410227,0.6238898369460143,0.033197130381462325,0.19478691657049385,0.7720159530480438,0.006966240643418233,0.0,,0.0,,,,0.09174059483530837,,,,0.00862018996144653,0.0,,0.0,,,,0.11352196904131266,,,,0.01986138147888939,0.07805942435147317,,,0.0965000864196236,,,0.02457694042001579,0.09659256701483801,,,0.11941147583224829,,,0.01578112685482351,,0.1317830767728132,,0.019527937413817625,,0.16307147766404542,,0.06357274723472603,0.3038660789182691,0.07866641214183823,0.37601103051043744
continuum_wings,gap_limited,red,continuum;blue;core,108,976,ok,0.7857382905147512,1.9616625185582022,0.5994528706741161,0.033540772087598224,0.15232002408805242,0.5998774943391006,0.04268695123108365,0.19385592623755787,0.7634571225313586,0.009456627303654845,0.005227926392798924,,0.0,,,,0.14121020293558956,,,,0.012035339778922622,0.006653521224444867,,0.0,,,,0.17971658584066233,,,,0.01885621839114445,0.07847085737124726,,,0.08224096517791532,,,0.023998090227716158,0.09986894913806428,,,0.1046671215730594,,,0.014420954169132721,,0.07281190132580714,,0.018353380945308514,,0.09266686147891147,,0.059428212547672436,0.3036144248997886,0.07563359615418506,0.38640655363872545
continuum_wings,gap_limited,red,continuum;blue;core,109,976,ok,0.7831596991252915,1.9624651359960068,0.6009306434237688,0.04552247021623416,0.14631695375365872,0.5913202751553985,0.05812667616461631,0.18682901318476888,0.7550443106506147,0.013118046291681599,0.008212343679250056,,0.0,,,,0.1390020591267825,,,,0.016750154925404232,0.0104861673658928,,0.0,,,,0.1774887794686492,,,,0.024192080245302502,0.07499788242017214,,,0.07809791521642369,,,0.03089035387331927,0.09576320449575869,,,0.09972157058598775,,,0.013409119252112633,,0.07553067015645704,,0.017121819811577683,,0.09644350984967305,,0.057909952081373964,0.2986896306557353,0.07394398887743253,0.3813904507463047
continuum_wings,gap_limited,red,continuum;blue;core,110,976,ok,0.7786272612122157,1.9631901083201577,0.603386723520939,0.05805906960054527,0.13934772028528447,0.581220471326386,0.07456593480962287,0.1789658893632098,0.7464681758271674,0.01737920903928053,0.013477171565341131,,0.0,,,,0.11303079647953491,,,,0.022320319240073213,0.017308887367183917,,0.0,,,,0.1451667596425554,,,,0.02720268899592361,0.06707519524274143,,,0.06906732586607063,,,0.034936728202365736,0.08614544928508483,,,0.08870396569283008,,,0.012044993489618181,,0.10303072918532392,,0.01546952449477017,,0.1323235575195752,,0.06022753155292487,0.2960916197954565,0.07735091558335484,0.38027389297220665
continuum_wings,gap_limited,red,continuum;blue;core,111,976,ok,0.7739784634131386,1.963800418998004,0.6058772287012882,0.06394963824261571,0.13416803029937976,0.575860794871143,0.08262457066390012,0.17334853182828525,0.7440268975078144,0.020396450451511436,0.01153117196554575,,0.0,,,,0.10701867502562705,,,,0.026352736433473734,0.014898569547652358,,0.0,,,,0.13827086939046004,,,,0.032022015825558525,0.06428640719636391,,,0.06566912927851644,,,0.04137326468277404,0.0830596847783977,,,0.08484619712662883,,,0.011968437642926424,,0.1068785237580559,,0.015463528003282236,,0.13808979036281746,,0.057913185460089424,0.2962944668089436,0.0748253190466053,0.38282004062790814
continuum_wings,gap_limited,red,continuum;blue;core,112,976,ok,0.7525706387476221,1.9643985495531449,0.6168951362142151,0.066396046196771,0.13051134617525628,0.5556632463755948,0.08822566650655263,0.1734207255181315,0.7383536079753159,0.024788472040624673,0.011251326385475087,,0.0,,,,0.11375641182788422,,,,0.03293839908752751,0.014950525314406092,,0.0,,,,0.1511571219642452,,,,0.030356247770671238,0.06340858092862318,,,0.06771989141625778,,,0.04033674210461902,0.08425598563630322,,,0.08998476412653132,,,0.011104788020675677,,0.09460626041787581,,0.014755808224402065,,0.12571080447054545,,0.055997977225957424,0.27958068271357694,0.07440893165742624,0.3715009174139938
continuum_wings,gap_limited,red,continuum;blue;core,113,976,ok,0.7487554997347449,1.9649845199860712,0.6189509423005618,0.07205780377923221,0.1256580515042132,0.5510396444512995,0.0962367606044423,0.16782254227011217,0.7359406971254455,0.029383237268336283,0.012594784359758004,,0.0,,,,0.11508527607184738,,,,0.03924276653559891,0.01682095739426268,,0.0,,,,0.1537020777979162,,,,0.030079782151137928,0.060532270928895134,,,0.0688940244200289,,,0.040173036674580734,0.08084384148141734,,,0.09201137680382367,,,0.01023174501846065,,0.09243012151849614,,0.013665001488583873,,0.12344499846911383,,0.054894035556857394,0.27463022244092705,0.07331369930011096,0.3667822440545918
continuum_wings,gap_limited,red,continuum;blue;core,114,976,ok,0.7429303396344207,1.96575109310335,0.6220628632786454,0.07911022207270074,0.12194265958282272,0.5418774579788973,0.10648403740198456,0.16413740707214616,0.7293785555258694,0.03349626998882815,0.017200122750440076,,0.0,,,,0.11339421001211399,,,,0.04508669009978905,0.023151730159390004,,0.0,,,,0.15263101257637793,,,,0.028413829333432505,0.05997573729700692,,,0.07084953491121898,,,0.03824561714280549,0.08072861491498602,,,0.09536497721452922,,,0.01003848858583192,,0.0830353483232749,,0.013512018624480504,,0.11176734061518437,,0.05192843369998388,0.27459836473228943,0.06989677353267965,0.3696152251197779
continuum_wings,gap_limited,red,continuum;blue;core,115,976,ok,0.7549164542991013,1.9665045432398123,0.6161125297705587,0.08908531722608605,0.11852551542099017,0.5473056216520249,0.11800685588287635,0.15700481125561722,0.7249883328615062,0.03928777623069918,0.021155434782675883,,0.0,,,,0.11331023533186473,,,,0.05204254855880143,0.028023544409715575,,0.0,,,,0.15009639104643321,,,,0.028642106212710988,0.058121120442741855,,,0.06483966494595804,,,0.03794076291435934,0.07699013594385638,,,0.08588985519749749,,,0.009168570441446556,,0.08510677135337946,,0.012145145849230526,,0.1127366755204673,,0.051235824536801755,0.2840489500208227,0.06786952946253029,0.3762654110971083
continuum_wings,gap_limited,red,continuum;blue;core,116,976,ok,0.7710111251714111,1.9670685349683978,0.6080405377519139,0.0939139219330116,0.11733673586980772,0.5597604673685919,0.1218061826437753,0.15218552889716272,0.7260082884590621,0.043739543428646915,0.022371824106415576,,0.002265596435990934,,,,0.1536516627564944,,,,0.056730106739929,0.029016214391772717,,0.002938474377379764,,,,0.19928592174637502,,,,0.02780255439794911,0.05722436782652565,,,0.027728595722613235,,,0.03605986151207358,0.07421989898499005,,,0.03596393724727204,,,0.008460268744577639,,0.08793608581886658,,0.010972952877556407,,0.1140529402858054,,0.0493865028627135,0.2904441230706176,0.06405420265723649,0.37670548917960955
continuum_wings,gap_limited,red,continuum;blue;core,117,976,ok,0.7610117247251634,1.967620372351987,0.6132324428947505,0.0909235162831423,0.11615249119643974,0.5539357172455814,0.11947715564563606,0.1526290429209718,0.7278938014333922,0.04623660949714732,0.01823980218783979,,0.005689933723651258,,,,0.11365383661063141,,,,0.060756763654128326,0.023967833339791217,,0.007476801655987832,,,,0.14934571034589128,,,,0.02644710459815519,0.057098592891643235,,,0.05398245343005106,,,0.034752558651716524,0.07502984650106959,,,0.0709351139754734,,,0.00805046062215468,,0.0902200157283016,,0.010578628897027932,,0.11855272763489186,,0.04531350395899056,0.29607941147659733,0.05954376586688643,0.38906024947713563
continuum_wings,gap_limited,red,continuum;blue;core,118,976,ok,0.756621440471832,1.9681600738041172,0.6155691548963554,0.08976255448601243,0.11363168382905062,0.5532272021567689,0.11863601754403914,0.15018300797581083,0.73118097448015,0.04751849849403525,0.015529444742904974,,0.00823622758169402,,,,0.12329612463773716,,,,0.06280353153143867,0.020524722023764954,,0.010885532898139759,,,,0.1629561601649158,,,,0.02671461124907221,0.05662459701206256,,,0.04290244249565016,,,0.035307763988835526,0.0748387423131325,,,0.05670265234473931,,,0.007485750911879453,,0.08754543139288976,,0.009893654225832287,,0.11570572377422465,,0.04128510832341457,0.29948320363049186,0.05456507853870625,0.39581643819627027
continuum_wings,gap_limited,red,continuum;blue;core,119,976,ok,0.7594788214632104,1.9688855489040717,0.6142595378965059,0.08467812129843018,0.11344673505005941,0.5613539651147208,0.11149503963163775,0.14937445501310115,0.739130505355261,0.04851461302009798,0.007674820296927481,,0.012571049779650097,,,,0.11419421020893265,,,,0.0638788227519364,0.010105377635338385,,0.016552205834299286,,,,0.15035864988167322,,,,0.028488687981404723,0.055495952586576545,,,0.06298548924391044,,,0.03751083924436296,0.07307109957280725,,,0.08293251564614101,,,0.007229715164397097,,0.07862936579238025,,0.009519311085552512,,0.1035306891650949,,0.03815001751943567,0.3055448998694975,0.05023183852044211,0.402308650662352
continuum_wings,gap_limited,red,continuum;blue;core,120,976,ok,0.766545282938575,1.9695979083127166,0.6108112830018261,0.08378495019210798,0.11070217134595234,0.5720581614005149,0.1093020230597673,0.14441700159131127,0.7462809753489217,0.04952526744213952,0.0032961613738137136,,0.014013433692187416,,,,0.11155676295124672,,,,0.06460840415361095,0.004300021730194174,,0.018281286186337856,,,,0.14553186280605684,,,,0.030963521376154747,0.05260692569958382,,,0.03393143773550389,,,0.04039359717596217,0.06862859490559194,,,0.04426540543753224,,,0.006764035586593996,,0.10762160528122561,,0.008824052195147371,,0.1403982356641148,,0.03731777636758711,0.31894835543253863,0.04868306830423411,0.4160854714412177
continuum_wings,gap_limited,red,continuum;blue;core,121,976,ok,0.7543177739620943,1.9702971794839392,0.6171553297560899,0.08395202800412246,0.10630940928755117,0.5640563366704208,0.11129530670231985,0.14093451454703942,0.7477701787506409,0.05378876439760179,0.0,,0.012468064193220761,,,,0.054615311469724204,,,,0.07130783106842814,0.0,,0.016528928024235185,,,,0.07240358553776928,,,,0.030163263606520673,0.05048724246293397,,,0.038525015205160607,,,0.0399874756338917,0.06693099938206021,,,0.051072660004822516,,,0.005912539554628209,,0.1548282022735308,,0.00783826095409668,,0.20525593803827188,,0.03744156307676822,0.3160878077220052,0.049636326186647324,0.4190379951697772
continuum_wings,gap_limited,red,continuum;blue;core,122,976,ok,0.7602650108275061,1.9709833892740467,0.6142712237126112,0.08441950991192977,0.10364818281825611,0.5721973180973202,0.11103958318434758,0.13633164928297942,0.752628767532673,0.05387603046557114,0.0,,0.011952113104322771,,,,0.059935992849894176,,,,0.07086480332289669,0.0,,0.015720982728527205,,,,0.07883565861416822,,,,0.030543479446358632,0.049053975988122764,,,0.037101560564393045,,,0.04017477986145089,0.06452220645368152,,,0.048800826075120915,,,0.005460497794502048,,0.15160275749289437,,0.007182361040867316,,0.199407779305644,,0.037181595931308535,0.32355700719013863,0.04890609905990339,0.4255845035377399
continuum_wings,gap_limited,red,continuum;blue;core,123,975,ok,0.7614677996678362,1.9713813384368577,0.6137389632228336,0.09164612152402533,0.09880753924199973,0.5710141389018111,0.1203545593969998,0.12975931390020837,0.7498861267027918,0.053556485469455864,0.0,,0.010923199162714498,,,,0.0658291350319066,,,,0.07033322419256338,0.0,,0.014344925901632825,,,,0.08645032010627668,,,,0.03808963605456947,0.04676422389733566,,,0.029854405277333834,,,0.05002133520443642,0.06141326516726633,,,0.03920639229965703,,,0.0032045709989868645,,0.14192549479000324,,0.004208413015474518,,0.18638410560750343,,0.037915545182962716,0.3334051038025674,0.049792709815834696,0.4378453086893546
continuum_wings,gap_limited,red,continuum;blue;core,124,974,ok,0.7601396344109493,1.9715973377966631,0.6144549295951182,0.09858208038675909,0.0971177484669053,0.564439805557285,0.1296894358931208,0.12776303730322416,0.7425475268036551,0.05743174684615732,0.0,,0.009325031329376092,,,,0.0874127506826838,,,,0.0755542064198015,0.0,,0.012267524159034655,,,,0.11499564912231167,,,,0.04115033354060177,0.04616801193168647,,,0.029045851251562182,,,0.05413522947331928,0.060736225085096615,,,0.03821120480590453,,,0.0017842219731629238,,0.12339203966985188,,0.0023472292357779247,,0.16232812247117118,,0.039840483232679816,0.32458916395318715,0.052412058823314976,0.4270125504042677
continuum_wings,gap_limited,red,continuum;blue;core,125,972,ok,0.7605576054030007,1.9713591742507661,0.6141963294476768,0.09860261652450462,0.09715682283365193,0.5647981660448441,0.12964516536818738,0.1277441999704558,0.7426106346613568,0.05969123312358893,0.0,,0.01328563528131068,,,,0.11664319726821984,,,,0.07848351354261986,0.0,,0.017468282726948673,,,,0.1533653683029223,,,,0.0389113834009157,0.045760893862545546,,,0.029624362641859813,,,0.051161651825567526,0.060167558035657244,,,0.038950846630693536,,,0.0,,0.10254788096960132,,0.0,,0.13483249689583177,,0.03811029368979571,0.3159827251651631,0.05010835920784989,0.41546192283190925
continuum_wings,gap_limited,red,continuum;blue;core,126,970,ok,0.755378374542224,1.9712526492110891,0.6168028614472757,0.0915131347740652,0.09704320126413932,0.5668220385040195,0.12114873533349982,0.1284696577697894,0.7503816068967107,0.06088469831428604,0.0,,0.016447870048128636,,,,0.10552826711464686,,,,0.08060159036348309,0.0,,0.021774345946951962,,,,0.1397025261394322,,,,0.03062843645977916,0.04344838293885239,,,0.09986602856528418,,,0.04054714497001674,0.05751870109490899,,,0.13220662906295827,,,0.0,,0.059080695141503846,,0.0,,0.0782133790596111,,0.03714694827715828,0.3023470476825846,0.04917661072792844,0.40025907263470917
continuum_wings,gap_limited,red,continuum;blue;core,127,968,ok,0.744694426748163,1.9711185896451582,0.6221970455455109,0.08591124874928838,0.09873152094092058,0.5600516570579541,0.11536443091757072,0.13257991116174836,0.7520556579206811,0.059304384610193425,0.0,,0.016807741218908923,,,,0.12225906243107137,,,,0.07963586469843245,0.0,,0.022569983895680316,,,,0.16417346234876057,,,,0.02660686413909496,0.04165787113838627,,,0.09075215763738431,,,0.03572856621913827,0.05593955002495798,,,0.12186496148986814,,,0.0,,0.05531960338051309,,0.0,,0.07428497030933305,,0.04026590858362539,0.2917208336089853,0.05407037724111008,0.39173226377271925
continuum_wings,gap_limited,red,continuum;blue;core,128,966,ok,0.7404599491971637,1.9709566705086343,0.6243144457325784,0.0785688995764339,0.10160135034084194,0.5602896992798879,0.10610823672721453,0.13721383641478813,0.7566779268579974,0.053771654449762445,0.0,,0.016446938862663813,,,,0.11934489964482407,,,,0.07261926118767642,0.0,,0.022211787255335336,,,,0.16117671154830532,,,,0.02479724512667146,0.04277425497765212,,,0.09256098776322577,,,0.03348897553953813,0.057767141928513045,,,0.1250047188420982,,,0.0,,0.06054258993317544,,0.0,,0.08176349038029422,,0.04238015650052601,0.28784122193866263,0.05723490723093973,0.38873300608729966
continuum_wings,gap_limited,red,continuum;blue;core,129,964,ok,0.7208576561097093,1.9707665615313645,0.6342247376322854,0.06844430125356396,0.1056891637353187,0.5467241911208267,0.09494842799192971,0.14661585798463597,0.7584357140234343,0.04852763569241205,0.0,,0.018331456687847775,,,,0.1246456177369751,,,,0.06731930400004865,0.0,,0.025430064496752548,,,,0.17291294152254236,,,,0.01991666556115191,0.04499973001123203,,,0.09354677608651779,,,0.02762912399188105,0.062425264724362446,,,0.12977149551461606,,,0.0,,0.06047764500770517,,0.0,,0.08389679223785745,,0.0423579770362389,0.2680541522896286,0.058760528763520996,0.3718544847484185
continuum_wings,gap_limited,red,continuum;blue;core,130,962,ok,0.7000901850885423,1.9705479271137625,0.6447230866828484,0.057467381532852545,0.11113064268048503,0.5314921608752047,0.0820856837545644,0.1587376098786902,0.7591767063667454,0.0426324383951146,0.001316774683049255,,0.02157464453694359,,,,0.12676124359782,,,,0.060895637880886394,0.0018808643673282163,,0.03081695043934231,,,,0.18106416330031563,,,,0.013518168454688683,0.04857149007177179,,,0.0626807990883837,,,0.019309181506349794,0.06937890447018455,,,0.08953246370745262,,,0.0,,0.08386800040569672,,0.0,,0.11979599513324089,,0.04098450807176965,0.25818211778330424,0.058541754969163334,0.3687840842257362
continuum_wings,gap_limited,red,continuum;blue;core,131,960,ok,0.6951944275330371,1.9701754452923463,0.6471408527630772,0.05515314745941845,0.11515904381620623,0.5248822362574124,0.0793348526327154,0.1656501249943256,0.7550150223729589,0.03778586625098951,0.004998405172056807,,0.02634462133919975,,,,0.1210278763641211,,,,0.05435294754170602,0.0071899384892858235,,0.03789532869629885,,,,0.1740921267070565,,,,0.012368876036372125,0.05024194427540997,,,0.06985822276513157,,,0.01779196660172356,0.07227034953904657,,,0.10048731692661872,,,0.0,,0.07910179609633781,,0.0,,0.113783702750665,,0.038572478201596504,0.25489434103182185,0.055484446758980184,0.36665187598861865
continuum_wings,gap_limited,red,continuum;blue;core,132,957,ok,0.7062082365662536,1.969599856828276,0.6414458327066335,0.058452179870297105,0.11619710201213745,0.5315589546838191,0.08276904295892243,0.16453659982374944,0.7526943572173281,0.03549891243323579,0.011959261311393963,,0.028977932742540704,,,,0.10165872002905621,,,,0.05026691929541864,0.016934468747550488,,0.0410331276840356,,,,0.14395006283606124,,,,0.010994006125667352,0.047591726491030974,,,0.07555316881013197,,,0.015567654915953303,0.06739050045979761,,,0.10698426455274551,,,0.0,,0.08534621014008344,,0.0,,0.1208513377797125,,0.03962744277856578,0.26900085570454746,0.05611297167991624,0.38090869204880884
continuum_wings,gap_limited,red,continuum;blue;core,133,954,ok,0.7108489139342312,1.9689772905647678,0.6389755649592698,0.06282474908026808,0.12023648959264449,0.5277876752613186,0.08837989036595859,0.16914492972520592,0.7424751799088355,0.034178455998298135,0.019193429138988055,,0.03298368963949847,,,,0.0801915244237569,,,,0.04808118199004574,0.027000715289499422,,0.046400422076962156,,,,0.11281092627677046,,,,0.009452863942981901,0.04414063485600184,,,0.09089670653168125,,,0.01329799308641343,0.062095663355104726,,,0.12787064135557102,,,0.0,,0.08424248893841843,,0.0,,0.1185096963462656,,0.04311216509714419,0.2724569553674621,0.06064884429313905,0.3832839159302285
continuum_wings,gap_limited,red,continuum;blue;core,134,951,ok,0.7391444052454865,1.9683068898345903,0.6244770523017678,0.07511039272933506,0.12388104844248952,0.540152964073662,0.10161802240035789,0.1676006035672364,0.7307813740324057,0.03769235361635859,0.028580107453490235,,0.03606618991049889,,,,0.10879300125373881,,,,0.05099457338629264,0.0386664733584747,,0.048794511132801574,,,,0.1471877490807851,,,,0.008837931659486245,0.04072718086448851,,,0.10547636492041959,,,0.01195697565559056,0.05510043852792486,,,0.1427006200302477,,,2.922299761149689e-05,,0.05486355899275477,,3.9536249485364465e-05,,0.07422576509191509,,0.04705845466989063,0.2710200389067488,0.06366611765702462,0.36666723982945787
continuum_wings,gap_limited,red,continuum;blue;core,135,948,ok,0.7690945060852276,1.9675070256517302,0.609102028070064,0.08072882896390293,0.1300027140765624,0.5583629630447622,0.1049660715622859,0.16903347124177232,0.7260004571959418,0.040571629086361014,0.03460094435765231,,0.0418964402229934,,,,0.10658137996425653,,,,0.05275246249368611,0.044989197145321944,,0.054475022109117276,,,,0.13858034236490263,,,,0.005556255519889605,0.03709495908738636,,,0.1032252205980317,,,0.007224411923277847,0.04823199072920652,,,0.1342165621796715,,,0.0021755915228329524,,0.06343631794729057,,0.002828770073923611,,0.08248182433416167,,0.048835723243349664,0.28512004453518336,0.06349768832952489,0.37072172831720585
continuum_wings,gap_limited,red,continuum;blue;core,136,945,ok,0.7800312065643231,1.9665747313326811,0.6033554209070644,0.08602629616545657,0.13345347401651897,0.5605514363823476,0.11028571093246722,0.17108735252313792,0.7186269365443949,0.04014548126947136,0.04180439749820978,,0.04508089342223866,,,,0.1496565133193817,,,,0.05146650663669425,0.053593237227442254,,0.057793704973419145,,,,0.19185964876783515,,,,0.004076417397775424,0.03357250737321992,,,0.07703155146297821,,,0.005225967068330712,0.043039954159130756,,,0.09875444830248085,,,0.0029562555772126137,,0.051981829762661316,,0.0037899196241565165,,0.0666407053015446,,0.05184381764384778,0.28188154183732633,0.06646377376643152,0.3613721341725342
continuum_wings,gap_limited,red,continuum;blue;core,137,942,ok,0.787024304258292,1.9655890993341936,0.5995987642967645,0.09578765749844502,0.13081648710836086,0.5604201596514862,0.12170863972074826,0.16621657857395528,0.7120747817052966,0.040707461757790254,0.05114357073073778,,0.04352852961961682,,,,0.12680005060344965,,,,0.05172325878316275,0.06498347059172022,,0.055307732409406354,,,,0.16111325904089918,,,,0.003936625009916983,0.03135393063552877,,,0.07955880463631759,,,0.005001910345865291,0.039838579909012295,,,0.10108811660053556,,,0.0027138408040538443,,0.07480834118127334,,0.003448229983966536,,0.09505213597154955,,0.05322018604916144,0.2792529632304455,0.0676220362715701,0.35482127009231224
continuum_wings,gap_limited,red,continuum;blue;core,138,939,ok,0.7842917703968103,1.964681729402291,0.6008046704667321,0.1183350920553452,0.12231581532810408,0.5436408630133611,0.15088146595682608,0.15595703020856475,0.6931615038346093,0.04656390990940483,0.06675419384136097,,0.041146373923054716,,,,0.14040912504223335,,,,0.05937064708182,0.08511397972158609,,0.05246309533789551,,,,0.17902664587592668,,,,0.005016988304579406,0.024368333685643718,,,0.0794939561741993,,,0.006396839153420001,0.031070495197615837,,,0.10135763140033911,,,0.0013631908692840293,,0.06467776565657099,,0.0017381170130018407,,0.08246645967462779,,0.055437916850121616,0.25906001614035745,0.07068532266005156,0.33031076688371563
continuum_wings,gap_limited,red,continuum;blue;core,139,936,ok,0.7837606252896467,1.9637380277586185,0.6008833081548335,0.11799482302813064,0.12189600941277032,0.5438697928487457,0.1505495673306176,0.1555270901338306,0.6939233425355517,0.04820503370590799,0.06446755010483422,,0.040376409923919006,,,,0.1422655280422726,,,,0.06150479132336271,0.08225413222437601,,0.051516252055909914,,,,0.1815165542281445,,,,0.0053222392173884175,0.024462715956824962,,,0.0865044321662155,,,0.006790643782878899,0.031211973614755802,,,0.11037098493465006,,,0.0016238384613242777,,0.055020780243396024,,0.002071855116125758,,0.07020100074951141,,0.05543304507070206,0.2600790523968615,0.07072700934703911,0.33183480262324566
continuum_wings,gap_limited,red,continuum;blue;core,140,933,ok,0.7831176486413693,1.9630368534152942,0.6010682900431421,0.1196807815082159,0.12019574990504424,0.5432411172281091,0.15282605584978204,0.15348364337538786,0.69369030077483,0.04779195941783278,0.06507055509722166,,0.03899479146150921,,,,0.1479346778894898,,,,0.061027815553316975,0.0830916723816818,,0.049794295313304794,,,,0.18890479373838867,,,,0.0068182669931614575,0.024898713054989245,,,0.09068524053168786,,,0.008706567914783261,0.031794345457781495,,,0.11580027686646785,,,0.00017959428640623842,,0.04522845190865236,,0.00022933244668641616,,0.05775435145296392,,0.056122651102139556,0.2593927468982791,0.07166567015761519,0.33123087871700957
continuum_wings,gap_limited,red,continuum;blue;core,141,930,ok,0.7893901391481173,1.9624422320870032,0.5977511458726883,0.11392083313658555,0.12108191290899345,0.5543873931025383,0.14431499392622893,0.1533866549684303,0.7022983511053408,0.04141503435055839,0.065968290728909,,0.04092596290293199,,,,0.11158727304666387,,,,0.05246459551072183,0.08356867847386555,,0.05184503944665167,,,,0.14135883831420168,,,,0.006537508057118158,0.02450603909460893,,,0.0962775507142981,,,0.008281719941641546,0.031044268073901968,,,0.12196447097527405,,,0.0,,0.08387636399631397,,0.0,,0.10625463865919386,,0.055649910911452535,0.2626462053452624,0.07049734744787667,0.33272040315667123
continuum_wings,gap_limited,red,continuum;blue;core,142,927,ok,0.8093824166901256,1.9629609813003346,0.587672692223417,0.11044966601895279,0.12889802881260798,0.5700347218585647,0.1364616573592292,0.1592547924869944,0.7042835501537763,0.04282412508930959,0.06073000704359213,,0.04473788725650368,,,,0.11815707770873277,,,,0.05290963110421132,0.07503252577680199,,0.05527410323472806,,,,0.14598424091287068,,,,0.006895533886051064,0.026227523561506948,,,0.09826669874041508,,,0.008519500478215898,0.03240436537868135,,,0.12140948050522918,,,0.0,,0.08650222196403771,,0.0,,0.10687435281554349,,0.057932617994597355,0.26710872344537917,0.071576323873585,0.330015475920133
continuum_wings,gap_limited,red,continuum;blue;core,143,924,ok,0.8353206673668523,1.9628198991068102,0.5744282663188371,0.1049310424403842,0.1357074750421211,0.5946821498843469,0.1256176777849327,0.16246153165335453,0.7119207905617126,0.042109792900063,0.056252818982963075,,0.0506800123440294,,,,0.11121827256813446,,,,0.050411530020924786,0.06734278365251822,,0.060671325784127865,,,,0.13314440419476672,,,,0.006568430557358121,0.027913019541086454,,,0.10691983494971127,,,0.007863364111489687,0.03341593310396059,,,0.12799855088794865,,,0.0,,0.09412784085372342,,0.0,,0.11268467850848084,,0.05711444315700527,0.28241620151277774,0.0683742727652661,0.33809315697051645
continuum_wings,gap_limited,red,continuum;blue;core,144,921,ok,0.8416236844095614,1.962582255963355,0.5711651413069783,0.09326422163515724,0.14269882440532827,0.6056606383690758,0.1108146352851114,0.16955181638624894,0.7196335483286396,0.042882226737264106,0.04335745437188448,,0.053861718966666965,,,,0.14434272204336893,,,,0.05095178228895496,0.05151643801742791,,0.06399738976506286,,,,0.17150506184320624,,,,0.0070245405260086465,0.03211188118330121,,,0.1180101813071756,,,0.008346414978728518,0.03815467860297825,,,0.14021727702442843,,,0.0,,0.05479559035992742,,0.0,,0.06510699660070653,,0.05672522425536011,0.28851214465860386,0.06739974801820783,0.3428042128602984
continuum_wings,gap_limited,red,continuum;blue;core,145,918,ok,0.829663316424514,1.9620075633147684,0.5771355157149684,0.08043949153358185,0.14572576446137486,0.6034980604295572,0.09695437889220036,0.17564445911552312,0.7274011619922764,0.03890269715699178,0.034490924603169944,,0.056513453191157643,,,,0.10628388224900932,,,,0.046889739954570235,0.04157219431107397,,0.06811612864204472,,,,0.1281048349914353,,,,0.007045869773420121,0.032604513020958376,,,0.12383777601480356,,,0.008492444626556152,0.03929848695910718,,,0.1492626871204698,,,0.0,,0.09449660233423576,,0.0,,0.11389752983351703,,0.05660779824925885,0.27887979983150857,0.06822984351437122,0.33613611004685434
continuum_wings,gap_limited,red,continuum;blue;core,146,915,ok,0.83057813631649,1.9618122858809508,0.5766271104049914,0.0645666926177256,0.15316000962030415,0.6128514340784602,0.07773704820123341,0.18440168711826393,0.7378612646805026,0.03648347731739922,0.02133184508433397,,0.05963066138879322,,,,0.11095752307056417,,,,0.04392540053991653,0.025683128596351006,,0.07179416214017832,,,,0.13359071015599674,,,,0.006751370215992413,0.03482958386157128,,,0.12003571135440261,,,0.008128519064965874,0.04193414483077548,,,0.14452067313828648,,,0.0,,0.09701727636190445,,0.0,,0.11680692293703265,,0.05869976436993965,0.284840923291589,0.0706733801473101,0.34294295844918676
continuum_wings,gap_limited,red,continuum;blue;core,147,912,ok,0.8468690304221888,1.961941844701458,0.5683516141371813,0.051083931094499144,0.1594796276403954,0.6363054716872942,0.060320934240601906,0.18831675490706062,0.7513623108523375,0.03287585849857039,0.011347759652862034,,0.06353458201919535,,,,0.11294613039051452,,,,0.03882047556064344,0.01339966304731305,,0.07502291350472637,,,,0.13336906455796074,,,,0.006860312943066722,0.037109938378070216,,,0.11962135600726,,,0.008100795632645413,0.043820162321403865,,,0.14125130534957134,,,0.0,,0.10204871525866559,,0.0,,0.12050117738724174,,0.058835107243129826,0.3016892700308541,0.0694736790809304,0.3562407635575636
continuum_wings,gap_limited,red,continuum;blue;core,148,909,ok,0.8629436747422592,1.9620676831078405,0.5601865918430996,0.04350711622023982,0.16593868516651405,0.6534978733555054,0.05041709846617088,0.19229376148573776,0.7572891400480914,0.03366666713724384,0.0005974447920423981,,0.06584450545760093,,,,0.10930829914198263,,,,0.039013748084194805,0.0006923334738166319,,0.07630220532906405,,,,0.12666910059295636,,,,0.00924300429095358,0.04213717421083529,,,0.11438425983814167,,,0.010711016908159442,0.04882957653455269,,,0.1325512466063391,,,0.0,,0.11583989459505417,,0.0,,0.13423807136619062,,0.057957005498077835,0.3139654197803269,0.06716197962212102,0.36383072148260537
continuum_wings,gap_limited,red,continuum;blue;core,149,906,ok,0.8607418224579987,1.9625809754237387,0.5614235370481605,0.056841626047247976,0.16489716441248492,0.6390030319982658,0.06603795071201116,0.191575638722413,0.7423864105655759,0.03647651731260947,0.0,,0.06559470672853238,,,,0.09656101318194674,,,,0.042378000418806655,0.0,,0.07620717968741804,,,,0.11218348018247781,,,,0.020365108734638506,0.04403859635922128,,,0.09811609688938469,,,0.023659950293204505,0.05116353732349309,,,0.11399015863920384,,,0.0,,0.13032273920094936,,0.0,,0.1514074671412968,,0.05526386132473125,0.31400318272598504,0.06420492171150188,0.3648053046025974
continuum_wings,gap_limited,red,continuum;blue;core,150,903,ok,0.8624623971258897,1.963048071707751,0.560651412690312,0.07182347515210313,0.16124584804066955,0.629393073933117,0.08327722506100099,0.18695985886226785,0.7297629160767312,0.04087661753954386,0.0,,0.06537856468964798,,,,0.09557001146773585,,,,0.04739524607190183,0.0,,0.07580453931385135,,,,0.11081064146821688,,,,0.030946857612559275,0.043457374612067466,,,0.08152564735491556,,,0.035881978989099166,0.0503875586424253,,,0.09452661081410096,,,0.0,,0.13648383223124094,,0.0,,0.158249023593453,,0.0524099087389541,0.3158135828792246,0.0607677609059912,0.36617664020096025
continuum_wings,gap_limited,red,continuum;blue;core,151,900,ok,0.8489390719983545,1.9626204233788145,0.5674461236183648,0.08017895263848643,0.15898725451209428,0.6097728648477738,0.09444606248331781,0.18727757945908566,0.7182763580575966,0.04785645502525327,0.0,,0.06441747015513391,,,,0.07959147906239807,,,,0.05637207263013809,0.0,,0.07587996863367218,,,,0.09375405336809887,,,,0.032322497613233164,0.044938582057136085,,,0.06119561085308064,,,0.03807398985317973,0.05293499090736065,,,0.07208480899463095,,,0.002391329025717156,,0.15070042967893915,,0.0028168441111893964,,0.1775161900891178,,0.047239873274107114,0.3182853452533559,0.05564577580686342,0.3749213056057488
continuum_wings,gap_limited,red,continuum;blue;core,152,897,ok,0.8509142427712005,1.9621824627297022,0.5663429579391086,0.08964383780921495,0.15726741187743534,0.6040029930845502,0.1053500262462042,0.18482169409370486,0.7098282796600909,0.054018441197612926,0.0,,0.06405152721407308,,,,0.09261747976769362,,,,0.06348282644992435,0.0,,0.07527377495230818,,,,0.10884466978254262,,,,0.035625396611602016,0.045084951717986564,,,0.05543802795906074,,,0.041867199796279835,0.05298413101084889,,,0.06515113412429657,,,0.004824128015367769,,0.12923572484964257,,0.005669346889360874,,0.15187867161414095,,0.043306804930007936,0.32671176050815326,0.05089444124118693,0.38395380413911073
continuum_wings,gap_limited,red,continuum;blue;core,153,894,ok,0.8564431769141289,1.9617340183096934,0.5634254343756616,0.09769753986994861,0.15594189292197044,0.6028037441222097,0.11407358071549473,0.18208083983323733,0.7038455794512678,0.05978674984443057,0.0,,0.06545803809253513,,,,0.1228756374358651,,,,0.06980819213231361,0.0,,0.07643010050986519,,,,0.14347202563817635,,,,0.03791079002551805,0.040968827530560026,,,0.055281471374734964,,,0.044265388583181124,0.047836013684148665,,,0.06454773984413183,,,0.006949459580469314,,0.08981887393557536,,0.008114326516686232,,0.10487429447357374,,0.04256556771840597,0.3348277613760343,0.04970039912253724,0.3909515194953859
continuum_wings,gap_limited,red,continuum;blue;core,154,891,ok,0.855993271326547,1.962142589661138,0.5637456340651101,0.10207517643486541,0.1534897670889419,0.6004283278027398,0.11924763880056885,0.1793118850701668,0.7014404761292645,0.06035473281960035,0.0,,0.0654192686064809,,,,0.11284253769310693,,,,0.07050841968192999,0.0,,0.07642497995936295,,,,0.13182643073611194,,,,0.04172044361526507,0.03891362806024003,,,0.05119454362983307,,,0.04873921911863887,0.04546020320923193,,,0.05980717996824442,,,0.007325497615457027,,0.09763735924149877,,0.008557891587283836,,0.11406323216792176,,0.04183137280676398,0.33875388723830097,0.04886881031428811,0.39574363325698625
continuum_wings,gap_limited,red,continuum;blue;core,155,889,ok,0.8736431463921481,1.9629728478132566,0.5549387515139096,0.10657847149074665,0.15166673248811116,0.6153979424132903,0.12199314094190497,0.1736026123646064,0.7044042466934886,0.06026886224375555,0.0,,0.06593505942304881,,,,0.10692990514873732,,,,0.06898567509245125,0.0,,0.07547138633816151,,,,0.12239540319216353,,,,0.046309609246991096,0.036575570652600704,,,0.06290538378658171,,,0.053007465849453726,0.041865572692518095,,,0.07200352231498611,,,0.007457085106060618,,0.09513703177572129,,0.008535619076113476,,0.10889690163381374,,0.04169901730640102,0.35042562170224995,0.04773003425781329,0.4011084195525252
continuum_wings,gap_limited,red,continuum;blue;core,156,886,ok,0.8496176090282549,1.963352541536701,0.5672618182146827,0.11006658833058172,0.14476635579842734,0.5947846648992459,0.12954838407418337,0.17039001341321422,0.7000616025126024,0.05861700008073717,0.0,,0.06469982088967287,,,,0.1228503204130226,,,,0.06899221421243848,0.0,,0.07615169483560129,,,,0.1445948378512681,,,,0.051449588249844545,0.03156610266174946,,,0.05431650059982063,,,0.06055616986174487,0.03715330558867889,,,0.06393052594795534,,,0.007173798779625606,,0.07558433352037584,,0.008443561789909928,,0.08896276715218389,,0.04132663346737939,0.34203351036602686,0.048641451199024084,0.4025734715611952
continuum_wings,gap_limited,red,continuum;blue;core,157,883,ok,0.8382211061793725,1.96371958597553,0.5731462311800065,0.11084190624967005,0.14022944675676577,0.5871497531729366,0.1322346877602373,0.16729410142860063,0.7004712108111619,0.05604253545784878,0.0,,0.06501190150603174,,,,0.052371268583903285,,,,0.06685889324988689,0.0,,0.07755937070393897,,,,0.06247906214460825,,,,0.05479937079182128,0.026400930320788277,,,0.09708350542935393,,,0.06537579451035043,0.031496379804994666,,,0.11582087913756116,,,0.007022658824790816,,0.09783852376106543,,0.008378050579995803,,0.11672161800722873,,0.041793956105154934,0.339856455398614,0.0498603003396712,0.4054496515217638
continuum_wings,gap_limited,red,continuum;blue;core,158,880,ok,0.8207968374017961,1.9642785565008967,0.5821382691954542,0.10477040050476552,0.13787185532919732,0.5781545815678333,0.12764474195150727,0.16797318050789023,0.7043820775406026,0.048620951740261424,0.0,,0.0675126625470619,,,,0.03613384168746634,,,,0.05923628055654961,0.0,,0.08225258610982333,,,,0.04402288123069134,,,,0.056149448764504103,0.020502952239026227,,,0.12707809027489714,,,0.06840846139495765,0.02497932655774797,,,0.15482283128326665,,,0.007336023167564583,,0.08085406060443437,,0.008937684495455064,,0.09850678867181688,,0.042520217375544636,0.3340885890010355,0.05180358334486389,0.4070295763548277
continuum_wings,gap_limited,red,continuum;blue;core,159,878,ok,0.8117710608928017,1.9652255646018113,0.5869323727949739,0.09825579649705993,0.13572512176712226,0.5777901426286195,0.1210388017392444,0.16719630485207135,0.7117648934086842,0.04127875120730391,0.0,,0.06933601246335563,,,,0.08151952928607642,,,,0.05085023745722684,0.0,,0.08541325972756227,,,,0.10042182237491891,,,,0.056977045289756015,0.015323771130411433,,,0.09587498424711238,,,0.07018856428201757,0.018876961582688166,,,0.11810594004381876,,,0.0077717405045098125,,0.0678312622158658,,0.009573808280332512,,0.08355959639810719,,0.0432935976688454,0.3325643668795649,0.05333227526148845,0.40967753459183937
continuum_wings,gap_limited,red,continuum;blue;core,160,876,ok,0.8166987973796732,1.9651358300476458,0.5844059301693171,0.09508718969119137,0.13314416949295255,0.5884674381955295,0.11642871275955426,0.1630272628295,0.720544024410946,0.040016829792774336,0.0,,0.07091404809904127,,,,0.07614102415489721,,,,0.048998271971460984,0.0,,0.086830112064037,,,,0.09323023910307068,,,,0.055070359898417034,0.010137442900899633,,,0.0911743222964774,,,0.06743044078809327,0.012412707026660235,,,0.11163763506081371,,,0.007301833654064896,,0.08408268498519912,,0.008940669041625101,,0.10295433917005037,,0.04479084483894673,0.3370694067589557,0.05484377469717764,0.41272181107701117
continuum_wings,gap_limited,red,continuum;blue;core,161,874,ok,0.8366822492526862,1.9650375638252413,0.5742156462271999,0.10077904510192301,0.1321086336786249,0.6037945704721381,0.12045079860596726,0.1578958246056046,0.7216533767884279,0.04477526952370325,0.0,,0.07083819151448546,,,,0.05132897918559748,,,,0.05351526169426439,0.0,,0.08466558430964351,,,,0.061348234926035375,,,,0.056003775578219755,0.003508284874360141,,,0.11830571765103395,,,0.06693553691170287,0.004193091077877768,,,0.14139862266314732,,,0.008095495313264433,,0.08955685989976209,,0.009675710606380408,,0.10703807805143843,,0.04966666197651487,0.3446030137357447,0.05936143861170294,0.4118684411478069
continuum_wings,gap_limited,red,continuum;blue;core,162,872,ok,0.833185711606012,1.965227550060328,0.5760360109034915,0.1118552705916219,0.12666044339141458,0.5946699976229755,0.13425010658909958,0.15201946172032824,0.7137304316905722,0.05402123196484818,0.0,,0.0668215727007385,,,,0.042912728199311016,,,,0.06483696397135669,0.0,,0.08020009437264136,,,,0.051504397640946505,,,,0.05783403862677372,0.000496176804218785,,,0.10627834414855257,,,0.06941314261774291,0.0005955176586770511,,,0.12755660913062844,,,0.00807028796746168,,0.10713245859549947,,0.009686061408693328,,0.12858172806275767,,0.051272405918995616,0.3383464666796124,0.06153778828031651,0.4060876968562395
continuum_wings,gap_limited,red,continuum;blue;core,163,870,ok,0.8304657136626455,1.9653862449930088,0.5774541946763629,0.11597148104582333,0.12505901456051444,0.5894352180563078,0.13964632029701546,0.1505890159016442,0.7097646638013404,0.060352424215765525,0.0,,0.06412847871784776,,,,0.03765534558500481,,,,0.07267298724421763,0.0,,0.07721989922379653,,,,0.04534244456514828,,,,0.0556190568300578,0.0,,,0.09841311818632636,,,0.06697333305279783,0.0,,,0.11850352948623241,,,0.010333957831100296,,0.12122865974217084,,0.012443569506950396,,0.14597671854206945,,0.050596578011566404,0.33213809454280574,0.0609255471708973,0.39994197120789016
continuum_wings,gap_limited,red,continuum;blue;core,164,868,ok,0.8232650083410064,1.9654352505473993,0.5811283998739508,0.12563590470427488,0.11961813669038299,0.5780109669463485,0.1526068804472192,0.14529724387464274,0.702095875678138,0.06699316938933234,0.0,,0.060428406063297066,,,,0.09455360760716443,,,,0.08137497489943475,0.0,,0.0734009164133779,,,,0.11485196947420748,,,,0.058642735314942546,0.0037473566384717883,,,0.05510417409621897,,,0.07123190554778445,0.004551823046655698,,,0.06693370122369412,,,0.0064849920085070945,,0.09027466460934727,,0.007877162205126702,,0.10965444139459211,,0.04895738198010704,0.3380785206336178,0.05946734220948244,0.4106557635856443
continuum_wings,gap_limited,red,continuum;blue;core,165,866,ok,0.8148821212430758,1.9654513424699347,0.5853969499855647,0.13527981132801015,0.11664696389704973,0.5629553460180159,0.16601150988764518,0.14314581318719896,0.6908426769251559,0.07725423353217489,0.0,,0.05798578181252852,,,,0.057898558490584985,,,,0.09480418273789847,0.0,,0.0711584906588368,,,,0.07105145269632698,,,,0.05802557779583525,0.009845249642969551,,,0.04712495719258391,,,0.07120732714974669,0.012081808382236867,,,0.057830397752126825,,,0.005542137078416749,,0.12536433810247172,,0.006801151889260255,,0.1538435251361664,,0.043273795363134915,0.33256749223237525,0.05310436225686504,0.40811730134053564
continuum_wings,gap_limited,red,continuum;blue;core,166,864,ok,0.8148633200805414,1.9654340987540055,0.5854028783783426,0.14157780285739058,0.11600306278248043,0.5572824544406703,0.17374423338063244,0.14235892072183914,0.6838968458975282,0.08320292273612262,0.0,,0.05830477590267383,,,,0.09271014939123512,,,,0.10210659958028152,0.0,,0.07155160192621134,,,,0.11377386502324294,,,,0.058374880121267944,0.01381104332130296,,,0.04198649614166265,,,0.0716376338003509,0.0169489078486658,,,0.05152581433842511,,,0.003959654005896265,,0.09246090967941675,,0.004859286101508277,,0.11346799813038325,,0.03992758955260738,0.3301248992283558,0.04899912484545375,0.405129168405477
continuum_wings,gap_limited,red,continuum;blue;core,167,862,ok,0.8239941378553945,1.965383090000725,0.5807462972244182,0.14923567264479926,0.11425201874550998,0.5605064464650854,0.18111254169018023,0.13865634899159981,0.6802311093182201,0.08939089997854946,0.0,,0.05720591141212401,,,,0.08712976449593723,,,,0.10848487370457115,0.0,,0.0694251436800431,,,,0.10574075772275449,,,,0.05984477266624981,0.014677166123044875,,,0.03961424021704648,,,0.0726276679856091,0.01781222153017382,,,0.0480758762679432,,,0.0030105318324778092,,0.09705753221849844,,0.0036535840416453756,,0.11778910523697365,,0.03935840937786329,0.3367049095336032,0.04776539973973751,0.4086253700905487
continuum_wings,gap_limited,red,continuum;blue;core,168,861,ok,0.8323650582493405,1.9659173641253733,0.5766022146004179,0.16530425093574022,0.11370280190232,0.5533580054112801,0.1985958556254319,0.1366020843564286,0.6648020600181394,0.09338781463355703,0.0,,0.058562525253777836,,,,0.07858755359542077,,,,0.11219574116911343,0.0,,0.07035677996496946,,,,0.09441476767502577,,,,0.0719164363021832,0.014791899011395061,,,0.053688571489299695,,,0.08640011445631846,0.017770927389126476,,,0.0645012317098214,,,0.00032705663999817397,,0.08709027160589801,,0.00039292451882356886,,0.10462989855565218,,0.04002132099714893,0.3339916087206617,0.04808145248350908,0.4012561620776401
continuum_wings,gap_limited,red,continuum;blue;core,169,860,ok,0.8237184678698949,1.9664021245058136,0.5811037541078561,0.1680703688455617,0.11587502721982984,0.5397730718045034,0.2040386071228746,0.14067309613620577,0.6552882967409197,0.09288912496229056,0.0,,0.05943649985553913,,,,0.08367080097056859,,,,0.11276804950421757,0.0,,0.07215632788862886,,,,0.10157693949358468,,,,0.07518124388327116,0.01450425297120924,,,0.05605843310349321,,,0.09127055761865706,0.017608264882923767,,,0.06805533114785955,,,0.0,,0.08201678163484609,,0.0,,0.09956894841381718,,0.04193427439308147,0.3180270560955955,0.050908503364653135,0.38608707768565825
continuum_wings,gap_limited,red,continuum;blue;core,170,859,ok,0.8313205032413078,1.9668041460365238,0.5773242064206033,0.17057642299507336,0.11910106662119928,0.5416430136250351,0.20518731623964298,0.14326732729052846,0.6515453564698285,0.09452613741727196,0.0,,0.06053647480101839,,,,0.0862282279444122,,,,0.11370600995490401,0.0,,0.07281965808011166,,,,0.10372440906751304,,,,0.0760502855778014,0.016585453003656745,,,0.059207463984901766,,,0.09148130628473895,0.019950732526131956,,,0.07122098366881682,,,0.0,,0.08553275603838645,,0.0,,0.10288782209135387,,0.04197913881652414,0.31067456565733464,0.05049693668428485,0.3737121416421447
continuum_wings,gap_limited,red,continuum;blue;core,171,858,ok,0.8279122251958101,1.9671231403274612,0.5791253693157624,0.1763312719917726,0.12151576246955142,0.5300651907344862,0.21298305137367474,0.14677372645489278,0.6402432221714326,0.0967537623005609,0.0,,0.06082082014088422,,,,0.09062331695679449,,,,0.11686475855297052,0.0,,0.07346288445795017,,,,0.1094600540961466,,,,0.07957750969121169,0.01972546072333638,,,0.05863323138396796,,,0.09611829282070422,0.023825545900920956,,,0.07082058894600883,,,0.0,,0.07564331207927896,,0.0,,0.09136634268371688,,0.04096948160533083,0.30516533031444476,0.04948529609602166,0.3685962364455603
continuum_wings,gap_limited,red,continuum;blue;core,172,857,ok,0.831961582557062,1.9673587951370146,0.5771175117556278,0.1732638056057563,0.1258274366458689,0.5328703403054369,0.20825938269075375,0.15124188338016045,0.640498733929086,0.09458289152374333,0.0,,0.06414927616855887,,,,0.1022123412735708,,,,0.11368660946222976,0.0,,0.07710605575247105,,,,0.12285704462388483,,,,0.07868091408201297,0.019217382032781515,,,0.03626443227197375,,,0.094572773228524,0.023098881529741124,,,0.04358907073631188,,,0.0,,0.09045177251018174,,0.0,,0.10872109290452471,,0.042460778444528516,0.3039417942497105,0.051036946097948274,0.3653315256643644
continuum_wings,gap_limited,red,continuum;blue;core,173,856,ok,0.8480073127206835,1.9675107742306694,0.5689948315265533,0.16371054795231163,0.1302047406268443,0.5540920241415276,0.19305322666036323,0.15354200214277058,0.6534047711968662,0.08830955343711677,0.0,,0.06630154397075588,,,,0.09301130448625272,,,,0.1041377263054383,0.0,,0.07818510875577116,,,,0.10968219623937225,,,,0.07540099451519486,0.017511056772683446,,,0.04229643846510731,,,0.08891550035492492,0.02064965302775783,,,0.04987744543075527,,,0.0,,0.10833434855866753,,0.0,,0.127751667861325,,0.04639213988340499,0.3104499326315,0.0547072403592416,0.3660934616654137
continuum_wings,gap_limited,red,continuum;blue;core,174,855,ok,0.8390821969524939,1.9675787172009862,0.5735458055034905,0.16011157481739544,0.13493301514199516,0.5440376069931034,0.19081750917718546,0.16081024675778532,0.6483722440650295,0.08772952788331033,0.0,,0.068392158328467,,,,0.09892355153545157,,,,0.10455415238452175,0.0,,0.0815082939154996,,,,0.11789494747324773,,,,0.0723820469340851,0.016878443908589863,,,0.03774139639148753,,,0.08626335679266371,0.02011536410841698,,,0.04497937928913576,,,0.00017463157760700448,,0.10712135901887837,,0.00020812213420956608,,0.12766491698660512,,0.04948778132733129,0.3002513000472859,0.05897846659965916,0.35783300031604076
continuum_wings,gap_limited,red,continuum;blue;core,175,854,ok,0.8161349067651132,1.9675622392484233,0.5852050367276851,0.14588742790820153,0.14574403172087413,0.5245034471360376,0.17875405977481182,0.17857835820128673,0.6426675820239015,0.08336678938715575,0.0,,0.07022319381909807,,,,0.09934872235203153,,,,0.10214829520966566,0.0,,0.08604361023772332,,,,0.12173075986397489,,,,0.0625206385210458,0.019477339083137094,,,0.04126834217836941,,,0.07660576456514617,0.02386534250855508,,,0.050565588895031294,,,0.006591054299845238,,0.10364375488442334,,0.008075937256464107,,0.12699341006652032,,0.049452444518793735,0.2802426277212133,0.06059346819854421,0.34337782319837495
continuum_wings,gap_limited,red,continuum;blue;core,176,853,ok,0.8272320191869398,1.9674609309223574,0.5795433565234474,0.13124800919430235,0.15852103778265644,0.5374629722099811,0.15865924692240743,0.19162826644266232,0.6497124866349303,0.07767089896064923,0.0,,0.0718188736309415,,,,0.1031813249001792,,,,0.09389252006588128,0.0,,0.08681829518824719,,,,0.12473081615190967,,,,0.05357711023365312,0.022383812715083894,,,0.04503147128841893,,,0.06476672685652614,0.027058687521651106,,,0.054436325292000834,,,0.013302463221339683,,0.10464004039115009,,0.0160806918890957,,0.12649418538464877,,0.05101588821529136,0.28461013563023285,0.06167059184366832,0.3440511598063711
continuum_wings,gap_limited,red,continuum;blue;core,177,852,ok,0.8330752832301217,1.96752530561566,0.5765872586988806,0.12683383354895117,0.16035877266909707,0.5458826770120735,0.15224774531441196,0.19249013372156537,0.6552621209640227,0.07883314953460825,0.0,,0.07292015394983599,,,,0.1033734783092504,,,,0.09462908229487352,0.0,,0.08753128968980962,,,,0.12408659864260475,,,,0.04800068401434293,0.023051772552720395,,,0.053747546461239804,,,0.05761866301953845,0.027670695574283134,,,0.0645170341062598,,,0.011754520701575163,,0.09723220867139881,,0.014109794082473329,,0.11671479232272482,,0.05263232546496552,0.29152944357018457,0.06317835437499927,0.34994369589243346
continuum_wings,gap_limited,red,continuum;blue;core,178,851,ok,0.8335048853664083,1.9675651113958548,0.5763774827380324,0.12384687825626317,0.16282961707426044,0.5468283900358846,0.14858566569987186,0.1953553241654734,0.6560590101346546,0.08197688379971935,0.0,,0.07308864710753493,,,,0.09839147941267175,,,,0.09835201357420041,0.0,,0.08768832479656696,,,,0.11804547416589994,,,,0.04186999445654383,0.02381338543482921,,,0.06409047660285888,,,0.05023365212567147,0.028570180994633113,,,0.07689274259584543,,,0.010685285609068815,,0.08759055299173034,,0.01281970363541609,,0.1050870301176766,,0.05524229892282748,0.29675588102862366,0.06627711473885722,0.35603376325523267
continuum_wings,gap_limited,red,continuum;blue;core,179,850,ok,0.8528524754200096,1.967851964906818,0.5666074020662826,0.12884509388249846,0.1651256750459258,0.5588817064915854,0.15107547623526016,0.19361575396097117,0.6553087698037687,0.08863350814485564,0.0,,0.0766709129609168,,,,0.08912337329015581,,,,0.10392595519079163,0.0,,0.08989938491197812,,,,0.1045003395766245,,,,0.04021158573764281,0.024788902931393502,,,0.07402083038810349,,,0.04714952104446851,0.029065874398952238,,,0.0867920684074347,,,0.007809703257825294,,0.08813141353916791,,0.009157156111881132,,0.10333723132569356,,0.0558561558957902,0.3076060892741582,0.06549333853815968,0.360679130494016
continuum_wings,gap_limited,red,continuum;blue;core,180,849,ok,0.8546218052472465,1.9689611528200839,0.5659529371500663,0.1202583435458169,0.16601056304840472,0.5683528986530249,0.14071527640349119,0.1942503245635969,0.6650343990329118,0.0843669502114237,0.0,,0.0769946196462783,,,,0.09824464044343142,,,,0.09871846200673044,0.0,,0.09009203740595333,,,,0.11495686143300397,,,,0.0358913933343932,0.022977491507150713,,,0.07645534662973799,,,0.04199681439676072,0.02688615170602066,,,0.08946102961604059,,,0.009790331188688885,,0.0754819927423332,,0.01145574700829976,,0.08832210023063462,,0.05624812070628682,0.31817091883752224,0.06581638844332312,0.37229440775323275
continuum_wings,gap_limited,red,continuum;blue;core,181,848,ok,0.8645725073235508,1.9702277226802474,0.561181432292842,0.12259198718839301,0.16455038833640628,0.5774301317987516,0.14179491731456959,0.1903257239185218,0.6678793587669086,0.08632619461175792,0.0,,0.07776643507842432,,,,0.10054860581142976,,,,0.09984841511904782,0.0,,0.08994784638614656,,,,0.1162986388761044,,,,0.036265792576635085,0.021323009988390727,,,0.07717282205433969,,,0.04194650219552177,0.024663067363083487,,,0.08926124923083997,,,0.009095123213525689,,0.07787419104883991,,0.01051979230947486,,0.09007248135834707,,0.056365820056065545,0.32183451288414217,0.06519501785981686,0.37224698930161715
continuum_wings,gap_limited,red,continuum;blue;core,182,847,ok,0.8564229938924062,1.9711792955551235,0.5655276027789472,0.1196887064082872,0.16362184117778472,0.5731124463063343,0.1397541953705693,0.19105260174546504,0.6691932028839657,0.08626901240261231,0.0,,0.0767569058094498,,,,0.101126891670892,,,,0.10073177976051684,0.0,,0.08962499414056238,,,,0.11808054243297997,,,,0.03341969400567489,0.019825714458104618,,,0.07435149704808333,,,0.03902241561005246,0.023149442039146553,,,0.08681632508505982,,,0.009384052520613622,,0.08113645595701592,,0.010957263627361873,,0.09473876406360153,,0.057655168389616665,0.316497601630343,0.06732090193839421,0.36955757130232436
continuum_wings,gap_limited,red,continuum;blue;core,183,846,ok,0.8482177642200084,1.972245650551276,0.5699228623052839,0.11752346177972393,0.16235120999023134,0.5683430924500532,0.13855340778885294,0.1914027468400451,0.6700438453711021,0.08762480214519806,0.0,,0.0743956957668689,,,,0.08386211096213075,,,,0.10330460624787173,0.0,,0.08770825005684785,,,,0.09886860957132564,,,,0.02989865963452587,0.02047924788334631,,,0.07684147283237121,,,0.035248801540981214,0.02414385638595805,,,0.09059168066708902,,,0.009985795825428617,,0.08555347469907602,,0.011772679430512998,,0.1008626302206109,,0.05749047051458751,0.3220860339564752,0.06777796096672623,0.37972092491207654
continuum_wings,gap_limited,red,continuum;blue;core,184,845,ok,0.8299901581916381,1.9730361923685322,0.5793335360993971,0.10935238929011816,0.16073200267144383,0.5599057662300763,0.13175142887040062,0.1936553115541065,0.674593259575493,0.08919485675047319,0.0,,0.06871686811358325,,,,0.09796928691427892,,,,0.10746495710841766,0.0,,0.08279238908483187,,,,0.11803668507073863,,,,0.020157532539644973,0.021183661024987963,,,0.05664214577562494,,,0.024286471761982942,0.02552278580163215,,,0.06824435834159219,,,0.01113402183521938,,0.09374768392208195,,0.013414643204297638,,0.11295035609378437,,0.05969745169765321,0.3115466496180904,0.07192549346334483,0.37536186006937783
continuum_wings,gap_limited,red,continuum;blue;core,185,844,ok,0.8359701773467947,1.973749996398126,0.5764558941749006,0.10953843734056685,0.15723130013691455,0.5692004398693131,0.13103151321524453,0.18808242733722375,0.6808860594475316,0.09415588262184801,0.0,,0.062552341186122,,,,0.10912022441539043,,,,0.11263067173123366,0.0,,0.07482604389626776,,,,0.13053124067382,,,,0.015382554718718841,0.021941501788840342,,,0.05192375348302983,,,0.01840084148401089,0.02624675183806002,,,0.0621119686922632,,,0.009567343303680935,,0.088390703213907,,0.011444598818160961,,0.10573427809882137,,0.06317011385827129,0.3197657587569859,0.07556503278473502,0.382508571982627
continuum_wings,gap_limited,red,continuum;blue;core,186,843,ok,0.8401433062123387,1.9737647847755264,0.5743447685901294,0.10993847809097854,0.15344606059808255,0.5767587675232776,0.13085681606703484,0.18264272233492085,0.6865004615980443,0.099051439607672,0.0,,0.060928993775174474,,,,0.052849585572699836,,,,0.11789826673050662,0.0,,0.0725221439302585,,,,0.06290544146684254,,,,0.010887038483306537,0.02049234502970033,,,0.10054183562236481,,,0.012958549336528232,0.024391487592857253,,,0.11967224505500465,,,0.006667234912105815,,0.09478440192753239,,0.007935830545581626,,0.11281932644902426,,0.06535748688110193,0.3285829444006806,0.07779326026622346,0.3911034486271729
continuum_wings,gap_limited,red,continuum;blue;core,187,842,ok,0.8504481074364699,1.9744928027572706,0.5692827513735121,0.11021827762709749,0.1503454866752949,0.5898843431340774,0.1296002385840232,0.17678384531713007,0.6936159160988467,0.09590544571706697,0.0,,0.05937043649636903,,,,0.05559628360975759,,,,0.112770485204744,0.0,,0.06981076914302395,,,,0.06537292884023584,,,,0.014312831910030523,0.019659031063442124,,,0.10789146282756207,,,0.01682975337927919,0.023116085380801073,,,0.1268642517799027,,,0.004920045860162546,,0.09013970914785494,,0.005785239354571769,,0.10599083984038207,,0.06639597325532119,0.3362568875489029,0.07807175143873325,0.3953878956383261
continuum_wings,gap_limited,red,continuum;blue;core,188,841,ok,0.8579363185926435,1.9748630853554152,0.565571747755777,0.11330131939314153,0.14521552543581873,0.5994194737636833,0.13206262159294144,0.1692614268551189,0.6986759515519397,0.0967914554415957,0.0,,0.05615800198544159,,,,0.07186173225126158,,,,0.11281892763366418,0.0,,0.0654570750397454,,,,0.083761149509492,,,,0.016509863951545828,0.01987283487331542,,,0.09294092811559436,,,0.019243693959277264,0.02316353142144019,,,0.1083308004352286,,,0.0012611943362723158,,0.09377923067806507,,0.0014700325757757587,,0.10930791557105342,,0.0679234942407894,0.34083758271876224,0.07917078781815756,0.3972760860361656
continuum_wings,gap_limited,red,continuum;blue;core,189,840,ok,0.8500104982415635,1.975153327190397,0.5696483475282265,0.1154419232414007,0.14299760085523971,0.5915709741449229,0.13581234994181612,0.16823039380226737,0.6959572562559163,0.09586375021171001,0.0,,0.055631132122103126,,,,0.07229982900001157,,,,0.11277948967692232,0.0,,0.06544758239714514,,,,0.08505757181773627,,,,0.019578173029690695,0.020415568830868383,,,0.09558304902988125,,,0.023032860264893807,0.024018019628113473,,,0.1124492570710787,,,0.0,,0.09843488698685755,,0.0,,0.11580431911193108,,0.06695089990226823,0.3252532091281725,0.07876479177700876,0.38264610825517026
continuum_wings,gap_limited,red,continuum;blue;core,190,840,ok,0.8480785977630635,1.975631813050981,0.5707304406820032,0.11466641993955728,0.14104490107172454,0.5923672767517816,0.13520730300470668,0.16631111956338948,0.6984815774319038,0.0915035756991274,0.0,,0.053692852096215445,,,,0.0942535618514698,,,,0.10789515964732753,0.0,,0.06331117450415388,,,,0.11113776730137741,,,,0.023162844240429883,0.019829786951163338,,,0.10199557261115927,,,0.027312143357379155,0.02338201553896941,,,0.12026665085074441,,,0.0,,0.08167276403580781,,0.0,,0.09630329576908575,,0.06752226202434576,0.3144453782533448,0.07961792952026618,0.37077386351069624
continuum_wings,gap_limited,red,continuum;blue;core,191,840,ok,0.8288396094989352,1.9761739071328397,0.5805836690246469,0.11271395359051654,0.137488387731785,0.5786372681766339,0.13599006647215664,0.16588057104908624,0.6981293624787573,0.08792946761466788,0.0,,0.0499580307311483,,,,0.13805207433957603,,,,0.10608743429603293,0.0,,0.06027466612189277,,,,0.1665606623494185,,,,0.024784485975848657,0.020016065909207528,,,0.11040860332627846,,,0.029902632176123694,0.024149504535995805,,,0.1332086474402745,,,0.0,,0.03731595619601781,,0.0,,0.04502192676165261,,0.06751429109142916,0.2928606343147615,0.08145640039119763,0.3533381259274117
continuum_wings,gap_limited,red,continuum;blue;core,192,840,ok,0.8345607123930008,1.97677612035479,0.5778172835054458,0.11429897404267833,0.13457040269001738,0.5856913356603051,0.13695705099146113,0.161246989813543,0.7017959591949959,0.08722729918238936,0.0,,0.04362729367189992,,,,0.12452002405970125,,,,0.10451881796864813,0.0,,0.05227575780173499,,,,0.14920427263183203,,,,0.027071674860288962,0.020133464475225796,,,0.11461667522330413,,,0.03243823302281298,0.024124625298374697,,,0.13733773172074543,,,0.0,,0.058120324477937274,,0.0,,0.06964181708396547,,0.07080964454289167,0.2884343118993624,0.08484660671343332,0.34561213775845295
continuum_wings,gap_limited,red,continuum;blue;core,193,840,ok,0.8429338811570599,1.9772606891482418,0.5736860163238633,0.11220521663462486,0.13395222083776276,0.5967764436846723,0.1331127139896257,0.15891189550228088,0.7079753905080934,0.08512186586475051,0.0,,0.038967024002729896,,,,0.1063195610890866,,,,0.10098285021822506,0.0,,0.04622785354082754,,,,0.12613036854461968,,,,0.02708335076987435,0.02132355685911925,,,0.10604899660012723,,,0.03212986377140064,0.02529683209535877,,,0.12580938905262443,,,0.0015669154069828906,,0.0879941630879025,,0.0018588829349605116,,0.1043903502456404,,0.07209472456893071,0.29641372290755597,0.08552832693113403,0.35164528266520895
continuum_wings,gap_limited,red,continuum;blue;core,194,840,ok,0.8570730782689884,1.9777233760048294,0.5666365232531656,0.10782454146988976,0.13658912172489027,0.6126594150742083,0.12580554004526734,0.1593669491996602,0.7148275107550724,0.08086905987604164,0.0,,0.04055862011349583,,,,0.09294541416167669,,,,0.09435491783194391,0.0,,0.04732224257400685,,,,0.10844514489872496,,,,0.026955481593848134,0.023703066903839953,,,0.10287714390716718,,,0.031450622213323426,0.027655829479223074,,,0.12003310629584339,,,0.005417648501900469,,0.11267387404232969,,0.006321104511697385,,0.1314635553247042,,0.06690978620565402,0.30416298296303473,0.0780677726347329,0.35488570423579985
continuum_wings,gap_limited,red,continuum;blue;core,195,840,ok,0.8763027540251618,1.978008903621315,0.5569773460469323,0.1004828799502126,0.14374585131941875,0.6320740227555304,0.11466685399385082,0.16403674490254003,0.721296401103609,0.0757555391195814,0.0,,0.04042987667718785,,,,0.07953323236244961,,,,0.08644904831305161,0.0,,0.046136881906943046,,,,0.09075999361764636,,,,0.024727340830631196,0.028854078722646996,,,0.11734762209090921,,,0.028217805680799204,0.03292706611968321,,,0.1339121913652456,,,0.009450024644479535,,0.12302367891019984,,0.010783972321292273,,0.1403894696725641,,0.06501187127510437,0.31216948939197176,0.0741888245546215,0.35623474644815306
continuum_wings,gap_limited,red,continuum;blue;core,196,840,ok,0.8870871903249091,1.9781177129948675,0.5515498473638303,0.09353532696303793,0.15198460360998461,0.6415672597518864,0.10544096226750743,0.17132994960091572,0.7232290881315767,0.06883384461932315,0.0,,0.04025618651086862,,,,0.0702322620177167,,,,0.07759535406447671,0.0,,0.04538019142867363,,,,0.07917176889003782,,,,0.02470148234371477,0.033576251578888855,,,0.12826177100587152,,,0.027845608203030725,0.03785000160648362,,,0.1445875584776438,,,0.012576172045438715,,0.12789972722925372,,0.014176928922660354,,0.14417943199293465,,0.06557599347478844,0.31517349949904455,0.07392282764309813,0.35529032877096045
continuum_wings,gap_limited,red,continuum;blue;core,197,840,ok,0.9071724901232393,1.9785432069946585,0.5414947285881342,0.085903023814087,0.16053591068536707,0.6607335556237853,0.09469315345135419,0.17696293972005067,0.7283439068285952,0.0642634078141991,0.0,,0.04256799825668281,,,,0.12125715336263401,,,,0.07083923786695619,0.0,,0.04692381958242577,,,,0.13366493658351702,,,,0.021639615999887896,0.04007612589524978,,,0.09173959656343403,,,0.02385391558439802,0.04417696340175113,,,0.10112696048683224,,,0.014009344606577741,,0.12419560465854786,,0.015442867546253054,,0.13690406842217615,,0.06388244192685674,0.3235412010391694,0.07041928918962073,0.35664794133606975
continuum_wings,gap_limited,red,continuum;blue;core,198,840,ok,0.9220561603801201,1.9782278415785723,0.533897895378778,0.08436072369309879,0.1623033309939147,0.6753921056931066,0.0914919582103555,0.17602325971880575,0.7324847820708388,0.06005955755359088,0.0,,0.040166625718685234,,,,0.11152890315666021,,,,0.0651365503906304,0.0,,0.04356201655019195,,,,0.12095673555359375,,,,0.0243011661395079,0.042257977251339694,,,0.10686210162618445,,,0.026355407819725084,0.04583015554488431,,,0.11589543697873053,,,0.015535710788622866,,0.12602682944988233,,0.016848985404769954,,0.1366802098018926,,0.06434301723526692,0.3309742714603796,0.06978210221895957,0.3589523997366219
continuum_wings,gap_limited,red,continuum;blue;core,199,840,ok,0.9096393354709105,1.9778630079125417,0.5400898182372585,0.08036450790748187,0.1637590763269421,0.6655157512364865,0.08834766129136008,0.18002637962238713,0.7316259590862528,0.056948178472275554,0.0,,0.04261412908367056,,,,0.11342104163698635,,,,0.06260522852476921,0.0,,0.046847280479146915,,,,0.12468792543834915,,,,0.023416329435206308,0.04474581912032795,,,0.09813171865792134,,,0.025742432766590866,0.04919072579151771,,,0.10787980997668664,,,0.015974611500870074,,0.12976487445739096,,0.017561478355155112,,0.1426553023789512,,0.0604245166220735,0.3241981164841879,0.06642689499656738,0.3564029212922658
continuum_wings,gap_limited,red,continuum;blue;core,200,840,ok,0.8955918900560631,1.9785298205190756,0.5473447603528903,0.07425720775590279,0.16387887283385164,0.6574558094663085,0.08291411364974996,0.1829838731831225,0.7341020131671274,0.05594442042052378,0.0,,0.04367281316434547,,,,0.1146148871968594,,,,0.06246642141547498,0.0,,0.04876419008395844,,,,0.1279766916934505,,,,0.01831278733537901,0.047578427604374786,,,0.11447197126270912,,,0.020447692234274978,0.053125121087682504,,,0.12781711461851591,,,0.014267474200415017,,0.11781977982638994,,0.01593077646060628,,0.13155521073221704,,0.058360157864716364,0.31054917118035014,0.06516378555087528,0.346752996122944
