method,lag_days,target,predictor,tuple_count,line_observed_dates,continuum_observed_dates,status,histogram_cells,occupied_cells,empty_fraction,singleton_tuple_fraction,mutual_info_bits,information_leak_fraction,target_entropy_bits
daily,0,blue,continuum,1732,224,557,ok,16,16,0.0,0.0,0.23999013493357896,0.8792919838370348,1.988187218730972
daily,0,core,continuum,1732,224,557,ok,16,16,0.0,0.0,0.15775093717861774,0.9204859879772879,1.9839388450624067
daily,0,red,continuum,1732,224,557,ok,16,16,0.0,0.0,0.22790324884358995,0.8851638306316817,1.9845946629639606
daily,1,blue,continuum,1732,224,557,ok,16,16,0.0,0.0,0.2472880551978029,0.875609875136693,1.98800391485698
daily,1,core,continuum,1732,224,557,ok,16,16,0.0,0.0,0.1624371659894052,0.9181213601049422,1.9838771894305702
daily,1,red,continuum,1732,224,557,ok,16,16,0.0,0.0,0.2319328570860516,0.8831486358549134,1.984853653895525
daily,2,blue,continuum,1732,224,557,ok,16,16,0.0,0.0,0.2520123789209905,0.87322154315439,1.987817056551569
daily,2,core,continuum,1732,224,557,ok,16,16,0.0,0.0,0.16465032179635708,0.9170030431426593,1.9838115520231228
daily,2,red,continuum,1732,224,557,ok,16,16,0.0,0.0,0.2422875984610098,0.8779474259185323,1.9851084689069114
daily,3,blue,continuum,1732,224,557,ok,16,16,0.0,0.0,0.25728042312323807,0.8705589783960368,1.9876266421197701
daily,3,core,continuum,1732,224,557,ok,16,16,0.0,0.0,0.1682715965670621,0.9151746535953167,1.9837419320903773
daily,3,red,continuum,1732,224,557,ok,16,16,0.0,0.0,0.251743695485261,0.8731999193150983,1.9853591111731572
daily,4,blue,continuum,1732,224,557,ok,16,16,0.0,0.0,0.2674138811973925,0.865447577039243,1.9874326698329718
daily,4,core,continuum,1732,224,557,ok,16,16,0.0,0.0,0.17498407156432158,0.9117876365617426,1.9836683288369017
daily,4,red,continuum,1732,224,557,ok,16,16,0.0,0.0,0.26486675732801546,0.8666065609972069,1.9856055838133806
daily,5,blue,continuum,1732,224,557,ok,16,16,0.0,0.0,0.27243377930645574,0.8629081309470014,1.9872351379288216
daily,5,core,continuum,1732,224,557,ok,16,16,0.0,0.0,0.18453153411347628,0.9069709641913136,1.9835907414214662
daily,5,red,continuum,1732,224,557,ok,16,16,0.0,0.0,0.2756310367304037,0.8612023417636838,1.985847889891022
daily,6,blue,continuum,1732,224,557,ok,16,16,0.0,0.0,0.2801168676886043,0.8590276455261117,1.9870340446111294
daily,6,core,continuum,1732,224,557,ok,16,16,0.0,0.0,0.1930308479494765,0.9026861519775253,1.9835907414214662
daily,6,red,continuum,1732,224,557,ok,16,16,0.0,0.0,0.2829551817042707,0.8575312564076893,1.986086032414077
daily,7,blue,continuum,1732,224,557,ok,16,16,0.0,0.0,0.28382783228874575,0.857145342224203,1.986829388049768
daily,7,core,continuum,1732,224,557,ok,16,16,0.0,0.0,0.20196699209927402,0.8981811177669936,1.9835907414214662
daily,7,red,continuum,1732,224,557,ok,16,16,0.0,0.0005773672055427252,0.2945157871838117,0.8517279264880369,1.9863200143353295
daily,8,blue,continuum,1732,224,557,ok,16,16,0.0,0.0,0.28404936772612766,0.8570188556665599,1.9866211663805717
daily,8,core,continuum,1732,224,557,ok,16,16,0.0,0.0,0.21154793459535876,0.8933510173354808,1.9835907414214662
daily,8,red,continuum,1732,224,557,ok,16,16,0.0,0.0005773672055427252,0.3040976455490866,0.8469217133909632,1.9865498385525733
daily,9,blue,continuum,1732,224,557,ok,16,16,0.0,0.0,0.284368152491433,0.8568594120740654,1.9866353534790133
daily,9,core,continuum,1732,224,557,ok,16,16,0.0,0.0,0.22006943471850918,0.8890504575614181,1.9835091689569835
daily,9,red,continuum,1732,224,557,ok,16,16,0.0,0.0005773672055427252,0.31343311353299774,0.842222375975541,1.9865498385525733
daily,10,blue,continuum,1732,224,557,ok,16,16,0.0,0.0,0.28327241366866157,0.857411694475839,1.9866454870007715
daily,10,core,continuum,1732,224,557,ok,16,16,0.0,0.0,0.2285613359649707,0.8847642355602751,1.9834236105104484
daily,10,red,continuum,1732,224,557,ok,16,16,0.0,0.0005773672055427252,0.3234982446066323,0.8371557368818205,1.9865498385525733
daily,11,blue,continuum,1732,224,557,ok,16,16,0.0,0.0,0.28210519284755675,0.8579996625859212,1.9866515670658333
daily,11,core,continuum,1732,224,557,ok,16,16,0.0,0.0,0.2365183059105305,0.8807471166496289,1.983334065102875
daily,11,red,continuum,1732,224,557,ok,16,16,0.0,0.0005773672055427252,0.3337313567524681,0.8320045385845294,1.9865498385525733
daily,12,blue,continuum,1732,224,557,ok,16,16,0.0,0.0,0.2920460553953691,0.8529959846473968,1.9866535937461889
daily,12,core,continuum,1732,224,557,ok,16,16,0.0,0.0,0.24261687778733781,0.8776664383829217,1.9832405317092268
daily,12,red,continuum,1732,224,557,ok,16,16,0.0,0.0005773672055427252,0.34307402393955333,0.8273015771960085,1.9865498385525733
daily,13,blue,continuum,1731,224,557,ok,16,16,0.0,0.0,0.29523246358859906,0.8513881916784316,1.9866016497812256
daily,13,core,continuum,1731,224,557,ok,16,16,0.0,0.0,0.2499961225580944,0.8739401034914152,1.9831534808619273
daily,13,red,continuum,1731,224,557,ok,16,16,0.0,0.0005777007510109763,0.3533419307812603,0.8221372689748808,1.9865990404215625
daily,14,blue,continuum,1730,224,557,ok,16,16,0.0,0.0,0.30077528311363577,0.8485940088288814,1.9865480935539759
daily,14,core,continuum,1730,224,557,ok,16,16,0.0,0.0,0.25901562451470606,0.8693861954054458,1.9830646945683208
daily,14,red,continuum,1730,224,557,ok,16,16,0.0,0.0005780346820809249,0.36696627333698995,0.8152836024366845,1.9866469797907598
daily,15,blue,continuum,1729,224,557,ok,16,16,0.0,0.0,0.30692867113543376,0.8454921895664579,1.9864929175697037
daily,15,core,continuum,1729,224,557,ok,16,16,0.0,0.0,0.26696449955467905,0.8653716703393776,1.9829741647070565
daily,15,red,continuum,1729,224,557,ok,16,16,0.0,0.000578368999421631,0.37857649191093745,0.8094439513865354,1.9866936508473934
daily,16,blue,continuum,1728,224,557,ok,16,16,0.0,0.0,0.30698560921122553,0.8454591078955473,1.9864361142922418
daily,16,core,continuum,1728,224,557,ok,16,16,0.0,0.0,0.27685774636092897,0.8603760775066503,1.9828818831107964
daily,16,red,continuum,1728,224,557,ok,16,16,0.0,0.0005787037037037037,0.38785395163872466,0.8047786134378134,1.9867390477486249
daily,17,blue,continuum,1727,224,557,ok,16,16,0.0,0.0,0.3117666396111911,0.8430476523394846,1.9863776761436904
daily,17,core,continuum,1727,224,557,ok,16,16,0.0,0.0,0.2879631137306586,0.8547685699427909,1.982787841565872
daily,17,red,continuum,1727,224,557,ok,16,16,0.0,0.0005790387955993051,0.39900858993643734,0.7991685267715254,1.9867831646213532
daily,18,blue,continuum,1726,224,557,ok,16,16,0.0,0.0,0.31559221124182546,0.8411169432541175,1.9863175955041164
daily,18,core,continuum,1726,224,557,ok,16,16,0.0,0.0,0.29709548320974843,0.8501555065320763,1.9826920318119376
daily,18,red,continuum,1726,224,557,ok,16,16,0.0,0.0,0.39990758899690815,0.7987203761727579,1.9868259955620156
daily,19,blue,continuum,1725,224,557,ok,16,16,0.0,0.0,0.312618814840844,0.8426089909185536,1.986255864711246
daily,19,core,continuum,1725,224,557,ok,16,16,0.0,0.0,0.30420573907844867,0.8465617919173866,1.9825944455416193
daily,19,red,continuum,1725,224,557,ok,16,16,0.0,0.0,0.39729424138430036,0.8000398947295656,1.9868675346363867
daily,20,blue,continuum,1724,224,557,ok,16,16,0.0,0.0,0.312933528821352,0.8424455169409908,1.9861924760601606
daily,20,core,continuum,1724,224,557,ok,16,16,0.0,0.0,0.3046930356889051,0.8463083012798427,1.9824950744001597
daily,20,red,continuum,1724,224,557,ok,16,16,0.0,0.0,0.4008256840449119,0.7982665884592897,1.986907775879377
daily,21,blue,continuum,1723,224,557,ok,16,16,0.0,0.0,0.31307511472496574,0.8423690689287398,1.986127421802983
daily,21,core,continuum,1723,224,557,ok,16,16,0.0,0.0,0.3074456572558144,0.8449119240594666,1.9823939099850634
daily,21,red,continuum,1723,224,557,ok,16,16,0.0,0.0,0.4017317456883579,0.7978145347329465,1.98694671329483
daily,22,blue,continuum,1722,224,557,ok,16,16,0.0,0.0,0.3147467252384798,0.8415221014313393,1.986060694148563
daily,22,core,continuum,1722,224,557,ok,16,16,0.0,0.0,0.30182165599835925,0.8477409903246534,1.9822909438457321
daily,22,red,continuum,1722,224,557,ok,16,16,0.0,0.0,0.3965140011068949,0.8004537710366847,1.9870783986591407
daily,23,blue,continuum,1721,224,557,ok,16,16,0.0,0.0,0.30764778143649146,0.8450911497896982,1.9859922852621636
daily,23,core,continuum,1721,224,557,ok,16,16,0.0,0.0,0.29897262922383755,0.8491702575023716,1.9821861674831047
daily,23,red,continuum,1721,224,557,ok,16,16,0.0,0.0,0.39349084492694386,0.8019882003679528,1.9872090736922907
daily,24,blue,continuum,1720,224,557,ok,16,16,0.0,0.0,0.2960407986335316,0.8509303131150286,1.9859221872651387
daily,24,core,continuum,1720,224,557,ok,16,16,0.0,0.0,0.29667651698564673,0.8503205819158879,1.9820795723492848
daily,24,red,continuum,1720,224,557,ok,16,16,0.0,0.0,0.39172700384962467,0.8028886584782111,1.9873387336584223
daily,25,blue,continuum,1719,224,557,ok,16,16,0.0,0.0,0.2857764438001051,0.8560936690308627,1.985850392234612
daily,25,core,continuum,1719,224,557,ok,16,16,0.0,0.0,0.2923919704969187,0.8524741540665388,1.9819711498471717
daily,25,red,continuum,1719,224,557,ok,16,16,0.0,0.0,0.3862714809096468,0.8056463789030807,1.9874673737981081
daily,26,blue,continuum,1718,224,557,ok,16,16,0.0,0.0,0.2697254352856975,0.8641713294455518,1.9857768922031485
daily,26,core,continuum,1718,224,557,ok,16,16,0.0,0.0,0.285842800384848,0.8557795668190117,1.9819854515769744
daily,26,red,continuum,1718,224,557,ok,16,16,0.0,0.0,0.3758408358899698,0.8109067300391004,1.9875949893282059
daily,27,blue,continuum,1717,224,557,ok,16,16,0.0,0.0,0.2592553318974212,0.8694389320316747,1.9857016791584285
daily,27,core,continuum,1717,224,557,ok,16,16,0.0,0.0,0.27647936651132565,0.8605047449262855,1.9819983580461105
daily,27,red,continuum,1717,224,557,ok,16,16,0.0,0.0,0.36715530301914767,0.8152803698600747,1.9876355465904036
daily,28,blue,continuum,1716,224,557,ok,16,16,0.0,0.0,0.24855251547426316,0.8748240239779589,1.9856247450429132
daily,28,core,continuum,1716,224,557,ok,16,16,0.0,0.0,0.2663576961548906,0.8656123255712096,1.982009862787147
daily,28,red,continuum,1716,224,557,ok,16,16,0.0,0.0,0.3541918935297752,0.8218059133715134,1.987674788940798
daily,29,blue,continuum,1715,224,557,ok,16,16,0.0,0.0,0.23736135259991398,0.8804553796151177,1.9855460817535104
daily,29,core,continuum,1715,224,557,ok,16,16,0.0,0.0,0.2538752651800213,0.8719108432843916,1.9820199592982808
daily,29,red,continuum,1715,224,557,ok,16,16,0.0,0.0,0.35158812395728967,0.8231192454825396,1.9877127102744425
daily,30,blue,continuum,1714,224,557,ok,16,16,0.0,0.0,0.22760998081489556,0.885363971828059,1.9855012812682813
daily,30,core,continuum,1714,224,557,ok,16,16,0.0,0.0,0.24050247640439643,0.8786584253001388,1.9820286410431067
daily,30,red,continuum,1714,224,557,ok,16,16,0.0,0.0,0.3534279867614978,0.822196900801576,1.987749304454365
daily,31,blue,continuum,1713,224,557,ok,16,16,0.0,0.0,0.21779365068294032,0.8903054134108276,1.98545486568649
daily,31,core,continuum,1713,224,557,ok,16,16,0.0,0.0,0.23126096770704524,0.8833215041474188,1.9820359014503812
daily,31,red,continuum,1713,224,557,ok,16,16,0.0,0.0,0.35386119604345134,0.8219821190793762,1.9877845653113586
daily,32,blue,continuum,1712,224,557,ok,16,16,0.0,0.0,0.2113734223567546,0.8935364684781802,1.985406827439624
daily,32,core,continuum,1712,224,557,ok,16,16,0.0,0.0,0.21977423153013737,0.8891172533001279,1.9820417339137837
daily,32,red,continuum,1712,224,557,ok,16,16,0.0,0.0,0.35237403615785257,0.8227332935449244,1.9878184866437631
daily,33,blue,continuum,1711,224,557,ok,16,16,0.0,0.0,0.20157560191818824,0.8984688467700542,1.985357158917163
daily,33,core,continuum,1711,224,557,ok,16,16,0.0,0.0,0.2092428543320584,0.894430885852837,1.982046131791678
daily,33,red,continuum,1711,224,557,ok,16,16,0.0,0.0,0.35114229524960533,0.8233558328771668,1.9878510622172494
daily,34,blue,continuum,1710,224,557,ok,16,16,0.0,0.0,0.19139538539997628,0.9035940053457192,1.9853058524662783
daily,34,core,continuum,1710,224,557,ok,16,16,0.0,0.0,0.1979510201296506,0.9001280940580741,1.9820490884068684
daily,34,red,continuum,1710,224,557,ok,16,16,0.0,0.0,0.3505018187609829,0.8236807977660663,1.9878822857646
daily,35,blue,continuum,1709,224,557,ok,16,16,0.0,0.0,0.18236140835295445,0.9081419761094468,1.9852529003915211
daily,35,core,continuum,1709,224,557,ok,16,16,0.0,0.0,0.18578088906037937,0.9062683418187057,1.9820505970463573
daily,35,red,continuum,1709,224,557,ok,16,16,0.0,0.0,0.34605609948513716,0.8259198228082749,1.9879121509854887
daily,36,blue,continuum,1708,224,557,ok,16,16,0.0,0.0,0.1722534042539588,0.9132311342943676,1.9851982949545173
daily,36,core,continuum,1708,224,557,ok,16,16,0.0,0.0,0.17725517208109226,0.9105698070858375,1.982050650961097
daily,36,red,continuum,1708,224,557,ok,16,16,0.0,0.0,0.341016920075145,0.8284401245424844,1.9877428749917292
daily,37,blue,continuum,1707,224,557,ok,16,16,0.0,0.0,0.1658195518455413,0.9164796093436075,1.9853780680664201
daily,37,core,continuum,1707,224,557,ok,16,16,0.0,0.0,0.16813114801006798,0.9151730722267211,1.9820492433657424
daily,37,red,continuum,1707,224,557,ok,16,16,0.0,0.0,0.3374356507072141,0.830227163325451,1.9875714944556842
daily,38,blue,continuum,1706,224,557,ok,16,16,0.0,0.0,0.1601426399808092,0.9193462372786715,1.985556960735077
daily,38,core,continuum,1706,224,557,ok,16,16,0.0,0.0,0.1611016363327482,0.9187195420958005,1.9820463674383995
daily,38,red,continuum,1706,224,557,ok,16,16,0.0,0.0,0.33115178993556754,0.8333741957665909,1.987397999121977
daily,39,blue,continuum,1705,224,557,ok,16,16,0.0,0.0,0.15416613339180985,0.9223631875247901,1.9857349687177903
daily,39,core,continuum,1705,224,557,ok,16,16,0.0,0.0,0.1548926114153527,0.9218520040746118,1.9820420163203731
daily,39,red,continuum,1705,224,557,ok,16,16,0.0,0.0,0.32508586429546615,0.836411934676053,1.987222378672377
daily,40,blue,continuum,1704,224,557,ok,16,16,0.0,0.0,0.15186646738615606,0.9235281016099048,1.9859120877509988
daily,40,core,continuum,1704,224,557,ok,16,16,0.0,0.0,0.14953961812740754,0.9245525286565052,1.9820361831159106
daily,40,red,continuum,1704,224,557,ok,16,16,0.0,0.0,0.31281834372662504,0.8425875223940984,1.9872525258753502
daily,41,blue,continuum,1703,224,557,ok,16,16,0.0,0.0,0.15155538050647066,0.9236915199226141,1.9860883135501524
daily,41,core,continuum,1703,224,557,ok,16,16,0.0,0.0,0.14773398322468217,0.9254632532655456,1.9820288608919452
daily,41,red,continuum,1703,224,557,ok,16,16,0.0,0.0,0.30412791141726037,0.846962827495998,1.9872813019288331
daily,42,blue,continuum,1702,224,557,ok,16,16,0.0,0.0,0.1524388891590146,0.9232534463450506,1.9862636418095865
daily,42,core,continuum,1702,224,557,ok,16,16,0.0,0.0,0.14705411148939745,0.925805941250363,1.9820200426778354
daily,42,red,continuum,1702,224,557,ok,16,16,0.0,0.0,0.29108654228867165,0.8535272641701537,1.9873087004179362
daily,43,blue,continuum,1701,224,557,ok,16,16,0.0,0.0,0.15066648530693977,0.924152437612473,1.9864380682023968
daily,43,core,continuum,1701,224,557,ok,16,16,0.0,0.0,0.14365388640799123,0.9275210989874448,1.982009721465103
daily,43,red,continuum,1701,224,557,ok,16,16,0.0,0.0,0.27552014539575054,0.8613619822916972,1.987334714893649
daily,44,blue,continuum,1700,224,557,ok,16,16,0.0,0.0,0.14605487079479063,0.926480409331615,1.986611588380311
daily,44,core,continuum,1700,224,557,ok,16,16,0.0,0.0,0.14148443821745238,0.9286152427727036,1.9819978902071687
daily,44,red,continuum,1700,224,557,ok,16,16,0.0,0.0,0.26459205562545685,0.8668624991716118,1.9873593388726083
daily,45,blue,continuum,1699,224,557,ok,16,16,0.0,0.0,0.14574055394998303,0.9266450004491518,1.9867841979735623
daily,45,core,continuum,1699,224,557,ok,16,16,0.0,0.0,0.13979162131874898,0.9294688639748689,1.9819845418190853
daily,45,red,continuum,1699,224,557,ok,16,16,0.0,0.0,0.25740761734193884,0.8704864775582419,1.9874960736836924
daily,46,blue,continuum,1698,224,557,ok,16,16,0.0,0.0,0.14489731889448548,0.9270757245116517,1.9869558925907578
daily,46,core,continuum,1698,224,557,ok,16,16,0.0,0.0,0.1352555155748759,0.9317570204638794,1.9819696691772681
daily,46,red,continuum,1698,224,557,ok,16,16,0.0,0.0,0.24832408874099232,0.8750653460164239,1.9876317804797141
daily,47,blue,continuum,1697,224,557,ok,16,16,0.0,0.0,0.1393738100896325,0.9298616377371546,1.987126667818751
daily,47,core,continuum,1697,224,557,ok,16,16,0.0,0.0,0.13165785104117364,0.9335716672243258,1.9819532651192229
daily,47,red,continuum,1697,224,557,ok,16,16,0.0,0.0,0.23807788032182028,0.8802284444441257,1.9877664543711748
daily,48,blue,continuum,1696,224,557,ok,16,16,0.0,0.0,0.13330395415451582,0.9329219606308834,1.9872965192225098
daily,48,core,continuum,1696,224,557,ok,16,16,0.0,0.0,0.12596122192780385,0.9364453418325869,1.9819353224432716
daily,48,red,continuum,1696,224,557,ok,16,16,0.0,0.0,0.22972083815592864,0.884440450875664,1.9879000904439421
daily,49,blue,continuum,1695,224,557,ok,16,16,0.0,0.0,0.12712614976228218,0.9360360451790861,1.9874654423449853
daily,49,core,continuum,1695,224,557,ok,16,16,0.0,0.0,0.12260297397779908,0.9381391621782293,1.9819158339082759
daily,49,red,continuum,1695,224,557,ok,16,16,0.0,0.0,0.22153279309871723,0.8885668254307424,1.9880326837590987
daily,50,blue,continuum,1694,224,557,ok,16,16,0.0,0.0,0.12222370771698556,0.9385079231885691,1.9876334327069771
daily,50,core,continuum,1694,224,557,ok,16,16,0.0,0.0,0.11925163786233739,0.9398294811966507,1.9818947922333587
daily,50,red,continuum,1694,224,557,ok,16,16,0.0,0.0,0.2143732593170904,0.8921752759897125,1.9881642293527884
daily,51,blue,continuum,1693,224,557,ok,16,16,0.0,0.0,0.11678719530524549,0.9412480295989903,1.9878004858070009
daily,51,core,continuum,1693,224,557,ok,16,16,0.0,0.0,0.11568720470766784,0.941627313160911,1.9818721900976202
daily,51,red,continuum,1693,224,557,ok,16,16,0.0,0.0,0.2040126752013702,0.8973931415097581,1.9882947222360594
daily,52,blue,continuum,1692,224,557,ok,16,16,0.0,0.0,0.11286173973637822,0.94322144042878,1.9877527818367848
daily,52,core,continuum,1692,224,557,ok,16,16,0.0,0.0,0.11131748312099962,0.9438314734582199,1.9818480201398552
daily,52,red,continuum,1692,224,557,ok,16,16,0.0,0.0,0.1956710753166536,0.9015949013750529,1.9884241573947092
daily,53,blue,continuum,1691,224,557,ok,16,16,0.0,0.0,0.10868676692810357,0.9453204303745392,1.987703408651099
daily,53,core,continuum,1691,224,557,ok,16,16,0.0,0.0,0.10572724187914016,0.946651501895463,1.9818222749582652
daily,53,red,continuum,1691,224,557,ok,16,16,0.0,0.0,0.18886496945031017,0.9050238972211924,1.988552529789127
daily,54,blue,continuum,1690,224,557,ok,16,16,0.0,0.0,0.10725541882604551,0.9460391459415346,1.9876523583158383
daily,54,core,continuum,1690,224,557,ok,16,16,0.0,0.0,0.10107032806500538,0.9490006126958872,1.9817949471101701
daily,54,red,continuum,1690,224,557,ok,16,16,0.0,0.0,0.1836912112846983,0.9076315814584826,1.988679834354134
daily,55,blue,continuum,1689,224,557,ok,16,16,0.0,0.0,0.10755593228755088,0.9458865200763068,1.9875996228521648
daily,55,core,continuum,1689,224,557,ok,16,16,0.0,0.0,0.09710712604956831,0.9509997019713298,1.9817660291117134
daily,55,red,continuum,1689,224,557,ok,16,16,0.0,0.0,0.1764470710311824,0.9112755716788978,1.9887090215177676
daily,56,blue,continuum,1688,224,557,ok,16,16,0.0,0.0,0.10788294249328521,0.9457205084915088,1.9875451942361777
daily,56,core,continuum,1688,224,557,ok,16,16,0.0,0.0,0.09271398642277368,0.9532157617431251,1.981735513437569
daily,56,red,continuum,1688,224,557,ok,16,16,0.0,0.0,0.1730269572610681,0.9129965530551672,1.988736806839174
daily,57,blue,continuum,1687,224,557,ok,16,16,0.0,0.0,0.10601868654588567,0.9466569711275533,1.9874890643985814
daily,57,core,continuum,1687,224,557,ok,16,16,0.0,0.0,0.08739861553692235,0.955897226665311,1.9817033925206438
daily,57,red,continuum,1687,224,557,ok,16,16,0.0,0.0,0.1683778192263531,0.9153354101651971,1.9887631836980606
daily,58,blue,continuum,1686,224,557,ok,16,16,0.0,0.0,0.10028459111029724,0.9495405980154223,1.9874312252243493
daily,58,core,continuum,1686,224,557,ok,16,16,0.0,0.0,0.08290114507178636,0.958166011824592,1.9816696587517746
daily,58,red,continuum,1686,224,557,ok,16,16,0.0,0.0,0.16643975393573782,0.9163109684068258,1.9887881454385579
daily,59,blue,continuum,1685,224,557,ok,16,16,0.0,0.0,0.09660142132979052,0.9513923727210242,1.9873716685523843
daily,59,core,continuum,1685,224,557,ok,16,16,0.0,0.0,0.08003925540885015,0.9596094722280879,1.981634304479428
daily,59,red,continuum,1685,224,557,ok,16,16,0.0,0.0,0.1670295058110443,0.9160154241651811,1.988811685368971
daily,60,blue,continuum,1684,224,557,ok,16,16,0.0,0.0,0.09229092753933121,0.9535598826527766,1.9873103861751802
daily,60,core,continuum,1684,224,557,ok,16,16,0.0,0.0,0.07547418726451163,0.9619124499078456,1.9815973220093914
daily,60,red,continuum,1684,224,557,ok,16,16,0.0,0.0,0.16645811554060536,0.91629562163607,1.988642873815737
daily,61,blue,continuum,1683,224,557,ok,16,16,0.0,0.0,0.08413058968125967,0.9576647159955461,1.9872451941602354
daily,61,core,continuum,1683,224,557,ok,16,16,0.0,0.0,0.07089649258214348,0.9642218560302138,1.981558703604466
daily,61,red,continuum,1683,224,557,ok,16,16,0.0,0.0,0.16646590358659255,0.9162845082370675,1.9884719074218038
daily,62,blue,continuum,1682,224,557,ok,16,16,0.0,0.0,0.07566165624764316,0.96192507834629,1.9871782517580232
daily,62,core,continuum,1682,224,557,ok,16,16,0.0,0.0,0.06790570222717388,0.9657304717404938,1.981518441484153
daily,62,red,continuum,1682,224,557,ok,16,16,0.0,0.0,0.16676706070239233,0.916125753959281,1.9882987755434565
daily,63,blue,continuum,1681,224,557,ok,16,16,0.0,0.0,0.07227725942253403,0.9636270576497439,1.987116102033606
daily,63,core,continuum,1681,224,557,ok,16,16,0.0,0.0,0.06549271648811757,0.9669475183942611,1.981476527824341
daily,63,red,continuum,1681,224,557,ok,16,16,0.0,0.0,0.16755753707377363,0.9157207588888221,1.988123467470932
daily,64,blue,continuum,1680,224,557,ok,16,16,0.0,0.0,0.06946545641818364,0.9650408735834807,1.9870478338199806
daily,64,core,continuum,1680,224,557,ok,16,16,0.0,0.0,0.06333867488663134,0.9680339045867946,1.9814329547569853
daily,64,red,continuum,1680,224,557,ok,16,16,0.0,0.0,0.16375583092398183,0.917625612971771,1.9879459724278645
daily,65,blue,continuum,1679,224,557,ok,16,16,0.0,0.0,0.06647303010598216,0.9665456603653555,1.9869777981552001
daily,65,core,continuum,1679,224,557,ok,16,16,0.0,0.0,0.061968442027919984,0.9687247268273136,1.9813877143697898
daily,65,red,continuum,1679,224,557,ok,16,16,0.0,0.0,0.16056888680890619,0.9192214454691412,1.9877662795707245
daily,66,blue,continuum,1678,224,557,ok,16,16,0.0,0.0,0.06108844995293926,0.9692544839229476,1.9869059865459182
daily,66,core,continuum,1678,224,557,ok,16,16,0.0,0.0,0.060080052806033825,0.9696770727957172,1.9813407987058809
daily,66,red,continuum,1678,224,557,ok,16,16,0.0,0.0,0.16176336367664843,0.9186130835661035,1.9875843779882563
daily,67,blue,continuum,1677,224,557,ok,16,16,0.0,0.0,0.056727679684826116,0.971448180552371,1.9868323904498864
daily,67,core,continuum,1677,224,557,ok,16,16,0.0,0.0,0.058710164544882155,0.970367740532219,1.9812921997634825
daily,67,red,continuum,1677,224,557,ok,16,16,0.0,0.0,0.16265383109443277,0.9181574871262022,1.9874002567009028
daily,68,blue,continuum,1676,224,557,ok,16,16,0.0,0.0,0.05566601254918062,0.9719814690405316,1.9867570012755862
daily,68,core,continuum,1676,224,557,ok,16,16,0.0,0.0,0.05690525727453031,0.9712779862964749,1.9812419094955833
daily,68,red,continuum,1676,224,557,ok,16,16,0.0,0.0,0.16522187952437453,0.9168575264409575,1.9872139046602282
daily,69,blue,continuum,1675,224,557,ok,16,16,0.0,0.0,0.05294586957233564,0.9733492372184183,1.986654941408524
daily,69,core,continuum,1675,224,557,ok,16,16,0.0,0.0,0.05576469627886764,0.9718529275152851,1.9811899198096063
daily,69,red,continuum,1675,224,557,ok,16,16,0.0,0.0,0.16203040084692508,0.9184557942113466,1.9870253107483344
daily,70,blue,continuum,1674,224,557,ok,16,16,0.0,0.0,0.05273865187119083,0.9734521527459864,1.9865509759258422
daily,70,core,continuum,1674,224,557,ok,16,16,0.0,0.0,0.05467558772191837,0.9724019039684852,1.9811362225670714
daily,70,red,continuum,1674,224,557,ok,16,16,0.0,0.0,0.15965819444040086,0.9196419242009387,1.986834463777267
daily,71,blue,continuum,1673,224,557,ok,16,16,0.0,0.0,0.05237242728925384,0.9736350995020867,1.9864450955693491
daily,71,core,continuum,1673,224,557,ok,16,16,0.0,0.0,0.053277847192628576,0.9731066764490862,1.9810808095832542
daily,71,red,continuum,1673,224,557,ok,16,16,0.0,0.0,0.15956057030725718,0.9196832532920975,1.9866413524884192
daily,72,blue,continuum,1672,224,557,ok,16,16,0.0,0.0,0.051913917954878847,0.973864500158449,1.9863372910260821
daily,72,core,continuum,1672,224,557,ok,16,16,0.0,0.0,0.05076671058520318,0.9743734962450569,1.9810236726268449
daily,72,red,continuum,1672,224,557,ok,16,16,0.0,0.0,0.15857023463909292,0.9201738998246374,1.986445965551926
daily,73,blue,continuum,1671,224,557,ok,16,16,0.0,0.0,0.04842299048924435,0.975621042377678,1.9862617278150962
daily,73,core,continuum,1671,224,557,ok,16,16,0.0,0.0,0.0460101745490134,0.9767738556133914,1.9809648034196021
daily,73,red,continuum,1671,224,557,ok,16,16,0.0,0.0,0.15707828636574,0.9209170942863885,1.9862482915660518
daily,74,blue,continuum,1670,224,557,ok,16,16,0.0,0.0,0.0469435339695723,0.9763649663750016,1.9861843530411083
daily,74,core,continuum,1670,224,557,ok,16,16,0.0,0.0,0.041840590131234555,0.9788780344523199,1.9809041936360026
daily,74,red,continuum,1670,224,557,ok,16,16,0.0,0.0,0.16063409157468275,0.9191187394418538,1.986048319056573
daily,75,blue,continuum,1669,224,557,ok,16,16,0.0,0.0,0.04543482631723145,0.9771236552427395,1.9861051579409905
daily,75,core,continuum,1669,224,557,ok,16,16,0.0,0.0,0.0378402243542796,0.9808968976283082,1.9808418349028876
daily,75,red,continuum,1669,224,557,ok,16,16,0.0,0.0,0.16452588725792894,0.9171507336239031,1.9858460364761503
daily,76,blue,continuum,1668,224,557,ok,16,16,0.0,0.0,0.046315711908838667,0.9766791797124156,1.9860241337006597
daily,76,core,continuum,1668,224,557,ok,16,16,0.0,0.0,0.03411895246259564,0.9827749715988925,1.9807777187991076
daily,76,red,continuum,1668,224,557,ok,16,16,0.0,0.0,0.16602838394345357,0.9163855159089864,1.9856414322036977
daily,77,blue,continuum,1667,224,557,ok,16,16,0.0,0.0,0.04694597366921856,0.9763608449333293,1.9859412714546854
daily,77,core,continuum,1667,224,557,ok,16,16,0.0,0.0,0.03152658203532907,0.9840832061238223,1.9807118368551628
daily,77,red,continuum,1667,224,557,ok,16,16,0.0,0.0,0.16515238885378944,0.9168180117210354,1.9854344945437408
daily,78,blue,continuum,1666,224,557,ok,16,16,0.0,0.0,0.04879870103279772,0.9754268752539579,1.9858565622858984
daily,78,core,continuum,1666,224,557,ok,16,16,0.0,0.0,0.030834643993319432,0.9844320124250118,1.9806441805528383
daily,78,red,continuum,1666,224,557,ok,16,16,0.0,0.0,0.16463125380076876,0.9170717494275353,1.9852252117257687
daily,79,blue,continuum,1665,224,557,ok,16,16,0.0,0.0,0.04892432384379406,0.9753622851939647,1.985749255925696
daily,79,core,continuum,1665,224,557,ok,16,16,0.0,0.0,0.0314953710445114,0.984097862914558,1.9805747413248382
daily,79,red,continuum,1665,224,557,ok,16,16,0.0,0.0,0.1596090672172984,0.9195929592238319,1.9850135719035815
daily,80,blue,continuum,1664,224,557,ok,16,16,0.0,0.0,0.05030033172656332,0.9746679500736399,1.9856400043733378
daily,80,core,continuum,1664,224,557,ok,16,16,0.0,0.0,0.03085023876153486,0.9844230325282792,1.9805035105544149
daily,80,red,continuum,1664,224,557,ok,16,16,0.0,0.0,0.15408883823943284,0.922365542042681,1.9847995631546236
daily,81,blue,continuum,1663,224,557,ok,16,16,0.0,0.0,0.05060107787627469,0.9745150622220314,1.985528798113009
daily,81,core,continuum,1663,224,557,ok,16,16,0.0,0.0,0.03197495476903784,0.9838545431920944,1.9804304795749945
daily,81,red,continuum,1663,224,557,ok,16,16,0.0,0.0,0.14902881777330423,0.9249067412417737,1.9845831734793162
daily,82,blue,continuum,1662,224,557,ok,16,16,0.0,0.0,0.05281606884487548,0.9733979786844619,1.9854156275720962
daily,82,core,continuum,1662,224,557,ok,16,16,0.0,0.0,0.034890320813462744,0.9823817903640377,1.9803556396698
daily,82,red,continuum,1662,224,557,ok,16,16,0.0,0.0,0.14279357811371168,0.9280406467805458,1.9843643908003785
daily,83,blue,continuum,1661,224,557,ok,16,16,0.0,0.0,0.052102247273756376,0.9737559892234269,1.9853004831207344
daily,83,core,continuum,1661,224,557,ok,16,16,0.0,0.0,0.036376242050541935,0.9816307488086903,1.9802789820714688
daily,83,red,continuum,1661,224,557,ok,16,16,0.0,0.0,0.1390230102142221,0.9299329756004134,1.98414320296214
daily,84,blue,continuum,1660,224,557,ok,16,16,0.0,0.0,0.051724487658123555,0.9739447303313379,1.9851833550713551
daily,84,core,continuum,1660,224,557,ok,16,16,0.0,0.0,0.03931266226424078,0.9801471304018419,1.9802004979616668
daily,84,red,continuum,1660,224,557,ok,16,16,0.0,0.0,0.13394073296765707,0.9324868139208251,1.9839195977298472
daily,85,blue,continuum,1659,224,557,ok,16,16,0.0,0.0,0.05155212914067138,0.9740299944626236,1.985064233678225
daily,85,core,continuum,1659,224,557,ok,16,16,0.0,0.0,0.04173775420260835,0.9789216055386883,1.9801201784707008
daily,85,red,continuum,1659,224,557,ok,16,16,0.0,0.0,0.1293252915064231,0.9348058117784084,1.9836935627889614
daily,86,blue,continuum,1658,224,557,ok,16,16,0.0,0.0,0.05210427780292208,0.9737507355552558,1.9849804901239734
daily,86,core,continuum,1658,224,557,ok,16,16,0.0,0.0,0.041737742505884586,0.9789207367755055,1.9800380146771246
daily,86,red,continuum,1658,224,557,ok,16,16,0.0,0.0,0.12447848769389434,0.9372419063040002,1.9834650857444482
daily,87,blue,continuum,1657,224,557,ok,16,16,0.0,0.0,0.05278263006119373,0.9734078461236217,1.9848948793907402
daily,87,core,continuum,1657,224,557,ok,16,16,0.0,0.0,0.04139181362739193,0.9790945579152791,1.9799539976073413
daily,87,red,continuum,1657,224,557,ok,16,16,0.0,0.0,0.11536821857818255,0.9418282413407859,1.9832341541200569
daily,88,blue,continuum,1656,224,557,ok,16,16,0.0,0.0,0.05176119841148982,0.9739212990587255,1.9848073923639318
daily,88,core,continuum,1656,224,557,ok,16,16,0.0,0.0,0.04040022312049849,0.9795944877598665,1.9798681182352034
daily,88,red,continuum,1656,224,557,ok,16,16,0.0,0.0,0.1079026375371896,0.9455861843493188,1.9830007553575935
daily,89,blue,continuum,1655,224,557,ok,16,16,0.0,0.0,0.05167465785974618,0.9739637281758579,1.9847180198752854
daily,89,core,continuum,1655,224,557,ok,16,16,0.0,0.0,0.039788305584361014,0.9799026668624995,1.9797803674816075
daily,89,red,continuum,1655,224,557,ok,16,16,0.0,0.0,0.10238386444606987,0.9483630834683372,1.982764876816184
daily,90,blue,continuum,1654,224,557,ok,16,16,0.0,0.0,0.050303138901058975,0.974653602329727,1.984626752702449
daily,90,core,continuum,1654,224,557,ok,16,16,0.0,0.0,0.038520089238584236,0.9805423703137344,1.9796907362140854
daily,90,red,continuum,1654,224,557,ok,16,16,0.0,0.0,0.09734269187523537,0.950899676956726,1.9825265057715302
daily,91,blue,continuum,1653,224,557,ok,16,16,0.0,0.0,0.04915721445300085,0.9752298399434757,1.984533581568562
daily,91,core,continuum,1653,224,557,ok,16,16,0.0,0.0,0.038107177979156096,0.980750054008072,1.97959921524639
daily,91,red,continuum,1653,224,557,ok,16,16,0.0,0.0,0.09488768169217283,0.9521321850473344,1.9822856294151547
daily,92,blue,continuum,1652,224,557,ok,16,16,0.0,0.0,0.048728917048022805,0.9754444810871152,1.9844384971418292
daily,92,core,continuum,1652,224,557,ok,16,16,0.0,0.0,0.038286632762307746,0.98065848917822,1.979505795338079
daily,92,red,continuum,1652,224,557,ok,16,16,0.0,0.0,0.09074828468440158,0.9542147573403738,1.9820422348536364
daily,93,blue,continuum,1651,224,557,ok,16,16,0.0,0.0,0.049016212104717294,0.9752984996025807,1.9843414900350935
daily,93,core,continuum,1651,224,557,ok,16,16,0.0,0.0,0.038119088048086766,0.9807422014383291,1.9794104671940926
daily,93,red,continuum,1651,224,557,ok,16,16,0.0,0.0,0.08668236764013605,0.9562607079033473,1.98179630910784
daily,94,blue,continuum,1650,224,557,ok,16,16,0.0,0.0,0.04883579272112376,0.9753881939981071,1.9842425508054
daily,94,core,continuum,1650,224,557,ok,16,16,0.0,0.0,0.03537407558192181,0.982128106255082,1.9793132214643285
daily,94,red,continuum,1650,224,557,ok,16,16,0.0,0.0,0.08117991718301282,0.9590320679719815,1.9815478391121337
daily,95,blue,continuum,1649,224,557,ok,16,16,0.0,0.0,0.04803744293038933,0.9757893079623121,1.9841416699535595
daily,95,core,continuum,1649,224,557,ok,16,16,0.0,0.0,0.0324426497240338,0.9836083167737039,1.9792140487432102
daily,95,red,continuum,1649,224,557,ok,16,16,0.0,0.0,0.07866403849763501,0.9602966915241742,1.981296811713597
daily,96,blue,continuum,1648,224,557,ok,16,16,0.0,0.0,0.04680887253468921,0.9764072801197407,1.9840388379237028
daily,96,core,continuum,1648,224,557,ok,16,16,0.0,0.0,0.029587717468716464,0.9850501684716128,1.979133839236538
daily,96,red,continuum,1648,224,557,ok,16,16,0.0,0.0,0.07583881346532677,0.9617177389458436,1.98104321367122
daily,97,blue,continuum,1647,224,557,ok,16,16,0.0,0.0,0.047338869329464184,0.9761388895733122,1.9839340451028378
daily,97,core,continuum,1647,224,557,ok,16,16,0.0,0.0,0.02628539237974601,0.9867181885548546,1.9790517647616106
daily,97,red,continuum,1647,224,557,ok,16,16,0.0,0.0,0.07344173323251119,0.9629229533216677,1.9807870316550924
daily,98,blue,continuum,1646,224,557,ok,16,16,0.0,0.0,0.048978772986434875,0.9753109691376504,1.9838272818203941
daily,98,core,continuum,1646,224,557,ok,16,16,0.0,0.0,0.024040631072168247,0.9878519342884147,1.9789678161883222
daily,98,red,continuum,1646,224,557,ok,16,16,0.0,0.0,0.0721814023507021,0.9635544697386363,1.9805282522455832
daily,99,blue,continuum,1645,224,557,ok,16,16,0.0,0.0,0.05297273561080111,0.9732962441058186,1.983718538347768
daily,99,core,continuum,1645,224,557,ok,16,16,0.0,0.0,0.022030419826533216,0.9888672391780043,1.978881984332793
daily,99,red,continuum,1645,224,557,ok,16,16,0.0,0.0,0.0712548587116403,0.9640175472905183,1.9802668619325101
daily,100,blue,continuum,1644,224,557,ok,16,16,0.0,0.0,0.05502233098680461,0.9722614869476994,1.9836078048978596
daily,100,core,continuum,1644,224,557,ok,16,16,0.0,0.0,0.020794387195715004,0.9894913849223681,1.9787942599569508
daily,100,red,continuum,1644,224,557,ok,16,16,0.0,0.0,0.07239834419185404,0.9634352322788985,1.9800028471142972
daily,101,blue,continuum,1643,224,557,ok,16,16,0.0,0.0,0.058727265416026214,0.9703920285680746,1.9834950716246091
daily,101,core,continuum,1643,224,557,ok,16,16,0.0,0.0,0.020849207058072923,0.9894632040061638,1.9787046337681113
daily,101,red,continuum,1643,224,557,ok,16,16,0.0,0.0,0.06607744418807696,0.9666231064597917,1.979736194097124
daily,102,blue,continuum,1642,224,557,ok,16,16,0.0,0.0,0.060576409066479535,0.9694579964355347,1.9833803286225238
daily,102,core,continuum,1642,224,557,ok,16,16,0.0,0.0,0.023218478201460547,0.9882652761959941,1.978613096418554
daily,102,red,continuum,1642,224,557,ok,16,16,0.0,0.0,0.06590114368889444,0.9667076301947868,1.9794668890940632
daily,103,blue,continuum,1641,224,557,ok,16,16,0.0,0.0,0.06194690171049565,0.9687651693023636,1.9832635659262028
daily,103,core,continuum,1641,224,557,ok,16,16,0.0,0.0,0.024096341670464882,0.987821024769473,1.97851963850509
daily,103,red,continuum,1641,224,557,ok,16,16,0.0,0.0,0.0652442913163709,0.9670349338937723,1.9791949182242075
daily,104,blue,continuum,1640,224,557,ok,16,16,0.0,0.0,0.06346508557131747,0.9679977546677068,1.983144773509857
daily,104,core,continuum,1640,224,557,ok,16,16,0.0,0.0,0.025182807410793647,0.9872712804629463,1.9784242505686307
daily,104,red,continuum,1640,224,557,ok,16,16,0.0,0.0,0.06560946872513161,0.9668458250682195,1.9789202675117863
daily,105,blue,continuum,1639,224,557,ok,16,16,0.0,0.0,0.06499514024805841,0.9672242281624286,1.9830239412868202
daily,105,core,continuum,1639,224,557,ok,16,16,0.0,0.0,0.026650969404417576,0.9865285312082088,1.9783269230937475
daily,105,red,continuum,1639,224,557,ok,16,16,0.0,0.0,0.06536188396071063,0.9669663064493721,1.9786429228852698
daily,106,blue,continuum,1638,224,557,ok,16,16,0.0,0.0,0.06742480299253951,0.965996889919039,1.9829010591090621
daily,106,core,continuum,1638,224,557,ok,16,16,0.0,0.0,0.028180763247575277,0.9857545397784137,1.97822764650823
daily,106,red,continuum,1638,224,557,ok,16,16,0.0,0.0,0.06423220096506214,0.9675326493772435,1.9783628701764628
daily,107,blue,continuum,1637,224,557,ok,16,16,0.0,0.0,0.07094246476210636,0.9642206378409519,1.9827761167666877
daily,107,core,continuum,1637,224,557,ok,16,16,0.0,0.0,0.028502443258132948,0.9855911922023767,1.978126411182639
daily,107,red,continuum,1637,224,557,ok,16,16,0.0,0.0,0.06198845273903429,0.9686623140832492,1.9780800951195887
daily,108,blue,continuum,1636,224,557,ok,16,16,0.0,0.0,0.07259306958587264,0.9633858207991137,1.9826491039874394
daily,108,core,continuum,1636,224,557,ok,16,16,0.0,0.0,0.027659983524490603,0.9860163503539321,1.9780232074298538
daily,108,red,continuum,1636,224,557,ok,16,16,0.0,0.0,0.0606693781537536,0.9693247323738846,1.9777945833503574
daily,109,blue,continuum,1635,224,557,ok,16,16,0.0,0.0,0.07440341177847577,0.9624702845939468,1.9825200104361882
daily,109,core,continuum,1635,224,557,ok,16,16,0.0,0.0,0.02660387030835245,0.9865495586948984,1.9779180255046165
daily,109,red,continuum,1635,224,557,ok,16,16,0.0,0.0,0.06269595846470698,0.9682954447134885,1.9775063204050256
daily,110,blue,continuum,1634,224,557,ok,16,16,0.0,0.0,0.07670697415129779,0.96130578766572,1.9823888257144204
daily,110,core,continuum,1634,224,557,ok,16,16,0.0,0.0,0.026528740375909382,0.9865890701834239,1.978143256190885
daily,110,red,continuum,1634,224,557,ok,16,16,0.0,0.0,0.06232883630800891,0.9684764544513481,1.9772152917194432
daily,111,blue,continuum,1633,224,557,ok,16,16,0.0,0.0,0.08085456101753638,0.959210828567717,1.9822555393597219
daily,111,core,continuum,1633,224,557,ok,16,16,0.0,0.0,0.025437199659960857,0.9871423293676598,1.978367652067548
daily,111,red,continuum,1633,224,557,ok,16,16,0.0,0.0,0.0599898870754199,0.9696548964627213,1.9769214826280885
daily,112,blue,continuum,1632,224,557,ok,16,16,0.0,0.0,0.08054317379877018,0.9593651403166594,1.9821201408452536
daily,112,core,continuum,1632,224,557,ok,16,16,0.0,0.0,0.025202273006816885,0.9872625164337863,1.9785912088370416
daily,112,red,continuum,1632,224,557,ok,16,16,0.0,0.0,0.060297620643963185,0.9694946566220002,1.9766248783630878
daily,113,blue,continuum,1631,224,557,ok,16,16,0.0,0.0,0.08237284288212882,0.9584391699158206,1.9819826195792218
daily,113,core,continuum,1631,224,557,ok,16,16,0.0,0.0,0.025188895296211232,0.9872707104928488,1.9788139221800503
daily,113,red,continuum,1631,224,557,ok,16,16,0.0,0.0,0.05631135195076732,0.971507045284293,1.9763254640532288
daily,114,blue,continuum,1630,224,557,ok,16,16,0.0,0.0,0.08288870287595207,0.9581759481735967,1.9818429649043452
daily,114,core,continuum,1630,224,557,ok,16,16,0.0,0.0,0.02470317581263754,0.9875175699370975,1.9790357877553764
daily,114,red,continuum,1630,224,557,ok,16,16,0.0,0.0,0.05487007339329311,0.9722320706018088,1.9760232247229532
daily,115,blue,continuum,1629,224,557,ok,16,16,0.0,0.0,0.08711387976019455,0.9560408596157042,1.9817011660973125
daily,115,core,continuum,1629,224,557,ok,16,16,0.0,0.0,0.024007274432852818,0.9878705611023795,1.979256801199805
daily,115,red,continuum,1629,224,557,ok,16,16,0.0,0.0,0.05443869835430416,0.972446121181786,1.975718145291343
daily,116,blue,continuum,1628,224,557,ok,16,16,0.0,0.0,0.09128837066445039,0.9539309942227971,1.9815572123682368
daily,116,core,continuum,1628,224,557,ok,16,16,0.0,0.0,0.023333427639032935,0.9882123267243789,1.9794769581279745
daily,116,red,continuum,1628,224,557,ok,16,16,0.0,0.0,0.053367544312686005,0.9729840698265615,1.9754102105710891
daily,117,blue,continuum,1627,224,557,ok,16,16,0.0,0.0,0.09256827473697354,0.9532816410130448,1.9814110928601032
daily,117,core,continuum,1627,224,557,ok,16,16,0.0,0.0,0.0235949996973491,0.9880815051055943,1.9796962541322378
daily,117,red,continuum,1627,224,557,ok,16,16,0.0,0.0,0.05267555814172709,0.9733301736605028,1.9750994052674495
daily,118,blue,continuum,1626,224,557,ok,16,16,0.0,0.0,0.09420674679262277,0.952451160465943,1.9812627966482113
daily,118,core,continuum,1626,224,557,ok,16,16,0.0,0.0,0.023290424892311784,0.9882366522803633,1.9799146847825306
daily,118,red,continuum,1626,224,557,ok,16,16,0.0,0.0,0.05165509469367753,0.9738426836248248,1.9747857139771907
daily,119,blue,continuum,1625,224,557,ok,16,16,0.0,0.0,0.09448153231332235,0.9523088460428236,1.9811123127396084
daily,119,core,continuum,1625,224,557,ok,16,16,0.0,0.0,0.023775314317560567,0.9879930674478555,1.9801322456262318
daily,119,red,continuum,1625,224,557,ok,16,16,0.0,0.0,0.050667847076385275,0.9743384960885527,1.9744691211875185
daily,120,blue,continuum,1624,224,557,ok,16,16,0.0,0.0,0.09773204791752702,0.9506642909659148,1.9809596300725207
daily,120,core,continuum,1624,224,557,ok,16,16,0.0,0.0,0.024097436745950225,0.9878317217969634,1.9803489321880283
daily,120,red,continuum,1624,224,557,ok,16,16,0.0,0.0,0.04983053770834002,0.9747584795885064,1.9741496112749926
daily,121,blue,continuum,1623,224,557,ok,16,16,0.0,0.0,0.10099085984381621,0.9490152371250516,1.9808047375157753
daily,121,core,continuum,1623,224,557,ok,16,16,0.0,0.0,0.024604292020295147,0.9875771331662349,1.9805647399697754
daily,121,red,continuum,1623,224,557,ok,16,16,0.0,0.0,0.050913958882552506,0.974205462517202,1.9738271685044257
daily,122,blue,continuum,1622,224,557,ok,16,16,0.0,0.0,0.10126142400445266,0.9488745889050731,1.9806476238682178
daily,122,core,continuum,1622,224,557,ok,16,16,0.0,0.0,0.024797457010447464,0.9874809614337754,1.9807796644503566
daily,122,red,continuum,1622,224,557,ok,16,16,0.0,0.0,0.05274176404138012,0.9732750359511645,1.9735017770277712
daily,123,blue,continuum,1621,224,557,ok,16,16,0.0,0.0,0.10486297630820232,0.9470519581051948,1.9804882778581212
daily,123,core,continuum,1621,224,557,ok,16,16,0.0,0.0,0.023567281763449834,0.9881033030289115,1.980993701085544
daily,123,red,continuum,1621,224,557,ok,16,16,0.0,0.0,0.054524817405070064,0.9723669410767402,1.9731734208829939
daily,124,blue,continuum,1620,224,557,ok,16,16,0.0,0.0,0.10867862910470444,0.9451208582122188,1.98032668814259
daily,124,core,continuum,1620,224,557,ok,16,16,0.0,0.0,0.023822436543557986,0.9879757953592896,1.9812068453078568
daily,124,red,continuum,1620,224,557,ok,16,16,0.0,0.0,0.05643859669491693,0.9713922380545085,1.9728420839929242
daily,125,blue,continuum,1619,224,557,ok,16,16,0.0,0.0,0.11191816329226564,0.943480323514526,1.9801628433069585
daily,125,core,continuum,1619,224,557,ok,16,16,0.0,0.0,0.02375116956658336,0.9880130510217809,1.9814190925264175
daily,125,red,continuum,1619,224,557,ok,16,16,0.0,0.0,0.055343888617167096,0.9719423720324735,1.9725077501641008
daily,126,blue,continuum,1618,224,557,ok,16,16,0.0,0.0,0.11448238339972275,0.9421805190092728,1.9799967318641776
daily,126,core,continuum,1618,224,557,ok,16,16,0.0,0.0,0.02469346155785678,0.9875388159755969,1.9816304381268082
daily,126,red,continuum,1618,224,557,ok,16,16,0.0,0.0,0.05339883823791671,0.9729238213116014,1.9721704030855944
daily,127,blue,continuum,1617,224,557,ok,16,16,0.0,0.0,0.11825431962641188,0.9402704178425038,1.9798283422542018
daily,127,core,continuum,1617,224,557,ok,16,16,0.0,0.0,0.025572688529092877,0.9870964975948388,1.9818408774709262
daily,127,red,continuum,1617,224,557,ok,16,16,0.0,0.0,0.05333978332208121,0.9729490967223898,1.971830026327816
daily,128,blue,continuum,1616,224,557,ok,16,16,0.0,0.0,0.1221863661656932,0.9382790426551841,1.979657662843364
daily,128,core,continuum,1616,224,557,ok,16,16,0.0,0.0,0.02475777920453922,0.987509006263977,1.9820504058968385
daily,128,red,continuum,1616,224,557,ok,16,16,0.0,0.0,0.05105078239530694,0.9741054378412792,1.9714866033413103
daily,129,blue,continuum,1615,224,557,ok,16,16,0.0,0.0,0.12746006515449496,0.9356094713344162,1.979484681923744
daily,129,core,continuum,1615,224,557,ok,16,16,0.0,0.0,0.024700551153570963,0.9875371244255065,1.9819303342900216
daily,129,red,continuum,1615,224,557,ok,16,16,0.0,0.0,0.04694020841980333,0.9761862649924671,1.9711401174555314
daily,130,blue,continuum,1614,224,557,ok,16,16,0.0,0.0,0.13166168254792815,0.9334809992994131,1.9793093877125327
daily,130,core,continuum,1614,224,557,ok,16,16,0.0,0.0,0.024615297257287116,0.9875793743763791,1.9818081635497486
daily,130,red,continuum,1614,224,557,ok,16,16,0.0,0.0,0.04742363781587659,0.975936743876362,1.9707905518776023
daily,131,blue,continuum,1613,224,557,ok,16,16,0.0,0.0,0.13637361568865974,0.9310942212795368,1.9791317683513858
daily,131,core,continuum,1613,224,557,ok,16,16,0.0,0.0,0.027509756446148417,0.9861179895133286,1.9816838830774146
daily,131,red,continuum,1613,224,557,ok,16,16,0.0,0.0,0.04939729803715111,0.9749308017798541,1.9704378896910568
daily,132,blue,continuum,1612,224,557,ok,16,16,0.0,0.0,0.13886856015740184,0.9298272149316923,1.9789518119057716
daily,132,core,continuum,1612,224,557,ok,16,16,0.0,0.0,0.0307766256575542,0.9844684668833088,1.9815574822088688
daily,132,red,continuum,1612,224,557,ok,16,16,0.0,0.0,0.04501827344144614,0.9771490370249768,1.9700821138545637
daily,133,blue,continuum,1611,224,557,ok,16,16,0.0,0.0,0.13958820804821787,0.9294570653129328,1.9787695063643116
daily,133,core,continuum,1611,224,557,ok,16,16,0.0,0.0,0.03360426889612663,0.9830403866399048,1.9814289502138736
daily,133,red,continuum,1611,224,557,ok,16,16,0.0,0.0,0.04300996806127923,0.9781644609232153,1.9697232072006354
daily,134,blue,continuum,1610,224,557,ok,16,16,0.0,0.0,0.14274344590251353,0.9278557871045744,1.978584839638113
daily,134,core,continuum,1610,224,557,ok,16,16,0.0,0.0,0.03400775686142394,0.9828356198214595,1.9812982762955607
daily,134,red,continuum,1610,224,557,ok,16,16,0.0,0.0,0.0424546800457799,0.9784424101220328,1.9693611524343169
daily,135,blue,continuum,1609,224,557,ok,16,16,0.0,0.0,0.14779165837964575,0.9252972994548883,1.9783977995600932
daily,135,core,continuum,1609,224,557,ok,16,16,0.0,0.0,0.03576282287886836,0.9819485934976953,1.9811654495898812
daily,135,red,continuum,1609,224,557,ok,16,16,0.0,0.0,0.04134302867384543,0.9790029892905452,1.968995932131854
daily,136,blue,continuum,1608,224,557,ok,16,16,0.0,0.0,0.1505512765349221,0.923895137376601,1.9782083738842986
daily,136,core,continuum,1608,224,557,ok,16,16,0.0,0.0,0.03658059448243541,0.9815345623217459,1.9810304591650476
daily,136,red,continuum,1608,224,557,ok,16,16,0.0,0.0,0.038936843093671764,0.9802213255045733,1.9686275287393489
daily,137,blue,continuum,1607,224,557,ok,16,16,0.0,0.0,0.15370522942616546,0.9222932541166036,1.9780165502852118
daily,137,core,continuum,1607,224,557,ok,16,16,0.0,0.0,0.03532955320171712,0.9821648377990101,1.9808932940209718
daily,137,red,continuum,1607,224,557,ok,16,16,0.0,0.0,0.04043960414995651,0.9794540925064088,1.9682559245713902
daily,138,blue,continuum,1606,224,557,ok,16,16,0.0,0.0,0.16019568431655534,0.9190040060769366,1.9778223163570545
daily,138,core,continuum,1606,224,557,ok,16,16,0.0,0.0,0.034373646960226906,0.9826461802183131,1.980753943088695
daily,138,red,continuum,1606,224,557,ok,16,16,0.0,0.0,0.044152335805662794,0.9775635145004136,1.9678811018096705
daily,139,blue,continuum,1605,224,557,ok,16,16,0.0,0.0,0.16727530022914255,0.9154160953484646,1.9776256596130803
daily,139,core,continuum,1605,224,557,ok,16,16,0.0,0.0,0.032226782964174985,0.9837288794911153,1.9806123952298138
daily,139,red,continuum,1605,224,557,ok,16,16,0.0,0.0,0.04510565827567687,0.977074669110383,1.9675030425015758
daily,140,blue,continuum,1604,224,557,ok,16,16,0.0,0.0,0.1741018145462544,0.9119597666816611,1.9775255923815096
daily,140,core,continuum,1604,224,557,ok,16,16,0.0,0.0,0.03307814165979728,0.9832978210285827,1.9804686392358977
daily,140,red,continuum,1604,224,557,ok,16,16,0.0,0.0,0.04653361707187176,0.9763495424390678,1.9675567355085712
daily,141,blue,continuum,1603,224,557,ok,16,16,0.0,0.0,0.17907486960164823,0.9094403042093506,1.9774234888732736
daily,141,core,continuum,1603,224,557,ok,16,16,0.0,0.0,0.03311342990362588,0.9832787704203624,1.9803226638279017
daily,141,red,continuum,1603,224,557,ok,16,16,0.0,0.0,0.048206350742503096,0.9755000352990408,1.9676089876413552
daily,142,blue,continuum,1602,224,557,ok,16,16,0.0,0.0,0.18267700641592288,0.9076138068189399,1.9773193388097428
daily,142,core,continuum,1602,224,557,ok,16,16,0.0,0.0,0.03340492656462561,0.9831303113543969,1.980174457655572
daily,142,red,continuum,1602,224,557,ok,16,16,0.0,0.0,0.04834163599223268,0.9754319134872097,1.9676597917817338
daily,143,blue,continuum,1601,224,557,ok,16,16,0.0,0.0,0.18158960787354667,0.908158809514026,1.9772131318493646
daily,143,core,continuum,1601,224,557,ok,16,16,0.0,0.0,0.03395876531411562,0.9828493163948172,1.980024009296844
daily,143,red,continuum,1601,224,557,ok,16,16,0.0,0.0,0.04972823987526563,0.9747223316919191,1.9672795476696816
daily,144,blue,continuum,1600,224,557,ok,16,16,0.0,0.0,0.17691867058530664,0.9105162936065937,1.977104857587157
daily,144,core,continuum,1600,224,557,ok,16,16,0.0,0.0,0.03164492168743557,0.9840166774620952,1.9798713072572356
daily,144,red,continuum,1600,224,557,ok,16,16,0.0,0.0,0.04881853456848495,0.9751853765744776,1.9673292530514037
daily,145,blue,continuum,1599,224,557,ok,16,16,0.0,0.0,0.17298992879970337,0.9124985282894295,1.97699450555419
daily,145,core,continuum,1599,224,557,ok,16,16,0.0,0.0,0.031266282047727356,0.9842066858688385,1.9797163399692324
daily,145,red,continuum,1599,224,557,ok,16,16,0.0,0.0,0.05068612246642467,0.9742310565656965,1.966946087473323
daily,146,blue,continuum,1598,224,557,ok,16,16,0.0,0.0,0.17031172550650853,0.9138483127025548,1.9768820652170698
daily,146,core,continuum,1598,224,557,ok,16,16,0.0,0.0,0.028178882858431502,0.9857650711623933,1.9795590957916662
daily,146,red,continuum,1598,224,557,ok,16,16,0.0,0.0,0.05443652919427822,0.9723189022671446,1.966559625620125
daily,147,blue,continuum,1597,224,557,ok,16,16,0.0,0.0,0.16816429048494352,0.9149296574963741,1.9767675259774105
daily,147,core,continuum,1597,224,557,ok,16,16,0.0,0.0,0.027647338781698356,0.986032461915032,1.9793995630090873
daily,147,red,continuum,1597,224,557,ok,16,16,0.0,0.0,0.059862217605048236,0.9695538929978401,1.9661698489334434
daily,148,blue,continuum,1596,224,557,ok,16,16,0.0,0.0,0.1666055387214731,0.9157132194432358,1.9766508771713038
daily,148,core,continuum,1596,224,557,ok,16,16,0.0,0.0,0.025673802544019637,0.9870284392031016,1.9792377298311274
daily,148,red,continuum,1596,224,557,ok,16,16,0.0,0.0,0.06648165517014204,0.966180465023879,1.965776738712783
daily,149,blue,continuum,1595,224,557,ok,16,16,0.0,0.0,0.16411163732801348,0.916969910755276,1.9765321080687825
daily,149,core,continuum,1595,224,557,ok,16,16,0.0,0.0,0.024505628510938737,0.9876176263964086,1.9790735843918605
daily,149,red,continuum,1595,224,557,ok,16,16,0.0,0.0,0.07037729251749901,0.9641915137885421,1.9653802761139831
daily,150,blue,continuum,1594,224,557,ok,16,16,0.0,0.0,0.16167366280550144,0.9181983677478379,1.9764112078732783
daily,150,core,continuum,1594,224,557,ok,16,16,0.0,0.0,0.02495906240442319,0.9873874512763137,1.9789071147491486
daily,150,red,continuum,1594,224,557,ok,16,16,0.0,0.0,0.07679680552305268,0.9609172672278019,1.9649804421476595
daily,151,blue,continuum,1593,224,557,ok,16,16,0.0,0.0,0.1629717843642656,0.9175364265237081,1.9762881657210711
daily,151,core,continuum,1593,224,557,ok,16,16,0.0,0.0,0.022806162697897012,0.9884743916891366,1.9787383088839876
daily,151,red,continuum,1593,224,557,ok,16,16,0.0,0.0,0.08084774908255749,0.958847253060315,1.9645772176776195
daily,152,blue,continuum,1592,224,557,ok,16,16,0.0,0.0,0.16357019597920464,0.9172283873314058,1.976162970680738
daily,152,core,continuum,1592,224,557,ok,16,16,0.0,0.0,0.02397206580776297,0.9878841282941444,1.9785671546998431
daily,152,red,continuum,1592,224,557,ok,16,16,0.0,0.0,0.08362375370557476,0.957425411819374,1.9641705834192589
daily,153,blue,continuum,1591,224,557,ok,16,16,0.0,0.0,0.16447871887690613,0.9167632820488361,1.97603561175259
daily,153,core,continuum,1591,224,557,ok,16,16,0.0,0.0,0.027094731448814326,0.9863046812824806,1.9783936400219742
daily,153,red,continuum,1591,224,557,ok,16,16,0.0,0.0,0.08677738567117854,0.955810606848374,1.9637605199379315
daily,154,blue,continuum,1590,224,557,ok,16,16,0.0,0.0,0.16751809868688172,0.9152196045332153,1.9759060778681075
daily,154,core,continuum,1590,224,557,ok,16,16,0.0,0.0,0.02846852551364714,0.9856090031159223,1.978217752596759
daily,154,red,continuum,1590,224,557,ok,16,16,0.0,0.0,0.09399740668085901,0.952123895411898,1.9633470076472963
daily,155,blue,continuum,1589,224,557,ok,16,16,0.0,0.0,0.1645089004507628,0.9167369999545391,1.9757743578893663
daily,155,core,continuum,1589,224,557,ok,16,16,0.0,0.0,0.029295368911905872,0.9851896945400918,1.978039480091002
daily,155,red,continuum,1589,224,557,ok,16,16,0.0,0.0,0.1075300106290506,0.94521964147447,1.9629300268076397
daily,156,blue,continuum,1588,224,557,ok,16,16,0.0,0.0,0.16139239526715776,0.9183088218130158,1.9756404406084598
daily,156,core,continuum,1588,224,557,ok,16,16,0.0,0.0,0.02798363886723971,0.985851548793845,1.9778588100912418
daily,156,red,continuum,1588,224,557,ok,16,16,0.0,0.0,0.11812646439581143,0.9398084641458586,1.9625095575241724
daily,157,blue,continuum,1587,224,557,ok,16,16,0.0,0.0,0.16075266002772942,0.9186270266140503,1.9755043147469136
daily,157,core,continuum,1587,224,557,ok,16,16,0.0,0.0,0.025737554790068506,0.9869859581132001,1.9776757301030459
daily,157,red,continuum,1587,224,557,ok,16,16,0.0,0.0,0.1271830173601774,0.935179678871761,1.962085579745302
daily,158,blue,continuum,1586,224,557,ok,16,16,0.0,0.0,0.15854685272042884,0.9197379851571023,1.975365968955093
daily,158,core,continuum,1586,224,557,ok,16,16,0.0,0.0,0.02746813409853259,0.9861095980572506,1.977490227550298
daily,158,red,continuum,1586,224,557,ok,16,16,0.0,0.0,0.13007916282480841,0.9336891762137848,1.961658073260876
daily,159,blue,continuum,1585,224,557,ok,16,16,0.0,0.0,0.1564799295088484,0.9207786968730032,1.9752253918116063
daily,159,core,continuum,1585,224,557,ok,16,16,0.0,0.0,0.027836063155199126,0.9859222015272263,1.97730228977448
daily,159,red,continuum,1585,224,557,ok,16,16,0.0,0.0,0.13289704958273213,0.9322378039955018,1.961227017700403
daily,160,blue,continuum,1584,224,557,ok,16,16,0.0,0.0,0.15750759105886558,0.9202526551011433,1.9750825718226985
daily,160,core,continuum,1584,224,557,ok,16,16,0.0,0.0,0.026563390843637083,0.9865645486280067,1.9771119040339424
daily,160,red,continuum,1584,224,557,ok,16,16,0.0,0.0,0.13799494167448484,0.9296228697132269,1.960792392531245
daily,161,blue,continuum,1583,224,557,ok,16,16,0.0,0.0,0.15777371048727062,0.9201120487644543,1.974937497421641
daily,161,core,continuum,1583,224,557,ok,16,16,0.0,0.0,0.02560378740868611,0.9870486415154379,1.9769190575031659
daily,161,red,continuum,1583,224,557,ok,16,16,0.0,0.0,0.1439406300438575,0.9265741712755367,1.9603541770567803
daily,162,blue,continuum,1582,224,557,ok,16,16,0.0,0.0,0.15753740410535855,0.9202257497843593,1.9747901569681128
daily,162,core,continuum,1582,224,557,ok,16,16,0.0,0.0,0.02705648523226279,0.9863124599952434,1.9767237372720179
daily,162,red,continuum,1582,224,557,ok,16,16,0.0,0.0,0.14940403990253892,0.9237700400883038,1.959912350414541
daily,163,blue,continuum,1581,224,557,ok,16,16,0.0,0.0,0.15612652730329946,0.9209342033450182,1.9746405387475747
daily,163,core,continuum,1581,224,557,ok,16,16,0.0,0.0,0.027277789562506385,0.9861991238547804,1.9765259303449974
daily,163,red,continuum,1581,224,557,ok,16,16,0.0,0.0,0.15137466608856764,0.9227470151501531,1.959466891574321
daily,164,blue,continuum,1580,224,557,ok,16,16,0.0,0.0,0.15027128028946513,0.9238935702478098,1.97448863097064
daily,164,core,continuum,1580,224,557,ok,16,16,0.0,0.0,0.02830199838428727,0.9856794861910692,1.9763256236404703
daily,164,red,continuum,1580,224,557,ok,16,16,0.0,0.0,0.15351185560860647,0.9216383550839345,1.9590177793362527
daily,165,blue,continuum,1579,224,557,ok,16,16,0.0,0.0,0.14698172658739106,0.9255524389487906,1.9742987481656822
daily,165,core,continuum,1579,224,557,ok,16,16,0.0,0.0,0.027069448585347267,0.9863017376598799,1.9761228039898981
daily,165,red,continuum,1579,224,557,ok,16,16,0.0,0.0,0.1586003589066462,0.9190221618747202,1.9585649923288586
daily,166,blue,continuum,1578,224,557,ok,16,16,0.0,0.0,0.14643941358343576,0.9258198982385499,1.9741063992384194
daily,166,core,continuum,1578,224,557,ok,16,16,0.0,0.0,0.026244263955085875,0.9867179350802288,1.9759174581370573
daily,166,red,continuum,1578,224,557,ok,16,16,0.0,0.0,0.15401030083922015,0.9213474124999759,1.9581085090070682
daily,167,blue,continuum,1577,224,557,ok,16,16,0.0,0.0,0.1419911874491674,0.9280660848648394,1.973911571229959
daily,167,core,continuum,1577,224,557,ok,16,16,0.0,0.0,0.02579996443844778,0.9869414185189662,1.9757095727372451
daily,167,red,continuum,1577,224,557,ok,16,16,0.0,0.0,0.1474532339553155,0.9246783840697588,1.9576483076502056
daily,168,blue,continuum,1576,224,557,ok,16,16,0.0,0.0,0.13477656339510077,0.9317142472268801,1.9737142510956471
daily,168,core,continuum,1576,224,557,ok,16,16,0.0,0.0,0.024657502019238057,0.9875183432933924,1.9754991343564836
daily,168,red,continuum,1576,224,557,ok,16,16,0.0,0.0,0.14170753515382795,0.9275962256854822,1.9571843663599453
daily,169,blue,continuum,1575,224,557,ok,16,16,0.0,0.0,0.13251122164512436,0.9328552049484848,1.973514425704306
daily,169,core,continuum,1575,224,557,ok,16,16,0.0,0.0,0.024708193941904814,0.9874913342562044,1.975286129470706
daily,169,red,continuum,1575,224,557,ok,16,16,0.0,0.0,0.13593817799958413,0.930527408200674,1.9567166630582375
daily,170,blue,continuum,1574,224,557,ok,16,16,0.0,0.0,0.129563320962662,0.9343422045832614,1.9733120818374545
daily,170,core,continuum,1574,224,557,ok,16,16,0.0,0.0,0.024076004619365522,0.9878100533234939,1.9750705444649386
daily,170,red,continuum,1574,224,557,ok,16,16,0.0,0.0,0.128840282520993,0.9341389902781294,1.9562451754851977
daily,171,blue,continuum,1573,224,557,ok,16,16,0.0,0.0,0.12564731350790997,0.9363200777363616,1.973107206188524
daily,171,core,continuum,1573,224,557,ok,16,16,0.0,0.0,0.02450274747927349,0.9875926181087333,1.9748523656324708
daily,171,red,continuum,1573,224,557,ok,16,16,0.0,0.0,0.12264410082913585,0.9372911394084484,1.9557698811969635
daily,172,blue,continuum,1572,224,557,ok,16,16,0.0,0.0,0.12353324264893156,0.937384937863805,1.9728997853620642
daily,172,core,continuum,1572,224,557,ok,16,16,0.0,0.0,0.02568973258408157,0.9869901135710453,1.9746315791740159
daily,172,red,continuum,1572,224,557,ok,16,16,0.0,0.0,0.11630260642823281,0.9405190220542151,1.9552907575635206
daily,173,blue,continuum,1571,224,557,ok,16,16,0.0,0.0,0.12096386222732874,0.9386825711701557,1.9727484425839696
daily,173,core,continuum,1571,224,557,ok,16,16,0.0,0.0,0.027015147924378938,0.9863173439421076,1.97440817119686
daily,173,red,continuum,1571,224,557,ok,16,16,0.0,0.0,0.11144015641087493,0.9429917573224664,1.954807781766488
daily,174,blue,continuum,1570,224,557,ok,16,16,0.0,0.0,0.1192980588854964,0.9395222678179024,1.9725947812707574
daily,174,core,continuum,1570,224,557,ok,16,16,0.0,0.0,0.02887950999173533,0.9853714054107174,1.974182127714004
daily,174,red,continuum,1570,224,557,ok,16,16,0.0,0.0,0.11052394099224055,0.9434463709360292,1.9543209307968739
daily,175,blue,continuum,1569,224,557,ok,16,16,0.0,0.0,0.11834049771167653,0.9400029555535963,1.9724387893372295
daily,175,core,continuum,1569,224,557,ok,16,16,0.0,0.0,0.032282509005021345,0.9836457596017937,1.9739534346432899
daily,175,red,continuum,1569,224,557,ok,16,16,0.0,0.0,0.10569838438218994,0.9459019594509505,1.9538301814527896
daily,176,blue,continuum,1568,224,557,ok,16,16,0.0,0.0,0.11484670003319908,0.941769589733466,1.972280454620177
daily,176,core,continuum,1568,224,557,ok,16,16,0.0,0.0,0.03521062831346444,0.982160290595424,1.9737220778065223
daily,176,red,continuum,1568,224,557,ok,16,16,0.0,0.0,0.10417426750337427,0.9466685231737816,1.9533355103371308
daily,177,blue,continuum,1567,224,557,ok,16,16,0.0,0.0,0.11494302234272977,0.941716003059349,1.9721197648777073
daily,177,core,continuum,1567,224,557,ok,16,16,0.0,0.0,0.03905507753522822,0.9802101271020258,1.9734880429285742
daily,177,red,continuum,1567,224,557,ok,16,16,0.0,0.0,0.10477887879726897,0.9463452994323461,1.9528368938552185
daily,178,blue,continuum,1566,224,557,ok,16,16,0.0,0.0,0.11575503802653273,0.9412994019750336,1.9719567077885636
daily,178,core,continuum,1566,224,557,ok,16,16,0.0,0.0,0.04229661441628664,0.9785650139538138,1.9732513156364841
daily,178,red,continuum,1566,224,557,ok,16,16,0.0,0.0,0.1070929413095996,0.9451462073584845,1.9523343082124025
daily,179,blue,continuum,1565,224,557,ok,16,16,0.0,0.0,0.11495357645715086,0.941700940586027,1.9717912709514334
daily,179,core,continuum,1565,224,557,ok,16,16,0.0,0.0,0.04615786083266345,0.976605381211115,1.9730118814585427
daily,179,red,continuum,1565,224,557,ok,16,16,0.0,0.0,0.10864999516555233,0.944334229128764,1.9518277294116242
daily,180,blue,continuum,1564,224,557,ok,16,16,0.0,0.0,0.11242931101271672,0.942976275984389,1.9716234418842546
daily,180,core,continuum,1564,224,557,ok,16,16,0.0,0.0,0.05024198782275169,0.9745322593077697,1.9727697258233643
daily,180,red,continuum,1564,224,557,ok,16,16,0.0,0.0,0.11321618208236406,0.9419796094888261,1.951317133250941
daily,181,blue,continuum,1563,224,557,ok,16,16,0.0,0.0,0.11109400512858104,0.9436486726256318,1.9714532080235065
daily,181,core,continuum,1563,224,557,ok,16,16,0.0,0.0,0.053366902493992924,0.9729448767526149,1.9725248340589534
daily,181,red,continuum,1563,224,557,ok,16,16,0.0,0.0,0.10853174920821015,0.9443819748653324,1.9513772548633814
daily,182,blue,continuum,1562,224,557,ok,16,16,0.0,0.0,0.11087265132360449,0.9437560265354172,1.9712805567234999
daily,182,core,continuum,1562,224,557,ok,16,16,0.0,0.0,0.05562479780989191,0.9717966632415194,1.9722771913917516
daily,182,red,continuum,1562,224,557,ok,16,16,0.0,0.0,0.10320392413000584,0.94711385392912,1.9514359014114564
daily,183,blue,continuum,1561,224,557,ok,16,16,0.0,0.0,0.11034656221097335,0.9440179312592791,1.9711054752556536
daily,183,core,continuum,1561,224,557,ok,16,16,0.0,0.0,0.05707176609180574,0.971059335205095,1.9720267829456797
daily,183,red,continuum,1561,224,557,ok,16,16,0.0,0.0,0.10522908080287564,0.9460776557878766,1.9514930654520188
daily,184,blue,continuum,1560,224,557,ok,16,16,0.0,0.0,0.1100564364878215,0.9441600914722855,1.9709279508077664
daily,184,core,continuum,1560,224,557,ok,16,16,0.0,0.0,0.06016807666931741,0.969485301527364,1.9717735937411622
daily,184,red,continuum,1560,224,557,ok,16,16,0.0,0.0,0.10534141357248353,0.9460216332596082,1.9515487395000597
daily,185,blue,continuum,1559,224,557,ok,16,16,0.0,0.0,0.10811700393369672,0.9451391017253293,1.9707479704832762
daily,185,core,continuum,1559,224,557,ok,16,16,0.0,0.0,0.06289175370689302,0.9680998265348743,1.971517608694144
daily,185,red,continuum,1559,224,557,ok,16,16,0.0,0.0,0.10435778888862737,0.9465271403155107,1.9516029160284079
daily,186,blue,continuum,1558,224,557,ok,16,16,0.0,0.0,0.10577935747795243,0.9463203043316514,1.9705655213005155
daily,186,core,continuum,1558,224,557,ok,16,16,0.0,0.0,0.0632605241048747,0.9679085649737932,1.9712588126150903
daily,186,red,continuum,1558,224,557,ok,16,15,0.0625,0.0,0.10728563630292776,0.9450283969201005,1.9516555874674353
daily,187,blue,continuum,1557,224,557,ok,16,16,0.0,0.0,0.10630717294657539,0.9460473913132594,1.970380590191955
daily,187,core,continuum,1557,224,557,ok,16,16,0.0,0.0,0.0645984164981865,0.9672255156835763,1.970997190207978
daily,187,red,continuum,1557,224,557,ok,16,15,0.0625,0.0,0.10487861898360706,0.9462631262675338,1.9517067462047522
daily,188,blue,continuum,1556,224,557,ok,16,16,0.0,0.0,0.10298652840030108,0.9477276998611486,1.9701931640034385
daily,188,core,continuum,1556,224,557,ok,16,16,0.0,0.0,0.0667703723370071,0.9661190117494095,1.9707327260692706
daily,188,red,continuum,1556,224,557,ok,16,15,0.0625,0.0,0.10422365692057514,0.9466000686644398,1.951756384584903
daily,189,blue,continuum,1555,224,557,ok,16,16,0.0,0.0,0.09703918316770134,0.9507416121380394,1.9700032294934093
daily,189,core,continuum,1555,224,557,ok,16,16,0.0,0.0,0.06860493993364114,0.9651833826818478,1.9704654046868826
daily,189,red,continuum,1555,224,557,ok,16,16,0.0,0.0,0.09678145497366528,0.9504143702783231,1.9518044949090596
daily,190,blue,continuum,1554,224,557,ok,16,16,0.0,0.0,0.0912443066793801,0.9536786436978252,1.9698107733321293
daily,190,core,continuum,1554,224,557,ok,16,16,0.0,0.0,0.0718683046485206,0.9635222417211632,1.9701952104391292
daily,190,red,continuum,1554,224,557,ok,16,16,0.0,0.0,0.09322408218049863,0.9522381171184859,1.9518510694347107
daily,191,blue,continuum,1553,224,557,ok,16,16,0.0,0.0,0.08398568623929775,0.9573593555644062,1.9696157821008846
daily,191,core,continuum,1553,224,557,ok,16,16,0.0,0.0,0.06943302434259864,0.9647534167112414,1.9699221275936625
daily,191,red,continuum,1553,224,557,ok,16,16,0.0,0.0,0.09240289778802549,0.9526599301211491,1.951896100375349
daily,192,blue,continuum,1552,224,557,ok,16,16,0.0,0.0,0.08083026926206846,0.9589572862044621,1.9694182422911857
daily,192,core,continuum,1552,224,557,ok,16,16,0.0,0.0,0.06685963363792143,0.9660550023327943,1.9696461403063952
daily,192,red,continuum,1552,224,557,ok,16,16,0.0,0.0,0.09085145371600904,0.9534558063930154,1.951939579900156
daily,193,blue,continuum,1551,224,557,ok,16,16,0.0,0.0,0.07907822137257059,0.9598428331762349,1.969218140303957
daily,193,core,continuum,1551,224,557,ok,16,16,0.0,0.0,0.0635520268034761,0.9677297226485714,1.969367232620408
daily,193,red,continuum,1551,224,557,ok,16,16,0.0,0.0,0.0922187069387209,0.9527563622235122,1.951981500133681
daily,194,blue,continuum,1550,224,557,ok,16,16,0.0,0.0,0.07856605958830179,0.9600988102497706,1.9690154624487155
daily,194,core,continuum,1550,224,557,ok,16,16,0.0,0.0,0.062200819366807214,0.9684113143436097,1.9690853884648445
daily,194,red,continuum,1550,224,557,ok,16,16,0.0,0.0006451612903225806,0.09584523223715713,0.950903367708696,1.952175287064105
daily,195,blue,continuum,1549,224,557,ok,16,16,0.0,0.0,0.07566581671649913,0.9615677443611065,1.9688101949427395
daily,195,core,continuum,1549,224,557,ok,16,16,0.0,0.0,0.06135684099129371,0.9688354212958896,1.968800591653793
daily,195,red,continuum,1549,224,557,ok,16,15,0.0625,0.0,0.10061932793575237,0.948462930100355,1.952368035894983
daily,196,blue,continuum,1548,224,557,ok,16,16,0.0,0.0,0.07077317073532044,0.9640490261157755,1.9686023239102304
daily,196,core,continuum,1548,224,557,ok,16,16,0.0,0.0,0.05985457730715117,0.9695940120277157,1.9685128258851488
daily,196,red,continuum,1548,224,557,ok,16,16,0.0,0.0006459948320413437,0.09522189928321634,0.9512322735761065,1.952559741160353
daily,197,blue,continuum,1547,224,557,ok,16,16,0.0,0.0,0.06850676656583761,0.9651965806124361,1.9683918353814607
daily,197,core,continuum,1547,224,557,ok,16,16,0.0,0.0,0.05774796531368576,0.9706598325184774,1.9682220747394679
daily,197,red,continuum,1547,224,557,ok,16,16,0.0,0.0,0.09082914237741652,0.9534865579850956,1.9527503973649591
daily,198,blue,continuum,1546,224,557,ok,16,16,0.0,0.0,0.0679148563796628,0.9654935520580559,1.9681787152919132
daily,198,core,continuum,1546,224,557,ok,16,16,0.0,0.0,0.054977646715325325,0.9720631863926705,1.9679283216787986
daily,198,red,continuum,1546,224,557,ok,16,16,0.0,0.0,0.08556051392704939,0.9561888670560496,1.9529399989840655
daily,199,blue,continuum,1545,224,557,ok,16,16,0.0,0.0,0.0676785476551684,0.9656098466320198,1.96796294948141
daily,199,core,continuum,1545,224,557,ok,16,16,0.0,0.0,0.05414303441830022,0.9724831437994333,1.967631550045505
daily,199,red,continuum,1545,224,557,ok,16,16,0.0,0.0,0.08300486309510574,0.9575015871329094,1.953128540463261
daily,200,blue,continuum,1544,224,557,ok,16,16,0.0,0.0,0.06635039846682378,0.9662809893927228,1.9677445236932312
daily,200,core,continuum,1544,224,557,ok,16,16,0.0,0.0,0.05324553262349407,0.9729351530003544,1.9673317430610695
daily,200,red,continuum,1544,224,557,ok,16,16,0.0,0.0,0.08194167736475347,0.9580499639155178,1.95331601621827
gap_limited,0,blue,continuum,1363,224,557,ok,16,16,0.0,0.0,0.20779734636861058,0.8959557529301335,1.9972016927478278
gap_limited,0,core,continuum,1363,224,557,ok,16,16,0.0,0.0,0.1107221603082065,0.943296314162025,1.9526448531861544
gap_limited,0,red,continuum,1363,224,557,ok,16,16,0.0,0.0,0.193645803574336,0.9027796352265508,1.9918234623536448
gap_limited,1,blue,continuum,1356,224,557,ok,16,16,0.0,0.0,0.2185329151446953,0.8905737055297148,1.9970786382064523
gap_limited,1,core,continuum,1356,224,557,ok,16,16,0.0,0.0,0.11625343007702403,0.9404125904117608,1.9509730475004416
gap_limited,1,red,continuum,1356,224,557,ok,16,16,0.0,0.0,0.19969123184892457,0.8997670821752038,1.9922719619713987
gap_limited,2,blue,continuum,1350,224,557,ok,16,16,0.0,0.0,0.22272588783173736,0.8884719096390085,1.997038478026686
gap_limited,2,core,continuum,1350,224,557,ok,16,16,0.0,0.0,0.11832722658153436,0.9393090928504053,1.9496697633778013
gap_limited,2,red,continuum,1350,224,557,ok,16,16,0.0,0.0,0.2099479014234537,0.8946364067537877,1.9926038487777298
gap_limited,3,blue,continuum,1344,224,557,ok,16,16,0.0,0.0,0.22836068573837304,0.8856478164854027,1.9969945367000554
gap_limited,3,core,continuum,1344,224,557,ok,16,16,0.0,0.0,0.12195934004993955,0.9374031640056051,1.948330744078824
gap_limited,3,red,continuum,1344,224,557,ok,16,16,0.0,0.0,0.2187441099439748,0.8902396781669876,1.9929251872709384
gap_limited,4,blue,continuum,1338,224,557,ok,16,16,0.0,0.0,0.23820270035848345,0.8807165467562381,1.9969467170916317
gap_limited,4,core,continuum,1338,224,557,ok,16,16,0.0,0.0,0.13025742554766953,0.9330968540393452,1.9469551644742213
gap_limited,4,red,continuum,1338,224,557,ok,16,16,0.0,0.0,0.2303083930095066,0.8844550104326953,1.9932356554098123
gap_limited,5,blue,continuum,1332,224,557,ok,16,16,0.0,0.0,0.24428182925857345,0.8776638883359968,1.9968088402997048
gap_limited,5,core,continuum,1332,224,557,ok,16,16,0.0,0.0,0.1394147078158919,0.9283603802977602,1.94605594495546
gap_limited,5,red,continuum,1332,224,557,ok,16,16,0.0,0.0,0.24117649426872506,0.8790206824834973,1.9935349216681306
gap_limited,6,blue,continuum,1326,224,557,ok,16,16,0.0,0.0,0.25329620670951625,0.8731395921826445,1.9966529437158504
gap_limited,6,core,continuum,1326,224,557,ok,16,16,0.0,0.0,0.14694211189782697,0.9244586779674155,1.945188513307248
gap_limited,6,red,continuum,1326,224,557,ok,16,16,0.0,0.0,0.25012273409241004,0.8745511619324842,1.9938226447166882
gap_limited,7,blue,continuum,1320,224,557,ok,16,16,0.0,0.0,0.2604402128160539,0.8695502077829629,1.9964785561539566
gap_limited,7,core,continuum,1320,224,557,ok,16,16,0.0,0.0,0.15412953809081575,0.9207257562119149,1.9442574375459545
gap_limited,7,red,continuum,1320,224,557,ok,16,16,0.0,0.0007575757575757576,0.26071769672869904,0.8692553551157788,1.9940984730929001
gap_limited,8,blue,continuum,1314,224,557,ok,16,16,0.0,0.0,0.2631745285276571,0.8681678702850635,1.996285193121929
gap_limited,8,core,continuum,1314,224,557,ok,16,16,0.0,0.0,0.1623141746098797,0.9164753177049756,1.9433078959409429
gap_limited,8,red,continuum,1314,224,557,ok,16,16,0.0,0.00076103500761035,0.2680345725511172,0.8656038540032087,1.9943620448574215
gap_limited,9,blue,continuum,1308,224,557,ok,16,16,0.0,0.0,0.26413261176880315,0.8676903044159087,1.9963209090820544
gap_limited,9,core,continuum,1308,224,557,ok,16,16,0.0,0.0,0.16801751553559977,0.9134945915802313,1.942277582463889
gap_limited,9,red,continuum,1308,224,557,ok,16,16,0.0,0.0007645259938837921,0.27781035351136524,0.860706951493081,1.9944308527181498
gap_limited,10,blue,continuum,1302,224,557,ok,16,16,0.0,0.0,0.26457663471283227,0.8674700805561821,1.9963539993321409
gap_limited,10,core,continuum,1302,224,557,ok,16,16,0.0,0.0,0.1755448329976477,0.9095694719786542,1.9412120755969815
gap_limited,10,red,continuum,1302,224,557,ok,16,16,0.0,0.0007680491551459293,0.28684485583344377,0.8561840537143832,1.994527472383162
gap_limited,11,blue,continuum,1296,224,557,ok,16,16,0.0,0.0,0.26569828751863633,0.8669147189208755,1.9964513383014006
gap_limited,11,core,continuum,1296,224,557,ok,16,16,0.0,0.0,0.18298361417788495,0.9057262090743465,1.940980758079306
gap_limited,11,red,continuum,1296,224,557,ok,16,16,0.0,0.0007716049382716049,0.2958234909999218,0.8516890188546473,1.9946162362043776
gap_limited,12,blue,continuum,1290,224,557,ok,16,16,0.0,0.0,0.2798713146069328,0.8598223370480853,1.9965471581798115
gap_limited,12,core,continuum,1290,224,557,ok,16,16,0.0,0.0,0.19134916401024918,0.9014034561728218,1.9407289199269435
gap_limited,12,red,continuum,1290,224,557,ok,16,16,0.0,0.0007751937984496124,0.3079284579056193,0.8456264410046934,1.9946968892190995
gap_limited,13,blue,continuum,1283,224,557,ok,16,16,0.0,0.0,0.284026614185235,0.8577475288422587,1.9966374705032908
gap_limited,13,core,continuum,1283,224,557,ok,16,16,0.0,0.0,0.20040069603577484,0.8967207015288456,1.9403762322392826
gap_limited,13,red,continuum,1283,224,557,ok,16,16,0.0,0.000779423226812159,0.3266052445843441,0.8362712668945965,1.9947949171150419
gap_limited,14,blue,continuum,1276,224,557,ok,16,16,0.0,0.0,0.29221495390735686,0.8536525149063501,1.996720023718645
gap_limited,14,core,continuum,1276,224,557,ok,16,16,0.0,0.0,0.21231527489178587,0.8905260168885556,1.9394130811486885
gap_limited,14,red,continuum,1276,224,557,ok,16,16,0.0,0.0007836990595611285,0.3439741832476406,0.8275543855350141,1.9946821165317756
gap_limited,15,blue,continuum,1269,224,557,ok,16,16,0.0,0.0,0.30450758163848113,0.8475017948473564,1.996794528392536
gap_limited,15,core,continuum,1269,224,557,ok,16,16,0.0,0.0,0.22352964297639474,0.8846837962645869,1.9384061886850847
gap_limited,15,red,continuum,1269,224,557,ok,16,16,0.0,0.0007880220646178094,0.35675820081209386,0.8211341731859088,1.9945576366742186
gap_limited,16,blue,continuum,1262,224,557,ok,16,16,0.0,0.0,0.30991379391692414,0.8448099716047022,1.9969955358698435
gap_limited,16,core,continuum,1262,224,557,ok,16,16,0.0,0.0,0.2359678113858361,0.8782009879224318,1.9373540668421774
gap_limited,16,red,continuum,1262,224,557,ok,16,16,0.0,0.000792393026941363,0.3703160641019595,0.8143240343136072,1.9944211020150253
gap_limited,17,blue,continuum,1255,224,557,ok,16,16,0.0,0.0,0.32019661973477054,0.8396866749270191,1.9973175628975592
gap_limited,17,core,continuum,1255,224,557,ok,16,16,0.0,0.0,0.24974631790052226,0.8710158030784128,1.9362551681610216
gap_limited,17,red,continuum,1255,224,557,ok,16,16,0.0,0.0007968127490039841,0.38836224733704905,0.8052608109848183,1.9942685871346244
gap_limited,18,blue,continuum,1248,224,557,ok,16,16,0.0,0.0,0.32614741780763407,0.8367322824771645,1.997623429518559
gap_limited,18,core,continuum,1248,224,557,ok,16,16,0.0,0.0,0.26229262355186245,0.8644558136099194,1.9351078828052013
gap_limited,18,red,continuum,1248,224,557,ok,16,16,0.0,0.0008012820512820513,0.3939135555257779,0.8024615011621196,1.9941103017547084
gap_limited,19,blue,continuum,1241,224,557,ok,16,16,0.0,0.0,0.3249182163506925,0.8373711438829687,1.9979124499091006
gap_limited,19,core,continuum,1241,224,557,ok,16,16,0.0,0.0,0.2689816980813524,0.8609267520277091,1.9341009288496995
gap_limited,19,red,continuum,1241,224,557,ok,16,16,0.0,0.0008058017727639,0.3987690885424957,0.8000147024618163,1.9939920256705748
gap_limited,20,blue,continuum,1234,224,557,ok,16,16,0.0,0.0008103727714748784,0.3309965083998718,0.8343513293818408,1.9981839103487873
gap_limited,20,core,continuum,1234,224,557,ok,16,16,0.0,0.0,0.2694132415337344,0.8606289549915885,1.9330646585700384
gap_limited,20,red,continuum,1234,224,557,ok,16,16,0.0,0.0008103727714748784,0.4036559045237803,0.7975514005580197,1.9938685949737276
gap_limited,21,blue,continuum,1228,224,557,ok,16,16,0.0,0.0008143322475570033,0.3348731155582642,0.8324252943232662,1.9983512082322474
gap_limited,21,core,continuum,1228,224,557,ok,16,16,0.0,0.0,0.27244153313203634,0.8589904255998058,1.9320782598692892
gap_limited,21,red,continuum,1228,224,557,ok,16,16,0.0,0.0,0.4057370791418481,0.7964912908077907,1.993708675920295
gap_limited,22,blue,continuum,1222,224,557,ok,16,15,0.0625,0.0,0.3454479764806159,0.8271473063456396,1.9985108081183882
gap_limited,22,core,continuum,1222,224,557,ok,16,16,0.0,0.0,0.2645271203910441,0.863014741268211,1.9310626766707535
gap_limited,22,red,continuum,1222,224,557,ok,16,16,0.0,0.0,0.4097317045628447,0.7944704820423736,1.9935418942952912
gap_limited,23,blue,continuum,1216,224,557,ok,16,15,0.0625,0.0,0.344872298822466,0.8274494996127822,1.9986745796073826
gap_limited,23,core,continuum,1216,224,557,ok,16,16,0.0,0.0,0.2640138190995877,0.8632064867509174,1.9300170953198201
gap_limited,23,red,continuum,1216,224,557,ok,16,16,0.0,0.0,0.41210858523180205,0.7932601649279964,1.9933680661410627
gap_limited,24,blue,continuum,1210,224,557,ok,16,15,0.0625,0.0,0.3379525325029665,0.8309241586060705,1.9988221245374223
gap_limited,24,core,continuum,1210,224,557,ok,16,16,0.0,0.0,0.26140824103535043,0.864497365694322,1.9291746051640901
gap_limited,24,red,continuum,1210,224,557,ok,16,16,0.0,0.0,0.41587375920876657,0.7913523624349406,1.9931870020770832
gap_limited,25,blue,continuum,1204,224,557,ok,16,15,0.0625,0.0,0.3347120475824784,0.8325515742666978,1.9988963534096151
gap_limited,25,core,continuum,1204,224,557,ok,16,16,0.0,0.0,0.26126569639423114,0.86452690954321,1.9285431188828113
gap_limited,25,red,continuum,1204,224,557,ok,16,16,0.0,0.0,0.41607324140850743,0.7912325373435714,1.9929985071152807
gap_limited,26,blue,continuum,1198,224,557,ok,16,16,0.0,0.0008347245409015025,0.31643274709904834,0.841699398964644,1.998935853871925
gap_limited,26,core,continuum,1198,224,557,ok,16,16,0.0,0.0,0.2584626070353582,0.8659498316754488,1.9281035620156028
gap_limited,26,red,continuum,1198,224,557,ok,16,16,0.0,0.0,0.41250972943706976,0.7930001823160329,1.9928023804680866
gap_limited,27,blue,continuum,1192,224,557,ok,16,16,0.0,0.0,0.3057212413882304,0.8470582867931921,1.9989395631709308
gap_limited,27,core,continuum,1192,224,557,ok,16,16,0.0,0.0,0.2502924150298854,0.8701547317069578,1.9276206081303728
gap_limited,27,red,continuum,1192,224,557,ok,16,16,0.0,0.0,0.41137359355842223,0.7935471683318223,1.9925790808217365
gap_limited,28,blue,continuum,1186,224,557,ok,16,16,0.0,0.0,0.2948368708323631,0.8525009109173456,1.9989063842092254
gap_limited,28,core,continuum,1186,224,557,ok,16,16,0.0,0.0,0.2446563369943397,0.8730438223374399,1.9270928087061496
gap_limited,28,red,continuum,1186,224,557,ok,16,16,0.0,0.0,0.4040012057694786,0.7972227207054474,1.9923396110992786
gap_limited,29,blue,continuum,1180,224,557,ok,16,16,0.0,0.0,0.28367695146058847,0.8580866425009841,1.998944683290687
gap_limited,29,core,continuum,1180,224,557,ok,16,16,0.0,0.0,0.2337892044667705,0.8786467999221792,1.9265186605449818
gap_limited,29,red,continuum,1180,224,557,ok,16,16,0.0,0.0,0.40365263884151964,0.7973716319722806,1.9920835506423276
gap_limited,30,blue,continuum,1174,224,557,ok,16,16,0.0,0.0,0.2751795140892327,0.8623461975733823,1.999069471661917
gap_limited,30,core,continuum,1174,224,557,ok,16,16,0.0,0.0,0.223965155150621,0.8837694873797518,1.9269049933761087
gap_limited,30,red,continuum,1174,224,557,ok,16,16,0.0,0.0,0.4085390704272166,0.7948905896283355,1.991810466847578
gap_limited,31,blue,continuum,1168,224,557,ok,16,16,0.0,0.0,0.26860049450117063,0.8656443966429557,1.9991759762142267
gap_limited,31,core,continuum,1168,224,557,ok,16,16,0.0,0.0,0.216456826511091,0.8876861818768863,1.927250182820961
gap_limited,31,red,continuum,1168,224,557,ok,16,16,0.0,0.0,0.4125788994389954,0.7928321497672656,1.9915199147720082
gap_limited,32,blue,continuum,1162,224,557,ok,16,16,0.0,0.0,0.26781871133449203,0.8660413218411582,1.99926361632895
gap_limited,32,core,continuum,1162,224,557,ok,16,16,0.0,0.0,0.20644120121899734,0.8928998387463309,1.9275526647437697
gap_limited,32,red,continuum,1162,224,557,ok,16,16,0.0,0.0,0.41836280096755996,0.7898953404686664,1.991211436722887
gap_limited,33,blue,continuum,1157,224,557,ok,16,16,0.0,0.0,0.2586949502677428,0.8706083958054707,1.9993178991645921
gap_limited,33,core,continuum,1157,224,557,ok,16,16,0.0,0.0,0.19894625154747633,0.8968294177050047,1.9283234340834676
gap_limited,33,red,continuum,1157,224,557,ok,16,16,0.0,0.0,0.41449720235720006,0.7917952821796415,1.9908156102151018
gap_limited,34,blue,continuum,1151,224,557,ok,16,16,0.0,0.0,0.24641322125246418,0.876753911039571,1.9993593576148352
gap_limited,34,core,continuum,1151,224,557,ok,16,16,0.0,0.0,0.1925691665672668,0.9001472547620883,1.9285315201744986
gap_limited,34,red,continuum,1151,224,557,ok,16,16,0.0,0.0,0.4189836669099265,0.7895053124063653,1.990471454171733
gap_limited,35,blue,continuum,1147,224,557,ok,16,16,0.0,0.0,0.2365837832027639,0.8816734234699594,1.9994137423784948
gap_limited,35,core,continuum,1147,224,557,ok,16,16,0.0,0.0,0.18439747556233504,0.904441562902629,1.9296828324477493
gap_limited,35,red,continuum,1147,224,557,ok,16,16,0.0,0.0,0.417003792493177,0.7904467039467944,1.9899653231285832
gap_limited,36,blue,continuum,1142,224,557,ok,16,16,0.0,0.0,0.22603554184277042,0.8869508997352873,1.9994457391831655
gap_limited,36,core,continuum,1142,224,557,ok,16,16,0.0,0.0,0.17992364102227473,0.9067865122542144,1.9302318298931946
gap_limited,36,red,continuum,1142,224,557,ok,16,16,0.0,0.0,0.415808583257762,0.7910038001758279,1.989550927756488
gap_limited,37,blue,continuum,1137,224,557,ok,16,16,0.0,0.0,0.21928779228151749,0.8903314778191942,1.9995509004852567
gap_limited,37,core,continuum,1137,224,557,ok,16,16,0.0,0.0,0.17033259164886605,0.9117788285015075,1.930745066696112
gap_limited,37,red,continuum,1137,224,557,ok,16,16,0.0,0.0,0.41728385597978507,0.7902165752707432,1.9891173791176544
gap_limited,38,blue,continuum,1132,224,557,ok,16,16,0.0,0.0,0.21278445982295457,0.8935874259248836,1.99961763609581
gap_limited,38,core,continuum,1132,224,557,ok,16,16,0.0,0.0,0.1608741072176678,0.9166982662061279,1.9312215951680722
gap_limited,38,red,continuum,1132,224,557,ok,16,16,0.0,0.0,0.42037092762271194,0.7886164376876015,1.9886642226298377
gap_limited,39,blue,continuum,1127,224,557,ok,16,16,0.0,0.0,0.20638243640786832,0.8967904619623486,1.9996449972732064
gap_limited,39,core,continuum,1127,224,557,ok,16,16,0.0,0.0,0.15343856275579174,0.9205664930596895,1.9316604373402735
gap_limited,39,red,continuum,1127,224,557,ok,16,16,0.0,0.0,0.41590182122549174,0.7908139494744577,1.9881909916106417
gap_limited,40,blue,continuum,1122,224,557,ok,16,16,0.0,0.0,0.20734606209916068,0.8963078900113834,1.999632007892629
gap_limited,40,core,continuum,1122,224,557,ok,16,16,0.0,0.0,0.14738058491007358,0.9237184454014826,1.9320605837906983
gap_limited,40,red,continuum,1122,224,557,ok,16,16,0.0,0.0,0.40789487970786953,0.7948257684919586,1.9880414646119098
gap_limited,41,blue,continuum,1117,224,557,ok,16,16,0.0,0.0,0.209777247949957,0.8950909534804936,1.9996106618979872
gap_limited,41,core,continuum,1117,224,557,ok,16,16,0.0,0.0,0.1466342724854952,0.9241190923037466,1.932426442135658
gap_limited,41,red,continuum,1117,224,557,ok,16,16,0.0,0.0008952551477170994,0.4053026534784404,0.7961016062589921,1.987767760413338
gap_limited,42,blue,continuum,1112,224,557,ok,16,16,0.0,0.0,0.2145892131529451,0.892682641502356,1.9995759880509554
gap_limited,42,core,continuum,1112,224,557,ok,16,16,0.0,0.0,0.150207950622068,0.9222832927665895,1.9327626705920622
gap_limited,42,red,continuum,1112,224,557,ok,16,16,0.0,0.0,0.38771451464024886,0.8049432017962874,1.98770059906002
gap_limited,43,blue,continuum,1107,224,557,ok,16,16,0.0,0.0,0.21386216397481686,0.8930436572927628,1.9995276442857084
gap_limited,43,core,continuum,1107,224,557,ok,16,16,0.0,0.0,0.15020565042144157,0.922296782131878,1.9330685979616806
gap_limited,43,red,continuum,1107,224,557,ok,16,16,0.0,0.0,0.3712712926817052,0.8131976414990314,1.987508592830642
gap_limited,44,blue,continuum,1102,224,557,ok,16,16,0.0,0.0,0.20733345594764396,0.8963055482415916,1.999465279306341
gap_limited,44,core,continuum,1102,224,557,ok,16,16,0.0,0.0,0.15189922914308562,0.9214318477760255,1.9333435347959564
gap_limited,44,red,continuum,1102,224,557,ok,16,16,0.0,0.0,0.36176471470510607,0.8179618592654717,1.987301744817744
gap_limited,45,blue,continuum,1097,224,557,ok,16,16,0.0,0.0,0.21043982132953548,0.8947540647686648,1.9995054523196496
gap_limited,45,core,continuum,1097,224,557,ok,16,16,0.0,0.0,0.15450561418830033,0.9200183639101438,1.931763611521016
gap_limited,45,red,continuum,1097,224,557,ok,16,16,0.0,0.0009115770282588879,0.3631010650104048,0.8172707162444602,1.9870983870115273
gap_limited,46,blue,continuum,1092,224,557,ok,16,16,0.0,0.0,0.21456986762926605,0.8926899996534858,1.9995328202068738
gap_limited,46,core,continuum,1092,224,557,ok,16,16,0.0,0.0,0.15408459969783672,0.9202078050045618,1.9310735806509138
gap_limited,46,red,continuum,1092,224,557,ok,16,16,0.0,0.0009157509157509158,0.35828378927429844,0.8196743079925223,1.9868704524890508
gap_limited,47,blue,continuum,1087,224,557,ok,16,16,0.0,0.0,0.2080970787419374,0.8959260860545032,1.9995123739741079
gap_limited,47,core,continuum,1087,224,557,ok,16,16,0.0,0.0,0.15240067412182143,0.9210505522345457,1.9303576964157938
gap_limited,47,red,continuum,1087,224,557,ok,16,16,0.0,0.0009199632014719411,0.34817034945164926,0.8247421083891164,1.9866172430321978
gap_limited,48,blue,continuum,1082,224,557,ok,16,16,0.0,0.0,0.1991197370223157,0.9004170316119731,1.9995360677183451
gap_limited,48,core,continuum,1082,224,557,ok,16,16,0.0,0.0,0.14676540291204837,0.9239741662676451,1.9304675227729629
gap_limited,48,red,continuum,1082,224,557,ok,16,16,0.0,0.0009242144177449168,0.3355821157567562,0.8310548812734755,1.9863380385672522
gap_limited,49,blue,continuum,1077,224,557,ok,16,16,0.0,0.0,0.19300842079926286,0.903473908424674,1.9995466267133075
gap_limited,49,core,continuum,1077,224,557,ok,16,16,0.0,0.0,0.14359837866267885,0.9256185332497198,1.930566644306431
gap_limited,49,red,continuum,1077,224,557,ok,16,16,0.0,0.0009285051067780873,0.32782959052552674,0.8349323804339515,1.9860320963455358
gap_limited,50,blue,continuum,1072,224,557,ok,16,16,0.0,0.0,0.18896357820573137,0.9054961635480779,1.9995334083803553
gap_limited,50,core,continuum,1072,224,557,ok,16,16,0.0,0.0,0.14124776565563388,0.9268394488056216,1.930654749721012
gap_limited,50,red,continuum,1072,224,557,ok,16,16,0.0,0.0009328358208955224,0.3192606893414648,0.8392199695923177,1.985698650086896
gap_limited,51,blue,continuum,1067,224,557,ok,16,16,0.0,0.0,0.18441070138681145,0.907771874978496,1.9995061305194486
gap_limited,51,core,continuum,1067,224,557,ok,16,16,0.0,0.0,0.1415325090621533,0.9266948782299078,1.9307315184066354
gap_limited,51,red,continuum,1067,224,557,ok,16,16,0.0,0.0009372071227741331,0.3083351864211651,0.8447088294374223,1.9855294110035389
gap_limited,52,blue,continuum,1063,224,557,ok,16,16,0.0,0.0,0.17709911276334117,0.9114260628377719,1.999449481837693
gap_limited,52,core,continuum,1063,224,557,ok,16,16,0.0,0.0,0.14225132013790415,0.9263383744072916,1.9311455455034832
gap_limited,52,red,continuum,1063,224,557,ok,16,16,0.0,0.0009407337723424271,0.2953953734407531,0.851194740419313,1.9851137941840036
gap_limited,53,blue,continuum,1059,224,557,ok,16,16,0.0,0.0,0.17042130060339258,0.9147612075474771,1.999339686778359
gap_limited,53,core,continuum,1059,224,557,ok,16,16,0.0,0.0,0.134843067333711,0.9301584993870219,1.9307011755221946
gap_limited,53,red,continuum,1059,224,557,ok,16,16,0.0,0.0009442870632672333,0.285199339394544,0.8563116719936112,1.9848469486113265
gap_limited,54,blue,continuum,1055,224,557,ok,16,16,0.0,0.0,0.17061199498534177,0.9146588212800338,1.9991755157867983
gap_limited,54,core,continuum,1055,224,557,ok,16,16,0.0,0.0,0.13119287396367355,0.9320634304893376,1.9311083104230524
gap_limited,54,red,continuum,1055,224,557,ok,16,16,0.0,0.0009478672985781991,0.2767083833434659,0.8605676744803792,1.9845353816789617
gap_limited,55,blue,continuum,1050,224,557,ok,16,16,0.0,0.0,0.17521629693024607,0.9123453541658331,1.998939078046544
gap_limited,55,core,continuum,1050,224,557,ok,16,16,0.0,0.0,0.12885841321508534,0.9332429359086215,1.930258841801388
gap_limited,55,red,continuum,1050,224,557,ok,16,16,0.0,0.0009523809523809524,0.26339281657594327,0.8672459498895353,1.9840661460556124
gap_limited,56,blue,continuum,1046,224,557,ok,16,16,0.0,0.0,0.17750532016433188,0.9111911776089608,1.9987352087920733
gap_limited,56,core,continuum,1046,224,557,ok,16,16,0.0,0.0,0.12918545997754194,0.9330554541486283,1.9297383877150462
gap_limited,56,red,continuum,1046,224,557,ok,16,16,0.0,0.0009560229445506692,0.25633845732068156,0.8707531772925173,1.9833250206919093
gap_limited,57,blue,continuum,1042,224,557,ok,16,16,0.0,0.0,0.17709831798545422,0.9113943739546851,1.9987254296344819
gap_limited,57,core,continuum,1042,224,557,ok,16,16,0.0,0.0,0.1254387393127613,0.9349471074666167,1.9282576750663252
gap_limited,57,red,continuum,1042,224,557,ok,16,16,0.0,0.0009596928982725527,0.24996536290957816,0.8739161900417021,1.9825333878493518
gap_limited,58,blue,continuum,1038,224,557,ok,16,16,0.0,0.0,0.1759167073580934,0.9119851203751235,1.9987155365985665
gap_limited,58,core,continuum,1038,224,557,ok,16,16,0.0,0.0,0.12099516336889408,0.9372030031149622,1.9267667145038696
gap_limited,58,red,continuum,1038,224,557,ok,16,16,0.0,0.0009633911368015414,0.24692725523061804,0.8753956255719813,1.9816901000796139
gap_limited,59,blue,continuum,1035,224,557,ok,16,16,0.0,0.0,0.17294274315031982,0.9134768129644437,1.9988022757327448
gap_limited,59,core,continuum,1035,224,557,ok,16,16,0.0,0.0,0.11774878322592144,0.9388520807063666,1.925638428684542
gap_limited,59,red,continuum,1035,224,557,ok,16,16,0.0,0.000966183574879227,0.2450171163753615,0.8763256049225552,1.981146673261931
gap_limited,60,blue,continuum,1032,224,557,ok,16,16,0.0,0.0,0.1715283519525837,0.9141880183598937,1.9988858044552575
gap_limited,60,core,continuum,1032,224,557,ok,16,16,0.0,0.0,0.11615862567974983,0.9396416190010503,1.9244821308538915
gap_limited,60,red,continuum,1032,224,557,ok,16,16,0.0,0.0009689922480620155,0.24394110311021305,0.876806598277567,1.9801474729940227
gap_limited,61,blue,continuum,1029,224,557,ok,16,16,0.0,0.0,0.16021874359682386,0.919860201576748,1.9992406613083942
gap_limited,61,core,continuum,1029,224,557,ok,16,16,0.0,0.0,0.11439958117257404,0.9404881640931259,1.922299647276718
gap_limited,61,red,continuum,1029,224,557,ok,16,16,0.0,0.0009718172983479105,0.24268164157362518,0.8773627641950582,1.978857726046742
gap_limited,62,blue,continuum,1026,224,557,ok,16,16,0.0,0.0,0.14724971671854611,0.926353922869165,1.9994237636982548
gap_limited,62,core,continuum,1026,224,557,ok,16,16,0.0,0.0,0.11336452097718053,0.9409288595347732,1.9191185422247694
gap_limited,62,red,continuum,1026,224,557,ok,16,16,0.0,0.0009746588693957114,0.24222753131965552,0.8775075332414696,1.977489209986758
gap_limited,63,blue,continuum,1023,224,557,ok,16,16,0.0,0.0,0.1401485326373757,0.9299075990292408,1.9994825501246885
gap_limited,63,core,continuum,1023,224,557,ok,16,16,0.0,0.0,0.11032313781648877,0.9424450519449864,1.916831507015471
gap_limited,63,red,continuum,1023,224,557,ok,16,16,0.0,0.0009775171065493646,0.24194141178061407,0.8775625314518141,1.976040624242379
gap_limited,64,blue,continuum,1020,224,557,ok,16,16,0.0,0.0,0.13477090165543995,0.9326000738816019,1.9995704656811437
gap_limited,64,core,continuum,1020,224,557,ok,16,16,0.0,0.0,0.10848264063962414,0.943335396713809,1.9144692514958603
gap_limited,64,red,continuum,1020,224,557,ok,16,16,0.0,0.000980392156862745,0.2347503393656756,0.8811096099221828,1.9745106329622162
gap_limited,65,blue,continuum,1018,224,557,ok,16,16,0.0,0.0,0.13084473224019183,0.9345694960515124,1.999751252767422
gap_limited,65,core,continuum,1018,224,557,ok,16,16,0.0,0.0,0.10979526451596434,0.9425901831830927,1.912482404640411
gap_limited,65,red,continuum,1018,224,557,ok,16,16,0.0,0.0009823182711198428,0.22788690011755774,0.8845035774805359,1.9731078690264445
gap_limited,66,blue,continuum,1016,224,557,ok,16,16,0.0,0.0,0.12344308133622235,0.9382756986826083,1.9999105490310423
gap_limited,66,core,continuum,1016,224,557,ok,16,16,0.0,0.0,0.11380475811093771,0.9404626009446818,1.911483536679153
gap_limited,66,red,continuum,1016,224,557,ok,16,16,0.0,0.000984251968503937,0.22929288353541383,0.8837050806987118,1.9716500506903396
gap_limited,67,blue,continuum,1014,224,557,ok,16,16,0.0,0.0,0.12000152615397339,0.9399981424288321,1.9999635179900914
gap_limited,67,core,continuum,1014,224,557,ok,16,16,0.0,0.0,0.11618918355351619,0.9391810889491994,1.9104120995600542
gap_limited,67,red,continuum,1014,224,557,ok,16,16,0.0,0.0009861932938856016,0.22740686799831827,0.8845730501642558,1.970136682307941
gap_limited,68,blue,continuum,1013,224,557,ok,16,16,0.0,0.0,0.11907456412403716,0.9404624876273018,1.9999922633422047
gap_limited,68,core,continuum,1013,224,557,ok,16,16,0.0,0.0,0.11903771986342881,0.9376639258564612,1.9096120745320806
gap_limited,68,red,continuum,1013,224,557,ok,16,16,0.0,0.0009871668311944718,0.22855110794036732,0.8839139554406434,1.9688077822610761
gap_limited,69,blue,continuum,1012,224,557,ok,16,16,0.0,0.0,0.11407236937585155,0.9429636546193066,1.9999943652502095
gap_limited,69,core,continuum,1012,224,557,ok,16,16,0.0,0.0,0.12152734319255548,0.9363307392635335,1.908728667285293
gap_limited,69,red,continuum,1012,224,557,ok,16,16,0.0,0.0,0.22233199553822203,0.8869943505432675,1.967441420911865
gap_limited,70,blue,continuum,1011,224,557,ok,16,16,0.0,0.0,0.11142821469363196,0.9442853616381248,1.9999809380416071
gap_limited,70,core,continuum,1011,224,557,ok,16,16,0.0,0.0,0.12177946066320523,0.9361662760135728,1.907760554422595
gap_limited,70,red,continuum,1011,224,557,ok,16,16,0.0,0.0,0.2159392294143928,0.8902005053139782,1.9666686994497014
gap_limited,71,blue,continuum,1010,224,557,ok,16,16,0.0,0.0,0.10688370159427235,0.9465568642756167,1.9999519142269746
gap_limited,71,core,continuum,1010,224,557,ok,16,16,0.0,0.0,0.12094564918567981,0.9365682880178782,1.9067063682558072
gap_limited,71,red,continuum,1010,224,557,ok,16,16,0.0,0.0,0.21319108207946136,0.8915543094111182,1.9658787815522338
gap_limited,72,blue,continuum,1009,224,557,ok,16,16,0.0,0.0,0.10283455125227015,0.9485803391576665,1.9999072255180481
gap_limited,72,core,continuum,1009,224,557,ok,16,16,0.0,0.0,0.120681660965866,0.9366688198485215,1.9055646946293088
gap_limited,72,red,continuum,1009,224,557,ok,16,16,0.0,0.0,0.21030040439033748,0.8930044482544816,1.9655060510414732
gap_limited,73,blue,continuum,1008,224,557,ok,16,16,0.0,0.0,0.09938996058156312,0.9503014912735624,1.9998580063769937
gap_limited,73,core,continuum,1008,224,557,ok,16,16,0.0,0.0,0.11495931581504236,0.9396647254531867,1.905341720552661
gap_limited,73,red,continuum,1008,224,557,ok,16,16,0.0,0.0,0.20800488166326803,0.8941280644554362,1.9646838474556305
gap_limited,74,blue,continuum,1007,224,557,ok,16,16,0.0,0.0,0.10124512422028079,0.9493719038514327,1.9997813846915857
gap_limited,74,core,continuum,1007,224,557,ok,16,16,0.0,0.0,0.10920705370804487,0.9426736431866682,1.9050060003577236
gap_limited,74,red,continuum,1007,224,557,ok,16,16,0.0,0.0,0.20555183219257928,0.8953319033110365,1.9638441769262942
gap_limited,75,blue,continuum,1006,224,557,ok,16,16,0.0,0.0,0.09846957543531135,0.9507572623887017,1.9996771140668361
gap_limited,75,core,continuum,1006,224,557,ok,16,16,0.0,0.0,0.1056277287483818,0.9445495472122203,1.9049029076938453
gap_limited,75,red,continuum,1006,224,557,ok,16,16,0.0,0.0,0.19937248294662496,0.8984341266407504,1.9629869399283628
gap_limited,76,blue,continuum,1005,224,557,ok,16,16,0.0,0.0,0.09724265990380951,0.9513694279950834,1.9996199076987633
gap_limited,76,core,continuum,1005,224,557,ok,16,16,0.0,0.0,0.10067867212852702,0.9471433483606888,1.9047493362907064
gap_limited,76,red,continuum,1005,224,557,ok,16,16,0.0,0.0,0.19499973797112782,0.900583979045073,1.9614518474797589
gap_limited,77,blue,continuum,1004,224,557,ok,16,16,0.0,0.0,0.0983206428977237,0.9508285387347999,1.9995468991137682
gap_limited,77,core,continuum,1004,224,557,ok,16,16,0.0,0.0,0.09668600913956962,0.9492340579241972,1.904544763400625
gap_limited,77,red,continuum,1004,224,557,ok,16,16,0.0,0.0,0.191204193544863,0.9024744234514712,1.9605543521162332
gap_limited,78,blue,continuum,1003,224,557,ok,16,16,0.0,0.0,0.10206333712391397,0.9489544985494743,1.9994580173305936
gap_limited,78,core,continuum,1003,224,557,ok,16,16,0.0,0.0,0.09875412333232361,0.9481412005581055,1.9042886529406284
gap_limited,78,red,continuum,1003,224,557,ok,16,16,0.0,0.0,0.18552465085815834,0.9053488401248764,1.9600885092472926
gap_limited,79,blue,continuum,1002,224,557,ok,16,16,0.0,0.0,0.1028497739032865,0.9485596888083103,1.9994003053368403
gap_limited,79,core,continuum,1002,224,557,ok,16,16,0.0,0.0,0.10130193133356777,0.9468207516081981,1.9049146875341016
gap_limited,79,red,continuum,1002,224,557,ok,16,16,0.0,0.0,0.17668119434649493,0.9098388430994198,1.9596154310810303
gap_limited,80,blue,continuum,1001,224,557,ok,16,16,0.0,0.0,0.1061050877218923,0.9469295943269221,1.9993268635539838
gap_limited,80,core,continuum,1001,224,557,ok,16,16,0.0,0.0,0.1004624728247995,0.9472765016153584,1.9054591577341944
gap_limited,80,red,continuum,1001,224,557,ok,16,16,0.0,0.0,0.1698087415859483,0.9133246372623487,1.9591350554819684
gap_limited,81,blue,continuum,1000,224,557,ok,16,16,0.0,0.0,0.10550614817538426,0.9472268093252919,1.9992376209678158
gap_limited,81,core,continuum,1000,224,557,ok,16,16,0.0,0.0,0.10849724524971098,0.943088617063169,1.9064243328990618
gap_limited,81,red,continuum,1000,224,557,ok,16,16,0.0,0.0,0.1626329028460548,0.9169667243216759,1.9586473196132184
gap_limited,82,blue,continuum,999,224,557,ok,16,16,0.0,0.0,0.10762764742905481,0.9461628245653488,1.9991325057477394
gap_limited,82,core,continuum,999,224,557,ok,16,16,0.0,0.0,0.11422767173925391,0.9401278360633315,1.907859416273671
gap_limited,82,red,continuum,999,224,557,ok,16,16,0.0,0.0,0.15631688026281387,0.9201712290485327,1.9581521599254996
gap_limited,83,blue,continuum,998,224,557,ok,16,16,0.0,0.0,0.10545178026772242,0.947248035763465,1.9990114452399568
gap_limited,83,core,continuum,998,224,557,ok,16,16,0.0,0.0,0.1166420859823626,0.9388792869178644,1.9083888276240495
gap_limited,83,red,continuum,998,224,557,ok,16,16,0.0,0.0,0.14922476686357117,0.9237735018767509,1.9576495121459287
gap_limited,84,blue,continuum,997,224,557,ok,16,16,0.0,0.0,0.10446227982871405,0.9477394469569295,1.9988743659605255
gap_limited,84,core,continuum,997,224,557,ok,16,16,0.0,0.0,0.11770532020890327,0.9383387975571004,1.908904068452158
gap_limited,84,red,continuum,997,224,557,ok,16,16,0.0,0.0,0.14281997906562258,0.9270511169914063,1.9578089913837025
gap_limited,85,blue,continuum,996,224,557,ok,16,16,0.0,0.0,0.10216206626974074,0.9488862845916336,1.9987211935882592
gap_limited,85,core,continuum,996,224,557,ok,16,16,0.0,0.0,0.12061320262005455,0.9368617186568359,1.9103022770687625
gap_limited,85,red,continuum,996,224,557,ok,16,16,0.0,0.0,0.13654122013663278,0.9302632213555102,1.9579513535132511
gap_limited,86,blue,continuum,995,224,557,ok,16,16,0.0,0.0,0.09903637070241321,0.9504457846849839,1.9985458365719064
gap_limited,86,core,continuum,995,224,557,ok,16,16,0.0,0.0,0.1175611602767288,0.938503869033509,1.9116838478958549
gap_limited,86,red,continuum,995,224,557,ok,16,16,0.0,0.0,0.1305768287069276,0.933313725346928,1.9580765215366909
gap_limited,87,blue,continuum,994,224,557,ok,16,16,0.0,0.0,0.10126401811347474,0.949326291499903,1.9983541980804684
gap_limited,87,core,continuum,994,224,557,ok,16,16,0.0,0.0,0.1165486465950165,0.9390770096737124,1.9130486860676479
gap_limited,87,red,continuum,994,224,557,ok,16,16,0.0,0.0,0.12326754806779186,0.9370667065923977,1.9587016886184607
gap_limited,88,blue,continuum,993,224,557,ok,16,16,0.0,0.0,0.09819646845918972,0.950859094934003,1.9982633272079626
gap_limited,88,core,continuum,993,224,557,ok,16,16,0.0,0.0,0.11989023459533896,0.9373744037030329,1.9143966953516296
gap_limited,88,red,continuum,993,224,557,ok,16,16,0.0,0.0,0.12080993032009948,0.9383406685920546,1.9593130116965873
gap_limited,89,blue,continuum,992,224,557,ok,16,16,0.0,0.0,0.09473521594939882,0.952589527987793,1.9981917903075652
gap_limited,89,core,continuum,992,224,557,ok,16,16,0.0,0.0,0.1253371331514897,0.9345746642178885,1.9157277781333024
gap_limited,89,red,continuum,992,224,557,ok,16,16,0.0,0.0,0.12036964272615817,0.9385841107948232,1.9599104447389832
gap_limited,90,blue,continuum,991,224,557,ok,16,16,0.0,0.0,0.09531032396567252,0.9523009083329526,1.998158049443882
gap_limited,90,core,continuum,991,224,557,ok,16,16,0.0,0.0,0.12807493084763252,0.9331913740834599,1.9170418354005438
gap_limited,90,red,continuum,991,224,557,ok,16,16,0.0,0.0,0.12110193991931256,0.938228862948196,1.9604939410092286
gap_limited,91,blue,continuum,990,224,557,ok,16,16,0.0,0.0,0.09084190471338105,0.9545363047031892,1.9981196891347581
gap_limited,91,core,continuum,990,224,557,ok,16,16,0.0,0.0,0.13337773522434504,0.9304722723964604,1.9183387667275753
gap_limited,91,red,continuum,990,224,557,ok,16,16,0.0,0.0,0.11827663905092611,0.9396736445544652,1.960613038487156
gap_limited,92,blue,continuum,989,224,557,ok,16,16,0.0,0.0,0.08571112938486744,0.9571031829795453,1.9980766718425131
gap_limited,92,core,continuum,989,224,557,ok,16,16,0.0,0.0,0.13442571526499053,0.9299546329639536,1.9191235759506138
gap_limited,92,red,continuum,989,224,557,ok,16,16,0.0,0.0,0.11268870560075717,0.942526401295043,1.9607038386311786
gap_limited,93,blue,continuum,988,224,557,ok,16,16,0.0,0.0,0.0807085968977734,0.9596058923435081,1.9980289596718541
gap_limited,93,core,continuum,988,224,557,ok,16,16,0.0,0.0,0.13598510824680812,0.9291697652574691,1.9198737479992318
gap_limited,93,red,continuum,988,224,557,ok,16,16,0.0,0.0,0.11077323963754213,0.943505122838007,1.9607660942409313
gap_limited,94,blue,continuum,987,224,557,ok,16,16,0.0,0.0,0.0751898593548948,0.9623669954004566,1.9979765143654544
gap_limited,94,core,continuum,987,224,557,ok,16,16,0.0,0.0,0.13139868275157424,0.9315841773894783,1.9205890938358228
gap_limited,94,red,continuum,987,224,557,ok,16,16,0.0,0.0,0.10265452130287986,0.9476466010469853,1.9607995537215928
gap_limited,95,blue,continuum,986,224,557,ok,16,16,0.0,0.0,0.07011044884083878,0.9649082678486536,1.9979192972994548
gap_limited,95,core,continuum,986,224,557,ok,16,16,0.0,0.0,0.12463100234936382,0.9351309082651192,1.921269421479328
gap_limited,95,red,continuum,986,224,557,ok,16,16,0.0,0.0,0.09824744012006272,0.9498943076029841,1.9608039609869543
gap_limited,96,blue,continuum,985,224,557,ok,16,16,0.0,0.0,0.06733450776240159,0.9662965328092192,1.9978510632526336
gap_limited,96,core,continuum,985,224,557,ok,16,16,0.0,0.0,0.11981259605445105,0.9376991571045675,1.923129615686707
gap_limited,96,red,continuum,985,224,557,ok,16,16,0.0,0.0,0.09199119202823527,0.9530843662488114,1.960779055359235
gap_limited,97,blue,continuum,983,224,557,ok,16,16,0.0,0.0,0.06137686451372119,0.969276521835838,1.9977186237108886
gap_limited,97,core,continuum,983,224,557,ok,16,16,0.0,0.0,0.11290219046004714,0.9413012114958834,1.9234160250535521
gap_limited,97,red,continuum,983,224,557,ok,16,16,0.0,0.0,0.09013269130593021,0.9540277679830649,1.9605898463387088
gap_limited,98,blue,continuum,982,224,557,ok,16,16,0.0,0.0,0.052428082852376705,0.9737550147635246,1.9976419258758764
gap_limited,98,core,continuum,982,224,557,ok,16,16,0.0,0.0,0.10866758833275939,0.9435344847529613,1.9244947621098425
gap_limited,98,red,continuum,982,224,557,ok,16,16,0.0,0.0,0.0862987549528215,0.9559815474051339,1.9605131454095348
gap_limited,99,blue,continuum,981,224,557,ok,16,16,0.0,0.0,0.05030037898856365,0.9748165927204894,1.9973619308253139
gap_limited,99,core,continuum,981,224,557,ok,16,16,0.0,0.0,0.10693728593606192,0.9444410022811436,1.9247518912632924
gap_limited,99,red,continuum,981,224,557,ok,16,16,0.0,0.0,0.08345165801502122,0.9574314473120642,1.960406279884445
gap_limited,100,blue,continuum,980,224,557,ok,16,16,0.0,0.0,0.04453905858474932,0.9776977399414933,1.997064802755765
gap_limited,100,core,continuum,980,224,557,ok,16,16,0.0,0.0,0.10383475945306256,0.9460591358722497,1.9249739716283831
gap_limited,100,red,continuum,980,224,557,ok,16,16,0.0,0.0,0.08493779450216699,0.95667033666053,1.960268969475129
gap_limited,101,blue,continuum,979,224,557,ok,16,16,0.0,0.0,0.04334432348558974,0.9782951910621589,1.996991708598792
gap_limited,101,core,continuum,979,224,557,ok,16,16,0.0,0.0,0.10109686131189324,0.9474865339081981,1.925160703259614
gap_limited,101,red,continuum,979,224,557,ok,16,16,0.0,0.0,0.0769945273276207,0.960722481854879,1.9602696647772966
gap_limited,102,blue,continuum,978,224,557,ok,16,16,0.0,0.0,0.0415484210646787,0.979191231595149,1.996678527836022
gap_limited,102,core,continuum,978,224,557,ok,16,16,0.0,0.0,0.10349560881281339,0.9462447537449729,1.9253117792783732
gap_limited,102,red,continuum,978,224,557,ok,16,16,0.0,0.0,0.075468282757924,0.9615002451582004,1.960227618799985
gap_limited,103,blue,continuum,977,224,557,ok,16,16,0.0,0.0,0.03614615162157695,0.9818938046721758,1.9963416370544889
gap_limited,103,core,continuum,977,224,557,ok,16,16,0.0,0.0,0.105693265292977,0.9451065807394514,1.9254268857130163
gap_limited,103,red,continuum,977,224,557,ok,16,16,0.0,0.0,0.07539977662281278,0.9615335292667013,1.9601428253084492
gap_limited,104,blue,continuum,976,224,557,ok,16,16,0.0,0.0,0.030377171858265967,0.9847808791926415,1.9959873006316067
gap_limited,104,core,continuum,976,224,557,ok,16,16,0.0,0.0,0.10875553818016338,0.9435184543442675,1.9255057013321215
gap_limited,104,red,continuum,976,224,557,ok,16,16,0.0,0.0,0.07739649862970928,0.9605122982094653,1.9600152736227714
gap_limited,105,blue,continuum,976,224,557,ok,16,16,0.0,0.0,0.0280836166458627,0.9859261009851399,1.995439687055467
gap_limited,105,core,continuum,976,224,557,ok,16,16,0.0,0.0,0.10793808103326936,0.9439649799098251,1.9262611284794562
gap_limited,105,red,continuum,976,224,557,ok,16,16,0.0,0.0,0.07757747041802555,0.9604275195112998,1.9603893781734905
gap_limited,106,blue,continuum,976,224,557,ok,16,16,0.0,0.0,0.02838482780128541,0.9857710010954644,1.994857684066416
gap_limited,106,core,continuum,976,224,557,ok,16,16,0.0,0.0,0.10872212692250054,0.9435781347064465,1.9269502409542363
gap_limited,106,red,continuum,976,224,557,ok,16,16,0.0,0.0,0.07769406598285217,0.9603822832380059,1.9610939835226757
gap_limited,107,blue,continuum,976,224,557,ok,16,16,0.0,0.0,0.032448365033602586,0.9837289682091701,1.9942413886678045
gap_limited,107,core,continuum,976,224,557,ok,16,16,0.0,0.0,0.10999128689463683,0.9429186770020953,1.926922522427771
gap_limited,107,red,continuum,976,224,557,ok,16,16,0.0,0.0,0.08014336466801977,0.9591466928883614,1.9617350548638441
gap_limited,108,blue,continuum,976,224,557,ok,16,16,0.0,0.0,0.034587600162682655,0.9826515907183834,1.9937044141178757
gap_limited,108,core,continuum,976,224,557,ok,16,16,0.0,0.0,0.10671742535334551,0.9446418769930823,1.9277645186779506
gap_limited,108,red,continuum,976,224,557,ok,16,16,0.0,0.0,0.0832802521431188,0.9575601497462094,1.962312582280623
gap_limited,109,blue,continuum,976,224,557,ok,16,16,0.0,0.0,0.03719600088957632,0.9813379309901801,1.99313381972834
gap_limited,109,core,continuum,976,224,557,ok,16,16,0.0,0.0,0.10300826607676686,0.9465879076864239,1.9285570292213499
gap_limited,109,red,continuum,976,224,557,ok,16,16,0.0,0.0,0.08624737003610597,0.9560596069292642,1.9628265477112121
gap_limited,110,blue,continuum,976,224,557,ok,16,16,0.0,0.0,0.03914998586529575,0.9803516173982258,1.992529698691882
gap_limited,110,core,continuum,976,224,557,ok,16,16,0.0,0.0,0.10106048559034185,0.9476102554145686,1.929012756027917
gap_limited,110,red,continuum,976,224,557,ok,16,16,0.0,0.0,0.08122696323258766,0.9586399716723883,1.9639000870403422
gap_limited,111,blue,continuum,976,224,557,ok,16,16,0.0,0.0,0.04395342184092104,0.9779338344072207,1.9918921416643347
gap_limited,111,core,continuum,976,224,557,ok,16,16,0.0,0.0,0.10249594958990232,0.9469036147298366,1.9303752801322658
gap_limited,111,red,continuum,976,224,557,ok,16,16,0.0,0.0,0.07691219596841821,0.9608449076070609,1.9642961175156848
gap_limited,112,blue,continuum,976,224,557,ok,16,16,0.0,0.0,0.045460204202844745,0.9771696869425386,1.9912212368015454
gap_limited,112,core,continuum,976,224,557,ok,16,16,0.0,0.0,0.1025739144391352,0.9468994366876385,1.931691643942629
gap_limited,112,red,continuum,976,224,557,ok,16,16,0.0,0.0,0.07650934766315164,0.9610565845765384,1.9646285984731156
gap_limited,113,blue,continuum,976,224,557,ok,16,16,0.0,0.0,0.04866125014552447,0.9755534625229125,1.9905170697949426
gap_limited,113,core,continuum,976,224,557,ok,16,16,0.0,0.0,0.10199532928840785,0.9472600729641866,1.9339300416389897
gap_limited,113,red,continuum,976,224,557,ok,16,16,0.0,0.0,0.07187069598064862,0.9634226738706333,1.964897481200687
gap_limited,114,blue,continuum,976,224,557,ok,16,16,0.0,0.0,0.050185173762605007,0.9747785279145906,1.9897797239058495
gap_limited,114,core,continuum,976,224,557,ok,16,16,0.0,0.0,0.10291584860254456,0.9468442455949658,1.9361186715242578
gap_limited,114,red,continuum,976,224,557,ok,16,16,0.0,0.0,0.07083187128865887,0.9639551301940301,1.965102708650299
gap_limited,115,blue,continuum,976,224,557,ok,16,16,0.0,0.0,0.05408198137668625,0.9728102254096281,1.98905589293988
gap_limited,115,core,continuum,976,224,557,ok,16,16,0.0,0.0,0.1057978374142593,0.9454160143938509,1.938257828544145
gap_limited,115,red,continuum,976,224,557,ok,16,16,0.0,0.0,0.07324325867958913,0.962730708933316,1.9652442153659122
gap_limited,116,blue,continuum,976,224,557,ok,16,16,0.0,0.0,0.05477223591438324,0.9724530900132107,1.988325948015599
gap_limited,116,core,continuum,976,224,557,ok,16,16,0.0,0.0,0.10467105761176838,0.9460814158727249,1.9412797888885922
gap_limited,116,red,continuum,976,224,557,ok,16,16,0.0,0.0,0.07219909980138436,0.9632634741440299,1.9653219274040663
gap_limited,117,blue,continuum,976,224,557,ok,16,16,0.0,0.0,0.05474894399597591,0.9724538693025957,1.987536637990864
gap_limited,117,core,continuum,976,224,557,ok,16,16,0.0,0.0,0.10683580907838024,0.94504966279529,1.9442248130412394
gap_limited,117,red,continuum,976,224,557,ok,16,16,0.0,0.0,0.06913000036049577,0.9648230286615269,1.9652061485147871
gap_limited,118,blue,continuum,976,224,557,ok,16,16,0.0,0.0,0.05558980981770185,0.9720188505838699,1.986687858707352
gap_limited,118,core,continuum,976,224,557,ok,16,16,0.0,0.0,0.10510900346502608,0.9460174712181746,1.9470929916942616
gap_limited,118,red,continuum,976,224,557,ok,16,16,0.0,0.0,0.06732150419544161,0.9657406747610084,1.965056337969579
gap_limited,119,blue,continuum,976,224,557,ok,16,16,0.0,0.0,0.05618642165138599,0.9717056089715426,1.9857794993670594
gap_limited,119,core,continuum,976,224,557,ok,16,16,0.0,0.0,0.10582683533214798,0.9457040436573553,1.9490739727339557
gap_limited,119,red,continuum,976,224,557,ok,16,16,0.0,0.0,0.06653828168709058,0.9661360836579885,1.964872609980535
gap_limited,120,blue,continuum,976,224,557,ok,16,16,0.0,0.0,0.057712193441335956,0.9709230850814713,1.9848114424463925
gap_limited,120,core,continuum,976,224,557,ok,16,16,0.0,0.0,0.10746347220126601,0.9449424477683741,1.9518389003050776
gap_limited,120,red,continuum,976,224,557,ok,16,16,0.0,0.0,0.06541148631868558,0.9667058675480885,1.9646550758805017
gap_limited,121,blue,continuum,976,224,557,ok,16,16,0.0,0.0,0.06381929886417306,0.9678295051763572,1.9837835636047174
gap_limited,121,core,continuum,976,224,557,ok,16,16,0.0,0.0,0.10948062841768227,0.9439688774090857,1.953925307136985
gap_limited,121,red,continuum,976,224,557,ok,16,16,0.0,0.0,0.06685469235043144,0.9659787453678228,1.9650860343992251
gap_limited,122,blue,continuum,976,224,557,ok,16,16,0.0,0.0,0.06882653091097574,0.9652863877122093,1.9826957315872076
gap_limited,122,core,continuum,976,224,557,ok,16,16,0.0,0.0,0.11050252654024492,0.9435035552509191,1.955920005781296
gap_limited,122,red,continuum,976,224,557,ok,16,16,0.0,0.0,0.06396529838129503,0.9674555817688972,1.965476780905039
gap_limited,123,blue,continuum,975,224,557,ok,16,16,0.0,0.0,0.07154791203729771,0.9638991694827975,1.9818910261137723
gap_limited,123,core,continuum,975,224,557,ok,16,16,0.0,0.0,0.11167194076958317,0.9429501782129327,1.9574459178222763
gap_limited,123,red,continuum,975,224,557,ok,16,16,0.0,0.0,0.05989015901332638,0.9695292252561252,1.9654951184122873
gap_limited,124,blue,continuum,974,224,557,ok,16,16,0.0,0.0,0.07673085618631126,0.9612581921117634,1.980569838342768
gap_limited,124,core,continuum,974,224,557,ok,16,16,0.0,0.0,0.11040918553354508,0.9436365396426659,1.9588787635388425
gap_limited,124,red,continuum,974,224,557,ok,16,16,0.0,0.0,0.06293937731466828,0.967966476116018,1.964797177563737
gap_limited,125,blue,continuum,972,224,557,ok,16,16,0.0,0.0,0.07500760513447169,0.9621088356273249,1.9795539771948167
gap_limited,125,core,continuum,972,224,557,ok,16,16,0.0,0.0,0.10863278759741371,0.944573089302873,1.959928602029132
gap_limited,125,red,continuum,972,224,557,ok,16,16,0.0,0.0,0.05925790548796962,0.9698110811686086,1.9629025411254999
gap_limited,126,blue,continuum,970,224,557,ok,16,16,0.0,0.0,0.07473786522543699,0.9622219252200394,1.9783397026118865
gap_limited,126,core,continuum,970,224,557,ok,16,16,0.0,0.0,0.10967993242286374,0.9440509697229911,1.9603544847842422
gap_limited,126,red,continuum,970,224,557,ok,16,16,0.0,0.0,0.05841055000519483,0.9702125000873546,1.9609081049597736
gap_limited,127,blue,continuum,968,224,557,ok,16,16,0.0,0.0,0.07817372642446557,0.9604595168800648,1.977055419058664
gap_limited,127,core,continuum,968,224,557,ok,16,16,0.0,0.0,0.10959677741749117,0.9441204847298276,1.9613050844768551
gap_limited,127,red,continuum,968,224,557,ok,16,16,0.0,0.0,0.055793929632407854,0.971527261065972,1.9595561130133534
gap_limited,128,blue,continuum,966,224,557,ok,16,16,0.0,0.0,0.08402523916330827,0.9574706426917945,1.9756997161839691
gap_limited,128,core,continuum,966,224,557,ok,16,16,0.0,0.0,0.11052960039218637,0.9436707238453487,1.9622052321199501
gap_limited,128,red,continuum,966,224,557,ok,16,16,0.0,0.0,0.051651468113294775,0.9736221679870738,1.9581392469245968
gap_limited,129,blue,continuum,964,224,557,ok,16,16,0.0,0.0,0.09342417736759201,0.9526846448156698,1.9745001808320377
gap_limited,129,core,continuum,964,224,557,ok,16,16,0.0,0.0,0.10955053528489492,0.9442018449679411,1.9633361572968244
gap_limited,129,red,continuum,964,224,557,ok,16,16,0.0,0.0,0.04882757800113961,0.9750454057666641,1.9566568602390912
gap_limited,130,blue,continuum,962,224,557,ok,16,16,0.0,0.0,0.10098317080067222,0.948824183115602,1.973259577444266
gap_limited,130,core,continuum,962,224,557,ok,16,16,0.0,0.0,0.10766724785850842,0.945190925569632,1.9644055109030147
gap_limited,130,red,continuum,962,224,557,ok,16,16,0.0,0.0,0.050932250340375546,0.9739491410432389,1.9551082912433833
gap_limited,131,blue,continuum,960,224,557,ok,16,16,0.0,0.0,0.11275241355755347,0.9428519155122141,1.9729867513171295
gap_limited,131,core,continuum,960,224,557,ok,16,16,0.0,0.0,0.11010016544539823,0.9439868557602181,1.965613017081845
gap_limited,131,red,continuum,960,224,557,ok,16,16,0.0,0.0,0.05244830752780505,0.9731626176065545,1.9543004142093485
gap_limited,132,blue,continuum,957,224,557,ok,16,16,0.0,0.0,0.11972581820828088,0.9393044704410002,1.9725640270079507
gap_limited,132,core,continuum,957,224,557,ok,16,16,0.0,0.0,0.11153617874323152,0.943278787837829,1.966392721374497
gap_limited,132,red,continuum,957,224,557,ok,16,16,0.0,0.0,0.04788491869388997,0.9754900865095256,1.9536959488861538
gap_limited,133,blue,continuum,954,224,557,ok,16,16,0.0,0.0,0.12193546434845895,0.9381698150229572,1.97210253201948
gap_limited,133,core,continuum,954,224,557,ok,16,16,0.0,0.0,0.11140021058556131,0.9433694210122461,1.9671388245854067
gap_limited,133,red,continuum,954,224,557,ok,16,16,0.0,0.0,0.045844038158724267,0.9765268674070476,1.953043036637073
gap_limited,134,blue,continuum,951,224,557,ok,16,16,0.0,0.0,0.12358623518669008,0.9373102768004666,1.9713954517446344
gap_limited,134,core,continuum,951,224,557,ok,16,16,0.0,0.0,0.1125226713926978,0.9427831963147456,1.9666018397615685
gap_limited,134,red,continuum,951,224,557,ok,16,16,0.0,0.0,0.04279446065195604,0.9780894774214852,1.9531465075104957
gap_limited,135,blue,continuum,948,224,557,ok,16,16,0.0,0.0,0.12530619082648603,0.9364141728620241,1.9706622759594234
gap_limited,135,core,continuum,948,224,557,ok,16,16,0.0,0.0,0.11356903282786743,0.9422272371013166,1.9657884984146314
gap_limited,135,red,continuum,948,224,557,ok,16,16,0.0,0.0,0.04100682341850148,0.9790053697867726,1.953205319742449
gap_limited,136,blue,continuum,945,224,557,ok,16,16,0.0,0.0,0.12332003667613871,0.9373978982836836,1.969902499998607
gap_limited,136,core,continuum,945,224,557,ok,16,16,0.0,0.0,0.11502802319264477,0.9414587253282339,1.9649046563743822
gap_limited,136,red,continuum,945,224,557,ok,16,16,0.0,0.0,0.03809280049877585,0.9804977661653809,1.9532531925217622
gap_limited,137,blue,continuum,942,224,557,ok,16,16,0.0,0.0,0.12118928773819317,0.938454965640437,1.969115607770596
gap_limited,137,core,continuum,942,224,557,ok,16,16,0.0,0.0,0.11345611029071823,0.9422096126572707,1.963234986086181
gap_limited,137,red,continuum,942,224,557,ok,16,16,0.0,0.0,0.03771645984331851,0.9806904582152856,1.9532550416693495
gap_limited,138,blue,continuum,939,224,557,ok,16,16,0.0,0.0,0.12557145794410027,0.9362031247320237,1.9683010714340194
gap_limited,138,core,continuum,939,224,557,ok,16,16,0.0,0.0,0.10710545463581475,0.9454150856671126,1.9621805025218086
gap_limited,138,red,continuum,939,224,557,ok,16,16,0.0,0.0,0.03734587039666236,0.9808797459741223,1.9532099493091368
gap_limited,139,blue,continuum,936,224,557,ok,16,16,0.0,0.0,0.13004514088678154,0.9339019599492233,1.967458351062764
gap_limited,139,core,continuum,936,224,557,ok,16,16,0.0,0.0,0.09858332836971362,0.9497293182569694,1.9610501578960768
gap_limited,139,red,continuum,936,224,557,ok,16,16,0.0,0.0,0.03600668744371181,0.9815645002817949,1.953116975080155
gap_limited,140,blue,continuum,933,224,557,ok,16,16,0.0,0.0,0.13652445743514624,0.930588392110783,1.9668822202338756
gap_limited,140,core,continuum,933,224,557,ok,16,16,0.0,0.0,0.09566295907395886,0.9511884383697851,1.9598422152251391
gap_limited,140,red,continuum,933,224,557,ok,16,16,0.0,0.0,0.03576912055422331,0.9816859478755525,1.9530970159506649
gap_limited,141,blue,continuum,930,224,557,ok,16,16,0.0,0.0,0.1387989876752252,0.9294307803787066,1.966848838914245
gap_limited,141,core,continuum,930,224,557,ok,16,16,0.0,0.0,0.09157056269216116,0.9532458531038758,1.9585548827488526
gap_limited,141,red,continuum,930,224,557,ok,16,16,0.0,0.0,0.03499719960981246,0.9820808456545022,1.9530608942271588
gap_limited,142,blue,continuum,927,224,557,ok,16,16,0.0,0.0,0.14205521302426727,0.9277671075554814,1.9666277815661126
gap_limited,142,core,continuum,927,224,557,ok,16,16,0.0,0.0,0.08809462775573093,0.9549891457773613,1.9571863115502213
gap_limited,142,red,continuum,927,224,557,ok,16,16,0.0,0.0,0.03239593722337092,0.9834072481306935,1.9524149748359334
gap_limited,143,blue,continuum,924,224,557,ok,16,16,0.0,0.0,0.13618281876220345,0.9307386060024397,1.966215389297542
gap_limited,143,core,continuum,924,224,557,ok,16,16,0.0,0.0,0.08693427127542361,0.9555490445456739,1.955734593033654
gap_limited,143,red,continuum,924,224,557,ok,16,16,0.0,0.0,0.029240319836389615,0.985019120568397,1.9518426785216387
gap_limited,144,blue,continuum,921,224,557,ok,16,16,0.0,0.0,0.12763045408503082,0.9350648333282344,1.965505913462539
gap_limited,144,core,continuum,921,224,557,ok,16,16,0.0,0.0,0.08424542249612664,0.956890021889219,1.9541977562512014
gap_limited,144,red,continuum,921,224,557,ok,16,16,0.0,0.0,0.02530953450563937,0.9870291618167737,1.951264378455454
gap_limited,145,blue,continuum,918,224,557,ok,16,16,0.0,0.0,0.12253310165683089,0.9376475347108085,1.9651685156075378
gap_limited,145,core,continuum,918,224,557,ok,16,16,0.0,0.0,0.08120466118134496,0.9584196995506902,1.9529599426618107
gap_limited,145,red,continuum,918,224,557,ok,16,16,0.0,0.0,0.025448328511706003,0.9869526532968477,1.950460050667429
gap_limited,146,blue,continuum,915,224,557,ok,16,16,0.0,0.0,0.12210971240902765,0.9378488809185324,1.964722666521358
gap_limited,146,core,continuum,915,224,557,ok,16,16,0.0,0.0,0.07289394772193111,0.9626572265036959,1.9520228653917637
gap_limited,146,red,continuum,915,224,557,ok,16,16,0.0,0.0,0.02629979269216688,0.9865099247426397,1.9495660469215987
gap_limited,147,blue,continuum,912,224,557,ok,16,16,0.0,0.0,0.12132810531091592,0.9382292058142224,1.964166187438321
gap_limited,147,core,continuum,912,224,557,ok,16,16,0.0,0.0,0.067535070337077,0.9653843736294606,1.9509995172167272
gap_limited,147,red,continuum,912,224,557,ok,16,16,0.0,0.0,0.028377087952886505,0.9854370422957136,1.9485799882900294
gap_limited,148,blue,continuum,909,224,557,ok,16,16,0.0,0.0,0.12036333681722541,0.9386995001677942,1.9634968254204939
gap_limited,148,core,continuum,909,224,557,ok,16,16,0.0,0.0,0.05584628162666902,0.9713592323454882,1.9498877369605487
gap_limited,148,red,continuum,909,224,557,ok,16,16,0.0,0.0,0.03233028209589092,0.9833990798566206,1.9474994046510408
gap_limited,149,blue,continuum,906,224,557,ok,16,16,0.0,0.0,0.11597978511436524,0.9409084112523354,1.9627122501245802
gap_limited,149,core,continuum,906,224,557,ok,16,16,0.0,0.0,0.05201375841988584,0.9733082818512393,1.948685286199939
gap_limited,149,red,continuum,906,224,557,ok,16,16,0.0,0.0,0.04005273458687339,0.9794289257013851,1.947041462466074
gap_limited,150,blue,continuum,903,224,557,ok,16,16,0.0,0.0,0.10819836182367229,0.9448476870613546,1.961810050360688
gap_limited,150,core,continuum,903,224,557,ok,16,16,0.0,0.0,0.052256265477131636,0.9731659967313973,1.9473898454158063
gap_limited,150,red,continuum,903,224,557,ok,16,16,0.0,0.0,0.04480153533738887,0.9769830230985379,1.946456110599955
gap_limited,151,blue,continuum,900,224,557,ok,16,16,0.0,0.0,0.10664079735312997,0.9456132881196869,1.9607877304259658
gap_limited,151,core,continuum,900,224,557,ok,16,16,0.0,0.0,0.04833559233828112,0.9751615534782596,1.9459990098806828
gap_limited,151,red,continuum,900,224,557,ok,16,16,0.0,0.0,0.04956843209618418,0.9745157715362883,1.9450630874215913
gap_limited,152,blue,continuum,897,224,557,ok,16,16,0.0,0.0,0.10650838483845548,0.9456466505443872,1.9595551314723432
gap_limited,152,core,continuum,897,224,557,ok,16,16,0.0,0.0,0.05097528210525634,0.9737850282964836,1.944510285258814
gap_limited,152,red,continuum,897,224,557,ok,16,16,0.0,0.0,0.05285486849294956,0.972805191536483,1.9435646536675115
gap_limited,153,blue,continuum,894,224,557,ok,16,16,0.0,0.0,0.10760160372189281,0.9450551398763973,1.9583561315805496
gap_limited,153,core,continuum,894,224,557,ok,16,16,0.0,0.0,0.05449937984722134,0.9719497717498261,1.9429210828929158
gap_limited,153,red,continuum,894,224,557,ok,16,16,0.0,0.0,0.05458367584168683,0.9718924500715276,1.9419578006831
gap_limited,154,blue,continuum,891,224,557,ok,16,16,0.0,0.0,0.11378990445640834,0.9418628133227535,1.9572654089390773
gap_limited,154,core,continuum,891,224,557,ok,16,16,0.0,0.0,0.05440512434588459,0.9719738720468454,1.941228714748685
gap_limited,154,red,continuum,891,224,557,ok,16,16,0.0,0.0,0.06169551340275874,0.9682021127757973,1.9402393928801547
gap_limited,155,blue,continuum,889,224,557,ok,16,16,0.0,0.0,0.11334504108025453,0.942048166699055,1.9558491012985135
gap_limited,155,core,continuum,889,224,557,ok,16,16,0.0,0.0,0.057655363323334125,0.9702902137036599,1.9406185809702887
gap_limited,155,red,continuum,889,224,557,ok,16,16,0.0,0.0,0.07092436369129204,0.963417650733536,1.9387591314784762
gap_limited,156,blue,continuum,886,224,557,ok,16,16,0.0,0.0,0.11515808663465486,0.9410826178119098,1.9545689634855066
gap_limited,156,core,continuum,886,224,557,ok,16,16,0.0,0.0,0.052170501173731725,0.9730925303368054,1.9388854406140337
gap_limited,156,red,continuum,886,224,557,ok,16,16,0.0,0.0,0.08050731011653059,0.9584327543659354,1.936796843006467
gap_limited,157,blue,continuum,883,224,557,ok,16,16,0.0,0.0,0.12303083054789361,0.9370106584340858,1.953200771580539
gap_limited,157,core,continuum,883,224,557,ok,16,16,0.0,0.0,0.045008046919585085,0.9767639713658939,1.9369939514328904
gap_limited,157,red,continuum,883,224,557,ok,16,16,0.0,0.0,0.08769632003858593,0.9546862495181803,1.9353136543789362
gap_limited,158,blue,continuum,880,224,557,ok,16,16,0.0,0.0,0.12797397174588596,0.9344581879001139,1.9525546768657072
gap_limited,158,core,continuum,880,224,557,ok,16,16,0.0,0.0,0.041645938298773263,0.9784919986689706,1.9362997824763557
gap_limited,158,red,continuum,880,224,557,ok,16,16,0.0,0.0,0.0942096300103103,0.9512821680239113,1.933781249882991
gap_limited,159,blue,continuum,878,224,557,ok,16,16,0.0,0.0,0.133717033538733,0.9314808618037949,1.951528245376251
gap_limited,159,core,continuum,878,224,557,ok,16,16,0.0,0.0,0.03763401603494387,0.980557286884092,1.935636030351744
gap_limited,159,red,continuum,878,224,557,ok,16,16,0.0,0.0,0.09896102123498628,0.9488080942826671,1.9331380586106879
gap_limited,160,blue,continuum,876,224,557,ok,16,16,0.0,0.0,0.14288992715486287,0.9267408648796428,1.9504724826481974
gap_limited,160,core,continuum,876,224,557,ok,16,16,0.0,0.0,0.03333475925334969,0.9827717036832533,1.9348842532355743
gap_limited,160,red,continuum,876,224,557,ok,16,16,0.0,0.0,0.10925464381215388,0.9435013148447664,1.933755511512703
gap_limited,161,blue,continuum,874,224,557,ok,16,16,0.0,0.0,0.14928286531543372,0.9234206141981742,1.9493870805095255
gap_limited,161,core,continuum,874,224,557,ok,16,16,0.0,0.0,0.032246432777169265,0.9833269348028119,1.9340434644619249
gap_limited,161,red,continuum,874,224,557,ok,16,16,0.0,0.0,0.12211212670294447,0.9368515183225479,1.9337302094872988
gap_limited,162,blue,continuum,872,224,557,ok,16,16,0.0,0.0,0.1539887880869581,0.9209613392121917,1.9482717261665794
gap_limited,162,core,continuum,872,224,557,ok,16,16,0.0,0.0,0.036293614366796415,0.981225297697563,1.9331126417959443
gap_limited,162,red,continuum,872,224,557,ok,16,16,0.0,0.0,0.13898705757069904,0.9281002853969043,1.93306827903201
gap_limited,163,blue,continuum,870,224,557,ok,16,16,0.0,0.0,0.1628608539476754,0.9163580847122711,1.947120093883941
gap_limited,163,core,continuum,870,224,557,ok,16,16,0.0,0.0,0.03885914785713507,0.9798722008472799,1.930620807684462
gap_limited,163,red,continuum,870,224,557,ok,16,16,0.0,0.0,0.14838736669043007,0.9232105174018539,1.9323918024942206
gap_limited,164,blue,continuum,868,224,557,ok,16,16,0.0,0.0,0.16475239251010276,0.9153360095066968,1.94595590817485
gap_limited,164,core,continuum,868,224,557,ok,16,16,0.0,0.0,0.04587119372378317,0.9762075396076275,1.9279718434873914
gap_limited,164,red,continuum,868,224,557,ok,16,16,0.0,0.0,0.15991998947144087,0.9172128476369237,1.9317005707611026
gap_limited,165,blue,continuum,866,224,557,ok,16,16,0.0,0.0,0.1719200130137417,0.9115569147968929,1.9438491162868436
gap_limited,165,core,continuum,866,224,557,ok,16,16,0.0,0.0,0.051263788762214726,0.9733722567686232,1.9252021591453479
gap_limited,165,red,continuum,866,224,557,ok,16,16,0.0,0.0,0.17770238289627222,0.9079736401299728,1.9309943710394393
gap_limited,166,blue,continuum,864,224,557,ok,16,16,0.0,0.0,0.1845763496397313,0.9049851030738505,1.9426043242797357
gap_limited,166,core,continuum,864,224,557,ok,16,16,0.0,0.0,0.056688177253864755,0.9705102365617568,1.922300169432691
gap_limited,166,red,continuum,864,224,557,ok,16,16,0.0,0.0,0.17022715639142189,0.9118118745078911,1.9302729867713753
gap_limited,167,blue,continuum,862,224,557,ok,16,16,0.0,0.0,0.18822367937823273,0.9030403475641702,1.941257777329633
gap_limited,167,core,continuum,862,224,557,ok,16,16,0.0,0.0,0.0569481128987937,0.9703534914177189,1.9209045389186234
gap_limited,167,red,continuum,862,224,557,ok,16,16,0.0,0.0,0.16471688922947048,0.9146339470392848,1.9295361975476577
gap_limited,168,blue,continuum,861,224,557,ok,16,16,0.0,0.0,0.1854661937120287,0.904422407128465,1.9404777640854818
gap_limited,168,core,continuum,861,224,557,ok,16,16,0.0,0.0,0.05225274991826947,0.9727923990863365,1.9205203018112644
gap_limited,168,red,continuum,861,224,557,ok,16,16,0.0,0.0,0.16352061857095346,0.9152974665109495,1.9305280708290935
gap_limited,169,blue,continuum,860,224,557,ok,16,16,0.0,0.0,0.1902100842993043,0.9019352805051893,1.9396382845858204
gap_limited,169,core,continuum,860,224,557,ok,16,16,0.0,0.0,0.05053823549102289,0.9736795110926353,1.920110058323492
gap_limited,169,red,continuum,860,224,557,ok,16,16,0.0,0.0,0.16266389281613847,0.9157797896730766,1.9314116194285758
gap_limited,170,blue,continuum,859,224,557,ok,16,16,0.0,0.0,0.19128356077202802,0.9013360969616321,1.938739041142967
gap_limited,170,core,continuum,859,224,557,ok,16,16,0.0,0.0,0.04671048552458963,0.9756582576780234,1.9189458546859108
gap_limited,170,red,continuum,859,224,557,ok,16,16,0.0,0.0,0.1576335021648112,0.9184203476255048,1.9322649407867944
gap_limited,171,blue,continuum,858,224,557,ok,16,16,0.0,0.0,0.19120514604738661,0.9013277189216184,1.9377797285896379
gap_limited,171,core,continuum,858,224,557,ok,16,16,0.0,0.0,0.0448529006734482,0.9766117145863705,1.9177506978476573
gap_limited,171,red,continuum,858,224,557,ok,16,16,0.0,0.0,0.1575519772630798,0.918466305361757,1.9323541998448905
gap_limited,172,blue,continuum,857,224,557,ok,16,16,0.0,0.0,0.18691869411036155,0.9034928397776287,1.9368375743277957
gap_limited,172,core,continuum,857,224,557,ok,16,16,0.0,0.0,0.04727305246085527,0.9753339672848339,1.9165243558518852
gap_limited,172,red,continuum,857,224,557,ok,16,16,0.0,0.0,0.14886269436709895,0.9229575235088594,1.9322158521762631
gap_limited,173,blue,continuum,856,224,557,ok,16,16,0.0,0.0,0.18549447046520792,0.904178594322679,1.9358354133298925
gap_limited,173,core,continuum,856,224,557,ok,16,16,0.0,0.0,0.042669241860149816,0.9777013769163697,1.9135370690880813
gap_limited,173,red,continuum,856,224,557,ok,16,16,0.0,0.0,0.14245876193650028,0.926262268812004,1.931965625214296
gap_limited,174,blue,continuum,855,224,557,ok,16,16,0.0,0.0,0.18550900996223688,0.9041751188139896,1.9359169316592855
gap_limited,174,core,continuum,855,224,557,ok,16,16,0.0,0.0,0.04001666264832899,0.9790468962899814,1.9098202921219412
gap_limited,174,red,continuum,855,224,557,ok,16,16,0.0,0.0,0.1359187247531886,0.9296342233530751,1.9316027084471679
gap_limited,175,blue,continuum,854,224,557,ok,16,16,0.0,0.0,0.18853244937526736,0.9026148390350223,1.9359463752703419
gap_limited,175,core,continuum,854,224,557,ok,16,16,0.0,0.0,0.040488152618218906,0.9787576066240858,1.9060071010701947
gap_limited,175,red,continuum,854,224,557,ok,16,16,0.0,0.0,0.13089899662157917,0.9322021422368938,1.9307246709616692
gap_limited,176,blue,continuum,853,224,557,ok,16,16,0.0,0.0,0.1918763269331108,0.9008864044290694,1.9359233799140567
gap_limited,176,core,continuum,853,224,557,ok,16,16,0.0,0.0,0.041611279625771706,0.9781234615017455,1.9020961487619152
gap_limited,176,red,continuum,853,224,557,ok,16,16,0.0,0.0,0.12801423048216304,0.9336641931322078,1.9297908102225465
gap_limited,177,blue,continuum,852,224,557,ok,16,16,0.0,0.0,0.1984225554052731,0.8975021242513398,1.9358699285810985
gap_limited,177,core,continuum,852,224,557,ok,16,16,0.0,0.0,0.04191151511120218,0.9779411709075236,1.8999882058788444
gap_limited,177,red,continuum,852,224,557,ok,16,16,0.0,0.0,0.13040198385926688,0.9323921923032977,1.9288006563423514
gap_limited,178,blue,continuum,851,224,557,ok,16,16,0.0,0.0,0.2108079096110931,0.8910995638423898,1.9357857236310183
gap_limited,178,core,continuum,851,224,557,ok,16,16,0.0,0.0,0.038150143419499336,0.9799200777422494,1.8999148965715658
gap_limited,178,red,continuum,851,224,557,ok,16,16,0.0,0.0,0.13404369554007284,0.9304663799202989,1.9277537310214639
gap_limited,179,blue,continuum,850,224,557,ok,16,16,0.0,0.0,0.21371344704313006,0.8896097748864994,1.9359816217730783
gap_limited,179,core,continuum,850,224,557,ok,16,16,0.0,0.0,0.03885859129228904,0.9795649533135834,1.9015660638602188
gap_limited,179,red,continuum,850,224,557,ok,16,16,0.0,0.0,0.13449835107702326,0.9301905469726138,1.926649547365164
gap_limited,180,blue,continuum,849,224,557,ok,16,16,0.0,0.0,0.20656906850308743,0.8932930967680804,1.9358547783373015
gap_limited,180,core,continuum,849,224,557,ok,16,16,0.0,0.0,0.042712270414265244,0.9775575797326812,1.9031935907761226
gap_limited,180,red,continuum,849,224,557,ok,16,16,0.0,0.0,0.14315527115152124,0.9256405746808608,1.9251799020382547
gap_limited,181,blue,continuum,848,224,557,ok,16,16,0.0,0.0,0.20006797122635359,0.8967041742645376,1.9368446866257867
gap_limited,181,core,continuum,848,224,557,ok,16,16,0.0,0.0,0.03837444604228042,0.9798465904410183,1.9041168160639235
gap_limited,181,red,continuum,848,224,557,ok,16,16,0.0,0.0,0.14621390952147864,0.9240436763432401,1.9249734911105856
gap_limited,182,blue,continuum,847,224,557,ok,16,16,0.0,0.0,0.19966934100058872,0.8969608106556117,1.9377999989230605
gap_limited,182,core,continuum,847,224,557,ok,16,16,0.0,0.0,0.040207377335320205,0.9788939004070472,1.9050122055116727
gap_limited,182,red,continuum,847,224,557,ok,16,16,0.0,0.0,0.14694909981276788,0.923702126644862,1.9259920801301353
gap_limited,183,blue,continuum,846,224,557,ok,16,16,0.0,0.0,0.19867802052613615,0.8975210573853282,1.9387204381409333
gap_limited,183,core,continuum,846,224,557,ok,16,16,0.0,0.0,0.036406204018274387,0.9808979529985795,1.9058797214543128
gap_limited,183,red,continuum,846,224,557,ok,16,16,0.0,0.0,0.15237543778784574,0.920900615392194,1.9263795608949463
gap_limited,184,blue,continuum,845,224,557,ok,16,16,0.0,0.0,0.1935070148183538,0.90023383994536,1.9396057211420554
gap_limited,184,core,continuum,845,224,557,ok,16,16,0.0,0.0,0.03734044035943118,0.9804163937954808,1.9067193227575445
gap_limited,184,red,continuum,845,224,557,ok,16,16,0.0,0.0,0.15819862127871773,0.917891742310186,1.9267078090532075
gap_limited,185,blue,continuum,844,224,557,ok,16,16,0.0,0.0,0.19161934186976765,0.9012503321614789,1.9404555586263876
gap_limited,185,core,continuum,844,224,557,ok,16,16,0.0,0.0,0.03883033399980601,0.979618300239476,1.9051568051754968
gap_limited,185,red,continuum,844,224,557,ok,16,16,0.0,0.0,0.15761822718172494,0.9182043804690998,1.926976384379373
gap_limited,186,blue,continuum,843,224,557,ok,16,16,0.0,0.0,0.19294123816339473,0.9006107999137882,1.9412696550131647
gap_limited,186,core,continuum,843,224,557,ok,16,16,0.0,0.0,0.03821275068522863,0.9799166421283461,1.9027072529122657
gap_limited,186,red,continuum,843,224,557,ok,16,15,0.0625,0.0,0.16173965497852055,0.916074653527333,1.9271848348126428
gap_limited,187,blue,continuum,842,224,557,ok,16,16,0.0,0.0,0.2011075018374598,0.8964680757678668,1.9424685026286999
gap_limited,187,core,continuum,842,224,557,ok,16,16,0.0,0.0,0.03946392376615905,0.9792395223391823,1.900915981362097
gap_limited,187,red,continuum,842,224,557,ok,16,15,0.0625,0.0,0.15647121016634108,0.9188146340933089,1.927332696217424
gap_limited,188,blue,continuum,841,224,557,ok,16,16,0.0,0.0,0.19502925497010504,0.8996581589613434,1.943648361952719
gap_limited,188,core,continuum,841,224,557,ok,16,16,0.0,0.0,0.04221192235713672,0.9777934268998367,1.9008751222774807
gap_limited,188,red,continuum,841,224,557,ok,16,15,0.0625,0.0,0.1549486571420915,0.9195888764583562,1.9269555046304712
gap_limited,189,blue,continuum,840,224,557,ok,16,16,0.0,0.0,0.18352955840166377,0.9056310717305565,1.9448091842014725
gap_limited,189,core,continuum,840,224,557,ok,16,16,0.0,0.0,0.04394134744972734,0.9768819676850238,1.9007390789596479
gap_limited,189,red,continuum,840,224,557,ok,16,16,0.0,0.0,0.14235612024331737,0.9260960478862166,1.9262314960388613
gap_limited,190,blue,continuum,840,224,557,ok,16,16,0.0,0.0,0.1714681120871462,0.91184136790128,1.9449951525465632
gap_limited,190,core,continuum,840,224,557,ok,16,16,0.0,0.0,0.045323292431628956,0.9761777119346925,1.902558323003132
gap_limited,190,red,continuum,840,224,557,ok,16,16,0.0,0.0,0.13820796713756725,0.92823160250792,1.9257496609537528
gap_limited,191,blue,continuum,840,224,557,ok,16,16,0.0,0.0,0.16312167671348005,0.9161386289787075,1.9451348663506014
gap_limited,191,core,continuum,840,224,557,ok,16,16,0.0,0.0,0.041513757744766545,0.9781793824504992,1.9025015057704562
gap_limited,191,red,continuum,840,224,557,ok,16,16,0.0,0.0,0.1403323938119109,0.9271096965493021,1.9252546246680118
gap_limited,192,blue,continuum,840,224,557,ok,16,16,0.0,0.0,0.16263363528477986,0.9163935420898028,1.9452281480393148
gap_limited,192,core,continuum,840,224,557,ok,16,16,0.0,0.0,0.038555357458580776,0.9797331957721174,1.9023895935964672
gap_limited,192,red,continuum,840,224,557,ok,16,16,0.0,0.0,0.14199185371616804,0.926247753467595,1.9252546246680118
gap_limited,193,blue,continuum,840,224,557,ok,16,16,0.0,0.0,0.16443203504688975,0.9154710512760927,1.9452748144776537
gap_limited,193,core,continuum,840,224,557,ok,16,16,0.0,0.0,0.038571164077552705,0.9797418881772845,1.9039861372619453
gap_limited,193,red,continuum,840,224,557,ok,16,16,0.0,0.0,0.1456416612381394,0.92435200031619,1.9252546246680118
gap_limited,194,blue,continuum,840,224,557,ok,16,16,0.0,0.0,0.1712223075591213,0.9119564264105041,1.9447450913049837
gap_limited,194,core,continuum,840,224,557,ok,16,16,0.0,0.0,0.04205450195922502,0.9779097000965234,1.9037542334410111
gap_limited,194,red,continuum,840,224,557,ok,16,16,0.0,0.0011904761904761906,0.1472632797835532,0.9234773043418439,1.9244392597120599
gap_limited,195,blue,continuum,840,224,557,ok,16,16,0.0,0.0,0.16942854326718473,0.912842194830237,1.9439285206548922
gap_limited,195,core,continuum,840,224,557,ok,16,16,0.0,0.0,0.0458869123314639,0.975879887448995,1.9024335908230223
gap_limited,195,red,continuum,840,224,557,ok,16,15,0.0625,0.0,0.1486412760163733,0.9226929042362573,1.9227378101310921
gap_limited,196,blue,continuum,840,224,557,ok,16,16,0.0,0.0,0.16137308835746678,0.9169449799485012,1.9429660995495075
gap_limited,196,core,continuum,840,224,557,ok,16,16,0.0,0.0,0.0480931062912454,0.9747010895873547,1.9009951617207446
gap_limited,196,red,continuum,840,224,557,ok,16,16,0.0,0.0011904761904761906,0.13719952664745172,0.9285769379324947,1.9209415373115486
gap_limited,197,blue,continuum,840,224,557,ok,16,16,0.0,0.0,0.15755147938988262,0.9188920858660994,1.942492062239225
gap_limited,197,core,continuum,840,224,557,ok,16,16,0.0,0.0,0.0466012370192322,0.9754800983459381,1.9005474686115764
gap_limited,197,red,continuum,840,224,557,ok,16,16,0.0,0.0,0.1336066166140525,0.9303787640639838,1.919049767183688
gap_limited,198,blue,continuum,840,224,557,ok,16,16,0.0,0.0,0.14745704092631692,0.9240918296501979,1.9425714023510423
gap_limited,198,core,continuum,840,224,557,ok,16,16,0.0,0.0,0.043158356731999095,0.9772989601917402,1.901162109600637
gap_limited,198,red,continuum,840,224,557,ok,16,16,0.0,0.0,0.12445089054820425,0.9350898645216541,1.9172797842907183
gap_limited,199,blue,continuum,840,224,557,ok,16,16,0.0,0.0,0.13716941923443757,0.9294344925021005,1.9438593173657925
gap_limited,199,core,continuum,840,224,557,ok,16,16,0.0,0.0,0.041947834220168595,0.9779440535414851,1.9018832086425441
gap_limited,199,red,continuum,840,224,557,ok,16,16,0.0,0.0,0.12848141840469363,0.9329022333035826,1.9148389690227008
gap_limited,200,blue,continuum,840,224,557,ok,16,16,0.0,0.0,0.12876040855305831,0.9338024902175154,1.945094445034961
gap_limited,200,core,continuum,840,224,557,ok,16,16,0.0,0.0,0.042569260221023905,0.977625530026452,1.9025818386469475
gap_limited,200,red,continuum,840,224,557,ok,16,16,0.0,0.0,0.13378023408124523,0.9300393846724212,1.912222090312412
within_season,0,blue,continuum,1363,224,557,ok,16,16,0.0,0.0,0.20779734636861058,0.8959557529301335,1.9972016927478278
within_season,0,core,continuum,1363,224,557,ok,16,16,0.0,0.0,0.1107221603082065,0.943296314162025,1.9526448531861544
within_season,0,red,continuum,1363,224,557,ok,16,16,0.0,0.0,0.193645803574336,0.9027796352265508,1.9918234623536448
within_season,1,blue,continuum,1356,224,557,ok,16,16,0.0,0.0,0.2185329151446953,0.8905737055297148,1.9970786382064523
within_season,1,core,continuum,1356,224,557,ok,16,16,0.0,0.0,0.11625343007702403,0.9404125904117608,1.9509730475004416
within_season,1,red,continuum,1356,224,557,ok,16,16,0.0,0.0,0.19969123184892457,0.8997670821752038,1.9922719619713987
within_season,2,blue,continuum,1350,224,557,ok,16,16,0.0,0.0,0.22272588783173736,0.8884719096390085,1.997038478026686
within_season,2,core,continuum,1350,224,557,ok,16,16,0.0,0.0,0.11832722658153436,0.9393090928504053,1.9496697633778013
within_season,2,red,continuum,1350,224,557,ok,16,16,0.0,0.0,0.2099479014234537,0.8946364067537877,1.9926038487777298
within_season,3,blue,continuum,1344,224,557,ok,16,16,0.0,0.0,0.22836068573837304,0.8856478164854027,1.9969945367000554
within_season,3,core,continuum,1344,224,557,ok,16,16,0.0,0.0,0.12195934004993955,0.9374031640056051,1.948330744078824
within_season,3,red,continuum,1344,224,557,ok,16,16,0.0,0.0,0.2187441099439748,0.8902396781669876,1.9929251872709384
within_season,4,blue,continuum,1338,224,557,ok,16,16,0.0,0.0,0.23820270035848345,0.8807165467562381,1.9969467170916317
within_season,4,core,continuum,1338,224,557,ok,16,16,0.0,0.0,0.13025742554766953,0.9330968540393452,1.9469551644742213
within_season,4,red,continuum,1338,224,557,ok,16,16,0.0,0.0,0.2303083930095066,0.8844550104326953,1.9932356554098123
within_season,5,blue,continuum,1332,224,557,ok,16,16,0.0,0.0,0.24428182925857345,0.8776638883359968,1.9968088402997048
within_season,5,core,continuum,1332,224,557,ok,16,16,0.0,0.0,0.1394147078158919,0.9283603802977602,1.94605594495546
within_season,5,red,continuum,1332,224,557,ok,16,16,0.0,0.0,0.24117649426872506,0.8790206824834973,1.9935349216681306
within_season,6,blue,continuum,1326,224,557,ok,16,16,0.0,0.0,0.25329620670951625,0.8731395921826445,1.9966529437158504
within_season,6,core,continuum,1326,224,557,ok,16,16,0.0,0.0,0.14694211189782697,0.9244586779674155,1.945188513307248
within_season,6,red,continuum,1326,224,557,ok,16,16,0.0,0.0,0.25012273409241004,0.8745511619324842,1.9938226447166882
within_season,7,blue,continuum,1320,224,557,ok,16,16,0.0,0.0,0.2604402128160539,0.8695502077829629,1.9964785561539566
within_season,7,core,continuum,1320,224,557,ok,16,16,0.0,0.0,0.15412953809081575,0.9207257562119149,1.9442574375459545
within_season,7,red,continuum,1320,224,557,ok,16,16,0.0,0.0007575757575757576,0.26071769672869904,0.8692553551157788,1.9940984730929001
within_season,8,blue,continuum,1314,224,557,ok,16,16,0.0,0.0,0.2631745285276571,0.8681678702850635,1.996285193121929
within_season,8,core,continuum,1314,224,557,ok,16,16,0.0,0.0,0.1623141746098797,0.9164753177049756,1.9433078959409429
within_season,8,red,continuum,1314,224,557,ok,16,16,0.0,0.00076103500761035,0.2680345725511172,0.8656038540032087,1.9943620448574215
within_season,9,blue,continuum,1308,224,557,ok,16,16,0.0,0.0,0.26413261176880315,0.8676903044159087,1.9963209090820544
within_season,9,core,continuum,1308,224,557,ok,16,16,0.0,0.0,0.16801751553559977,0.9134945915802313,1.942277582463889
within_season,9,red,continuum,1308,224,557,ok,16,16,0.0,0.0007645259938837921,0.27781035351136524,0.860706951493081,1.9944308527181498
within_season,10,blue,continuum,1302,224,557,ok,16,16,0.0,0.0,0.26457663471283227,0.8674700805561821,1.9963539993321409
within_season,10,core,continuum,1302,224,557,ok,16,16,0.0,0.0,0.1755448329976477,0.9095694719786542,1.9412120755969815
within_season,10,red,continuum,1302,224,557,ok,16,16,0.0,0.0007680491551459293,0.28684485583344377,0.8561840537143832,1.994527472383162
within_season,11,blue,continuum,1296,224,557,ok,16,16,0.0,0.0,0.26569828751863633,0.8669147189208755,1.9964513383014006
within_season,11,core,continuum,1296,224,557,ok,16,16,0.0,0.0,0.18298361417788495,0.9057262090743465,1.940980758079306
within_season,11,red,continuum,1296,224,557,ok,16,16,0.0,0.0007716049382716049,0.2958234909999218,0.8516890188546473,1.9946162362043776
within_season,12,blue,continuum,1290,224,557,ok,16,16,0.0,0.0,0.2798713146069328,0.8598223370480853,1.9965471581798115
within_season,12,core,continuum,1290,224,557,ok,16,16,0.0,0.0,0.19134916401024918,0.9014034561728218,1.9407289199269435
within_season,12,red,continuum,1290,224,557,ok,16,16,0.0,0.0007751937984496124,0.3079284579056193,0.8456264410046934,1.9946968892190995
within_season,13,blue,continuum,1283,224,557,ok,16,16,0.0,0.0,0.284026614185235,0.8577475288422587,1.9966374705032908
within_season,13,core,continuum,1283,224,557,ok,16,16,0.0,0.0,0.20040069603577484,0.8967207015288456,1.9403762322392826
within_season,13,red,continuum,1283,224,557,ok,16,16,0.0,0.000779423226812159,0.3266052445843441,0.8362712668945965,1.9947949171150419
within_season,14,blue,continuum,1276,224,557,ok,16,16,0.0,0.0,0.29221495390735686,0.8536525149063501,1.996720023718645
within_season,14,core,continuum,1276,224,557,ok,16,16,0.0,0.0,0.21231527489178587,0.8905260168885556,1.9394130811486885
within_season,14,red,continuum,1276,224,557,ok,16,16,0.0,0.0007836990595611285,0.3439741832476406,0.8275543855350141,1.9946821165317756
within_season,15,blue,continuum,1269,224,557,ok,16,16,0.0,0.0,0.30450758163848113,0.8475017948473564,1.996794528392536
within_season,15,core,continuum,1269,224,557,ok,16,16,0.0,0.0,0.22352964297639474,0.8846837962645869,1.9384061886850847
within_season,15,red,continuum,1269,224,557,ok,16,16,0.0,0.0007880220646178094,0.35675820081209386,0.8211341731859088,1.9945576366742186
within_season,16,blue,continuum,1262,224,557,ok,16,16,0.0,0.0,0.30991379391692414,0.8448099716047022,1.9969955358698435
within_season,16,core,continuum,1262,224,557,ok,16,16,0.0,0.0,0.2359678113858361,0.8782009879224318,1.9373540668421774
within_season,16,red,continuum,1262,224,557,ok,16,16,0.0,0.000792393026941363,0.3703160641019595,0.8143240343136072,1.9944211020150253
within_season,17,blue,continuum,1255,224,557,ok,16,16,0.0,0.0,0.32019661973477054,0.8396866749270191,1.9973175628975592
within_season,17,core,continuum,1255,224,557,ok,16,16,0.0,0.0,0.24974631790052226,0.8710158030784128,1.9362551681610216
within_season,17,red,continuum,1255,224,557,ok,16,16,0.0,0.0007968127490039841,0.38836224733704905,0.8052608109848183,1.9942685871346244
within_season,18,blue,continuum,1248,224,557,ok,16,16,0.0,0.0,0.32614741780763407,0.8367322824771645,1.997623429518559
within_season,18,core,continuum,1248,224,557,ok,16,16,0.0,0.0,0.26229262355186245,0.8644558136099194,1.9351078828052013
within_season,18,red,continuum,1248,224,557,ok,16,16,0.0,0.0008012820512820513,0.3939135555257779,0.8024615011621196,1.9941103017547084
within_season,19,blue,continuum,1241,224,557,ok,16,16,0.0,0.0,0.3249182163506925,0.8373711438829687,1.9979124499091006
within_season,19,core,continuum,1241,224,557,ok,16,16,0.0,0.0,0.2689816980813524,0.8609267520277091,1.9341009288496995
within_season,19,red,continuum,1241,224,557,ok,16,16,0.0,0.0008058017727639,0.3987690885424957,0.8000147024618163,1.9939920256705748
within_season,20,blue,continuum,1234,224,557,ok,16,16,0.0,0.0008103727714748784,0.3309965083998718,0.8343513293818408,1.9981839103487873
within_season,20,core,continuum,1234,224,557,ok,16,16,0.0,0.0,0.2694132415337344,0.8606289549915885,1.9330646585700384
within_season,20,red,continuum,1234,224,557,ok,16,16,0.0,0.0008103727714748784,0.4036559045237803,0.7975514005580197,1.9938685949737276
within_season,21,blue,continuum,1228,224,557,ok,16,16,0.0,0.0008143322475570033,0.3348731155582642,0.8324252943232662,1.9983512082322474
within_season,21,core,continuum,1228,224,557,ok,16,16,0.0,0.0,0.27244153313203634,0.8589904255998058,1.9320782598692892
within_season,21,red,continuum,1228,224,557,ok,16,16,0.0,0.0,0.4057370791418481,0.7964912908077907,1.993708675920295
within_season,22,blue,continuum,1222,224,557,ok,16,15,0.0625,0.0,0.3454479764806159,0.8271473063456396,1.9985108081183882
within_season,22,core,continuum,1222,224,557,ok,16,16,0.0,0.0,0.2645271203910441,0.863014741268211,1.9310626766707535
within_season,22,red,continuum,1222,224,557,ok,16,16,0.0,0.0,0.4097317045628447,0.7944704820423736,1.9935418942952912
within_season,23,blue,continuum,1216,224,557,ok,16,15,0.0625,0.0,0.344872298822466,0.8274494996127822,1.9986745796073826
within_season,23,core,continuum,1216,224,557,ok,16,16,0.0,0.0,0.2640138190995877,0.8632064867509174,1.9300170953198201
within_season,23,red,continuum,1216,224,557,ok,16,16,0.0,0.0,0.41210858523180205,0.7932601649279964,1.9933680661410627
within_season,24,blue,continuum,1210,224,557,ok,16,15,0.0625,0.0,0.3379525325029665,0.8309241586060705,1.9988221245374223
within_season,24,core,continuum,1210,224,557,ok,16,16,0.0,0.0,0.26140824103535043,0.864497365694322,1.9291746051640901
within_season,24,red,continuum,1210,224,557,ok,16,16,0.0,0.0,0.41587375920876657,0.7913523624349406,1.9931870020770832
within_season,25,blue,continuum,1204,224,557,ok,16,15,0.0625,0.0,0.3347120475824784,0.8325515742666978,1.9988963534096151
within_season,25,core,continuum,1204,224,557,ok,16,16,0.0,0.0,0.26126569639423114,0.86452690954321,1.9285431188828113
within_season,25,red,continuum,1204,224,557,ok,16,16,0.0,0.0,0.41607324140850743,0.7912325373435714,1.9929985071152807
within_season,26,blue,continuum,1198,224,557,ok,16,16,0.0,0.0008347245409015025,0.31643274709904834,0.841699398964644,1.998935853871925
within_season,26,core,continuum,1198,224,557,ok,16,16,0.0,0.0,0.2584626070353582,0.8659498316754488,1.9281035620156028
within_season,26,red,continuum,1198,224,557,ok,16,16,0.0,0.0,0.41250972943706976,0.7930001823160329,1.9928023804680866
within_season,27,blue,continuum,1192,224,557,ok,16,16,0.0,0.0,0.3057212413882304,0.8470582867931921,1.9989395631709308
within_season,27,core,continuum,1192,224,557,ok,16,16,0.0,0.0,0.2502924150298854,0.8701547317069578,1.9276206081303728
within_season,27,red,continuum,1192,224,557,ok,16,16,0.0,0.0,0.41137359355842223,0.7935471683318223,1.9925790808217365
within_season,28,blue,continuum,1186,224,557,ok,16,16,0.0,0.0,0.2948368708323631,0.8525009109173456,1.9989063842092254
within_season,28,core,continuum,1186,224,557,ok,16,16,0.0,0.0,0.2446563369943397,0.8730438223374399,1.9270928087061496
within_season,28,red,continuum,1186,224,557,ok,16,16,0.0,0.0,0.4040012057694786,0.7972227207054474,1.9923396110992786
within_season,29,blue,continuum,1180,224,557,ok,16,16,0.0,0.0,0.28367695146058847,0.8580866425009841,1.998944683290687
within_season,29,core,continuum,1180,224,557,ok,16,16,0.0,0.0,0.2337892044667705,0.8786467999221792,1.9265186605449818
within_season,29,red,continuum,1180,224,557,ok,16,16,0.0,0.0,0.40365263884151964,0.7973716319722806,1.9920835506423276
within_season,30,blue,continuum,1174,224,557,ok,16,16,0.0,0.0,0.2751795140892327,0.8623461975733823,1.999069471661917
within_season,30,core,continuum,1174,224,557,ok,16,16,0.0,0.0,0.223965155150621,0.8837694873797518,1.9269049933761087
within_season,30,red,continuum,1174,224,557,ok,16,16,0.0,0.0,0.4085390704272166,0.7948905896283355,1.991810466847578
within_season,31,blue,continuum,1168,224,557,ok,16,16,0.0,0.0,0.26860049450117063,0.8656443966429557,1.9991759762142267
within_season,31,core,continuum,1168,224,557,ok,16,16,0.0,0.0,0.216456826511091,0.8876861818768863,1.927250182820961
within_season,31,red,continuum,1168,224,557,ok,16,16,0.0,0.0,0.4125788994389954,0.7928321497672656,1.9915199147720082
within_season,32,blue,continuum,1162,224,557,ok,16,16,0.0,0.0,0.26781871133449203,0.8660413218411582,1.99926361632895
within_season,32,core,continuum,1162,224,557,ok,16,16,0.0,0.0,0.20644120121899734,0.8928998387463309,1.9275526647437697
within_season,32,red,continuum,1162,224,557,ok,16,16,0.0,0.0,0.41836280096755996,0.7898953404686664,1.991211436722887
within_season,33,blue,continuum,1157,224,557,ok,16,16,0.0,0.0,0.2586949502677428,0.8706083958054707,1.9993178991645921
within_season,33,core,continuum,1157,224,557,ok,16,16,0.0,0.0,0.19894625154747633,0.8968294177050047,1.9283234340834676
within_season,33,red,continuum,1157,224,557,ok,16,16,0.0,0.0,0.41449720235720006,0.7917952821796415,1.9908156102151018
within_season,34,blue,continuum,1151,224,557,ok,16,16,0.0,0.0,0.24641322125246418,0.876753911039571,1.9993593576148352
within_season,34,core,continuum,1151,224,557,ok,16,16,0.0,0.0,0.1925691665672668,0.9001472547620883,1.9285315201744986
within_season,34,red,continuum,1151,224,557,ok,16,16,0.0,0.0,0.4189836669099265,0.7895053124063653,1.990471454171733
within_season,35,blue,continuum,1147,224,557,ok,16,16,0.0,0.0,0.2365837832027639,0.8816734234699594,1.9994137423784948
within_season,35,core,continuum,1147,224,557,ok,16,16,0.0,0.0,0.18439747556233504,0.904441562902629,1.9296828324477493
within_season,35,red,continuum,1147,224,557,ok,16,16,0.0,0.0,0.417003792493177,0.7904467039467944,1.9899653231285832
within_season,36,blue,continuum,1142,224,557,ok,16,16,0.0,0.0,0.22603554184277042,0.8869508997352873,1.9994457391831655
within_season,36,core,continuum,1142,224,557,ok,16,16,0.0,0.0,0.17992364102227473,0.9067865122542144,1.9302318298931946
within_season,36,red,continuum,1142,224,557,ok,16,16,0.0,0.0,0.415808583257762,0.7910038001758279,1.989550927756488
within_season,37,blue,continuum,1137,224,557,ok,16,16,0.0,0.0,0.21928779228151749,0.8903314778191942,1.9995509004852567
within_season,37,core,continuum,1137,224,557,ok,16,16,0.0,0.0,0.17033259164886605,0.9117788285015075,1.930745066696112
within_season,37,red,continuum,1137,224,557,ok,16,16,0.0,0.0,0.41728385597978507,0.7902165752707432,1.9891173791176544
within_season,38,blue,continuum,1132,224,557,ok,16,16,0.0,0.0,0.21278445982295457,0.8935874259248836,1.99961763609581
within_season,38,core,continuum,1132,224,557,ok,16,16,0.0,0.0,0.1608741072176678,0.9166982662061279,1.9312215951680722
within_season,38,red,continuum,1132,224,557,ok,16,16,0.0,0.0,0.42037092762271194,0.7886164376876015,1.9886642226298377
within_season,39,blue,continuum,1127,224,557,ok,16,16,0.0,0.0,0.20638243640786832,0.8967904619623486,1.9996449972732064
within_season,39,core,continuum,1127,224,557,ok,16,16,0.0,0.0,0.15343856275579174,0.9205664930596895,1.9316604373402735
within_season,39,red,continuum,1127,224,557,ok,16,16,0.0,0.0,0.41590182122549174,0.7908139494744577,1.9881909916106417
within_season,40,blue,continuum,1122,224,557,ok,16,16,0.0,0.0,0.20734606209916068,0.8963078900113834,1.999632007892629
within_season,40,core,continuum,1122,224,557,ok,16,16,0.0,0.0,0.14738058491007358,0.9237184454014826,1.9320605837906983
within_season,40,red,continuum,1122,224,557,ok,16,16,0.0,0.0,0.40789487970786953,0.7948257684919586,1.9880414646119098
within_season,41,blue,continuum,1117,224,557,ok,16,16,0.0,0.0,0.209777247949957,0.8950909534804936,1.9996106618979872
within_season,41,core,continuum,1117,224,557,ok,16,16,0.0,0.0,0.1466342724854952,0.9241190923037466,1.932426442135658
within_season,41,red,continuum,1117,224,557,ok,16,16,0.0,0.0008952551477170994,0.4053026534784404,0.7961016062589921,1.987767760413338
within_season,42,blue,continuum,1112,224,557,ok,16,16,0.0,0.0,0.2145892131529451,0.892682641502356,1.9995759880509554
within_season,42,core,continuum,1112,224,557,ok,16,16,0.0,0.0,0.150207950622068,0.9222832927665895,1.9327626705920622
within_season,42,red,continuum,1112,224,557,ok,16,16,0.0,0.0,0.38771451464024886,0.8049432017962874,1.98770059906002
within_season,43,blue,continuum,1107,224,557,ok,16,16,0.0,0.0,0.21386216397481686,0.8930436572927628,1.9995276442857084
within_season,43,core,continuum,1107,224,557,ok,16,16,0.0,0.0,0.15020565042144157,0.922296782131878,1.9330685979616806
within_season,43,red,continuum,1107,224,557,ok,16,16,0.0,0.0,0.3712712926817052,0.8131976414990314,1.987508592830642
within_season,44,blue,continuum,1102,224,557,ok,16,16,0.0,0.0,0.20733345594764396,0.8963055482415916,1.999465279306341
within_season,44,core,continuum,1102,224,557,ok,16,16,0.0,0.0,0.15189922914308562,0.9214318477760255,1.9333435347959564
within_season,44,red,continuum,1102,224,557,ok,16,16,0.0,0.0,0.36176471470510607,0.8179618592654717,1.987301744817744
within_season,45,blue,continuum,1097,224,557,ok,16,16,0.0,0.0,0.21043982132953548,0.8947540647686648,1.9995054523196496
within_season,45,core,continuum,1097,224,557,ok,16,16,0.0,0.0,0.15450561418830033,0.9200183639101438,1.931763611521016
within_season,45,red,continuum,1097,224,557,ok,16,16,0.0,0.0009115770282588879,0.3631010650104048,0.8172707162444602,1.9870983870115273
within_season,46,blue,continuum,1092,224,557,ok,16,16,0.0,0.0,0.21456986762926605,0.8926899996534858,1.9995328202068738
within_season,46,core,continuum,1092,224,557,ok,16,16,0.0,0.0,0.15408459969783672,0.9202078050045618,1.9310735806509138
within_season,46,red,continuum,1092,224,557,ok,16,16,0.0,0.0009157509157509158,0.35828378927429844,0.8196743079925223,1.9868704524890508
within_season,47,blue,continuum,1087,224,557,ok,16,16,0.0,0.0,0.2080970787419374,0.8959260860545032,1.9995123739741079
within_season,47,core,continuum,1087,224,557,ok,16,16,0.0,0.0,0.15240067412182143,0.9210505522345457,1.9303576964157938
within_season,47,red,continuum,1087,224,557,ok,16,16,0.0,0.0009199632014719411,0.34817034945164926,0.8247421083891164,1.9866172430321978
within_season,48,blue,continuum,1082,224,557,ok,16,16,0.0,0.0,0.1991197370223157,0.9004170316119731,1.9995360677183451
within_season,48,core,continuum,1082,224,557,ok,16,16,0.0,0.0,0.14676540291204837,0.9239741662676451,1.9304675227729629
within_season,48,red,continuum,1082,224,557,ok,16,16,0.0,0.0009242144177449168,0.3355821157567562,0.8310548812734755,1.9863380385672522
within_season,49,blue,continuum,1077,224,557,ok,16,16,0.0,0.0,0.19300842079926286,0.903473908424674,1.9995466267133075
within_season,49,core,continuum,1077,224,557,ok,16,16,0.0,0.0,0.14359837866267885,0.9256185332497198,1.930566644306431
within_season,49,red,continuum,1077,224,557,ok,16,16,0.0,0.0009285051067780873,0.32782959052552674,0.8349323804339515,1.9860320963455358
within_season,50,blue,continuum,1072,224,557,ok,16,16,0.0,0.0,0.18896357820573137,0.9054961635480779,1.9995334083803553
within_season,50,core,continuum,1072,224,557,ok,16,16,0.0,0.0,0.14124776565563388,0.9268394488056216,1.930654749721012
within_season,50,red,continuum,1072,224,557,ok,16,16,0.0,0.0009328358208955224,0.3192606893414648,0.8392199695923177,1.985698650086896
within_season,51,blue,continuum,1067,224,557,ok,16,16,0.0,0.0,0.18441070138681145,0.907771874978496,1.9995061305194486
within_season,51,core,continuum,1067,224,557,ok,16,16,0.0,0.0,0.1415325090621533,0.9266948782299078,1.9307315184066354
within_season,51,red,continuum,1067,224,557,ok,16,16,0.0,0.0009372071227741331,0.3083351864211651,0.8447088294374223,1.9855294110035389
within_season,52,blue,continuum,1063,224,557,ok,16,16,0.0,0.0,0.17709911276334117,0.9114260628377719,1.999449481837693
within_season,52,core,continuum,1063,224,557,ok,16,16,0.0,0.0,0.14225132013790415,0.9263383744072916,1.9311455455034832
within_season,52,red,continuum,1063,224,557,ok,16,16,0.0,0.0009407337723424271,0.2953953734407531,0.851194740419313,1.9851137941840036
within_season,53,blue,continuum,1059,224,557,ok,16,16,0.0,0.0,0.17042130060339258,0.9147612075474771,1.999339686778359
within_season,53,core,continuum,1059,224,557,ok,16,16,0.0,0.0,0.134843067333711,0.9301584993870219,1.9307011755221946
within_season,53,red,continuum,1059,224,557,ok,16,16,0.0,0.0009442870632672333,0.285199339394544,0.8563116719936112,1.9848469486113265
within_season,54,blue,continuum,1055,224,557,ok,16,16,0.0,0.0,0.17061199498534177,0.9146588212800338,1.9991755157867983
within_season,54,core,continuum,1055,224,557,ok,16,16,0.0,0.0,0.13119287396367355,0.9320634304893376,1.9311083104230524
within_season,54,red,continuum,1055,224,557,ok,16,16,0.0,0.0009478672985781991,0.2767083833434659,0.8605676744803792,1.9845353816789617
within_season,55,blue,continuum,1050,224,557,ok,16,16,0.0,0.0,0.17521629693024607,0.9123453541658331,1.998939078046544
within_season,55,core,continuum,1050,224,557,ok,16,16,0.0,0.0,0.12885841321508534,0.9332429359086215,1.930258841801388
within_season,55,red,continuum,1050,224,557,ok,16,16,0.0,0.0009523809523809524,0.26339281657594327,0.8672459498895353,1.9840661460556124
within_season,56,blue,continuum,1046,224,557,ok,16,16,0.0,0.0,0.17750532016433188,0.9111911776089608,1.9987352087920733
within_season,56,core,continuum,1046,224,557,ok,16,16,0.0,0.0,0.12918545997754194,0.9330554541486283,1.9297383877150462
within_season,56,red,continuum,1046,224,557,ok,16,16,0.0,0.0009560229445506692,0.25633845732068156,0.8707531772925173,1.9833250206919093
within_season,57,blue,continuum,1042,224,557,ok,16,16,0.0,0.0,0.17709831798545422,0.9113943739546851,1.9987254296344819
within_season,57,core,continuum,1042,224,557,ok,16,16,0.0,0.0,0.1254387393127613,0.9349471074666167,1.9282576750663252
within_season,57,red,continuum,1042,224,557,ok,16,16,0.0,0.0009596928982725527,0.24996536290957816,0.8739161900417021,1.9825333878493518
within_season,58,blue,continuum,1038,224,557,ok,16,16,0.0,0.0,0.1759167073580934,0.9119851203751235,1.9987155365985665
within_season,58,core,continuum,1038,224,557,ok,16,16,0.0,0.0,0.12099516336889408,0.9372030031149622,1.9267667145038696
within_season,58,red,continuum,1038,224,557,ok,16,16,0.0,0.0009633911368015414,0.24692725523061804,0.8753956255719813,1.9816901000796139
within_season,59,blue,continuum,1035,224,557,ok,16,16,0.0,0.0,0.17294274315031982,0.9134768129644437,1.9988022757327448
within_season,59,core,continuum,1035,224,557,ok,16,16,0.0,0.0,0.11774878322592144,0.9388520807063666,1.925638428684542
within_season,59,red,continuum,1035,224,557,ok,16,16,0.0,0.000966183574879227,0.2450171163753615,0.8763256049225552,1.981146673261931
within_season,60,blue,continuum,1032,224,557,ok,16,16,0.0,0.0,0.1715283519525837,0.9141880183598937,1.9988858044552575
within_season,60,core,continuum,1032,224,557,ok,16,16,0.0,0.0,0.11615862567974983,0.9396416190010503,1.9244821308538915
within_season,60,red,continuum,1032,224,557,ok,16,16,0.0,0.0009689922480620155,0.24394110311021305,0.876806598277567,1.9801474729940227
within_season,61,blue,continuum,1029,224,557,ok,16,16,0.0,0.0,0.16021874359682386,0.919860201576748,1.9992406613083942
within_season,61,core,continuum,1029,224,557,ok,16,16,0.0,0.0,0.11439958117257404,0.9404881640931259,1.922299647276718
within_season,61,red,continuum,1029,224,557,ok,16,16,0.0,0.0009718172983479105,0.24268164157362518,0.8773627641950582,1.978857726046742
within_season,62,blue,continuum,1026,224,557,ok,16,16,0.0,0.0,0.14724971671854611,0.926353922869165,1.9994237636982548
within_season,62,core,continuum,1026,224,557,ok,16,16,0.0,0.0,0.11336452097718053,0.9409288595347732,1.9191185422247694
within_season,62,red,continuum,1026,224,557,ok,16,16,0.0,0.0009746588693957114,0.24222753131965552,0.8775075332414696,1.977489209986758
within_season,63,blue,continuum,1023,224,557,ok,16,16,0.0,0.0,0.1401485326373757,0.9299075990292408,1.9994825501246885
within_season,63,core,continuum,1023,224,557,ok,16,16,0.0,0.0,0.11032313781648877,0.9424450519449864,1.916831507015471
within_season,63,red,continuum,1023,224,557,ok,16,16,0.0,0.0009775171065493646,0.24194141178061407,0.8775625314518141,1.976040624242379
within_season,64,blue,continuum,1020,224,557,ok,16,16,0.0,0.0,0.13477090165543995,0.9326000738816019,1.9995704656811437
within_season,64,core,continuum,1020,224,557,ok,16,16,0.0,0.0,0.10848264063962414,0.943335396713809,1.9144692514958603
within_season,64,red,continuum,1020,224,557,ok,16,16,0.0,0.000980392156862745,0.2347503393656756,0.8811096099221828,1.9745106329622162
within_season,65,blue,continuum,1018,224,557,ok,16,16,0.0,0.0,0.13084473224019183,0.9345694960515124,1.999751252767422
within_season,65,core,continuum,1018,224,557,ok,16,16,0.0,0.0,0.10979526451596434,0.9425901831830927,1.912482404640411
within_season,65,red,continuum,1018,224,557,ok,16,16,0.0,0.0009823182711198428,0.22788690011755774,0.8845035774805359,1.9731078690264445
within_season,66,blue,continuum,1016,224,557,ok,16,16,0.0,0.0,0.12344308133622235,0.9382756986826083,1.9999105490310423
within_season,66,core,continuum,1016,224,557,ok,16,16,0.0,0.0,0.11380475811093771,0.9404626009446818,1.911483536679153
within_season,66,red,continuum,1016,224,557,ok,16,16,0.0,0.000984251968503937,0.22929288353541383,0.8837050806987118,1.9716500506903396
within_season,67,blue,continuum,1014,224,557,ok,16,16,0.0,0.0,0.12000152615397339,0.9399981424288321,1.9999635179900914
within_season,67,core,continuum,1014,224,557,ok,16,16,0.0,0.0,0.11618918355351619,0.9391810889491994,1.9104120995600542
within_season,67,red,continuum,1014,224,557,ok,16,16,0.0,0.0009861932938856016,0.22740686799831827,0.8845730501642558,1.970136682307941
within_season,68,blue,continuum,1013,224,557,ok,16,16,0.0,0.0,0.11907456412403716,0.9404624876273018,1.9999922633422047
within_season,68,core,continuum,1013,224,557,ok,16,16,0.0,0.0,0.11903771986342881,0.9376639258564612,1.9096120745320806
within_season,68,red,continuum,1013,224,557,ok,16,16,0.0,0.0009871668311944718,0.22855110794036732,0.8839139554406434,1.9688077822610761
within_season,69,blue,continuum,1012,224,557,ok,16,16,0.0,0.0,0.11407236937585155,0.9429636546193066,1.9999943652502095
within_season,69,core,continuum,1012,224,557,ok,16,16,0.0,0.0,0.12152734319255548,0.9363307392635335,1.908728667285293
within_season,69,red,continuum,1012,224,557,ok,16,16,0.0,0.0,0.22233199553822203,0.8869943505432675,1.967441420911865
within_season,70,blue,continuum,1011,224,557,ok,16,16,0.0,0.0,0.11142821469363196,0.9442853616381248,1.9999809380416071
within_season,70,core,continuum,1011,224,557,ok,16,16,0.0,0.0,0.12177946066320523,0.9361662760135728,1.907760554422595
within_season,70,red,continuum,1011,224,557,ok,16,16,0.0,0.0,0.2159392294143928,0.8902005053139782,1.9666686994497014
within_season,71,blue,continuum,1010,224,557,ok,16,16,0.0,0.0,0.10688370159427235,0.9465568642756167,1.9999519142269746
within_season,71,core,continuum,1010,224,557,ok,16,16,0.0,0.0,0.12094564918567981,0.9365682880178782,1.9067063682558072
within_season,71,red,continuum,1010,224,557,ok,16,16,0.0,0.0,0.21319108207946136,0.8915543094111182,1.9658787815522338
within_season,72,blue,continuum,1009,224,557,ok,16,16,0.0,0.0,0.10283455125227015,0.9485803391576665,1.9999072255180481
within_season,72,core,continuum,1009,224,557,ok,16,16,0.0,0.0,0.120681660965866,0.9366688198485215,1.9055646946293088
within_season,72,red,continuum,1009,224,557,ok,16,16,0.0,0.0,0.21030040439033748,0.8930044482544816,1.9655060510414732
within_season,73,blue,continuum,1008,224,557,ok,16,16,0.0,0.0,0.09938996058156312,0.9503014912735624,1.9998580063769937
within_season,73,core,continuum,1008,224,557,ok,16,16,0.0,0.0,0.11495931581504236,0.9396647254531867,1.905341720552661
within_season,73,red,continuum,1008,224,557,ok,16,16,0.0,0.0,0.20800488166326803,0.8941280644554362,1.9646838474556305
within_season,74,blue,continuum,1007,224,557,ok,16,16,0.0,0.0,0.10124512422028079,0.9493719038514327,1.9997813846915857
within_season,74,core,continuum,1007,224,557,ok,16,16,0.0,0.0,0.10920705370804487,0.9426736431866682,1.9050060003577236
within_season,74,red,continuum,1007,224,557,ok,16,16,0.0,0.0,0.20555183219257928,0.8953319033110365,1.9638441769262942
within_season,75,blue,continuum,1006,224,557,ok,16,16,0.0,0.0,0.09846957543531135,0.9507572623887017,1.9996771140668361
within_season,75,core,continuum,1006,224,557,ok,16,16,0.0,0.0,0.1056277287483818,0.9445495472122203,1.9049029076938453
within_season,75,red,continuum,1006,224,557,ok,16,16,0.0,0.0,0.19937248294662496,0.8984341266407504,1.9629869399283628
within_season,76,blue,continuum,1005,224,557,ok,16,16,0.0,0.0,0.09724265990380951,0.9513694279950834,1.9996199076987633
within_season,76,core,continuum,1005,224,557,ok,16,16,0.0,0.0,0.10067867212852702,0.9471433483606888,1.9047493362907064
within_season,76,red,continuum,1005,224,557,ok,16,16,0.0,0.0,0.19499973797112782,0.900583979045073,1.9614518474797589
within_season,77,blue,continuum,1004,224,557,ok,16,16,0.0,0.0,0.0983206428977237,0.9508285387347999,1.9995468991137682
within_season,77,core,continuum,1004,224,557,ok,16,16,0.0,0.0,0.09668600913956962,0.9492340579241972,1.904544763400625
within_season,77,red,continuum,1004,224,557,ok,16,16,0.0,0.0,0.191204193544863,0.9024744234514712,1.9605543521162332
within_season,78,blue,continuum,1003,224,557,ok,16,16,0.0,0.0,0.10206333712391397,0.9489544985494743,1.9994580173305936
within_season,78,core,continuum,1003,224,557,ok,16,16,0.0,0.0,0.09875412333232361,0.9481412005581055,1.9042886529406284
within_season,78,red,continuum,1003,224,557,ok,16,16,0.0,0.0,0.18552465085815834,0.9053488401248764,1.9600885092472926
within_season,79,blue,continuum,1002,224,557,ok,16,16,0.0,0.0,0.1028497739032865,0.9485596888083103,1.9994003053368403
within_season,79,core,continuum,1002,224,557,ok,16,16,0.0,0.0,0.10130193133356777,0.9468207516081981,1.9049146875341016
within_season,79,red,continuum,1002,224,557,ok,16,16,0.0,0.0,0.17668119434649493,0.9098388430994198,1.9596154310810303
within_season,80,blue,continuum,1001,224,557,ok,16,16,0.0,0.0,0.1061050877218923,0.9469295943269221,1.9993268635539838
within_season,80,core,continuum,1001,224,557,ok,16,16,0.0,0.0,0.1004624728247995,0.9472765016153584,1.9054591577341944
within_season,80,red,continuum,1001,224,557,ok,16,16,0.0,0.0,0.1698087415859483,0.9133246372623487,1.9591350554819684
within_season,81,blue,continuum,1000,224,557,ok,16,16,0.0,0.0,0.10550614817538426,0.9472268093252919,1.9992376209678158
within_season,81,core,continuum,1000,224,557,ok,16,16,0.0,0.0,0.10849724524971098,0.943088617063169,1.9064243328990618
within_season,81,red,continuum,1000,224,557,ok,16,16,0.0,0.0,0.1626329028460548,0.9169667243216759,1.9586473196132184
within_season,82,blue,continuum,999,224,557,ok,16,16,0.0,0.0,0.10762764742905481,0.9461628245653488,1.9991325057477394
within_season,82,core,continuum,999,224,557,ok,16,16,0.0,0.0,0.11422767173925391,0.9401278360633315,1.907859416273671
within_season,82,red,continuum,999,224,557,ok,16,16,0.0,0.0,0.15631688026281387,0.9201712290485327,1.9581521599254996
within_season,83,blue,continuum,998,224,557,ok,16,16,0.0,0.0,0.10545178026772242,0.947248035763465,1.9990114452399568
within_season,83,core,continuum,998,224,557,ok,16,16,0.0,0.0,0.1166420859823626,0.9388792869178644,1.9083888276240495
within_season,83,red,continuum,998,224,557,ok,16,16,0.0,0.0,0.14922476686357117,0.9237735018767509,1.9576495121459287
within_season,84,blue,continuum,997,224,557,ok,16,16,0.0,0.0,0.10446227982871405,0.9477394469569295,1.9988743659605255
within_season,84,core,continuum,997,224,557,ok,16,16,0.0,0.0,0.11770532020890327,0.9383387975571004,1.908904068452158
within_season,84,red,continuum,997,224,557,ok,16,16,0.0,0.0,0.14281997906562258,0.9270511169914063,1.9578089913837025
within_season,85,blue,continuum,996,224,557,ok,16,16,0.0,0.0,0.10216206626974074,0.9488862845916336,1.9987211935882592
within_season,85,core,continuum,996,224,557,ok,16,16,0.0,0.0,0.12061320262005455,0.9368617186568359,1.9103022770687625
within_season,85,red,continuum,996,224,557,ok,16,16,0.0,0.0,0.13654122013663278,0.9302632213555102,1.9579513535132511
within_season,86,blue,continuum,995,224,557,ok,16,16,0.0,0.0,0.09903637070241321,0.9504457846849839,1.9985458365719064
within_season,86,core,continuum,995,224,557,ok,16,16,0.0,0.0,0.1175611602767288,0.938503869033509,1.9116838478958549
within_season,86,red,continuum,995,224,557,ok,16,16,0.0,0.0,0.1305768287069276,0.933313725346928,1.9580765215366909
within_season,87,blue,continuum,994,224,557,ok,16,16,0.0,0.0,0.10126401811347474,0.949326291499903,1.9983541980804684
within_season,87,core,continuum,994,224,557,ok,16,16,0.0,0.0,0.1165486465950165,0.9390770096737124,1.9130486860676479
within_season,87,red,continuum,994,224,557,ok,16,16,0.0,0.0,0.12326754806779186,0.9370667065923977,1.9587016886184607
within_season,88,blue,continuum,993,224,557,ok,16,16,0.0,0.0,0.09819646845918972,0.950859094934003,1.9982633272079626
within_season,88,core,continuum,993,224,557,ok,16,16,0.0,0.0,0.11989023459533896,0.9373744037030329,1.9143966953516296
within_season,88,red,continuum,993,224,557,ok,16,16,0.0,0.0,0.12080993032009948,0.9383406685920546,1.9593130116965873
within_season,89,blue,continuum,992,224,557,ok,16,16,0.0,0.0,0.09473521594939882,0.952589527987793,1.9981917903075652
within_season,89,core,continuum,992,224,557,ok,16,16,0.0,0.0,0.1253371331514897,0.9345746642178885,1.9157277781333024
within_season,89,red,continuum,992,224,557,ok,16,16,0.0,0.0,0.12036964272615817,0.9385841107948232,1.9599104447389832
within_season,90,blue,continuum,991,224,557,ok,16,16,0.0,0.0,0.09531032396567252,0.9523009083329526,1.998158049443882
within_season,90,core,continuum,991,224,557,ok,16,16,0.0,0.0,0.12807493084763252,0.9331913740834599,1.9170418354005438
within_season,90,red,continuum,991,224,557,ok,16,16,0.0,0.0,0.12110193991931256,0.938228862948196,1.9604939410092286
within_season,91,blue,continuum,990,224,557,ok,16,16,0.0,0.0,0.09084190471338105,0.9545363047031892,1.9981196891347581
within_season,91,core,continuum,990,224,557,ok,16,16,0.0,0.0,0.13337773522434504,0.9304722723964604,1.9183387667275753
within_season,91,red,continuum,990,224,557,ok,16,16,0.0,0.0,0.11827663905092611,0.9396736445544652,1.960613038487156
within_season,92,blue,continuum,989,224,557,ok,16,16,0.0,0.0,0.08571112938486744,0.9571031829795453,1.9980766718425131
within_season,92,core,continuum,989,224,557,ok,16,16,0.0,0.0,0.13442571526499053,0.9299546329639536,1.9191235759506138
within_season,92,red,continuum,989,224,557,ok,16,16,0.0,0.0,0.11268870560075717,0.942526401295043,1.9607038386311786
within_season,93,blue,continuum,988,224,557,ok,16,16,0.0,0.0,0.0807085968977734,0.9596058923435081,1.9980289596718541
within_season,93,core,continuum,988,224,557,ok,16,16,0.0,0.0,0.13598510824680812,0.9291697652574691,1.9198737479992318
within_season,93,red,continuum,988,224,557,ok,16,16,0.0,0.0,0.11077323963754213,0.943505122838007,1.9607660942409313
within_season,94,blue,continuum,987,224,557,ok,16,16,0.0,0.0,0.0751898593548948,0.9623669954004566,1.9979765143654544
within_season,94,core,continuum,987,224,557,ok,16,16,0.0,0.0,0.13139868275157424,0.9315841773894783,1.9205890938358228
within_season,94,red,continuum,987,224,557,ok,16,16,0.0,0.0,0.10265452130287986,0.9476466010469853,1.9607995537215928
within_season,95,blue,continuum,986,224,557,ok,16,16,0.0,0.0,0.07011044884083878,0.9649082678486536,1.9979192972994548
within_season,95,core,continuum,986,224,557,ok,16,16,0.0,0.0,0.12463100234936382,0.9351309082651192,1.921269421479328
within_season,95,red,continuum,986,224,557,ok,16,16,0.0,0.0,0.09824744012006272,0.9498943076029841,1.9608039609869543
within_season,96,blue,continuum,985,224,557,ok,16,16,0.0,0.0,0.06733450776240159,0.9662965328092192,1.9978510632526336
within_season,96,core,continuum,985,224,557,ok,16,16,0.0,0.0,0.11981259605445105,0.9376991571045675,1.923129615686707
within_season,96,red,continuum,985,224,557,ok,16,16,0.0,0.0,0.09199119202823527,0.9530843662488114,1.960779055359235
within_season,97,blue,continuum,983,224,557,ok,16,16,0.0,0.0,0.06137686451372119,0.969276521835838,1.9977186237108886
within_season,97,core,continuum,983,224,557,ok,16,16,0.0,0.0,0.11290219046004714,0.9413012114958834,1.9234160250535521
within_season,97,red,continuum,983,224,557,ok,16,16,0.0,0.0,0.09013269130593021,0.9540277679830649,1.9605898463387088
within_season,98,blue,continuum,982,224,557,ok,16,16,0.0,0.0,0.052428082852376705,0.9737550147635246,1.9976419258758764
within_season,98,core,continuum,982,224,557,ok,16,16,0.0,0.0,0.10866758833275939,0.9435344847529613,1.9244947621098425
within_season,98,red,continuum,982,224,557,ok,16,16,0.0,0.0,0.0862987549528215,0.9559815474051339,1.9605131454095348
within_season,99,blue,continuum,981,224,557,ok,16,16,0.0,0.0,0.05030037898856365,0.9748165927204894,1.9973619308253139
within_season,99,core,continuum,981,224,557,ok,16,16,0.0,0.0,0.10693728593606192,0.9444410022811436,1.9247518912632924
within_season,99,red,continuum,981,224,557,ok,16,16,0.0,0.0,0.08345165801502122,0.9574314473120642,1.960406279884445
within_season,100,blue,continuum,980,224,557,ok,16,16,0.0,0.0,0.04453905858474932,0.9776977399414933,1.997064802755765
within_season,100,core,continuum,980,224,557,ok,16,16,0.0,0.0,0.10383475945306256,0.9460591358722497,1.9249739716283831
within_season,100,red,continuum,980,224,557,ok,16,16,0.0,0.0,0.08493779450216699,0.95667033666053,1.960268969475129
within_season,101,blue,continuum,979,224,557,ok,16,16,0.0,0.0,0.04334432348558974,0.9782951910621589,1.996991708598792
within_season,101,core,continuum,979,224,557,ok,16,16,0.0,0.0,0.10109686131189324,0.9474865339081981,1.925160703259614
within_season,101,red,continuum,979,224,557,ok,16,16,0.0,0.0,0.0769945273276207,0.960722481854879,1.9602696647772966
within_season,102,blue,continuum,978,224,557,ok,16,16,0.0,0.0,0.0415484210646787,0.979191231595149,1.996678527836022
within_season,102,core,continuum,978,224,557,ok,16,16,0.0,0.0,0.10349560881281339,0.9462447537449729,1.9253117792783732
within_season,102,red,continuum,978,224,557,ok,16,16,0.0,0.0,0.075468282757924,0.9615002451582004,1.960227618799985
within_season,103,blue,continuum,977,224,557,ok,16,16,0.0,0.0,0.03614615162157695,0.9818938046721758,1.9963416370544889
within_season,103,core,continuum,977,224,557,ok,16,16,0.0,0.0,0.105693265292977,0.9451065807394514,1.9254268857130163
within_season,103,red,continuum,977,224,557,ok,16,16,0.0,0.0,0.07539977662281278,0.9615335292667013,1.9601428253084492
within_season,104,blue,continuum,976,224,557,ok,16,16,0.0,0.0,0.030377171858265967,0.9847808791926415,1.9959873006316067
within_season,104,core,continuum,976,224,557,ok,16,16,0.0,0.0,0.10875553818016338,0.9435184543442675,1.9255057013321215
within_season,104,red,continuum,976,224,557,ok,16,16,0.0,0.0,0.07739649862970928,0.9605122982094653,1.9600152736227714
within_season,105,blue,continuum,975,224,557,ok,16,16,0.0,0.0,0.028047305593528866,0.985945535812454,1.9956154300341298
within_season,105,core,continuum,975,224,557,ok,16,16,0.0,0.0,0.107348945000579,0.9442501819136301,1.9255478974706168
within_season,105,red,continuum,975,224,557,ok,16,16,0.0,0.0,0.07702733873989967,0.9606972282209563,1.9598449486702805
within_season,106,blue,continuum,974,224,557,ok,16,16,0.0,0.0,0.028327207217627166,0.9858025065180157,1.9952259357310131
within_season,106,core,continuum,974,224,557,ok,16,16,0.0,0.0,0.10763192608303633,0.9441033727049983,1.9255531378484596
within_season,106,red,continuum,974,224,557,ok,16,16,0.0,0.0,0.07659742777908518,0.9609199884632204,1.960015485333121
within_season,107,blue,continuum,973,224,557,ok,16,16,0.0,0.0,0.03239615319245899,0.9837598510827087,1.9948187271833375
within_season,107,core,continuum,973,224,557,ok,16,16,0.0,0.0,0.10839098239345035,0.9436891460667209,1.9248683836668414
within_season,107,red,continuum,973,224,557,ok,16,16,0.0,0.0,0.07851129770389834,0.9599459260088606,1.9601326377253518
within_season,108,blue,continuum,972,224,557,ok,16,16,0.0,0.0,0.03441157935065147,0.982746830524282,1.994507698952483
within_season,108,core,continuum,972,224,557,ok,16,16,0.0,0.0,0.10457844733232119,0.9456759096503273,1.9250841874971483
within_season,108,red,continuum,972,224,557,ok,16,16,0.0,0.0,0.08097125953613046,0.9586922675513561,1.960196184498835
within_season,109,blue,continuum,971,224,557,ok,16,16,0.0,0.0,0.036850676358617676,0.9815208829357566,1.9941794962662254
within_season,109,core,continuum,971,224,557,ok,16,16,0.0,0.0,0.10048780231401774,0.9478061093899961,1.9252790152178718
within_season,109,red,continuum,971,224,557,ok,16,16,0.0,0.0,0.08320045859266464,0.9575552452051789,1.9602058957545494
within_season,110,blue,continuum,970,224,557,ok,16,16,0.0,0.0,0.03874527329374758,0.980567453121602,1.9938340319568901
within_season,110,core,continuum,970,224,557,ok,16,16,0.0,0.0,0.09823178184243975,0.9489748328838782,1.9251633535836588
within_season,110,red,continuum,970,224,557,ok,16,16,0.0,0.0,0.07803666869723346,0.9602013849430706,1.960788549692166
within_season,111,blue,continuum,969,224,557,ok,16,16,0.0,0.0,0.04375806250430228,0.9780493131219318,1.9934712178880631
within_season,111,core,continuum,969,224,557,ok,16,16,0.0,0.0,0.09927589315641548,0.9484545748041463,1.9259884418297737
within_season,111,red,continuum,969,224,557,ok,16,16,0.0,0.0,0.0738258464112019,0.9623471964870892,1.9606998556133468
within_season,112,blue,continuum,968,224,557,ok,16,16,0.0,0.0,0.044753796675956525,0.9775455323098136,1.993090964944845
within_season,112,core,continuum,968,224,557,ok,16,16,0.0,0.0,0.09930239714876317,0.9484624232197033,1.9267960069618082
within_season,112,red,continuum,968,224,557,ok,16,16,0.0,0.0,0.07357397460429312,0.962472917108891,1.960556721602374
within_season,113,blue,continuum,967,224,557,ok,16,16,0.0,0.0,0.047526038981916555,0.9761498461545417,1.992693183023924
within_season,113,core,continuum,967,224,557,ok,16,16,0.0,0.0,0.09831992636393638,0.9490190707535576,1.9285628531535166
within_season,113,red,continuum,967,224,557,ok,16,16,0.0,0.0,0.06966721718649468,0.9644620086120812,1.9603588853977334
within_season,114,blue,continuum,966,224,557,ok,16,16,0.0,0.0,0.048869201769311685,0.9754706887589706,1.9922777810234478
within_season,114,core,continuum,966,224,557,ok,16,16,0.0,0.0,0.09901819839608147,0.9487034669320595,1.9303097592372458
within_season,114,red,continuum,966,224,557,ok,16,16,0.0,0.0,0.06880131613003712,0.9648991873543457,1.9601060757365407
within_season,115,blue,continuum,965,224,557,ok,16,16,0.0,0.0,0.05294589029801214,0.9734192941591433,1.9918918111132309
within_season,115,core,continuum,965,224,557,ok,16,16,0.0,0.0,0.10147715253530105,0.9474765897749362,1.932036630913141
within_season,115,red,continuum,965,224,557,ok,16,16,0.0,0.0,0.07120136574060859,0.9636690284935547,1.959798012227039
within_season,116,blue,continuum,964,224,557,ok,16,16,0.0,0.0,0.05359315028789799,0.9730892610808766,1.9915153741770082
within_season,116,core,continuum,964,224,557,ok,16,16,0.0,0.0,0.09994178926313772,0.948342139522015,1.934686964159692
within_season,116,red,continuum,964,224,557,ok,16,16,0.0,0.0,0.06988028238652055,0.9643365033294212,1.959434405212696
within_season,117,blue,continuum,963,224,557,ok,16,16,0.0,0.0,0.053297797803063915,0.9732319083275486,1.991094414022637
within_season,117,core,continuum,963,224,557,ok,16,16,0.0,0.0,0.10226790118304255,0.9472108624915927,1.9372906247380004
within_season,117,red,continuum,963,224,557,ok,16,16,0.0,0.0,0.06645824927705088,0.9660715201879343,1.958774741608581
within_season,118,blue,continuum,962,224,557,ok,16,16,0.0,0.0,0.05435771638229239,0.9726931899039447,1.9906285718134789
within_season,118,core,continuum,962,224,557,ok,16,16,0.0,0.0,0.1007509361392647,0.9480624383682044,1.9398472506954594
within_season,118,red,continuum,962,224,557,ok,16,16,0.0,0.0,0.06469154614907636,0.9669616104205337,1.958072017810542
within_season,119,blue,continuum,961,224,557,ok,16,16,0.0,0.0,0.05516705801100569,0.9722794968104532,1.9901174821317391
within_season,119,core,continuum,961,224,557,ok,16,16,0.0,0.0,0.10177608183776982,0.9475829152251477,1.941658569432654
within_season,119,red,continuum,961,224,557,ok,16,16,0.0,0.0,0.06439577301628366,0.9671001317328047,1.9573261659680623
within_season,120,blue,continuum,960,224,557,ok,16,16,0.0,0.0,0.057050994110820846,0.9713248296357039,1.9895607728230211
within_season,120,core,continuum,960,224,557,ok,16,16,0.0,0.0,0.10370304449289268,0.9466633023682925,1.9443094360465907
within_season,120,red,continuum,960,224,557,ok,16,16,0.0,0.0,0.06271090554720578,0.9679480112669866,1.9565371144229156
within_season,121,blue,continuum,959,224,557,ok,16,16,0.0,0.0,0.06302366204510057,0.9683132273327626,1.9889580648351757
within_season,121,core,continuum,959,224,557,ok,16,16,0.0,0.0,0.10591465755502733,0.9455819087846559,1.9463133525926177
within_season,121,red,continuum,959,224,557,ok,16,16,0.0,0.0,0.06483322846071658,0.9668609388434091,1.956399071004526
within_season,122,blue,continuum,958,224,557,ok,16,16,0.0,0.0,0.06697438309041912,0.9663159076220803,1.9883089720511973
within_season,122,core,continuum,958,224,557,ok,16,16,0.0,0.0,0.10568571679713466,0.9457539432427846,1.9482654245292617
within_season,122,red,continuum,958,224,557,ok,16,16,0.0,0.0,0.06171966110712981,0.9684494067226804,1.9562123781519343
within_season,123,blue,continuum,956,224,557,ok,16,16,0.0,0.0,0.0694013782511649,0.9650881674854581,1.9879041932919743
within_season,123,core,continuum,956,224,557,ok,16,16,0.0,0.0,0.10602967037449702,0.9456202858146088,1.9498019061486935
within_season,123,red,continuum,956,224,557,ok,16,16,0.0,0.0,0.057578205209887975,0.9705581330953852,1.9556574111427358
within_season,124,blue,continuum,954,224,557,ok,16,16,0.0,0.0,0.07416869038453977,0.9626745652322674,1.9870817539319745
within_season,124,core,continuum,954,224,557,ok,16,16,0.0,0.0,0.10425790339555248,0.9465696457929309,1.951286023512055
within_season,124,red,continuum,954,224,557,ok,16,16,0.0,0.0,0.060656326199045915,0.9689636566074944,1.954364450474942
within_season,125,blue,continuum,952,224,557,ok,16,16,0.0,0.0,0.0727958180796741,0.9633495894342863,1.986221080638429
within_season,125,core,continuum,952,224,557,ok,16,16,0.0,0.0,0.10191414395436892,0.9478090733497997,1.952717656029158
within_season,125,red,continuum,952,224,557,ok,16,16,0.0,0.0,0.05678178502012826,0.9709153984735726,1.9522971620750564
within_season,126,blue,continuum,950,224,557,ok,16,16,0.0,0.0,0.07292277040045014,0.9632660169161631,1.9851582724917334
within_season,126,core,continuum,950,224,557,ok,16,16,0.0,0.0,0.10304761669604098,0.947250038097917,1.9535107321465544
within_season,126,red,continuum,950,224,557,ok,16,16,0.0,0.0,0.05472260124316635,0.9719389460779898,1.9501263707078254
within_season,127,blue,continuum,948,224,557,ok,16,16,0.0,0.0,0.0770507675330097,0.9611644057018697,1.9840244220678525
within_season,127,core,continuum,948,224,557,ok,16,16,0.0,0.0,0.10262357085519026,0.9475027782546733,1.9548381313021728
within_season,127,red,continuum,948,224,557,ok,16,16,0.0,0.0,0.051902036048505316,0.9733645842331713,1.9486099448518162
within_season,128,blue,continuum,946,224,557,ok,16,16,0.0,0.0,0.08338314366868849,0.9579471539597668,1.9828180853422719
within_season,128,core,continuum,946,224,557,ok,16,16,0.0,0.0,0.10337130683607479,0.9471547270654459,1.9561126491691023
within_season,128,red,continuum,946,224,557,ok,16,16,0.0,0.0,0.048602811129811324,0.9750374061743317,1.9470256764677363
within_season,129,blue,continuum,944,224,557,ok,16,16,0.0,0.0,0.09327859366797217,0.952931714975157,1.981771666818517
within_season,129,core,continuum,944,224,557,ok,16,16,0.0,0.0,0.10225824415023192,0.9477640375845441,1.9576215201497862
within_season,129,red,continuum,944,224,557,ok,16,16,0.0,0.0,0.04712448830967043,0.9757761152538723,1.9453728748937946
within_season,130,blue,continuum,942,224,557,ok,16,16,0.0,0.0,0.10094419400556946,0.949035683767866,1.9806837699104092
within_season,130,core,continuum,942,224,557,ok,16,16,0.0,0.0,0.10042725467973264,0.9487371835483431,1.9590662712502351
within_season,130,red,continuum,942,224,557,ok,16,16,0.0,0.0,0.050150507245274506,0.9741977795671075,1.9436508332958449
within_season,131,blue,continuum,940,224,557,ok,16,16,0.0,0.0,0.11282359735018338,0.9430294903223633,1.9803859573766676
within_season,131,core,continuum,940,224,557,ok,16,16,0.0,0.0,0.10273780474275589,0.9475961786131606,1.9605021546874701
within_season,131,red,continuum,940,224,557,ok,16,16,0.0,0.0,0.05302467994066193,0.9727080089948579,1.9428659466680704
within_season,132,blue,continuum,937,224,557,ok,16,16,0.0,0.0,0.11949210470103586,0.9396496939342797,1.979975123422097
within_season,132,core,continuum,937,224,557,ok,16,16,0.0,0.0,0.104100832464347,0.94692872541717,1.9615287796013567
within_season,132,red,continuum,937,224,557,ok,16,16,0.0,0.0,0.047632248801098086,0.9754764871564884,1.942309370808613
within_season,133,blue,continuum,934,224,557,ok,16,16,0.0,0.0,0.12137945432531308,0.9386825274523897,1.9795247468992994
within_season,133,core,continuum,934,224,557,ok,16,16,0.0,0.0,0.10390962763899667,0.9470530195314066,1.9625222575371
within_season,133,red,continuum,934,224,557,ok,16,16,0.0,0.0,0.044733324132278096,0.9769618202446709,1.941703928320582
within_season,134,blue,continuum,931,224,557,ok,16,16,0.0,0.0,0.12337705223126912,0.9376545097489366,1.9789250470953643
within_season,134,core,continuum,931,224,557,ok,16,16,0.0,0.0,0.10530359966576852,0.9463340826539693,1.9622062730575334
within_season,134,red,continuum,931,224,557,ok,16,16,0.0,0.0,0.04188479329146805,0.9784307106908089,1.9418717367576925
within_season,135,blue,continuum,928,224,557,ok,16,16,0.0,0.0,0.1258103591546023,0.9364048029865779,1.978299699709231
within_season,135,core,continuum,928,224,557,ok,16,16,0.0,0.0,0.10633350885810612,0.9457927097363156,1.961609007586625
within_season,135,red,continuum,928,224,557,ok,16,16,0.0,0.0,0.03953811217041255,0.9796404629406033,1.9419946561193624
within_season,136,blue,continuum,925,224,557,ok,16,16,0.0,0.0,0.12430758418197904,0.9371437324083014,1.977648195553953
within_season,136,core,continuum,925,224,557,ok,16,16,0.0,0.0,0.10789896016871307,0.9449759196784299,1.960940728825147
within_season,136,red,continuum,925,224,557,ok,16,16,0.0,0.0,0.03599746534598353,0.9814629685429155,1.9419217920259781
within_season,137,blue,continuum,922,224,557,ok,16,16,0.0,0.0,0.12278174695758363,0.9378939760821263,1.976970013729181
within_season,137,core,continuum,922,224,557,ok,16,16,0.0,0.0,0.10627227593973182,0.9457648019068553,1.959470596147127
within_season,137,red,continuum,922,224,557,ok,16,16,0.0,0.0,0.03516209988694904,0.9818920105485758,1.9418003296983082
within_season,138,blue,continuum,919,224,557,ok,16,16,0.0,0.0,0.12816358814695217,0.935148569292539,1.976264621286255
within_season,138,core,continuum,919,224,557,ok,16,16,0.0,0.0,0.10055183492378415,0.9486621584205429,1.9586299663213755
within_season,138,red,continuum,919,224,557,ok,16,16,0.0,0.0,0.0347550643423061,0.9821000515200161,1.9416292946971287
within_season,139,blue,continuum,916,224,557,ok,16,16,0.0,0.0,0.13347493889827744,0.9324359339597842,1.975531472881306
within_season,139,core,continuum,916,224,557,ok,16,16,0.0,0.0,0.09264403520512503,0.952677413807427,1.957712852550415
within_season,139,red,continuum,916,224,557,ok,16,16,0.0,0.0,0.033628707542081145,0.9826781835990224,1.941407688640731
within_season,140,blue,continuum,913,224,557,ok,16,16,0.0,0.0,0.14063199931949755,0.9287791187151446,1.974589429145437
within_season,140,core,continuum,913,224,557,ok,16,16,0.0,0.0,0.09058433511066866,0.9537059713888212,1.956717482323303
within_season,140,red,continuum,913,224,557,ok,16,16,0.0,0.0,0.033449257772623836,0.9827710040958971,1.9414513741139374
within_season,141,blue,continuum,910,224,557,ok,16,16,0.0,0.0,0.142588270974081,0.9277721454051793,1.9741451795012277
within_season,141,core,continuum,910,224,557,ok,16,16,0.0,0.0,0.08745130208921706,0.9552825614814546,1.9556420266100216
within_season,141,red,continuum,910,224,557,ok,16,16,0.0,0.0,0.033159764309287715,0.9829203616177982,1.941479296414292
within_season,142,blue,continuum,907,224,557,ok,16,16,0.0,0.0,0.14533076189203245,0.9263609316988233,1.973555141920639
within_season,142,core,continuum,907,224,557,ok,16,16,0.0,0.0,0.08513949181821676,0.9564389036724021,1.9544845974015823
within_season,142,red,continuum,907,224,557,ok,16,16,0.0,0.0,0.030379996887512938,0.9843471237206259,1.9408571527231062
within_season,143,blue,continuum,904,224,557,ok,16,16,0.0,0.0,0.1391657513254852,0.9294583066786684,1.972815575769597
within_season,143,core,continuum,904,224,557,ok,16,16,0.0,0.0,0.08541282436852825,0.9562712813252445,1.9532432451042065
within_season,143,red,continuum,904,224,557,ok,16,16,0.0,0.0,0.028209595931069052,0.9854602590638125,1.940171840397733
within_season,144,blue,continuum,901,224,557,ok,16,16,0.0,0.0,0.13000864703380025,0.9340666224512044,1.9718184001355628
within_season,144,core,continuum,901,224,557,ok,16,16,0.0,0.0,0.08353612069861566,0.957203013556294,1.9519159557763934
within_season,144,red,continuum,901,224,557,ok,16,16,0.0,0.0,0.024273253707073443,0.9874854352362185,1.9396003109371227
within_season,145,blue,continuum,898,224,557,ok,16,16,0.0,0.0,0.12569415900983633,0.9362189620178378,1.9707136005687096
within_season,145,core,continuum,898,224,557,ok,16,16,0.0,0.0,0.08156678013284782,0.9581816185458528,1.9505006481966265
within_season,145,red,continuum,898,224,557,ok,16,16,0.0,0.0,0.025178086954743675,0.9870123039959586,1.9386107394959753
within_season,146,blue,continuum,895,224,557,ok,16,16,0.0,0.0,0.12572973697335402,0.9361615662986937,1.9694990883020578
within_season,146,core,continuum,895,224,557,ok,16,16,0.0,0.0,0.0736791640898877,0.9622014881766507,1.9492609771047607
within_season,146,red,continuum,895,224,557,ok,16,16,0.0,0.0,0.026886373034361553,0.9861237556070733,1.937582841079593
within_season,147,blue,continuum,892,224,557,ok,16,16,0.0,0.0,0.12498618155761272,0.9364963342056345,1.9681727030111462
within_season,147,core,continuum,892,224,557,ok,16,16,0.0,0.0,0.06855966325413143,0.9648041515502808,1.9479474504521694
within_season,147,red,continuum,892,224,557,ok,16,16,0.0,0.0,0.02924809821474948,0.9848965344022347,1.9365156973692828
within_season,148,blue,continuum,889,224,557,ok,16,16,0.0,0.0,0.12393134548183249,0.9369861616804359,1.9667322097304316
within_season,148,core,continuum,889,224,557,ok,16,16,0.0,0.0,0.05635752973705315,0.9710475975305439,1.9465579686006584
within_season,148,red,continuum,889,224,557,ok,16,16,0.0,0.0,0.03403909575797807,0.9824124477203294,1.935408362499865
within_season,149,blue,continuum,886,224,557,ok,16,16,0.0,0.0,0.11937716747820656,0.9392536799403198,1.965175295572217
within_season,149,core,continuum,886,224,557,ok,16,16,0.0,0.0,0.05230783191711538,0.9731077624268272,1.9450903545972213
within_season,149,red,continuum,886,224,557,ok,16,16,0.0,0.0,0.042125763778166125,0.9782305888147045,1.9350897192212808
within_season,150,blue,continuum,883,224,557,ok,16,16,0.0,0.0,0.11078711226875723,0.9435767065223519,1.9634995662322572
within_season,150,core,continuum,883,224,557,ok,16,16,0.0,0.0,0.05251491312021436,0.972979794798946,1.9435423502322615
within_season,150,red,continuum,883,224,557,ok,16,16,0.0,0.0,0.04710665960302953,0.9756519377825199,1.934719041797523
within_season,151,blue,continuum,880,224,557,ok,16,16,0.0,0.0,0.10869997549526045,0.9445889612959475,1.9617025422645713
within_season,151,core,continuum,880,224,557,ok,16,16,0.0,0.0,0.048161358526708054,0.9751989955498465,1.941911611826268
within_season,151,red,continuum,880,224,557,ok,16,16,0.0,0.0,0.052432807638490446,0.9728817908534313,1.9334907904537977
within_season,152,blue,continuum,877,224,557,ok,16,16,0.0,0.0,0.10853096693922727,0.9446158903227355,1.9596047958820937
within_season,152,core,continuum,877,224,557,ok,16,16,0.0,0.0,0.05002424187672103,0.9742169092895003,1.9401957057207913
within_season,152,red,continuum,877,224,557,ok,16,16,0.0,0.0,0.055395194292216426,0.9713307786396861,1.9322183046414594
within_season,153,blue,continuum,874,224,557,ok,16,16,0.0,0.0,0.10978825509385808,0.9439124442292758,1.9574440994122222
within_season,153,core,continuum,874,224,557,ok,16,16,0.0,0.0,0.0531033354704676,0.9726044408785833,1.9383921034469318
within_season,153,red,continuum,874,224,557,ok,16,16,0.0,0.0,0.05663709035551048,0.9706680427911429,1.930900483463419
within_season,154,blue,continuum,871,224,557,ok,16,16,0.0,0.0,0.11563776318671334,0.9408612803836366,1.955364673717367
within_season,154,core,continuum,871,224,557,ok,16,16,0.0,0.0,0.05205861519769438,0.973117136990716,1.9364981765415352
within_season,154,red,continuum,871,224,557,ok,16,16,0.0,0.0,0.06316283187853902,0.967265277440713,1.929536190940449
within_season,155,blue,continuum,869,224,557,ok,16,16,0.0,0.0,0.1152569086992026,0.9409824829087918,1.9529271033391622
within_season,155,core,continuum,869,224,557,ok,16,16,0.0,0.0,0.054287342601170255,0.971957446342034,1.9358915476568561
within_season,155,red,continuum,869,224,557,ok,16,16,0.0,0.0,0.07113250489724442,0.963117184005645,1.9286082957475759
within_season,156,blue,continuum,866,224,557,ok,16,16,0.0,0.0,0.117710829562734,0.9396543414470686,1.9506097436899388
within_season,156,core,continuum,866,224,557,ok,16,16,0.0,0.0,0.048649949770570126,0.9748455455160003,1.9340490886620312
within_season,156,red,continuum,866,224,557,ok,16,16,0.0,0.0,0.07893370229096218,0.9590411214313284,1.9271451038050733
within_season,157,blue,continuum,863,224,557,ok,16,16,0.0,0.0,0.1263620964324494,0.9351383526880732,1.948178957354572
within_season,157,core,continuum,863,224,557,ok,16,16,0.0,0.0,0.04145012797127285,0.9785465078299813,1.9320923438842095
within_season,157,red,continuum,863,224,557,ok,16,16,0.0,0.0,0.08508440299298553,0.9558256582422755,1.9261046029759399
within_season,158,blue,continuum,860,224,557,ok,16,16,0.0,0.0,0.13191534940744204,0.9322296175005309,1.9465044248271042
within_season,158,core,continuum,860,224,557,ok,16,16,0.0,0.0,0.03732241980690759,0.9806760653205708,1.9314089198737725
within_season,158,red,continuum,860,224,557,ok,16,16,0.0,0.0,0.09149632714235681,0.9524705658200986,1.925045579041365
within_season,159,blue,continuum,857,224,557,ok,16,16,0.0,0.0,0.13766279015250135,0.9292138238909786,1.9447694128932722
within_season,159,core,continuum,857,224,557,ok,16,16,0.0,0.0,0.033522301847050115,0.9826369484104417,1.9306687925300834
within_season,159,red,continuum,857,224,557,ok,16,16,0.0,0.0,0.09810975262371964,0.9490057555173377,1.9239377623699543
within_season,160,blue,continuum,854,224,557,ok,16,16,0.0,0.0,0.1477519434466797,0.9239579088037602,1.9430284086398941
within_season,160,core,continuum,854,224,557,ok,16,16,0.0,0.0,0.028912067107632083,0.9850186510629035,1.9298707498922747
within_season,160,red,continuum,854,224,557,ok,16,16,0.0,0.0,0.10945285935443609,0.9431016822607253,1.9236572134870884
within_season,161,blue,continuum,851,224,557,ok,16,16,0.0,0.0,0.1538550599820562,0.9207417870515867,1.941187597583051
within_season,161,core,continuum,851,224,557,ok,16,16,0.0,0.0,0.02726859168546638,0.9858639708440949,1.9290135429633972
within_season,161,red,continuum,851,224,557,ok,16,16,0.0,0.0,0.12367240119158215,0.9356716250714107,1.922517105847463
within_season,162,blue,continuum,848,224,557,ok,16,16,0.0,0.0,0.15863433699918325,0.9181979012201423,1.93924531723927
within_season,162,core,continuum,848,224,557,ok,16,16,0.0,0.0,0.030675314999217218,0.9840903581349786,1.9280958842108933
within_season,162,red,continuum,848,224,557,ok,16,16,0.0,0.0,0.14187644883044437,0.9261386640823343,1.9208486695745113
within_season,163,blue,continuum,845,224,557,ok,16,16,0.0,0.0,0.16917473143837522,0.9126713270348291,1.9372186212636804
within_season,163,core,continuum,845,224,557,ok,16,16,0.0,0.0,0.03274743153188232,0.9829936747735396,1.9256030386229572
within_season,163,red,continuum,845,224,557,ok,16,16,0.0,0.0,0.15022331186791435,0.9217230084410155,1.9191247501472484
within_season,164,blue,continuum,842,224,557,ok,16,16,0.0,0.0,0.17374430723956025,0.910213994366539,1.9350934036295975
within_season,164,core,continuum,842,224,557,ok,16,16,0.0,0.0,0.039137877930214275,0.9796472385058358,1.9229762969234612
within_season,164,red,continuum,842,224,557,ok,16,16,0.0,0.0,0.16215589699750257,0.915426805223492,1.917343875042365
within_season,165,blue,continuum,839,224,557,ok,16,16,0.0,0.0,0.1813370990910023,0.9061877578002129,1.932979053041051
within_season,165,core,continuum,839,224,557,ok,16,16,0.0,0.0,0.04469222418182912,0.976725364555844,1.9202115663234118
within_season,165,red,continuum,839,224,557,ok,16,16,0.0,0.0,0.18047855583022293,0.9057801461932784,1.915504519890772
within_season,166,blue,continuum,836,224,557,ok,16,16,0.0,0.0,0.19506229721211768,0.8990276832123053,1.9318393735805577
within_season,166,core,continuum,836,224,557,ok,16,16,0.0,0.0,0.050210543525418365,0.973811910503784,1.917304564453752
within_season,166,red,continuum,836,224,557,ok,16,16,0.0,0.0,0.1730186518231236,0.9095849758735018,1.9136051059507109
within_season,167,blue,continuum,833,224,557,ok,16,16,0.0,0.0,0.1987135423900128,0.8970687223923268,1.9305457680941032
within_season,167,core,continuum,833,224,557,ok,16,16,0.0,0.0,0.050493772621715054,0.9736455746732974,1.9159504332107007
within_season,167,red,continuum,833,224,557,ok,16,16,0.0,0.0,0.16604446341988421,0.913140488686988,1.911643997414594
within_season,168,blue,continuum,831,224,557,ok,16,16,0.0,0.0,0.19628105751145178,0.8982905049723728,1.9298203914800311
within_season,168,core,continuum,831,224,557,ok,16,16,0.0,0.0,0.04638974862100907,0.9757830055687791,1.915586542036064
within_season,168,red,continuum,831,224,557,ok,16,16,0.0,0.0,0.16454466553521618,0.9139180339324956,1.911488236760094
within_season,169,blue,continuum,829,224,557,ok,16,16,0.0,0.0,0.19955620449325648,0.8965495372836887,1.9290025317769015
within_season,169,core,continuum,829,224,557,ok,16,16,0.0,0.0,0.04505067478522218,0.9764771960590468,1.9151915264144554
within_season,169,red,continuum,829,224,557,ok,16,16,0.0,0.0,0.16488359369766661,0.9137398968635833,1.911469934564189
within_season,170,blue,continuum,827,224,557,ok,16,16,0.0,0.0,0.20014237457263453,0.8961966093128618,1.9280909154100816
within_season,170,core,continuum,827,224,557,ok,16,16,0.0,0.0,0.04383889950751407,0.9771046017962494,1.914747195806908
within_season,170,red,continuum,827,224,557,ok,16,16,0.0,0.0,0.15992703166591613,0.9163302359936222,1.9114077058198178
within_season,171,blue,continuum,825,224,557,ok,16,16,0.0,0.0,0.19978114154519455,0.8963298345751809,1.9270842361110592
within_season,171,core,continuum,825,224,557,ok,16,16,0.0,0.0,0.04406808527010273,0.9769785355087857,1.9142172856518467
within_season,171,red,continuum,825,224,557,ok,16,16,0.0,0.0,0.15984226453040884,0.91633646847627,1.9105369044225893
within_season,172,blue,continuum,823,224,557,ok,16,16,0.0,0.0,0.19635564109680154,0.8980490329851143,1.9259811539416987
within_season,172,core,continuum,823,224,557,ok,16,16,0.0,0.0,0.04867944871743354,0.9745613385610518,1.913601029451264
within_season,172,red,continuum,823,224,557,ok,16,16,0.0,0.0,0.15013373371315014,0.9213702951843982,1.9093767942437998
within_season,173,blue,continuum,821,224,557,ok,16,16,0.0,0.0,0.19579794222085592,0.8982751731179671,1.9247802942728696
within_season,173,core,continuum,821,224,557,ok,16,16,0.0,0.0,0.045240277693818914,0.9763278286666748,1.9111165197647333
within_season,173,red,continuum,821,224,557,ok,16,16,0.0,0.0,0.14144642713581124,0.9258684311709,1.908045780899314
within_season,174,blue,continuum,819,224,557,ok,16,16,0.0,0.0,0.19553310823315947,0.8984071829162363,1.9246745374915786
within_season,174,core,continuum,819,224,557,ok,16,16,0.0,0.0,0.043936529584087565,0.9769691505006661,1.907725096521445
within_season,174,red,continuum,819,224,557,ok,16,16,0.0,0.0,0.1321775710547946,0.9306715353137512,1.9065411538099726
within_season,175,blue,continuum,817,224,557,ok,16,16,0.0,0.0,0.1982849372678314,0.8969670139482594,1.9244801579200814
within_season,175,core,continuum,817,224,557,ok,16,16,0.0,0.0,0.04565195361322187,0.9760257831308914,1.9042104216570124
within_season,175,red,continuum,817,224,557,ok,16,16,0.0,0.0,0.12614735603990146,0.9337548967939086,1.9042517851840537
within_season,176,blue,continuum,815,224,557,ok,16,16,0.0,0.0,0.20040987021008816,0.8958610232379952,1.9244463162730825
within_season,176,core,continuum,815,224,557,ok,16,16,0.0,0.0,0.047997958708070304,0.9747454942219671,1.900570105387699
within_season,176,red,continuum,815,224,557,ok,16,16,0.0,0.0,0.12194636415051635,0.9358799797716755,1.90184537865519
within_season,177,blue,continuum,813,224,557,ok,16,16,0.0,0.0,0.20629926867089102,0.8927952020144866,1.924347347763001
within_season,177,core,continuum,813,224,557,ok,16,16,0.0,0.0,0.049247022320476806,0.9740634675959448,1.8987512113522507
within_season,177,red,continuum,813,224,557,ok,16,16,0.0,0.0,0.12205421367055944,0.9357379249559885,1.8993195222371437
within_season,178,blue,continuum,811,224,557,ok,16,16,0.0,0.0,0.21840353512780453,0.8864953824108248,1.9241819387322752
within_season,178,core,continuum,811,224,557,ok,16,16,0.0,0.0,0.0451388760804297,0.9762312366256837,1.899083909817754
within_season,178,red,continuum,811,224,557,ok,16,16,0.0,0.0,0.12443161736137785,0.9343947525335061,1.8966717170745826
within_season,179,blue,continuum,809,224,557,ok,16,16,0.0,0.0,0.22039596398628314,0.885459837204495,1.9241806420318115
within_season,179,core,continuum,809,224,557,ok,16,16,0.0,0.0,0.04589327439092181,0.9758590962819559,1.9010586731522805
within_season,179,red,continuum,809,224,557,ok,16,16,0.0,0.0,0.12413777445320856,0.9344538700149856,1.8938993725730222
within_season,180,blue,continuum,807,224,557,ok,16,16,0.0,0.0,0.2113011356165991,0.8901709047003432,1.923908551191166
within_season,180,core,continuum,807,224,557,ok,16,16,0.0,0.0,0.05051794992558714,0.9734530169845678,1.9029638846802364
within_season,180,red,continuum,807,224,557,ok,16,16,0.0,0.0,0.13194417550665244,0.9302063320711161,1.8904892008412104
within_season,181,blue,continuum,805,224,557,ok,16,16,0.0,0.0,0.2032739054883158,0.8943908733209318,1.9247759344326147
within_season,181,core,continuum,805,224,557,ok,16,16,0.0,0.0,0.042366046813428516,0.9777498830072033,1.904081979755172
within_season,181,red,continuum,805,224,557,ok,16,16,0.0,0.0,0.13391319992680037,0.9290995705493966,1.88875019466699
within_season,182,blue,continuum,803,224,557,ok,16,16,0.0,0.0,0.20209244802924903,0.8950480949708316,1.92557198435877
within_season,182,core,continuum,803,224,557,ok,16,16,0.0,0.0,0.04171680620185145,0.9781031492285418,1.9051509569690253
within_season,182,red,continuum,803,224,557,ok,16,16,0.0,0.0,0.13382743198442665,0.9291434285633118,1.8887088278608597
within_season,183,blue,continuum,801,224,557,ok,16,16,0.0,0.0,0.1996070247233476,0.8963777628761485,1.9262952650286158
within_season,183,core,continuum,801,224,557,ok,16,16,0.0,0.0,0.03503865300123969,0.9816182969355657,1.9061701126613162
within_season,183,red,continuum,801,224,557,ok,16,16,0.0,0.0,0.14078210997298946,0.9254190331133337,1.8876412555353812
within_season,184,blue,continuum,799,224,557,ok,16,16,0.0,0.0,0.19390221288344858,0.8993732132545875,1.9269442973869833
within_season,184,core,continuum,799,224,557,ok,16,16,0.0,0.0,0.03350035026778414,0.9824342351802958,1.9071387219192144
within_season,184,red,continuum,799,224,557,ok,16,16,0.0,0.0,0.15000316837837435,0.9204869762269603,1.8865232544361574
within_season,185,blue,continuum,797,224,557,ok,16,16,0.0,0.0,0.1904650796923453,0.9011863321581717,1.9275175575632315
within_season,185,core,continuum,797,224,557,ok,16,16,0.0,0.0,0.03254402189539108,0.9829248478673983,1.9059286642169668
within_season,185,red,continuum,797,224,557,ok,16,16,0.0,0.0,0.15340775104898133,0.9186318584315433,1.8853539984063197
within_season,186,blue,continuum,795,224,557,ok,16,16,0.0,0.0,0.19142730287726845,0.9007126737691974,1.9280134750761428
within_season,186,core,continuum,795,224,557,ok,16,16,0.0,0.0,0.029382727801897504,0.9845670868337649,1.9039002867055914
within_season,186,red,continuum,795,224,557,ok,16,15,0.0625,0.0,0.162945877039054,0.9135167697911565,1.8841326421962399
within_season,187,blue,continuum,793,224,557,ok,16,16,0.0,0.0,0.1993347682305688,0.8966705418760588,1.9291184900192884
within_season,187,core,continuum,793,224,557,ok,16,16,0.0,0.0,0.029118138395808398,0.984688817095323,1.9017562899672324
within_season,187,red,continuum,793,224,557,ok,16,15,0.0625,0.0,0.1616846314951443,0.9141280946611333,1.8828583208571685
within_season,188,blue,continuum,791,224,557,ok,16,16,0.0,0.0,0.1922950585487661,0.9003748100217459,1.9301851127284149
within_season,188,core,continuum,791,224,557,ok,16,16,0.0,0.0,0.03008509471083614,0.9841771082789684,1.90136513863945
within_season,188,red,continuum,791,224,557,ok,16,15,0.0625,0.0,0.1597322155174524,0.9150774017358779,1.880915313267514
within_season,189,blue,continuum,789,224,557,ok,16,16,0.0,0.0,0.18037269222718505,0.9066013364081649,1.931212774258081
within_season,189,core,continuum,789,224,557,ok,16,16,0.0,0.0,0.029963272279498982,0.9842370337347284,1.9008650894288217
within_season,189,red,continuum,789,224,557,ok,16,16,0.0,0.0,0.14631646092434608,0.9221048854462568,1.8783778900972794
within_season,190,blue,continuum,788,224,557,ok,16,16,0.0,0.0,0.16776466205938986,0.9131117164478328,1.930808794935684
within_season,190,core,continuum,788,224,557,ok,16,16,0.0,0.0,0.028496521482124452,0.9850196293784114,1.9022574408844939
within_season,190,red,continuum,788,224,557,ok,16,16,0.0,0.0,0.14027491695907934,0.9252354736305185,1.8762229063800895
within_season,191,blue,continuum,787,224,557,ok,16,16,0.0,0.0,0.15896166296492908,0.9176494707472767,1.9303052986714382
within_season,191,core,continuum,787,224,557,ok,16,16,0.0,0.0,0.023760224103222805,0.9875060403568539,1.901736901820157
within_season,191,red,continuum,787,224,557,ok,16,16,0.0,0.0,0.13866234411361955,0.9260084561666763,1.8740296110860415
within_season,192,blue,continuum,786,224,557,ok,16,16,0.0,0.0,0.15859156275738662,0.9178154614786272,1.9297007151307857
within_season,192,core,continuum,786,224,557,ok,16,16,0.0,0.0,0.019744856342503753,0.9896142353188931,1.9011461311483853
within_season,192,red,continuum,786,224,557,ok,16,16,0.0,0.0,0.13887124452203853,0.9258301444191745,1.8723407701759072
within_season,193,blue,continuum,785,224,557,ok,16,16,0.0,0.0,0.1621249743357715,0.9159535889291898,1.92899342482547
within_season,193,core,continuum,785,224,557,ok,16,16,0.0,0.0,0.019971819804413676,0.989501095885953,1.9022766173940344
within_season,193,red,continuum,785,224,557,ok,16,16,0.0,0.0,0.14137066132693202,0.9244261096119128,1.8706283426850878
within_season,194,blue,continuum,784,224,557,ok,16,16,0.0,0.0,0.17095294578643588,0.9113398178493435,1.9281817569012292
within_season,194,core,continuum,784,224,557,ok,16,16,0.0,0.0,0.0235641399364748,0.9876078418336278,1.901536408760449
within_season,194,red,continuum,784,224,557,ok,16,16,0.0,0.0012755102040816326,0.1423160089237416,0.9238500618693277,1.8688919835959585
within_season,195,blue,continuum,783,224,557,ok,16,16,0.0,0.0,0.17211505592978013,0.9106732965938492,1.9268040727665396
within_season,195,core,continuum,783,224,557,ok,16,16,0.0,0.0,0.027772978100098544,0.9853801877374745,1.8996808988640848
within_season,195,red,continuum,783,224,557,ok,16,15,0.0625,0.0,0.14430648437756516,0.9226558560884335,1.8657713057443859
within_season,196,blue,continuum,782,224,557,ok,16,16,0.0,0.0,0.16678614167131478,0.9133700108109375,1.9252702584011443
within_season,196,core,continuum,782,224,557,ok,16,16,0.0,0.0,0.03125766999536394,0.9835284996987498,1.897682021897634
within_season,196,red,continuum,782,224,557,ok,16,16,0.0,0.0012787723785166241,0.13372880566556478,0.9282009604528584,1.8625430995878642
within_season,197,blue,continuum,781,224,557,ok,16,16,0.0,0.0,0.16633631628158219,0.9135721961545367,1.9245695121329094
within_season,197,core,continuum,781,224,557,ok,16,16,0.0,0.0,0.031540878947955084,0.9833703784510225,1.8966684752903704
within_season,197,red,continuum,781,224,557,ok,16,16,0.0,0.0,0.13048169671562318,0.929818542213261,1.8592047077750797
within_season,198,blue,continuum,780,224,557,ok,16,16,0.0,0.0,0.1582386017903355,0.9177881697604289,1.924766804597549
within_season,198,core,continuum,780,224,557,ok,16,16,0.0,0.0,0.030088711455328678,0.9841364752367951,1.8967229480499055
within_season,198,red,continuum,780,224,557,ok,16,16,0.0,0.0,0.11911585888424309,0.9358293478758061,1.8562357548386736
within_season,199,blue,continuum,779,224,557,ok,16,16,0.0,0.0,0.14812077265121992,0.9230741072432576,1.9254995599415703
within_season,199,core,continuum,779,224,557,ok,16,16,0.0,0.0,0.030280101525020302,0.9840357350669656,1.8967426093238153
within_season,199,red,continuum,779,224,557,ok,16,16,0.0,0.0,0.12328618833539098,0.9334504672018175,1.8525477663271879
within_season,200,blue,continuum,778,224,557,ok,16,16,0.0,0.0,0.13989818483761537,0.9273712436920882,1.9262092860920388
within_season,200,core,continuum,778,224,557,ok,16,16,0.0,0.0,0.034167169222698496,0.9819862511848775,1.896727303869989
within_season,200,red,continuum,778,224,557,ok,16,16,0.0,0.0,0.12980653110286786,0.9297838260486425,1.848669954486437
native,0,blue,continuum,223,224,557,ok,16,16,0.0,0.0,0.1406821396793421,0.9296573950091049,1.9999563521645478
native,0,core,continuum,223,224,557,ok,16,16,0.0,0.0,0.10423699841527294,0.9478803633377011,1.9999563521645478
native,0,red,continuum,223,224,557,ok,16,16,0.0,0.0,0.12282223745515486,0.9385875410119703,1.9999563521645478
native,1,blue,continuum,205,224,557,ok,16,16,0.0,0.0,0.15441955822572623,0.9226667443117096,1.9968066370844393
native,1,core,continuum,205,224,557,ok,16,16,0.0,0.0,0.11698920802712295,0.9413611473871484,1.9950801015755693
native,1,red,continuum,205,224,557,ok,16,16,0.0,0.004878048780487805,0.16825973819653592,0.9158679717319497,1.9999486718714183
native,2,blue,continuum,83,224,557,ok,16,16,0.0,0.012048192771084338,0.09330426261064656,0.9526862706563743,1.9720335704887106
native,2,core,continuum,83,224,557,ok,16,16,0.0,0.0,0.08638300189359292,0.9560053819158744,1.9634902098346019
native,2,red,continuum,83,224,557,ok,16,16,0.0,0.0,0.11178175122630209,0.94327566396197,1.970613656039267
native,3,blue,continuum,75,224,557,ok,16,16,0.0,0.013333333333333334,0.07275927930195755,0.9626392232041235,1.9474776902922422
native,3,core,continuum,75,224,557,ok,16,16,0.0,0.013333333333333334,0.16586385068898396,0.9153950688314583,1.9604513401064767
native,3,red,continuum,75,224,557,ok,16,16,0.0,0.02666666666666667,0.1362431926241956,0.9313852860881641,1.9856264765492782
native,4,blue,continuum,75,224,557,ok,16,15,0.0625,0.013333333333333334,0.15448824805766234,0.920914981221477,1.9534451713327083
native,4,core,continuum,75,224,557,ok,16,15,0.0625,0.013333333333333334,0.2280497360256968,0.8839791058564199,1.9655919540102569
native,4,red,continuum,75,224,557,ok,16,16,0.0,0.02666666666666667,0.14004114108271237,0.9298234479550984,1.9955545976825544
native,5,blue,continuum,79,224,557,ok,16,15,0.0625,0.012658227848101266,0.2025809900015493,0.8951497381290022,1.932098083367634
native,5,core,continuum,79,224,557,ok,16,15,0.0625,0.02531645569620253,0.329953294142881,0.8337508190709229,1.98469124659111
native,5,red,continuum,79,224,557,ok,16,15,0.0625,0.0,0.18578976830414254,0.9070016636782067,1.9977751823567222
native,6,blue,continuum,97,224,557,ok,16,15,0.0625,0.0,0.3323688765663235,0.8334280136620313,1.9953467799318845
native,6,core,continuum,97,224,557,ok,16,16,0.0,0.0,0.24073130900239587,0.8792094364204444,1.992964531901073
native,6,red,continuum,97,224,557,ok,16,16,0.0,0.010309278350515464,0.10415058286053759,0.9476624851332992,1.9899795228298511
native,7,blue,continuum,103,224,557,ok,16,16,0.0,0.02912621359223301,0.41141511025731853,0.7940491820125564,1.997637660669071
native,7,core,continuum,103,224,557,ok,16,16,0.0,0.0,0.1881280772526388,0.9057512135918316,1.996079572185708
native,7,red,continuum,103,224,557,ok,16,15,0.0625,0.0,0.24483146422583457,0.8774395031460145,1.997637660669071
native,8,blue,continuum,100,224,557,ok,16,16,0.0,0.02,0.3690900115237541,0.8150872503097688,1.996022514088724
native,8,core,continuum,100,224,557,ok,16,16,0.0,0.01,0.2140520824976649,0.8928501588646149,1.997689219410113
native,8,red,continuum,100,224,557,ok,16,15,0.0625,0.0,0.2972499655466078,0.8510788513413556,1.9960225140887238
native,9,blue,continuum,84,224,557,ok,16,16,0.0,0.011904761904761904,0.2439431038584667,0.875931061029902,1.9661899737633757
native,9,core,continuum,84,224,557,ok,16,16,0.0,0.011904761904761904,0.30517097676377053,0.8469843490695971,1.9943775352926045
native,9,red,continuum,84,224,557,ok,16,15,0.0625,0.023809523809523808,0.3854076417755432,0.8059184973654538,1.985803059765373
native,10,blue,continuum,66,224,557,ok,16,15,0.0625,0.015151515151515152,0.16273580209358698,0.9167311900929792,1.9543428358745634
native,10,core,continuum,66,224,557,ok,16,16,0.0,0.045454545454545456,0.19549114965508332,0.9005308501357909,1.9653445306606057
native,10,red,continuum,66,224,557,ok,16,15,0.0625,0.030303030303030304,0.24816037033163924,0.8735043239776636,1.961809115813727
native,11,blue,continuum,66,224,557,ok,16,16,0.0,0.030303030303030304,0.12483100719568974,0.9356578018620357,1.9401110128072376
native,11,core,continuum,66,224,557,ok,16,16,0.0,0.030303030303030304,0.21006250422695436,0.8935302597871602,1.9729784613640073
native,11,red,continuum,66,224,557,ok,16,15,0.0625,0.015151515151515152,0.19074827150587126,0.9029441054583159,1.9653445306606057
native,12,blue,continuum,84,224,557,ok,16,16,0.0,0.03571428571428571,0.17958882042555507,0.9066942962744797,1.9247357155555669
native,12,core,continuum,84,224,557,ok,16,16,0.0,0.011904761904761904,0.09528201444954282,0.9516241031039089,1.969617527799092
native,12,red,continuum,84,224,557,ok,16,16,0.0,0.011904761904761904,0.13825299527732618,0.9302558084790676,1.982286872388967
native,13,blue,continuum,102,224,557,ok,16,16,0.0,0.029411764705882353,0.2772503659349079,0.8610468190696166,1.9952790146906563
native,13,core,continuum,102,224,557,ok,16,16,0.0,0.0196078431372549,0.18208772131419249,0.9084328436908258,1.9885702325337893
native,13,red,continuum,102,224,557,ok,16,16,0.0,0.00980392156862745,0.2267383677937736,0.8866150923115425,1.9997226475394072
native,14,blue,continuum,108,224,557,ok,16,16,0.0,0.018518518518518517,0.3006487692877252,0.848737241241461,1.9875927938591376
native,14,core,continuum,108,224,557,ok,16,16,0.0,0.009259259259259259,0.21868154400201933,0.8900399813744352,1.9887368766885396
native,14,red,continuum,108,224,557,ok,16,15,0.0625,0.0,0.2759772654676377,0.8615654148273526,1.99355721060207
native,15,blue,continuum,93,224,557,ok,16,15,0.0625,0.021505376344086023,0.3543522372739708,0.8203398723076034,1.9723476868538778
native,15,core,continuum,93,224,557,ok,16,15,0.0625,0.010752688172043012,0.28038361548736473,0.8592355800785775,1.9918642483937374
native,15,red,continuum,93,224,557,ok,16,15,0.0625,0.0,0.2894860701958796,0.8526393374676433,1.964473185863397
native,16,blue,continuum,86,224,557,ok,16,14,0.125,0.023255813953488372,0.45027704394018836,0.7739156409608108,1.9916328836447184
native,16,core,continuum,86,224,557,ok,16,15,0.0625,0.011627906976744186,0.3418229968906381,0.8261797937951959,1.9665319950655469
native,16,red,continuum,86,224,557,ok,16,14,0.125,0.023255813953488372,0.3584159181117508,0.816090616338346,1.9488723792971
native,17,blue,continuum,71,224,557,ok,16,14,0.125,0.028169014084507043,0.3553434372585792,0.8186794538606614,1.9597527407925959
native,17,core,continuum,71,224,557,ok,16,15,0.0625,0.04225352112676056,0.3392181997475614,0.8293347489127517,1.9876231253082954
native,17,red,continuum,71,224,557,ok,16,13,0.1875,0.014084507042253521,0.4852990939113021,0.7564635358292614,1.9927163497416487
native,18,blue,continuum,70,224,557,ok,16,15,0.0625,0.02857142857142857,0.3084577259064273,0.8448280644768361,1.987844804967204
native,18,core,continuum,70,224,557,ok,16,13,0.1875,0.02857142857142857,0.47496619819732566,0.7602511850053513,1.9810992525987132
native,18,red,continuum,70,224,557,ok,16,14,0.125,0.014285714285714285,0.36962381985260057,0.8109309161911973,1.9549670015135048
native,19,blue,continuum,66,224,557,ok,16,14,0.125,0.015151515151515152,0.306919040430155,0.8435530562295048,1.961809115813727
native,19,core,continuum,66,224,557,ok,16,14,0.125,0.045454545454545456,0.4364964393673967,0.7784107977080506,1.9698452580387982
native,19,red,continuum,66,224,557,ok,16,12,0.25,0.0,0.5089321254364392,0.744429469703645,1.9913568471540541
native,20,blue,continuum,90,224,557,ok,16,14,0.125,0.0,0.32953859790224005,0.8349659560746443,1.9967916319816368
native,20,core,continuum,90,224,557,ok,16,16,0.0,0.011111111111111112,0.26262679871191097,0.867927748210322,1.9885085258494588
native,20,red,continuum,90,224,557,ok,16,14,0.125,0.0,0.37268297754792445,0.8134923040376194,1.9982176908297464
native,21,blue,continuum,90,224,557,ok,16,14,0.125,0.022222222222222223,0.4395828164467421,0.7790633511264666,1.9896328594101387
native,21,core,continuum,90,224,557,ok,16,15,0.0625,0.011111111111111112,0.3309759070976207,0.8305487493649988,1.9532219789309462
native,21,red,continuum,90,224,557,ok,16,14,0.125,0.0,0.33320894386815664,0.8328158646229751,1.9930655687916876
native,22,blue,continuum,85,224,557,ok,16,14,0.125,0.03529411764705882,0.4608407024486586,0.7694521837371066,1.9988942420654396
native,22,core,continuum,85,224,557,ok,16,15,0.0625,0.011764705882352941,0.24215291898144164,0.8740460916755914,1.922551846170182
native,22,red,continuum,85,224,557,ok,16,15,0.0625,0.011764705882352941,0.3464246493987768,0.8265547333866815,1.997313943257392
native,23,blue,continuum,73,224,557,ok,16,13,0.1875,0.0410958904109589,0.5490837978972354,0.7243650685846846,1.9920689844274437
native,23,core,continuum,73,224,557,ok,16,15,0.0625,0.0273972602739726,0.22521771594092432,0.8858030262605746,1.9721863773275294
native,23,red,continuum,73,224,557,ok,16,15,0.0625,0.0273972602739726,0.21726822208787133,0.8885154998759024,1.9488648363317038
native,24,blue,continuum,65,224,557,ok,16,12,0.25,0.0,0.3922250219968465,0.8029021345304556,1.9900013684189448
native,24,core,continuum,65,224,557,ok,16,16,0.0,0.046153846153846156,0.14002586243522114,0.9291747178542829,1.9770604252183486
native,24,red,continuum,65,224,557,ok,16,15,0.0625,0.03076923076923077,0.2912600990382661,0.8513121424701203,1.958869432090214
native,25,blue,continuum,61,224,557,ok,16,13,0.1875,0.0,0.2951492479921177,0.8508876066810873,1.9793743593188131
native,25,core,continuum,61,224,557,ok,16,16,0.0,0.03278688524590164,0.1724363644681315,0.9134832883207852,1.9930989183625951
native,25,red,continuum,61,224,557,ok,16,16,0.0,0.04918032786885246,0.1363071130490549,0.9300536502257619,1.948738046931766
native,26,blue,continuum,68,224,557,ok,16,13,0.1875,0.0,0.3683747754229385,0.8134659998931035,1.974839842665868
native,26,core,continuum,68,224,557,ok,16,16,0.0,0.014705882352941176,0.1691743959242273,0.9152507477067883,1.9961756752605335
native,26,red,continuum,68,224,557,ok,16,16,0.0,0.014705882352941176,0.1414619651186927,0.9289494798537687,1.9910053413760456
native,27,blue,continuum,81,224,557,ok,16,15,0.0625,0.024691358024691357,0.3847550604233043,0.8042195952705966,1.9652378436702638
native,27,core,continuum,81,224,557,ok,16,16,0.0,0.012345679012345678,0.2077614072543571,0.8958257992155059,1.9943652621262196
native,27,red,continuum,81,224,557,ok,16,15,0.0625,0.012345679012345678,0.3325240472956297,0.8335660028487933,1.9979334329964376
native,28,blue,continuum,85,224,557,ok,16,14,0.125,0.023529411764705882,0.4798324265911583,0.7529792495494432,1.9424782157610703
native,28,core,continuum,85,224,557,ok,16,16,0.0,0.011764705882352941,0.2363254799578775,0.8813584886896307,1.9919291093624378
native,28,red,continuum,85,224,557,ok,16,16,0.0,0.023529411764705882,0.3279888209633199,0.8343957022648685,1.9805574218122477
native,29,blue,continuum,83,224,557,ok,16,15,0.0625,0.012048192771084338,0.35155092087796347,0.8197286907059657,1.9501213046861539
native,29,core,continuum,83,224,557,ok,16,16,0.0,0.012048192771084338,0.24211375102577062,0.8775491449034974,1.9772320155295176
native,29,red,continuum,83,224,557,ok,16,15,0.0625,0.012048192771084338,0.36514483065674064,0.8170953784021248,1.9963674371199291
native,30,blue,continuum,74,224,557,ok,16,14,0.125,0.013513513513513514,0.37991130308593857,0.8091089220632804,1.9901993701972769
native,30,core,continuum,74,224,557,ok,16,14,0.125,0.013513513513513514,0.35827828210676804,0.8158249405550516,1.945313785626119
native,30,red,continuum,74,224,557,ok,16,16,0.0,0.05405405405405406,0.2955110312305392,0.8515508291251004,1.9906546428579985
native,31,blue,continuum,68,224,557,ok,16,14,0.125,0.014705882352941176,0.35362499217628013,0.8224938650394702,1.9921846208578198
native,31,core,continuum,68,224,557,ok,16,14,0.125,0.014705882352941176,0.3205539486656923,0.8375051368535181,1.9727020439823213
native,31,red,continuum,68,224,557,ok,16,15,0.0625,0.04411764705882353,0.31258317450004636,0.8420175838290298,1.978594720071666
native,32,blue,continuum,66,224,557,ok,16,16,0.0,0.07575757575757576,0.2810805225105496,0.8592263259858148,1.9966838578229207
native,32,core,continuum,66,224,557,ok,16,16,0.0,0.030303030303030304,0.12867971797980407,0.9342183056921963,1.9561630227657232
native,32,red,continuum,66,224,557,ok,16,14,0.125,0.015151515151515152,0.39926617790025737,0.7997519924117822,1.9938584293996713
native,33,blue,continuum,66,224,557,ok,16,15,0.0625,0.06060606060606061,0.3307513945278243,0.8336848885276462,1.98870320080809
native,33,core,continuum,66,224,557,ok,16,16,0.0,0.045454545454545456,0.18624973924946492,0.9064709373834009,1.9913568471540544
native,33,red,continuum,66,224,557,ok,16,14,0.125,0.0,0.3330921466999134,0.831525682383933,1.9771093387598153
native,34,blue,continuum,72,224,557,ok,16,15,0.0625,0.05555555555555555,0.4356472323480671,0.7818047011154651,1.9965931189865087
native,34,core,continuum,72,224,557,ok,16,16,0.0,0.041666666666666664,0.23607275251916698,0.881374873621075,1.990073770417561
native,34,red,continuum,72,224,557,ok,16,15,0.0625,0.041666666666666664,0.38750047112059427,0.8030758230344976,1.9677648376739314
native,35,blue,continuum,77,224,557,ok,16,16,0.0,0.03896103896103896,0.3081168288826682,0.8442514701083738,1.9782968680157926
native,35,core,continuum,77,224,557,ok,16,16,0.0,0.025974025974025976,0.19685078771882022,0.900300212445162,1.974435377914383
native,35,red,continuum,77,224,557,ok,16,16,0.0,0.05194805194805195,0.37308622429073346,0.8131511786808661,1.9967277377335444
native,36,blue,continuum,73,224,557,ok,16,16,0.0,0.0136986301369863,0.16202325494659875,0.9188406578225629,1.99635988414458
native,36,core,continuum,73,224,557,ok,16,15,0.0625,0.0136986301369863,0.11874677151161911,0.938708024803519,1.93739508526129
native,36,red,continuum,73,224,557,ok,16,16,0.0,0.0273972602739726,0.23685482380342437,0.8815487517844052,1.9995975337661407
native,37,blue,continuum,68,224,557,ok,16,15,0.0625,0.04411764705882353,0.27209711853213425,0.8638664439229554,1.9987512731845576
native,37,core,continuum,68,224,557,ok,16,16,0.0,0.029411764705882353,0.15624745427356743,0.9202026541019127,1.9580532725125708
native,37,red,continuum,68,224,557,ok,16,15,0.0625,0.014705882352941176,0.15353076598150822,0.922256598907659,1.974839842665868
native,38,blue,continuum,61,224,557,ok,16,13,0.1875,0.01639344262295082,0.31911484744911756,0.8387799427901357,1.9793743593188133
native,38,core,continuum,61,224,557,ok,16,15,0.0625,0.03278688524590164,0.17839572407284757,0.9085755285300214,1.951290734356918
native,38,red,continuum,61,224,557,ok,16,14,0.125,0.04918032786885246,0.2509245725638927,0.8717275992783425,1.956185205486114
native,39,blue,continuum,58,224,557,ok,16,14,0.125,0.017241379310344827,0.2532511279100193,0.8692520766040104,1.936941875114991
native,39,core,continuum,58,224,557,ok,16,14,0.125,0.017241379310344827,0.22341471197093565,0.8859804845981868,1.959442742618276
native,39,red,continuum,58,224,557,ok,16,14,0.125,0.034482758620689655,0.29398290841891284,0.8513997845412674,1.9783477938533285
native,40,blue,continuum,66,224,557,ok,16,15,0.0625,0.030303030303030304,0.22225573276785437,0.8841478506609708,1.9184428949820018
native,40,core,continuum,66,224,557,ok,16,16,0.0,0.06060606060606061,0.18819765622802287,0.9047262312145639,1.975335484543059
native,40,red,continuum,66,224,557,ok,16,15,0.0625,0.030303030303030304,0.2867163550000215,0.8556557476828471,1.986337179329101
native,41,blue,continuum,75,224,557,ok,16,15,0.0625,0.013333333333333334,0.2863801796036826,0.8525581962778901,1.9423268867724655
native,41,core,continuum,75,224,557,ok,16,16,0.0,0.02666666666666667,0.20983587821135655,0.8947322142143388,1.9933532053064114
native,41,red,continuum,75,224,557,ok,16,15,0.0625,0.02666666666666667,0.3765046241603286,0.8109531198739025,1.9915939575897448
native,42,blue,continuum,82,224,557,ok,16,13,0.1875,0.0,0.457266176622401,0.7682939094956874,1.9734749985516251
native,42,core,continuum,82,224,557,ok,16,16,0.0,0.024390243902439025,0.2521245660644209,0.8739106606762096,1.9995708393473222
native,42,red,continuum,82,224,557,ok,16,15,0.0625,0.012195121951219513,0.349976382400082,0.8248237274164896,1.997852661428451
native,43,blue,continuum,74,224,557,ok,16,14,0.125,0.02702702702702703,0.351224923280732,0.8190580210611575,1.941091422457828
native,43,core,continuum,74,224,557,ok,16,15,0.0625,0.013513513513513514,0.23949811664140674,0.8798969421646368,1.9941050707444075
native,43,red,continuum,74,224,557,ok,16,15,0.0625,0.04054054054054054,0.38633509952699774,0.8062614126031096,1.9941050707444075
native,44,blue,continuum,72,224,557,ok,16,15,0.0625,0.013888888888888888,0.23064516227868537,0.8824302818179537,1.9617735403733099
native,44,core,continuum,72,224,557,ok,16,15,0.0625,0.0,0.18771117293339992,0.9058820251353789,1.994424265964102
native,44,red,continuum,72,224,557,ok,16,16,0.0,0.05555555555555555,0.30299012689718996,0.847924531971608,1.9923668874760434
native,45,blue,continuum,71,224,557,ok,16,15,0.0625,0.028169014084507043,0.24391616889038004,0.8772824859076105,1.9876231253082954
native,45,core,continuum,71,224,557,ok,16,15,0.0625,0.028169014084507043,0.25713753043938437,0.8698748031654207,1.9760779364373866
native,45,red,continuum,71,224,557,ok,16,15,0.0625,0.014084507042253521,0.28221201461602735,0.8577545676258369,1.9839794495031338
native,46,blue,continuum,72,224,557,ok,16,16,0.0,0.041666666666666664,0.15129755841066173,0.923810607975611,1.9858087115622332
native,46,core,continuum,72,224,557,ok,16,16,0.0,0.027777777777777776,0.2354901196290263,0.8811211701056222,1.9809256184491055
native,46,red,continuum,72,224,557,ok,16,16,0.0,0.027777777777777776,0.12538995419384066,0.9366964203442764,1.9807719385818872
native,47,blue,continuum,74,224,557,ok,16,15,0.0625,0.04054054054054054,0.22789584116209755,0.8848191015489185,1.9785905842615672
native,47,core,continuum,74,224,557,ok,16,14,0.125,0.0,0.35011691361663233,0.8223666954007993,1.9710094028065934
native,47,red,continuum,74,224,557,ok,16,15,0.0625,0.013513513513513514,0.20133177148919823,0.8985886764391885,1.9852987262163997
native,48,blue,continuum,68,224,557,ok,16,15,0.0625,0.014705882352941176,0.3362794764733152,0.8299193762954324,1.977176877346343
native,48,core,continuum,68,224,557,ok,16,15,0.0625,0.029411764705882353,0.47525825642906466,0.7600642640831965,1.980773120823728
native,48,red,continuum,68,224,557,ok,16,15,0.0625,0.014705882352941176,0.2641178997188416,0.8666004431792481,1.9799008783345144
native,49,blue,continuum,72,224,557,ok,16,14,0.125,0.013888888888888888,0.5061783931286388,0.7435194862067747,1.9735549716526215
native,49,core,continuum,72,224,557,ok,16,16,0.0,0.013888888888888888,0.31405848940076825,0.8423691482854236,1.9923668874760436
native,49,red,continuum,72,224,557,ok,16,15,0.0625,0.041666666666666664,0.35729588026237513,0.818040344858529,1.9635994582677283
native,50,blue,continuum,76,224,557,ok,16,15,0.0625,0.013157894736842105,0.3096852081974259,0.8433020522202367,1.9763194897273573
native,50,core,continuum,76,224,557,ok,16,16,0.0,0.05263157894736842,0.2527730978339013,0.8704335201216536,1.9509142956668817
native,50,red,continuum,76,224,557,ok,16,15,0.0625,0.02631578947368421,0.36061815684752063,0.815114409728861,1.9504935799413343
native,51,blue,continuum,79,224,557,ok,16,14,0.125,0.02531645569620253,0.3763465744810672,0.811261921704322,1.994015081002789
native,51,core,continuum,79,224,557,ok,16,16,0.0,0.02531645569620253,0.19525734044066034,0.900286163902759,1.9581770001331127
native,51,red,continuum,79,224,557,ok,16,16,0.0,0.02531645569620253,0.3120171962542282,0.8422469528697452,1.9778837995858118
native,52,blue,continuum,74,224,557,ok,16,16,0.0,0.05405405405405406,0.19578187158351695,0.9016012994770629,1.9896794423405986
native,52,core,continuum,74,224,557,ok,16,16,0.0,0.02702702702702703,0.12878504490415188,0.93255334186296,1.9094355222534953
native,52,red,continuum,74,224,557,ok,16,16,0.0,0.05405405405405406,0.19285137155378623,0.9029311819693367,1.986748942310868
native,53,blue,continuum,76,224,557,ok,16,16,0.0,0.013157894736842105,0.10577518984900199,0.9463726414950765,1.9724109633199793
native,53,core,continuum,76,224,557,ok,16,16,0.0,0.02631578947368421,0.1272534961008295,0.9355401351344489,1.9741508358146875
native,53,red,continuum,76,224,557,ok,16,16,0.0,0.039473684210526314,0.15243750327404904,0.9232923853100216,1.9872538585659403
native,54,blue,continuum,75,224,557,ok,16,16,0.0,0.013333333333333334,0.15858408410237718,0.9204435602881527,1.9933532053064114
native,54,core,continuum,75,224,557,ok,16,16,0.0,0.02666666666666667,0.1258828337852234,0.9366907462041391,1.9883796797089
native,54,red,continuum,75,224,557,ok,16,15,0.0625,0.013333333333333334,0.1692904427216837,0.9145519587824184,1.9812091688633195
native,55,blue,continuum,83,224,557,ok,16,16,0.0,0.012048192771084338,0.19081827532316586,0.9038430424101159,1.9844458488071008
native,55,core,continuum,83,224,557,ok,16,16,0.0,0.012048192771084338,0.15072270027049617,0.9232715787955977,1.964365979445547
native,55,red,continuum,83,224,557,ok,16,15,0.0625,0.0,0.23648338198946034,0.8799950557204765,1.970613656039267
native,56,blue,continuum,88,224,557,ok,16,16,0.0,0.0,0.19379800084533644,0.9029941029678823,1.9977960801823405
native,56,core,continuum,88,224,557,ok,16,16,0.0,0.011363636363636364,0.1144348807601115,0.9412207375903052,1.9468580596077225
native,56,red,continuum,88,224,557,ok,16,15,0.0625,0.0,0.18713063596274504,0.9059780843647948,1.9902874207412604
native,57,blue,continuum,91,224,557,ok,16,15,0.0625,0.01098901098901099,0.33278691364539364,0.8323888393137497,1.985469895219772
native,57,core,continuum,91,224,557,ok,16,15,0.0625,0.01098901098901099,0.24038693764028263,0.8781754403592252,1.9732222989281791
native,57,red,continuum,91,224,557,ok,16,15,0.0625,0.01098901098901099,0.20495297281461053,0.8967360755680891,1.9847490199711546
native,58,blue,continuum,87,224,557,ok,16,14,0.125,0.011494252873563218,0.46410605284575773,0.7664751867342872,1.9873950282006279
native,58,core,continuum,87,224,557,ok,16,16,0.0,0.022988505747126436,0.23211647397603344,0.8832167943168175,1.9875843672739637
native,58,red,continuum,87,224,557,ok,16,15,0.0625,0.0,0.21761590375629036,0.8898878714396511,1.976311843222812
native,59,blue,continuum,83,224,557,ok,16,15,0.0625,0.024096385542168676,0.38989719531178785,0.8017959052858742,1.967150052445411
native,59,core,continuum,83,224,557,ok,16,15,0.0625,0.024096385542168676,0.3506912994614,0.8207687547617467,1.9566415386738156
native,59,red,continuum,83,224,557,ok,16,15,0.0625,0.0,0.2487046752176216,0.8742157352985119,1.9772320155295176
native,60,blue,continuum,68,224,557,ok,16,15,0.0625,0.04411764705882353,0.3644062795989057,0.8139898026543089,1.9590661415281116
native,60,core,continuum,68,224,557,ok,16,14,0.125,0.04411764705882353,0.3701137757651586,0.8085167391925351,1.9328779664834794
native,60,red,continuum,68,224,557,ok,16,15,0.0625,0.04411764705882353,0.26632882297353816,0.863696996219375,1.953946835993323
native,61,blue,continuum,72,224,557,ok,16,16,0.0,0.027777777777777776,0.19794107118364848,0.9005288449008025,1.9899343783255763
native,61,core,continuum,72,224,557,ok,16,14,0.125,0.013888888888888888,0.33154462781294547,0.8290721874961509,1.939676305197432
native,61,red,continuum,72,224,557,ok,16,14,0.125,0.0,0.2690262021735442,0.863017264112116,1.963942393395716
native,62,blue,continuum,74,224,557,ok,16,16,0.0,0.0,0.14512232062123592,0.9272661896049248,1.995252549439679
native,62,core,continuum,74,224,557,ok,16,15,0.0625,0.013513513513513514,0.24417546051548944,0.8749674382742417,1.9528949670810927
native,62,red,continuum,74,224,557,ok,16,14,0.125,0.0,0.2701608211005738,0.8622958868595942,1.9618936206002258
native,63,blue,continuum,77,224,557,ok,16,15,0.0625,0.025974025974025976,0.3990659898095581,0.7984447401021805,1.979933394007522
native,63,core,continuum,77,224,557,ok,16,15,0.0625,0.012987012987012988,0.241985721378673,0.8772419847788147,1.9712417225275536
native,63,red,continuum,77,224,557,ok,16,16,0.0,0.03896103896103896,0.2979221957484618,0.8498445859158348,1.9840922657738491
native,64,blue,continuum,69,224,557,ok,16,16,0.0,0.043478260869565216,0.3063876232641535,0.8454018300496428,1.981832148223599
native,64,core,continuum,69,224,557,ok,16,15,0.0625,0.028985507246376812,0.25187475204577536,0.8703819967992557,1.943208087040866
native,64,red,continuum,69,224,557,ok,16,15,0.0625,0.057971014492753624,0.4207822315083526,0.7875032742714856,1.9801821889996716
native,65,blue,continuum,68,224,557,ok,16,16,0.0,0.04411764705882353,0.17622908165715848,0.9107628487891636,1.974839842665868
native,65,core,continuum,68,224,557,ok,16,15,0.0625,0.029411764705882353,0.24534865565424493,0.8755418941248045,1.971335285306981
native,65,red,continuum,68,224,557,ok,16,15,0.0625,0.029411764705882353,0.29843057738888035,0.8472041595399097,1.9531328633702516
native,66,blue,continuum,73,224,557,ok,16,16,0.0,0.0,0.16214361636449637,0.9179250189385422,1.9755547216402398
native,66,core,continuum,73,224,557,ok,16,15,0.0625,0.0410958904109589,0.35055077340555224,0.8229067218303858,1.9794696728681376
native,66,red,continuum,73,224,557,ok,16,13,0.1875,0.0136986301369863,0.4030828233638264,0.7900932999615153,1.9202951753799395
native,67,blue,continuum,63,224,557,ok,16,16,0.0,0.0,0.09684577945766544,0.951206375492711,1.9848039664116004
native,67,core,continuum,63,224,557,ok,16,14,0.125,0.047619047619047616,0.4370727275922336,0.7742365986766567,1.935976890099421
native,67,red,continuum,63,224,557,ok,16,14,0.125,0.031746031746031744,0.3427014806978456,0.8212719481102936,1.9174465176251554
native,68,blue,continuum,68,224,557,ok,16,16,0.0,0.014705882352941176,0.13590679372809178,0.9314709981405715,1.9832011271209447
native,68,core,continuum,68,224,557,ok,16,14,0.125,0.014705882352941176,0.3572583382723265,0.81735920591762,1.9560708770855721
native,68,red,continuum,68,224,557,ok,16,15,0.0625,0.014705882352941176,0.18835310082945128,0.902951708219956,1.9408183016383829
native,69,blue,continuum,72,224,557,ok,16,14,0.125,0.0,0.35121211055685175,0.8228026578710818,1.9820393824041145
native,69,core,continuum,72,224,557,ok,16,15,0.0625,0.013888888888888888,0.29574123717818174,0.8505537873514402,1.9789142323308773
native,69,red,continuum,72,224,557,ok,16,15,0.0625,0.0,0.19100852720287162,0.9030326058688517,1.9698222161619903
native,70,blue,continuum,86,224,557,ok,16,15,0.0625,0.0,0.2631580543376226,0.8671955768138181,1.9815458553567495
native,70,core,continuum,86,224,557,ok,16,16,0.0,0.0,0.16230338079346635,0.917995243277842,1.9791947111479113
native,70,red,continuum,86,224,557,ok,16,15,0.0625,0.0,0.3278593699005538,0.8336116919445159,1.9704471650209059
native,71,blue,continuum,81,224,557,ok,16,15,0.0625,0.0,0.20586576536680173,0.8970043877905186,1.998781899058905
native,71,core,continuum,81,224,557,ok,16,16,0.0,0.012345679012345678,0.15136453781564485,0.9234438849935751,1.9771710960377469
native,71,red,continuum,81,224,557,ok,16,15,0.0625,0.012345679012345678,0.39011497196143585,0.8024647453253417,1.9749131495740218
native,72,blue,continuum,71,224,557,ok,16,15,0.0625,0.0,0.20203625273539982,0.8988423349521463,1.9972411644715642
native,72,core,continuum,71,224,557,ok,16,16,0.0,0.028169014084507043,0.1913574895202384,0.9025664099512841,1.963978638419886
native,72,red,continuum,71,224,557,ok,16,15,0.0625,0.056338028169014086,0.35513048055299123,0.8169043757531196,1.9395902114741121
native,73,blue,continuum,63,224,557,ok,16,14,0.125,0.015873015873015872,0.3400459595079617,0.8298082454201682,1.9980166509679904
native,73,core,continuum,63,224,557,ok,16,15,0.0625,0.031746031746031744,0.3189781700588371,0.8372644496012571,1.9601013378899728
native,73,red,continuum,63,224,557,ok,16,14,0.125,0.06349206349206349,0.3970221021342214,0.7881413703751193,1.8739954225003403
native,74,blue,continuum,62,224,557,ok,16,15,0.0625,0.03225806451612903,0.28137308345569956,0.8576615344155151,1.9767887921251388
native,74,core,continuum,62,224,557,ok,16,15,0.0625,0.04838709677419355,0.3013041150926698,0.8478153541098123,1.9798588308973222
native,74,red,continuum,62,224,557,ok,16,15,0.0625,0.016129032258064516,0.151588040718449,0.9182013782050614,1.853185755359863
native,75,blue,continuum,68,224,557,ok,16,16,0.0,0.04411764705882353,0.2164100909529863,0.8908783945342178,1.9832011271209447
native,75,core,continuum,68,224,557,ok,16,16,0.0,0.029411764705882353,0.22184912533285264,0.8884550038994515,1.9888756384273332
native,75,red,continuum,68,224,557,ok,16,15,0.0625,0.014705882352941176,0.13591383223330822,0.9292504468636209,1.9210556987026668
native,76,blue,continuum,72,224,557,ok,16,16,0.0,0.041666666666666664,0.270138675911776,0.859890107341222,1.928048553785339
native,76,core,continuum,72,224,557,ok,16,16,0.0,0.027777777777777776,0.1819281846132833,0.9072634119743179,1.9617735403733096
native,76,red,continuum,72,224,557,ok,16,15,0.0625,0.013888888888888888,0.18129484124964362,0.9066454327509809,1.9420029098956417
native,77,blue,continuum,78,224,557,ok,16,16,0.0,0.02564102564102564,0.20891349133667744,0.8943510041455778,1.9774299759985154
native,77,core,continuum,78,224,557,ok,16,15,0.0625,0.01282051282051282,0.21624896656659393,0.8895004190024172,1.9570116430697078
native,77,red,continuum,78,224,557,ok,16,15,0.0625,0.0,0.20949819019178684,0.8935028004382441,1.9671708838719515
native,78,blue,continuum,77,224,557,ok,16,16,0.0,0.0,0.18990701335983995,0.9035471721894098,1.9689107895599594
native,78,core,continuum,77,224,557,ok,16,15,0.0625,0.025974025974025976,0.2144213241311166,0.8903383544080101,1.955299165661788
native,78,red,continuum,77,224,557,ok,16,15,0.0625,0.0,0.27948950325506594,0.8575195559831583,1.961599047389474
native,79,blue,continuum,72,224,557,ok,16,15,0.0625,0.013888888888888888,0.27329574689170977,0.8603696335982259,1.957280167161671
native,79,core,continuum,72,224,557,ok,16,16,0.0,0.027777777777777776,0.14208413329898933,0.9272131460074886,1.9520576244936683
native,79,red,continuum,72,224,557,ok,16,15,0.0625,0.0,0.23498293949090313,0.8789996975321059,1.9420029098956417
native,80,blue,continuum,70,224,557,ok,16,16,0.0,0.05714285714285714,0.2158859349908186,0.8882774638219512,1.932340084428156
native,80,core,continuum,70,224,557,ok,16,16,0.0,0.02857142857142857,0.13499847166094034,0.9306427988704346,1.9464232907661758
native,80,red,continuum,70,224,557,ok,16,15,0.0625,0.02857142857142857,0.23503502768935922,0.8802960227801923,1.9634688265852156
native,81,blue,continuum,70,224,557,ok,16,14,0.125,0.014285714285714285,0.28102284127635213,0.855825179249126,1.9491811386534956
native,81,core,continuum,70,224,557,ok,16,16,0.0,0.014285714285714285,0.06406901539344732,0.9667665740060195,1.9278486486783506
native,81,red,continuum,70,224,557,ok,16,16,0.0,0.04285714285714286,0.17811458391585483,0.9088840327986879,1.9548119762843261
native,82,blue,continuum,76,224,557,ok,16,16,0.0,0.02631578947368421,0.18862031581677025,0.904653838597099,1.978268585137097
native,82,core,continuum,76,224,557,ok,16,16,0.0,0.02631578947368421,0.12528435041296995,0.9363842716965707,1.9693926919361602
native,82,red,continuum,76,224,557,ok,16,16,0.0,0.05263157894736842,0.26190115765804056,0.8671419696014182,1.971285867119375
native,83,blue,continuum,83,224,557,ok,16,16,0.0,0.012048192771084338,0.2130832579102226,0.8926232942872631,1.9844458488071008
native,83,core,continuum,83,224,557,ok,16,16,0.0,0.012048192771084338,0.15826648005804972,0.9206518344849056,1.9945827232507698
native,83,red,continuum,83,224,557,ok,16,16,0.0,0.03614457831325301,0.2604599409238627,0.8690254050190886,1.9886294816320897
native,84,blue,continuum,75,224,557,ok,16,16,0.0,0.013333333333333334,0.1315074306567862,0.9325199140239149,1.9488331817388673
native,84,core,continuum,75,224,557,ok,16,16,0.0,0.0,0.11270643581157833,0.9436072760143097,1.9985988944278992
native,84,red,continuum,75,224,557,ok,16,16,0.0,0.06666666666666667,0.35255849673749867,0.8226413351735105,1.9878278689254212
native,85,blue,continuum,67,224,557,ok,16,14,0.125,0.0,0.19266045144001534,0.901970331583565,1.9653279925581713
native,85,core,continuum,67,224,557,ok,16,16,0.0,0.029850746268656716,0.10310673950050267,0.9484340738916748,1.99951299786423
native,85,red,continuum,67,224,557,ok,16,15,0.0625,0.04477611940298507,0.2885106728262705,0.8543016555381926,1.9801918401474994
native,86,blue,continuum,59,224,557,ok,16,16,0.0,0.05084745762711865,0.15570913368257935,0.9204970620749403,1.958533077473846
native,86,core,continuum,59,224,557,ok,16,14,0.125,0.0,0.21211739147534373,0.8927964331556626,1.9786411750958257
native,86,red,continuum,59,224,557,ok,16,15,0.0625,0.05084745762711865,0.26246974723980016,0.8681539764507169,1.990729338467237
native,87,blue,continuum,59,224,557,ok,16,16,0.0,0.06779661016949153,0.2142336097849283,0.8908887405004542,1.9634418186311937
native,87,core,continuum,59,224,557,ok,16,14,0.125,0.0,0.21026698590410592,0.893947025027531,1.9826599485652376
native,87,red,continuum,59,224,557,ok,16,15,0.0625,0.05084745762711865,0.27019558652313835,0.864416204823337,1.9928309734292275
native,88,blue,continuum,69,224,557,ok,16,15,0.0625,0.028985507246376812,0.22160454813466315,0.8876121337970201,1.9717835707853966
native,88,core,continuum,69,224,557,ok,16,15,0.0625,0.028985507246376812,0.23061456384583978,0.8833685133764609,1.9772925006967736
native,88,red,continuum,69,224,557,ok,16,15,0.0625,0.0,0.1711511631704022,0.9132327172009118,1.9725310929317323
native,89,blue,continuum,68,224,557,ok,16,16,0.0,0.029411764705882353,0.15328446531214573,0.9231174196723457,1.993747668963317
native,89,core,continuum,68,224,557,ok,16,15,0.0625,0.014705882352941176,0.3334135493134232,0.8311168593015387,1.9742263670281262
native,89,red,continuum,68,224,557,ok,16,15,0.0625,0.014705882352941176,0.1937141519829261,0.9027053579630057,1.9910053413760456
native,90,blue,continuum,76,224,557,ok,16,15,0.0625,0.0,0.18156768770713738,0.9090773053295682,1.9969457390728171
native,90,core,continuum,76,224,557,ok,16,16,0.0,0.039473684210526314,0.28192438072344456,0.8574296549530238,1.977440544389172
native,90,red,continuum,76,224,557,ok,16,15,0.0625,0.02631578947368421,0.21108033035931645,0.8938476025537541,1.9884650317596877
native,91,blue,continuum,79,224,557,ok,16,16,0.0,0.02531645569620253,0.14827838602735366,0.9258139504290063,1.9987367825194136
native,91,core,continuum,79,224,557,ok,16,15,0.0625,0.012658227848101266,0.268759709710742,0.8624431214271913,1.9538078538797872
native,91,red,continuum,79,224,557,ok,16,14,0.125,0.0,0.26240316443484646,0.8669786280077847,1.9726391368914973
native,92,blue,continuum,78,224,557,ok,16,16,0.0,0.02564102564102564,0.17862742811444257,0.9105801701201809,1.9976265706892875
native,92,core,continuum,78,224,557,ok,16,14,0.125,0.01282051282051282,0.31941457639159343,0.8377729821401025,1.9689357580834428
native,92,red,continuum,78,224,557,ok,16,16,0.0,0.02564102564102564,0.1192045062455617,0.9399830653215314,1.986181181764468
native,93,blue,continuum,67,224,557,ok,16,16,0.0,0.029850746268656716,0.12676082974194827,0.9362387193253283,1.9880533828785263
native,93,core,continuum,67,224,557,ok,16,16,0.0,0.029850746268656716,0.21808423712430566,0.8897814346586115,1.9786524751870658
native,93,red,continuum,67,224,557,ok,16,15,0.0625,0.0,0.12982896150230164,0.9338152809149349,1.961615359210585
native,94,blue,continuum,64,224,557,ok,16,16,0.0,0.03125,0.12386101867510635,0.9368481828539006,1.9613215307575136
native,94,core,continuum,64,224,557,ok,16,15,0.0625,0.03125,0.26748912696098354,0.8634235749017052,1.9585307403416823
native,94,red,continuum,64,224,557,ok,16,15,0.0625,0.0,0.16454586603746055,0.9161398950943379,1.962147152362443
native,95,blue,continuum,58,224,557,ok,16,16,0.0,0.017241379310344827,0.13397678170062513,0.9319450221045362,1.9686551350647843
native,95,core,continuum,58,224,557,ok,16,16,0.0,0.034482758620689655,0.13617034621006144,0.9301986556095243,1.9508269847685282
native,95,red,continuum,58,224,557,ok,16,16,0.0,0.034482758620689655,0.12187263266321595,0.9385421201754163,1.983026961084096
native,96,blue,continuum,66,224,557,ok,16,16,0.0,0.0,0.10772173704104915,0.9458059534902624,1.9877042586530942
native,96,core,continuum,66,224,557,ok,16,15,0.0625,0.015151515151515152,0.2385234438108574,0.8785069033773096,1.963267464912983
native,96,red,continuum,66,224,557,ok,16,15,0.0625,0.015151515151515152,0.18424266443303158,0.9065749052142786,1.972089670934862
native,97,blue,continuum,64,224,557,ok,16,16,0.0,0.015625,0.08191599352371023,0.9578301098913848,1.9425232864663096
native,97,core,continuum,64,224,557,ok,16,15,0.0625,0.046875,0.2854398405398741,0.8569835799940045,1.9958536266528564
native,97,red,continuum,64,224,557,ok,16,16,0.0,0.046875,0.16309197809213888,0.9157888306363001,1.9367024508086383
native,98,blue,continuum,70,224,557,ok,16,16,0.0,0.0,0.06975666367291919,0.9650098494552468,1.9936085608919822
native,98,core,continuum,70,224,557,ok,16,16,0.0,0.02857142857142857,0.17620102987242742,0.9112439388329385,1.9852281360342512
native,98,red,continuum,70,224,557,ok,16,16,0.0,0.04285714285714286,0.14241449669892953,0.924705222230155,1.8914259516675997
native,99,blue,continuum,68,224,557,ok,16,16,0.0,0.0,0.13189867685828857,0.9336762276887174,1.9887089087640857
native,99,core,continuum,68,224,557,ok,16,16,0.0,0.029411764705882353,0.15924846431754047,0.9177412789318484,1.9359462711023991
native,99,red,continuum,68,224,557,ok,16,16,0.0,0.029411764705882353,0.09635921199850708,0.9502693222458359,1.9376211294534125
native,100,blue,continuum,60,224,557,ok,16,15,0.0625,0.08333333333333333,0.4213453167890433,0.788167100211869,1.9890456921963509
native,100,core,continuum,60,224,557,ok,16,15,0.0625,0.016666666666666666,0.20605221421971764,0.8947054155918797,1.956911795397399
native,100,red,continuum,60,224,557,ok,16,15,0.0625,0.03333333333333333,0.2400686619390301,0.8786946426816719,1.9790441844134272
native,101,blue,continuum,55,224,557,ok,16,15,0.0625,0.03636363636363636,0.16341085665138153,0.9172104498332956,1.9738101767957255
native,101,core,continuum,55,224,557,ok,16,15,0.0625,0.01818181818181818,0.1824609424622718,0.907327346851361,1.9688757822614615
native,101,red,continuum,55,224,557,ok,16,16,0.0,0.03636363636363636,0.1071571342790666,0.9455744566292621,1.9688757822614615
native,102,blue,continuum,59,224,557,ok,16,16,0.0,0.03389830508474576,0.0961390217707133,0.9509467819388471,1.9598922470460602
native,102,core,continuum,59,224,557,ok,16,15,0.0625,0.01694915254237288,0.17915909265585123,0.9074415077695152,1.935631062460672
native,102,red,continuum,59,224,557,ok,16,16,0.0,0.03389830508474576,0.09534824767394792,0.9518904294567946,1.9818977096941495
native,103,blue,continuum,62,224,557,ok,16,16,0.0,0.0,0.026852614788033344,0.9864690309140823,1.98453005232125
native,103,core,continuum,62,224,557,ok,16,16,0.0,0.04838709677419355,0.1393559091843825,0.9278751812500066,1.9321491769349541
native,103,red,continuum,62,224,557,ok,16,16,0.0,0.0,0.07741216148568056,0.9610052230643282,1.985193084022109
native,104,blue,continuum,65,224,557,ok,16,16,0.0,0.015384615384615385,0.0859483142057836,0.9566319954894075,1.9818369596597623
native,104,core,continuum,65,224,557,ok,16,16,0.0,0.03076923076923077,0.19605495699309003,0.9013695626446945,1.9877733714879842
native,104,red,continuum,65,224,557,ok,16,15,0.0625,0.03076923076923077,0.19669276276586528,0.899987309508056,1.966678046539594
native,105,blue,continuum,70,224,557,ok,16,16,0.0,0.014285714285714285,0.08496137489167147,0.9573787655141228,1.9934048348558266
native,105,core,continuum,70,224,557,ok,16,15,0.0625,0.014285714285714285,0.2448617053037226,0.8759907298872327,1.9745435569539163
native,105,red,continuum,70,224,557,ok,16,16,0.0,0.05714285714285714,0.19714843441222918,0.9000883775806774,1.9732282354980684
native,106,blue,continuum,74,224,557,ok,16,16,0.0,0.0,0.11061933534847011,0.9443224910756668,1.9867867202680318
native,106,core,continuum,74,224,557,ok,16,15,0.0625,0.02702702702702703,0.3038698042535404,0.8449838957376985,1.9602466833985497
native,106,red,continuum,74,224,557,ok,16,15,0.0625,0.0,0.18506379293455022,0.9065525895504618,1.9804057923518918
native,107,blue,continuum,79,224,557,ok,16,16,0.0,0.012658227848101266,0.14059565566972282,0.9271486252881003,1.929897084656626
native,107,core,continuum,79,224,557,ok,16,14,0.125,0.0,0.33335404543780256,0.8288178738805984,1.9473647920769717
native,107,red,continuum,79,224,557,ok,16,15,0.0625,0.0,0.1917768733270907,0.9030326810717163,1.9777475075796156
native,108,blue,continuum,64,224,557,ok,16,15,0.0625,0.015625,0.13894279986539182,0.9265051041160723,1.8905095135426495
native,108,core,continuum,64,224,557,ok,16,14,0.125,0.03125,0.27879216013177066,0.8563961873229172,1.9413980376599165
native,108,red,continuum,64,224,557,ok,16,15,0.0625,0.015625,0.11528943552060561,0.9417481360576146,1.9791544461930675
native,109,blue,continuum,62,224,557,ok,16,16,0.0,0.04838709677419355,0.21710120475018235,0.888394874965158,1.945261964290668
native,109,core,continuum,62,224,557,ok,16,13,0.1875,0.0,0.35967493480909996,0.8176114941554257,1.9720263244856198
native,109,red,continuum,62,224,557,ok,16,16,0.0,0.04838709677419355,0.18339496982910147,0.9073463535700961,1.9793605205581075
native,110,blue,continuum,59,224,557,ok,16,14,0.125,0.03389830508474576,0.23368075529681737,0.881524008521517,1.9723891092251993
native,110,core,continuum,59,224,557,ok,16,14,0.125,0.03389830508474576,0.37499207871178564,0.8072861248365204,1.945848882929053
native,110,red,continuum,59,224,557,ok,16,14,0.125,0.03389830508474576,0.23806481086829445,0.8775126475671149,1.9435868776634555
native,111,blue,continuum,62,224,557,ok,16,16,0.0,0.03225806451612903,0.07642629528920553,0.9609670139183658,1.9579925330172383
native,111,core,continuum,62,224,557,ok,16,15,0.0625,0.03225806451612903,0.30509538388150864,0.8454402447440736,1.9739639427891125
native,111,red,continuum,62,224,557,ok,16,16,0.0,0.03225806451612903,0.09333180052041486,0.9516427500612116,1.9300477309722162
native,112,blue,continuum,69,224,557,ok,16,16,0.0,0.057971014492753624,0.14294531245774347,0.9273596633531,1.9678503577508384
native,112,core,continuum,69,224,557,ok,16,13,0.1875,0.028985507246376812,0.48854411435785783,0.7539164715839078,1.985277590509022
native,112,red,continuum,69,224,557,ok,16,15,0.0625,0.014492753623188406,0.16500534906144265,0.9125550470906183,1.8869625240971426
native,113,blue,continuum,65,224,557,ok,16,16,0.0,0.015384615384615385,0.1487312881373603,0.9247698847666371,1.9770179492082092
native,113,core,continuum,65,224,557,ok,16,15,0.0625,0.06153846153846154,0.3384754332671867,0.8301568149133987,1.9928702649717827
native,113,red,continuum,65,224,557,ok,16,16,0.0,0.03076923076923077,0.10799302034872407,0.9450200360857789,1.9642250132650698
native,114,blue,continuum,67,224,557,ok,16,16,0.0,0.029850746268656716,0.09429429973116886,0.9522908738653058,1.9764415609909431
native,114,core,continuum,67,224,557,ok,16,14,0.125,0.014925373134328358,0.3331832909375361,0.8324072714510734,1.9880533828785265
native,114,red,continuum,67,224,557,ok,16,16,0.0,0.014925373134328358,0.13322698235905908,0.9325887175767026,1.9763306314584475
native,115,blue,continuum,68,224,557,ok,16,16,0.0,0.029411764705882353,0.10513775260103056,0.9473343048468493,1.996323266887341
native,115,core,continuum,68,224,557,ok,16,15,0.0625,0.014705882352941176,0.19046848798902516,0.9031722685316406,1.9670861343195358
native,115,red,continuum,68,224,557,ok,16,16,0.0,0.014705882352941176,0.09456582800052245,0.952328691270846,1.9837053045428452
native,116,blue,continuum,59,224,557,ok,16,16,0.0,0.03389830508474576,0.08053835262631003,0.9596169485013375,1.9943602486052199
native,116,core,continuum,59,224,557,ok,16,15,0.0625,0.03389830508474576,0.2011251062377965,0.895769542458515,1.9296193356701552
native,116,red,continuum,59,224,557,ok,16,15,0.0625,0.05084745762711865,0.24744621619651902,0.8722782253786735,1.9373847327924723
native,117,blue,continuum,58,224,557,ok,16,15,0.0625,0.05172413793103448,0.13516649131801553,0.9320360104420196,1.9887957166302637
native,117,core,continuum,58,224,557,ok,16,15,0.0625,0.06896551724137931,0.25140442092235515,0.8708333197741303,1.94635660282305
native,117,red,continuum,58,224,557,ok,16,13,0.1875,0.017241379310344827,0.24593314293791702,0.8732803854666739,1.940766185595039
native,118,blue,continuum,63,224,557,ok,16,15,0.0625,0.031746031746031744,0.14147204239324923,0.9285541903030458,1.9801307171591933
native,118,core,continuum,63,224,557,ok,16,14,0.125,0.07936507936507936,0.4305037078995839,0.7774847470247308,1.9347154954246264
native,118,red,continuum,63,224,557,ok,16,15,0.0625,0.031746031746031744,0.14226434297775295,0.9275556864336454,1.9637751532761416
native,119,blue,continuum,71,224,557,ok,16,15,0.0625,0.0,0.10918408220580109,0.944136439523659,1.9544776823174748
native,119,core,continuum,71,224,557,ok,16,15,0.0625,0.028169014084507043,0.22337997818584762,0.8866145127404659,1.9700932066776862
native,119,red,continuum,71,224,557,ok,16,16,0.0,0.014084507042253521,0.1606264059446646,0.9187145390458368,1.9760779364373866
native,120,blue,continuum,72,224,557,ok,16,16,0.0,0.013888888888888888,0.08262345258310744,0.9580857954960351,1.9712518360044662
native,120,core,continuum,72,224,557,ok,16,14,0.125,0.013888888888888888,0.3078518617254638,0.8443287934990092,1.977577412323226
native,120,red,continuum,72,224,557,ok,16,16,0.0,0.041666666666666664,0.20448228594966034,0.8958656513992656,1.963639170910588
native,121,blue,continuum,65,224,557,ok,16,16,0.0,0.015384615384615385,0.07672695185085587,0.9607876413552794,1.9567033073942897
native,121,core,continuum,65,224,557,ok,16,15,0.0625,0.015384615384615385,0.1623572145884272,0.9171690451960735,1.9601031398557622
native,121,red,continuum,65,224,557,ok,16,15,0.0625,0.015384615384615385,0.12623413392472177,0.9357333640126664,1.9642250132650698
native,122,blue,continuum,60,224,557,ok,16,16,0.0,0.016666666666666666,0.08007725912586193,0.9594018248248662,1.972434937787771
native,122,core,continuum,60,224,557,ok,16,14,0.125,0.016666666666666666,0.20661460301945284,0.8949820235002115,1.9674212921048717
native,122,red,continuum,60,224,557,ok,16,15,0.0625,0.016666666666666666,0.11971398763692034,0.9380764330588942,1.93325406707882
native,123,blue,continuum,56,224,557,ok,16,16,0.0,0.03571428571428571,0.06785720807349085,0.9654542949532182,1.9642733584854786
native,123,core,continuum,56,224,557,ok,16,15,0.0625,0.03571428571428571,0.16666125264248832,0.9165925662660568,1.9981582597794811
native,123,red,continuum,56,224,557,ok,16,15,0.0625,0.017857142857142856,0.15074237856639708,0.9227161911010552,1.950504002248461
native,124,blue,continuum,55,224,557,ok,16,14,0.125,0.03636363636363636,0.281909654925228,0.8536064020408558,1.925696607333225
native,124,core,continuum,55,224,557,ok,16,15,0.0625,0.03636363636363636,0.1703993356910578,0.9146894468385954,1.9974004314409755
native,124,red,continuum,55,224,557,ok,16,14,0.125,0.01818181818181818,0.20726253154033428,0.8952365837958959,1.9783865308147015
native,125,blue,continuum,57,224,557,ok,16,15,0.0625,0.07017543859649122,0.30747609927390923,0.8392093590135873,1.912276096342522
native,125,core,continuum,57,224,557,ok,16,13,0.1875,0.0,0.42216691889510377,0.7865884738233251,1.9781823712071134
native,125,red,continuum,57,224,557,ok,16,15,0.0625,0.0,0.1277173032291638,0.9356434397969516,1.9845265630451498
native,126,blue,continuum,60,224,557,ok,16,14,0.125,0.03333333333333333,0.3493377217520472,0.8185981730920924,1.925767384522515
native,126,core,continuum,60,224,557,ok,16,15,0.0625,0.03333333333333333,0.3277747456469632,0.8359810689032842,1.9983958159908184
native,126,red,continuum,60,224,557,ok,16,16,0.0,0.016666666666666666,0.11511296281581646,0.941408486368592,1.9646695516346933
native,127,blue,continuum,62,224,557,ok,16,16,0.0,0.08064516129032258,0.204201799674456,0.8935366351265133,1.9180475830076806
native,127,core,continuum,62,224,557,ok,16,16,0.0,0.016129032258064516,0.22993296172476474,0.883402691500713,1.9720263244856202
native,127,red,continuum,62,224,557,ok,16,16,0.0,0.016129032258064516,0.10593872546962184,0.9465246219923762,1.9810748313834916
native,128,blue,continuum,61,224,557,ok,16,15,0.0625,0.03278688524590164,0.20112613015634817,0.8938017593451912,1.893874408052549
native,128,core,continuum,61,224,557,ok,16,16,0.0,0.03278688524590164,0.17072134451004872,0.914484012847188,1.9963675821806275
native,128,red,continuum,61,224,557,ok,16,16,0.0,0.04918032786885246,0.2041548275367296,0.897569144383235,1.9930989183625953
native,129,blue,continuum,52,224,557,ok,16,15,0.0625,0.038461538461538464,0.12849353835472696,0.9339389776281742,1.9450734145696178
native,129,core,continuum,52,224,557,ok,16,15,0.0625,0.07692307692307693,0.24938880019322918,0.8743286747834049,1.984452696455668
native,129,red,continuum,52,224,557,ok,16,15,0.0625,0.057692307692307696,0.1611363813987945,0.9187353177335389,1.9828586897127058
native,130,blue,continuum,55,224,557,ok,16,16,0.0,0.03636363636363636,0.09274056462328545,0.9533465419249224,1.9878604598621956
native,130,core,continuum,55,224,557,ok,16,16,0.0,0.03636363636363636,0.19964303510443598,0.8994582020758324,1.9856720212524368
native,130,red,continuum,55,224,557,ok,16,16,0.0,0.03636363636363636,0.08930723079733227,0.9544492196904326,1.9606081430524753
native,131,blue,continuum,59,224,557,ok,16,16,0.0,0.03389830508474576,0.051062918337904536,0.9742353411641085,1.9818977096941492
native,131,core,continuum,59,224,557,ok,16,15,0.0625,0.03389830508474576,0.2864985637241193,0.8563613904153824,1.9945790658419236
native,131,red,continuum,59,224,557,ok,16,16,0.0,0.03389830508474576,0.08751101500867974,0.9549432605736636,1.9422402979636861
native,132,blue,continuum,65,224,557,ok,16,16,0.0,0.03076923076923077,0.11314662766881636,0.942769043794402,1.9770179492082094
native,132,core,continuum,65,224,557,ok,16,15,0.0625,0.0,0.20444726748558045,0.8972355127153002,1.9894739212698798
native,132,red,continuum,65,224,557,ok,16,16,0.0,0.03076923076923077,0.1606597862108019,0.9185022539006866,1.971340238232128
native,133,blue,continuum,71,224,557,ok,16,16,0.0,0.028169014084507043,0.13788547122495587,0.9297090568197278,1.9616392238659666
native,133,core,continuum,71,224,557,ok,16,15,0.0625,0.0,0.18876180020977235,0.9054887293694873,1.9972411644715642
native,133,red,continuum,71,224,557,ok,16,16,0.0,0.014084507042253521,0.03798946905039868,0.9805916196038191,1.957374509099898
native,134,blue,continuum,68,224,557,ok,16,15,0.0625,0.04411764705882353,0.1539284567865756,0.9160362545423738,1.833272872090471
native,134,core,continuum,68,224,557,ok,16,16,0.0,0.04411764705882353,0.2798222668794925,0.8584725201862354,1.9771585507472431
native,134,red,continuum,68,224,557,ok,16,16,0.0,0.0,0.07637664898827302,0.9615588253990112,1.9868448293020784
native,135,blue,continuum,72,224,557,ok,16,14,0.125,0.0,0.18955760814110661,0.8985112714748054,1.867770055805249
native,135,core,continuum,72,224,557,ok,16,16,0.0,0.05555555555555555,0.33804290706222895,0.8297706596340334,1.985808711562233
native,135,red,continuum,72,224,557,ok,16,16,0.0,0.027777777777777776,0.12819892895927715,0.9355214409480338,1.9882412207127003
native,136,blue,continuum,59,224,557,ok,16,15,0.0625,0.05084745762711865,0.16577884178692495,0.9123576843983858,1.8915388148858039
native,136,core,continuum,59,224,557,ok,16,16,0.0,0.0847457627118644,0.2984496235565721,0.8493607411670299,1.981220737998287
native,136,red,continuum,59,224,557,ok,16,15,0.0625,0.01694915254237288,0.07424282276714797,0.961880928112018,1.9476555721325104
native,137,blue,continuum,57,224,557,ok,16,16,0.0,0.07017543859649122,0.12903714855075576,0.9349034629962774,1.982242904002353
native,137,core,continuum,57,224,557,ok,16,16,0.0,0.05263157894736842,0.15702048529186385,0.9213262516724839,1.9958434500691782
native,137,red,continuum,57,224,557,ok,16,15,0.0625,0.017543859649122806,0.12685978382988924,0.936438008789972,1.9958434500691782
native,138,blue,continuum,55,224,557,ok,16,14,0.125,0.01818181818181818,0.18637121538752865,0.9059814588816928,1.9822815071445377
native,138,core,continuum,55,224,557,ok,16,16,0.0,0.09090909090909091,0.22519906886192365,0.886587983085,1.985672021252437
native,138,red,continuum,55,224,557,ok,16,14,0.125,0.01818181818181818,0.1750384407885344,0.911885553109395,1.9864896956777862
native,139,blue,continuum,58,224,557,ok,16,14,0.125,0.017241379310344827,0.18696854441126962,0.9058262812456954,1.9853579839940574
native,139,core,continuum,58,224,557,ok,16,14,0.125,0.017241379310344827,0.20220146453416604,0.8986816547398708,1.9957043713557026
native,139,red,continuum,58,224,557,ok,16,14,0.125,0.0,0.16099121545848233,0.917291413996725,1.9464873387160506
native,140,blue,continuum,66,224,557,ok,16,16,0.0,0.030303030303030304,0.1077679696848199,0.9448314859897082,1.953432526109287
native,140,core,continuum,66,224,557,ok,16,16,0.0,0.0,0.08239316483813812,0.9587349972729406,1.9966838578229207
native,140,red,continuum,66,224,557,ok,16,16,0.0,0.045454545454545456,0.13317886771717638,0.9324450633083274,1.9714157726920516
native,141,blue,continuum,65,224,557,ok,16,14,0.125,0.0,0.20456806060330715,0.891576812139781,1.886755634477744
native,141,core,continuum,65,224,557,ok,16,15,0.0625,0.03076923076923077,0.20625240667213893,0.8961621222875016,1.9862925862487395
native,141,red,continuum,65,224,557,ok,16,16,0.0,0.03076923076923077,0.11270196177828297,0.9430822740736216,1.9800854644835935
native,142,blue,continuum,59,224,557,ok,16,12,0.25,0.03389830508474576,0.3845445167493332,0.7920569878787506,1.8492783807763118
native,142,core,continuum,59,224,557,ok,16,16,0.0,0.05084745762711865,0.1901852792942927,0.9037958699131242,1.9768930826831301
native,142,red,continuum,59,224,557,ok,16,14,0.125,0.01694915254237288,0.25456356412620756,0.8712568447505482,1.9772978503825471
native,143,blue,continuum,56,224,557,ok,16,15,0.0625,0.07142857142857142,0.21349537776075128,0.889640757452519,1.9345491399952026
native,143,core,continuum,56,224,557,ok,16,16,0.0,0.03571428571428571,0.09697751307574247,0.949982043901177,1.9388539764427626
native,143,red,continuum,56,224,557,ok,16,15,0.0625,0.017857142857142856,0.11751367007543259,0.9400192708831734,1.9591904234199458
native,144,blue,continuum,57,224,557,ok,16,14,0.125,0.03508771929824561,0.28555836980268634,0.8542683187499636,1.95948037759027
native,144,core,continuum,57,224,557,ok,16,15,0.0625,0.03508771929824561,0.2098551152275937,0.8932855210707034,1.966510236784576
native,144,red,continuum,57,224,557,ok,16,16,0.0,0.05263157894736842,0.10660626242075391,0.9454162155964555,1.953075690622714
native,145,blue,continuum,58,224,557,ok,16,15,0.0625,0.034482758620689655,0.2673356128044983,0.8648692542155112,1.9783477938533287
native,145,core,continuum,58,224,557,ok,16,16,0.0,0.017241379310344827,0.09325031580036246,0.951900659474635,1.9387025847305992
native,145,red,continuum,58,224,557,ok,16,16,0.0,0.06896551724137931,0.18507587121242064,0.9055466806010796,1.959442742618276
native,146,blue,continuum,55,224,557,ok,16,14,0.125,0.0,0.24283110331510252,0.8764334322416174,1.965184497071451
native,146,core,continuum,55,224,557,ok,16,16,0.0,0.03636363636363636,0.1312736712389856,0.9333014970136716,1.968165181546782
native,146,red,continuum,55,224,557,ok,16,14,0.125,0.01818181818181818,0.2550533167371359,0.8699355440315014,1.9609763085382026
native,147,blue,continuum,60,224,557,ok,16,15,0.0625,0.03333333333333333,0.1689016426932612,0.9129205279803967,1.9396263984609161
native,147,core,continuum,60,224,557,ok,16,15,0.0625,0.016666666666666666,0.16863831113137182,0.9134020110606901,1.947369831527588
native,147,red,continuum,60,224,557,ok,16,16,0.0,0.016666666666666666,0.1796026259700423,0.9076033287179512,1.9438213896449774
native,148,blue,continuum,66,224,557,ok,16,16,0.0,0.045454545454545456,0.08074643761460934,0.9573186381386691,1.8918430456120314
native,148,core,continuum,66,224,557,ok,16,15,0.0625,0.015151515151515152,0.20144954194809372,0.89616597162829,1.9401110128072379
native,148,red,continuum,66,224,557,ok,16,16,0.0,0.030303030303030304,0.23615358782780088,0.8815697041757032,1.9940302114769564
native,149,blue,continuum,64,224,557,ok,16,14,0.125,0.0,0.1884459472896758,0.898489687771648,1.8564217088186874
native,149,core,continuum,64,224,557,ok,16,16,0.0,0.078125,0.22305831994290604,0.8856411817624092,1.9505126354093847
native,149,red,continuum,64,224,557,ok,16,16,0.0,0.03125,0.1895843722160726,0.9050739871465614,1.997180398894264
native,150,blue,continuum,57,224,557,ok,16,16,0.0,0.07017543859649122,0.07698933313750476,0.958629414391708,1.8609679318166028
native,150,core,continuum,57,224,557,ok,16,15,0.0625,0.05263157894736842,0.2177830564019012,0.8890012003189184,1.962030733914501
native,150,red,continuum,57,224,557,ok,16,14,0.125,0.017543859649122806,0.25800640946482567,0.8703981951415961,1.990762472379994
native,151,blue,continuum,52,224,557,ok,16,16,0.0,0.09615384615384616,0.11011596073275265,0.9420744952166299,1.9009926826630954
native,151,core,continuum,52,224,557,ok,16,14,0.125,0.038461538461538464,0.21360943507613211,0.8905940635351393,1.9524483037969302
native,151,red,continuum,52,224,557,ok,16,14,0.125,0.038461538461538464,0.2666872963111428,0.8597115608369721,1.9009926826630954
native,152,blue,continuum,54,224,557,ok,16,15,0.0625,0.037037037037037035,0.24247548749947884,0.8769794457080337,1.9710160541465975
native,152,core,continuum,54,224,557,ok,16,14,0.125,0.018518518518518517,0.3002168978588504,0.8470651277992594,1.9630375566979192
native,152,red,continuum,54,224,557,ok,16,16,0.0,0.07407407407407407,0.22807224761420858,0.8834921349396239,1.9575695382969904
native,153,blue,continuum,52,224,557,ok,16,14,0.125,0.057692307692307696,0.3841120611088104,0.8053070969697699,1.9729124951676795
native,153,core,continuum,52,224,557,ok,16,14,0.125,0.019230769230769232,0.27326060061769186,0.8609568183267176,1.9652930645659965
native,153,red,continuum,52,224,557,ok,16,16,0.0,0.11538461538461539,0.24907031888595765,0.8745527560982465,1.9854586768045857
native,154,blue,continuum,51,224,557,ok,16,14,0.125,0.0784313725490196,0.4448042847165527,0.7719063835277559,1.9500952792805548
native,154,core,continuum,51,224,557,ok,16,15,0.0625,0.0196078431372549,0.18005541564728036,0.9070062044120392,1.9362089105930709
native,154,red,continuum,51,224,557,ok,16,16,0.0,0.0392156862745098,0.11905507479215571,0.9399309462649535,1.9819702057782655
native,155,blue,continuum,49,224,557,ok,16,14,0.125,0.12244897959183673,0.40444113452255703,0.7744475675277946,1.7931136015232116
native,155,core,continuum,49,224,557,ok,16,15,0.0625,0.061224489795918366,0.17081572823227487,0.9111749439002845,1.9230579268142103
native,155,red,continuum,49,224,557,ok,16,15,0.0625,0.02040816326530612,0.1672987352861393,0.9155553496740159,1.9811644034324394
native,156,blue,continuum,51,224,557,ok,16,15,0.0625,0.058823529411764705,0.19265139426730432,0.8967258699219097,1.8654371053199075
native,156,core,continuum,51,224,557,ok,16,15,0.0625,0.058823529411764705,0.13170996983774,0.9329300178822977,1.9637692702317961
native,156,red,continuum,51,224,557,ok,16,15,0.0625,0.0392156862745098,0.13951234232784013,0.9293557157517053,1.9748567603501161
native,157,blue,continuum,47,224,557,ok,16,15,0.0625,0.06382978723404255,0.2460130476471439,0.8701217798389009,1.8941824683306638
native,157,core,continuum,47,224,557,ok,16,16,0.0,0.0851063829787234,0.21001381804993854,0.8927014428819517,1.9572846428762727
native,157,red,continuum,47,224,557,ok,16,15,0.0625,0.0425531914893617,0.19527131252259947,0.9013928725779718,1.980296126940792
native,158,blue,continuum,48,224,557,ok,16,14,0.125,0.10416666666666667,0.3816231840499919,0.8010613497275876,1.9182958340544896
native,158,core,continuum,48,224,557,ok,16,14,0.125,0.041666666666666664,0.3103069756632858,0.8425837987843057,1.9712518360044662
native,158,red,continuum,48,224,557,ok,16,14,0.125,0.041666666666666664,0.2229374863214296,0.8841688991080761,1.924677263746643
native,159,blue,continuum,53,224,557,ok,16,13,0.1875,0.018867924528301886,0.38767518361542935,0.8024934616523455,1.9628473409474505
native,159,core,continuum,53,224,557,ok,16,16,0.0,0.05660377358490566,0.18319374490423274,0.9079122544620475,1.9893390139378795
native,159,red,continuum,53,224,557,ok,16,16,0.0,0.09433962264150944,0.24479546353592938,0.8738519135059155,1.9405404421049914
native,160,blue,continuum,58,224,557,ok,16,12,0.25,0.017241379310344827,0.5306074545465151,0.7336961992504969,1.9924892286671776
native,160,core,continuum,58,224,557,ok,16,16,0.0,0.034482758620689655,0.16834960661081017,0.9153509808960897,1.9887957166302637
native,160,red,continuum,58,224,557,ok,16,15,0.0625,0.06896551724137931,0.312423211114804,0.8343662300267782,1.8862289445281226
native,161,blue,continuum,59,224,557,ok,16,14,0.125,0.05084745762711865,0.41655520589636597,0.7911334192567823,1.9943602486052203
native,161,core,continuum,59,224,557,ok,16,16,0.0,0.01694915254237288,0.1647472156210537,0.9167412291039823,1.9787370609494979
native,161,red,continuum,59,224,557,ok,16,16,0.0,0.05084745762711865,0.1522562172115181,0.9218941284495298,1.9493568689408158
native,162,blue,continuum,63,224,557,ok,16,13,0.1875,0.015873015873015872,0.385577308312556,0.80210546166446,1.948397927277763
native,162,core,continuum,63,224,557,ok,16,16,0.0,0.031746031746031744,0.16805378783955727,0.9148358238878996,1.9732920050603266
native,162,red,continuum,63,224,557,ok,16,16,0.0,0.047619047619047616,0.1353538466569259,0.9307347521693876,1.9541379103693197
native,163,blue,continuum,59,224,557,ok,16,15,0.0625,0.05084745762711865,0.21302810335586442,0.8881573525987743,1.904712632486646
native,163,core,continuum,59,224,557,ok,16,15,0.0625,0.01694915254237288,0.19927343535461944,0.8988890881644885,1.970840058081961
native,163,red,continuum,59,224,557,ok,16,16,0.0,0.03389830508474576,0.09125671142013692,0.9523745323555765,1.9161326058038624
native,164,blue,continuum,54,224,557,ok,16,15,0.0625,0.018518518518518517,0.1982850095871515,0.8964742775789153,1.9153211873338971
native,164,core,continuum,54,224,557,ok,16,14,0.125,0.018518518518518517,0.32452714117558584,0.836863127812935,1.9892936331613535
native,164,red,continuum,54,224,557,ok,16,16,0.0,0.07407407407407407,0.14894033066135196,0.9229843191007345,1.9338961744188432
native,165,blue,continuum,60,224,557,ok,16,16,0.0,0.03333333333333333,0.25760685583476306,0.8683605176070546,1.9569117953973991
native,165,core,continuum,60,224,557,ok,16,15,0.0625,0.016666666666666666,0.1652234407600912,0.9146983963954626,1.9369324113304536
native,165,red,continuum,60,224,557,ok,16,15,0.0625,0.016666666666666666,0.2731987710409896,0.861374661250912,1.9707708093358
native,166,blue,continuum,57,224,557,ok,16,16,0.0,0.12280701754385964,0.4111038166171914,0.7913187367371128,1.970008280519663
native,166,core,continuum,57,224,557,ok,16,16,0.0,0.07017543859649122,0.25887805607717307,0.8680789804594331,1.9623715536671216
native,166,red,continuum,57,224,557,ok,16,15,0.0625,0.08771929824561403,0.3496618460464389,0.8193012081308055,1.935053590726576
native,167,blue,continuum,55,224,557,ok,16,14,0.125,0.03636363636363636,0.37389012335676897,0.8117060021216683,1.9856720212524368
native,167,core,continuum,55,224,557,ok,16,14,0.125,0.01818181818181818,0.253440954980999,0.8712175294310208,1.9679771156839985
native,167,red,continuum,55,224,557,ok,16,13,0.1875,0.01818181818181818,0.40418974841955446,0.7963235728087975,1.9844699457542965
native,168,blue,continuum,52,224,557,ok,16,14,0.125,0.09615384615384616,0.49292202171315613,0.7486706187472862,1.9612590428395593
native,168,core,continuum,52,224,557,ok,16,16,0.0,0.057692307692307696,0.1298705374381933,0.9349257147800827,1.995727452084926
native,168,red,continuum,52,224,557,ok,16,13,0.1875,0.019230769230769232,0.4250884132915944,0.7848131018794294,1.9754381749274286
native,169,blue,continuum,53,224,557,ok,16,13,0.1875,0.03773584905660377,0.4313754301649782,0.7808134096235358,1.9680740022647774
native,169,core,continuum,53,224,557,ok,16,16,0.0,0.03773584905660377,0.1130926730123269,0.9433175413594361,1.9951970278754625
native,169,red,continuum,53,224,557,ok,16,14,0.125,0.05660377358490566,0.37413423836363763,0.8089319452799992,1.958120309079976
native,170,blue,continuum,50,224,557,ok,16,13,0.1875,0.04,0.3936199949702188,0.7967791280163647,1.936907322206135
native,170,core,continuum,50,224,557,ok,16,16,0.0,0.06,0.15346211464962728,0.9222879104039041,1.9747521324833461
native,170,red,continuum,50,224,557,ok,16,15,0.0625,0.08,0.26649180373769205,0.860185421227101,1.9060373108197468
native,171,blue,continuum,51,224,557,ok,16,15,0.0625,0.058823529411764705,0.26285496119776386,0.8660876051457507,1.962887464478969
native,171,core,continuum,51,224,557,ok,16,15,0.0625,0.0196078431372549,0.2203573941415743,0.8894032654987815,1.992440329593514
native,171,red,continuum,51,224,557,ok,16,15,0.0625,0.0784313725490196,0.2643615374980485,0.8612411732718189,1.9051871778644718
native,172,blue,continuum,50,224,557,ok,16,14,0.125,0.04,0.2494891607218377,0.871040957952587,1.9346387563123382
native,172,core,continuum,50,224,557,ok,16,16,0.0,0.04,0.07542147826090588,0.9622219830101139,1.9964382535244674
native,172,red,continuum,50,224,557,ok,16,15,0.0625,0.08,0.2096510139669231,0.8885842614938709,1.8817001689163515
native,173,blue,continuum,50,224,557,ok,16,16,0.0,0.1,0.19275590772238627,0.9016723584989484,1.9603430406731037
native,173,core,continuum,50,224,557,ok,16,16,0.0,0.06,0.12895152529996887,0.9349162009848799,1.9813152774012361
native,173,red,continuum,50,224,557,ok,16,16,0.0,0.1,0.20629327473800718,0.8936355128246763,1.939493906438603
native,174,blue,continuum,50,224,557,ok,16,15,0.0625,0.06,0.22338584319017316,0.8824649584047005,1.9005893064584323
native,174,core,continuum,50,224,557,ok,16,15,0.0625,0.04,0.24545390414537782,0.8760502250066401,1.9802690578383622
native,174,red,continuum,50,224,557,ok,16,14,0.125,0.06,0.2868077997525653,0.8501076157608197,1.9134247627612082
native,175,blue,continuum,52,224,557,ok,16,12,0.25,0.0,0.3822566733869116,0.8015142039738418,1.9258641224711837
native,175,core,continuum,52,224,557,ok,16,14,0.125,0.019230769230769232,0.26978606892605944,0.862825960944839,1.9667429112995065
native,175,red,continuum,52,224,557,ok,16,15,0.0625,0.07692307692307693,0.3345800367864487,0.829755651806396,1.9652930645659965
native,176,blue,continuum,56,224,557,ok,16,15,0.0625,0.05357142857142857,0.3399048688144773,0.8261962359753547,1.9556818617937355
native,176,core,continuum,56,224,557,ok,16,14,0.125,0.03571428571428571,0.29207259925271134,0.8522364400874339,1.9766212957073799
native,176,red,continuum,56,224,557,ok,16,15,0.0625,0.05357142857142857,0.2442131775402894,0.8748345149589307,1.9511223678009806
native,177,blue,continuum,58,224,557,ok,16,15,0.0625,0.034482758620689655,0.22608389885451496,0.8860798746777357,1.984582603073468
native,177,core,continuum,58,224,557,ok,16,16,0.0,0.05172413793103448,0.12141622774268557,0.9391612157164309,1.9957043713557026
native,177,red,continuum,58,224,557,ok,16,15,0.0625,0.034482758620689655,0.18072386717575228,0.9071818791407994,1.947075263998281
native,178,blue,continuum,54,224,557,ok,16,14,0.125,0.037037037037037035,0.33983999717067576,0.8244041614017188,1.9353533653388202
native,178,core,continuum,54,224,557,ok,16,14,0.125,0.037037037037037035,0.3080233161904966,0.8443097252548117,1.9784364610739207
native,178,red,continuum,54,224,557,ok,16,15,0.0625,0.018518518518518517,0.16205225421585173,0.9164086438644448,1.9386245385594778
native,179,blue,continuum,56,224,557,ok,16,14,0.125,0.0,0.17410864425281233,0.9074937104821452,1.8821276386748536
native,179,core,continuum,56,224,557,ok,16,16,0.0,0.05357142857142857,0.11915941446866996,0.9401441275805978,1.9907723277966067
native,179,red,continuum,56,224,557,ok,16,16,0.0,0.07142857142857142,0.17958037707815822,0.906239370071234,1.9153068533625803
native,180,blue,continuum,48,224,557,ok,16,13,0.1875,0.041666666666666664,0.21690883005745587,0.8729098554805368,1.7067321063926975
native,180,core,continuum,48,224,557,ok,16,16,0.0,0.08333333333333333,0.2027981666005837,0.8960589087038942,1.951087525364298
native,180,red,continuum,48,224,557,ok,16,14,0.125,0.041666666666666664,0.29689704427356706,0.8428062185318059,1.8887327571138037
native,181,blue,continuum,55,224,557,ok,16,13,0.1875,0.01818181818181818,0.1784238929781519,0.8967186538573414,1.7275519698562194
native,181,core,continuum,55,224,557,ok,16,15,0.0625,0.01818181818181818,0.15980719814692276,0.9177378655881003,1.942658056339051
native,181,red,continuum,55,224,557,ok,16,14,0.125,0.01818181818181818,0.20244871283555607,0.8946811784857694,1.9222462796756745
native,182,blue,continuum,52,224,557,ok,16,14,0.125,0.057692307692307696,0.26292437196871277,0.857089163293141,1.8397791100196796
native,182,core,continuum,52,224,557,ok,16,15,0.0625,0.038461538461538464,0.14181696783768208,0.9265420145220643,1.930586129131993
native,182,red,continuum,52,224,557,ok,16,15,0.0625,0.057692307692307696,0.13397855591299096,0.9286007979304999,1.8764713334271728
native,183,blue,continuum,47,224,557,ok,16,13,0.1875,0.0851063829787234,0.3271847511578266,0.8164461991282854,1.7825005508139564
native,183,core,continuum,47,224,557,ok,16,14,0.125,0.0425531914893617,0.2206785114717467,0.8855579014982576,1.9282983653815724
native,183,red,continuum,47,224,557,ok,16,14,0.125,0.02127659574468085,0.18760695940893754,0.8993521784827077,1.8639942383323693
native,184,blue,continuum,55,224,557,ok,16,15,0.0625,0.07272727272727272,0.22140829139337143,0.8822051216307585,1.8796088120176306
native,184,core,continuum,55,224,557,ok,16,15,0.0625,0.03636363636363636,0.2118004571797084,0.8926946169040711,1.9738101767957255
native,184,red,continuum,55,224,557,ok,16,14,0.125,0.05454545454545454,0.23340052701557554,0.8762974944416956,1.886789002067282
native,185,blue,continuum,56,224,557,ok,16,15,0.0625,0.05357142857142857,0.18239820943874122,0.9018365385593102,1.8581069449037912
native,185,core,continuum,56,224,557,ok,16,16,0.0,0.017857142857142856,0.11076447382876817,0.9440997797958538,1.9814675760535323
native,185,red,continuum,56,224,557,ok,16,15,0.0625,0.05357142857142857,0.20825861863219453,0.8892645849256621,1.8806866664326687
native,186,blue,continuum,53,224,557,ok,16,15,0.0625,0.018867924528301886,0.10895369827550182,0.9414417883954279,1.8606049483074534
native,186,core,continuum,53,224,557,ok,16,16,0.0,0.03773584905660377,0.14262537895656857,0.927975091465109,1.980222979213873
native,186,red,continuum,53,224,557,ok,16,15,0.0625,0.05660377358490566,0.2631917389234251,0.8603225988733693,1.8842829033224708
native,187,blue,continuum,46,224,557,ok,16,15,0.0625,0.06521739130434782,0.11514991429723698,0.9360045368300702,1.7993449628057976
native,187,core,continuum,46,224,557,ok,16,14,0.125,0.06521739130434782,0.3611656893453799,0.8150857789235184,1.9531525874151108
native,187,red,continuum,46,224,557,ok,16,15,0.0625,0.06521739130434782,0.2573299205194409,0.8675324547673626,1.942588428490331
native,188,blue,continuum,46,224,557,ok,16,13,0.1875,0.043478260869565216,0.38874427010681745,0.7880707027626256,1.8343111366589342
native,188,core,continuum,46,224,557,ok,16,13,0.1875,0.043478260869565216,0.34180238154040815,0.819564499208719,1.8943189119739166
native,188,red,continuum,46,224,557,ok,16,14,0.125,0.06521739130434782,0.35590004804747366,0.814070836254654,1.9141701112307734
native,189,blue,continuum,54,224,557,ok,16,15,0.0625,0.05555555555555555,0.2780841899805881,0.8572591437141828,1.9481751561288525
native,189,core,continuum,54,224,557,ok,16,14,0.125,0.05555555555555555,0.24717000538306738,0.8661260846479557,1.8462895085505766
native,189,red,continuum,54,224,557,ok,16,13,0.1875,0.037037037037037035,0.3090496616450138,0.8352642972456191,1.876033285303086
native,190,blue,continuum,66,224,557,ok,16,14,0.125,0.045454545454545456,0.3893269673780336,0.7957707081000593,1.9063228577846654
native,190,core,continuum,66,224,557,ok,16,14,0.125,0.015151515151515152,0.24201678130691542,0.8747925512890053,1.932926385757939
native,190,red,continuum,66,224,557,ok,16,14,0.125,0.030303030303030304,0.19381264675548324,0.8975013178820557,1.8908794020635782
native,191,blue,continuum,63,224,557,ok,16,14,0.125,0.031746031746031744,0.25165147350894046,0.8649799770570009,1.863808552418772
native,191,core,continuum,63,224,557,ok,16,14,0.125,0.015873015873015872,0.20130569629598277,0.8946317458414305,1.910496647244778
native,191,red,continuum,63,224,557,ok,16,14,0.125,0.031746031746031744,0.159194453678177,0.9140393320777458,1.8519452852804497
native,192,blue,continuum,59,224,557,ok,16,14,0.125,0.03389830508474576,0.19781156456769652,0.8923495996804303,1.8375367298261363
native,192,core,continuum,59,224,557,ok,16,15,0.0625,0.03389830508474576,0.20549109356876397,0.8939053600493198,1.9368659308735077
native,192,red,continuum,59,224,557,ok,16,15,0.0625,0.01694915254237288,0.1197895064894101,0.9366294139623947,1.8903013839626617
native,193,blue,continuum,54,224,557,ok,16,14,0.125,0.018518518518518517,0.1883256949672399,0.8969468112826676,1.8274611131520044
native,193,core,continuum,54,224,557,ok,16,15,0.0625,0.037037037037037035,0.27698898586100124,0.8577141183014044,1.9467074494976775
native,193,red,continuum,54,224,557,ok,16,15,0.0625,0.018518518518518517,0.17102551694034537,0.9114728964850276,1.9319000639326267
native,194,blue,continuum,56,224,557,ok,16,14,0.125,0.03571428571428571,0.2826001924558064,0.839092646220183,1.7562913429209197
native,194,core,continuum,56,224,557,ok,16,16,0.0,0.05357142857142857,0.20049826587421732,0.8978104393926548,1.9620229765407755
native,194,red,continuum,56,224,557,ok,16,14,0.125,0.05357142857142857,0.353200598416455,0.81874143397425,1.9486008642828976
native,195,blue,continuum,53,224,557,ok,16,15,0.0625,0.09433962264150944,0.14163490015536848,0.9150559622713179,1.6673907191433668
native,195,core,continuum,53,224,557,ok,16,14,0.125,0.018867924528301886,0.26730761385692176,0.8583390600167808,1.8869535518300702
native,195,red,continuum,53,224,557,ok,16,14,0.125,0.03773584905660377,0.28518890378628053,0.8541997164162629,1.9560243421782415
native,196,blue,continuum,52,224,557,ok,16,16,0.0,0.07692307692307693,0.13291101547488732,0.9263005660471941,1.8034197597772335
native,196,core,continuum,52,224,557,ok,16,14,0.125,0.019230769230769232,0.22967924643831822,0.8787605410637183,1.8944265213112483
native,196,red,continuum,52,224,557,ok,16,13,0.1875,0.038461538461538464,0.309030475091122,0.8322552983896665,1.8422666833852772
native,197,blue,continuum,48,224,557,ok,16,15,0.0625,0.0625,0.11790199217118932,0.9379883823788138,1.901288769653191
native,197,core,continuum,48,224,557,ok,16,14,0.125,0.041666666666666664,0.18986223426860752,0.9004390624303092,1.9069952423429872
native,197,red,continuum,48,224,557,ok,16,12,0.25,0.020833333333333332,0.26074081390697723,0.8536671721097718,1.7818340400185009
native,198,blue,continuum,51,224,557,ok,16,15,0.0625,0.0784313725490196,0.16544506563463277,0.9149907972420845,1.9462018260043918
native,198,core,continuum,51,224,557,ok,16,15,0.0625,0.0392156862745098,0.1291971751939416,0.9345789640100092,1.9748567603501161
native,198,red,continuum,51,224,557,ok,16,13,0.1875,0.0392156862745098,0.256429731122806,0.8546839685040185,1.764634834043739
native,199,blue,continuum,54,224,557,ok,16,15,0.0625,0.07407407407407407,0.319420536122934,0.8330710647084693,1.913512091628011
native,199,core,continuum,54,224,557,ok,16,15,0.0625,0.037037037037037035,0.18879527966534826,0.900650843744944,1.9003209164722041
native,199,red,continuum,54,224,557,ok,16,14,0.125,0.037037037037037035,0.1973863879561553,0.8908749247280878,1.8088087221412517
native,200,blue,continuum,51,224,557,ok,16,16,0.0,0.11764705882352941,0.29532854421738114,0.8447607153157117,1.9024085611963089
native,200,core,continuum,51,224,557,ok,16,14,0.125,0.0,0.1677429639261639,0.9103516643348938,1.8711218973745485
native,200,red,continuum,51,224,557,ok,16,15,0.0625,0.09803921568627451,0.1404069067987141,0.9216060049571777,1.7910416062099845
