method,lag_days,target,predictor,tuple_count,line_observed_dates,continuum_observed_dates,status,histogram_cells,occupied_cells,empty_fraction,singleton_tuple_fraction,mutual_info_bits,information_leak_fraction,target_entropy_bits
daily,0,blue,continuum,1732,224,557,ok,16,16,0.0,0.0,0.02662312243090361,0.9866654678766316,1.9965546735792254
daily,0,core,continuum,1732,224,557,ok,16,16,0.0,0.0,0.23356045562114308,0.8819092947348218,1.9778055783194128
daily,0,red,continuum,1732,224,557,ok,16,16,0.0,0.0,0.01870760518564599,0.9906410946256344,1.998909534536685
daily,1,blue,continuum,1732,224,557,ok,16,16,0.0,0.0,0.028404736942452987,0.9857724740500625,1.9964635483639923
daily,1,core,continuum,1732,224,557,ok,16,16,0.0,0.0,0.23846644926720786,0.8794380162259936,1.9779572449157237
daily,1,red,continuum,1732,224,557,ok,16,16,0.0,0.0,0.02316605337774236,0.988410345225568,1.9988562065583766
daily,2,blue,continuum,1732,224,557,ok,16,16,0.0,0.0,0.029788456390249175,0.9850786804364023,1.9963687704217243
daily,2,core,continuum,1732,224,557,ok,16,16,0.0,0.0,0.2423895541857855,0.8774637259287303,1.9781044921017166
daily,2,red,continuum,1732,224,557,ok,16,16,0.0,0.0,0.027566048298053612,0.9862086946310069,1.998799066550309
daily,3,blue,continuum,1732,224,557,ok,16,16,0.0,0.0,0.03450577942260975,0.9827148764617581,1.9962703388418799
daily,3,core,continuum,1732,224,557,ok,16,16,0.0,0.0,0.24845913873078052,0.8744044104219082,1.9782473219435435
daily,3,red,continuum,1732,224,557,ok,16,16,0.0,0.0,0.0298404048851397,0.9850703778161806,1.9987381139142515
daily,4,blue,continuum,1732,224,557,ok,16,16,0.0,0.0,0.039153876416338204,0.9803854828550638,1.9961682526784161
daily,4,core,continuum,1732,224,557,ok,16,16,0.0,0.0,0.2577530891263413,0.8697158516267902,1.9783917870651933
daily,4,red,continuum,1732,224,557,ok,16,16,0.0,0.0,0.0336057205892188,0.9831859865331937,1.9986733480118843
daily,5,blue,continuum,1732,224,557,ok,16,16,0.0,0.0,0.040995025674426464,0.9794620531924519,1.9960625109497343
daily,5,core,continuum,1732,224,557,ok,16,16,0.0,0.0,0.2674661289387783,0.8648158590575157,1.9785318534707033
daily,5,red,continuum,1732,224,557,ok,16,16,0.0,0.0,0.036647994244242636,0.9816632108418839,1.998604768164758
daily,6,blue,continuum,1732,224,557,ok,16,16,0.0,0.0,0.042797916244578474,0.9785576544992081,1.995953112638622
daily,6,core,continuum,1732,224,557,ok,16,16,0.0,0.0,0.27405409839921524,0.8614956301659034,1.9786675231076312
daily,6,red,continuum,1732,224,557,ok,16,16,0.0,0.0,0.03988756499255111,0.9800415717461619,1.9985323736542524
daily,7,blue,continuum,1732,224,557,ok,16,16,0.0,0.0,0.04885555844924576,0.975521305785286,1.9958400566921952
daily,7,core,continuum,1732,224,557,ok,16,16,0.0,0.0,0.27991327242279884,0.858543843504772,1.9787987978610297
daily,7,red,continuum,1732,224,557,ok,16,16,0.0,0.0,0.04423097918347651,0.977867425872825,1.9984561637215281
daily,8,blue,continuum,1732,224,557,ok,16,16,0.0,0.0,0.053724408968234244,0.9730802321960083,1.9957233420218359
daily,8,core,continuum,1732,224,557,ok,16,16,0.0,0.0,0.2858619286640247,0.8555469103172648,1.9789256795536052
daily,8,red,continuum,1732,224,557,ok,16,16,0.0,0.0,0.04964714971952219,0.9751562537271111,1.9983761375674822
daily,9,blue,continuum,1732,224,557,ok,16,16,0.0,0.0,0.056638639385766104,0.9716182826403432,1.99560296750313
daily,9,core,continuum,1732,224,557,ok,16,16,0.0,0.0,0.2909620279036844,0.8529788044968898,1.9790481699458704
daily,9,red,continuum,1732,224,557,ok,16,16,0.0,0.0,0.05467264657738735,0.9726403155674994,1.9982922943526962
daily,10,blue,continuum,1732,224,557,ok,16,16,0.0,0.0,0.058728040480657426,0.970569451002668,1.9954789319758008
daily,10,core,continuum,1732,224,557,ok,16,16,0.0,0.0,0.29513402932884075,0.8508796185077242,1.979166270736292
daily,10,red,continuum,1732,224,557,ok,16,16,0.0,0.0,0.06151604134709344,0.969214343553663,1.9982046331973824
daily,11,blue,continuum,1732,224,557,ok,16,16,0.0,0.0,0.06280865186396717,0.9685225083253197,1.9953512342436426
daily,11,core,continuum,1732,224,557,ok,16,16,0.0,0.0,0.30212669783214235,0.8473552502215942,1.979279983561434
daily,11,red,continuum,1732,224,557,ok,16,16,0.0,0.0,0.06950463487200093,0.9652148654537718,1.9981131531813292
daily,12,blue,continuum,1732,224,557,ok,16,16,0.0,0.0,0.06842585241214255,0.9657051068227861,1.9952198730744504
daily,12,core,continuum,1732,224,557,ok,16,16,0.0,0.0,0.30948651329391896,0.8436454558327742,1.9793893099960933
daily,12,red,continuum,1732,224,557,ok,16,16,0.0,0.0,0.08031504335371797,0.9598031922991411,1.9980453162205218
daily,13,blue,continuum,1731,224,557,ok,16,16,0.0,0.0,0.07371514497344164,0.9630536257519413,1.995192937702538
daily,13,core,continuum,1731,224,557,ok,16,16,0.0,0.0,0.31185174590115516,0.8424452436971218,1.9793229555168832
daily,13,red,continuum,1731,224,557,ok,16,16,0.0,0.0,0.09312879869283926,0.9533890358602425,1.9980019811133576
daily,14,blue,continuum,1730,224,557,ok,16,16,0.0,0.0,0.07935660880842056,0.9602255302233226,1.995164467408009
daily,14,core,continuum,1730,224,557,ok,16,16,0.0,0.0,0.31633552796716213,0.8401744411725041,1.9792549470050136
daily,14,red,continuum,1730,224,557,ok,16,16,0.0,0.0,0.10647510853594144,0.9467080092596876,1.9979570486451905
daily,15,blue,continuum,1729,224,557,ok,16,16,0.0,0.0,0.08566202185938979,0.9570645368576872,1.995134455064725
daily,15,core,continuum,1729,224,557,ok,16,16,0.0,0.0,0.32009334550550717,0.838261701653072,1.9790819414886403
daily,15,red,continuum,1729,224,557,ok,16,16,0.0,0.0,0.11821452945811564,0.9408309187096804,1.9979105113713542
daily,16,blue,continuum,1728,224,557,ok,16,16,0.0,0.0,0.09197419682411256,0.953900023340446,1.995102893507675
daily,16,core,continuum,1728,224,557,ok,16,16,0.0,0.0,0.3223576883849495,0.8371031539090685,1.978906873402598
daily,16,red,continuum,1728,224,557,ok,16,16,0.0,0.0,0.1341981573074379,0.9328291278353509,1.9978623618060447
daily,17,blue,continuum,1727,224,557,ok,16,16,0.0,0.0,0.0997787567690436,0.9499873347826133,1.995069775532699
daily,17,core,continuum,1727,224,557,ok,16,16,0.0,0.0,0.3191435523753918,0.8387129141085963,1.9787297328335047
daily,17,red,continuum,1727,224,557,ok,16,16,0.0,0.0,0.14490950400776323,0.9274659171949237,1.9978125924220218
daily,18,blue,continuum,1726,224,557,ok,16,16,0.0,0.0,0.10848434834041978,0.9456228370757354,1.9950350938962111
daily,18,core,continuum,1726,224,557,ok,16,16,0.0,0.0,0.3191743966344256,0.8386827149207301,1.9785505098079614
daily,18,red,continuum,1726,224,557,ok,16,16,0.0,0.0,0.14860027104330803,0.9256165995380966,1.997761195650311
daily,19,blue,continuum,1725,224,557,ok,16,16,0.0,0.0,0.11629619771309649,0.9417061327030923,1.9949988413149184
daily,19,core,continuum,1725,224,557,ok,16,16,0.0,0.0,0.3156920160881164,0.8404281582027546,1.9783691942920605
daily,19,red,continuum,1725,224,557,ok,16,16,0.0,0.0,0.1559331918332434,0.9219439582554472,1.9977081638799006
daily,20,blue,continuum,1724,224,557,ok,16,16,0.0,0.0,0.12302842431430364,0.9383304116376721,1.9949610104655382
daily,20,core,continuum,1724,224,557,ok,16,16,0.0,0.0,0.3115649688357306,0.8424996415474857,1.9781857761908905
daily,20,red,continuum,1724,224,557,ok,16,16,0.0,0.0,0.15631065171230313,0.9217528702864494,1.9976534894574374
daily,21,blue,continuum,1723,224,557,ok,16,16,0.0,0.0,0.12812971441704757,0.9357720550003519,1.994921593984511
daily,21,core,continuum,1723,224,557,ok,16,16,0.0,0.0,0.30431918720708667,0.8461480538625813,1.9780002453480336
daily,21,red,continuum,1723,224,557,ok,16,16,0.0,0.0,0.15615229049962287,0.9218299398597231,1.9975971646869164
daily,22,blue,continuum,1722,224,557,ok,16,16,0.0,0.0,0.1329967181553966,0.933330987733843,1.994880584467716
daily,22,core,continuum,1722,224,557,ok,16,16,0.0,0.0,0.29463493026688853,0.8510299046904534,1.977812591545057
daily,22,red,continuum,1722,224,557,ok,16,16,0.0,0.0,0.1510506431182041,0.9243816369199477,1.9975391818293715
daily,23,blue,continuum,1721,224,557,ok,16,16,0.0,0.0,0.1356434113436325,0.9320027926680816,1.9948379744701747
daily,23,core,continuum,1721,224,557,ok,16,16,0.0,0.0,0.2820008429185729,0.8574041307185836,1.9776228045010018
daily,23,red,continuum,1721,224,557,ok,16,16,0.0,0.0,0.14538817700796053,0.9272141843765788,1.997479533102562
daily,24,blue,continuum,1720,224,557,ok,16,16,0.0,0.0,0.13843307453271061,0.9306028134080383,1.9947937565057614
daily,24,core,continuum,1720,224,557,ok,16,16,0.0,0.0,0.26789384079935474,0.8645242954688923,1.9774308738718642
daily,24,red,continuum,1720,224,557,ok,16,16,0.0,0.0,0.13554834235591529,0.9321382264209332,1.9974182106806535
daily,25,blue,continuum,1719,224,557,ok,16,16,0.0,0.0,0.14042339496893416,0.9296034384362498,1.994747923046905
daily,25,core,continuum,1719,224,557,ok,16,16,0.0,0.0,0.25416591174556097,0.8714539841017416,1.9772367892500706
daily,25,red,continuum,1719,224,557,ok,16,16,0.0,0.0,0.12288499759923042,0.9384761422568224,1.997355206693899
daily,26,blue,continuum,1718,224,557,ok,16,16,0.0,0.0,0.13913664919259422,0.9302468458158853,1.9947004665242907
daily,26,core,continuum,1718,224,557,ok,16,16,0.0,0.0,0.24180445664993797,0.8776937287133798,1.9770405401639484
daily,26,red,continuum,1718,224,557,ok,16,16,0.0,0.0,0.1133231611625631,0.9432615533834418,1.9972905132283179
daily,27,blue,continuum,1717,224,557,ok,16,16,0.0,0.0,0.13609938177572437,0.9317676222182627,1.9946451552821607
daily,27,core,continuum,1717,224,557,ok,16,16,0.0,0.0,0.22899670211115924,0.8841603483410317,1.9768421160771892
daily,27,red,continuum,1717,224,557,ok,16,16,0.0,0.0,0.10509119294220685,0.9473813720916562,1.9972241223253653
daily,28,blue,continuum,1716,224,557,ok,16,16,0.0,0.0,0.13117055335652586,0.9342367740510314,1.9945881830418803
daily,28,core,continuum,1716,224,557,ok,16,16,0.0,0.0,0.2175814347941969,0.8899236740243512,1.976641506388308
daily,28,red,continuum,1716,224,557,ok,16,16,0.0,0.0,0.0979899811834288,0.950935239956895,1.9971560259816064
daily,29,blue,continuum,1715,224,557,ok,16,16,0.0,0.0,0.12676699790007961,0.9364426571623778,1.994529541990876
daily,29,core,continuum,1715,224,557,ok,16,16,0.0,0.0,0.2057550311547559,0.8958960725116436,1.9764387004300956
daily,29,red,continuum,1715,224,557,ok,16,16,0.0,0.0,0.09146025277770106,0.9542031525538778,1.9970862161483836
daily,30,blue,continuum,1714,224,557,ok,16,16,0.0,0.0,0.12354106460931599,0.9380581745229172,1.9944692242727602
daily,30,core,continuum,1714,224,557,ok,16,16,0.0,0.0,0.1964087967303294,0.9006145892686064,1.9762336874690627
daily,30,red,continuum,1714,224,557,ok,16,16,0.0,0.0,0.08710145561040364,0.9563841686912204,1.9970146847314787
daily,31,blue,continuum,1713,224,557,ok,16,16,0.0,0.0,0.12170360831600313,0.9389775533430175,1.9944072219870108
daily,31,core,continuum,1713,224,557,ok,16,16,0.0,0.0,0.18809488895621132,0.9048115533483957,1.976026456704882
daily,31,red,continuum,1713,224,557,ok,16,16,0.0,0.0,0.08338436628305891,0.9582439598387806,1.9969414235907763
daily,32,blue,continuum,1712,224,557,ok,16,16,0.0,0.0,0.12097188748220859,0.939342502516235,1.9943435271886487
daily,32,core,continuum,1712,224,557,ok,16,16,0.0,0.0,0.17850474979508713,0.9096552210848755,1.9758169972698214
daily,32,red,continuum,1712,224,557,ok,16,16,0.0,0.0,0.0791174236147323,0.960379210826302,1.9968664245399204
daily,33,blue,continuum,1711,224,557,ok,16,16,0.0,0.0,0.11975474733614168,0.9399508296153384,1.9942781318879066
daily,33,core,continuum,1711,224,557,ok,16,16,0.0,0.0,0.16858117167314562,0.9146685971006767,1.9756052982281702
daily,33,red,continuum,1711,224,557,ok,16,16,0.0,0.0,0.07584964484639037,0.9620142042845322,1.9967896793459692
daily,34,blue,continuum,1710,224,557,ok,16,16,0.0,0.0,0.1197538488100042,0.939949259569029,1.9942110280498977
daily,34,core,continuum,1710,224,557,ok,16,16,0.0,0.0,0.16001135536476904,0.9189976429328073,1.975391348575661
daily,34,red,continuum,1710,224,557,ok,16,16,0.0,0.0,0.0737783161021015,0.9630500811278508,1.9967111797290462
daily,35,blue,continuum,1709,224,557,ok,16,16,0.0,0.0,0.11598841972871729,0.9418408824131701,1.9943290844389077
daily,35,core,continuum,1709,224,557,ok,16,16,0.0,0.0,0.1520943271540516,0.9229970424968664,1.9751751372388824
daily,35,red,continuum,1709,224,557,ok,16,16,0.0,0.0,0.07068196403642764,0.964599384181722,1.9966309173619867
daily,36,blue,continuum,1708,224,557,ok,16,16,0.0,0.0,0.11374394392609125,0.9429696564835987,1.9944460599887426
daily,36,core,continuum,1708,224,557,ok,16,16,0.0,0.0,0.14563165325215305,0.9262608356363528,1.974956653074689
daily,36,red,continuum,1708,224,557,ok,16,16,0.0,0.0,0.06790238495266841,0.9659901215035362,1.9965488838699847
daily,37,blue,continuum,1707,224,557,ok,16,16,0.0,0.0,0.11304132700966125,0.9433252363848371,1.994561949604989
daily,37,core,continuum,1707,224,557,ok,16,16,0.0,0.0,0.1413416282042953,0.9284250469709631,1.9747358848695997
daily,37,red,continuum,1707,224,557,ok,16,16,0.0,0.0,0.06575338472525229,0.9670650963615863,1.996465070830231
daily,38,blue,continuum,1706,224,557,ok,16,16,0.0,0.0,0.11130949325161629,0.9441967259337233,1.9946767481674237
daily,38,core,continuum,1706,224,557,ok,16,16,0.0,0.0,0.13665478296536074,0.9307906327634399,1.9745128213391934
daily,38,red,continuum,1706,224,557,ok,16,16,0.0,0.0,0.06265603878500062,0.9686159342079862,1.9964283531722835
daily,39,blue,continuum,1705,224,557,ok,16,16,0.0,0.0,0.11177848972710383,0.9439647960529322,1.9947904505298568
daily,39,core,continuum,1705,224,557,ok,16,16,0.0,0.0,0.13206288663805557,0.9331085822570387,1.9742874511274953
daily,39,red,continuum,1705,224,557,ok,16,16,0.0,0.0,0.06308898005059749,0.9683984695217244,1.9963900195899618
daily,40,blue,continuum,1704,224,557,ok,16,16,0.0,0.0,0.111156815771717,0.9442795900848295,1.9949030515199653
daily,40,core,continuum,1704,224,557,ok,16,16,0.0,0.0,0.12564883156462978,0.9363500366442781,1.9740597628063559
daily,40,red,continuum,1704,224,557,ok,16,16,0.0,0.0,0.06087051096801493,0.9695090995748823,1.996350062455724
daily,41,blue,continuum,1703,224,557,ok,16,16,0.0,0.0,0.11064830640631687,0.9445375941586278,1.9950145459391297
daily,41,core,continuum,1703,224,557,ok,16,16,0.0,0.0,0.1198291421499221,0.9392910444981053,1.9738297448748265
daily,41,red,continuum,1703,224,557,ok,16,16,0.0,0.0,0.060450674808735186,0.969718770624363,1.9963084740995092
daily,42,blue,continuum,1702,224,557,ok,16,16,0.0,0.0,0.11122746544942164,0.9442503755744385,1.9951249285622683
daily,42,core,continuum,1702,224,557,ok,16,16,0.0,0.0,0.11561082433278946,0.9414212720552646,1.9735973857585225
daily,42,red,continuum,1702,224,557,ok,16,16,0.0,0.0,0.05903033175766413,0.9704290125105401,1.9962245690545375
daily,43,blue,continuum,1701,224,557,ok,16,16,0.0,0.0,0.11191969011312049,0.9439064895529761,1.995234194137667
daily,43,core,continuum,1701,224,557,ok,16,16,0.0,0.0,0.11062068904889989,0.943943051869234,1.9733626738089813
daily,43,red,continuum,1701,224,557,ok,16,16,0.0,0.0,0.06040414527784542,0.9697395074589561,1.9961388664086066
daily,44,blue,continuum,1700,224,557,ok,16,16,0.0,0.0,0.11083267763711448,0.944454304627112,1.9953423373868155
daily,44,core,continuum,1700,224,557,ok,16,16,0.0,0.0,0.10662240083395255,0.9459626893596179,1.973125597303016
daily,44,red,continuum,1700,224,557,ok,16,16,0.0,0.0,0.05932779106670383,0.9702774225514573,1.9960513575720458
daily,45,blue,continuum,1699,224,557,ok,16,16,0.0,0.0,0.1095113129143422,0.9451157633907113,1.99531449610813
daily,45,core,continuum,1699,224,557,ok,16,16,0.0,0.0,0.10292333058893903,0.9478310844855944,1.9728861444420545
daily,45,red,continuum,1699,224,557,ok,16,16,0.0,0.0,0.057049422390881635,0.9714175813859286,1.9959620339055475
daily,46,blue,continuum,1698,224,557,ok,16,16,0.0,0.0,0.10849754248841664,0.9456230366927587,1.9952850598769705
daily,46,core,continuum,1698,224,557,ok,16,16,0.0,0.0,0.09916616707993473,0.9497293217477405,1.9726443033514782
daily,46,red,continuum,1698,224,557,ok,16,16,0.0,0.0,0.05357362322714148,0.9731577710844864,1.9958708867197856
daily,47,blue,continuum,1697,224,557,ok,16,16,0.0,0.0,0.10751227176332648,0.94611599795124,1.9952540211478347
daily,47,core,continuum,1697,224,557,ok,16,16,0.0,0.0,0.09743097999001389,0.9506028306005677,1.9724000620799484
daily,47,red,continuum,1697,224,557,ok,16,16,0.0,0.0,0.05066357253291922,0.9746146240279343,1.9957779072750368
daily,48,blue,continuum,1696,224,557,ok,16,16,0.0,0.0,0.10825782608318356,0.9457414462453437,1.9952213723332657
daily,48,core,continuum,1696,224,557,ok,16,16,0.0,0.0,0.0940516462574613,0.9523101773688651,1.972153408598726
daily,48,red,continuum,1696,224,557,ok,16,16,0.0,0.0,0.04687152381616046,0.9765135435948559,1.9956830867807893
daily,49,blue,continuum,1695,224,557,ok,16,16,0.0,0.0,0.1075462690374733,0.9460971511270069,1.9951871058035515
daily,49,core,continuum,1695,224,557,ok,16,16,0.0,0.0,0.08992718102677177,0.9543957687895317,1.9719043308009834
daily,49,red,continuum,1695,224,557,ok,16,16,0.0,0.0,0.04114753071619605,0.9793807322107748,1.995586416395358
daily,50,blue,continuum,1694,224,557,ok,16,16,0.0,0.0,0.10436346648270312,0.9476914502738816,1.9951512138864167
daily,50,core,continuum,1694,224,557,ok,16,16,0.0,0.0,0.0867467741543701,0.9560030176568759,1.9716528165011078
daily,50,red,continuum,1694,224,557,ok,16,16,0.0,0.0,0.03501994119991775,0.9824504365954286,1.9954878872254853
daily,51,blue,continuum,1693,224,557,ok,16,16,0.0,0.0,0.10384645984640273,0.9479496028592783,1.9951136888667145
daily,51,core,continuum,1693,224,557,ok,16,16,0.0,0.0,0.08290508697078758,0.9579460610792309,1.971398853433997
daily,51,red,continuum,1693,224,557,ok,16,16,0.0,0.0,0.031626310909164956,0.9841507753726569,1.995448462166613
daily,52,blue,continuum,1692,224,557,ok,16,16,0.0,0.0,0.10223062553821433,0.9487584927979527,1.9950745229861162
daily,52,core,continuum,1692,224,557,ok,16,16,0.0,0.0,0.07980094127682485,0.9595153855487691,1.9711424292543458
daily,52,red,continuum,1692,224,557,ok,16,16,0.0,0.0,0.029097894497992834,0.985417567028622,1.9954073888153898
daily,53,blue,continuum,1691,224,557,ok,16,16,0.0,0.0,0.10219919087248841,0.9487732009539532,1.9950337084427943
daily,53,core,continuum,1691,224,557,ok,16,16,0.0,0.0,0.07494144591183777,0.9619757105314918,1.9708835315359243
daily,53,red,continuum,1691,224,557,ok,16,16,0.0,0.0,0.027122040111687354,0.9864074769567287,1.9953646593311176
daily,54,blue,continuum,1690,224,557,ok,16,16,0.0,0.0,0.10247593238873885,0.9486333922334672,1.9949912373911072
daily,54,core,continuum,1690,224,557,ok,16,16,0.0,0.0,0.06878627954173536,0.9650941304909488,1.970622147770848
daily,54,red,continuum,1690,224,557,ok,16,16,0.0,0.0,0.02570963833547232,0.9871150317190857,1.9953202658290021
daily,55,blue,continuum,1689,224,557,ok,16,16,0.0,0.0,0.10257324630147233,0.9485834756211537,1.9949471019412783
daily,55,core,continuum,1689,224,557,ok,16,16,0.0,0.0,0.06657303085148528,0.9662127278974704,1.970358265368838
daily,55,red,continuum,1689,224,557,ok,16,16,0.0,0.0,0.024153056195957142,0.9878948686895469,1.9952742003798265
daily,56,blue,continuum,1688,224,557,ok,16,16,0.0,0.0,0.10018015938414822,0.9497818966394636,1.9949012941590722
daily,56,core,continuum,1688,224,557,ok,16,16,0.0,0.0,0.06386018943862137,0.9675851718605757,1.9700918716564733
daily,56,red,continuum,1688,224,557,ok,16,16,0.0,0.0,0.024466855313231062,0.9877373040780411,1.9952264550096257
daily,57,blue,continuum,1687,224,557,ok,16,16,0.0,0.0,0.09742723257923286,0.9511607154955417,1.9948538060654664
daily,57,core,continuum,1687,224,557,ok,16,16,0.0,0.0,0.061367302606551356,0.9688462851517767,1.9698229538764336
daily,57,red,continuum,1687,224,557,ok,16,16,0.0,0.0,0.02463964467781438,0.9876503967267887,1.9951770216993578
daily,58,blue,continuum,1686,224,557,ok,16,16,0.0,0.0,0.09659839869015056,0.9515750077701787,1.9948046296363242
daily,58,core,continuum,1686,224,557,ok,16,16,0.0,0.0,0.061780361041312355,0.9686322692923629,1.9695514991867336
daily,58,red,continuum,1686,224,557,ok,16,16,0.0,0.0,0.025419124768626802,0.9872593880588428,1.9951258923845716
daily,59,blue,continuum,1685,224,557,ok,16,16,0.0,0.0,0.09502157908187545,0.9523642561103824,1.9947537568020612
daily,59,core,continuum,1685,224,557,ok,16,16,0.0,0.0,0.061723765483114555,0.9686566440481396,1.9692774946599447
daily,59,red,continuum,1685,224,557,ok,16,16,0.0,0.0,0.027175126922356303,0.9863788813144571,1.9950730589550694
daily,60,blue,continuum,1684,224,557,ok,16,16,0.0,0.0,0.09357256987935406,0.9530894297133362,1.994701179447307
daily,60,core,continuum,1684,224,557,ok,16,16,0.0,0.0,0.059914741950916325,0.9695709935324359,1.9690009272824138
daily,60,red,continuum,1684,224,557,ok,16,16,0.0,0.0,0.026244095831484092,0.9868451868205118,1.9950185132545695
daily,61,blue,continuum,1683,224,557,ok,16,16,0.0,0.0,0.0939862767396741,0.9528807443369349,1.9946468894105687
daily,61,core,continuum,1683,224,557,ok,16,16,0.0,0.0,0.05823521217314597,0.9704197857473789,1.9687217839534652
daily,61,red,continuum,1683,224,557,ok,16,16,0.0,0.0,0.025014710608651687,0.9874610606565308,1.9949622470803623
daily,62,blue,continuum,1682,224,557,ok,16,16,0.0,0.0,0.09276440545185878,0.9534920135991145,1.9945908784838866
daily,62,core,continuum,1682,224,557,ok,16,16,0.0,0.0,0.058352973864576635,0.9703557272061363,1.968440051484597
daily,62,red,continuum,1682,224,557,ok,16,16,0.0,0.0,0.022244273089158127,0.9888494532683376,1.994904252182966
daily,63,blue,continuum,1681,224,557,ok,16,16,0.0,0.0,0.09354971948702834,0.9530969339714819,1.9945331384124887
daily,63,core,continuum,1681,224,557,ok,16,16,0.0,0.0,0.05849175679181011,0.9702809303661731,1.968155716598667
daily,63,red,continuum,1681,224,557,ok,16,16,0.0,0.0,0.020205416976397956,0.9898718766270759,1.9949813240243237
daily,64,blue,continuum,1680,224,557,ok,16,16,0.0,0.0,0.09364014890863435,0.9530501952747571,1.9944736608944416
daily,64,core,continuum,1680,224,557,ok,16,16,0.0,0.0,0.05650395192458658,0.971286727599485,1.967868765929067
daily,64,red,continuum,1680,224,557,ok,16,16,0.0,0.0,0.01900223892018258,0.9904752235875441,1.9950325443159764
daily,65,blue,continuum,1679,224,557,ok,16,16,0.0,0.0,0.09155602515808481,0.9540937353613959,1.9944124375802976
daily,65,core,continuum,1679,224,557,ok,16,16,0.0,0.0,0.052396879457495486,0.9733698751085526,1.967579186018888
daily,65,red,continuum,1679,224,557,ok,16,16,0.0,0.0,0.019455692133121642,0.990248176221314,1.9950824148037611
daily,66,blue,continuum,1678,224,557,ok,16,16,0.0,0.0,0.08870927854644918,0.9555196918481811,1.9943494600727396
daily,66,core,continuum,1678,224,557,ok,16,16,0.0,0.0,0.05010024058235948,0.9745333337146665,1.9672869633200767
daily,66,red,continuum,1678,224,557,ok,16,16,0.0,0.0,0.020375856908290083,0.9897872081418624,1.9951309290666255
daily,67,blue,continuum,1677,224,557,ok,16,16,0.0,0.0,0.08577149372210158,0.9569913498984866,1.994284719926219
daily,67,core,continuum,1677,224,557,ok,16,16,0.0,0.0,0.048726710413534706,0.9752278055386602,1.9669920841925759
daily,67,red,continuum,1677,224,557,ok,16,16,0.0,0.0,0.022780447745246988,0.9885822483886577,1.9951780806491708
daily,68,blue,continuum,1676,224,557,ok,16,16,0.0,0.0,0.08124184459118189,0.9592613063911808,1.9942182086465947
daily,68,core,continuum,1676,224,557,ok,16,16,0.0,0.0,0.04604397297066541,0.9765881421067123,1.966694534903461
daily,68,red,continuum,1676,224,557,ok,16,16,0.0,0.0,0.025302565028329598,0.9873184330356264,1.9952238630614187
daily,69,blue,continuum,1675,224,557,ok,16,16,0.0,0.0,0.07720798048168366,0.9612864181215739,1.9943383364562612
daily,69,core,continuum,1675,224,557,ok,16,16,0.0,0.0,0.04439292399677683,0.9774242002430198,1.9663943016260599
daily,69,red,continuum,1675,224,557,ok,16,16,0.0,0.0,0.02814919393678449,0.985892025466877,1.9952682697785775
daily,70,blue,continuum,1674,224,557,ok,16,16,0.0,0.0,0.0773378667266033,0.9612236044093783,1.9944573379921846
daily,70,core,continuum,1674,224,557,ok,16,16,0.0,0.0,0.040748108596922135,0.9792745600689848,1.9660913704390661
daily,70,red,continuum,1674,224,557,ok,16,16,0.0,0.0,0.03169124552428545,0.9841171422144716,1.9953112942408047
daily,71,blue,continuum,1673,224,557,ok,16,16,0.0,0.0,0.07742568746530361,0.961181866113125,1.994575207838169
daily,71,core,continuum,1673,224,557,ok,16,16,0.0,0.0,0.03902723808542417,0.9801467486802242,1.9657857273256372
daily,71,red,continuum,1673,224,557,ok,16,16,0.0,0.0,0.03485334575910235,0.9825327413322962,1.9953529298529653
daily,72,blue,continuum,1672,224,557,ok,16,16,0.0,0.0,0.07555331140236096,0.9621228171295825,1.9946919405500183
daily,72,core,continuum,1672,224,557,ok,16,16,0.0,0.0,0.03623143968425584,0.9815660864605715,1.9654773581724845
daily,72,red,continuum,1672,224,557,ok,16,16,0.0,0.0,0.03656863147975302,0.9816734706573949,1.9953931699843968
daily,73,blue,continuum,1671,224,557,ok,16,16,0.0,0.0,0.07229555800465165,0.9637581285945415,1.9948075306553548
daily,73,core,continuum,1671,224,557,ok,16,16,0.0,0.0,0.03335799911082815,0.9830253551669103,1.965166248768948
daily,73,red,continuum,1671,224,557,ok,16,16,0.0,0.0,0.03952173625825352,0.9801943143045118,1.9954742726860755
daily,74,blue,continuum,1670,224,557,ok,16,16,0.0,0.0,0.0681153508605469,0.96585563155137,1.994921972653442
daily,74,core,continuum,1670,224,557,ok,16,16,0.0,0.0,0.032730178497264076,0.983342169238584,1.9648523848060635
daily,74,red,continuum,1670,224,557,ok,16,16,0.0,0.0,0.041413781202048056,0.9792469765847448,1.9955541114845654
daily,75,blue,continuum,1669,224,557,ok,16,16,0.0,0.0,0.06406109904527482,0.9678897409499003,1.9950352610149982
daily,75,core,continuum,1669,224,557,ok,16,16,0.0,0.0,0.03073877712306307,0.9843531597255404,1.964535751875614
daily,75,red,continuum,1669,224,557,ok,16,16,0.0,0.0,0.04044709398979273,0.9797321950133475,1.9956326803237732
daily,76,blue,continuum,1668,224,557,ok,16,16,0.0,0.0,0.06223642063626028,0.968803584009285,1.9949862399188338
daily,76,core,continuum,1668,224,557,ok,16,16,0.0,0.0,0.02948597093029144,0.9849884300431457,1.9642163354691697
daily,76,red,continuum,1668,224,557,ok,16,16,0.0,0.0,0.03972175097390221,0.9800964310901893,1.9957099731155643
daily,77,blue,continuum,1667,224,557,ok,16,16,0.0,0.0,0.061475736580017634,0.9691840979549973,1.9949354878607826
daily,77,core,continuum,1667,224,557,ok,16,16,0.0,0.0,0.02854787634625147,0.9854636377586141,1.9638941209771188
daily,77,red,continuum,1667,224,557,ok,16,16,0.0,0.0,0.0394855967434532,0.9802155155587033,1.995785983739553
daily,78,blue,continuum,1666,224,557,ok,16,16,0.0,0.0,0.05977533116514423,0.9700356706278578,1.9948829964710382
daily,78,core,continuum,1666,224,557,ok,16,16,0.0,0.0,0.027486575967667945,0.9860017271324806,1.96356909368768
daily,78,red,continuum,1666,224,557,ok,16,16,0.0,0.0,0.03915466656316534,0.9803820645175205,1.9958607060428846
daily,79,blue,continuum,1665,224,557,ok,16,16,0.0,0.0,0.05664089956072618,0.9716061344350737,1.9948287573317285
daily,79,core,continuum,1665,224,557,ok,16,16,0.0,0.0,0.02659201438949011,0.9864550449205443,1.9632412387859075
daily,79,red,continuum,1665,224,557,ok,16,16,0.0,0.0,0.04025265322358842,0.9798326745651944,1.9959341338400205
daily,80,blue,continuum,1664,224,557,ok,16,16,0.0,0.0,0.05442970056271783,0.9727138340766267,1.994772761976552
daily,80,core,continuum,1664,224,557,ok,16,16,0.0,0.0,0.026435271710309825,0.9865326151378795,1.962910541352679
daily,80,red,continuum,1664,224,557,ok,16,16,0.0,0.0,0.040611727221278995,0.9796535070973613,1.9960062609125195
daily,81,blue,continuum,1663,224,557,ok,16,16,0.0,0.0,0.05171018472854952,0.9740764045592764,1.994715001890415
daily,81,core,continuum,1663,224,557,ok,16,16,0.0,0.0,0.029176523186119168,0.985133565007211,1.9625769863636733
daily,81,red,continuum,1663,224,557,ok,16,16,0.0,0.0,0.04076808526443853,0.9795758963156702,1.9960770810088178
daily,82,blue,continuum,1662,224,557,ok,16,16,0.0,0.0,0.04635808371597154,0.9767588516173058,1.9946554685090636
daily,82,core,continuum,1662,224,557,ok,16,16,0.0,0.0,0.029011325619892617,0.9852152043787713,1.962240558688332
daily,82,red,continuum,1662,224,557,ok,16,16,0.0,0.0,0.03907755337755429,0.9804223345909336,1.996027236192195
daily,83,blue,continuum,1661,224,557,ok,16,16,0.0,0.0,0.043244894485873694,0.9783189505413477,1.994594153218712
daily,83,core,continuum,1661,224,557,ok,16,16,0.0,0.0,0.029928254098633554,0.9847452800164831,1.9619012430888092
daily,83,red,continuum,1661,224,557,ok,16,16,0.0,0.0,0.03842428998375183,0.9807491188071459,1.9959756438585747
daily,84,blue,continuum,1660,224,557,ok,16,16,0.0,0.0,0.04058101914828832,0.9796538543723898,1.9945310473556683
daily,84,core,continuum,1660,224,557,ok,16,16,0.0,0.0,0.032016515906453887,0.9836780257381228,1.9615590242189067
daily,84,red,continuum,1660,224,557,ok,16,16,0.0,0.0,0.03812324620566901,0.980899433664738,1.9959222955231863
daily,85,blue,continuum,1659,224,557,ok,16,16,0.0,0.0,0.03663784872291413,0.9816302478404616,1.994466142205954
daily,85,core,continuum,1659,224,557,ok,16,16,0.0,0.0,0.03240230606975679,0.9834784434830053,1.9612138866229951
daily,85,red,continuum,1659,224,557,ok,16,16,0.0,0.0,0.038251568523070746,0.9808346122149079,1.9958671826523064
daily,86,blue,continuum,1658,224,557,ok,16,16,0.0,0.0,0.034623399539493796,0.9826396863958347,1.9943994290049232
daily,86,core,continuum,1658,224,557,ok,16,16,0.0,0.0,0.03257548860939033,0.9833871913291558,1.960865814734919
daily,86,red,continuum,1658,224,557,ok,16,16,0.0,0.0,0.04045308833180094,0.9797323005138476,1.9959388266754172
daily,87,blue,continuum,1657,224,557,ok,16,16,0.0,0.0,0.0328313541634564,0.9835376595824906,1.9943308989368749
daily,87,core,continuum,1657,224,557,ok,16,16,0.0,0.0,0.028197749557532313,0.9856171707247592,1.9605147928768902
daily,87,red,continuum,1657,224,557,ok,16,16,0.0,0.0,0.03828577860675389,0.9808188361397688,1.996009151776912
daily,88,blue,continuum,1656,224,557,ok,16,16,0.0,0.0,0.030577276813097215,0.9846688152840134,1.994449703630064
daily,88,core,continuum,1656,224,557,ok,16,16,0.0,0.0,0.023070295734390713,0.9882304065704702,1.9601608052583641
daily,88,red,continuum,1656,224,557,ok,16,16,0.0,0.0,0.0361317539287177,0.9818986276164076,1.9960781515918913
daily,89,blue,continuum,1655,224,557,ok,16,16,0.0,0.0,0.02951761481331386,0.9852009936598808,1.9945673469504033
daily,89,core,continuum,1655,224,557,ok,16,16,0.0,0.0,0.01916751635501032,0.9902196760700412,1.959803835974901
daily,89,red,continuum,1655,224,557,ok,16,16,0.0,0.0,0.032589445397233435,0.9836738152717805,1.9961458197213218
daily,90,blue,continuum,1654,224,557,ok,16,16,0.0,0.0,0.029919332688276713,0.9850004635624406,1.994683823251873
daily,90,core,continuum,1654,224,557,ok,16,16,0.0,0.0,0.016486067628073933,0.9915863537155425,1.959443869007013
daily,90,red,continuum,1654,224,557,ok,16,16,0.0,0.0,0.028014457733538722,0.9859661921518199,1.9962121497318075
daily,91,blue,continuum,1653,224,557,ok,16,16,0.0,0.0,0.029484231768776965,0.9852194482282512,1.99479912685889
daily,91,core,continuum,1653,224,557,ok,16,16,0.0,0.0,0.014719622417521904,0.9924864652061899,1.959080888218993
daily,91,red,continuum,1653,224,557,ok,16,16,0.0,0.0,0.02573230997006209,0.9871098508734563,1.9962771351553557
daily,92,blue,continuum,1652,224,557,ok,16,16,0.0,0.0,0.02829310899629573,0.9858173737795402,1.9949132520661133
daily,92,core,continuum,1652,224,557,ok,16,16,0.0,0.0,0.012640342232794833,0.9935466144772197,1.958714877357731
daily,92,red,continuum,1652,224,557,ok,16,16,0.0,0.0,0.02266488396966815,0.9886467860016364,1.9963407694891433
daily,93,blue,continuum,1651,224,557,ok,16,16,0.0,0.0,0.026924295178182518,0.986504289883117,1.9950261931382514
daily,93,core,continuum,1651,224,557,ok,16,16,0.0,0.0,0.010903364590752687,0.9944323599646635,1.9583458200515111
daily,93,red,continuum,1651,224,557,ok,16,16,0.0,0.0,0.022947629222158435,0.9885055128192217,1.9964030461952793
daily,94,blue,continuum,1650,224,557,ok,16,16,0.0,0.0,0.027139693123001317,0.9863970843718332,1.9951379443098658
daily,94,core,continuum,1650,224,557,ok,16,16,0.0,0.0,0.011495950062197391,0.9941286493974255,1.957973699808794
daily,94,red,continuum,1650,224,557,ok,16,16,0.0,0.0,0.019652967416892382,0.9901561120944633,1.9964639587005668
daily,95,blue,continuum,1649,224,557,ok,16,16,0.0,0.0,0.025378815127465565,0.9872803737829158,1.9952484997851767
daily,95,core,continuum,1649,224,557,ok,16,16,0.0,0.0,0.012527516958877483,0.9936005687791604,1.9575985000169798
daily,95,red,continuum,1649,224,557,ok,16,16,0.0,0.0,0.020617649860012056,0.9896732245546221,1.9965235003962611
daily,96,blue,continuum,1648,224,557,ok,16,16,0.0,0.0,0.02450807554288814,0.9877174535399865,1.9953578537378613
daily,96,core,continuum,1648,224,557,ok,16,16,0.0,0.0,0.01235326172795701,0.9936883638830818,1.9572202039411586
daily,96,red,continuum,1648,224,557,ok,16,16,0.0,0.0,0.022132119990988967,0.9889149938702839,1.9965816646378283
daily,97,blue,continuum,1647,224,557,ok,16,16,0.0,0.0,0.02400098255620768,0.9879722417959169,1.9954660003108557
daily,97,core,continuum,1647,224,557,ok,16,16,0.0,0.0,0.010658046880457937,0.9945534364357451,1.9568387947228374
daily,97,red,continuum,1647,224,557,ok,16,16,0.0,0.0,0.023446894540412388,0.9882568150472478,1.9966384447446996
daily,98,blue,continuum,1646,224,557,ok,16,16,0.0,0.0,0.023868532928381397,0.988039258036473,1.995572933616152
daily,98,core,continuum,1646,224,557,ok,16,16,0.0,0.0,0.010240976340333796,0.9947655426585215,1.956454255378656
daily,98,red,continuum,1646,224,557,ok,16,16,0.0,0.0,0.02321312794959943,0.9883742176420227,1.9966938340000229
daily,99,blue,continuum,1645,224,557,ok,16,16,0.0,0.0,0.02454557024310222,0.98770063994473,1.9956786477345958
daily,99,core,continuum,1645,224,557,ok,16,16,0.0,0.0,0.010206178598759736,0.9947822948556266,1.9560665687990775
daily,99,red,continuum,1645,224,557,ok,16,16,0.0,0.0,0.022817464970019217,0.9885726857057743,1.9967478256504156
daily,100,blue,continuum,1644,224,557,ok,16,16,0.0,0.0,0.023690197595971747,0.9881288736296794,1.9956149784741963
daily,100,core,continuum,1644,224,557,ok,16,16,0.0,0.0,0.009487645967588734,0.9951486609556525,1.9556757177470674
daily,100,red,continuum,1644,224,557,ok,16,16,0.0,0.0,0.022446469672724675,0.9887587815348751,1.9968004129057113
daily,101,blue,continuum,1643,224,557,ok,16,16,0.0,0.0,0.024590502282657814,0.9876773276667572,1.9955494731707042
daily,101,core,continuum,1643,224,557,ok,16,16,0.0,0.0,0.00954823411829645,0.9951166963858734,1.9552816848567494
daily,101,red,continuum,1643,224,557,ok,16,16,0.0,0.0,0.02173069340346884,0.9891175220412758,1.9968515889387077
daily,102,blue,continuum,1642,224,557,ok,16,16,0.0,0.0,0.022799882598094137,0.9885742486300895,1.9954821227894948
daily,102,core,continuum,1642,224,557,ok,16,16,0.0,0.0,0.010090832044884843,0.9948381439980769,1.9548844526320428
daily,102,red,continuum,1642,224,557,ok,16,16,0.0,0.0,0.02079197648417238,0.9895878799838524,1.9969013468849086
daily,103,blue,continuum,1641,224,557,ok,16,16,0.0,0.0,0.02357353241606197,0.9881861382170355,1.9954129182427747
daily,103,core,continuum,1641,224,557,ok,16,16,0.0,0.0,0.011663027039825148,0.9940326822735484,1.954484003445284
daily,103,red,continuum,1641,224,557,ok,16,16,0.0,0.0,0.0198138417427626,0.9900779464085807,1.9969496798422683
daily,104,blue,continuum,1640,224,557,ok,16,16,0.0,0.0,0.023596743418771167,0.9881740848495866,1.9953418503891696
daily,104,core,continuum,1640,224,557,ok,16,16,0.0,0.0,0.015682795330109876,0.9919743343334857,1.9540803195358207
daily,104,red,continuum,1640,224,557,ok,16,16,0.0,0.0,0.01977381023863246,0.9900982252908972,1.9969965808709293
daily,105,blue,continuum,1639,224,557,ok,16,16,0.0,0.0,0.021448273949867418,0.9892504344441926,1.9952689100333119
daily,105,core,continuum,1639,224,557,ok,16,16,0.0,0.0,0.020799192108684965,0.9893538027955037,1.9536733830085953
daily,105,red,continuum,1639,224,557,ok,16,16,0.0,0.0,0.021676571131828307,0.9891456611001831,1.9970420429929583
daily,106,blue,continuum,1638,224,557,ok,16,16,0.0,0.0,0.020015114509796733,0.9899686648515993,1.9952592764271908
daily,106,core,continuum,1638,224,557,ok,16,16,0.0,0.0,0.02462387148000045,0.987393469664167,1.953263175832701
daily,106,red,continuum,1638,224,557,ok,16,16,0.0,0.0,0.023404053586064448,0.9882808988233924,1.9970860591920852
daily,107,blue,continuum,1637,224,557,ok,16,16,0.0,0.0,0.02005395884401047,0.9899491397258712,1.9952479983857558
daily,107,core,continuum,1637,224,557,ok,16,16,0.0,0.0,0.027129161473981568,0.9861079110419777,1.95284967983992
daily,107,red,continuum,1637,224,557,ok,16,16,0.0,0.0,0.027499869791836756,0.9862302960944976,1.9971286224134306
daily,108,blue,continuum,1636,224,557,ok,16,16,0.0,0.0,0.021183857129259076,0.9893827762600491,1.9952350678593669
daily,108,core,continuum,1636,224,557,ok,16,16,0.0,0.0,0.0290118413663705,0.9851406715630291,1.952432876723238
daily,108,red,continuum,1636,224,557,ok,16,16,0.0,0.0,0.028732263399614325,0.9856135094419622,1.9971697255632397
daily,109,blue,continuum,1635,224,557,ok,16,16,0.0,0.0,0.021259270895798668,0.9893449014063845,1.9952204767525257
daily,109,core,continuum,1635,224,557,ok,16,16,0.0,0.0,0.032437627354406445,0.9833857004237702,1.9523921069062218
daily,109,red,continuum,1635,224,557,ok,16,16,0.0,0.0,0.03194790542687808,0.9840037273795142,1.9972093615086086
daily,110,blue,continuum,1634,224,557,ok,16,16,0.0,0.0,0.020683770479598768,0.9896332564335235,1.9952042169235407
daily,110,core,continuum,1634,224,557,ok,16,16,0.0,0.0,0.036609954801252384,0.9812482589593056,1.9523496363245767
daily,110,red,continuum,1634,224,557,ok,16,16,0.0,0.0,0.03246889915771487,0.983743177156285,1.9972475230772102
daily,111,blue,continuum,1633,224,557,ok,16,16,0.0,0.0,0.020995428435712882,0.9894769582949544,1.9951862801841842
daily,111,core,continuum,1633,224,557,ok,16,16,0.0,0.0,0.03883687807330624,0.9801071712731205,1.9523054567312097
daily,111,red,continuum,1633,224,557,ok,16,16,0.0,0.0,0.03175823807801881,0.9840992894103853,1.9972842030570146
daily,112,blue,continuum,1632,224,557,ok,16,16,0.0,0.0,0.02258772936222681,0.9886784789682167,1.995114375428483
daily,112,core,continuum,1632,224,557,ok,16,16,0.0,0.0,0.042017265142097825,0.9784776235667589,1.9522595598320045
daily,112,red,continuum,1632,224,557,ok,16,16,0.0,0.0,0.031027937018964554,0.9844652101666221,1.9973193941960126
daily,113,blue,continuum,1631,224,557,ok,16,16,0.0,0.0,0.025536343397446242,0.9872000882206606,1.995040578222184
daily,113,core,continuum,1631,224,557,ok,16,16,0.0,0.0,0.04395262506085578,0.9774857308156965,1.9522119372854738
daily,113,red,continuum,1631,224,557,ok,16,16,0.0,0.0,0.03271704718358167,0.9836197979413573,1.997353089201932
daily,114,blue,continuum,1630,224,557,ok,16,16,0.0,0.0,0.027475478855020465,0.9862275876924509,1.9949648791708163
daily,114,core,continuum,1630,224,557,ok,16,16,0.0,0.0,0.04535068647471977,0.9767690012486552,1.9521625807024083
daily,114,red,continuum,1630,224,557,ok,16,16,0.0,0.0,0.032258400880312225,0.9838496852903965,1.9973852807419525
daily,115,blue,continuum,1629,224,557,ok,16,16,0.0,0.0,0.030399489628785897,0.9847612994960323,1.99488726882393
daily,115,core,continuum,1629,224,557,ok,16,16,0.0,0.0,0.04697401843468044,0.9759368156601979,1.9521114816455216
daily,115,red,continuum,1629,224,557,ok,16,16,0.0,0.0,0.031564252840596004,0.9841974563887023,1.997415961442419
daily,116,blue,continuum,1628,224,557,ok,16,16,0.0,0.0,0.0315530099315143,0.9841824305492741,1.9948077376746542
daily,116,core,continuum,1628,224,557,ok,16,16,0.0,0.0,0.05071482174476605,0.9740198265958631,1.9520586316290944
daily,116,red,continuum,1628,224,557,ok,16,16,0.0,0.0,0.03233227331038251,0.983813185692211,1.9974451238885513
daily,117,blue,continuum,1627,224,557,ok,16,16,0.0,0.0,0.034754055149706684,0.9825770304602274,1.9947262761592535
daily,117,core,continuum,1627,224,557,ok,16,16,0.0,0.0,0.054293359398206585,0.9721858363082269,1.9520040221186106
daily,117,red,continuum,1627,224,557,ok,16,16,0.0,0.0,0.033396769212130833,0.9832804882897651,1.9974727606241522
daily,118,blue,continuum,1626,224,557,ok,16,16,0.0,0.0,0.03709460149955003,0.9814028857140982,1.9946428746566833
daily,118,core,continuum,1626,224,557,ok,16,16,0.0,0.0,0.057748580893412345,0.9704148925022497,1.9519476445303958
daily,118,red,continuum,1626,224,557,ok,16,16,0.0,0.0,0.035171614418409436,0.9823921730071405,1.9974988641513103
daily,119,blue,continuum,1625,224,557,ok,16,16,0.0,0.0,0.03701526902244122,0.9814418643801719,1.9945575234881359
daily,119,core,continuum,1625,224,557,ok,16,16,0.0,0.0,0.060470802681876365,0.9690193512570672,1.9518894902312458
daily,119,red,continuum,1625,224,557,ok,16,16,0.0,0.0,0.03753435728208018,0.9812095534019519,1.9975234269301054
daily,120,blue,continuum,1624,224,557,ok,16,16,0.0,0.0,0.03858553465563083,0.9806537423292946,1.9944702129165828
daily,120,core,continuum,1624,224,557,ok,16,16,0.0,0.0,0.06492640495526891,0.9667356173917078,1.9518295505380574
daily,120,red,continuum,1624,224,557,ok,16,16,0.0,0.0,0.03943704607645906,0.9802572569730856,1.997546441378304
daily,121,blue,continuum,1623,224,557,ok,16,16,0.0,0.0,0.039472982050904645,0.9802086369766175,1.9944549551372117
daily,121,core,continuum,1623,224,557,ok,16,16,0.0,0.0,0.06585895319019715,0.9662567685428071,1.9517678167174517
daily,121,red,continuum,1623,224,557,ok,16,16,0.0,0.0,0.042326570536254424,0.9788109477835589,1.9975678998710582
daily,122,blue,continuum,1622,224,557,ok,16,16,0.0,0.0,0.04049770541083027,0.9796946782245464,1.9944380029370703
daily,122,core,continuum,1622,224,557,ok,16,16,0.0,0.0,0.06695746633146223,0.9656928219002711,1.9517042799853943
daily,122,red,continuum,1622,224,557,ok,16,16,0.0,0.0,0.043689422253941554,0.9781282807914102,1.9975303192802134
daily,123,blue,continuum,1621,224,557,ok,16,16,0.0,0.0,0.04333005897147586,0.9782743488644001,1.9944193479418815
daily,123,core,continuum,1621,224,557,ok,16,16,0.0,0.0,0.06702703979923956,0.9656560244227709,1.951638931506815
daily,123,red,continuum,1621,224,557,ok,16,16,0.0,0.0,0.0456258215136202,0.9771584339629754,1.997490953101201
daily,124,blue,continuum,1620,224,557,ok,16,16,0.0,0.0,0.044957618754929596,0.9774580617184466,1.994398981729069
daily,124,core,continuum,1620,224,557,ok,16,16,0.0,0.0,0.06658232708587003,0.9658827165012105,1.951571762395219
daily,124,red,continuum,1620,224,557,ok,16,16,0.0,0.0,0.046978171628399165,0.976480924924572,1.9974497924657102
daily,125,blue,continuum,1619,224,557,ok,16,16,0.0,0.0,0.04975367014364279,0.9750530252091585,1.994376895827397
daily,125,core,continuum,1619,224,557,ok,16,16,0.0,0.0,0.0655591574816872,0.9664058085385564,1.9515027637122966
daily,125,red,continuum,1619,224,557,ok,16,16,0.0,0.0,0.0494451924364753,0.9752453071992547,1.9974068284534234
daily,126,blue,continuum,1618,224,557,ok,16,16,0.0,0.0,0.055546083966512345,0.9721483199360557,1.994353081716605
daily,126,core,continuum,1618,224,557,ok,16,16,0.0,0.0,0.06608047045255977,0.9661384149982426,1.9514878127863857
daily,126,red,continuum,1618,224,557,ok,16,16,0.0,0.0,0.05307048949361192,0.9734297097323759,1.9973620520916255
daily,127,blue,continuum,1617,224,557,ok,16,16,0.0,0.0,0.061726511051405863,0.969048960064344,1.9943275308270412
daily,127,core,continuum,1617,224,557,ok,16,16,0.0,0.0,0.06456977789272886,0.9669122572244927,1.9514712239762015
daily,127,red,continuum,1617,224,557,ok,16,16,0.0,0.0,0.05486129617084881,0.972532257575419,1.9972990616714514
daily,128,blue,continuum,1616,224,557,ok,16,16,0.0,0.0,0.06612238669883863,0.9668443168417349,1.9943002345392915
daily,128,core,continuum,1616,224,557,ok,16,16,0.0,0.0,0.06251221870175844,0.9679663209695447,1.9514529892843844
daily,128,red,continuum,1616,224,557,ok,16,16,0.0,0.0,0.05540415655391559,0.9722595591531197,1.9972341773417206
daily,129,blue,continuum,1615,224,557,ok,16,16,0.0,0.0,0.06907103147298435,0.9653652762870095,1.9942711841838046
daily,129,core,continuum,1615,224,557,ok,16,16,0.0,0.0,0.0604106457518136,0.9690429327394692,1.9514331006682655
daily,129,red,continuum,1615,224,557,ok,16,16,0.0,0.0,0.05531436026170714,0.9723035933046584,1.9971673896242568
daily,130,blue,continuum,1614,224,557,ok,16,16,0.0,0.0,0.06988989073204696,0.9649541290272942,1.994240371040514
daily,130,core,continuum,1614,224,557,ok,16,16,0.0,0.0,0.05585403567230619,0.9713776237149081,1.9514115500395386
daily,130,red,continuum,1614,224,557,ok,16,16,0.0,0.0,0.055626595863931934,0.9721462959388221,1.9970986889841842
daily,131,blue,continuum,1613,224,557,ok,16,16,0.0,0.0,0.06829593857522533,0.9657528472995169,1.9942077863384569
daily,131,core,continuum,1613,224,557,ok,16,16,0.0,0.0,0.0525502148287148,0.9730703448203275,1.9513883292639245
daily,131,red,continuum,1613,224,557,ok,16,16,0.0,0.0,0.053700063346218935,0.9731100106878497,1.9970280658294852
daily,132,blue,continuum,1612,224,557,ok,16,16,0.0,0.0,0.06768463567462216,0.9660588016301948,1.9941734212553857
daily,132,core,continuum,1612,224,557,ok,16,16,0.0,0.0,0.05045245786317084,0.9741450223554654,1.951363430160837
daily,132,red,continuum,1612,224,557,ok,16,16,0.0,0.0,0.051927308484642984,0.9739967624659965,1.9969555105105508
daily,133,blue,continuum,1611,224,557,ok,16,16,0.0,0.0,0.06579979866516952,0.967003375466281,1.994137266917383
daily,133,core,continuum,1611,224,557,ok,16,16,0.0,0.0,0.04835545006461804,0.9752193219736324,1.95133684450304
daily,133,red,continuum,1611,224,557,ok,16,16,0.0,0.0,0.04913850880540167,0.975392370162451,1.9968810133197243
daily,134,blue,continuum,1610,224,557,ok,16,16,0.0,0.0,0.06227820604446109,0.9687687540962583,1.994099314398464
daily,134,core,continuum,1610,224,557,ok,16,16,0.0,0.0,0.04446553366963103,0.977212453996456,1.951308564016308
daily,134,red,continuum,1610,224,557,ok,16,16,0.0,0.0,0.05021085987922289,0.9748543944799997,1.9968045644908468
daily,135,blue,continuum,1609,224,557,ok,16,16,0.0,0.0,0.061047669405788575,0.9693852326219238,1.9940595547201823
daily,135,core,continuum,1609,224,557,ok,16,16,0.0,0.0,0.043151817829968776,0.9778853628262626,1.9512785803790775
daily,135,red,continuum,1609,224,557,ok,16,16,0.0,0.0,0.05176696830107361,0.9740740771125694,1.9967261541987884
daily,136,blue,continuum,1608,224,557,ok,16,16,0.0,0.0,0.06236729540967599,0.9687228018648024,1.9940179788512271
daily,136,core,continuum,1608,224,557,ok,16,16,0.0,0.0,0.04259692928610379,0.9781693799955739,1.9512468852220985
daily,136,red,continuum,1608,224,557,ok,16,16,0.0,0.0,0.04817433373391513,0.9758723683509605,1.9966457725589852
daily,137,blue,continuum,1607,224,557,ok,16,16,0.0,0.0,0.06108742311918819,0.9693639909945914,1.9939745777070188
daily,137,core,continuum,1607,224,557,ok,16,16,0.0,0.0,0.04328530645415453,0.9778162117488287,1.9512134701280808
daily,137,red,continuum,1607,224,557,ok,16,16,0.0,0.0,0.044285209817990875,0.9778192820701521,1.9965634096269622
daily,138,blue,continuum,1606,224,557,ok,16,16,0.0,0.0,0.05652485487125004,0.9716515256201002,1.9939293421493
daily,138,core,continuum,1606,224,557,ok,16,16,0.0,0.0,0.04478910214851249,0.9770451006260203,1.9511783266313394
daily,138,red,continuum,1606,224,557,ok,16,16,0.0,0.0,0.04142216460657036,0.9792528396858873,1.9965221254107766
daily,139,blue,continuum,1605,224,557,ok,16,16,0.0,0.0,0.05197818818818131,0.9739311647667968,1.9938822629857222
daily,139,core,continuum,1605,224,557,ok,16,16,0.0,0.0,0.04397903781370217,0.9774598413154711,1.9511414462174335
daily,139,red,continuum,1605,224,557,ok,16,16,0.0,0.0,0.03686544291360972,0.9815343936304624,1.9964382526005688
daily,140,blue,continuum,1604,224,557,ok,16,16,0.0,0.0,0.04847939232247814,0.975685333588587,1.9938333309694287
daily,140,core,continuum,1604,224,557,ok,16,16,0.0,0.0,0.042821388868799125,0.9780527256571161,1.951102820322804
daily,140,red,continuum,1604,224,557,ok,16,16,0.0,0.0,0.03218988295588386,0.9838756507575821,1.9963523781290262
daily,141,blue,continuum,1603,224,557,ok,16,16,0.0,0.0,0.04659245825575384,0.976631123306674,1.993782536798632
daily,141,core,continuum,1603,224,557,ok,16,16,0.0,0.0,0.04236896230449562,0.9782841587083017,1.9510624403344075
daily,141,red,continuum,1603,224,557,ok,16,16,0.0,0.0,0.029322372013344117,0.9853113792621814,1.9962644918626167
daily,142,blue,continuum,1602,224,557,ok,16,16,0.0,0.0,0.04811321372505284,0.9758677369376441,1.9937298711161902
daily,142,core,continuum,1602,224,557,ok,16,16,0.0,0.0,0.04168300691862719,0.9786352776697761,1.9510202975893445
daily,142,red,continuum,1602,224,557,ok,16,16,0.0,0.0,0.02724796543488288,0.9863499086409256,1.9961745836059026
daily,143,blue,continuum,1601,224,557,ok,16,16,0.0,0.0,0.05258776713154437,0.9736223832835287,1.9936511966491044
daily,143,core,continuum,1601,224,557,ok,16,16,0.0,0.0,0.04301557576615188,0.9779517701327832,1.9509763833744878
daily,143,red,continuum,1601,224,557,ok,16,16,0.0,0.0,0.026613975074986918,0.9866668972013902,1.9960826431010408
daily,144,blue,continuum,1600,224,557,ok,16,16,0.0,0.0,0.05614284844459521,0.9718380426435744,1.9935705368073562
daily,144,core,continuum,1600,224,557,ok,16,16,0.0,0.0,0.04515985727438835,0.9768521467570708,1.9509306889261042
daily,144,red,continuum,1600,224,557,ok,16,16,0.0,0.0,0.028497005077437517,0.9857228622345741,1.9959886600272814
daily,145,blue,continuum,1599,224,557,ok,16,16,0.0,0.0,0.056346852106584244,0.9717345399345388,1.9934878815376866
daily,145,core,continuum,1599,224,557,ok,16,16,0.0,0.0,0.04518551718660417,0.9768384303781749,1.950883205429474
daily,145,red,continuum,1599,224,557,ok,16,16,0.0,0.0,0.028126415279806638,0.9859078514837979,1.9958926240004549
daily,146,blue,continuum,1598,224,557,ok,16,16,0.0,0.0,0.05904749132361677,0.9703785512586239,1.9934032207255838
daily,146,core,continuum,1598,224,557,ok,16,16,0.0,0.0,0.047603986163244995,0.975598134942627,1.950833924018506
daily,146,red,continuum,1598,224,557,ok,16,16,0.0,0.0,0.02825853860849327,0.9858409579440314,1.9957945245724598
daily,147,blue,continuum,1597,224,557,ok,16,16,0.0,0.0,0.06190618579264849,0.9689431234728171,1.9933165441947915
daily,147,core,continuum,1597,224,557,ok,16,16,0.0,0.0,0.050756277316880184,0.973981585040599,1.9507828357753478
daily,147,red,continuum,1597,224,557,ok,16,16,0.0,0.0,0.027159105688577913,0.9863911496909189,1.9956943512307417
daily,148,blue,continuum,1596,224,557,ok,16,16,0.0,0.0,0.06394096814979869,0.9679208935316468,1.9932278417068146
daily,148,core,continuum,1596,224,557,ok,16,16,0.0,0.0,0.05402290934789824,0.9723063103358505,1.950729931729997
daily,148,red,continuum,1596,224,557,ok,16,16,0.0,0.0,0.02759711773891074,0.9861709625778668,1.9955920933977662
daily,149,blue,continuum,1595,224,557,ok,16,16,0.0,0.0,0.0648477252652579,0.9674644934515848,1.993137102960413
daily,149,core,continuum,1595,224,557,ok,16,16,0.0,0.0,0.05642088794029416,0.9710762263971086,1.9506752028599021
daily,149,red,continuum,1595,224,557,ok,16,16,0.0,0.0,0.0274285029662819,0.9862547374205543,1.99548774043049
daily,150,blue,continuum,1594,224,557,ok,16,16,0.0,0.0,0.0654071484427956,0.9671822909979993,1.9930443175910997
daily,150,core,continuum,1594,224,557,ok,16,16,0.0,0.0,0.05611456094742926,0.9712324286284618,1.9506186400895642
daily,150,red,continuum,1594,224,557,ok,16,16,0.0,0.0,0.026331247203041152,0.986803901867985,1.9953812816198218
daily,151,blue,continuum,1593,224,557,ok,16,16,0.0,0.0,0.06646709359272615,0.9666488817600177,1.9929494751706247
daily,151,core,continuum,1593,224,557,ok,16,16,0.0,0.0,0.05566989757223818,0.9714595342437614,1.9505602342901316
daily,151,red,continuum,1593,224,557,ok,16,16,0.0,0.0,0.02428860454800662,0.9878269248746528,1.9952727061900795
daily,152,blue,continuum,1592,224,557,ok,16,16,0.0,0.0,0.06556422824496401,0.9671003116890529,1.9928525652064595
daily,152,core,continuum,1592,224,557,ok,16,16,0.0,0.0,0.0558848579273809,0.9713484447028841,1.9504999762789934
daily,152,red,continuum,1592,224,557,ok,16,16,0.0,0.0,0.021212675567388067,0.9893683366381502,1.9952358201546059
daily,153,blue,continuum,1591,224,557,ok,16,16,0.0,0.0,0.06352482012952892,0.9681228769870925,1.9928028041867816
daily,153,core,continuum,1591,224,557,ok,16,16,0.0,0.0,0.05786180074034723,0.9703390413533255,1.9507731165942759
daily,153,red,continuum,1591,224,557,ok,16,16,0.0,0.0,0.018096483264243207,0.9909299771149449,1.9951970897516929
daily,154,blue,continuum,1590,224,557,ok,16,16,0.0,0.0,0.060191153620245415,0.969794947248595,1.992751150465901
daily,154,core,continuum,1590,224,557,ok,16,16,0.0,0.0,0.05816108328499086,0.9701897868979514,1.9510455388523913
daily,154,red,continuum,1590,224,557,ok,16,16,0.0,0.0,0.01749497127311557,0.9912312787375309,1.9951565056578477
daily,155,blue,continuum,1589,224,557,ok,16,16,0.0,0.0,0.056670970949244094,0.9715600419844758,1.992653115673014
daily,155,core,continuum,1589,224,557,ok,16,16,0.0,0.0,0.058573218979349806,0.9699776142838912,1.950984826229903
daily,155,red,continuum,1589,224,557,ok,16,16,0.0,0.0,0.01685999861661849,0.9915490729538127,1.9950472326258013
daily,156,blue,continuum,1588,224,557,ok,16,16,0.0,0.0,0.052951078994087145,0.9734255102768014,1.992552991445123
daily,156,core,continuum,1588,224,557,ok,16,16,0.0,0.0,0.05731804218605696,0.9706200273272513,1.9509222430020157
daily,156,red,continuum,1588,224,557,ok,16,16,0.0,0.0,0.015706987389129096,0.9921268441287011,1.995005261662351
daily,157,blue,continuum,1587,224,557,ok,16,16,0.0,0.0,0.050856060697263665,0.9744756249250764,1.9924507670797877
daily,157,core,continuum,1587,224,557,ok,16,16,0.0,0.0,0.058039830579970766,0.9702490713671748,1.950857779811733
daily,157,red,continuum,1587,224,557,ok,16,16,0.0,0.0,0.015595581141277147,0.9921825149094295,1.9949614179742576
daily,158,blue,continuum,1586,224,557,ok,16,16,0.0,0.0,0.04810220211225762,0.9758565070088714,1.992346431808046
daily,158,core,continuum,1586,224,557,ok,16,16,0.0,0.0,0.056950437138003886,0.9708064961007199,1.9507914272465303
daily,158,red,continuum,1586,224,557,ok,16,16,0.0,0.0,0.015455089688878343,0.9922530899389118,1.9950005314386432
daily,159,blue,continuum,1585,224,557,ok,16,16,0.0,0.0,0.04899984560869976,0.9754053234837499,1.9922947787633916
daily,159,core,continuum,1585,224,557,ok,16,16,0.0,0.0,0.055626620283629226,0.9714891132263731,1.951065946327736
daily,159,red,continuum,1585,224,557,ok,16,16,0.0,0.0,0.014433334674142003,0.9927653838510826,1.9950380748675811
daily,160,blue,continuum,1584,224,557,ok,16,16,0.0,0.0,0.049164156527160434,0.9753221867858959,1.9922412128098
daily,160,core,continuum,1584,224,557,ok,16,16,0.0,0.0,0.05650245544189503,0.9710442757826183,1.9513397426260042
daily,160,red,continuum,1584,224,557,ok,16,16,0.0,0.0,0.012304880837710376,0.9938323688300009,1.9950740403486604
daily,161,blue,continuum,1583,224,557,ok,16,16,0.0,0.0,0.049516563837102595,0.9751446046244236,1.9921857242214274
daily,161,core,continuum,1583,224,557,ok,16,16,0.0,0.0,0.05558704930453396,0.9715173783661429,1.9516128121597538
daily,161,red,continuum,1583,224,557,ok,16,16,0.0,0.0,0.012868039236520561,0.9935502055386999,1.9951084199242446
daily,162,blue,continuum,1582,224,557,ok,16,16,0.0,0.0,0.05123774946773604,0.9742798948315332,1.9921283032137111
daily,162,core,continuum,1582,224,557,ok,16,16,0.0,0.0,0.05602372943984564,0.9712976301842153,1.9518851509270103
daily,162,red,continuum,1582,224,557,ok,16,16,0.0,0.0,0.013898980556204366,0.9930335855340694,1.9951412055911455
daily,163,blue,continuum,1581,224,557,ok,16,16,0.0,0.0,0.05245554510649103,0.9736678063420865,1.9920689399429057
daily,163,core,continuum,1581,224,557,ok,16,16,0.0,0.0,0.056535342137570554,0.9710395479279462,1.952156754905284
daily,163,red,continuum,1581,224,557,ok,16,16,0.0,0.0,0.014224421507906267,0.9928705802144271,1.9951723893002902
daily,164,blue,continuum,1580,224,557,ok,16,16,0.0,0.0,0.05339175363396312,0.9731970134164452,1.9920076245056169
daily,164,core,continuum,1580,224,557,ok,16,16,0.0,0.0,0.057153624412217684,0.9707268920879578,1.952427620051445
daily,164,red,continuum,1580,224,557,ok,16,16,0.0,0.0,0.0139351551056176,0.9930156669027284,1.9952019629563844
daily,165,blue,continuum,1579,224,557,ok,16,16,0.0,0.0,0.05598391731090011,0.9718948386299301,1.9919443469383253
daily,165,core,continuum,1579,224,557,ok,16,16,0.0,0.0,0.06085137512821099,0.9688372789039604,1.9526977423016005
daily,165,red,continuum,1579,224,557,ok,16,16,0.0,0.0,0.013911040917445423,0.9930278506807485,1.9952299184175752
daily,166,blue,continuum,1578,224,557,ok,16,16,0.0,0.0,0.058821531141977,0.970469326564969,1.9918790972169131
daily,166,core,continuum,1578,224,557,ok,16,16,0.0,0.0,0.0612869990882373,0.9686185197196439,1.9529671175709704
daily,166,red,continuum,1578,224,557,ok,16,16,0.0,0.0,0.01478213515120755,0.9925913600472294,1.9952562474951092
daily,167,blue,continuum,1577,224,557,ok,16,16,0.0,0.0,0.0605978884443539,0.9695764999188012,1.991811865256177
daily,167,core,continuum,1577,224,557,ok,16,16,0.0,0.0,0.05700741817209984,0.970813856743726,1.9532357417537587
daily,167,red,continuum,1577,224,557,ok,16,16,0.0,0.0,0.013845140740252128,0.9930612980652658,1.9953502644270056
daily,168,blue,continuum,1576,224,557,ok,16,16,0.0,0.0,0.060527887246126975,0.9696105882341844,1.9917426409093446
daily,168,core,continuum,1576,224,557,ok,16,16,0.0,0.0,0.05601885867021992,0.9713239031846549,1.953503610723029
daily,168,red,continuum,1576,224,557,ok,16,16,0.0,0.0,0.01565379228934028,0.9921552291179512,1.9954428911570776
daily,169,blue,continuum,1575,224,557,ok,16,16,0.0,0.0,0.06196591936149681,0.9688874786639351,1.9916714139675795
daily,169,core,continuum,1575,224,557,ok,16,16,0.0,0.0,0.05408333799142344,0.9723184827018635,1.9537707203305759
daily,169,red,continuum,1575,224,557,ok,16,16,0.0,0.0,0.016501034745309187,0.9917310184903376,1.995534120620246
daily,170,blue,continuum,1574,224,557,ok,16,16,0.0,0.0,0.061534514791058634,0.9691029467743772,1.991598174159484
daily,170,core,continuum,1574,224,557,ok,16,16,0.0,0.0,0.052211007580681784,0.9732804415646574,1.954037066406796
daily,170,red,continuum,1574,224,557,ok,16,16,0.0,0.0,0.017781944835616192,0.9910895312346675,1.9956239457119764
daily,171,blue,continuum,1573,224,557,ok,16,16,0.0,0.0,0.062170423646760904,0.9687824712943713,1.9915229111505957
daily,171,core,continuum,1573,224,557,ok,16,16,0.0,0.0,0.050595380457722994,0.9741107752203232,1.9543026447605587
daily,171,red,continuum,1573,224,557,ok,16,16,0.0,0.0,0.018265337999801824,0.990847710134782,1.9957123592880088
daily,172,blue,continuum,1572,224,557,ok,16,16,0.0,0.0,0.0636197452315765,0.9680534859867715,1.9914456145428814
daily,172,core,continuum,1572,224,557,ok,16,16,0.0,0.0,0.05107682544284433,0.9738679647959794,1.954567451179074
daily,172,red,continuum,1572,224,557,ok,16,16,0.0,0.0,0.017367824249802054,0.9912978104669863,1.995799354164074
daily,173,blue,continuum,1571,224,557,ok,16,16,0.0,0.0,0.06415070345113003,0.9677855830478015,1.99136627387422
daily,173,core,continuum,1571,224,557,ok,16,16,0.0,0.0,0.05188394390764896,0.9734586104221351,1.9548314814277632
daily,173,red,continuum,1571,224,557,ok,16,16,0.0,0.0,0.017800459579094263,0.9910814198890248,1.995884923115615
daily,174,blue,continuum,1570,224,557,ok,16,16,0.0,0.0,0.06078636936107319,0.9694737955308214,1.9912848786178867
daily,174,core,continuum,1570,224,557,ok,16,16,0.0,0.0,0.04971456870882633,0.9745717852366991,1.9550947312501241
daily,174,red,continuum,1570,224,557,ok,16,16,0.0,0.0,0.017865651528356716,0.9910491340289593,1.9959690588775025
daily,175,blue,continuum,1569,224,557,ok,16,16,0.0,0.0,0.058538842093370125,0.970601245278935,1.9912014181820263
daily,175,core,continuum,1569,224,557,ok,16,16,0.0,0.0,0.048237575482344974,0.9753305556795688,1.9553571963675993
daily,175,red,continuum,1569,224,557,ok,16,16,0.0,0.0,0.018340967902231168,0.9908113765767066,1.9960517541437501
daily,176,blue,continuum,1568,224,557,ok,16,16,0.0,0.0,0.05574681604205267,0.9720022242057547,1.9911158819091253
daily,176,core,continuum,1568,224,557,ok,16,16,0.0,0.0,0.04521820920817799,0.9768778007593842,1.95561887247944
daily,176,red,continuum,1568,224,557,ok,16,16,0.0,0.0,0.019181578094612465,0.9903906312457375,1.996133001567225
daily,177,blue,continuum,1567,224,557,ok,16,16,0.0,0.0,0.05473082041483231,0.9725112789507838,1.9910282590754735
daily,177,core,continuum,1567,224,557,ok,16,16,0.0,0.0,0.04590396712137297,0.9765264749684313,1.9555634298486564
daily,177,red,continuum,1567,224,557,ok,16,16,0.0,0.0,0.021900578778612307,0.9890289357692332,1.9962127937593552
daily,178,blue,continuum,1566,224,557,ok,16,16,0.0,0.0,0.05319524583207201,0.9732813219529554,1.9909385388906249
daily,178,core,continuum,1566,224,557,ok,16,16,0.0,0.0,0.04421172946892922,0.9773911572445381,1.9555060799495512
daily,178,red,continuum,1566,224,557,ok,16,16,0.0,0.0,0.02582395386164288,0.9870640341178868,1.9962911232898388
daily,179,blue,continuum,1565,224,557,ok,16,16,0.0,0.0,0.05393624911310885,0.9729078844550276,1.9908467104968497
daily,179,core,continuum,1565,224,557,ok,16,16,0.0,0.0,0.040680763869733114,0.9791961798208031,1.955446813100815
daily,179,red,continuum,1565,224,557,ok,16,16,0.0,0.0,0.027462062593056606,0.9862439876659898,1.996367982686345
daily,180,blue,continuum,1564,224,557,ok,16,16,0.0,0.0,0.05172120256190755,0.974019273752115,1.9907527629685808
daily,180,core,continuum,1564,224,557,ok,16,16,0.0,0.0,0.040637100833608795,0.9792178583973165,1.955385619562969
daily,180,red,continuum,1564,224,557,ok,16,16,0.0,0.0,0.030971939903391393,0.9844864420122588,1.996443364434216
daily,181,blue,continuum,1563,224,557,ok,16,16,0.0,0.0,0.04858759868508219,0.9755921756656546,1.9906566853118566
daily,181,core,continuum,1563,224,557,ok,16,16,0.0,0.0,0.04208771522644081,0.9784753075507319,1.9553224895379109
daily,181,red,continuum,1563,224,557,ok,16,16,0.0,0.0,0.029849319754551268,0.9850493054390339,1.9965172609761654
daily,182,blue,continuum,1562,224,557,ok,16,16,0.0,0.0,0.04645712383029383,0.9766612613429911,1.9905584664637532
daily,182,core,continuum,1562,224,557,ok,16,16,0.0,0.0,0.04554051718439592,0.9767086845559642,1.955257413168455
daily,182,red,continuum,1562,224,557,ok,16,16,0.0,0.0,0.03037447693052512,0.9847868205133141,1.996589664711972
daily,183,blue,continuum,1561,224,557,ok,16,16,0.0,0.0,0.046006942408854876,0.9768862542157111,1.990458095291816
daily,183,core,continuum,1561,224,557,ok,16,16,0.0,0.0,0.05068655463866175,0.9740758981103835,1.9551903805378672
daily,183,red,continuum,1561,224,557,ok,16,16,0.0,0.0,0.03215077818761751,0.9838977246794374,1.9966605679981746
daily,184,blue,continuum,1560,224,557,ok,16,16,0.0,0.0,0.04706081562056881,0.976355573570716,1.9903555605934802
daily,184,core,continuum,1560,224,557,ok,16,16,0.0,0.0,0.0552356473512386,0.9717482260338869,1.9551213816693975
daily,184,red,continuum,1560,224,557,ok,16,16,0.0,0.0,0.03327314061211703,0.9833361840478102,1.9967299631477609
daily,185,blue,continuum,1559,224,557,ok,16,16,0.0,0.0,0.048226814584007745,0.975768474332036,1.99025085109549
daily,185,core,continuum,1559,224,557,ok,16,16,0.0,0.0,0.06024411854383247,0.9691853886003439,1.9550504065258048
daily,185,red,continuum,1559,224,557,ok,16,16,0.0,0.0,0.03443796479604297,0.9827534044437186,1.9967978424298538
daily,186,blue,continuum,1558,224,557,ok,16,16,0.0,0.0,0.04997623419739163,0.974888131051802,1.9901439554533054
daily,186,core,continuum,1558,224,557,ok,16,16,0.0,0.0,0.06262109950203948,0.9679683775063936,1.9549774450088793
daily,186,red,continuum,1558,224,557,ok,16,16,0.0,0.0,0.03555217395258599,0.9821959981119606,1.9968641980693964
daily,187,blue,continuum,1557,224,557,ok,16,16,0.0,0.0,0.05197386772905929,0.9738829360656112,1.9900348622505077
daily,187,core,continuum,1557,224,557,ok,16,16,0.0,0.0,0.06410946872788209,0.9672057971404954,1.9549024869589573
daily,187,red,continuum,1557,224,557,ok,16,16,0.0,0.0,0.0382906271146062,0.9808252438178681,1.9969290222468326
daily,188,blue,continuum,1556,224,557,ok,16,16,0.0,0.0,0.0517110933765108,0.9740135277474892,1.9899235599981975
daily,188,core,continuum,1556,224,557,ok,16,16,0.0,0.0,0.06434100639762144,0.9670860618155269,1.9548255221544344
daily,188,red,continuum,1556,224,557,ok,16,16,0.0,0.0,0.03801607632891197,0.9809633336123561,1.9969923070977875
daily,189,blue,continuum,1555,224,557,ok,16,16,0.0,0.0,0.0486276687639705,0.9755616526922332,1.9898100371343834
daily,189,core,continuum,1555,224,557,ok,16,16,0.0,0.0,0.06511520452051954,0.9666886713045924,1.9547465403112705
daily,189,red,continuum,1555,224,557,ok,16,16,0.0,0.0,0.03907331151985428,0.9804345247324167,1.9970540447127383
daily,190,blue,continuum,1554,224,557,ok,16,16,0.0,0.0,0.04583538741393155,0.9769636029876306,1.9896942820233656
daily,190,core,continuum,1554,224,557,ok,16,16,0.0,0.0,0.061951973865188095,0.9683055884088368,1.9546655310824925
daily,190,red,continuum,1554,224,557,ok,16,16,0.0,0.0,0.03916665082891678,0.9803883772411601,1.997114227136692
daily,191,blue,continuum,1553,224,557,ok,16,16,0.0,0.0,0.04698843553007026,0.9763826921678628,1.9895762829551156
daily,191,core,continuum,1553,224,557,ok,16,16,0.0,0.0,0.0596188439576251,0.9694979135217373,1.9545824840576886
daily,191,red,continuum,1553,224,557,ok,16,16,0.0,0.0,0.04093147016406442,0.9795052940768327,1.9971728463688505
daily,192,blue,continuum,1552,224,557,ok,16,16,0.0,0.0,0.04731693103572628,0.9762161463403372,1.9894560281446423
daily,192,core,continuum,1552,224,557,ok,16,16,0.0,0.0,0.05864916428568338,0.9699935101714217,1.954549319854988
daily,192,red,continuum,1552,224,557,ok,16,16,0.0,0.0,0.04102629865282861,0.9794583994718703,1.9972298943622797
daily,193,blue,continuum,1551,224,557,ok,16,16,0.0,0.0,0.050709852183446154,0.9745091247710106,1.9893335057313586
daily,193,core,continuum,1551,224,557,ok,16,16,0.0,0.0,0.057834806366868406,0.9704096274484671,1.9545143024524847
daily,193,red,continuum,1551,224,557,ok,16,16,0.0,0.0,0.04125440967770799,0.9793447594212299,1.9972853630235707
daily,194,blue,continuum,1550,224,557,ok,16,16,0.0,0.0,0.05089007986828835,0.9744169227836051,1.9892087037784352
daily,194,core,continuum,1550,224,557,ok,16,16,0.0,0.0,0.05632168876274048,0.97118324923193,1.9544774223868093
daily,194,red,continuum,1550,224,557,ok,16,16,0.0,0.0,0.04438835318138086,0.9777762574334827,1.9973392442125
daily,195,blue,continuum,1549,224,557,ok,16,16,0.0,0.0,0.049904848743192315,0.9749106077470777,1.9890816102721498
daily,195,core,continuum,1549,224,557,ok,16,16,0.0,0.0,0.05680421697525548,0.9709357894708233,1.9544386701380125
daily,195,red,continuum,1549,224,557,ok,16,16,0.0,0.0,0.045122549647985497,0.9774092615413159,1.9973915297416887
daily,196,blue,continuum,1548,224,557,ok,16,16,0.0,0.0,0.04844475154517252,0.9756430791923608,1.98895221312123
daily,196,core,continuum,1548,224,557,ok,16,16,0.0,0.0,0.05766920010252678,0.9704926023069762,1.9543980361291275
daily,196,red,continuum,1548,224,557,ok,16,16,0.0,0.0,0.04475876105438599,0.977591961960418,1.9974422113762524
daily,197,blue,continuum,1547,224,557,ok,16,16,0.0,0.0,0.04558761640279155,0.9770780639081247,1.9888205001561843
daily,197,core,continuum,1547,224,557,ok,16,16,0.0,0.0,0.06087853633857893,0.9688498146808651,1.9543555107257278
daily,197,red,continuum,1547,224,557,ok,16,16,0.0,0.0,0.04773186310878963,0.9761040943873991,1.997491280833455
daily,198,blue,continuum,1546,224,557,ok,16,16,0.0,0.0,0.04690018722408909,0.9764164999420577,1.988686459128632
daily,198,core,continuum,1546,224,557,ok,16,16,0.0,0.0,0.06444918642351258,0.9670220432440904,1.9543110842354803
daily,198,red,continuum,1546,224,557,ok,16,16,0.0,0.0,0.05027072900876044,0.97483366492011,1.9975387297823537
daily,199,blue,continuum,1545,224,557,ok,16,16,0.0,0.0,0.04669805975319253,0.9765165281595749,1.9885500777106198
daily,199,core,continuum,1545,224,557,ok,16,16,0.0,0.0,0.06889522290611469,0.9647462182311122,1.9542647469076946
daily,199,red,continuum,1545,224,557,ok,16,16,0.0,0.0,0.051223180379294284,0.9743574406483526,1.9975845498434426
daily,200,blue,continuum,1544,224,557,ok,16,16,0.0,0.0,0.04402727477187689,0.9778580649743657,1.9884113434939337
daily,200,core,continuum,1544,224,557,ok,16,16,0.0,0.0,0.07312009379830842,0.9625834219430638,1.9542164889328686
daily,200,red,continuum,1544,224,557,ok,16,16,0.0,0.0,0.04974428185199743,0.9750983348204325,1.9976287325882958
gap_limited,0,blue,continuum,1363,224,557,ok,16,16,0.0,0.0,0.03984379014115372,0.9800348594310758,1.9956678994372163
gap_limited,0,core,continuum,1363,224,557,ok,16,16,0.0,0.0,0.2733289883468422,0.8621816914467596,1.9832560072470549
gap_limited,0,red,continuum,1363,224,557,ok,16,16,0.0,0.0,0.043410548109065264,0.9781730861075667,1.9888541423217156
gap_limited,1,blue,continuum,1356,224,557,ok,16,16,0.0,0.0,0.04471084773615374,0.9775942983247607,1.9955120524327994
gap_limited,1,core,continuum,1356,224,557,ok,16,16,0.0,0.0,0.2849714809062188,0.856309940554633,1.9832372678123162
gap_limited,1,red,continuum,1356,224,557,ok,16,16,0.0,0.0,0.04493399324921149,0.9773997096983479,1.9882042508952529
gap_limited,2,blue,continuum,1350,224,557,ok,16,16,0.0,0.0,0.05025205818344716,0.9748163198040192,1.9954215504796238
gap_limited,2,core,continuum,1350,224,557,ok,16,16,0.0,0.0,0.29556669315164896,0.8509688313105677,1.983254212865924
gap_limited,2,red,continuum,1350,224,557,ok,16,16,0.0,0.0,0.048549590210776775,0.9755705662422564,1.9873399724374474
gap_limited,3,blue,continuum,1344,224,557,ok,16,16,0.0,0.0,0.05678955145053155,0.9715385172336835,1.995312469023594
gap_limited,3,core,continuum,1344,224,557,ok,16,16,0.0,0.0,0.3070508171519713,0.8451428461379975,1.982800338856756
gap_limited,3,red,continuum,1344,224,557,ok,16,16,0.0,0.0,0.05362544906228453,0.9730064537800457,1.9866025984627145
gap_limited,4,blue,continuum,1338,224,557,ok,16,16,0.0,0.0,0.06585450832353675,0.9669942058954359,1.9952408390752936
gap_limited,4,core,continuum,1338,224,557,ok,16,16,0.0,0.0,0.31973564952417466,0.8386924308695807,1.9821490786068705
gap_limited,4,red,continuum,1338,224,557,ok,16,16,0.0,0.0,0.0598543995701782,0.9698593493553949,1.9858363469300724
gap_limited,5,blue,continuum,1332,224,557,ok,16,16,0.0,0.0,0.07561354977406684,0.9620987364563339,1.9950139574358123
gap_limited,5,core,continuum,1332,224,557,ok,16,16,0.0,0.0,0.33758333805962437,0.8296234328403145,1.981395350824413
gap_limited,5,red,continuum,1332,224,557,ok,16,16,0.0,0.0,0.06493429540572582,0.9672881759480805,1.9850404949190084
gap_limited,6,blue,continuum,1326,224,557,ok,16,16,0.0,0.0,0.08566040265279785,0.9570575860111015,1.9947738074283128
gap_limited,6,core,continuum,1326,224,557,ok,16,16,0.0,0.0007541478129713424,0.35159719091361274,0.822478591142872,1.9805903590849923
gap_limited,6,red,continuum,1326,224,557,ok,16,16,0.0,0.0,0.06965729827196798,0.9649014971752632,1.9846230655421249
gap_limited,7,blue,continuum,1320,224,557,ok,16,16,0.0,0.0,0.09970355231021383,0.9500112568080332,1.9945200847985385
gap_limited,7,core,continuum,1320,224,557,ok,16,16,0.0,0.0007575757575757576,0.3614033456300762,0.8174651393961192,1.979914107554273
gap_limited,7,red,continuum,1320,224,557,ok,16,16,0.0,0.0,0.07867371633874574,0.9603498113302309,1.9841952580349165
gap_limited,8,blue,continuum,1314,224,557,ok,16,16,0.0,0.0,0.10973780127020741,0.9449679792808234,1.9940718119399885
gap_limited,8,core,continuum,1314,224,557,ok,16,16,0.0,0.00076103500761035,0.36820639720537823,0.8139602839257676,1.9791816767687327
gap_limited,8,red,continuum,1314,224,557,ok,16,16,0.0,0.0,0.0888605152686382,0.9552059437615289,1.9837568358527178
gap_limited,9,blue,continuum,1308,224,557,ok,16,16,0.0,0.0,0.12311118688123876,0.938246382096519,1.9935866279714605
gap_limited,9,core,continuum,1308,224,557,ok,16,16,0.0,0.0007645259938837921,0.37570759319215435,0.8100944202788403,1.978391544597108
gap_limited,9,red,continuum,1308,224,557,ok,16,16,0.0,0.0,0.09759531758929096,0.9507916372915985,1.983307556230241
gap_limited,10,blue,continuum,1302,224,557,ok,16,16,0.0,0.0,0.13267849711854723,0.933429875365176,1.9930636730269968
gap_limited,10,core,continuum,1302,224,557,ok,16,16,0.0,0.0007680491551459293,0.3800551914921749,0.807814365173656,1.977542139585963
gap_limited,10,red,continuum,1302,224,557,ok,16,16,0.0,0.0,0.10935105694955573,0.9448514950599385,1.9828471699895514
gap_limited,11,blue,continuum,1296,224,557,ok,16,16,0.0,0.0,0.14322481479904273,0.928118109688482,1.9925020638486606
gap_limited,11,core,continuum,1296,224,557,ok,16,16,0.0,0.0007716049382716049,0.3898628702876704,0.8027640440649637,1.9766318389537445
gap_limited,11,red,continuum,1296,224,557,ok,16,16,0.0,0.0,0.12284056388659688,0.9380279023183734,1.9821914778110923
gap_limited,12,blue,continuum,1290,224,557,ok,16,16,0.0,0.0,0.15029314127572574,0.9245478819742895,1.991900893020829
gap_limited,12,core,continuum,1290,224,557,ok,16,16,0.0,0.0007751937984496124,0.40165295160717923,0.7966992489991951,1.9756589664815791
gap_limited,12,red,continuum,1290,224,557,ok,16,16,0.0,0.0,0.13983250441513198,0.9294383466508872,1.9817067454937987
gap_limited,13,blue,continuum,1283,224,557,ok,16,16,0.0,0.0,0.1588177096404496,0.9202569520843407,1.9916182512665417
gap_limited,13,core,continuum,1283,224,557,ok,16,16,0.0,0.000779423226812159,0.4063237556237054,0.7942333108331364,1.974681894668592
gap_limited,13,red,continuum,1283,224,557,ok,16,16,0.0,0.0,0.1601175551384405,0.9191803423885341,1.9811709164643194
gap_limited,14,blue,continuum,1276,224,557,ok,16,16,0.0,0.0,0.16679406110093203,0.9162301316976208,1.9910985236226624
gap_limited,14,core,continuum,1276,224,557,ok,16,16,0.0,0.0007836990595611285,0.4101324057880686,0.7921962336869336,1.9736524176861374
gap_limited,14,red,continuum,1276,224,557,ok,16,16,0.0,0.0,0.1844301797725944,0.9068690073630287,1.9803308710722258
gap_limited,15,blue,continuum,1269,224,557,ok,16,16,0.0,0.0,0.17473314383598545,0.9122187369668033,1.9905517168271516
gap_limited,15,core,continuum,1269,224,557,ok,16,16,0.0,0.0007880220646178094,0.4113155043958038,0.7916082796097562,1.9737612589672746
gap_limited,15,red,continuum,1269,224,557,ok,16,16,0.0,0.0,0.20388829059124616,0.8969868565667565,1.979245403023484
gap_limited,16,blue,continuum,1262,224,557,ok,16,16,0.0,0.0,0.18828222582440168,0.9053847251105399,1.9899770522716715
gap_limited,16,core,continuum,1262,224,557,ok,16,16,0.0,0.000792393026941363,0.4130385774423865,0.7907450673447475,1.9738534819767781
gap_limited,16,red,continuum,1262,224,557,ok,16,16,0.0,0.0,0.22230424863260836,0.8876469085061487,1.9786215552847013
gap_limited,17,blue,continuum,1255,224,557,ok,16,16,0.0,0.0,0.20042731296120542,0.8992510505514123,1.9893737260603765
gap_limited,17,core,continuum,1255,224,557,ok,16,16,0.0,0.0007968127490039841,0.4070942863918755,0.7937644221101803,1.9739285071820323
gap_limited,17,red,continuum,1255,224,557,ok,16,16,0.0,0.0,0.23593419643337576,0.8807192394948777,1.9779736097779494
gap_limited,18,blue,continuum,1248,224,557,ok,16,16,0.0,0.0,0.2154912222688241,0.8916443960104242,1.988740908034209
gap_limited,18,core,continuum,1248,224,557,ok,16,16,0.0,0.0,0.39805322990572806,0.7983505032326765,1.9739857340929952
gap_limited,18,red,continuum,1248,224,557,ok,16,16,0.0,0.0,0.2463483744355042,0.8754117870792287,1.9773008108894157
gap_limited,19,blue,continuum,1241,224,557,ok,16,16,0.0,0.0,0.22845059237590223,0.8850897086702126,1.9880777407504717
gap_limited,19,core,continuum,1241,224,557,ok,16,16,0.0,0.0,0.3876775748108483,0.8036373652297707,1.9742940160916218
gap_limited,19,red,continuum,1241,224,557,ok,16,16,0.0,0.0,0.2599299879896576,0.868496572094273,1.9766023755365354
gap_limited,20,blue,continuum,1234,224,557,ok,16,16,0.0,0.0,0.23983963540899156,0.8793188859074158,1.98738333841525
gap_limited,20,core,continuum,1234,224,557,ok,16,16,0.0,0.0,0.3775183925298245,0.808811844527014,1.9745909028510202
gap_limited,20,red,continuum,1234,224,557,ok,16,16,0.0,0.0,0.2642528449110316,0.8662712207600347,1.9760357225489344
gap_limited,21,blue,continuum,1228,224,557,ok,16,16,0.0,0.0,0.2511764210496724,0.8735789654798772,1.9868245976874368
gap_limited,21,core,continuum,1228,224,557,ok,16,16,0.0,0.0,0.36684609225687465,0.814211674918851,1.97453791618307
gap_limited,21,red,continuum,1228,224,557,ok,16,16,0.0,0.0,0.26661104967447596,0.865046122733038,1.9755716180504654
gap_limited,22,blue,continuum,1222,224,557,ok,16,16,0.0,0.0,0.26164113333210626,0.8682734979845185,1.986245207523662
gap_limited,22,core,continuum,1222,224,557,ok,16,16,0.0,0.0,0.3534091498119972,0.8210110079469475,1.9744742163096056
gap_limited,22,red,continuum,1222,224,557,ok,16,16,0.0,0.0,0.25798579765327445,0.8693800380563139,1.9750870679666817
gap_limited,23,blue,continuum,1216,224,557,ok,16,16,0.0,0.0,0.26896779095453127,0.8645544478409471,1.9858000995018579
gap_limited,23,core,continuum,1216,224,557,ok,16,16,0.0,0.0,0.33601041496862927,0.8298163971579857,1.9743994683233745
gap_limited,23,red,continuum,1216,224,557,ok,16,16,0.0,0.0,0.2481622049706662,0.8743216173990825,1.9745814660798684
gap_limited,24,blue,continuum,1210,224,557,ok,16,16,0.0,0.0,0.27379224538595665,0.8620932125208195,1.9853427839966937
gap_limited,24,core,continuum,1210,224,557,ok,16,16,0.0,0.0,0.31781138099048756,0.8390268774725419,1.9743133263522088
gap_limited,24,red,continuum,1210,224,557,ok,16,16,0.0,0.0,0.23241945824874047,0.8822552207217873,1.973925805233107
gap_limited,25,blue,continuum,1204,224,557,ok,16,16,0.0,0.0,0.27644159027387316,0.8607258014435273,1.9848729566502017
gap_limited,25,core,continuum,1204,224,557,ok,16,16,0.0,0.0,0.29949231865136994,0.8482980562186352,1.9742154331456878
gap_limited,25,red,continuum,1204,224,557,ok,16,16,0.0,0.0,0.21264950495256574,0.89223410021638,1.9732541126602994
gap_limited,26,blue,continuum,1198,224,557,ok,16,16,0.0,0.0,0.26641228794245064,0.8657460241782893,1.9843903043604927
gap_limited,26,core,continuum,1198,224,557,ok,16,16,0.0,0.0,0.2823952010679368,0.8569443330600147,1.9740231695009132
gap_limited,26,red,continuum,1198,224,557,ok,16,16,0.0,0.0,0.20000905998400015,0.8986046294550408,1.9725659949663599
gap_limited,27,blue,continuum,1192,224,557,ok,16,16,0.0,0.0,0.25468544074685595,0.8716405089699291,1.9841574526591925
gap_limited,27,core,continuum,1192,224,557,ok,16,16,0.0,0.0,0.2658746019930042,0.8652985911315537,1.9738071355487148
gap_limited,27,red,continuum,1192,224,557,ok,16,16,0.0,0.0,0.18543369227965265,0.9059600611696542,1.971861047402287
gap_limited,28,blue,continuum,1186,224,557,ok,16,16,0.0,0.0,0.24553014147945879,0.8762396852292323,1.9839165885626315
gap_limited,28,core,continuum,1186,224,557,ok,16,16,0.0,0.0,0.24941822828942323,0.873620569064651,1.9735666353571126
gap_limited,28,red,continuum,1186,224,557,ok,16,16,0.0,0.0,0.17573422951423873,0.910874729896234,1.9717665854996715
gap_limited,29,blue,continuum,1180,224,557,ok,16,16,0.0,0.0,0.24220289534939204,0.8779014652490701,1.9836675013624383
gap_limited,29,core,continuum,1180,224,557,ok,16,16,0.0,0.0,0.23431536405169962,0.8812571574919519,1.9733009510515833
gap_limited,29,red,continuum,1180,224,557,ok,16,16,0.0,0.0,0.16813985418069483,0.9147219953866553,1.9716673126095123
gap_limited,30,blue,continuum,1174,224,557,ok,16,16,0.0,0.0,0.23910546144079148,0.8794472829316691,1.9834099741216389
gap_limited,30,core,continuum,1174,224,557,ok,16,16,0.0,0.0,0.22027776182879172,0.888354425324377,1.9730093420074248
gap_limited,30,red,continuum,1174,224,557,ok,16,16,0.0,0.0,0.15760742761290042,0.9200596581135756,1.9715630918469422
gap_limited,31,blue,continuum,1168,224,557,ok,16,16,0.0,0.0,0.23712374781507423,0.8804411167379037,1.983321869068088
gap_limited,31,core,continuum,1168,224,557,ok,16,16,0.0,0.0,0.20916680261117976,0.8939687979794874,1.9726910440071648
gap_limited,31,red,continuum,1168,224,557,ok,16,16,0.0,0.0,0.1431074105282859,0.9274102127938404,1.9714537820844107
gap_limited,32,blue,continuum,1162,224,557,ok,16,16,0.0,0.0,0.23257292433689059,0.8827451274216566,1.983481958768901
gap_limited,32,core,continuum,1162,224,557,ok,16,16,0.0,0.0,0.19993534381224043,0.8986306571068254,1.9723452683612348
gap_limited,32,red,continuum,1162,224,557,ok,16,16,0.0,0.0,0.1380450654540955,0.9299739675409004,1.9713392378002315
gap_limited,33,blue,continuum,1157,224,557,ok,16,16,0.0,0.0,0.22777783064852947,0.8851468863207361,1.9832098874099011
gap_limited,33,core,continuum,1157,224,557,ok,16,16,0.0,0.0,0.1862164532763828,0.9055690423939384,1.9719852260020856
gap_limited,33,red,continuum,1157,224,557,ok,16,16,0.0,0.0,0.1259015973373598,0.9361483971383552,1.9717844454142583
gap_limited,34,blue,continuum,1151,224,557,ok,16,16,0.0,0.0,0.22665523967646214,0.8857095517926277,1.9831512014478354
gap_limited,34,core,continuum,1151,224,557,ok,16,16,0.0,0.0,0.17708946054225588,0.9101871480516589,1.9717607970417732
gap_limited,34,red,continuum,1151,224,557,ok,16,16,0.0,0.0,0.11690176942313743,0.9407276228349493,1.972280765753854
gap_limited,35,blue,continuum,1147,224,557,ok,16,16,0.0,0.0,0.2162226839032958,0.8909729430788996,1.9832020601984126
gap_limited,35,core,continuum,1147,224,557,ok,16,16,0.0,0.0,0.16800513892857113,0.9148053824872489,1.9720158835553865
gap_limited,35,red,continuum,1147,224,557,ok,16,16,0.0,0.0,0.10548379469525636,0.9465201773599864,1.9724035998640972
gap_limited,36,blue,continuum,1142,224,557,ok,16,16,0.0,0.0,0.20706850908565488,0.8956067871974405,1.9835437910823437
gap_limited,36,core,continuum,1142,224,557,ok,16,16,0.0,0.0,0.16160715953799418,0.9180527288489159,1.9720871393025787
gap_limited,36,red,continuum,1142,224,557,ok,16,16,0.0,0.0,0.09461324581739343,0.952041084189888,1.9727978462232978
gap_limited,37,blue,continuum,1137,224,557,ok,16,16,0.0,0.0,0.20051558294668875,0.8989028316046318,1.9833946502093676
gap_limited,37,core,continuum,1137,224,557,ok,16,16,0.0,0.0,0.15902432336879244,0.919369168204517,1.972252050830275
gap_limited,37,red,continuum,1137,224,557,ok,16,16,0.0,0.0,0.08930176930440013,0.9547374009472156,1.972970425323083
gap_limited,38,blue,continuum,1132,224,557,ok,16,16,0.0,0.0,0.19545377072822856,0.9014467421520965,1.9832299306621697
gap_limited,38,core,continuum,1132,224,557,ok,16,16,0.0,0.0,0.15627651834017392,0.9207632790227809,1.9722739206371753
gap_limited,38,red,continuum,1132,224,557,ok,16,16,0.0,0.0,0.0830344820007618,0.9579160347603969,1.973066975224619
gap_limited,39,blue,continuum,1127,224,557,ok,16,16,0.0,0.0,0.18459884673323623,0.9069454200086378,1.9837695979109427
gap_limited,39,core,continuum,1127,224,557,ok,16,16,0.0,0.0,0.15137242789012945,0.9232498014003,1.9722740872584683
gap_limited,39,red,continuum,1127,224,557,ok,16,16,0.0,0.0,0.08285378426449305,0.9579967135564503,1.9725547993927683
gap_limited,40,blue,continuum,1122,224,557,ok,16,16,0.0,0.0,0.1725907361268494,0.9130218224294506,1.984299291472949
gap_limited,40,core,continuum,1122,224,557,ok,16,16,0.0,0.0,0.14316656274428236,0.9274095956107357,1.9722518967735039
gap_limited,40,red,continuum,1122,224,557,ok,16,16,0.0,0.0,0.08281717973323202,0.9580041045065588,1.972030332015809
gap_limited,41,blue,continuum,1117,224,557,ok,16,16,0.0,0.0,0.1646368453412056,0.9170601736329017,1.985015553474995
gap_limited,41,core,continuum,1117,224,557,ok,16,16,0.0,0.0,0.1374078210267277,0.9303328581826622,1.9723476152789665
gap_limited,41,red,continuum,1117,224,557,ok,16,16,0.0,0.0,0.07983317284778761,0.9595019099819366,1.9712824188049287
gap_limited,42,blue,continuum,1112,224,557,ok,16,16,0.0,0.0,0.15549532928650084,0.9216734672247948,1.9852191049075016
gap_limited,42,core,continuum,1112,224,557,ok,16,16,0.0,0.0,0.1347469130763584,0.9316809618318341,1.9723186492274922
gap_limited,42,red,continuum,1112,224,557,ok,16,16,0.0,0.0,0.07605700527505382,0.9614041895352551,1.9706026213525842
gap_limited,43,blue,continuum,1107,224,557,ok,16,16,0.0,0.0,0.14786757950755347,0.9255223865778849,1.9853963186157384
gap_limited,43,core,continuum,1107,224,557,ok,16,16,0.0,0.0,0.1276018747861848,0.935301123344642,1.9722425084117379
gap_limited,43,red,continuum,1107,224,557,ok,16,16,0.0,0.0,0.07333777410257353,0.9627708206724064,1.9699003692035928
gap_limited,44,blue,continuum,1102,224,557,ok,16,16,0.0,0.0,0.1421989030685341,0.9283829886215508,1.9855464551167268
gap_limited,44,core,continuum,1102,224,557,ok,16,16,0.0,0.0,0.12147836740101389,0.9384020786736831,1.972117967382022
gap_limited,44,red,continuum,1102,224,557,ok,16,16,0.0,0.0,0.07201604140613302,0.963428321070899,1.9691751517819482
gap_limited,45,blue,continuum,1097,224,557,ok,16,16,0.0,0.0,0.13713033723202844,0.9309226972474766,1.9851721443628463
gap_limited,45,core,continuum,1097,224,557,ok,16,16,0.0,0.0,0.11258046585772054,0.942908886145854,1.9719437624800307
gap_limited,45,red,continuum,1097,224,557,ok,16,16,0.0,0.0,0.06781584353959699,0.9655525653281797,1.9686761637165904
gap_limited,46,blue,continuum,1092,224,557,ok,16,16,0.0,0.0,0.13483689511939723,0.9320637189753033,1.9847553190375602
gap_limited,46,core,continuum,1092,224,557,ok,16,16,0.0,0.0,0.105368130879883,0.9465602589568743,1.9717185903811059
gap_limited,46,red,continuum,1092,224,557,ok,16,16,0.0,0.0,0.061058362004866557,0.9689730460596581,1.9679135155280965
gap_limited,47,blue,continuum,1087,224,557,ok,16,16,0.0,0.0,0.1320606723837069,0.9334470470183945,1.9842947077075175
gap_limited,47,core,continuum,1087,224,557,ok,16,16,0.0,0.0,0.09987815351659891,0.9493374906387487,1.9714411065668567
gap_limited,47,red,continuum,1087,224,557,ok,16,16,0.0,0.0,0.05628712267179524,0.9713936133934745,1.9676418222969647
gap_limited,48,blue,continuum,1082,224,557,ok,16,16,0.0,0.0,0.13057310207589723,0.9341799443518155,1.9837889954670498
gap_limited,48,core,continuum,1082,224,557,ok,16,16,0.0,0.0,0.095528560155385,0.9515359337757259,1.9711214431185655
gap_limited,48,red,continuum,1082,224,557,ok,16,16,0.0,0.0,0.053148494286982234,0.9729847714692144,1.967353125531251
gap_limited,49,blue,continuum,1077,224,557,ok,16,16,0.0,0.0,0.12592459077026424,0.9365055199821878,1.9832368220818308
gap_limited,49,core,continuum,1077,224,557,ok,16,16,0.0,0.0,0.08851386240876691,0.9550869276052671,1.9707817276634887
gap_limited,49,red,continuum,1077,224,557,ok,16,16,0.0,0.0,0.048752974834925675,0.9752230896682436,1.967677736333384
gap_limited,50,blue,continuum,1072,224,557,ok,16,16,0.0,0.0,0.11989392496942738,0.9395280435746453,1.9826367800324411
gap_limited,50,core,continuum,1072,224,557,ok,16,16,0.0,0.0,0.08766803387597435,0.9555057025635694,1.9703206686480765
gap_limited,50,red,continuum,1072,224,557,ok,16,16,0.0,0.0,0.04122927804224845,0.9790500530054665,1.9679896112866762
gap_limited,51,blue,continuum,1067,224,557,ok,16,16,0.0,0.0,0.11955219392070801,0.9396806492464758,1.9819874124511043
gap_limited,51,core,continuum,1067,224,557,ok,16,16,0.0,0.0,0.08351365611125713,0.9576019633679245,1.9697529118147035
gap_limited,51,red,continuum,1067,224,557,ok,16,16,0.0,0.0,0.035636004593581946,0.9818943442622342,1.9682250181776326
gap_limited,52,blue,continuum,1063,224,557,ok,16,16,0.0,0.0,0.11765165963752244,0.9406210021430053,1.9813682258644474
gap_limited,52,core,continuum,1063,224,557,ok,16,16,0.0,0.0,0.08330636198874122,0.9577024325809148,1.96953080453398
gap_limited,52,red,continuum,1063,224,557,ok,16,16,0.0,0.0,0.03217061454373932,0.9836598212810784,1.96880432565198
gap_limited,53,blue,continuum,1059,224,557,ok,16,16,0.0,0.0,0.11821408220840811,0.9403345489400657,1.9812819665045591
gap_limited,53,core,continuum,1059,224,557,ok,16,16,0.0,0.0,0.07926994946917632,0.9597472713488071,1.969306234021657
gap_limited,53,red,continuum,1059,224,557,ok,16,16,0.0,0.0,0.030768524478954305,0.9843710045701242,1.9686821598359558
gap_limited,54,blue,continuum,1055,224,557,ok,16,16,0.0,0.0,0.11823094329913561,0.9403218699005242,1.9811435630114378
gap_limited,54,core,continuum,1055,224,557,ok,16,16,0.0,0.0,0.07620966273177326,0.9612968009919189,1.9690791636076663
gap_limited,54,red,continuum,1055,224,557,ok,16,16,0.0,0.0,0.028672131514630383,0.9854348015115771,1.9685369572835132
gap_limited,55,blue,continuum,1050,224,557,ok,16,16,0.0,0.0,0.11658109146188204,0.9411129691323338,1.9797413750383952
gap_limited,55,core,continuum,1050,224,557,ok,16,16,0.0,0.0,0.07487175047178768,0.9619796307705637,1.969253639278711
gap_limited,55,red,continuum,1050,224,557,ok,16,16,0.0,0.0,0.0307494400046663,0.9843735695189767,1.9677840081270286
gap_limited,56,blue,continuum,1046,224,557,ok,16,16,0.0,0.0,0.11399221941502351,0.9423709150140517,1.9780327840155407
gap_limited,56,core,continuum,1046,224,557,ok,16,16,0.0,0.0,0.07501980592352853,0.9618872282906255,1.9683639514749878
gap_limited,56,red,continuum,1046,224,557,ok,16,16,0.0,0.0,0.03495268255122631,0.9822406432556328,1.9681277342611079
gap_limited,57,blue,continuum,1042,224,557,ok,16,16,0.0,0.0,0.10814736935159688,0.9452752831039727,1.9762070136802807
gap_limited,57,core,continuum,1042,224,557,ok,16,16,0.0,0.0,0.07230587218094703,0.9632489714921636,1.967451663714102
gap_limited,57,red,continuum,1042,224,557,ok,16,16,0.0,0.0,0.03738995862132585,0.9809985432810535,1.9677416934062804
gap_limited,58,blue,continuum,1038,224,557,ok,16,16,0.0,0.0,0.10638664536353125,0.9461321182905599,1.974955056472685
gap_limited,58,core,continuum,1038,224,557,ok,16,16,0.0,0.0,0.07254791560918135,0.9631084089893622,1.9665163150123264
gap_limited,58,red,continuum,1038,224,557,ok,16,16,0.0,0.0,0.04243424395431669,0.978432311059222,1.9674914670197385
gap_limited,59,blue,continuum,1035,224,557,ok,16,16,0.0,0.0,0.10568409030448167,0.9464527499421574,1.973660462307964
gap_limited,59,core,continuum,1035,224,557,ok,16,16,0.0,0.0,0.07528113806741199,0.9617057053117406,1.965857804152023
gap_limited,59,red,continuum,1035,224,557,ok,16,16,0.0,0.0,0.04456372734247386,0.9773519168796497,1.9676600048518633
gap_limited,60,blue,continuum,1032,224,557,ok,16,16,0.0,0.0,0.10657353769008641,0.9459640825038752,1.9722721965020655
gap_limited,60,core,continuum,1032,224,557,ok,16,16,0.0,0.0,0.0742070034975809,0.9622390074977394,1.9651761932141594
gap_limited,60,red,continuum,1032,224,557,ok,16,16,0.0,0.0,0.04403322940962691,0.9776212067100727,1.9676319826166115
gap_limited,61,blue,continuum,1029,224,557,ok,16,16,0.0,0.0,0.10821054908577428,0.945092756061456,1.970788211604486
gap_limited,61,core,continuum,1029,224,557,ok,16,16,0.0,0.0,0.07142433232418843,0.9636419522688329,1.9644710533498035
gap_limited,61,red,continuum,1029,224,557,ok,16,16,0.0,0.0,0.04248753946203516,0.9784063050935602,1.967590060252459
gap_limited,62,blue,continuum,1026,224,557,ok,16,16,0.0,0.0,0.10723280680987637,0.9455451662485075,1.9692063940409583
gap_limited,62,core,continuum,1026,224,557,ok,16,16,0.0,0.0,0.07038497894991337,0.9641577249572614,1.9637419462348777
gap_limited,62,red,continuum,1026,224,557,ok,16,16,0.0,0.0,0.038493878270064445,0.9804354696951242,1.9675339847270004
gap_limited,63,blue,continuum,1023,224,557,ok,16,16,0.0,0.0,0.10786347427813878,0.9451780798996868,1.9675245609925776
gap_limited,63,core,continuum,1023,224,557,ok,16,16,0.0,0.0,0.07082312312208087,0.963920763737952,1.9629884238037527
gap_limited,63,red,continuum,1023,224,557,ok,16,16,0.0,0.0,0.03468633140130777,0.9823766316932772,1.968201015697764
gap_limited,64,blue,continuum,1020,224,557,ok,16,16,0.0,0.0,0.10836190872799598,0.9448966948799654,1.9665228517952809
gap_limited,64,core,continuum,1020,224,557,ok,16,16,0.0,0.0,0.07103554298868081,0.9637981959239849,1.962210027973279
gap_limited,64,red,continuum,1020,224,557,ok,16,16,0.0,0.0,0.0331099796727051,0.9831810296703473,1.9686091968620998
gap_limited,65,blue,continuum,1018,224,557,ok,16,16,0.0,0.0,0.10548130499808214,0.9463282742014302,1.9653048868589353
gap_limited,65,core,continuum,1018,224,557,ok,16,16,0.0,0.0,0.07226857778036881,0.9631609750207701,1.961739699167237
gap_limited,65,red,continuum,1018,224,557,ok,16,16,0.0,0.0,0.03177176355335523,0.9838661797735982,1.969264756115432
gap_limited,66,blue,continuum,1016,224,557,ok,16,16,0.0,0.0,0.10232122335512708,0.9479022382977361,1.9640234054562242
gap_limited,66,core,continuum,1016,224,557,ok,16,16,0.0,0.0,0.06870741077477947,0.9649642667527598,1.9610667283577299
gap_limited,66,red,continuum,1016,224,557,ok,16,16,0.0,0.0,0.030970308124691592,0.9842836962759456,1.9705847296199988
gap_limited,67,blue,continuum,1014,224,557,ok,16,16,0.0,0.0,0.10043831316825022,0.9488466058684094,1.9634730964259308
gap_limited,67,core,continuum,1014,224,557,ok,16,16,0.0,0.0,0.06842790719399115,0.9650943729446126,1.9603689423889015
gap_limited,67,red,continuum,1014,224,557,ok,16,16,0.0,0.0,0.030083088277039725,0.9847436153001964,1.9718359800816367
gap_limited,68,blue,continuum,1013,224,557,ok,16,16,0.0,0.0,0.0969674727004921,0.9505963021500305,1.962757382958777
gap_limited,68,core,continuum,1013,224,557,ok,16,16,0.0,0.0,0.06747725826669876,0.9655711023654833,1.9599017947948867
gap_limited,68,red,continuum,1013,224,557,ok,16,16,0.0,0.0,0.03456706671265313,0.982479642443756,1.972965825707921
gap_limited,69,blue,continuum,1012,224,557,ok,16,16,0.0,0.0,0.09309473193331166,0.9525700328553655,1.9627829732503375
gap_limited,69,core,continuum,1012,224,557,ok,16,16,0.0,0.0,0.06549210772074729,0.9665754310922698,1.9594002214820163
gap_limited,69,red,continuum,1012,224,557,ok,16,16,0.0,0.0,0.042701269897055284,0.978368653672692,1.9740458707902113
gap_limited,70,blue,continuum,1011,224,557,ok,16,16,0.0,0.0,0.0911734898499857,0.953548174980059,1.9627536659936673
gap_limited,70,core,continuum,1011,224,557,ok,16,16,0.0,0.0,0.05957955037491762,0.9695846396453384,1.9588638661578814
gap_limited,70,red,continuum,1011,224,557,ok,16,16,0.0,0.0,0.04919076579864442,0.9750942423524815,1.975076064531832
gap_limited,71,blue,continuum,1010,224,557,ok,16,16,0.0,0.0,0.08915166688494182,0.9545886561246024,1.9632025673928897
gap_limited,71,core,continuum,1010,224,557,ok,16,16,0.0,0.0,0.05692650663255401,0.9709305374168952,1.9582923650483859
gap_limited,71,red,continuum,1010,224,557,ok,16,16,0.0,0.0,0.05191998846257211,0.9737254514488138,1.9760563482727544
gap_limited,72,blue,continuum,1009,224,557,ok,16,16,0.0,0.0,0.08633893380502394,0.9560339754401572,1.9637648540978905
gap_limited,72,core,continuum,1009,224,557,ok,16,16,0.0,0.0,0.04999464549004942,0.974463428338228,1.9577665378195919
gap_limited,72,red,continuum,1009,224,557,ok,16,16,0.0,0.0,0.052899644738977444,0.973229701548957,1.9760573396564611
gap_limited,73,blue,continuum,1008,224,557,ok,16,16,0.0,0.0,0.08490056178528287,0.9567775070624689,1.964268046916879
gap_limited,73,core,continuum,1008,224,557,ok,16,16,0.0,0.0,0.042544353397546655,0.9782624179613006,1.9571796587957677
gap_limited,73,red,continuum,1008,224,557,ok,16,16,0.0,0.0,0.05338337902131042,0.9729934087517055,1.976679638333903
gap_limited,74,blue,continuum,1007,224,557,ok,16,16,0.0,0.0,0.08318559944585957,0.9576656452487515,1.9649667494555672
gap_limited,74,core,continuum,1007,224,557,ok,16,16,0.0,0.0,0.03733180995363324,0.9809196954715427,1.9565625851492432
gap_limited,74,red,continuum,1007,224,557,ok,16,16,0.0,0.0,0.05438769235708294,0.9724937920434883,1.9772879068998446
gap_limited,75,blue,continuum,1006,224,557,ok,16,16,0.0,0.0,0.08296181095908986,0.9578076057417829,1.9662740742173674
gap_limited,75,core,continuum,1006,224,557,ok,16,16,0.0,0.0,0.02927741066238331,0.9850329465951985,1.956123885613371
gap_limited,75,red,continuum,1006,224,557,ok,16,16,0.0,0.0,0.05676433414016846,0.9713000561320824,1.9778552321010907
gap_limited,76,blue,continuum,1005,224,557,ok,16,16,0.0,0.0,0.08491739728895195,0.9568460927375836,1.9677800383769215
gap_limited,76,core,continuum,1005,224,557,ok,16,16,0.0,0.0,0.02380378167566944,0.9878282967099946,1.9556656211966348
gap_limited,76,red,continuum,1005,224,557,ok,16,16,0.0,0.0,0.06029597099246134,0.9695233025121013,1.978428634414964
gap_limited,77,blue,continuum,1004,224,557,ok,16,16,0.0,0.0,0.08841606781066241,0.9551011851511093,1.9692294353031685
gap_limited,77,core,continuum,1004,224,557,ok,16,16,0.0,0.0,0.023161745701985155,0.9881649459440466,1.9570460424161675
gap_limited,77,red,continuum,1004,224,557,ok,16,16,0.0,0.0,0.06257466677394571,0.9683804700797234,1.97898788918486
gap_limited,78,blue,continuum,1003,224,557,ok,16,16,0.0,0.0,0.08799536169381801,0.9553528083883224,1.9709047426580468
gap_limited,78,core,continuum,1003,224,557,ok,16,16,0.0,0.0,0.022813875979250928,0.9883507240346543,1.9583943282928171
gap_limited,78,red,continuum,1003,224,557,ok,16,16,0.0,0.0,0.06557153770415619,0.9668842814530517,1.9800729255261436
gap_limited,79,blue,continuum,1002,224,557,ok,16,16,0.0,0.0,0.08832845651126309,0.9552143285591317,1.9722481246682977
gap_limited,79,core,continuum,1002,224,557,ok,16,16,0.0,0.0,0.024650960014437368,0.9874211205573586,1.959710332453997
gap_limited,79,red,continuum,1002,224,557,ok,16,16,0.0,0.0,0.0666725730132526,0.9663458778909585,1.9811116390803274
gap_limited,80,blue,continuum,1001,224,557,ok,16,16,0.0,0.0,0.08686800125426078,0.9559835542534395,1.9735351135444381
gap_limited,80,core,continuum,1001,224,557,ok,16,16,0.0,0.0,0.027224196758115098,0.9861191665965325,1.9612796989058667
gap_limited,80,red,continuum,1001,224,557,ok,16,16,0.0,0.0,0.06503449355610738,0.9671779789532879,1.98142867142614
gap_limited,81,blue,continuum,1000,224,557,ok,16,16,0.0,0.0,0.081382959177847,0.9587946675057091,1.9750589123173001
gap_limited,81,core,continuum,1000,224,557,ok,16,16,0.0,0.0,0.034979034206377914,0.9821765573797729,1.9625296275076403
gap_limited,81,red,continuum,1000,224,557,ok,16,16,0.0,0.0,0.06708759797412153,0.9661459262172578,1.9816698694713935
gap_limited,82,blue,continuum,999,224,557,ok,16,16,0.0,0.0,0.07308962777591854,0.9630212428410759,1.9765301321999638
gap_limited,82,core,continuum,999,224,557,ok,16,16,0.0,0.0,0.041990805623263364,0.9786139069834059,1.963463152932214
gap_limited,82,red,continuum,999,224,557,ok,16,16,0.0,0.0,0.060944903965176,0.9692467158696135,1.9817364450178536
gap_limited,83,blue,continuum,998,224,557,ok,16,16,0.0,0.0,0.06987845414697716,0.9646661373856953,1.9776624738074144
gap_limited,83,core,continuum,998,224,557,ok,16,16,0.0,0.0,0.04543540441457143,0.9768700330649127,1.964352328824455
gap_limited,83,red,continuum,998,224,557,ok,16,16,0.0,0.0,0.06116178210808043,0.9691378706067576,1.9817745343739126
gap_limited,84,blue,continuum,997,224,557,ok,16,16,0.0,0.0,0.06947816460284553,0.9648822467161402,1.9784342136368358
gap_limited,84,core,continuum,997,224,557,ok,16,16,0.0,0.0,0.04982405348905183,0.9746507715839555,1.9655057215673009
gap_limited,84,red,continuum,997,224,557,ok,16,16,0.0,0.0,0.05456841915611259,0.9724639709601006,1.9817098201430403
gap_limited,85,blue,continuum,996,224,557,ok,16,16,0.0,0.0,0.06465977640037457,0.9673230111433508,1.9787556523041574
gap_limited,85,core,continuum,996,224,557,ok,16,16,0.0,0.0,0.05150734431570107,0.9738092818866655,1.9666258898597038
gap_limited,85,red,continuum,996,224,557,ok,16,16,0.0,0.0,0.0455018741350036,0.9770437458448068,1.982112317950184
gap_limited,86,blue,continuum,995,224,557,ok,16,16,0.0,0.0,0.06264618976057702,0.9683452796916784,1.9790473316584078
gap_limited,86,core,continuum,995,224,557,ok,16,16,0.0,0.0,0.053289234789080306,0.9729238632923017,1.9681254886680066
gap_limited,86,red,continuum,995,224,557,ok,16,16,0.0,0.0,0.043216352281463956,0.978196009474083,1.9820386653578659
gap_limited,87,blue,continuum,994,224,557,ok,16,16,0.0,0.0,0.06075193123574161,0.9693064947772876,1.979309003482169
gap_limited,87,core,continuum,994,224,557,ok,16,16,0.0,0.0,0.05228342594337436,0.9734441590273029,1.968810778658015
gap_limited,87,red,continuum,994,224,557,ok,16,16,0.0,0.0,0.03262197748980702,0.9835405490686896,1.9819602504328382
gap_limited,88,blue,continuum,993,224,557,ok,16,16,0.0,0.0,0.05875216283648291,0.9703148259866812,1.979175288314722
gap_limited,88,core,continuum,993,224,557,ok,16,16,0.0,0.0,0.04843079326381067,0.9754187903361435,1.9702363685958875
gap_limited,88,red,continuum,993,224,557,ok,16,16,0.0,0.0,0.02271532964225765,0.9885384767852002,1.981877034714408
gap_limited,89,blue,continuum,992,224,557,ok,16,16,0.0,0.0,0.05742323193609539,0.9709890396007376,1.979363355980289
gap_limited,89,core,continuum,992,224,557,ok,16,16,0.0,0.0,0.04675935341508751,0.9762748969249704,1.970880938523771
gap_limited,89,red,continuum,992,224,557,ok,16,16,0.0,0.0,0.016001998993355596,0.991925477858692,1.981788979373997
gap_limited,90,blue,continuum,991,224,557,ok,16,16,0.0,0.0,0.05647123609907419,0.9714722651970612,1.979520508346033
gap_limited,90,core,continuum,991,224,557,ok,16,16,0.0,0.0,0.043476643086552656,0.9779475468486071,1.971510506703265
gap_limited,90,red,continuum,991,224,557,ok,16,16,0.0,0.0,0.010853839420106221,0.9945229544932795,1.981696045210549
gap_limited,91,blue,continuum,990,224,557,ok,16,16,0.0,0.0,0.056589224550969416,0.9714084827384086,1.97923125356446
gap_limited,91,core,continuum,990,224,557,ok,16,16,0.0,0.0,0.039520222419312655,0.9799596781890096,1.9720353191952853
gap_limited,91,red,continuum,990,224,557,ok,16,16,0.0,0.0,0.009418204644149058,0.9952462833458284,1.981229704947634
gap_limited,92,blue,continuum,989,224,557,ok,16,16,0.0,0.0,0.05603824009334029,0.9716817348350221,1.978872638096648
gap_limited,92,core,continuum,989,224,557,ok,16,16,0.0,0.0,0.03783835161573369,0.9808154190781014,1.9723314139503834
gap_limited,92,red,continuum,989,224,557,ok,16,16,0.0,0.0,0.008761076883694648,0.9955776306349142,1.9810821214669576
gap_limited,93,blue,continuum,988,224,557,ok,16,16,0.0,0.0,0.05047974014648274,0.9744874897201362,1.9786269399889205
gap_limited,93,core,continuum,988,224,557,ok,16,16,0.0,0.0,0.03628653377521973,0.9816059105000994,1.9727279121598178
gap_limited,93,red,continuum,988,224,557,ok,16,16,0.0,0.0,0.011868135828861735,0.9940088037966479,1.9809292545321064
gap_limited,94,blue,continuum,987,224,557,ok,16,16,0.0,0.0,0.04847777823187199,0.9754945050158912,1.978241135847634
gap_limited,94,core,continuum,987,224,557,ok,16,16,0.0,0.0,0.038489388427453496,0.9804931558817966,1.9731222638692274
gap_limited,94,red,continuum,987,224,557,ok,16,16,0.0,0.0,0.012874463060867074,0.9935002770812673,1.9807710608343
gap_limited,95,blue,continuum,986,224,557,ok,16,16,0.0,0.0,0.04408091017154076,0.9777121341798478,1.9777986159484096
gap_limited,95,core,continuum,986,224,557,ok,16,16,0.0,0.0,0.04082081066875326,0.9793156768338142,1.9735144505712445
gap_limited,95,red,continuum,986,224,557,ok,16,16,0.0,0.0,0.014822929754756449,0.9925159680653846,1.9806074966351785
gap_limited,96,blue,continuum,985,224,557,ok,16,16,0.0,0.0,0.04070485094780445,0.9794119696873947,1.9771124449376
gap_limited,96,core,continuum,985,224,557,ok,16,16,0.0,0.0,0.040297866917035796,0.9795846922360115,1.9739044536041292
gap_limited,96,red,continuum,985,224,557,ok,16,16,0.0,0.0,0.017757692065925916,0.9910310662149098,1.9799111568251129
gap_limited,97,blue,continuum,983,224,557,ok,16,16,0.0,0.0,0.037759369751712235,0.9809019225357564,1.977129364063332
gap_limited,97,core,continuum,983,224,557,ok,16,16,0.0,0.0,0.036172552618292816,0.9816796820144021,1.9744500421187625
gap_limited,97,red,continuum,983,224,557,ok,16,16,0.0,0.0,0.020582919701271088,0.9896018966891876,1.9794879014010252
gap_limited,98,blue,continuum,982,224,557,ok,16,16,0.0,0.0,0.03902778192086935,0.980262316533731,1.9773233260917538
gap_limited,98,core,continuum,982,224,557,ok,16,16,0.0,0.0,0.03588091577683514,0.9818286906507111,1.9745916536410366
gap_limited,98,red,continuum,982,224,557,ok,16,16,0.0,0.0,0.023033840080242333,0.9883626438077183,1.9793018018576516
gap_limited,99,blue,continuum,981,224,557,ok,16,16,0.0,0.0,0.03900281274090668,0.9802755551142512,1.9773845584413272
gap_limited,99,core,continuum,981,224,557,ok,16,16,0.0,0.0,0.035359832625769,0.9820937216180775,1.9747170166564063
gap_limited,99,red,continuum,981,224,557,ok,16,16,0.0,0.0,0.026926616912189998,0.9863942065718825,1.9790552498425982
gap_limited,100,blue,continuum,980,224,557,ok,16,16,0.0,0.0,0.037392136148921035,0.9810956778026112,1.977967565220931
gap_limited,100,core,continuum,980,224,557,ok,16,16,0.0,0.0,0.037486669758293734,0.9810177359146791,1.9748260581456374
gap_limited,100,red,continuum,980,224,557,ok,16,16,0.0,0.0,0.03021470696676491,0.9847308136408884,1.9788026851040978
gap_limited,101,blue,continuum,979,224,557,ok,16,16,0.0,0.0,0.040859986877301385,0.9793541569563489,1.9790902600059401
gap_limited,101,core,continuum,979,224,557,ok,16,16,0.0,0.0,0.04173809522314406,0.9788611009393962,1.9744687319563607
gap_limited,101,red,continuum,979,224,557,ok,16,16,0.0,0.0,0.02628832212012651,0.986712743206992,1.9784612075804806
gap_limited,102,blue,continuum,978,224,557,ok,16,16,0.0,0.0,0.03875248105514142,0.9804275151173891,1.979946914638874
gap_limited,102,core,continuum,978,224,557,ok,16,16,0.0,0.0,0.047367239918027076,0.9760046350223968,1.9740162303110935
gap_limited,102,red,continuum,978,224,557,ok,16,16,0.0,0.0,0.025380599358508338,0.9871725522190473,1.9786164630656806
gap_limited,103,blue,continuum,977,224,557,ok,16,16,0.0,0.0,0.0387216583994382,0.9804527613507478,1.98092728565114
gap_limited,103,core,continuum,977,224,557,ok,16,16,0.0,0.0,0.0525279856759296,0.9733829125509027,1.9734685763941844
gap_limited,103,red,continuum,977,224,557,ok,16,16,0.0,0.0,0.024565022918110364,0.9875853561838865,1.9787134678988096
gap_limited,104,blue,continuum,976,224,557,ok,16,16,0.0,0.0,0.035665026523644144,0.9820042564545952,1.9818590120301682
gap_limited,104,core,continuum,976,224,557,ok,16,16,0.0,0.0,0.057857130780474046,0.9706840703360846,1.9735731202715265
gap_limited,104,red,continuum,976,224,557,ok,16,16,0.0,0.0,0.02372983707696196,0.98800466552241,1.9782555560492805
gap_limited,105,blue,continuum,976,224,557,ok,16,16,0.0,0.0,0.03159881583896236,0.9840659632314418,1.9831017273234068
gap_limited,105,core,continuum,976,224,557,ok,16,16,0.0,0.0,0.06427026889973493,0.9674290616798602,1.9732397104443957
gap_limited,105,red,continuum,976,224,557,ok,16,16,0.0,0.0,0.02175551205931151,0.9889979186447648,1.9773996716502558
gap_limited,106,blue,continuum,976,224,557,ok,16,16,0.0,0.0,0.028816750841503855,0.9854708240337019,1.9833713149559986
gap_limited,106,core,continuum,976,224,557,ok,16,16,0.0,0.0,0.06765341854886843,0.9657152512466707,1.9732802779340428
gap_limited,106,red,continuum,976,224,557,ok,16,16,0.0,0.0,0.02060204041364276,0.9895765188534387,1.9765028711582904
gap_limited,107,blue,continuum,976,224,557,ok,16,16,0.0,0.0,0.030609112145076917,0.984568589647728,1.9835589519249766
gap_limited,107,core,continuum,976,224,557,ok,16,16,0.0,0.0,0.06679144099626692,0.9661646708567276,1.9740148149126944
gap_limited,107,red,continuum,976,224,557,ok,16,16,0.0,0.0,0.02099569189672762,0.9893723096947672,1.975564896390504
gap_limited,108,blue,continuum,976,224,557,ok,16,16,0.0,0.0,0.03359415809239104,0.98306459500596,1.983664288171059
gap_limited,108,core,continuum,976,224,557,ok,16,16,0.0,0.0,0.07013324911435631,0.9644895117309242,1.9750009795114996
gap_limited,108,red,continuum,976,224,557,ok,16,16,0.0,0.0,0.020953926529846664,0.9893881897166965,1.9745854826311116
gap_limited,109,blue,continuum,976,224,557,ok,16,16,0.0,0.0,0.03586682600146583,0.9819215717168792,1.9839570918315652
gap_limited,109,core,continuum,976,224,557,ok,16,16,0.0,0.0,0.07447214177209052,0.9623023138962149,1.9755096258975158
gap_limited,109,red,continuum,976,224,557,ok,16,16,0.0,0.0,0.024691756764760035,0.9874887501595146,1.9735643584432037
gap_limited,110,blue,continuum,976,224,557,ok,16,16,0.0,0.0,0.036234984988700106,0.9817380388115887,1.9841781840876025
gap_limited,110,core,continuum,976,224,557,ok,16,16,0.0,0.0,0.07675812433528434,0.9611543347634357,1.9759765695306992
gap_limited,110,red,continuum,976,224,557,ok,16,16,0.0,0.0,0.02985863577885881,0.9848587408039201,1.9720047977640711
gap_limited,111,blue,continuum,976,224,557,ok,16,16,0.0,0.0,0.04166194596036098,0.9790016638798295,1.9840593903219512
gap_limited,111,core,continuum,976,224,557,ok,16,16,0.0,0.0,0.07698809275833582,0.9610463365552444,1.976401856721923
gap_limited,111,red,continuum,976,224,557,ok,16,16,0.0,0.0,0.03591843154961179,0.9817756308915786,1.9709012331743283
gap_limited,112,blue,continuum,976,224,557,ok,16,16,0.0,0.0,0.047382242473058625,0.9761197175025049,1.9841575357422512
gap_limited,112,core,continuum,976,224,557,ok,16,16,0.0,0.0,0.07707137259989848,0.9610117681221461,1.976785529576078
gap_limited,112,red,continuum,976,224,557,ok,16,16,0.0,0.0,0.04290933519249944,0.9782159033614264,1.969755088054411
gap_limited,113,blue,continuum,976,224,557,ok,16,16,0.0,0.0,0.05378860084754265,0.972891633003317,1.9842066050723113
gap_limited,113,core,continuum,976,224,557,ok,16,16,0.0,0.0,0.07481671676995365,0.9621519212309264,1.976763925758045
gap_limited,113,red,continuum,976,224,557,ok,16,16,0.0,0.0,0.04703956825061442,0.9761046534559842,1.968566062181457
gap_limited,114,blue,continuum,976,224,557,ok,16,16,0.0,0.0,0.059054656201791206,0.9702422189370802,1.9845114149111491
gap_limited,114,core,continuum,976,224,557,ok,16,16,0.0,0.0,0.07436085421426886,0.9623806792092031,1.976666581190916
gap_limited,114,red,continuum,976,224,557,ok,16,16,0.0,0.0,0.0479411239704316,0.9756360359952035,1.9677062386479274
gap_limited,115,blue,continuum,976,224,557,ok,16,16,0.0,0.0,0.0658579532595985,0.9668184779988125,1.9847779513321184
gap_limited,115,core,continuum,976,224,557,ok,16,16,0.0,0.0,0.07568947107140472,0.9617350733013176,1.9780377907795899
gap_limited,115,red,continuum,976,224,557,ok,16,16,0.0,0.0,0.046076248504434945,0.9765733896069089,1.9668337728459235
gap_limited,116,blue,continuum,976,224,557,ok,16,16,0.0,0.0,0.06709434289967997,0.9662052015748215,1.9853452609941304
gap_limited,116,core,continuum,976,224,557,ok,16,16,0.0,0.0,0.08016408447603707,0.959489252243503,1.9788349738170554
gap_limited,116,red,continuum,976,224,557,ok,16,16,0.0,0.0,0.046276301303283675,0.976465562934465,1.966322847426546
gap_limited,117,blue,continuum,976,224,557,ok,16,16,0.0,0.0,0.07580299780231167,0.9618291647376609,1.9858878455589386
gap_limited,117,core,continuum,976,224,557,ok,16,16,0.0,0.0,0.08620580383572965,0.9564625836414055,1.9800394935174461
gap_limited,117,red,continuum,976,224,557,ok,16,16,0.0,0.0,0.047382561572119675,0.9758965631907823,1.965801057631733
gap_limited,118,blue,continuum,976,224,557,ok,16,16,0.0,0.0,0.07462219583713882,0.9624452111836661,1.9870221132672996
gap_limited,118,core,continuum,976,224,557,ok,16,16,0.0,0.0,0.09097529250961697,0.9540795651978605,1.9811505030735987
gap_limited,118,red,continuum,976,224,557,ok,16,16,0.0,0.0,0.04596932940060658,0.9766151697115835,1.9657756260637462
gap_limited,119,blue,continuum,976,224,557,ok,16,16,0.0,0.0,0.06968645333239637,0.9649483386022119,1.9881069984543935
gap_limited,119,core,continuum,976,224,557,ok,16,16,0.0,0.0,0.09618796923388223,0.9514611420551882,1.9816693945137098
gap_limited,119,red,continuum,976,224,557,ok,16,16,0.0,0.0,0.04657541658134612,0.9763063902918816,1.9657374775354537
gap_limited,120,blue,continuum,976,224,557,ok,16,16,0.0,0.0,0.06706196444782529,0.9662859954081262,1.9891426503509881
gap_limited,120,core,continuum,976,224,557,ok,16,16,0.0,0.0,0.1001816384271516,0.9494325957206544,1.9811505030735987
gap_limited,120,red,continuum,976,224,557,ok,16,16,0.0,0.0,0.04824793438025455,0.9754668672620277,1.966643840212731
gap_limited,121,blue,continuum,976,224,557,ok,16,16,0.0,0.0,0.06558154029833348,0.9670293288846428,1.9890872123554286
gap_limited,121,core,continuum,976,224,557,ok,16,16,0.0,0.0,0.1026117568972619,0.9481784312149831,1.98009746333519
gap_limited,121,red,continuum,976,224,557,ok,16,16,0.0,0.0,0.049441011780904605,0.9748707674980142,1.9674700282628033
gap_limited,122,blue,continuum,976,224,557,ok,16,16,0.0,0.0,0.06233846984854927,0.9686586926935832,1.9890194508825136
gap_limited,122,core,continuum,976,224,557,ok,16,16,0.0,0.0,0.10486076669506816,0.9469987504906185,1.9784583885424678
gap_limited,122,red,continuum,976,224,557,ok,16,16,0.0,0.0,0.05148417757670798,0.9738294417811239,1.9672556139659918
gap_limited,123,blue,continuum,975,224,557,ok,16,16,0.0,0.0,0.06344418875615397,0.9681043828808692,1.9891193363398028
gap_limited,123,core,continuum,975,224,557,ok,16,16,0.0,0.0,0.1059340973893815,0.9464137380653869,1.9768891048725146
gap_limited,123,red,continuum,975,224,557,ok,16,16,0.0,0.0,0.05276281867949657,0.9731755398817399,1.9669666582992817
gap_limited,124,blue,continuum,974,224,557,ok,16,16,0.0,0.0,0.06268480334969759,0.9684872443404726,1.9891882521148498
gap_limited,124,core,continuum,974,224,557,ok,16,16,0.0,0.0,0.10172271448010853,0.9485128983151638,1.9756931571478904
gap_limited,124,red,continuum,974,224,557,ok,16,16,0.0,0.0,0.054615208095143496,0.9722314151179204,1.9667983920343497
gap_limited,125,blue,continuum,972,224,557,ok,16,16,0.0,0.0,0.06217803927921636,0.9687388375610378,1.988986794736756
gap_limited,125,core,continuum,972,224,557,ok,16,16,0.0,0.0,0.09847956972210126,0.9501299380882715,1.974723229668593
gap_limited,125,red,continuum,972,224,557,ok,16,16,0.0,0.0,0.058634840652964836,0.9701912543663953,1.9670348217156521
gap_limited,126,blue,continuum,970,224,557,ok,16,16,0.0,0.0,0.06524818712746774,0.9672035371442156,1.9894885437610426
gap_limited,126,core,continuum,970,224,557,ok,16,16,0.0,0.0,0.09730190070871744,0.9507005488624781,1.973691358901576
gap_limited,126,red,continuum,970,224,557,ok,16,16,0.0,0.0,0.062111799957731556,0.9684333723386773,1.9676412895329527
gap_limited,127,blue,continuum,968,224,557,ok,16,16,0.0,0.0,0.06981226016137983,0.9649172723111604,1.9899325041247682
gap_limited,127,core,continuum,968,224,557,ok,16,16,0.0,0.0,0.09538693085539432,0.9516269385167364,1.971901879487139
gap_limited,127,red,continuum,968,224,557,ok,16,16,0.0,0.0,0.06518803419305655,0.9668645279908068,1.9673187143666035
gap_limited,128,blue,continuum,966,224,557,ok,16,16,0.0,0.0,0.07538715296534015,0.9621107350829943,1.9896705077406884
gap_limited,128,core,continuum,966,224,557,ok,16,16,0.0,0.0,0.09397577558773952,0.9522959774070173,1.9699759156487469
gap_limited,128,red,continuum,966,224,557,ok,16,16,0.0,0.0,0.06714128632144872,0.9658648432640059,1.9669247995762371
gap_limited,129,blue,continuum,964,224,557,ok,16,16,0.0,0.0,0.08085852897176446,0.9593631571209554,1.9897837342443068
gap_limited,129,core,continuum,964,224,557,ok,16,16,0.0,0.0,0.09363576947962014,0.9524187161150836,1.9679117887212616
gap_limited,129,red,continuum,964,224,557,ok,16,16,0.0,0.0,0.06749142006389966,0.9656786944113935,1.9664584113695427
gap_limited,130,blue,continuum,962,224,557,ok,16,16,0.0,0.0,0.08483476204004038,0.9573671449203093,1.989891642993756
gap_limited,130,core,continuum,962,224,557,ok,16,16,0.0,0.0,0.09257343313407461,0.9529058006547447,1.9657077606395563
gap_limited,130,red,continuum,962,224,557,ok,16,16,0.0,0.0,0.06759021594497762,0.9656395355907577,1.9670926195862795
gap_limited,131,blue,continuum,960,224,557,ok,16,16,0.0,0.0,0.08632314265808486,0.9566214091487939,1.989994164498884
gap_limited,131,core,continuum,960,224,557,ok,16,16,0.0,0.0,0.09475003215334536,0.9517409267270162,1.963362031785802
gap_limited,131,red,continuum,960,224,557,ok,16,16,0.0,0.0,0.06313615291061933,0.9679136796301846,1.9676968933469088
gap_limited,132,blue,continuum,957,224,557,ok,16,16,0.0,0.0,0.08603428971605057,0.9567690050314418,1.9901066301764092
gap_limited,132,core,continuum,957,224,557,ok,16,16,0.0,0.0,0.09439730322761944,0.9518913533007368,1.9621691671710473
gap_limited,132,red,continuum,957,224,557,ok,16,16,0.0,0.0,0.0564875745061929,0.9712913522310355,1.9676152969928056
gap_limited,133,blue,continuum,954,224,557,ok,16,16,0.0,0.0,0.0819127539424706,0.9588422699453235,1.9902155399156534
gap_limited,133,core,continuum,954,224,557,ok,16,16,0.0,0.0,0.09193358944949498,0.9531171397359371,1.9609210899609906
gap_limited,133,red,continuum,954,224,557,ok,16,16,0.0,0.0,0.051416937709185484,0.9738672401146474,1.967528035108327
gap_limited,134,blue,continuum,951,224,557,ok,16,16,0.0,0.0,0.07298723596180103,0.9633367669592027,1.9907474030068162
gap_limited,134,core,continuum,951,224,557,ok,16,16,0.0,0.0,0.0894665723864487,0.9543448628928239,1.959616771633489
gap_limited,134,red,continuum,951,224,557,ok,16,16,0.0,0.0,0.04891267698917394,0.9751317102018892,1.9668693499337346
gap_limited,135,blue,continuum,948,224,557,ok,16,16,0.0,0.0,0.06449558636847362,0.9676103511113386,1.9912406766178787
gap_limited,135,core,continuum,948,224,557,ok,16,16,0.0,0.0,0.08795497029493499,0.9550850307324357,1.9582551592315638
gap_limited,135,red,continuum,948,224,557,ok,16,16,0.0,0.0,0.04488992061709379,0.977172083777436,1.9664484563301037
gap_limited,136,blue,continuum,945,224,557,ok,16,16,0.0,0.0,0.06078548782491041,0.9694722423201895,1.9911546882170996
gap_limited,136,core,continuum,945,224,557,ok,16,16,0.0,0.0,0.09022439902711796,0.9538926935708019,1.956835174608728
gap_limited,136,red,continuum,945,224,557,ok,16,16,0.0,0.0,0.03731499877022207,0.9810231657152163,1.9663447659519522
gap_limited,137,blue,continuum,942,224,557,ok,16,16,0.0,0.0,0.05423869942578857,0.9727589219143957,1.9910628814081854
gap_limited,137,core,continuum,942,224,557,ok,16,16,0.0,0.0,0.0900024242601744,0.9539713292920694,1.9553557136436521
gap_limited,137,red,continuum,942,224,557,ok,16,16,0.0,0.0,0.027895293345826185,0.9858126355915987,1.9662068685081184
gap_limited,138,blue,continuum,939,224,557,ok,16,16,0.0,0.0,0.046791769174328285,0.9764931710335976,1.9905606681873702
gap_limited,138,core,continuum,939,224,557,ok,16,16,0.0,0.0,0.09312128606598005,0.9523387550487961,1.9538156454225781
gap_limited,138,red,continuum,939,224,557,ok,16,16,0.0,0.0,0.021817312175876635,0.9889005776292702,1.9656259080121863
gap_limited,139,blue,continuum,936,224,557,ok,16,16,0.0,0.0,0.04077789000494356,0.9795044056058819,1.9895929447474936
gap_limited,139,core,continuum,936,224,557,ok,16,16,0.0,0.0,0.09470595502605453,0.9515139326260408,1.953261218230268
gap_limited,139,red,continuum,936,224,557,ok,16,16,0.0,0.0,0.016754406992926026,0.9914724376232484,1.9647357888114725
gap_limited,140,blue,continuum,933,224,557,ok,16,16,0.0,0.0,0.036202089858815865,0.981794973268713,1.9885765834443543
gap_limited,140,core,continuum,933,224,557,ok,16,16,0.0,0.0,0.09712799420333434,0.9502592174490943,1.9526832756185846
gap_limited,140,red,continuum,933,224,557,ok,16,16,0.0,0.0,0.012826313993634783,0.9934665859664665,1.963187076129325
gap_limited,141,blue,continuum,930,224,557,ok,16,16,0.0,0.0,0.030865619580664357,0.9844774451468289,1.988436818076946
gap_limited,141,core,continuum,930,224,557,ok,16,16,0.0,0.0,0.1010584446372004,0.9482304138155841,1.952081368338654
gap_limited,141,red,continuum,930,224,557,ok,16,16,0.0,0.0,0.011121558905701932,0.9943307452798457,1.9617320890812302
gap_limited,142,blue,continuum,927,224,557,ok,16,16,0.0,0.0,0.02934533489710955,0.985240808588558,1.9882752434770725
gap_limited,142,core,continuum,927,224,557,ok,16,16,0.0,0.0,0.1041661867669017,0.946628333762248,1.9517132236958465
gap_limited,142,red,continuum,927,224,557,ok,16,16,0.0,0.0,0.011829574603217267,0.9939673479044606,1.9609243854728924
gap_limited,143,blue,continuum,924,224,557,ok,16,16,0.0,0.0,0.03231878782834944,0.9837494913284851,1.988786227042867
gap_limited,143,core,continuum,924,224,557,ok,16,16,0.0,0.0,0.10495005817758184,0.946214782418346,1.951280721663938
gap_limited,143,red,continuum,924,224,557,ok,16,16,0.0,0.0,0.01547504503977776,0.9921079479177217,1.9608391934623848
gap_limited,144,blue,continuum,921,224,557,ok,16,16,0.0,0.0,0.03436749963697357,0.982723389167326,1.9892500890265408
gap_limited,144,core,continuum,921,224,557,ok,16,16,0.0,0.0,0.10629797285392549,0.9455100845186774,1.950782487272548
gap_limited,144,red,continuum,921,224,557,ok,16,16,0.0,0.0,0.025186112180216748,0.9871539779127544,1.960615668349441
gap_limited,145,blue,continuum,918,224,557,ok,16,16,0.0,0.0,0.03410586837126585,0.9828672322239363,1.9906805962148986
gap_limited,145,core,continuum,918,224,557,ok,16,16,0.0,0.0,0.10602887757603952,0.9456632262858597,1.951328176638639
gap_limited,145,red,continuum,918,224,557,ok,16,16,0.0,0.0,0.031960983832683365,0.9836954576243974,1.960250284638976
gap_limited,146,blue,continuum,915,224,557,ok,16,16,0.0,0.0,0.04187609833319008,0.9789769365716624,1.9919122860441028
gap_limited,146,core,continuum,915,224,557,ok,16,16,0.0,0.0,0.11263062473080868,0.9422944904124765,1.9518175220336416
gap_limited,146,red,continuum,915,224,557,ok,16,16,0.0,0.0,0.04243859181115125,0.9783460865764355,1.9598578317473205
gap_limited,147,blue,continuum,912,224,557,ok,16,16,0.0,0.0,0.05243106555057345,0.9736916159118566,1.9929413138757903
gap_limited,147,core,continuum,912,224,557,ok,16,16,0.0,0.0,0.12599048037144564,0.9354639352633536,1.952249194083611
gap_limited,147,red,continuum,912,224,557,ok,16,16,0.0,0.0,0.05026465952749962,0.9743474058523688,1.9594376786310788
gap_limited,148,blue,continuum,909,224,557,ok,16,16,0.0,0.0,0.0644776741867888,0.9676603220661653,1.9937636459678598
gap_limited,148,core,continuum,909,224,557,ok,16,16,0.0,0.0,0.1329567752093747,0.9318921087857566,1.9521493447967642
gap_limited,148,red,continuum,909,224,557,ok,16,16,0.0,0.0,0.062218399086294285,0.9682330669348358,1.9585900520728377
gap_limited,149,blue,continuum,906,224,557,ok,16,16,0.0,0.0,0.07082860259972465,0.9644827833464881,1.9942047624590888
gap_limited,149,core,continuum,906,224,557,ok,16,16,0.0,0.0,0.13525578479378716,0.9307095826618298,1.9520128466491213
gap_limited,149,red,continuum,906,224,557,ok,16,16,0.0,0.0,0.06397847193124365,0.9673200407824698,1.9577280224059823
gap_limited,150,blue,continuum,903,224,557,ok,16,16,0.0,0.0,0.07616588408040263,0.9618125027831286,1.9945241147343924
gap_limited,150,core,continuum,903,224,557,ok,16,16,0.0,0.0,0.12829742980643782,0.9342684387160078,1.9518390754805128
gap_limited,150,red,continuum,903,224,557,ok,16,16,0.0,0.0,0.06477311072501504,0.9669159689281438,1.9578361108515603
gap_limited,151,blue,continuum,900,224,557,ok,16,16,0.0,0.0,0.08147723677635907,0.9591514042977323,1.994615368670701
gap_limited,151,core,continuum,900,224,557,ok,16,16,0.0,0.0,0.12097013309136811,0.9380147964159582,1.9515969311507122
gap_limited,151,red,continuum,900,224,557,ok,16,16,0.0,0.0,0.06597912678768142,0.9663017663345755,1.9579402126164898
gap_limited,152,blue,continuum,897,224,557,ok,16,16,0.0,0.0,0.08731884341012577,0.9562214347852699,1.9945569934015517
gap_limited,152,core,continuum,897,224,557,ok,16,16,0.0,0.0,0.11667455937961703,0.9402081799422926,1.9513465097234008
gap_limited,152,red,continuum,897,224,557,ok,16,16,0.0,0.0,0.06031747188158505,0.9692101821815149,1.9590071054390155
gap_limited,153,blue,continuum,894,224,557,ok,16,16,0.0,0.0,0.09143937480319822,0.9541410901270437,1.9939282258674316
gap_limited,153,core,continuum,894,224,557,ok,16,16,0.0,0.0,0.11416819538518455,0.9415192158591357,1.952234346074846
gap_limited,153,red,continuum,894,224,557,ok,16,16,0.0,0.0,0.05816027060915971,0.9703127777810239,1.9591011304514547
gap_limited,154,blue,continuum,891,224,557,ok,16,16,0.0,0.0,0.09609681620677386,0.9517886777563571,1.993241664709684
gap_limited,154,core,continuum,891,224,557,ok,16,16,0.0,0.0,0.11438889759986301,0.9414326271606577,1.9531164205306952
gap_limited,154,red,continuum,891,224,557,ok,16,16,0.0,0.0,0.06343403050792158,0.9676223329504132,1.959190895711285
gap_limited,155,blue,continuum,889,224,557,ok,16,16,0.0,0.0,0.09199723801332098,0.9538473213139872,1.993323911688836
gap_limited,155,core,continuum,889,224,557,ok,16,16,0.0,0.0,0.1134058418050049,0.941898532761358,1.9518584847299902
gap_limited,155,red,continuum,889,224,557,ok,16,16,0.0,0.0,0.06012535588789737,0.9693173562459344,1.959588501233061
gap_limited,156,blue,continuum,886,224,557,ok,16,16,0.0,0.0,0.0920311640226808,0.9538344911967598,1.9935048136244404
gap_limited,156,core,continuum,886,224,557,ok,16,16,0.0,0.0,0.10759030674251756,0.9448510397685189,1.950903630656323
gap_limited,156,red,continuum,886,224,557,ok,16,16,0.0,0.0,0.05371689329276698,0.972588857130974,1.9596736097226322
gap_limited,157,blue,continuum,883,224,557,ok,16,16,0.0,0.0,0.09045409791146591,0.95464218531951,1.994234037698765
gap_limited,157,core,continuum,883,224,557,ok,16,16,0.0,0.0,0.10136421231760409,0.9480165549631618,1.9499325649881825
gap_limited,157,red,continuum,883,224,557,ok,16,16,0.0,0.0,0.045263659282784544,0.976904681040498,1.9598629212333076
gap_limited,158,blue,continuum,880,224,557,ok,16,16,0.0,0.0,0.08783754062251886,0.9559726437658191,1.995067343024465
gap_limited,158,core,continuum,880,224,557,ok,16,16,0.0,0.0,0.0884268616026418,0.9546283450194681,1.9489450327651525
gap_limited,158,red,continuum,880,224,557,ok,16,16,0.0,0.0,0.043281813334494226,0.9779271346122355,1.960860657379183
gap_limited,159,blue,continuum,878,224,557,ok,16,16,0.0,0.0,0.08120772891070646,0.959297703008278,1.9951632932957675
gap_limited,159,core,continuum,878,224,557,ok,16,16,0.0,0.0,0.07802416812016061,0.9599690992701102,1.9490984888556977
gap_limited,159,red,continuum,878,224,557,ok,16,16,0.0,0.0,0.039131233862237345,0.9800562588204252,1.9620809109934356
gap_limited,160,blue,continuum,876,224,557,ok,16,16,0.0,0.0,0.07442544791699394,0.962696929301294,1.9951560695397594
gap_limited,160,core,continuum,876,224,557,ok,16,16,0.0,0.0,0.06792657356806087,0.9651517269640666,1.9492091759617203
gap_limited,160,red,continuum,876,224,557,ok,16,16,0.0,0.0,0.03453606747536546,0.9824007765454913,1.9623631442964427
gap_limited,161,blue,continuum,874,224,557,ok,16,16,0.0,0.0,0.0760803392445375,0.9618670459559362,1.9951336357687974
gap_limited,161,core,continuum,874,224,557,ok,16,16,0.0,0.0,0.05708086375080046,0.9707344318878421,1.9504444107164671
gap_limited,161,red,continuum,874,224,557,ok,16,16,0.0,0.0,0.036158411786603735,0.9815749120502373,1.9624553155562736
gap_limited,162,blue,continuum,872,224,557,ok,16,16,0.0,0.0,0.07945592218465806,0.9601742302723475,1.9950881735121606
gap_limited,162,core,continuum,872,224,557,ok,16,16,0.0,0.0,0.04900402975070116,0.974890383789545,1.9516040922320825
gap_limited,162,red,continuum,872,224,557,ok,16,16,0.0,0.0,0.04039034794958704,0.979419356212165,1.9625405485838776
gap_limited,163,blue,continuum,870,224,557,ok,16,16,0.0,0.0,0.07987715089259989,0.9599617143482305,1.9950192570013259
gap_limited,163,core,continuum,870,224,557,ok,16,16,0.0,0.0,0.04324385836584193,0.9778538090052151,1.9526544486149033
gap_limited,163,red,continuum,870,224,557,ok,16,16,0.0,0.0,0.04820126029618141,0.9754480541812995,1.9632358531627259
gap_limited,164,blue,continuum,868,224,557,ok,16,16,0.0,0.0,0.08193963058898726,0.9589239383713369,1.9948268490231627
gap_limited,164,core,continuum,868,224,557,ok,16,16,0.0,0.0,0.04341288854281166,0.977777938344248,1.9535941001034254
gap_limited,164,red,continuum,868,224,557,ok,16,16,0.0,0.0,0.05322364584157383,0.972896260044152,1.963701169221481
gap_limited,165,blue,continuum,866,224,557,ok,16,16,0.0,0.0,0.08501577996390354,0.9573790275341864,1.9946935756122164
gap_limited,165,core,continuum,866,224,557,ok,16,16,0.0,0.0,0.045232110043202226,0.9768565237301289,1.9544216052835057
gap_limited,165,red,continuum,866,224,557,ok,16,16,0.0,0.0,0.06149583068326295,0.9686901323041375,1.9641038180237749
gap_limited,166,blue,continuum,864,224,557,ok,16,16,0.0,0.0,0.0864087430914471,0.9566772552510491,1.9945352860760146
gap_limited,166,core,continuum,864,224,557,ok,16,16,0.0,0.0,0.04580061105621552,0.9765742006049277,1.955135459148936
gap_limited,166,red,continuum,864,224,557,ok,16,16,0.0,0.0,0.06904159404351123,0.9648543739157612,1.9644434239990212
gap_limited,167,blue,continuum,862,224,557,ok,16,16,0.0,0.0,0.09277365824743786,0.9534762685571173,1.9941147317758983
gap_limited,167,core,continuum,862,224,557,ok,16,16,0.0,0.0,0.042554965968487665,0.9782409243852387,1.9557340910023946
gap_limited,167,red,continuum,862,224,557,ok,16,16,0.0,0.0,0.07059995530820548,0.9640363455776966,1.963091805943439
gap_limited,168,blue,continuum,861,224,557,ok,16,16,0.0,0.0,0.09607590461323307,0.9518149033625095,1.9938925376872862
gap_limited,168,core,continuum,861,224,557,ok,16,16,0.0,0.0,0.04308347606282061,0.9779698835416512,1.955662655904526
gap_limited,168,red,continuum,861,224,557,ok,16,16,0.0,0.0,0.076420241867815,0.9610629403975345,1.962660833869851
gap_limited,169,blue,continuum,860,224,557,ok,16,16,0.0,0.0,0.09570439038341684,0.9519953700861086,1.9936491658218638
gap_limited,169,core,continuum,860,224,557,ok,16,16,0.0,0.0,0.04444128911057913,0.97727334780978,1.9554701122985345
gap_limited,169,red,continuum,860,224,557,ok,16,16,0.0,0.0,0.07516898697574104,0.9616905660439544,1.962153423148628
gap_limited,170,blue,continuum,859,224,557,ok,16,16,0.0,0.0,0.09450483762308058,0.9525907632554098,1.9933844987256497
gap_limited,170,core,continuum,859,224,557,ok,16,16,0.0,0.0,0.0499212432685038,0.974466611371465,1.9551358417313227
gap_limited,170,red,continuum,859,224,557,ok,16,16,0.0,0.0,0.07615622954774659,0.9611758612324988,1.9615690641280905
gap_limited,171,blue,continuum,858,224,557,ok,16,16,0.0,0.0,0.09618105503019012,0.9517402460556359,1.992986850721863
gap_limited,171,core,continuum,858,224,557,ok,16,16,0.0,0.0,0.056692253617453434,0.9710119755416304,1.9557129082345917
gap_limited,171,red,continuum,858,224,557,ok,16,16,0.0,0.0,0.07139949721675956,0.9635692006163823,1.9598663335635342
gap_limited,172,blue,continuum,857,224,557,ok,16,16,0.0,0.0,0.10126418599416342,0.9491784289297962,1.9925433996182318
gap_limited,172,core,continuum,857,224,557,ok,16,16,0.0,0.0,0.06624275851885486,0.9661372056680044,1.956210638419313
gap_limited,172,red,continuum,857,224,557,ok,16,16,0.0,0.0,0.06547994945371932,0.9665715798436749,1.9588107708203994
gap_limited,173,blue,continuum,856,224,557,ok,16,16,0.0,0.0,0.0977555687901276,0.9509274100562436,1.9920605148855641
gap_limited,173,core,continuum,856,224,557,ok,16,16,0.0,0.0,0.06682240632514291,0.9658334663922428,1.9557853627261599
gap_limited,173,red,continuum,856,224,557,ok,16,16,0.0,0.0,0.05962270181526182,0.9695547382778245,1.9583573417545654
gap_limited,174,blue,continuum,855,224,557,ok,16,16,0.0,0.0,0.09208427795859667,0.9537622232191841,1.9915377505088554
gap_limited,174,core,continuum,855,224,557,ok,16,16,0.0,0.0,0.06843472808027681,0.9649833129063166,1.9543461635073256
gap_limited,174,red,continuum,855,224,557,ok,16,16,0.0,0.0,0.05592303585213708,0.9714353513153452,1.9577708260833389
gap_limited,175,blue,continuum,854,224,557,ok,16,16,0.0,0.0,0.08909660376023887,0.955249754836527,1.9909746513067856
gap_limited,175,core,continuum,854,224,557,ok,16,16,0.0,0.0,0.07046135906753823,0.96391889051029,1.9528600994831675
gap_limited,175,red,continuum,854,224,557,ok,16,16,0.0,0.0,0.05426483317818552,0.9722673449874134,1.956712516474072
gap_limited,176,blue,continuum,853,224,557,ok,16,16,0.0,0.0,0.08499444269851089,0.9573017550069238,1.990583985648435
gap_limited,176,core,continuum,853,224,557,ok,16,16,0.0,0.0,0.06808704032868036,0.9651241127304421,1.952266900120172
gap_limited,176,red,continuum,853,224,557,ok,16,16,0.0,0.0,0.05127826230824456,0.9737783977536745,1.9555731883405478
gap_limited,177,blue,continuum,852,224,557,ok,16,16,0.0,0.0,0.08275730883345593,0.9584169896501388,1.9901711813832663
gap_limited,177,core,continuum,852,224,557,ok,16,16,0.0,0.0,0.07162662906926494,0.9632989556423301,1.9516237295927588
gap_limited,177,red,continuum,852,224,557,ok,16,16,0.0,0.0,0.05556118952281394,0.9715705333146388,1.9543521564343467
gap_limited,178,blue,continuum,851,224,557,ok,16,16,0.0,0.0,0.08225484577791858,0.958660424659548,1.9897361088136274
gap_limited,178,core,continuum,851,224,557,ok,16,16,0.0,0.0,0.06849128220374277,0.9648894252042775,1.9507308724574615
gap_limited,178,red,continuum,851,224,557,ok,16,16,0.0,0.0,0.0605307870331844,0.9690070264478012,1.9530487105807253
gap_limited,179,blue,continuum,850,224,557,ok,16,16,0.0,0.0,0.08059647370161276,0.9594845728407599,1.9892786366250053
gap_limited,179,core,continuum,850,224,557,ok,16,16,0.0,0.0,0.06318175143271304,0.9675983536708435,1.949954974227933
gap_limited,179,red,continuum,850,224,557,ok,16,16,0.0,0.0,0.057818004623729984,0.9703639212772177,1.9509330220291026
gap_limited,180,blue,continuum,849,224,557,ok,16,16,0.0,0.0,0.08219146578203992,0.9586728065551413,1.9887986318670485
gap_limited,180,core,continuum,849,224,557,ok,16,16,0.0,0.0,0.06322995031820275,0.9675519258023694,1.9486503246106277
gap_limited,180,red,continuum,849,224,557,ok,16,16,0.0,0.0,0.058894636045966384,0.9697893751930572,1.9494676598820793
gap_limited,181,blue,continuum,848,224,557,ok,16,16,0.0,0.0,0.082627182420658,0.9584494363226566,1.9885935377986845
gap_limited,181,core,continuum,848,224,557,ok,16,16,0.0,0.0,0.06395501437888171,0.9671921930325621,1.9493840122370163
gap_limited,181,red,continuum,848,224,557,ok,16,16,0.0,0.0,0.05476222654255397,0.9718867852905188,1.9479176290744618
gap_limited,182,blue,continuum,847,224,557,ok,16,16,0.0,0.0,0.08446572298961012,0.9575250534527612,1.9886010426327658
gap_limited,182,core,continuum,847,224,557,ok,16,16,0.0,0.0,0.06639969437436509,0.9659351296562043,1.9492131836767326
gap_limited,182,red,continuum,847,224,557,ok,16,16,0.0,0.0,0.05499821900592407,0.9717356003744422,1.9458477708542021
gap_limited,183,blue,continuum,846,224,557,ok,16,16,0.0,0.0,0.089866567760865,0.9548043606675345,1.988390231628185
gap_limited,183,core,continuum,846,224,557,ok,16,16,0.0,0.0,0.07453910460887406,0.96174562456581,1.9485118698933075
gap_limited,183,red,continuum,846,224,557,ok,16,16,0.0,0.0,0.05903233679181077,0.9696410974457695,1.9444819089346432
gap_limited,184,blue,continuum,845,224,557,ok,16,16,0.0,0.0,0.09815277754701221,0.9506316432643571,1.9881718581924754
gap_limited,184,core,continuum,845,224,557,ok,16,16,0.0,0.0,0.08433609752183553,0.9567007669089697,1.9477503757290817
gap_limited,184,red,continuum,845,224,557,ok,16,16,0.0,0.0,0.06361421499313058,0.9672659677799984,1.9433662973625427
gap_limited,185,blue,continuum,844,224,557,ok,16,16,0.0,0.0,0.10581552612945369,0.9467575011303175,1.9874259919402004
gap_limited,185,core,continuum,844,224,557,ok,16,16,0.0,0.0,0.09053008387617381,0.9535010661640215,1.946928163891068
gap_limited,185,red,continuum,844,224,557,ok,16,16,0.0,0.0,0.06367786160318159,0.9672272465978013,1.9430122584362906
gap_limited,186,blue,continuum,843,224,557,ok,16,16,0.0,0.0,0.10685214299254969,0.9462300700600605,1.987210009607649
gap_limited,186,core,continuum,843,224,557,ok,16,16,0.0,0.0,0.09123501436407214,0.953090099346528,1.9448989039229474
gap_limited,186,red,continuum,843,224,557,ok,16,16,0.0,0.0,0.06162450608065944,0.9682781187263013,1.942649792708029
gap_limited,187,blue,continuum,842,224,557,ok,16,16,0.0,0.0,0.11072042057599565,0.9442837082229112,1.9872180478013304
gap_limited,187,core,continuum,842,224,557,ok,16,16,0.0,0.0,0.09197755344371265,0.952652505199999,1.942606548292198
gap_limited,187,red,continuum,842,224,557,ok,16,16,0.0,0.0,0.06170116555921997,0.9682325910256652,1.9422788181771078
gap_limited,188,blue,continuum,841,224,557,ok,16,16,0.0,0.0,0.11198585668669837,0.9436406287533662,1.9869962032869024
gap_limited,188,core,continuum,841,224,557,ok,16,16,0.0,0.0,0.08946555326441791,0.9538943261814304,1.9404456296739907
gap_limited,188,red,continuum,841,224,557,ok,16,16,0.0,0.0,0.058230280293548355,0.9700264463174162,1.9427219378189091
gap_limited,189,blue,continuum,840,224,557,ok,16,16,0.0,0.0,0.10402137126569573,0.9476428840562406,1.9867666388926524
gap_limited,189,core,continuum,840,224,557,ok,16,16,0.0,0.0,0.0892651868186911,0.9539399829647744,1.9380189709965423
gap_limited,189,red,continuum,840,224,557,ok,16,16,0.0,0.0,0.05948131237504858,0.9693894231421959,1.943162085816229
gap_limited,190,blue,continuum,840,224,557,ok,16,16,0.0,0.0,0.09737513019910582,0.9509881390733543,1.9867666388926524
gap_limited,190,core,continuum,840,224,557,ok,16,16,0.0,0.0,0.079463045816072,0.9589610394009479,1.9362830991852031
gap_limited,190,red,continuum,840,224,557,ok,16,16,0.0,0.0,0.05777577856276813,0.970286530518768,1.9444305754755848
gap_limited,191,blue,continuum,840,224,557,ok,16,16,0.0,0.0,0.09281176814099307,0.9532791215692709,1.986515905915611
gap_limited,191,core,continuum,840,224,557,ok,16,16,0.0,0.0,0.07683743528700543,0.9602798032130135,1.9344676386945725
gap_limited,191,red,continuum,840,224,557,ok,16,16,0.0,0.0,0.05850470293887459,0.9699309773444293,1.9456802307485677
gap_limited,192,blue,continuum,840,224,557,ok,16,16,0.0,0.0,0.0960172190607629,0.951665517112229,1.9865159059156112
gap_limited,192,core,continuum,840,224,557,ok,16,16,0.0,0.0,0.07299839928419594,0.962227338791395,1.9325723141679547
gap_limited,192,red,continuum,840,224,557,ok,16,16,0.0,0.0,0.06213093686125822,0.9680874303320954,1.9469111233541645
gap_limited,193,blue,continuum,840,224,557,ok,16,16,0.0,0.0,0.09602724633212764,0.9516539448378748,1.9862478129830188
gap_limited,193,core,continuum,840,224,557,ok,16,16,0.0,0.0,0.07034100394138018,0.963544448172051,1.9295004578000254
gap_limited,193,red,continuum,840,224,557,ok,16,16,0.0,0.0,0.06246715161495964,0.9679474904427559,1.9489004910332082
gap_limited,194,blue,continuum,840,224,557,ok,16,16,0.0,0.0,0.09255303980927254,0.953409363834611,1.9865159059156112
gap_limited,194,core,continuum,840,224,557,ok,16,16,0.0,0.0,0.06567858702395027,0.9659041423399674,1.9262922692494417
gap_limited,194,red,continuum,840,224,557,ok,16,16,0.0,0.0,0.0700285485477268,0.9640934777449937,1.9503016207024317
gap_limited,195,blue,continuum,840,224,557,ok,16,16,0.0,0.0,0.08994649181001882,0.9547271984292269,1.9867666388926524
gap_limited,195,core,continuum,840,224,557,ok,16,16,0.0,0.0,0.06392526006730415,0.9667550333790937,1.9228552940433508
gap_limited,195,red,continuum,840,224,557,ok,16,16,0.0,0.0,0.07005716225194188,0.9640995132844585,1.951426530983876
gap_limited,196,blue,continuum,840,224,557,ok,16,16,0.0,0.0,0.08054664539819048,0.9594742153935225,1.987540677628636
gap_limited,196,core,continuum,840,224,557,ok,16,16,0.0,0.0,0.06354367801404383,0.9668926363829572,1.91932159712449
gap_limited,196,red,continuum,840,224,557,ok,16,16,0.0,0.0,0.06909592584696814,0.9646253662813485,1.9532619446045865
gap_limited,197,blue,continuum,840,224,557,ok,16,16,0.0,0.0,0.07274742499501902,0.9634115708878715,1.9882631411170482
gap_limited,197,core,continuum,840,224,557,ok,16,16,0.0,0.0,0.0655732750030049,0.9657704329584571,1.915691043460222
gap_limited,197,red,continuum,840,224,557,ok,16,16,0.0,0.0,0.07218569164629583,0.9630767762916613,1.955021376695056
gap_limited,198,blue,continuum,840,224,557,ok,16,16,0.0,0.0,0.07174798066069862,0.9639238079699474,1.9887902969617806
gap_limited,198,core,continuum,840,224,557,ok,16,16,0.0,0.0,0.07081781874404344,0.9629606843715407,1.9119634783324773
gap_limited,198,red,continuum,840,224,557,ok,16,16,0.0,0.0,0.06902128716041375,0.9647307563824127,1.9569823472481764
gap_limited,199,blue,continuum,840,224,557,ok,16,16,0.0,0.0,0.07175424143688794,0.9639296006783695,1.9892832568077141
gap_limited,199,core,continuum,840,224,557,ok,16,16,0.0,0.0,0.07895905978873552,0.9586200835593599,1.908149328962594
gap_limited,199,red,continuum,840,224,557,ok,16,16,0.0,0.0,0.0662168331650567,0.9661868143535446,1.9583139505815246
gap_limited,200,blue,continuum,840,224,557,ok,16,16,0.0,0.0,0.06654499309349385,0.9665562776430602,1.9897603616986512
gap_limited,200,core,continuum,840,224,557,ok,16,16,0.0,0.0,0.08413942937274885,0.9558151398552366,1.9042592665696305
gap_limited,200,red,continuum,840,224,557,ok,16,16,0.0,0.0,0.06530247735801488,0.9666661668817798,1.9590449477087155
within_season,0,blue,continuum,1363,224,557,ok,16,16,0.0,0.0,0.03984379014115372,0.9800348594310758,1.9956678994372163
within_season,0,core,continuum,1363,224,557,ok,16,16,0.0,0.0,0.2733289883468422,0.8621816914467596,1.9832560072470549
within_season,0,red,continuum,1363,224,557,ok,16,16,0.0,0.0,0.043410548109065264,0.9781730861075667,1.9888541423217156
within_season,1,blue,continuum,1356,224,557,ok,16,16,0.0,0.0,0.04471084773615374,0.9775942983247607,1.9955120524327994
within_season,1,core,continuum,1356,224,557,ok,16,16,0.0,0.0,0.2849714809062188,0.856309940554633,1.9832372678123162
within_season,1,red,continuum,1356,224,557,ok,16,16,0.0,0.0,0.04493399324921149,0.9773997096983479,1.9882042508952529
within_season,2,blue,continuum,1350,224,557,ok,16,16,0.0,0.0,0.05025205818344716,0.9748163198040192,1.9954215504796238
within_season,2,core,continuum,1350,224,557,ok,16,16,0.0,0.0,0.29556669315164896,0.8509688313105677,1.983254212865924
within_season,2,red,continuum,1350,224,557,ok,16,16,0.0,0.0,0.048549590210776775,0.9755705662422564,1.9873399724374474
within_season,3,blue,continuum,1344,224,557,ok,16,16,0.0,0.0,0.05678955145053155,0.9715385172336835,1.995312469023594
within_season,3,core,continuum,1344,224,557,ok,16,16,0.0,0.0,0.3070508171519713,0.8451428461379975,1.982800338856756
within_season,3,red,continuum,1344,224,557,ok,16,16,0.0,0.0,0.05362544906228453,0.9730064537800457,1.9866025984627145
within_season,4,blue,continuum,1338,224,557,ok,16,16,0.0,0.0,0.06585450832353675,0.9669942058954359,1.9952408390752936
within_season,4,core,continuum,1338,224,557,ok,16,16,0.0,0.0,0.31973564952417466,0.8386924308695807,1.9821490786068705
within_season,4,red,continuum,1338,224,557,ok,16,16,0.0,0.0,0.0598543995701782,0.9698593493553949,1.9858363469300724
within_season,5,blue,continuum,1332,224,557,ok,16,16,0.0,0.0,0.07561354977406684,0.9620987364563339,1.9950139574358123
within_season,5,core,continuum,1332,224,557,ok,16,16,0.0,0.0,0.33758333805962437,0.8296234328403145,1.981395350824413
within_season,5,red,continuum,1332,224,557,ok,16,16,0.0,0.0,0.06493429540572582,0.9672881759480805,1.9850404949190084
within_season,6,blue,continuum,1326,224,557,ok,16,16,0.0,0.0,0.08566040265279785,0.9570575860111015,1.9947738074283128
within_season,6,core,continuum,1326,224,557,ok,16,16,0.0,0.0007541478129713424,0.35159719091361274,0.822478591142872,1.9805903590849923
within_season,6,red,continuum,1326,224,557,ok,16,16,0.0,0.0,0.06965729827196798,0.9649014971752632,1.9846230655421249
within_season,7,blue,continuum,1320,224,557,ok,16,16,0.0,0.0,0.09970355231021383,0.9500112568080332,1.9945200847985385
within_season,7,core,continuum,1320,224,557,ok,16,16,0.0,0.0007575757575757576,0.3614033456300762,0.8174651393961192,1.979914107554273
within_season,7,red,continuum,1320,224,557,ok,16,16,0.0,0.0,0.07867371633874574,0.9603498113302309,1.9841952580349165
within_season,8,blue,continuum,1314,224,557,ok,16,16,0.0,0.0,0.10973780127020741,0.9449679792808234,1.9940718119399885
within_season,8,core,continuum,1314,224,557,ok,16,16,0.0,0.00076103500761035,0.36820639720537823,0.8139602839257676,1.9791816767687327
within_season,8,red,continuum,1314,224,557,ok,16,16,0.0,0.0,0.0888605152686382,0.9552059437615289,1.9837568358527178
within_season,9,blue,continuum,1308,224,557,ok,16,16,0.0,0.0,0.12311118688123876,0.938246382096519,1.9935866279714605
within_season,9,core,continuum,1308,224,557,ok,16,16,0.0,0.0007645259938837921,0.37570759319215435,0.8100944202788403,1.978391544597108
within_season,9,red,continuum,1308,224,557,ok,16,16,0.0,0.0,0.09759531758929096,0.9507916372915985,1.983307556230241
within_season,10,blue,continuum,1302,224,557,ok,16,16,0.0,0.0,0.13267849711854723,0.933429875365176,1.9930636730269968
within_season,10,core,continuum,1302,224,557,ok,16,16,0.0,0.0007680491551459293,0.3800551914921749,0.807814365173656,1.977542139585963
within_season,10,red,continuum,1302,224,557,ok,16,16,0.0,0.0,0.10935105694955573,0.9448514950599385,1.9828471699895514
within_season,11,blue,continuum,1296,224,557,ok,16,16,0.0,0.0,0.14322481479904273,0.928118109688482,1.9925020638486606
within_season,11,core,continuum,1296,224,557,ok,16,16,0.0,0.0007716049382716049,0.3898628702876704,0.8027640440649637,1.9766318389537445
within_season,11,red,continuum,1296,224,557,ok,16,16,0.0,0.0,0.12284056388659688,0.9380279023183734,1.9821914778110923
within_season,12,blue,continuum,1290,224,557,ok,16,16,0.0,0.0,0.15029314127572574,0.9245478819742895,1.991900893020829
within_season,12,core,continuum,1290,224,557,ok,16,16,0.0,0.0007751937984496124,0.40165295160717923,0.7966992489991951,1.9756589664815791
within_season,12,red,continuum,1290,224,557,ok,16,16,0.0,0.0,0.13983250441513198,0.9294383466508872,1.9817067454937987
within_season,13,blue,continuum,1283,224,557,ok,16,16,0.0,0.0,0.1588177096404496,0.9202569520843407,1.9916182512665417
within_season,13,core,continuum,1283,224,557,ok,16,16,0.0,0.000779423226812159,0.4063237556237054,0.7942333108331364,1.974681894668592
within_season,13,red,continuum,1283,224,557,ok,16,16,0.0,0.0,0.1601175551384405,0.9191803423885341,1.9811709164643194
within_season,14,blue,continuum,1276,224,557,ok,16,16,0.0,0.0,0.16679406110093203,0.9162301316976208,1.9910985236226624
within_season,14,core,continuum,1276,224,557,ok,16,16,0.0,0.0007836990595611285,0.4101324057880686,0.7921962336869336,1.9736524176861374
within_season,14,red,continuum,1276,224,557,ok,16,16,0.0,0.0,0.1844301797725944,0.9068690073630287,1.9803308710722258
within_season,15,blue,continuum,1269,224,557,ok,16,16,0.0,0.0,0.17473314383598545,0.9122187369668033,1.9905517168271516
within_season,15,core,continuum,1269,224,557,ok,16,16,0.0,0.0007880220646178094,0.4113155043958038,0.7916082796097562,1.9737612589672746
within_season,15,red,continuum,1269,224,557,ok,16,16,0.0,0.0,0.20388829059124616,0.8969868565667565,1.979245403023484
within_season,16,blue,continuum,1262,224,557,ok,16,16,0.0,0.0,0.18828222582440168,0.9053847251105399,1.9899770522716715
within_season,16,core,continuum,1262,224,557,ok,16,16,0.0,0.000792393026941363,0.4130385774423865,0.7907450673447475,1.9738534819767781
within_season,16,red,continuum,1262,224,557,ok,16,16,0.0,0.0,0.22230424863260836,0.8876469085061487,1.9786215552847013
within_season,17,blue,continuum,1255,224,557,ok,16,16,0.0,0.0,0.20042731296120542,0.8992510505514123,1.9893737260603765
within_season,17,core,continuum,1255,224,557,ok,16,16,0.0,0.0007968127490039841,0.4070942863918755,0.7937644221101803,1.9739285071820323
within_season,17,red,continuum,1255,224,557,ok,16,16,0.0,0.0,0.23593419643337576,0.8807192394948777,1.9779736097779494
within_season,18,blue,continuum,1248,224,557,ok,16,16,0.0,0.0,0.2154912222688241,0.8916443960104242,1.988740908034209
within_season,18,core,continuum,1248,224,557,ok,16,16,0.0,0.0,0.39805322990572806,0.7983505032326765,1.9739857340929952
within_season,18,red,continuum,1248,224,557,ok,16,16,0.0,0.0,0.2463483744355042,0.8754117870792287,1.9773008108894157
within_season,19,blue,continuum,1241,224,557,ok,16,16,0.0,0.0,0.22845059237590223,0.8850897086702126,1.9880777407504717
within_season,19,core,continuum,1241,224,557,ok,16,16,0.0,0.0,0.3876775748108483,0.8036373652297707,1.9742940160916218
within_season,19,red,continuum,1241,224,557,ok,16,16,0.0,0.0,0.2599299879896576,0.868496572094273,1.9766023755365354
within_season,20,blue,continuum,1234,224,557,ok,16,16,0.0,0.0,0.23983963540899156,0.8793188859074158,1.98738333841525
within_season,20,core,continuum,1234,224,557,ok,16,16,0.0,0.0,0.3775183925298245,0.808811844527014,1.9745909028510202
within_season,20,red,continuum,1234,224,557,ok,16,16,0.0,0.0,0.2642528449110316,0.8662712207600347,1.9760357225489344
within_season,21,blue,continuum,1228,224,557,ok,16,16,0.0,0.0,0.2511764210496724,0.8735789654798772,1.9868245976874368
within_season,21,core,continuum,1228,224,557,ok,16,16,0.0,0.0,0.36684609225687465,0.814211674918851,1.97453791618307
within_season,21,red,continuum,1228,224,557,ok,16,16,0.0,0.0,0.26661104967447596,0.865046122733038,1.9755716180504654
within_season,22,blue,continuum,1222,224,557,ok,16,16,0.0,0.0,0.26164113333210626,0.8682734979845185,1.986245207523662
within_season,22,core,continuum,1222,224,557,ok,16,16,0.0,0.0,0.3534091498119972,0.8210110079469475,1.9744742163096056
within_season,22,red,continuum,1222,224,557,ok,16,16,0.0,0.0,0.25798579765327445,0.8693800380563139,1.9750870679666817
within_season,23,blue,continuum,1216,224,557,ok,16,16,0.0,0.0,0.26896779095453127,0.8645544478409471,1.9858000995018579
within_season,23,core,continuum,1216,224,557,ok,16,16,0.0,0.0,0.33601041496862927,0.8298163971579857,1.9743994683233745
within_season,23,red,continuum,1216,224,557,ok,16,16,0.0,0.0,0.2481622049706662,0.8743216173990825,1.9745814660798684
within_season,24,blue,continuum,1210,224,557,ok,16,16,0.0,0.0,0.27379224538595665,0.8620932125208195,1.9853427839966937
within_season,24,core,continuum,1210,224,557,ok,16,16,0.0,0.0,0.31781138099048756,0.8390268774725419,1.9743133263522088
within_season,24,red,continuum,1210,224,557,ok,16,16,0.0,0.0,0.23241945824874047,0.8822552207217873,1.973925805233107
within_season,25,blue,continuum,1204,224,557,ok,16,16,0.0,0.0,0.27644159027387316,0.8607258014435273,1.9848729566502017
within_season,25,core,continuum,1204,224,557,ok,16,16,0.0,0.0,0.29949231865136994,0.8482980562186352,1.9742154331456878
within_season,25,red,continuum,1204,224,557,ok,16,16,0.0,0.0,0.21264950495256574,0.89223410021638,1.9732541126602994
within_season,26,blue,continuum,1198,224,557,ok,16,16,0.0,0.0,0.26641228794245064,0.8657460241782893,1.9843903043604927
within_season,26,core,continuum,1198,224,557,ok,16,16,0.0,0.0,0.2823952010679368,0.8569443330600147,1.9740231695009132
within_season,26,red,continuum,1198,224,557,ok,16,16,0.0,0.0,0.20000905998400015,0.8986046294550408,1.9725659949663599
within_season,27,blue,continuum,1192,224,557,ok,16,16,0.0,0.0,0.25468544074685595,0.8716405089699291,1.9841574526591925
within_season,27,core,continuum,1192,224,557,ok,16,16,0.0,0.0,0.2658746019930042,0.8652985911315537,1.9738071355487148
within_season,27,red,continuum,1192,224,557,ok,16,16,0.0,0.0,0.18543369227965265,0.9059600611696542,1.971861047402287
within_season,28,blue,continuum,1186,224,557,ok,16,16,0.0,0.0,0.24553014147945879,0.8762396852292323,1.9839165885626315
within_season,28,core,continuum,1186,224,557,ok,16,16,0.0,0.0,0.24941822828942323,0.873620569064651,1.9735666353571126
within_season,28,red,continuum,1186,224,557,ok,16,16,0.0,0.0,0.17573422951423873,0.910874729896234,1.9717665854996715
within_season,29,blue,continuum,1180,224,557,ok,16,16,0.0,0.0,0.24220289534939204,0.8779014652490701,1.9836675013624383
within_season,29,core,continuum,1180,224,557,ok,16,16,0.0,0.0,0.23431536405169962,0.8812571574919519,1.9733009510515833
within_season,29,red,continuum,1180,224,557,ok,16,16,0.0,0.0,0.16813985418069483,0.9147219953866553,1.9716673126095123
within_season,30,blue,continuum,1174,224,557,ok,16,16,0.0,0.0,0.23910546144079148,0.8794472829316691,1.9834099741216389
within_season,30,core,continuum,1174,224,557,ok,16,16,0.0,0.0,0.22027776182879172,0.888354425324377,1.9730093420074248
within_season,30,red,continuum,1174,224,557,ok,16,16,0.0,0.0,0.15760742761290042,0.9200596581135756,1.9715630918469422
within_season,31,blue,continuum,1168,224,557,ok,16,16,0.0,0.0,0.23712374781507423,0.8804411167379037,1.983321869068088
within_season,31,core,continuum,1168,224,557,ok,16,16,0.0,0.0,0.20916680261117976,0.8939687979794874,1.9726910440071648
within_season,31,red,continuum,1168,224,557,ok,16,16,0.0,0.0,0.1431074105282859,0.9274102127938404,1.9714537820844107
within_season,32,blue,continuum,1162,224,557,ok,16,16,0.0,0.0,0.23257292433689059,0.8827451274216566,1.983481958768901
within_season,32,core,continuum,1162,224,557,ok,16,16,0.0,0.0,0.19993534381224043,0.8986306571068254,1.9723452683612348
within_season,32,red,continuum,1162,224,557,ok,16,16,0.0,0.0,0.1380450654540955,0.9299739675409004,1.9713392378002315
within_season,33,blue,continuum,1157,224,557,ok,16,16,0.0,0.0,0.22777783064852947,0.8851468863207361,1.9832098874099011
within_season,33,core,continuum,1157,224,557,ok,16,16,0.0,0.0,0.1862164532763828,0.9055690423939384,1.9719852260020856
within_season,33,red,continuum,1157,224,557,ok,16,16,0.0,0.0,0.1259015973373598,0.9361483971383552,1.9717844454142583
within_season,34,blue,continuum,1151,224,557,ok,16,16,0.0,0.0,0.22665523967646214,0.8857095517926277,1.9831512014478354
within_season,34,core,continuum,1151,224,557,ok,16,16,0.0,0.0,0.17708946054225588,0.9101871480516589,1.9717607970417732
within_season,34,red,continuum,1151,224,557,ok,16,16,0.0,0.0,0.11690176942313743,0.9407276228349493,1.972280765753854
within_season,35,blue,continuum,1147,224,557,ok,16,16,0.0,0.0,0.2162226839032958,0.8909729430788996,1.9832020601984126
within_season,35,core,continuum,1147,224,557,ok,16,16,0.0,0.0,0.16800513892857113,0.9148053824872489,1.9720158835553865
within_season,35,red,continuum,1147,224,557,ok,16,16,0.0,0.0,0.10548379469525636,0.9465201773599864,1.9724035998640972
within_season,36,blue,continuum,1142,224,557,ok,16,16,0.0,0.0,0.20706850908565488,0.8956067871974405,1.9835437910823437
within_season,36,core,continuum,1142,224,557,ok,16,16,0.0,0.0,0.16160715953799418,0.9180527288489159,1.9720871393025787
within_season,36,red,continuum,1142,224,557,ok,16,16,0.0,0.0,0.09461324581739343,0.952041084189888,1.9727978462232978
within_season,37,blue,continuum,1137,224,557,ok,16,16,0.0,0.0,0.20051558294668875,0.8989028316046318,1.9833946502093676
within_season,37,core,continuum,1137,224,557,ok,16,16,0.0,0.0,0.15902432336879244,0.919369168204517,1.972252050830275
within_season,37,red,continuum,1137,224,557,ok,16,16,0.0,0.0,0.08930176930440013,0.9547374009472156,1.972970425323083
within_season,38,blue,continuum,1132,224,557,ok,16,16,0.0,0.0,0.19545377072822856,0.9014467421520965,1.9832299306621697
within_season,38,core,continuum,1132,224,557,ok,16,16,0.0,0.0,0.15627651834017392,0.9207632790227809,1.9722739206371753
within_season,38,red,continuum,1132,224,557,ok,16,16,0.0,0.0,0.0830344820007618,0.9579160347603969,1.973066975224619
within_season,39,blue,continuum,1127,224,557,ok,16,16,0.0,0.0,0.18459884673323623,0.9069454200086378,1.9837695979109427
within_season,39,core,continuum,1127,224,557,ok,16,16,0.0,0.0,0.15137242789012945,0.9232498014003,1.9722740872584683
within_season,39,red,continuum,1127,224,557,ok,16,16,0.0,0.0,0.08285378426449305,0.9579967135564503,1.9725547993927683
within_season,40,blue,continuum,1122,224,557,ok,16,16,0.0,0.0,0.1725907361268494,0.9130218224294506,1.984299291472949
within_season,40,core,continuum,1122,224,557,ok,16,16,0.0,0.0,0.14316656274428236,0.9274095956107357,1.9722518967735039
within_season,40,red,continuum,1122,224,557,ok,16,16,0.0,0.0,0.08281717973323202,0.9580041045065588,1.972030332015809
within_season,41,blue,continuum,1117,224,557,ok,16,16,0.0,0.0,0.1646368453412056,0.9170601736329017,1.985015553474995
within_season,41,core,continuum,1117,224,557,ok,16,16,0.0,0.0,0.1374078210267277,0.9303328581826622,1.9723476152789665
within_season,41,red,continuum,1117,224,557,ok,16,16,0.0,0.0,0.07983317284778761,0.9595019099819366,1.9712824188049287
within_season,42,blue,continuum,1112,224,557,ok,16,16,0.0,0.0,0.15549532928650084,0.9216734672247948,1.9852191049075016
within_season,42,core,continuum,1112,224,557,ok,16,16,0.0,0.0,0.1347469130763584,0.9316809618318341,1.9723186492274922
within_season,42,red,continuum,1112,224,557,ok,16,16,0.0,0.0,0.07605700527505382,0.9614041895352551,1.9706026213525842
within_season,43,blue,continuum,1107,224,557,ok,16,16,0.0,0.0,0.14786757950755347,0.9255223865778849,1.9853963186157384
within_season,43,core,continuum,1107,224,557,ok,16,16,0.0,0.0,0.1276018747861848,0.935301123344642,1.9722425084117379
within_season,43,red,continuum,1107,224,557,ok,16,16,0.0,0.0,0.07333777410257353,0.9627708206724064,1.9699003692035928
within_season,44,blue,continuum,1102,224,557,ok,16,16,0.0,0.0,0.1421989030685341,0.9283829886215508,1.9855464551167268
within_season,44,core,continuum,1102,224,557,ok,16,16,0.0,0.0,0.12147836740101389,0.9384020786736831,1.972117967382022
within_season,44,red,continuum,1102,224,557,ok,16,16,0.0,0.0,0.07201604140613302,0.963428321070899,1.9691751517819482
within_season,45,blue,continuum,1097,224,557,ok,16,16,0.0,0.0,0.13713033723202844,0.9309226972474766,1.9851721443628463
within_season,45,core,continuum,1097,224,557,ok,16,16,0.0,0.0,0.11258046585772054,0.942908886145854,1.9719437624800307
within_season,45,red,continuum,1097,224,557,ok,16,16,0.0,0.0,0.06781584353959699,0.9655525653281797,1.9686761637165904
within_season,46,blue,continuum,1092,224,557,ok,16,16,0.0,0.0,0.13483689511939723,0.9320637189753033,1.9847553190375602
within_season,46,core,continuum,1092,224,557,ok,16,16,0.0,0.0,0.105368130879883,0.9465602589568743,1.9717185903811059
within_season,46,red,continuum,1092,224,557,ok,16,16,0.0,0.0,0.061058362004866557,0.9689730460596581,1.9679135155280965
within_season,47,blue,continuum,1087,224,557,ok,16,16,0.0,0.0,0.1320606723837069,0.9334470470183945,1.9842947077075175
within_season,47,core,continuum,1087,224,557,ok,16,16,0.0,0.0,0.09987815351659891,0.9493374906387487,1.9714411065668567
within_season,47,red,continuum,1087,224,557,ok,16,16,0.0,0.0,0.05628712267179524,0.9713936133934745,1.9676418222969647
within_season,48,blue,continuum,1082,224,557,ok,16,16,0.0,0.0,0.13057310207589723,0.9341799443518155,1.9837889954670498
within_season,48,core,continuum,1082,224,557,ok,16,16,0.0,0.0,0.095528560155385,0.9515359337757259,1.9711214431185655
within_season,48,red,continuum,1082,224,557,ok,16,16,0.0,0.0,0.053148494286982234,0.9729847714692144,1.967353125531251
within_season,49,blue,continuum,1077,224,557,ok,16,16,0.0,0.0,0.12592459077026424,0.9365055199821878,1.9832368220818308
within_season,49,core,continuum,1077,224,557,ok,16,16,0.0,0.0,0.08851386240876691,0.9550869276052671,1.9707817276634887
within_season,49,red,continuum,1077,224,557,ok,16,16,0.0,0.0,0.048752974834925675,0.9752230896682436,1.967677736333384
within_season,50,blue,continuum,1072,224,557,ok,16,16,0.0,0.0,0.11989392496942738,0.9395280435746453,1.9826367800324411
within_season,50,core,continuum,1072,224,557,ok,16,16,0.0,0.0,0.08766803387597435,0.9555057025635694,1.9703206686480765
within_season,50,red,continuum,1072,224,557,ok,16,16,0.0,0.0,0.04122927804224845,0.9790500530054665,1.9679896112866762
within_season,51,blue,continuum,1067,224,557,ok,16,16,0.0,0.0,0.11955219392070801,0.9396806492464758,1.9819874124511043
within_season,51,core,continuum,1067,224,557,ok,16,16,0.0,0.0,0.08351365611125713,0.9576019633679245,1.9697529118147035
within_season,51,red,continuum,1067,224,557,ok,16,16,0.0,0.0,0.035636004593581946,0.9818943442622342,1.9682250181776326
within_season,52,blue,continuum,1063,224,557,ok,16,16,0.0,0.0,0.11765165963752244,0.9406210021430053,1.9813682258644474
within_season,52,core,continuum,1063,224,557,ok,16,16,0.0,0.0,0.08330636198874122,0.9577024325809148,1.96953080453398
within_season,52,red,continuum,1063,224,557,ok,16,16,0.0,0.0,0.03217061454373932,0.9836598212810784,1.96880432565198
within_season,53,blue,continuum,1059,224,557,ok,16,16,0.0,0.0,0.11821408220840811,0.9403345489400657,1.9812819665045591
within_season,53,core,continuum,1059,224,557,ok,16,16,0.0,0.0,0.07926994946917632,0.9597472713488071,1.969306234021657
within_season,53,red,continuum,1059,224,557,ok,16,16,0.0,0.0,0.030768524478954305,0.9843710045701242,1.9686821598359558
within_season,54,blue,continuum,1055,224,557,ok,16,16,0.0,0.0,0.11823094329913561,0.9403218699005242,1.9811435630114378
within_season,54,core,continuum,1055,224,557,ok,16,16,0.0,0.0,0.07620966273177326,0.9612968009919189,1.9690791636076663
within_season,54,red,continuum,1055,224,557,ok,16,16,0.0,0.0,0.028672131514630383,0.9854348015115771,1.9685369572835132
within_season,55,blue,continuum,1050,224,557,ok,16,16,0.0,0.0,0.11658109146188204,0.9411129691323338,1.9797413750383952
within_season,55,core,continuum,1050,224,557,ok,16,16,0.0,0.0,0.07487175047178768,0.9619796307705637,1.969253639278711
within_season,55,red,continuum,1050,224,557,ok,16,16,0.0,0.0,0.0307494400046663,0.9843735695189767,1.9677840081270286
within_season,56,blue,continuum,1046,224,557,ok,16,16,0.0,0.0,0.11399221941502351,0.9423709150140517,1.9780327840155407
within_season,56,core,continuum,1046,224,557,ok,16,16,0.0,0.0,0.07501980592352853,0.9618872282906255,1.9683639514749878
within_season,56,red,continuum,1046,224,557,ok,16,16,0.0,0.0,0.03495268255122631,0.9822406432556328,1.9681277342611079
within_season,57,blue,continuum,1042,224,557,ok,16,16,0.0,0.0,0.10814736935159688,0.9452752831039727,1.9762070136802807
within_season,57,core,continuum,1042,224,557,ok,16,16,0.0,0.0,0.07230587218094703,0.9632489714921636,1.967451663714102
within_season,57,red,continuum,1042,224,557,ok,16,16,0.0,0.0,0.03738995862132585,0.9809985432810535,1.9677416934062804
within_season,58,blue,continuum,1038,224,557,ok,16,16,0.0,0.0,0.10638664536353125,0.9461321182905599,1.974955056472685
within_season,58,core,continuum,1038,224,557,ok,16,16,0.0,0.0,0.07254791560918135,0.9631084089893622,1.9665163150123264
within_season,58,red,continuum,1038,224,557,ok,16,16,0.0,0.0,0.04243424395431669,0.978432311059222,1.9674914670197385
within_season,59,blue,continuum,1035,224,557,ok,16,16,0.0,0.0,0.10568409030448167,0.9464527499421574,1.973660462307964
within_season,59,core,continuum,1035,224,557,ok,16,16,0.0,0.0,0.07528113806741199,0.9617057053117406,1.965857804152023
within_season,59,red,continuum,1035,224,557,ok,16,16,0.0,0.0,0.04456372734247386,0.9773519168796497,1.9676600048518633
within_season,60,blue,continuum,1032,224,557,ok,16,16,0.0,0.0,0.10657353769008641,0.9459640825038752,1.9722721965020655
within_season,60,core,continuum,1032,224,557,ok,16,16,0.0,0.0,0.0742070034975809,0.9622390074977394,1.9651761932141594
within_season,60,red,continuum,1032,224,557,ok,16,16,0.0,0.0,0.04403322940962691,0.9776212067100727,1.9676319826166115
within_season,61,blue,continuum,1029,224,557,ok,16,16,0.0,0.0,0.10821054908577428,0.945092756061456,1.970788211604486
within_season,61,core,continuum,1029,224,557,ok,16,16,0.0,0.0,0.07142433232418843,0.9636419522688329,1.9644710533498035
within_season,61,red,continuum,1029,224,557,ok,16,16,0.0,0.0,0.04248753946203516,0.9784063050935602,1.967590060252459
within_season,62,blue,continuum,1026,224,557,ok,16,16,0.0,0.0,0.10723280680987637,0.9455451662485075,1.9692063940409583
within_season,62,core,continuum,1026,224,557,ok,16,16,0.0,0.0,0.07038497894991337,0.9641577249572614,1.9637419462348777
within_season,62,red,continuum,1026,224,557,ok,16,16,0.0,0.0,0.038493878270064445,0.9804354696951242,1.9675339847270004
within_season,63,blue,continuum,1023,224,557,ok,16,16,0.0,0.0,0.10786347427813878,0.9451780798996868,1.9675245609925776
within_season,63,core,continuum,1023,224,557,ok,16,16,0.0,0.0,0.07082312312208087,0.963920763737952,1.9629884238037527
within_season,63,red,continuum,1023,224,557,ok,16,16,0.0,0.0,0.03468633140130777,0.9823766316932772,1.968201015697764
within_season,64,blue,continuum,1020,224,557,ok,16,16,0.0,0.0,0.10836190872799598,0.9448966948799654,1.9665228517952809
within_season,64,core,continuum,1020,224,557,ok,16,16,0.0,0.0,0.07103554298868081,0.9637981959239849,1.962210027973279
within_season,64,red,continuum,1020,224,557,ok,16,16,0.0,0.0,0.0331099796727051,0.9831810296703473,1.9686091968620998
within_season,65,blue,continuum,1018,224,557,ok,16,16,0.0,0.0,0.10548130499808214,0.9463282742014302,1.9653048868589353
within_season,65,core,continuum,1018,224,557,ok,16,16,0.0,0.0,0.07226857778036881,0.9631609750207701,1.961739699167237
within_season,65,red,continuum,1018,224,557,ok,16,16,0.0,0.0,0.03177176355335523,0.9838661797735982,1.969264756115432
within_season,66,blue,continuum,1016,224,557,ok,16,16,0.0,0.0,0.10232122335512708,0.9479022382977361,1.9640234054562242
within_season,66,core,continuum,1016,224,557,ok,16,16,0.0,0.0,0.06870741077477947,0.9649642667527598,1.9610667283577299
within_season,66,red,continuum,1016,224,557,ok,16,16,0.0,0.0,0.030970308124691592,0.9842836962759456,1.9705847296199988
within_season,67,blue,continuum,1014,224,557,ok,16,16,0.0,0.0,0.10043831316825022,0.9488466058684094,1.9634730964259308
within_season,67,core,continuum,1014,224,557,ok,16,16,0.0,0.0,0.06842790719399115,0.9650943729446126,1.9603689423889015
within_season,67,red,continuum,1014,224,557,ok,16,16,0.0,0.0,0.030083088277039725,0.9847436153001964,1.9718359800816367
within_season,68,blue,continuum,1013,224,557,ok,16,16,0.0,0.0,0.0969674727004921,0.9505963021500305,1.962757382958777
within_season,68,core,continuum,1013,224,557,ok,16,16,0.0,0.0,0.06747725826669876,0.9655711023654833,1.9599017947948867
within_season,68,red,continuum,1013,224,557,ok,16,16,0.0,0.0,0.03456706671265313,0.982479642443756,1.972965825707921
within_season,69,blue,continuum,1012,224,557,ok,16,16,0.0,0.0,0.09309473193331166,0.9525700328553655,1.9627829732503375
within_season,69,core,continuum,1012,224,557,ok,16,16,0.0,0.0,0.06549210772074729,0.9665754310922698,1.9594002214820163
within_season,69,red,continuum,1012,224,557,ok,16,16,0.0,0.0,0.042701269897055284,0.978368653672692,1.9740458707902113
within_season,70,blue,continuum,1011,224,557,ok,16,16,0.0,0.0,0.0911734898499857,0.953548174980059,1.9627536659936673
within_season,70,core,continuum,1011,224,557,ok,16,16,0.0,0.0,0.05957955037491762,0.9695846396453384,1.9588638661578814
within_season,70,red,continuum,1011,224,557,ok,16,16,0.0,0.0,0.04919076579864442,0.9750942423524815,1.975076064531832
within_season,71,blue,continuum,1010,224,557,ok,16,16,0.0,0.0,0.08915166688494182,0.9545886561246024,1.9632025673928897
within_season,71,core,continuum,1010,224,557,ok,16,16,0.0,0.0,0.05692650663255401,0.9709305374168952,1.9582923650483859
within_season,71,red,continuum,1010,224,557,ok,16,16,0.0,0.0,0.05191998846257211,0.9737254514488138,1.9760563482727544
within_season,72,blue,continuum,1009,224,557,ok,16,16,0.0,0.0,0.08633893380502394,0.9560339754401572,1.9637648540978905
within_season,72,core,continuum,1009,224,557,ok,16,16,0.0,0.0,0.04999464549004942,0.974463428338228,1.9577665378195919
within_season,72,red,continuum,1009,224,557,ok,16,16,0.0,0.0,0.052899644738977444,0.973229701548957,1.9760573396564611
within_season,73,blue,continuum,1008,224,557,ok,16,16,0.0,0.0,0.08490056178528287,0.9567775070624689,1.964268046916879
within_season,73,core,continuum,1008,224,557,ok,16,16,0.0,0.0,0.042544353397546655,0.9782624179613006,1.9571796587957677
within_season,73,red,continuum,1008,224,557,ok,16,16,0.0,0.0,0.05338337902131042,0.9729934087517055,1.976679638333903
within_season,74,blue,continuum,1007,224,557,ok,16,16,0.0,0.0,0.08318559944585957,0.9576656452487515,1.9649667494555672
within_season,74,core,continuum,1007,224,557,ok,16,16,0.0,0.0,0.03733180995363324,0.9809196954715427,1.9565625851492432
within_season,74,red,continuum,1007,224,557,ok,16,16,0.0,0.0,0.05438769235708294,0.9724937920434883,1.9772879068998446
within_season,75,blue,continuum,1006,224,557,ok,16,16,0.0,0.0,0.08296181095908986,0.9578076057417829,1.9662740742173674
within_season,75,core,continuum,1006,224,557,ok,16,16,0.0,0.0,0.02927741066238331,0.9850329465951985,1.956123885613371
within_season,75,red,continuum,1006,224,557,ok,16,16,0.0,0.0,0.05676433414016846,0.9713000561320824,1.9778552321010907
within_season,76,blue,continuum,1005,224,557,ok,16,16,0.0,0.0,0.08491739728895195,0.9568460927375836,1.9677800383769215
within_season,76,core,continuum,1005,224,557,ok,16,16,0.0,0.0,0.02380378167566944,0.9878282967099946,1.9556656211966348
within_season,76,red,continuum,1005,224,557,ok,16,16,0.0,0.0,0.06029597099246134,0.9695233025121013,1.978428634414964
within_season,77,blue,continuum,1004,224,557,ok,16,16,0.0,0.0,0.08841606781066241,0.9551011851511093,1.9692294353031685
within_season,77,core,continuum,1004,224,557,ok,16,16,0.0,0.0,0.023161745701985155,0.9881649459440466,1.9570460424161675
within_season,77,red,continuum,1004,224,557,ok,16,16,0.0,0.0,0.06257466677394571,0.9683804700797234,1.97898788918486
within_season,78,blue,continuum,1003,224,557,ok,16,16,0.0,0.0,0.08799536169381801,0.9553528083883224,1.9709047426580468
within_season,78,core,continuum,1003,224,557,ok,16,16,0.0,0.0,0.022813875979250928,0.9883507240346543,1.9583943282928171
within_season,78,red,continuum,1003,224,557,ok,16,16,0.0,0.0,0.06557153770415619,0.9668842814530517,1.9800729255261436
within_season,79,blue,continuum,1002,224,557,ok,16,16,0.0,0.0,0.08832845651126309,0.9552143285591317,1.9722481246682977
within_season,79,core,continuum,1002,224,557,ok,16,16,0.0,0.0,0.024650960014437368,0.9874211205573586,1.959710332453997
within_season,79,red,continuum,1002,224,557,ok,16,16,0.0,0.0,0.0666725730132526,0.9663458778909585,1.9811116390803274
within_season,80,blue,continuum,1001,224,557,ok,16,16,0.0,0.0,0.08686800125426078,0.9559835542534395,1.9735351135444381
within_season,80,core,continuum,1001,224,557,ok,16,16,0.0,0.0,0.027224196758115098,0.9861191665965325,1.9612796989058667
within_season,80,red,continuum,1001,224,557,ok,16,16,0.0,0.0,0.06503449355610738,0.9671779789532879,1.98142867142614
within_season,81,blue,continuum,1000,224,557,ok,16,16,0.0,0.0,0.081382959177847,0.9587946675057091,1.9750589123173001
within_season,81,core,continuum,1000,224,557,ok,16,16,0.0,0.0,0.034979034206377914,0.9821765573797729,1.9625296275076403
within_season,81,red,continuum,1000,224,557,ok,16,16,0.0,0.0,0.06708759797412153,0.9661459262172578,1.9816698694713935
within_season,82,blue,continuum,999,224,557,ok,16,16,0.0,0.0,0.07308962777591854,0.9630212428410759,1.9765301321999638
within_season,82,core,continuum,999,224,557,ok,16,16,0.0,0.0,0.041990805623263364,0.9786139069834059,1.963463152932214
within_season,82,red,continuum,999,224,557,ok,16,16,0.0,0.0,0.060944903965176,0.9692467158696135,1.9817364450178536
within_season,83,blue,continuum,998,224,557,ok,16,16,0.0,0.0,0.06987845414697716,0.9646661373856953,1.9776624738074144
within_season,83,core,continuum,998,224,557,ok,16,16,0.0,0.0,0.04543540441457143,0.9768700330649127,1.964352328824455
within_season,83,red,continuum,998,224,557,ok,16,16,0.0,0.0,0.06116178210808043,0.9691378706067576,1.9817745343739126
within_season,84,blue,continuum,997,224,557,ok,16,16,0.0,0.0,0.06947816460284553,0.9648822467161402,1.9784342136368358
within_season,84,core,continuum,997,224,557,ok,16,16,0.0,0.0,0.04982405348905183,0.9746507715839555,1.9655057215673009
within_season,84,red,continuum,997,224,557,ok,16,16,0.0,0.0,0.05456841915611259,0.9724639709601006,1.9817098201430403
within_season,85,blue,continuum,996,224,557,ok,16,16,0.0,0.0,0.06465977640037457,0.9673230111433508,1.9787556523041574
within_season,85,core,continuum,996,224,557,ok,16,16,0.0,0.0,0.05150734431570107,0.9738092818866655,1.9666258898597038
within_season,85,red,continuum,996,224,557,ok,16,16,0.0,0.0,0.0455018741350036,0.9770437458448068,1.982112317950184
within_season,86,blue,continuum,995,224,557,ok,16,16,0.0,0.0,0.06264618976057702,0.9683452796916784,1.9790473316584078
within_season,86,core,continuum,995,224,557,ok,16,16,0.0,0.0,0.053289234789080306,0.9729238632923017,1.9681254886680066
within_season,86,red,continuum,995,224,557,ok,16,16,0.0,0.0,0.043216352281463956,0.978196009474083,1.9820386653578659
within_season,87,blue,continuum,994,224,557,ok,16,16,0.0,0.0,0.06075193123574161,0.9693064947772876,1.979309003482169
within_season,87,core,continuum,994,224,557,ok,16,16,0.0,0.0,0.05228342594337436,0.9734441590273029,1.968810778658015
within_season,87,red,continuum,994,224,557,ok,16,16,0.0,0.0,0.03262197748980702,0.9835405490686896,1.9819602504328382
within_season,88,blue,continuum,993,224,557,ok,16,16,0.0,0.0,0.05875216283648291,0.9703148259866812,1.979175288314722
within_season,88,core,continuum,993,224,557,ok,16,16,0.0,0.0,0.04843079326381067,0.9754187903361435,1.9702363685958875
within_season,88,red,continuum,993,224,557,ok,16,16,0.0,0.0,0.02271532964225765,0.9885384767852002,1.981877034714408
within_season,89,blue,continuum,992,224,557,ok,16,16,0.0,0.0,0.05742323193609539,0.9709890396007376,1.979363355980289
within_season,89,core,continuum,992,224,557,ok,16,16,0.0,0.0,0.04675935341508751,0.9762748969249704,1.970880938523771
within_season,89,red,continuum,992,224,557,ok,16,16,0.0,0.0,0.016001998993355596,0.991925477858692,1.981788979373997
within_season,90,blue,continuum,991,224,557,ok,16,16,0.0,0.0,0.05647123609907419,0.9714722651970612,1.979520508346033
within_season,90,core,continuum,991,224,557,ok,16,16,0.0,0.0,0.043476643086552656,0.9779475468486071,1.971510506703265
within_season,90,red,continuum,991,224,557,ok,16,16,0.0,0.0,0.010853839420106221,0.9945229544932795,1.981696045210549
within_season,91,blue,continuum,990,224,557,ok,16,16,0.0,0.0,0.056589224550969416,0.9714084827384086,1.97923125356446
within_season,91,core,continuum,990,224,557,ok,16,16,0.0,0.0,0.039520222419312655,0.9799596781890096,1.9720353191952853
within_season,91,red,continuum,990,224,557,ok,16,16,0.0,0.0,0.009418204644149058,0.9952462833458284,1.981229704947634
within_season,92,blue,continuum,989,224,557,ok,16,16,0.0,0.0,0.05603824009334029,0.9716817348350221,1.978872638096648
within_season,92,core,continuum,989,224,557,ok,16,16,0.0,0.0,0.03783835161573369,0.9808154190781014,1.9723314139503834
within_season,92,red,continuum,989,224,557,ok,16,16,0.0,0.0,0.008761076883694648,0.9955776306349142,1.9810821214669576
within_season,93,blue,continuum,988,224,557,ok,16,16,0.0,0.0,0.05047974014648274,0.9744874897201362,1.9786269399889205
within_season,93,core,continuum,988,224,557,ok,16,16,0.0,0.0,0.03628653377521973,0.9816059105000994,1.9727279121598178
within_season,93,red,continuum,988,224,557,ok,16,16,0.0,0.0,0.011868135828861735,0.9940088037966479,1.9809292545321064
within_season,94,blue,continuum,987,224,557,ok,16,16,0.0,0.0,0.04847777823187199,0.9754945050158912,1.978241135847634
within_season,94,core,continuum,987,224,557,ok,16,16,0.0,0.0,0.038489388427453496,0.9804931558817966,1.9731222638692274
within_season,94,red,continuum,987,224,557,ok,16,16,0.0,0.0,0.012874463060867074,0.9935002770812673,1.9807710608343
within_season,95,blue,continuum,986,224,557,ok,16,16,0.0,0.0,0.04408091017154076,0.9777121341798478,1.9777986159484096
within_season,95,core,continuum,986,224,557,ok,16,16,0.0,0.0,0.04082081066875326,0.9793156768338142,1.9735144505712445
within_season,95,red,continuum,986,224,557,ok,16,16,0.0,0.0,0.014822929754756449,0.9925159680653846,1.9806074966351785
within_season,96,blue,continuum,985,224,557,ok,16,16,0.0,0.0,0.04070485094780445,0.9794119696873947,1.9771124449376
within_season,96,core,continuum,985,224,557,ok,16,16,0.0,0.0,0.040297866917035796,0.9795846922360115,1.9739044536041292
within_season,96,red,continuum,985,224,557,ok,16,16,0.0,0.0,0.017757692065925916,0.9910310662149098,1.9799111568251129
within_season,97,blue,continuum,983,224,557,ok,16,16,0.0,0.0,0.037759369751712235,0.9809019225357564,1.977129364063332
within_season,97,core,continuum,983,224,557,ok,16,16,0.0,0.0,0.036172552618292816,0.9816796820144021,1.9744500421187625
within_season,97,red,continuum,983,224,557,ok,16,16,0.0,0.0,0.020582919701271088,0.9896018966891876,1.9794879014010252
within_season,98,blue,continuum,982,224,557,ok,16,16,0.0,0.0,0.03902778192086935,0.980262316533731,1.9773233260917538
within_season,98,core,continuum,982,224,557,ok,16,16,0.0,0.0,0.03588091577683514,0.9818286906507111,1.9745916536410366
within_season,98,red,continuum,982,224,557,ok,16,16,0.0,0.0,0.023033840080242333,0.9883626438077183,1.9793018018576516
within_season,99,blue,continuum,981,224,557,ok,16,16,0.0,0.0,0.03900281274090668,0.9802755551142512,1.9773845584413272
within_season,99,core,continuum,981,224,557,ok,16,16,0.0,0.0,0.035359832625769,0.9820937216180775,1.9747170166564063
within_season,99,red,continuum,981,224,557,ok,16,16,0.0,0.0,0.026926616912189998,0.9863942065718825,1.9790552498425982
within_season,100,blue,continuum,980,224,557,ok,16,16,0.0,0.0,0.037392136148921035,0.9810956778026112,1.977967565220931
within_season,100,core,continuum,980,224,557,ok,16,16,0.0,0.0,0.037486669758293734,0.9810177359146791,1.9748260581456374
within_season,100,red,continuum,980,224,557,ok,16,16,0.0,0.0,0.03021470696676491,0.9847308136408884,1.9788026851040978
within_season,101,blue,continuum,979,224,557,ok,16,16,0.0,0.0,0.040859986877301385,0.9793541569563489,1.9790902600059401
within_season,101,core,continuum,979,224,557,ok,16,16,0.0,0.0,0.04173809522314406,0.9788611009393962,1.9744687319563607
within_season,101,red,continuum,979,224,557,ok,16,16,0.0,0.0,0.02628832212012651,0.986712743206992,1.9784612075804806
within_season,102,blue,continuum,978,224,557,ok,16,16,0.0,0.0,0.03875248105514142,0.9804275151173891,1.979946914638874
within_season,102,core,continuum,978,224,557,ok,16,16,0.0,0.0,0.047367239918027076,0.9760046350223968,1.9740162303110935
within_season,102,red,continuum,978,224,557,ok,16,16,0.0,0.0,0.025380599358508338,0.9871725522190473,1.9786164630656806
within_season,103,blue,continuum,977,224,557,ok,16,16,0.0,0.0,0.0387216583994382,0.9804527613507478,1.98092728565114
within_season,103,core,continuum,977,224,557,ok,16,16,0.0,0.0,0.0525279856759296,0.9733829125509027,1.9734685763941844
within_season,103,red,continuum,977,224,557,ok,16,16,0.0,0.0,0.024565022918110364,0.9875853561838865,1.9787134678988096
within_season,104,blue,continuum,976,224,557,ok,16,16,0.0,0.0,0.035665026523644144,0.9820042564545952,1.9818590120301682
within_season,104,core,continuum,976,224,557,ok,16,16,0.0,0.0,0.057857130780474046,0.9706840703360846,1.9735731202715265
within_season,104,red,continuum,976,224,557,ok,16,16,0.0,0.0,0.02372983707696196,0.98800466552241,1.9782555560492805
within_season,105,blue,continuum,975,224,557,ok,16,16,0.0,0.0,0.03144025375224556,0.984143043659192,1.9827420266860307
within_season,105,core,continuum,975,224,557,ok,16,16,0.0,0.0,0.06429697753887342,0.9674213638863504,1.9735932871644857
within_season,105,red,continuum,975,224,557,ok,16,16,0.0,0.0,0.022259189967999207,0.988742409467528,1.9772605784331492
within_season,106,blue,continuum,974,224,557,ok,16,16,0.0,0.0,0.028894429156995256,0.9854308802365929,1.9832652642178603
within_season,106,core,continuum,974,224,557,ok,16,16,0.0,0.0,0.0676796293400696,0.9657140503501904,1.9739756381648186
within_season,106,red,continuum,974,224,557,ok,16,16,0.0,0.0,0.021484883622729208,0.9891283520823269,1.9762306308506365
within_season,107,blue,continuum,973,224,557,ok,16,16,0.0,0.0,0.030986041141134416,0.9843797836700885,1.983713956752221
within_season,107,core,continuum,973,224,557,ok,16,16,0.0,0.0,0.0672475359396797,0.9659387374180171,1.9743113097413778
within_season,107,red,continuum,973,224,557,ok,16,16,0.0,0.0,0.02196048323240129,0.9888816986510621,1.975165319160847
within_season,108,blue,continuum,972,224,557,ok,16,16,0.0,0.0,0.03442634598925139,0.9826487763937011,1.9840875070478488
within_season,108,core,continuum,972,224,557,ok,16,16,0.0,0.0,0.0712732419048127,0.9639106282998313,1.97490946910776
within_season,108,red,continuum,972,224,557,ok,16,16,0.0,0.0,0.02219113114154312,0.98875865806325,1.9740642412981213
within_season,109,blue,continuum,971,224,557,ok,16,16,0.0,0.0,0.03717462338896588,0.9812690640152378,1.9846644833556555
within_season,109,core,continuum,971,224,557,ok,16,16,0.0,0.0,0.0764581664337308,0.9612872938655429,1.9750147708139034
within_season,109,red,continuum,971,224,557,ok,16,16,0.0,0.0,0.026196890553834586,0.9867218144787228,1.9729269870387212
within_season,110,blue,continuum,970,224,557,ok,16,16,0.0,0.0,0.037894440636971054,0.9809113039199391,1.985177011464585
within_season,110,core,continuum,970,224,557,ok,16,16,0.0,0.0,0.079597315967449,0.9596990288423229,1.9750719072258935
within_season,110,red,continuum,970,224,557,ok,16,16,0.0,0.0,0.03163206552268652,0.9839573905490752,1.9717531377579547
within_season,111,blue,continuum,969,224,557,ok,16,16,0.0,0.0,0.043896160091786644,0.9778899324099181,1.9853471687928037
within_season,111,core,continuum,969,224,557,ok,16,16,0.0,0.0,0.08037413703709355,0.9593058979111497,1.9750807343434458
within_season,111,red,continuum,969,224,557,ok,16,16,0.0,0.0,0.03787444818377426,0.9807848767242843,1.9710749517615787
within_season,112,blue,continuum,968,224,557,ok,16,16,0.0,0.0,0.049217395211551766,0.9752141777319735,1.9857075823157935
within_season,112,core,continuum,968,224,557,ok,16,16,0.0,0.0,0.08121912756252013,0.9588772469368224,1.9750411028595742
within_season,112,red,continuum,968,224,557,ok,16,16,0.0,0.0,0.04472555469556891,0.9773008026999987,1.9703584274130461
within_season,113,blue,continuum,967,224,557,ok,16,16,0.0,0.0,0.05559532270219611,0.972006603540645,1.9860156227529515
within_season,113,core,continuum,967,224,557,ok,16,16,0.0,0.0,0.07942151131628924,0.9597781406070316,1.9745857728838292
within_season,113,red,continuum,967,224,557,ok,16,16,0.0,0.0,0.048535842787846784,0.975357551979086,1.9696031314200013
within_season,114,blue,continuum,966,224,557,ok,16,16,0.0,0.0,0.0611131609244866,0.9692371036078478,1.9865867031973239
within_season,114,core,continuum,966,224,557,ok,16,16,0.0,0.0,0.07968741755061004,0.9596324487295629,1.9740463575993181
within_season,114,red,continuum,966,224,557,ok,16,16,0.0,0.0,0.049026676861878705,0.9751026515820551,1.9691525394142957
within_season,115,blue,continuum,965,224,557,ok,16,16,0.0,0.0,0.06869546171546964,0.9654295767319537,1.9871165933616248
within_season,115,core,continuum,965,224,557,ok,16,16,0.0,0.0,0.0824900729932706,0.9582370389877534,1.9751969447061248
within_season,115,red,continuum,965,224,557,ok,16,16,0.0,0.0,0.04784582006412515,0.9756970737104719,1.9687267078097284
within_season,116,blue,continuum,964,224,557,ok,16,16,0.0,0.0,0.07160457193705419,0.9639796473896994,1.9878920318114197
within_season,116,core,continuum,964,224,557,ok,16,16,0.0,0.0,0.0884113621904782,0.9552512822828807,1.975729511387879
within_season,116,red,continuum,964,224,557,ok,16,16,0.0,0.0,0.0489819852078711,0.9751188681706752,1.9686397525590449
within_season,117,blue,continuum,963,224,557,ok,16,16,0.0,0.0,0.08110241448118326,0.9592169334635152,1.9886296291287608
within_season,117,core,continuum,963,224,557,ok,16,16,0.0,0.0,0.09558340987091425,0.9516470200604261,1.9767842641831717
within_season,117,red,continuum,963,224,557,ok,16,16,0.0,0.0,0.051139971200871645,0.9740214723501123,1.968547713330192
within_season,118,blue,continuum,962,224,557,ok,16,16,0.0,0.0,0.08085377443123548,0.9593623394002574,1.9896266969597058
within_season,118,core,continuum,962,224,557,ok,16,16,0.0,0.0,0.10095328783994978,0.9489563462022234,1.9777833350234648
within_season,118,red,continuum,962,224,557,ok,16,16,0.0,0.0,0.05094202128076833,0.9741207513010177,1.968450547900631
within_season,119,blue,continuum,961,224,557,ok,16,16,0.0,0.0,0.07687488294278974,0.9613804643615109,1.9905698417091902
within_season,119,core,continuum,961,224,557,ok,16,16,0.0,0.0,0.10645381470970312,0.9462008499949425,1.9787267029255218
within_season,119,red,continuum,961,224,557,ok,16,16,0.0,0.0,0.05208774638738076,0.9735373314403185,1.968348213631849
within_season,120,blue,continuum,960,224,557,ok,16,16,0.0,0.0,0.07499144087776455,0.962343467556995,1.991459011561078
within_season,120,core,continuum,960,224,557,ok,16,16,0.0,0.0,0.10947449285730837,0.9446669047657016,1.9784632035088139
within_season,120,red,continuum,960,224,557,ok,16,16,0.0,0.0,0.05329591134010903,0.9729358330207746,1.9692426292307201
within_season,121,blue,continuum,959,224,557,ok,16,16,0.0,0.0,0.07315238057788301,0.9632643943354721,1.9913209338622493
within_season,121,core,continuum,959,224,557,ok,16,16,0.0,0.0,0.1110612006924982,0.9438403468495246,1.977597696248556
within_season,121,red,continuum,959,224,557,ok,16,16,0.0,0.0,0.053272887689876314,0.9729591470044725,1.9700890241401638
within_season,122,blue,continuum,958,224,557,ok,16,16,0.0,0.0,0.07094234033422374,0.9643712065222207,1.9911519142086178
within_season,122,core,continuum,958,224,557,ok,16,16,0.0,0.0,0.11133417971905132,0.9436593333323964,1.976089143138761
within_season,122,red,continuum,958,224,557,ok,16,16,0.0,0.0,0.055791942553641616,0.9716780736089621,1.9699204702154756
within_season,123,blue,continuum,956,224,557,ok,16,16,0.0,0.0,0.07282501485107798,0.9634253730113559,1.9911348617086109
within_season,123,core,continuum,956,224,557,ok,16,16,0.0,0.0,0.11119446528564264,0.9436904724013685,1.9747007305446642
within_season,123,red,continuum,956,224,557,ok,16,16,0.0,0.0,0.05729064307385685,0.9709134167556296,1.969658745839295
within_season,124,blue,continuum,954,224,557,ok,16,16,0.0,0.0,0.07107081742659523,0.9643049720381944,1.9910564995954736
within_season,124,core,continuum,954,224,557,ok,16,16,0.0,0.0,0.10762126513078629,0.9454754345701474,1.9738124326592597
within_season,124,red,continuum,954,224,557,ok,16,16,0.0,0.0,0.05839238659587774,0.9703509908998789,1.9694549115855369
within_season,125,blue,continuum,952,224,557,ok,16,16,0.0,0.0,0.07091433657724577,0.9643810446879425,1.990915678350632
within_season,125,core,continuum,952,224,557,ok,16,16,0.0,0.0,0.1039952282083822,0.9472872909254302,1.9728682140253093
within_season,125,red,continuum,952,224,557,ok,16,16,0.0,0.0,0.061974099340146846,0.9685289770519697,1.9692432445709809
within_season,126,blue,continuum,950,224,557,ok,16,16,0.0,0.0,0.0733011867834474,0.9631828463600688,1.9909520301413601
within_season,126,core,continuum,950,224,557,ok,16,16,0.0,0.0,0.10177241212048915,0.9483851147180008,1.971764764456088
within_season,126,red,continuum,950,224,557,ok,16,16,0.0,0.0,0.0669019832923471,0.9660290247386146,1.9693865948086058
within_season,127,blue,continuum,948,224,557,ok,16,16,0.0,0.0,0.07764602947428814,0.9609994670123463,1.9908966243837833
within_season,127,core,continuum,948,224,557,ok,16,16,0.0,0.0,0.09942328119445228,0.9495463635051067,1.9705870201152984
within_season,127,red,continuum,948,224,557,ok,16,16,0.0,0.0,0.06975111503593547,0.964569021954729,1.9686477451119995
within_season,128,blue,continuum,946,224,557,ok,16,16,0.0,0.0,0.08199766693462582,0.9587979425591986,1.9901352511931987
within_season,128,core,continuum,946,224,557,ok,16,16,0.0,0.0,0.09784577510973487,0.9503153001284941,1.969334128268516
within_season,128,red,continuum,946,224,557,ok,16,16,0.0,0.0,0.07257210904834727,0.9631215617025806,1.967873706122354
within_season,129,blue,continuum,944,224,557,ok,16,16,0.0,0.0,0.08592828049655438,0.9568146282116811,1.9897543297241398
within_season,129,core,continuum,944,224,557,ok,16,16,0.0,0.0,0.0989104068872163,0.9497407801301032,1.9680052166201567
within_season,129,red,continuum,944,224,557,ok,16,16,0.0,0.0,0.07501393886717553,0.9618650240394998,1.9670640134891957
within_season,130,blue,continuum,942,224,557,ok,16,16,0.0,0.0,0.08843736649081856,0.9555445686517712,1.9893489683649634
within_season,130,core,continuum,942,224,557,ok,16,16,0.0,0.0,0.0991363173528389,0.9495899786631313,1.9665993928142416
within_season,130,red,continuum,942,224,557,ok,16,16,0.0,0.0,0.07526748052059742,0.9617314567462226,1.9668237701514268
within_season,131,blue,continuum,940,224,557,ok,16,16,0.0,0.0,0.087855064470376,0.9558277255603047,1.9889187411057418
within_season,131,core,continuum,940,224,557,ok,16,16,0.0,0.0,0.10194220506640957,0.9481240708685309,1.9651157439138585
within_season,131,red,continuum,940,224,557,ok,16,16,0.0,0.0,0.07006754709148244,0.9643705260112518,1.966561367524256
within_season,132,blue,continuum,937,224,557,ok,16,16,0.0,0.0,0.08611527683302671,0.9566935597466577,1.9885097073149636
within_season,132,core,continuum,937,224,557,ok,16,16,0.0,0.0,0.10170044740797907,0.9482395346893221,1.9648286930488408
within_season,132,red,continuum,937,224,557,ok,16,16,0.0,0.0,0.06252831478929911,0.9681879211625992,1.9655526163158465
within_season,133,blue,continuum,934,224,557,ok,16,16,0.0,0.0,0.07992466359040555,0.9597979855848697,1.9880760890510347
within_season,133,core,continuum,934,224,557,ok,16,16,0.0,0.0,0.09901874464250943,0.9495965106576683,1.9645216221042023
within_season,133,red,continuum,934,224,557,ok,16,16,0.0,0.0,0.05656468656211416,0.9712067323078811,1.9645108421506685
within_season,134,blue,continuum,931,224,557,ok,16,16,0.0,0.0,0.07160623568125667,0.9639814280967253,1.9880365016567039
within_season,134,core,continuum,931,224,557,ok,16,16,0.0,0.0,0.09612427426128592,0.951061724426135,1.9641941432161991
within_season,134,red,continuum,931,224,557,ok,16,16,0.0,0.0,0.05236417692804405,0.9733220025564734,1.9628226233581147
within_season,135,blue,continuum,928,224,557,ok,16,16,0.0,0.0,0.06283641975040404,0.9683934498369017,1.9880821989793651
within_season,135,core,continuum,928,224,557,ok,16,16,0.0,0.0,0.09442159566040831,0.9519200576913652,1.9638458601779751
within_season,135,red,continuum,928,224,557,ok,16,16,0.0,0.0,0.05043306030947706,0.9742869922267797,1.9613831549493925
within_season,136,blue,continuum,925,224,557,ok,16,16,0.0,0.0,0.059468066499279444,0.9700855340256488,1.987936757763541
within_season,136,core,continuum,925,224,557,ok,16,16,0.0,0.0,0.09635357505468914,0.9509270513187473,1.9634763682235987
within_season,136,red,continuum,925,224,557,ok,16,16,0.0,0.0,0.04421885890674085,0.9774415159886709,1.9601875234405641
within_season,137,blue,continuum,922,224,557,ok,16,16,0.0,0.0,0.054377933660895744,0.9726439506469863,1.9877846014671392
within_season,137,core,continuum,922,224,557,ok,16,16,0.0,0.0,0.09587888777688033,0.9511590810480464,1.9630852538053056
within_season,137,red,continuum,922,224,557,ok,16,16,0.0,0.0,0.03418742728639714,0.9825478748044711,1.9589263143239282
within_season,138,blue,continuum,919,224,557,ok,16,16,0.0,0.0,0.04786834388121799,0.9759168208250258,1.987625617591223
within_season,138,core,continuum,919,224,557,ok,16,16,0.0,0.0,0.09906230795848683,0.9495268169130394,1.96267209436369
within_season,138,red,continuum,919,224,557,ok,16,16,0.0,0.0,0.028487708722183862,0.9854499264118148,1.9579082229052314
within_season,139,blue,continuum,916,224,557,ok,16,16,0.0,0.0,0.04284492104208898,0.9784377329343534,1.9870322963558098
within_season,139,core,continuum,916,224,557,ok,16,16,0.0,0.0,0.10030037468333733,0.9488846646030936,1.9622364580905747
within_season,139,red,continuum,916,224,557,ok,16,16,0.0,0.0,0.022804350061216873,0.9883444114985955,1.956516400563471
within_season,140,blue,continuum,913,224,557,ok,16,16,0.0,0.0,0.03906842041805872,0.9803310687564327,1.9863011332065101
within_season,140,core,continuum,913,224,557,ok,16,16,0.0,0.0,0.10222829254087114,0.9478899765621361,1.9617779036842773
within_season,140,red,continuum,913,224,557,ok,16,16,0.0,0.0,0.0177839715368105,0.9909008105233372,1.9544566669835903
within_season,141,blue,continuum,910,224,557,ok,16,16,0.0,0.0,0.03429381929576103,0.9827370238398195,1.9865531283571298
within_season,141,core,continuum,910,224,557,ok,16,16,0.0,0.0,0.10574064280619622,0.946086340930058,1.9612959800969754
within_season,141,red,continuum,910,224,557,ok,16,16,0.0,0.0,0.0155490105810011,0.9920368897039465,1.9526303169136492
within_season,142,blue,continuum,907,224,557,ok,16,16,0.0,0.0,0.032504667927681294,0.983639612238308,1.9867908023421834
within_season,142,core,continuum,907,224,557,ok,16,16,0.0,0.0,0.10849834438712419,0.9446734569609062,1.9610541058106445
within_season,142,red,continuum,907,224,557,ok,16,16,0.0,0.0,0.015445108978070337,0.9920856164055374,1.951523930287708
within_season,143,blue,continuum,904,224,557,ok,16,16,0.0,0.0,0.03466284456352153,0.9825615740547914,1.987727830047956
within_season,143,core,continuum,904,224,557,ok,16,16,0.0,0.0,0.10893332280977353,0.9444429659681696,1.9607476300365851
within_season,143,red,continuum,904,224,557,ok,16,16,0.0,0.0,0.018426733774882832,0.9905561686139266,1.951192585040883
within_season,144,blue,continuum,901,224,557,ok,16,16,0.0,0.0,0.03628240012997303,0.9817546562206595,1.988584077602102
within_season,144,core,continuum,901,224,557,ok,16,16,0.0,0.0,0.11030376187085558,0.9437333400017541,1.9603751470994415
within_season,144,red,continuum,901,224,557,ok,16,16,0.0,0.0,0.02824852869964323,0.9855176309671322,1.9505461182167814
within_season,145,blue,continuum,898,224,557,ok,16,16,0.0,0.0,0.03521779287926621,0.9823021441571873,1.9899468722121232
within_season,145,core,continuum,898,224,557,ok,16,16,0.0,0.0,0.10978172843086766,0.9440166141910749,1.9609697921015286
within_season,145,red,continuum,898,224,557,ok,16,16,0.0,0.0,0.03565105881094678,0.9817161539067194,1.949866490292142
within_season,146,blue,continuum,895,224,557,ok,16,16,0.0,0.0,0.042373406445595764,0.9787190999885538,1.9911472927744935
within_season,146,core,continuum,895,224,557,ok,16,16,0.0,0.0,0.1162540771244173,0.9407322708094136,1.9615071930726538
within_season,146,red,continuum,895,224,557,ok,16,16,0.0,0.0,0.04703796360474943,0.9758674839982192,1.9491529023032033
within_season,147,blue,continuum,892,224,557,ok,16,16,0.0,0.0,0.05245221618680153,0.973670957547214,1.9921809264754047
within_season,147,core,continuum,892,224,557,ok,16,16,0.0,0.0,0.12932572844040427,0.9340842750032514,1.9619859820518333
within_season,147,red,continuum,892,224,557,ok,16,16,0.0,0.0,0.05622535950509387,0.9711428717271561,1.9484045319230514
within_season,148,blue,continuum,889,224,557,ok,16,16,0.0,0.0,0.06417680229897037,0.9677995924524031,1.993043168913552
within_season,148,core,continuum,889,224,557,ok,16,16,0.0,0.0,0.13605678351740752,0.9306512652532711,1.9619216416032053
within_season,148,red,continuum,889,224,557,ok,16,16,0.0,0.0,0.07132759944923989,0.9633731181811204,1.9474111883713112
within_season,149,blue,continuum,886,224,557,ok,16,16,0.0,0.0,0.07044104550756547,0.9646660281201683,1.993578467406111
within_season,149,core,continuum,886,224,557,ok,16,16,0.0,0.0,0.13801767657129443,0.9296481482962027,1.9618200975347568
within_season,149,red,continuum,886,224,557,ok,16,16,0.0,0.0,0.0749992960972853,0.9614677112171227,1.9464012771183463
within_season,150,blue,continuum,883,224,557,ok,16,16,0.0,0.0,0.07524108944267682,0.9622665680117981,1.9940165916050905
within_season,150,core,continuum,883,224,557,ok,16,16,0.0,0.0,0.1308155601177421,0.9333145502713153,1.961680706210664
within_season,150,red,continuum,883,224,557,ok,16,16,0.0,0.0,0.0756865805451312,0.9611182347234146,1.9465829292146286
within_season,151,blue,continuum,880,224,557,ok,16,16,0.0,0.0,0.07928344477324006,0.960244170089075,1.9942595828304626
within_season,151,core,continuum,880,224,557,ok,16,16,0.0,0.0,0.12300310932080165,0.9372903967284609,1.961471655117724
within_season,151,red,continuum,880,224,557,ok,16,16,0.0,0.0,0.07590156669567229,0.9610113660342018,1.9467613756936202
within_season,152,blue,continuum,877,224,557,ok,16,16,0.0,0.0,0.08547863600219972,0.9571399930210635,1.9943682240697713
within_season,152,core,continuum,877,224,557,ok,16,16,0.0,0.0,0.11830549428269276,0.9396786595317324,1.9612543979344763
within_season,152,red,continuum,877,224,557,ok,16,16,0.0,0.0,0.06933240526223537,0.9644107351875117,1.9481269317456262
within_season,153,blue,continuum,874,224,557,ok,16,16,0.0,0.0,0.08759214449268876,0.9560706623760488,1.9939327390388768
within_season,153,core,continuum,874,224,557,ok,16,16,0.0,0.0,0.11537015464199649,0.9412005153369638,1.9620946561547485
within_season,153,red,continuum,874,224,557,ok,16,16,0.0,0.0,0.06503286605309687,0.9666264452483732,1.9486346760806712
within_season,154,blue,continuum,871,224,557,ok,16,16,0.0,0.0,0.09038737136825704,0.9546572581099213,1.993425355426829
within_season,154,core,continuum,871,224,557,ok,16,16,0.0,0.0,0.11515461245578297,0.9413352749144105,1.9629276756650098
within_season,154,red,continuum,871,224,557,ok,16,16,0.0,0.0,0.06931088497032624,0.964439621807914,1.9491042698120502
within_season,155,blue,continuum,869,224,557,ok,16,16,0.0,0.0,0.08802863111167772,0.9558446477795939,1.9936117975522736
within_season,155,core,continuum,869,224,557,ok,16,16,0.0,0.0,0.11418567537567353,0.9417936407552706,1.9617388350227905
within_season,155,red,continuum,869,224,557,ok,16,16,0.0,0.0,0.06234012618865095,0.9680283178378334,1.9498544328211984
within_season,156,blue,continuum,866,224,557,ok,16,16,0.0,0.0,0.08899494953971074,0.9553580783612969,1.9935286446664735
within_season,156,core,continuum,866,224,557,ok,16,16,0.0,0.0,0.10823124408864992,0.9448056054794912,1.9609100711927194
within_season,156,red,continuum,866,224,557,ok,16,16,0.0,0.0,0.05322831340862739,0.9727070479948032,1.950258564866572
within_season,157,blue,continuum,863,224,557,ok,16,16,0.0,0.0,0.08768400992273792,0.9560272668267331,1.9940541238870566
within_season,157,core,continuum,863,224,557,ok,16,16,0.0,0.0,0.10192693525534505,0.9479982123901963,1.9600659888878371
within_season,157,red,continuum,863,224,557,ok,16,16,0.0,0.0,0.04271033735659817,0.9781066794933112,1.9508387201269601
within_season,158,blue,continuum,860,224,557,ok,16,16,0.0,0.0,0.08541340415737488,0.9571800216896093,1.9947091878056442
within_season,158,core,continuum,860,224,557,ok,16,16,0.0,0.0,0.08880288274631759,0.9546740529743355,1.959206339274843
within_season,158,red,continuum,860,224,557,ok,16,16,0.0,0.0,0.039380520435675574,0.9798278781236991,1.95222499036859
within_season,159,blue,continuum,857,224,557,ok,16,16,0.0,0.0,0.07888307228015258,0.9604552718492543,1.994780997847495
within_season,159,core,continuum,857,224,557,ok,16,16,0.0,0.0,0.078448484547396,0.9599743986489244,1.9599576745719018
within_season,159,red,continuum,857,224,557,ok,16,16,0.0,0.0,0.03455071395430102,0.9823124459135696,1.9533912821110597
within_season,160,blue,continuum,854,224,557,ok,16,16,0.0,0.0,0.07151659907431666,0.964148504257586,1.9948009864957805
within_season,160,core,continuum,854,224,557,ok,16,16,0.0,0.0,0.06979798512246049,0.9643810283148505,1.9595732785166589
within_season,160,red,continuum,854,224,557,ok,16,16,0.0,0.0,0.030176147743937582,0.9845598503214106,1.954394767673936
within_season,161,blue,continuum,851,224,557,ok,16,16,0.0,0.0,0.07231497117298458,0.9637467858724265,1.9947188935720632
within_season,161,core,continuum,851,224,557,ok,16,16,0.0,0.0,0.05986702912514075,0.9694425369042876,1.959162281817199
within_season,161,red,continuum,851,224,557,ok,16,16,0.0,0.0,0.03245712757062624,0.9833989762394549,1.955128071544943
within_season,162,blue,continuum,848,224,557,ok,16,16,0.0,0.0,0.07451921673903705,0.9626397770572376,1.9946138130172268
within_season,162,core,continuum,848,224,557,ok,16,16,0.0,0.0,0.05239855758013867,0.9732486275939531,1.9587240902935745
within_season,162,red,continuum,848,224,557,ok,16,16,0.0,0.0,0.03717147540710797,0.9809947449052878,1.9558524851081907
within_season,163,blue,continuum,845,224,557,ok,16,16,0.0,0.0,0.07354090989700968,0.9631278741509632,1.9944852162336275
within_season,163,core,continuum,845,224,557,ok,16,16,0.0,0.0,0.04681586001988169,0.9760926903860628,1.9582236887328175
within_season,163,red,continuum,845,224,557,ok,16,16,0.0,0.0,0.045037000825376115,0.9769888353508221,1.957180417071379
within_season,164,blue,continuum,842,224,557,ok,16,16,0.0,0.0,0.07471810791492417,0.9625352534780482,1.9943577589973687
within_season,164,core,continuum,842,224,557,ok,16,16,0.0,0.0,0.04749308054343499,0.9757398640440379,1.957659290518659
within_season,164,red,continuum,842,224,557,ok,16,16,0.0,0.0,0.05062350172888723,0.9741514566185214,1.9584663236830884
within_season,165,blue,continuum,839,224,557,ok,16,16,0.0,0.0,0.07673872356020717,0.9615185084534642,1.9941722754536881
within_season,165,core,continuum,839,224,557,ok,16,16,0.0,0.0,0.04986618435242829,0.9745194459782436,1.9570290469292924
within_season,165,red,continuum,839,224,557,ok,16,16,0.0,0.0,0.05928974266833517,0.9697456436744578,1.9597092739428028
within_season,166,blue,continuum,836,224,557,ok,16,16,0.0,0.0,0.07770273660954609,0.9610303017958088,1.9939270815597216
within_season,166,core,continuum,836,224,557,ok,16,16,0.0,0.0,0.050594226500182984,0.9741382080254675,1.9563310442681512
within_season,166,red,continuum,836,224,557,ok,16,16,0.0,0.0,0.06610439192603634,0.9662888919791254,1.9609083120348052
within_season,167,blue,continuum,833,224,557,ok,16,16,0.0,0.0,0.08400212573593803,0.957862269649478,1.9935132964487585
within_season,167,core,continuum,833,224,557,ok,16,16,0.0,0.0,0.047224613665066306,0.9758511454754347,1.9555633008193942
within_season,167,red,continuum,833,224,557,ok,16,16,0.0,0.0,0.06701460692506508,0.9658167704665678,1.960452767036618
within_season,168,blue,continuum,831,224,557,ok,16,16,0.0,0.0,0.08702339495002087,0.9563353903536774,1.9929960591632108
within_season,168,core,continuum,831,224,557,ok,16,16,0.0,0.0,0.04759931161579248,0.97564212900668,1.9541655191804894
within_season,168,red,continuum,831,224,557,ok,16,16,0.0,0.0,0.07278403902278203,0.9628839994822445,1.9609881993606433
within_season,169,blue,continuum,829,224,557,ok,16,16,0.0,0.0,0.08657745727126673,0.9565468753620984,1.9924334093974492
within_season,169,core,continuum,829,224,557,ok,16,16,0.0,0.0,0.04925847357617754,0.974773874656787,1.9526769531980586
within_season,169,red,continuum,829,224,557,ok,16,16,0.0,0.0,0.07394216647898422,0.9623030853813908,1.9614912049720492
within_season,170,blue,continuum,827,224,557,ok,16,16,0.0,0.0,0.08504698076816247,0.9573019741197462,1.99182465734308
within_season,170,core,continuum,827,224,557,ok,16,16,0.0,0.0,0.0544070683429801,0.9721111026579926,1.9508504648202734
within_season,170,red,continuum,827,224,557,ok,16,16,0.0,0.0,0.07682524621810571,0.960842630481722,1.9619613667420885
within_season,171,blue,continuum,825,224,557,ok,16,16,0.0,0.0,0.08714164236072613,0.9562357384734838,1.9911598944249969
within_season,171,core,continuum,825,224,557,ok,16,16,0.0,0.0,0.06069654513258225,0.9688759993625652,1.950152419017066
within_season,171,red,continuum,825,224,557,ok,16,16,0.0,0.0,0.07169878696554334,0.9634446840331463,1.9613778480414679
within_season,172,blue,continuum,823,224,557,ok,16,16,0.0,0.0,0.09430780332978252,0.9526183031018151,1.9903846739054896
within_season,172,core,continuum,823,224,557,ok,16,16,0.0,0.0,0.06929609916727703,0.9644529509852322,1.9494191807170393
within_season,172,red,continuum,823,224,557,ok,16,16,0.0,0.0,0.0652357484166968,0.9667290280807744,1.9607406893635233
within_season,173,blue,continuum,821,224,557,ok,16,16,0.0,0.0,0.09315921054480775,0.953175986598078,1.989560564686322
within_season,173,core,continuum,821,224,557,ok,16,16,0.0,0.0,0.06940807931650514,0.9643776596079948,1.9484424255314416
within_season,173,red,continuum,821,224,557,ok,16,16,0.0,0.0,0.05792438718052273,0.9704539063576381,1.960475312969062
within_season,174,blue,continuum,819,224,557,ok,16,16,0.0,0.0,0.09072815865771175,0.9543778546574054,1.9886868093641468
within_season,174,core,continuum,819,224,557,ok,16,16,0.0,0.0,0.06952917479913624,0.9642789939530577,1.9464506320948924
within_season,174,red,continuum,819,224,557,ok,16,16,0.0,0.0,0.05327822580054974,0.9728188035958304,1.960113344840735
within_season,175,blue,continuum,817,224,557,ok,16,16,0.0,0.0,0.09010518524279743,0.9546700477660885,1.9877626338063867
within_season,175,core,continuum,817,224,557,ok,16,16,0.0,0.0,0.0691717931646917,0.9644250895473127,1.9443982369733974
within_season,175,red,continuum,817,224,557,ok,16,16,0.0,0.0,0.053328721967074055,0.9727815074464343,1.9592827142107079
within_season,176,blue,continuum,815,224,557,ok,16,16,0.0,0.0,0.08806903754242743,0.955676173790024,1.9869457371576307
within_season,176,core,continuum,815,224,557,ok,16,16,0.0,0.0,0.06670387271028289,0.9656790456308859,1.9435319890262308
within_season,176,red,continuum,815,224,557,ok,16,16,0.0,0.0,0.05312807290896811,0.9728716174828793,1.9583944186661015
within_season,177,blue,continuum,813,224,557,ok,16,16,0.0,0.0,0.08771739983567817,0.9558343066451385,1.9860981040394496
within_season,177,core,continuum,813,224,557,ok,16,16,0.0,0.0,0.06969387574391712,0.9641239055665844,1.942627168441256
within_season,177,red,continuum,813,224,557,ok,16,16,0.0,0.0,0.0600443707899361,0.9693251678140785,1.9574474091986727
within_season,178,blue,continuum,811,224,557,ok,16,16,0.0,0.0,0.08841420331491585,0.955463762278829,1.9852194042175868
within_season,178,core,continuum,811,224,557,ok,16,16,0.0,0.0,0.06597043302664697,0.9660263066611917,1.941809280749839
within_season,178,red,continuum,811,224,557,ok,16,16,0.0,0.0,0.06741661528052575,0.9655411899482487,1.9564406077655452
within_season,179,blue,continuum,809,224,557,ok,16,16,0.0,0.0,0.08796513782671933,0.9556696439818135,1.9843093024254457
within_season,179,core,continuum,809,224,557,ok,16,16,0.0,0.0,0.06262946993384785,0.9677314708654252,1.9408839390433257
within_season,179,red,continuum,809,224,557,ok,16,16,0.0,0.0,0.06906994475165279,0.9646553778291498,1.9541854038721862
within_season,180,blue,continuum,807,224,557,ok,16,16,0.0,0.0,0.09032907979719929,0.9544567097639001,1.9833674582781868
within_season,180,core,continuum,807,224,557,ok,16,16,0.0,0.0,0.06428589383238312,0.9668683114238681,1.940314442008089
within_season,180,red,continuum,807,224,557,ok,16,16,0.0,0.0,0.06987347109341391,0.9642005732616268,1.9518041896049958
within_season,181,blue,continuum,805,224,557,ok,16,16,0.0,0.0,0.09161704424118966,0.9537962428765007,1.9828916509171295
within_season,181,core,continuum,805,224,557,ok,16,16,0.0,0.0,0.0671627006709597,0.9654170198050688,1.9420738262691346
within_season,181,red,continuum,805,224,557,ok,16,16,0.0,0.0,0.06678416613418071,0.9657392971511594,1.9492935223435042
within_season,182,blue,continuum,803,224,557,ok,16,16,0.0,0.0,0.09359428011745632,0.952787441672564,1.98240221316427
within_season,182,core,continuum,803,224,557,ok,16,16,0.0,0.0,0.07178077385520483,0.96304912048685,1.9425998731548328
within_season,182,red,continuum,803,224,557,ok,16,16,0.0,0.0,0.06845609255141177,0.9648217043780357,1.9459752481206014
within_season,183,blue,continuum,801,224,557,ok,16,16,0.0,0.0,0.09804235920508868,0.9505311009108559,1.9818989508623186
within_season,183,core,continuum,801,224,557,ok,16,16,0.0,0.0,0.08298321088766891,0.9572778492274423,1.942393100231568
within_season,183,red,continuum,801,224,557,ok,16,16,0.0,0.0,0.07255585728120974,0.962665720842394,1.9434112273847948
within_season,184,blue,continuum,799,224,557,ok,16,16,0.0,0.0,0.1051089923785175,0.9469516680485991,1.981381666718772
within_season,184,core,continuum,799,224,557,ok,16,16,0.0,0.0,0.09655070880578907,0.9502868789732833,1.9421574588708896
within_season,184,red,continuum,799,224,557,ok,16,16,0.0,0.0,0.07887766338722736,0.9593678601414566,1.9412628441876736
within_season,185,blue,continuum,797,224,557,ok,16,16,0.0,0.0,0.11032167284877256,0.9442864841141806,1.9801599503227991
within_season,185,core,continuum,797,224,557,ok,16,16,0.0,0.0,0.10656435787115616,0.9451234479701186,1.9418923735064417
within_season,185,red,continuum,797,224,557,ok,16,16,0.0,0.0,0.07796485846469342,0.9598114672483881,1.9399777281385393
within_season,186,blue,continuum,795,224,557,ok,16,16,0.0,0.0,0.10799728039059005,0.9454449487994867,1.9796018519651555
within_season,186,core,continuum,795,224,557,ok,16,16,0.0,0.0,0.10798724164873943,0.9443481837129821,1.9404082176187685
within_season,186,red,continuum,795,224,557,ok,16,16,0.0,0.0,0.07494236187868994,0.9613434155268584,1.9386700325467054
within_season,187,blue,continuum,793,224,557,ok,16,16,0.0,0.0,0.10878151734641542,0.9450378067349223,1.979206266783641
within_season,187,core,continuum,793,224,557,ok,16,16,0.0,0.0,0.10805392028217137,0.9442692855458694,1.9388576181112054
within_season,187,red,continuum,793,224,557,ok,16,16,0.0,0.0,0.07390256112149347,0.961853581257319,1.9373394294234458
within_season,188,blue,continuum,791,224,557,ok,16,16,0.0,0.0,0.1078193130687084,0.9455080785577393,1.9786293126578969
within_season,188,core,continuum,791,224,557,ok,16,16,0.0,0.0,0.10336924832079031,0.946641944259642,1.9372753914383307
within_season,188,red,continuum,791,224,557,ok,16,16,0.0,0.0,0.06970882123033861,0.9640108003453893,1.9369372450439608
within_season,189,blue,continuum,789,224,557,ok,16,16,0.0,0.0,0.0977038760776421,0.9506056450388415,1.9780372909914914
within_season,189,core,continuum,789,224,557,ok,16,16,0.0,0.0,0.10332407321629733,0.9466197875475078,1.9356249904073455
within_season,189,red,continuum,789,224,557,ok,16,16,0.0,0.0,0.07043762775497761,0.9636267138973725,1.9365208729350836
within_season,190,blue,continuum,788,224,557,ok,16,16,0.0,0.0,0.08998093771494925,0.9545034839740529,1.9777544650590921
within_season,190,core,continuum,788,224,557,ok,16,16,0.0,0.0,0.09401662000883625,0.951399866713189,1.9344930486919103
within_season,190,red,continuum,788,224,557,ok,16,16,0.0,0.0,0.06769780783650345,0.9650508955714787,1.9370398453259536
within_season,191,blue,continuum,787,224,557,ok,16,16,0.0,0.0,0.08570383723128963,0.9566543696852365,1.9772197706881425
within_season,191,core,continuum,787,224,557,ok,16,16,0.0,0.0,0.09263774249662507,0.9520834520035133,1.9333141966616059
within_season,191,red,continuum,787,224,557,ok,16,16,0.0,0.0,0.06777964149180313,0.965017965774545,1.9375557480440229
within_season,192,blue,continuum,786,224,557,ok,16,16,0.0,0.0,0.08942012361401912,0.9547676734160208,1.9769074546276064
within_season,192,core,continuum,786,224,557,ok,16,16,0.0,0.0,0.08989340281356373,0.9534734387245714,1.932087830033503
within_season,192,red,continuum,786,224,557,ok,16,16,0.0,0.0,0.07242344363630886,0.9626311237930847,1.9380685476141377
within_season,193,blue,continuum,785,224,557,ok,16,16,0.0,0.0,0.09127389089567652,0.9538157731869192,1.9763000745922439
within_season,193,core,continuum,785,224,557,ok,16,16,0.0,0.0,0.08852799675316918,0.9541195515995359,1.9295364330457057
within_season,193,red,continuum,785,224,557,ok,16,16,0.0,0.0,0.07331967561646277,0.9621963264261287,1.9394854701935382
within_season,194,blue,continuum,784,224,557,ok,16,16,0.0,0.0,0.09004726390260734,0.9544353915931322,1.9762545328719379
within_season,194,core,continuum,784,224,557,ok,16,16,0.0,0.0,0.08351807435724601,0.9566568326278142,1.9269028873704608
within_season,194,red,continuum,784,224,557,ok,16,16,0.0,0.0,0.08210927763360304,0.9576801867333837,1.940208883160989
within_season,195,blue,continuum,783,224,557,ok,16,16,0.0,0.0,0.08994601179627748,0.9544854097893504,1.9762017274019463
within_season,195,core,continuum,783,224,557,ok,16,16,0.0,0.0,0.08191427778631673,0.9574291375564575,1.9241864760186993
within_season,195,red,continuum,783,224,557,ok,16,16,0.0,0.0,0.08260943237415788,0.95743041054124,1.9405738562310353
within_season,196,blue,continuum,782,224,557,ok,16,16,0.0,0.0,0.08542991165100162,0.9567866125946635,1.9769316126430696
within_season,196,core,continuum,782,224,557,ok,16,16,0.0,0.0,0.08014758045322995,0.9582865904630533,1.921386464039603
within_season,196,red,continuum,782,224,557,ok,16,16,0.0,0.0,0.08273110600746905,0.9573949939027118,1.941816551288673
within_season,197,blue,continuum,781,224,557,ok,16,16,0.0,0.0,0.08330125162888573,0.9578784085140118,1.9776378026123742
within_season,197,core,continuum,781,224,557,ok,16,16,0.0,0.0,0.0815092273412378,0.9575141317671365,1.9185020980267757
within_season,197,red,continuum,781,224,557,ok,16,16,0.0,0.0,0.08752249705527851,0.9549553620639024,1.9430169952623872
within_season,198,blue,continuum,780,224,557,ok,16,16,0.0,0.0,0.08767427349654341,0.9556771335783446,1.9780822084581435
within_season,198,core,continuum,780,224,557,ok,16,16,0.0,0.0,0.08836045504326777,0.9538715995828303,1.9155326056001407
within_season,198,red,continuum,780,224,557,ok,16,16,0.0,0.0,0.08347690093256144,0.9570726561361973,1.944609039809495
within_season,199,blue,continuum,779,224,557,ok,16,16,0.0,0.0,0.08836438095228805,0.9553438317777921,1.978772126452709
within_season,199,core,continuum,779,224,557,ok,16,16,0.0,0.0,0.0986603847831759,0.9484122555561856,1.9124771948622339
within_season,199,red,continuum,779,224,557,ok,16,16,0.0,0.0,0.07987995100923528,0.9589367335936058,1.9452897443345296
within_season,200,blue,continuum,778,224,557,ok,16,16,0.0,0.0,0.08419210581660753,0.9574666627456905,1.9794380420519957
within_season,200,core,continuum,778,224,557,ok,16,16,0.0,0.0,0.1077976121326045,0.9435418042964671,1.909335053827429
within_season,200,red,continuum,778,224,557,ok,16,16,0.0,0.0,0.08000354040191329,0.9588758776350255,1.9454163590869098
native,0,blue,continuum,223,224,557,ok,16,16,0.0,0.0,0.08397655205638696,0.9580108076031263,1.9999563521645478
native,0,core,continuum,223,224,557,ok,16,16,0.0,0.0,0.237697863992164,0.8811484741979972,1.9999563521645478
native,0,red,continuum,223,224,557,ok,16,16,0.0,0.0,0.03898999703888118,0.9805045760140303,1.9999563521645478
native,1,blue,continuum,205,224,557,ok,16,16,0.0,0.0,0.07250135496823759,0.9637458905588688,1.9998106721105382
native,1,core,continuum,205,224,557,ok,16,16,0.0,0.0,0.22374376075886293,0.8880943558211442,1.9993965666401883
native,1,red,continuum,205,224,557,ok,16,16,0.0,0.0,0.03348123286386076,0.9832520850734312,1.999128429458787
native,2,blue,continuum,83,224,557,ok,16,16,0.0,0.012048192771084338,0.16957446825611383,0.91471127298551,1.9882401132250953
native,2,core,continuum,83,224,557,ok,16,13,0.1875,0.0,0.36331161571717263,0.8156352897465493,1.970613656039267
native,2,red,continuum,83,224,557,ok,16,15,0.0625,0.0,0.12132873614816948,0.9385269521726816,1.9736899411428126
native,3,blue,continuum,75,224,557,ok,16,16,0.0,0.0,0.1316583579912053,0.9337677270505433,1.9878278689254212
native,3,core,continuum,75,224,557,ok,16,13,0.1875,0.013333333333333334,0.39638869408718963,0.7963241940700716,1.9461746685002013
native,3,red,continuum,75,224,557,ok,16,15,0.0625,0.02666666666666667,0.2538566168398442,0.8711869534590309,1.9707368442613822
native,4,blue,continuum,75,224,557,ok,16,16,0.0,0.013333333333333334,0.11683479010208037,0.9413913208366196,1.9934724987810442
native,4,core,continuum,75,224,557,ok,16,13,0.1875,0.0,0.3066388478311518,0.8369402258837858,1.8805303116181644
native,4,red,continuum,75,224,557,ok,16,15,0.0625,0.02666666666666667,0.23370680056230098,0.8816317872013686,1.9744050791734438
native,5,blue,continuum,79,224,557,ok,16,16,0.0,0.02531645569620253,0.12817355443933476,0.9355590653064959,1.989008307358633
native,5,core,continuum,79,224,557,ok,16,14,0.125,0.012658227848101266,0.35078375461842787,0.8221754054970256,1.9726391368914968
native,5,red,continuum,79,224,557,ok,16,15,0.0625,0.02531645569620253,0.2593146861358883,0.8687710050838097,1.976047186077286
native,6,blue,continuum,97,224,557,ok,16,16,0.0,0.010309278350515464,0.158066349176561,0.9202000363367313,1.980782219946271
native,6,core,continuum,97,224,557,ok,16,15,0.0625,0.020618556701030927,0.3333953033124503,0.8327706272456049,1.9936408169281263
native,6,red,continuum,97,224,557,ok,16,15,0.0625,0.010309278350515464,0.25653973593794305,0.8703123215138229,1.9781350004294085
native,7,blue,continuum,103,224,557,ok,16,16,0.0,0.0,0.1345757497943174,0.932593944011672,1.9964934577632083
native,7,core,continuum,103,224,557,ok,16,15,0.0625,0.009708737864077669,0.2958806239607855,0.8515134901444648,1.992643131343394
native,7,red,continuum,103,224,557,ok,16,16,0.0,0.009708737864077669,0.11078035218595987,0.9440002022232936,1.9782277183872239
native,8,blue,continuum,100,224,557,ok,16,16,0.0,0.01,0.24983564938380687,0.8748332508173795,1.996022514088724
native,8,core,continuum,100,224,557,ok,16,14,0.125,0.0,0.33820893780942546,0.8296089135584408,1.984898065224935
native,8,red,continuum,100,224,557,ok,16,15,0.0625,0.02,0.21086256682751245,0.8936281053951827,1.982314666960562
native,9,blue,continuum,84,224,557,ok,16,16,0.0,0.0,0.22452590763910849,0.8874205592141473,1.9943775352926045
native,9,core,continuum,84,224,557,ok,16,14,0.125,0.0,0.3462254297289191,0.8247917560515574,1.976079560678667
native,9,red,continuum,84,224,557,ok,16,15,0.0625,0.011904761904761904,0.18776465047998148,0.9043685576901961,1.9634196237646013
native,10,blue,continuum,66,224,557,ok,16,16,0.0,0.06060606060606061,0.23120824467984863,0.8797074688023508,1.922049876063852
native,10,core,continuum,66,224,557,ok,16,14,0.125,0.015151515151515152,0.30838300525946316,0.8425666831805586,1.958816669111687
native,10,red,continuum,66,224,557,ok,16,14,0.125,0.015151515151515152,0.30644825164533995,0.8459410756812835,1.9891626077523503
native,11,blue,continuum,66,224,557,ok,16,15,0.0625,0.045454545454545456,0.29763941658316645,0.8454727671442229,1.9261292076650236
native,11,core,continuum,66,224,557,ok,16,14,0.125,0.030303030303030304,0.34736898188461823,0.8240668022173296,1.9744368104632632
native,11,red,continuum,66,224,557,ok,16,14,0.125,0.0,0.26126390490931145,0.8684261208703524,1.9856821630368786
native,12,blue,continuum,84,224,557,ok,16,16,0.0,0.023809523809523808,0.16851371605190546,0.9129494718796346,1.9358149765490258
native,12,core,continuum,84,224,557,ok,16,14,0.125,0.023809523809523808,0.4295852634336718,0.783784021989083,1.98683403227481
native,12,red,continuum,84,224,557,ok,16,15,0.0625,0.011904761904761904,0.23531373808724348,0.8810372223939034,1.9780450895859378
native,13,blue,continuum,102,224,557,ok,16,16,0.0,0.0,0.1050887723706016,0.9470714249476635,1.9854827428603228
native,13,core,continuum,102,224,557,ok,16,13,0.1875,0.0,0.4713231128849225,0.7636589379149408,1.994249787687309
native,13,red,continuum,102,224,557,ok,16,15,0.0625,0.0,0.17677230009698014,0.9112437651478694,1.9916606466180748
native,14,blue,continuum,108,224,557,ok,16,16,0.0,0.0,0.10383751206473152,0.9477784040353404,1.9884017358451196
native,14,core,continuum,108,224,557,ok,16,15,0.0625,0.027777777777777776,0.4158487123585666,0.7914036727177862,1.9935572106020703
native,14,red,continuum,108,224,557,ok,16,15,0.0625,0.0,0.23709160978195887,0.881244944843186,1.9964759350150063
native,15,blue,continuum,93,224,557,ok,16,16,0.0,0.010752688172043012,0.17116443964096334,0.9137794499595098,1.9851930840221093
native,15,core,continuum,93,224,557,ok,16,15,0.0625,0.021505376344086023,0.3193613001249517,0.839428574874109,1.9889049366944742
native,15,red,continuum,93,224,557,ok,16,15,0.0625,0.021505376344086023,0.3527747413713014,0.8218284556898928,1.979972406577437
native,16,blue,continuum,86,224,557,ok,16,16,0.0,0.011627906976744186,0.2849557623463015,0.8551458113330179,1.967190351681242
native,16,core,continuum,86,224,557,ok,16,14,0.125,0.011627906976744186,0.4484176795907743,0.7753144211436236,1.9957563893204378
native,16,red,continuum,86,224,557,ok,16,14,0.125,0.011627906976744186,0.36320346239527845,0.8144260344307876,1.9571897452383569
native,17,blue,continuum,71,224,557,ok,16,16,0.0,0.04225352112676056,0.2858676529683031,0.8566105495118055,1.99364494385756
native,17,core,continuum,71,224,557,ok,16,13,0.1875,0.0,0.4303676216593286,0.7840296629697825,1.9927163497416487
native,17,red,continuum,71,224,557,ok,16,13,0.1875,0.0,0.44558135557103884,0.7748602433077043,1.9791322604120354
native,18,blue,continuum,70,224,557,ok,16,14,0.125,0.014285714285714285,0.39573031393196945,0.8015004942821315,1.9936085608919822
native,18,core,continuum,70,224,557,ok,16,12,0.25,0.0,0.4502203761514546,0.7727421402229714,1.9810992525987134
native,18,red,continuum,70,224,557,ok,16,13,0.1875,0.0,0.3984848505518575,0.798856695327534,1.9810992525987132
native,19,blue,continuum,66,224,557,ok,16,15,0.0625,0.030303030303030304,0.25100409060191753,0.868346402280125,1.90654942173316
native,19,core,continuum,66,224,557,ok,16,13,0.1875,0.015151515151515152,0.4170938191731869,0.7862077996737473,1.95093094386367
native,19,red,continuum,66,224,557,ok,16,13,0.1875,0.015151515151515152,0.3901850023648754,0.8014893245780085,1.9655618093859437
native,20,blue,continuum,90,224,557,ok,16,16,0.0,0.0,0.2181626297150247,0.8894895456946981,1.974135669665398
native,20,core,continuum,90,224,557,ok,16,15,0.0625,0.011111111111111112,0.40124495897333146,0.7959339384840227,1.9662503210604485
native,20,red,continuum,90,224,557,ok,16,16,0.0,0.022222222222222223,0.24436222343422262,0.8772317300609337,1.9904346909466677
native,21,blue,continuum,90,224,557,ok,16,16,0.0,0.0,0.18051309172903846,0.9079345075493054,1.9607030487097177
native,21,core,continuum,90,224,557,ok,16,15,0.0625,0.011111111111111112,0.3678203931326576,0.8155302925986478,1.9939338459099294
native,21,red,continuum,90,224,557,ok,16,16,0.0,0.022222222222222223,0.2223830425717622,0.8880683346816477,1.9867750733384315
native,22,blue,continuum,85,224,557,ok,16,16,0.0,0.03529411764705882,0.23497380761730052,0.8811568170705117,1.9771753147735414
native,22,core,continuum,85,224,557,ok,16,16,0.0,0.023529411764705882,0.3369902265870318,0.8307282206269652,1.9908234428397265
native,22,red,continuum,85,224,557,ok,16,16,0.0,0.023529411764705882,0.2473311641647527,0.874906811592941,1.9771753147735414
native,23,blue,continuum,73,224,557,ok,16,15,0.0625,0.0136986301369863,0.29707940903480906,0.8503267900214686,1.9848535958934876
native,23,core,continuum,73,224,557,ok,16,15,0.0625,0.0547945205479452,0.49090780219379326,0.753006173235927,1.9875306546131029
native,23,red,continuum,73,224,557,ok,16,15,0.0625,0.0410958904109589,0.3886803132927207,0.8055138841348156,1.9984990268516112
native,24,blue,continuum,65,224,557,ok,16,13,0.1875,0.015384615384615385,0.46236691125106266,0.7676549782383251,1.9900013684189448
native,24,core,continuum,65,224,557,ok,16,15,0.0625,0.046153846153846156,0.33119182024092386,0.8326325401960586,1.9788304167900406
native,24,red,continuum,65,224,557,ok,16,16,0.0,0.06153846153846154,0.2396889073739415,0.8800418742793443,1.998104804772465
native,25,blue,continuum,61,224,557,ok,16,13,0.1875,0.01639344262295082,0.4696866986767313,0.7647293500109366,1.9963675821806275
native,25,core,continuum,61,224,557,ok,16,14,0.125,0.04918032786885246,0.40911286286381865,0.7928150714424873,1.9746265604944933
native,25,red,continuum,61,224,557,ok,16,15,0.0625,0.04918032786885246,0.22250539090852423,0.8866615487813923,1.9631942074041109
native,26,blue,continuum,68,224,557,ok,16,13,0.1875,0.014705882352941176,0.40801631593636556,0.7940115848468869,1.980773120823728
native,26,core,continuum,68,224,557,ok,16,14,0.125,0.014705882352941176,0.3745525606299866,0.8109778071075167,1.9815269037907832
native,26,red,continuum,68,224,557,ok,16,15,0.0625,0.029411764705882353,0.28590673333517236,0.8557139280883771,1.9815269037907832
native,27,blue,continuum,81,224,557,ok,16,16,0.0,0.024691358024691357,0.18218637376421287,0.9087290470612921,1.9961046521181633
native,27,core,continuum,81,224,557,ok,16,15,0.0625,0.037037037037037035,0.31868138587219275,0.839019906938972,1.9796322626759801
native,27,red,continuum,81,224,557,ok,16,15,0.0625,0.024691358024691357,0.29357908549294043,0.8525933777981572,1.991627520580078
native,28,blue,continuum,85,224,557,ok,16,16,0.0,0.0,0.11831001724392552,0.940836199054844,1.9997027803132028
native,28,core,continuum,85,224,557,ok,16,15,0.0625,0.011764705882352941,0.24642616308486542,0.8760517378493597,1.9881372986526575
native,28,red,continuum,85,224,557,ok,16,14,0.125,0.0,0.34170688680642114,0.8286450402339198,1.9941464622494234
native,29,blue,continuum,83,224,557,ok,16,16,0.0,0.012048192771084338,0.15513120789082074,0.9222932587426783,1.9963674371199291
native,29,core,continuum,83,224,557,ok,16,15,0.0625,0.012048192771084338,0.26702423869776615,0.8662449438250756,1.9963674371199294
native,29,red,continuum,83,224,557,ok,16,16,0.0,0.012048192771084338,0.21319170543306376,0.8929366480897405,1.9912668679732823
native,30,blue,continuum,74,224,557,ok,16,16,0.0,0.02702702702702703,0.1700853686278116,0.9148450296956194,1.9973627848128315
native,30,core,continuum,74,224,557,ok,16,15,0.0625,0.013513513513513514,0.1937208960823031,0.9020914697445596,1.978590584261567
native,30,red,continuum,74,224,557,ok,16,15,0.0625,0.013513513513513514,0.20012512406359803,0.8992700487708203,1.986748942310868
native,31,blue,continuum,68,224,557,ok,16,16,0.0,0.029411764705882353,0.15872531419486519,0.9203884640640623,1.993747668963317
native,31,core,continuum,68,224,557,ok,16,15,0.0625,0.029411764705882353,0.21768270176657556,0.8908173260060721,1.993747668963317
native,31,red,continuum,68,224,557,ok,16,15,0.0625,0.04411764705882353,0.2152361364576187,0.8911386563428245,1.9771585507472431
native,32,blue,continuum,66,224,557,ok,16,16,0.0,0.030303030303030304,0.15517627354572183,0.92085032488913,1.9605421415609905
native,32,core,continuum,66,224,557,ok,16,14,0.125,0.0,0.19695020962015464,0.9011577884146484,1.9925718623777005
native,32,red,continuum,66,224,557,ok,16,15,0.0625,0.045454545454545456,0.1341894986023159,0.9312895491131544,1.9529707179960605
native,33,blue,continuum,66,224,557,ok,16,14,0.125,0.030303030303030304,0.310054262555304,0.8418527936826506,1.9605421415609907
native,33,core,continuum,66,224,557,ok,16,14,0.125,0.0,0.2576768082850297,0.8691474079401746,1.9692143978869039
native,33,red,continuum,66,224,557,ok,16,16,0.0,0.045454545454545456,0.19416199882162266,0.9017950120333684,1.9771093387598153
native,34,blue,continuum,72,224,557,ok,16,16,0.0,0.013888888888888888,0.20410914658970475,0.8968380834246388,1.9785319366435015
native,34,core,continuum,72,224,557,ok,16,16,0.0,0.027777777777777776,0.21556693869171645,0.8876018353221661,1.9178866426297476
native,34,red,continuum,72,224,557,ok,16,15,0.0625,0.013888888888888888,0.26331940610850046,0.8678109961008559,1.991991756813635
native,35,blue,continuum,77,224,557,ok,16,16,0.0,0.012987012987012988,0.11686185080725978,0.9400461449032467,1.9491966049333849
native,35,core,continuum,77,224,557,ok,16,16,0.0,0.0,0.10184079079582804,0.948842380531973,1.9907257580559934
native,35,red,continuum,77,224,557,ok,16,16,0.0,0.025974025974025976,0.2591240624525961,0.8692492952734387,1.9818177117630227
native,36,blue,continuum,73,224,557,ok,16,16,0.0,0.0136986301369863,0.1103732862386761,0.9446804984280496,1.9951966865630721
native,36,core,continuum,73,224,557,ok,16,16,0.0,0.0,0.07452151793207096,0.9627317414261292,1.9995975337661407
native,36,red,continuum,73,224,557,ok,16,16,0.0,0.0410958904109589,0.25479352666544736,0.8712819245690862,1.9794696728681378
native,37,blue,continuum,68,224,557,ok,16,16,0.0,0.0,0.11794346098034986,0.9406895276840342,1.988577335078829
native,37,core,continuum,68,224,557,ok,16,15,0.0625,0.0,0.1435642786433225,0.9268899090394019,1.9636725485773905
native,37,red,continuum,68,224,557,ok,16,16,0.0,0.014705882352941176,0.10354489273706913,0.9478499339128222,1.985517958193497
native,38,blue,continuum,61,224,557,ok,16,16,0.0,0.03278688524590164,0.1298881054105448,0.9330644309066087,1.940494525852458
native,38,core,continuum,61,224,557,ok,16,13,0.1875,0.0,0.3255854782884106,0.8333895152325639,1.9541716041633288
native,38,red,continuum,61,224,557,ok,16,16,0.0,0.01639344262295082,0.12860525928172345,0.9354747232579016,1.9930989183625953
native,39,blue,continuum,58,224,557,ok,16,16,0.0,0.034482758620689655,0.18519079852359038,0.9058990517421802,1.9680014064916835
native,39,core,continuum,58,224,557,ok,16,15,0.0625,0.05172413793103448,0.2795610822681892,0.8560166602178769,1.9416210423457585
native,39,red,continuum,58,224,557,ok,16,16,0.0,0.034482758620689655,0.1080192242244972,0.9444647863998994,1.9450582292223602
native,40,blue,continuum,66,224,557,ok,16,16,0.0,0.015151515151515152,0.11690237361003962,0.9408720745392012,1.9771093387598153
native,40,core,continuum,66,224,557,ok,16,16,0.0,0.0,0.10458758752385718,0.9468576124282501,1.9680633916315609
native,40,red,continuum,66,224,557,ok,16,16,0.0,0.030303030303030304,0.05362252946173464,0.9723772010794177,1.9412417118157983
native,41,blue,continuum,75,224,557,ok,16,16,0.0,0.0,0.09037208754717446,0.9547822788258654,1.9985988944278992
native,41,core,continuum,75,224,557,ok,16,16,0.0,0.0,0.06973654877230806,0.9646602703449251,1.9733186827673899
native,41,red,continuum,75,224,557,ok,16,16,0.0,0.013333333333333334,0.13366325223316022,0.9319377910665075,1.9638394687391103
native,42,blue,continuum,82,224,557,ok,16,16,0.0,0.012195121951219513,0.14634143634950297,0.9258650542216474,1.9739872311639948
native,42,core,continuum,82,224,557,ok,16,16,0.0,0.012195121951219513,0.15362606471580192,0.9231044072059046,1.997852661428451
native,42,red,continuum,82,224,557,ok,16,16,0.0,0.0,0.17808586410046556,0.9109006110321852,1.9987327204319583
native,43,blue,continuum,74,224,557,ok,16,16,0.0,0.013513513513513514,0.16818255101889623,0.9139678138788834,1.9548794306136523
native,43,core,continuum,74,224,557,ok,16,16,0.0,0.013513513513513514,0.09285682154320804,0.9535102875405234,1.9973627848128312
native,43,red,continuum,74,224,557,ok,16,16,0.0,0.013513513513513514,0.16783891886035862,0.9153183132848091,1.9819978246872845
native,44,blue,continuum,72,224,557,ok,16,14,0.125,0.027777777777777776,0.31690244610657636,0.8375579717711777,1.9508648689129582
native,44,core,continuum,72,224,557,ok,16,16,0.0,0.05555555555555555,0.16588276283406583,0.9156196198530634,1.9658925753262104
native,44,red,continuum,72,224,557,ok,16,15,0.0625,0.013888888888888888,0.17914885957466153,0.9078864998000157,1.944870829853581
native,45,blue,continuum,71,224,557,ok,16,14,0.125,0.028169014084507043,0.2707186810937179,0.8612515573850078,1.9511475299576868
native,45,core,continuum,71,224,557,ok,16,15,0.0625,0.014084507042253521,0.19346212893798467,0.902487836259375,1.9839794495031338
native,45,red,continuum,71,224,557,ok,16,14,0.125,0.0,0.24940001017111094,0.8728522521193129,1.961497661800057
native,46,blue,continuum,72,224,557,ok,16,16,0.0,0.041666666666666664,0.15644888841945737,0.9204376651200142,1.9663687428913388
native,46,core,continuum,72,224,557,ok,16,15,0.0625,0.013888888888888888,0.20801815363694803,0.8958749524567587,1.997772472089982
native,46,red,continuum,72,224,557,ok,16,16,0.0,0.041666666666666664,0.18392473915469645,0.9079863897013913,1.998886236044991
native,47,blue,continuum,74,224,557,ok,16,15,0.0625,0.02702702702702703,0.13589273250237857,0.9306126734440813,1.9584661817581865
native,47,core,continuum,74,224,557,ok,16,16,0.0,0.013513513513513514,0.059083590756716674,0.9699496593861342,1.9661537789509915
native,47,red,continuum,74,224,557,ok,16,15,0.0625,0.013513513513513514,0.12009850619491577,0.9388114879696925,1.962762325964544
native,48,blue,continuum,68,224,557,ok,16,14,0.125,0.014705882352941176,0.19442169283435945,0.8994133637996431,1.9328779664834794
native,48,core,continuum,68,224,557,ok,16,16,0.0,0.029411764705882353,0.05988102723175222,0.9695584947656599,1.9670849641233388
native,48,red,continuum,68,224,557,ok,16,15,0.0625,0.014705882352941176,0.13361502252910076,0.9314418380453379,1.948929474180785
native,49,blue,continuum,72,224,557,ok,16,16,0.0,0.041666666666666664,0.25437037842479215,0.870639533228764,1.9663687428913388
native,49,core,continuum,72,224,557,ok,16,16,0.0,0.0,0.10639867256853225,0.9465867907311393,1.991991756813635
native,49,red,continuum,72,224,557,ok,16,16,0.0,0.041666666666666664,0.15477024350753887,0.9192177993388883,1.9158953611181424
native,50,blue,continuum,76,224,557,ok,16,16,0.0,0.05263157894736842,0.3425842769680138,0.8247885565238631,1.9552619975685117
native,50,core,continuum,76,224,557,ok,16,16,0.0,0.013157894736842105,0.11351262490944966,0.9424881675316649,1.973726449630124
native,50,red,continuum,76,224,557,ok,16,15,0.0625,0.02631578947368421,0.19641270476498485,0.89573545816189,1.8837919517255637
native,51,blue,continuum,79,224,557,ok,16,16,0.0,0.02531645569620253,0.1787768873894579,0.9089409776891402,1.9633077849127818
native,51,core,continuum,79,224,557,ok,16,15,0.0625,0.0,0.18102813285859554,0.9091414140101899,1.9924163565444222
native,51,red,continuum,79,224,557,ok,16,16,0.0,0.02531645569620253,0.12162171305771086,0.9371107614357886,1.9339034123227974
native,52,blue,continuum,74,224,557,ok,16,14,0.125,0.0,0.27430105095392276,0.8553869516916758,1.896793229675205
native,52,core,continuum,74,224,557,ok,16,15,0.0625,0.0,0.16602604559368236,0.9158267450422649,1.9724322847803268
native,52,red,continuum,74,224,557,ok,16,15,0.0625,0.0,0.05545621439552999,0.9711272299660381,1.920709870590835
native,53,blue,continuum,76,224,557,ok,16,16,0.0,0.013157894736842105,0.1853819125257388,0.9054192314097265,1.960038127082877
native,53,core,continuum,76,224,557,ok,16,16,0.0,0.013157894736842105,0.18002409236281322,0.9095095436823757,1.9894262852529234
native,53,red,continuum,76,224,557,ok,16,15,0.0625,0.0,0.07886957005165687,0.9600402730244422,1.973726449630124
native,54,blue,continuum,75,224,557,ok,16,16,0.0,0.02666666666666667,0.17929952714530023,0.9094999508566933,1.9812091688633195
native,54,core,continuum,75,224,557,ok,16,16,0.0,0.0,0.10007693312601937,0.9499518185828089,1.999611779932601
native,54,red,continuum,75,224,557,ok,16,16,0.0,0.013333333333333334,0.05146207605508622,0.9738698699247966,1.9694534970540372
native,55,blue,continuum,83,224,557,ok,16,15,0.0625,0.0,0.13089296635538458,0.9341664190935848,1.9882401132250955
native,55,core,continuum,83,224,557,ok,16,16,0.0,0.012048192771084338,0.09903057435885071,0.9503946154813476,1.9963674371199291
native,55,red,continuum,83,224,557,ok,16,16,0.0,0.024096385542168676,0.12766057706133996,0.9355247453041035,1.979993373635556
native,56,blue,continuum,88,224,557,ok,16,16,0.0,0.011363636363636364,0.1101885583973406,0.9445247507105827,1.9862652229371887
native,56,core,continuum,88,224,557,ok,16,16,0.0,0.011363636363636364,0.17128586362871834,0.9135892864558314,1.9822294783061354
native,56,red,continuum,88,224,557,ok,16,16,0.0,0.0,0.1380132531484287,0.9303013580596929,1.9801426441942613
native,57,blue,continuum,91,224,557,ok,16,16,0.0,0.01098901098901099,0.12479491164865628,0.9368325382017207,1.9756201705108856
native,57,core,continuum,91,224,557,ok,16,14,0.125,0.0,0.2880201537216218,0.8550490569648704,1.9870181434543595
native,57,red,continuum,91,224,557,ok,16,16,0.0,0.0,0.11700488362823785,0.9414089701700201,1.9969760553409612
native,58,blue,continuum,87,224,557,ok,16,16,0.0,0.022988505747126436,0.207894353467664,0.8958000697692368,1.9951486820313313
native,58,core,continuum,87,224,557,ok,16,16,0.0,0.011494252873563218,0.19593741284463057,0.9015036993910787,1.9892870253330464
native,58,red,continuum,87,224,557,ok,16,16,0.0,0.0,0.16763950149758047,0.9157765761333353,1.9904142315915925
native,59,blue,continuum,83,224,557,ok,16,15,0.0625,0.012048192771084338,0.18248581812751297,0.9072541230505009,1.967589548232727
native,59,core,continuum,83,224,557,ok,16,16,0.0,0.024096385542168676,0.1825334145740955,0.9078699479564539,1.9812581294084088
native,59,red,continuum,83,224,557,ok,16,16,0.0,0.012048192771084338,0.10223615924534663,0.9473999257189288,1.9436504727929194
native,60,blue,continuum,68,224,557,ok,16,16,0.0,0.029411764705882353,0.1635102094270507,0.917414951820924,1.9799008783345144
native,60,core,continuum,68,224,557,ok,16,16,0.0,0.029411764705882353,0.11437300926674629,0.941950709861089,1.9702740376851047
native,60,red,continuum,68,224,557,ok,16,16,0.0,0.058823529411764705,0.1024612906852787,0.9460587414596776,1.8994975916011736
native,61,blue,continuum,72,224,557,ok,16,15,0.0625,0.027777777777777776,0.1398651776591181,0.9252134159428661,1.8701907490823069
native,61,core,continuum,72,224,557,ok,16,16,0.0,0.013888888888888888,0.12715780072437655,0.9356398909927142,1.9757238246750282
native,61,red,continuum,72,224,557,ok,16,15,0.0625,0.027777777777777776,0.10892272720277257,0.943933167238749,1.9427301639562473
native,62,blue,continuum,74,224,557,ok,16,15,0.0625,0.013513513513513514,0.15163622982106567,0.9212685634179147,1.9259934329150716
native,62,core,continuum,74,224,557,ok,16,16,0.0,0.0,0.09567228612359793,0.9516007390741598,1.9767303114440486
native,62,red,continuum,74,224,557,ok,16,15,0.0625,0.013513513513513514,0.1705001351158872,0.9137967754423434,1.9778858156500752
native,63,blue,continuum,77,224,557,ok,16,15,0.0625,0.012987012987012988,0.10532860234093941,0.9449169050165572,1.9121765465901968
native,63,core,continuum,77,224,557,ok,16,16,0.0,0.0,0.08298241851524048,0.9579218885031675,1.9721041549473344
native,63,red,continuum,77,224,557,ok,16,15,0.0625,0.0,0.13750348344299718,0.9303057429040827,1.9729528539741361
native,64,blue,continuum,69,224,557,ok,16,14,0.125,0.0,0.18790834445558888,0.9039171535199579,1.9556908578329892
native,64,core,continuum,69,224,557,ok,16,16,0.0,0.014492753623188406,0.04691400424462772,0.9762861576131731,1.9783383679183328
native,64,red,continuum,69,224,557,ok,16,15,0.0625,0.014492753623188406,0.09681724721526576,0.949006952301419,1.8986362177752283
native,65,blue,continuum,68,224,557,ok,16,15,0.0625,0.029411764705882353,0.14189424560449787,0.9267801946487503,1.9379216446124583
native,65,core,continuum,68,224,557,ok,16,15,0.0625,0.04411764705882353,0.21718792888940514,0.8892084820245381,1.960329931913271
native,65,red,continuum,68,224,557,ok,16,16,0.0,0.04411764705882353,0.08877143174230538,0.9527445684653444,1.878544515611995
native,66,blue,continuum,73,224,557,ok,16,14,0.125,0.0136986301369863,0.18874969274448544,0.9030265905359459,1.9464066880565936
native,66,core,continuum,73,224,557,ok,16,15,0.0625,0.0273972602739726,0.21945718731642688,0.8873933915028387,1.9488837311174254
native,66,red,continuum,73,224,557,ok,16,16,0.0,0.0136986301369863,0.04948472612921707,0.9743576909637066,1.9298077275013692
native,67,blue,continuum,63,224,557,ok,16,15,0.0625,0.06349206349206349,0.26783703453011903,0.8590453523754166,1.9001646206336686
native,67,core,continuum,63,224,557,ok,16,15,0.0625,0.0,0.18059112601926375,0.9080623171815777,1.9642775463020172
native,67,red,continuum,63,224,557,ok,16,16,0.0,0.047619047619047616,0.11103381396233047,0.943099031722233,1.9513519246335025
native,68,blue,continuum,68,224,557,ok,16,15,0.0625,0.014705882352941176,0.165812024405051,0.9131045456837437,1.9081783472997054
native,68,core,continuum,68,224,557,ok,16,14,0.125,0.0,0.2462292178915491,0.8745217996623433,1.9623266609574928
native,68,red,continuum,68,224,557,ok,16,16,0.0,0.0,0.06385900546391426,0.9670968655798401,1.9408183016383829
native,69,blue,continuum,72,224,557,ok,16,15,0.0625,0.027777777777777776,0.1548956741232484,0.9186516209477164,1.9041027728861675
native,69,core,continuum,72,224,557,ok,16,15,0.0625,0.027777777777777776,0.23361427234479853,0.8819887111830436,1.9795925854784138
native,69,red,continuum,72,224,557,ok,16,15,0.0625,0.027777777777777776,0.24938972042357632,0.8736342670937909,1.9735549716526215
native,70,blue,continuum,86,224,557,ok,16,16,0.0,0.011627906976744186,0.07590279635077277,0.9603014335995002,1.9119782710797595
native,70,core,continuum,86,224,557,ok,16,16,0.0,0.023255813953488372,0.1270604108131423,0.935535347058933,1.9710089951046479
native,70,red,continuum,86,224,557,ok,16,16,0.0,0.011627906976744186,0.07704476811411842,0.9609665142997772,1.973812144419338
native,71,blue,continuum,81,224,557,ok,16,16,0.0,0.024691358024691357,0.08117665146854622,0.9581437751282198,1.9394164599702415
native,71,core,continuum,81,224,557,ok,16,16,0.0,0.012345679012345678,0.1332957459465605,0.9327445046894282,1.9819309237264324
native,71,red,continuum,81,224,557,ok,16,16,0.0,0.0,0.06737515856196447,0.9658319704838402,1.9718772055643194
native,72,blue,continuum,71,224,557,ok,16,16,0.0,0.028169014084507043,0.16945694897405697,0.9147186367761294,1.9870337734777825
native,72,core,continuum,71,224,557,ok,16,16,0.0,0.028169014084507043,0.1902434673315459,0.9029462455695315,1.9601865836920365
native,72,red,continuum,71,224,557,ok,16,15,0.0625,0.014084507042253521,0.22047757737928658,0.8873887370647435,1.9578643523964887
native,73,blue,continuum,63,224,557,ok,16,15,0.0625,0.047619047619047616,0.17445957748328397,0.9121770137941712,1.9864910659540418
native,73,core,continuum,63,224,557,ok,16,14,0.125,0.015873015873015872,0.2194386788087902,0.8877066977038353,1.954156430719598
native,73,red,continuum,63,224,557,ok,16,14,0.125,0.031746031746031744,0.22406697977674545,0.8851379880988433,1.9507492169784015
native,74,blue,continuum,62,224,557,ok,16,16,0.0,0.03225806451612903,0.08308681520505067,0.958116029773489,1.9837378060320519
native,74,core,continuum,62,224,557,ok,16,15,0.0625,0.016129032258064516,0.120188895486861,0.9391673884834948,1.975731314021445
native,74,red,continuum,62,224,557,ok,16,16,0.0,0.04838709677419355,0.0574720690007898,0.9706735327013694,1.9597337932166599
native,75,blue,continuum,68,224,557,ok,16,15,0.0625,0.029411764705882353,0.14409036750577112,0.9256469589952973,1.9379216446124585
native,75,core,continuum,68,224,557,ok,16,15,0.0625,0.0,0.11697881964235486,0.9408426390187069,1.9774178175281716
native,75,red,continuum,68,224,557,ok,16,15,0.0625,0.014705882352941176,0.1329949170018043,0.93270702310155,1.9763565699062953
native,76,blue,continuum,72,224,557,ok,16,15,0.0625,0.027777777777777776,0.17618746293759768,0.9064059422192964,1.8824641982124035
native,76,core,continuum,72,224,557,ok,16,16,0.0,0.027777777777777776,0.0604471728400808,0.9694100424359524,1.9760463123729377
native,76,red,continuum,72,224,557,ok,16,16,0.0,0.041666666666666664,0.10744971856085972,0.9449095803606357,1.9504247610428906
native,77,blue,continuum,78,224,557,ok,16,16,0.0,0.02564102564102564,0.13859524601681794,0.9269691599300657,1.8977632721203683
native,77,core,continuum,78,224,557,ok,16,16,0.0,0.01282051282051282,0.03293989025014836,0.9830205589722758,1.9399867284419934
native,77,red,continuum,78,224,557,ok,16,16,0.0,0.01282051282051282,0.08136308752466453,0.9578572653564833,1.9306551464424635
native,78,blue,continuum,77,224,557,ok,16,15,0.0625,0.0,0.15766012166388416,0.9178494471075845,1.919160810400827
native,78,core,continuum,77,224,557,ok,16,15,0.0625,0.012987012987012988,0.12071078486534556,0.9364381028833446,1.899106073624652
native,78,red,continuum,77,224,557,ok,16,15,0.0625,0.0,0.1168215377825024,0.9397381982884069,1.9385669605697902
native,79,blue,continuum,72,224,557,ok,16,15,0.0625,0.027777777777777776,0.29333822798602943,0.8514524647194196,1.9747094923652861
native,79,core,continuum,72,224,557,ok,16,16,0.0,0.041666666666666664,0.1347081245057939,0.9303487450181042,1.9340372910841026
native,79,red,continuum,72,224,557,ok,16,15,0.0625,0.013888888888888888,0.15800456469591556,0.9187587492319684,1.9448809958264497
native,80,blue,continuum,70,224,557,ok,16,15,0.0625,0.02857142857142857,0.272934986723057,0.8624936615501703,1.9848902225161016
native,80,core,continuum,70,224,557,ok,16,16,0.0,0.04285714285714286,0.12074571321587745,0.937815012798254,1.9417180681270154
native,80,red,continuum,70,224,557,ok,16,15,0.0625,0.0,0.17877111653529296,0.9090669661108979,1.9659645003521415
native,81,blue,continuum,70,224,557,ok,16,15,0.0625,0.014285714285714285,0.1558937296824599,0.9215765087430797,1.987844804967204
native,81,core,continuum,70,224,557,ok,16,15,0.0625,0.014285714285714285,0.25419495145237325,0.8712639432251805,1.974543556953916
native,81,red,continuum,70,224,557,ok,16,16,0.0,0.0,0.08846805405574532,0.9548366713498189,1.9588470712818156
native,82,blue,continuum,76,224,557,ok,16,16,0.0,0.02631578947368421,0.11736357273055789,0.9405713327110998,1.9748646248454327
native,82,core,continuum,76,224,557,ok,16,16,0.0,0.0,0.11894546443861224,0.9400142296828666,1.9828946733495336
native,82,red,continuum,76,224,557,ok,16,16,0.0,0.0,0.1304110209185037,0.9346309572335662,1.9949966436630775
native,83,blue,continuum,83,224,557,ok,16,16,0.0,0.012048192771084338,0.07223757258432775,0.9633888206245862,1.9731014902196482
native,83,core,continuum,83,224,557,ok,16,16,0.0,0.012048192771084338,0.08787842312855289,0.9554262252433062,1.9715275093535989
native,83,red,continuum,83,224,557,ok,16,16,0.0,0.012048192771084338,0.16223416083065711,0.9185163994886785,1.9910038316006409
native,84,blue,continuum,75,224,557,ok,16,15,0.0625,0.013333333333333334,0.19870600307832081,0.9005241298964067,1.9975296810310907
native,84,core,continuum,75,224,557,ok,16,16,0.0,0.02666666666666667,0.1440330956182335,0.927638351479029,1.9904617786104104
native,84,red,continuum,75,224,557,ok,16,16,0.0,0.02666666666666667,0.11937804590348097,0.9392131879940587,1.9638806833925249
native,85,blue,continuum,67,224,557,ok,16,16,0.0,0.029850746268656716,0.11312995017823094,0.9428363962388707,1.9790556006750268
native,85,core,continuum,67,224,557,ok,16,16,0.0,0.029850746268656716,0.16040541714630674,0.9191251495821915,1.9833782234852286
native,85,red,continuum,67,224,557,ok,16,16,0.0,0.014925373134328358,0.09669737882015156,0.9513119908984679,1.986061467793896
native,86,blue,continuum,59,224,557,ok,16,16,0.0,0.03389830508474576,0.1572329309621353,0.9199197401877945,1.963441818631194
native,86,core,continuum,59,224,557,ok,16,14,0.125,0.01694915254237288,0.3185984427993212,0.8393697145245907,1.983426984870142
native,86,red,continuum,59,224,557,ok,16,16,0.0,0.03389830508474576,0.14563462851354197,0.9258470240789649,1.9639755074513414
native,87,blue,continuum,59,224,557,ok,16,16,0.0,0.03389830508474576,0.11783303089371941,0.9393436417368677,1.9426327967556156
native,87,core,continuum,59,224,557,ok,16,16,0.0,0.05084745762711865,0.18756420303669458,0.9052101430057151,1.9787370609494979
native,87,red,continuum,59,224,557,ok,16,16,0.0,0.05084745762711865,0.19661340569891955,0.8987697835818482,1.9422402979636861
native,88,blue,continuum,69,224,557,ok,16,16,0.0,0.028985507246376812,0.10734044455907404,0.9453530404439837,1.9642528226852929
native,88,core,continuum,69,224,557,ok,16,16,0.0,0.014492753623188406,0.11140601752106083,0.9438192961728032,1.9829943366983909
native,88,red,continuum,69,224,557,ok,16,16,0.0,0.014492753623188406,0.10260500768259731,0.9473124366214999,1.9474236632561113
native,89,blue,continuum,68,224,557,ok,16,15,0.0625,0.04411764705882353,0.2603820891575588,0.8663733721714401,1.948579361679495
native,89,core,continuum,68,224,557,ok,16,16,0.0,0.029411764705882353,0.13365813106141228,0.9327492785639788,1.9874601819486433
native,89,red,continuum,68,224,557,ok,16,16,0.0,0.029411764705882353,0.14060708674309755,0.9292973013177278,1.9887089087640857
native,90,blue,continuum,76,224,557,ok,16,16,0.0,0.013157894736842105,0.1380321745138886,0.9299448665549617,1.970336329773486
native,90,core,continuum,76,224,557,ok,16,16,0.0,0.013157894736842105,0.10870196517972094,0.9447580557128439,1.9677432896762523
native,90,red,continuum,76,224,557,ok,16,16,0.0,0.013157894736842105,0.07346150863325554,0.962667127862323,1.9677432896762523
native,91,blue,continuum,79,224,557,ok,16,16,0.0,0.012658227848101266,0.15912375575506824,0.9203495182238903,1.9977751823567222
native,91,core,continuum,79,224,557,ok,16,16,0.0,0.0,0.07283166580854339,0.962835354942546,1.9597029837349642
native,91,red,continuum,79,224,557,ok,16,16,0.0,0.0,0.026193803040608345,0.9866337892741858,1.9597029837349638
native,92,blue,continuum,78,224,557,ok,16,16,0.0,0.02564102564102564,0.17254636430434206,0.9131265738047841,1.9861811817644677
native,92,core,continuum,78,224,557,ok,16,16,0.0,0.0,0.057356861945519116,0.9711220393828498,1.9861811817644677
native,92,red,continuum,78,224,557,ok,16,16,0.0,0.0,0.06511396816546253,0.9669885689919284,1.9724672992679881
native,93,blue,continuum,67,224,557,ok,16,16,0.0,0.014925373134328358,0.1184089622029212,0.9405230144048361,1.9908366407282945
native,93,core,continuum,67,224,557,ok,16,15,0.0625,0.0,0.1269029987754269,0.9361196452888103,1.9865731702519442
native,93,red,continuum,67,224,557,ok,16,16,0.0,0.029850746268656716,0.13040768174165657,0.9333505836462874,1.9566215111258431
native,94,blue,continuum,64,224,557,ok,16,14,0.125,0.015625,0.1814335694240729,0.9082379074781005,1.9772170014624826
native,94,core,continuum,64,224,557,ok,16,14,0.125,0.03125,0.1415309570304201,0.9278693461598864,1.9621471523624427
native,94,red,continuum,64,224,557,ok,16,15,0.0625,0.015625,0.10151037745342158,0.94882723361766,1.9836796919474973
native,95,blue,continuum,58,224,557,ok,16,16,0.0,0.034482758620689655,0.07658630951234614,0.9610099540253253,1.9642528650028137
native,95,core,continuum,58,224,557,ok,16,15,0.0625,0.034482758620689655,0.17960747608889746,0.9084016268927301,1.9608151323666074
native,95,red,continuum,58,224,557,ok,16,16,0.0,0.06896551724137931,0.13017038801336295,0.9345481353741457,1.9887957166302637
native,96,blue,continuum,66,224,557,ok,16,16,0.0,0.015151515151515152,0.06618858395360672,0.9664373355182018,1.972089670934862
native,96,core,continuum,66,224,557,ok,16,16,0.0,0.015151515151515152,0.08582834019380067,0.9568420565929973,1.9887032008080903
native,96,red,continuum,66,224,557,ok,16,15,0.0625,0.0,0.13260198350303784,0.9327606723683217,1.972089670934862
native,97,blue,continuum,64,224,557,ok,16,16,0.0,0.0,0.08345393309146891,0.9581025962699241,1.9918640694091958
native,97,core,continuum,64,224,557,ok,16,16,0.0,0.0,0.09228912964787628,0.9533237223938429,1.9772170014624826
native,97,red,continuum,64,224,557,ok,16,16,0.0,0.03125,0.1253580949754294,0.9365534780328174,1.9758072009096144
native,98,blue,continuum,70,224,557,ok,16,16,0.0,0.0,0.09811947410362318,0.950692764433589,1.9899609656977784
native,98,core,continuum,70,224,557,ok,16,16,0.0,0.0,0.03982681407037851,0.9799219657533343,1.9836012620106223
native,98,red,continuum,70,224,557,ok,16,16,0.0,0.0,0.061491142974381734,0.968762363990221,1.9684954058345414
native,99,blue,continuum,68,224,557,ok,16,16,0.0,0.014705882352941176,0.0788662127247747,0.9600653229743322,1.9748804447343833
native,99,core,continuum,68,224,557,ok,16,16,0.0,0.0,0.056732086021905166,0.971512189208385,1.991451236351357
native,99,red,continuum,68,224,557,ok,16,16,0.0,0.029411764705882353,0.12346953511523891,0.9366525836259539,1.949085569428612
native,100,blue,continuum,60,224,557,ok,16,16,0.0,0.03333333333333333,0.1408694404296094,0.9286389824425683,1.9740391217969526
native,100,core,continuum,60,224,557,ok,16,16,0.0,0.0,0.06662939273057748,0.9666030247498645,1.9950726744424856
native,100,red,continuum,60,224,557,ok,16,15,0.0625,0.03333333333333333,0.22861814377234557,0.8850613916667244,1.989045692196351
native,101,blue,continuum,55,224,557,ok,16,16,0.0,0.03636363636363636,0.12888096596109058,0.932605492920089,1.9123363541820084
native,101,core,continuum,55,224,557,ok,16,16,0.0,0.05454545454545454,0.13592909717857424,0.9312929525846506,1.9783865308147015
native,101,red,continuum,55,224,557,ok,16,15,0.0625,0.03636363636363636,0.24486373666251984,0.8764737824673327,1.9822815071445377
native,102,blue,continuum,59,224,557,ok,16,15,0.0625,0.05084745762711865,0.20896448206978013,0.892539629976826,1.9445725156605786
native,102,core,continuum,59,224,557,ok,16,16,0.0,0.0,0.06720222796824887,0.9662424084129934,1.9907293384672369
native,102,red,continuum,59,224,557,ok,16,15,0.0625,0.05084745762711865,0.29252479802085357,0.8535721165850725,1.9977397145865754
native,103,blue,continuum,62,224,557,ok,16,15,0.0625,0.0,0.10993868925258873,0.9431445823498674,1.9336537096448958
native,103,core,continuum,62,224,557,ok,16,16,0.0,0.04838709677419355,0.148710652826142,0.9251654716940584,1.98719302696981
native,103,red,continuum,62,224,557,ok,16,15,0.0625,0.03225806451612903,0.18938162086694985,0.9047254421483535,1.98774599575512
native,104,blue,continuum,65,224,557,ok,16,16,0.0,0.03076923076923077,0.055513525699057355,0.971688221251803,1.9607925801056458
native,104,core,continuum,65,224,557,ok,16,15,0.0625,0.03076923076923077,0.1658375382174871,0.9157739152478398,1.9689569888648282
native,104,red,continuum,65,224,557,ok,16,16,0.0,0.06153846153846154,0.15750272654144723,0.9203591158575094,1.977661702746154
native,105,blue,continuum,70,224,557,ok,16,15,0.0625,0.014285714285714285,0.09655772426085718,0.9511366501773084,1.9760766425394967
native,105,core,continuum,70,224,557,ok,16,15,0.0625,0.02857142857142857,0.13646151022576788,0.9285241327352555,1.9091969842117253
native,105,red,continuum,70,224,557,ok,16,16,0.0,0.02857142857142857,0.16523999481708607,0.9168748010890054,1.9878448049672042
native,106,blue,continuum,74,224,557,ok,16,16,0.0,0.013513513513513514,0.03971780475587625,0.9800380885932292,1.9896794423405986
native,106,core,continuum,74,224,557,ok,16,16,0.0,0.02702702702702703,0.10407954332882637,0.9466101566915166,1.949425899743904
native,106,red,continuum,74,224,557,ok,16,16,0.0,0.04054054054054054,0.20192906646522,0.8987457453827353,1.9942773489222791
native,107,blue,continuum,79,224,557,ok,16,16,0.0,0.012658227848101266,0.02182782092542579,0.9889537956992025,1.9760471860772861
native,107,core,continuum,79,224,557,ok,16,15,0.0625,0.02531645569620253,0.16462106891999567,0.916167017111254,1.9636790109027014
native,107,red,continuum,79,224,557,ok,16,16,0.0,0.0,0.14161695815471748,0.9289464430664385,1.9931016020371233
native,108,blue,continuum,64,224,557,ok,16,15,0.0625,0.015625,0.15074333423866076,0.9235393537227566,1.9715153033374997
native,108,core,continuum,64,224,557,ok,16,15,0.0625,0.015625,0.15594632470204414,0.9203758605929065,1.9585307403416825
native,108,red,continuum,64,224,557,ok,16,16,0.0,0.03125,0.12675491811442408,0.9353998919184986,1.962147152362443
native,109,blue,continuum,62,224,557,ok,16,16,0.0,0.016129032258064516,0.1537073346447798,0.9216067838914141,1.9607223976099286
native,109,core,continuum,62,224,557,ok,16,15,0.0625,0.016129032258064516,0.22502776073158545,0.8852071804210587,1.96029474279824
native,109,red,continuum,62,224,557,ok,16,16,0.0,0.03225806451612903,0.11766131039873741,0.9403348175742897,1.9720263244856198
native,110,blue,continuum,59,224,557,ok,16,16,0.0,0.05084745762711865,0.17457332273112502,0.9071050937789766,1.8792561382834656
native,110,core,continuum,59,224,557,ok,16,15,0.0625,0.01694915254237288,0.21319178345282724,0.891448858377319,1.9639755074513414
native,110,red,continuum,59,224,557,ok,16,16,0.0,0.03389830508474576,0.16548008178009838,0.9164756967225721,1.981220737998287
native,111,blue,continuum,62,224,557,ok,16,15,0.0625,0.016129032258064516,0.13550011478104507,0.9293486290784526,1.9178695758289952
native,111,core,continuum,62,224,557,ok,16,16,0.0,0.03225806451612903,0.14285294906650475,0.9266146156700409,1.9466130806674264
native,111,red,continuum,62,224,557,ok,16,16,0.0,0.016129032258064516,0.1286127478095193,0.9354214375430686,1.991570312443754
native,112,blue,continuum,69,224,557,ok,16,16,0.0,0.014492753623188406,0.11569314601671161,0.9404397715456984,1.942456384388766
native,112,core,continuum,69,224,557,ok,16,15,0.0625,0.014492753623188406,0.2022397104120181,0.8963888922665966,1.9519114777962896
native,112,red,continuum,69,224,557,ok,16,16,0.0,0.0,0.1932041541465111,0.9021329742768652,1.9741496455924243
native,113,blue,continuum,65,224,557,ok,16,16,0.0,0.015384615384615385,0.08045688917387761,0.9594520248286249,1.9842393814691972
native,113,core,continuum,65,224,557,ok,16,14,0.125,0.015384615384615385,0.3264121887440645,0.834220762266497,1.9689569888648284
native,113,red,continuum,65,224,557,ok,16,16,0.0,0.015384615384615385,0.17467940498093287,0.9109473947628283,1.9615305415907063
native,114,blue,continuum,67,224,557,ok,16,15,0.0625,0.029850746268656716,0.0924106497973467,0.9534411726929826,1.9848148061800184
native,114,core,continuum,67,224,557,ok,16,15,0.0625,0.029850746268656716,0.13708819104811099,0.930770247473649,1.9801918401474994
native,114,red,continuum,67,224,557,ok,16,15,0.0625,0.04477611940298507,0.17304996888565002,0.9120430007847944,1.9674382985968655
native,115,blue,continuum,68,224,557,ok,16,16,0.0,0.029411764705882353,0.05976428023257552,0.9696716813388211,1.9705767701879051
native,115,core,continuum,68,224,557,ok,16,16,0.0,0.029411764705882353,0.10454517435750955,0.9476947553404479,1.9987512731845576
native,115,red,continuum,68,224,557,ok,16,16,0.0,0.014705882352941176,0.09322841625836593,0.9522338743802659,1.951768435241261
native,116,blue,continuum,59,224,557,ok,16,15,0.0625,0.0,0.15119638583979317,0.9224378110294674,1.9493568689408156
native,116,core,continuum,59,224,557,ok,16,16,0.0,0.03389830508474576,0.14524003690031909,0.927297817708762,1.9977397145865754
native,116,red,continuum,59,224,557,ok,16,15,0.0625,0.01694915254237288,0.16835111280498866,0.9143791725394123,1.9662401987703586
native,117,blue,continuum,58,224,557,ok,16,15,0.0625,0.05172413793103448,0.21449015122629234,0.8913924459455619,1.9749100612171222
native,117,core,continuum,58,224,557,ok,16,15,0.0625,0.05172413793103448,0.2099904493443429,0.8945148493732811,1.9907109967301246
native,117,red,continuum,58,224,557,ok,16,15,0.0625,0.034482758620689655,0.13896673139129434,0.9298632211491473,1.981367460384943
native,118,blue,continuum,63,224,557,ok,16,16,0.0,0.031746031746031744,0.10637596677847388,0.9466441817819187,1.9937088462158552
native,118,core,continuum,63,224,557,ok,16,15,0.0625,0.031746031746031744,0.1589793555131264,0.9203133639060944,1.9950566783341106
native,118,red,continuum,63,224,557,ok,16,16,0.0,0.047619047619047616,0.1383297379707242,0.9302838013975402,1.984183600708309
native,119,blue,continuum,71,224,557,ok,16,16,0.0,0.0,0.09256167380043426,0.9535716356688198,1.99364494385756
native,119,core,continuum,71,224,557,ok,16,15,0.0625,0.0,0.22262426589947734,0.8878132207130118,1.9844073188871563
native,119,red,continuum,71,224,557,ok,16,16,0.0,0.028169014084507043,0.09341011475602277,0.9530451236149926,1.989359187959624
native,120,blue,continuum,72,224,557,ok,16,16,0.0,0.0,0.0565363541596052,0.9717160721105027,1.998886236044991
native,120,core,continuum,72,224,557,ok,16,15,0.0625,0.0,0.22779987349458766,0.8860365990886435,1.998886236044991
native,120,red,continuum,72,224,557,ok,16,15,0.0625,0.0,0.1707850826539004,0.9139643978338714,1.985051285212449
native,121,blue,continuum,65,224,557,ok,16,15,0.0625,0.015384615384615385,0.20727951557296384,0.8962619402756664,1.9981048047724652
native,121,core,continuum,65,224,557,ok,16,15,0.0625,0.015384615384615385,0.3082395897962704,0.8446560467074091,1.9842393814691972
native,121,red,continuum,65,224,557,ok,16,16,0.0,0.015384615384615385,0.11212131599322894,0.9436576688978313,1.990001368418945
native,122,blue,continuum,60,224,557,ok,16,16,0.0,0.016666666666666666,0.13345640059282246,0.9325846888805523,1.9796155854915813
native,122,core,continuum,60,224,557,ok,16,15,0.0625,0.016666666666666666,0.2503363680802039,0.8728563261729516,1.9689250793612643
native,122,red,continuum,60,224,557,ok,16,16,0.0,0.016666666666666666,0.12366729220741798,0.9375296430712285,1.9796155854915813
native,123,blue,continuum,56,224,557,ok,16,15,0.0625,0.03571428571428571,0.22747027124866476,0.8839758723619728,1.9605428274223105
native,123,core,continuum,56,224,557,ok,16,16,0.0,0.03571428571428571,0.12925372005440613,0.9349385059488994,1.9866392854871666
native,123,red,continuum,56,224,557,ok,16,15,0.0625,0.03571428571428571,0.15635878285045526,0.920391178486017,1.9640886509416728
native,124,blue,continuum,55,224,557,ok,16,14,0.125,0.01818181818181818,0.20386588591197502,0.8955675705136263,1.9521319853865449
native,124,core,continuum,55,224,557,ok,16,15,0.0625,0.03636363636363636,0.15327350097509462,0.9231858349663232,1.9953806815174855
native,124,red,continuum,55,224,557,ok,16,15,0.0625,0.01818181818181818,0.1478857201900536,0.9241151408332693,1.9488172187962554
native,125,blue,continuum,57,224,557,ok,16,15,0.0625,0.017543859649122806,0.09598576843924016,0.9513939391039854,1.9747695384036021
native,125,core,continuum,57,224,557,ok,16,14,0.125,0.0,0.2592588624807322,0.8692093375855896,1.982242904002353
native,125,red,continuum,57,224,557,ok,16,15,0.0625,0.03508771929824561,0.258062668525949,0.8690042721760157,1.970008280519663
native,126,blue,continuum,60,224,557,ok,16,16,0.0,0.03333333333333333,0.10673846124755225,0.9456710360484077,1.964669551634693
native,126,core,continuum,60,224,557,ok,16,16,0.0,0.05,0.19415975419771994,0.9019204760658086,1.9796155854915813
native,126,red,continuum,60,224,557,ok,16,15,0.0625,0.05,0.2996123792299299,0.8498400218184122,1.9952878447252442
native,127,blue,continuum,62,224,557,ok,16,16,0.0,0.03225806451612903,0.12538759574113933,0.9369021559358339,1.98719302696981
native,127,core,continuum,62,224,557,ok,16,15,0.0625,0.03225806451612903,0.27651285558897776,0.8607123620294165,1.985193084022109
native,127,red,continuum,62,224,557,ok,16,16,0.0,0.06451612903225806,0.27438037933080617,0.8619640638608996,1.98774599575512
native,128,blue,continuum,61,224,557,ok,16,16,0.0,0.03278688524590164,0.1103426949692514,0.9445137646371197,1.98864987411039
native,128,core,continuum,61,224,557,ok,16,15,0.0625,0.03278688524590164,0.21487716680785915,0.8917203058403054,1.9844641091334343
native,128,red,continuum,61,224,557,ok,16,14,0.125,0.0,0.23678410711318504,0.8802061149888258,1.976595943032469
native,129,blue,continuum,52,224,557,ok,16,16,0.0,0.0,0.04207349528483254,0.9786744240366034,1.9729124951676795
native,129,core,continuum,52,224,557,ok,16,16,0.0,0.057692307692307696,0.12550575213179005,0.9356876569617424,1.951503338280339
native,129,red,continuum,52,224,557,ok,16,15,0.0625,0.019230769230769232,0.18699137853510273,0.9046574805007033,1.9612590428395593
native,130,blue,continuum,55,224,557,ok,16,16,0.0,0.03636363636363636,0.14361879931517169,0.9273068480020134,1.975685403202072
native,130,core,continuum,55,224,557,ok,16,15,0.0625,0.03636363636363636,0.23484560847166636,0.8771099968476176,1.9110228858930052
native,130,red,continuum,55,224,557,ok,16,16,0.0,0.01818181818181818,0.11211078718429211,0.9437619862554919,1.9935054551111393
native,131,blue,continuum,59,224,557,ok,16,16,0.0,0.05084745762711865,0.23705327714491176,0.8808298463691512,1.9892000632912448
native,131,core,continuum,59,224,557,ok,16,15,0.0625,0.01694915254237288,0.16341088534766088,0.9158193770521871,1.9411935861886649
native,131,red,continuum,59,224,557,ok,16,16,0.0,0.03389830508474576,0.12636988423695633,0.9362624516985858,1.9826599485652376
native,132,blue,continuum,65,224,557,ok,16,16,0.0,0.03076923076923077,0.1902621123982044,0.9037651505379803,1.9770604252183483
native,132,core,continuum,65,224,557,ok,16,16,0.0,0.03076923076923077,0.15223620122534332,0.9227794386346007,1.9714464455260576
native,132,red,continuum,65,224,557,ok,16,16,0.0,0.0,0.08436195022791457,0.956975586768403,1.9607925801056458
native,133,blue,continuum,71,224,557,ok,16,16,0.0,0.028169014084507043,0.16169663200761447,0.9173727360956814,1.9569404136975563
native,133,core,continuum,71,224,557,ok,16,16,0.0,0.0,0.14193120354991767,0.9279891690426336,1.9709702229925288
native,133,red,continuum,71,224,557,ok,16,16,0.0,0.04225352112676056,0.14142810712304682,0.9264228280923777,1.922173732100126
native,134,blue,continuum,68,224,557,ok,16,16,0.0,0.0,0.12514733199809863,0.9371436482879522,1.9910053413760456
native,134,core,continuum,68,224,557,ok,16,16,0.0,0.014705882352941176,0.17084391806611054,0.9141002510336935,1.988875638427333
native,134,red,continuum,68,224,557,ok,16,15,0.0625,0.014705882352941176,0.164725371529398,0.9115282032564317,1.8618969840394157
native,135,blue,continuum,72,224,557,ok,16,16,0.0,0.0,0.12231162880218545,0.9386098867778658,1.9923668874760436
native,135,core,continuum,72,224,557,ok,16,16,0.0,0.027777777777777776,0.2156797807862848,0.8919760973153278,1.9965931189865087
native,135,red,continuum,72,224,557,ok,16,15,0.0625,0.027777777777777776,0.2512401459161836,0.8695413942053298,1.9258227112407789
native,136,blue,continuum,59,224,557,ok,16,13,0.1875,0.01694915254237288,0.31782896918772097,0.8388609186183493,1.9723891092251995
native,136,core,continuum,59,224,557,ok,16,13,0.1875,0.0,0.2451089988251148,0.8762838516051679,1.981220737998287
native,136,red,continuum,59,224,557,ok,16,15,0.0625,0.03389830508474576,0.09711212221632204,0.9512692629173596,1.9928309734292275
native,137,blue,continuum,57,224,557,ok,16,16,0.0,0.05263157894736842,0.16611657847440586,0.9157759008227764,1.9723164758920693
native,137,core,continuum,57,224,557,ok,16,15,0.0625,0.017543859649122806,0.1791035723585009,0.9070646410018197,1.9271843815872896
native,137,red,continuum,57,224,557,ok,16,16,0.0,0.0,0.06752398650214406,0.9660813444903762,1.990762472379994
native,138,blue,continuum,55,224,557,ok,16,16,0.0,0.05454545454545454,0.13540294350532767,0.9320779669008837,1.9935054551111389
native,138,core,continuum,55,224,557,ok,16,15,0.0625,0.01818181818181818,0.144269545145115,0.9259707150811057,1.9488172187962554
native,138,red,continuum,55,224,557,ok,16,16,0.0,0.01818181818181818,0.11712917531018896,0.941359191944457,1.9974004314409752
native,139,blue,continuum,58,224,557,ok,16,16,0.0,0.034482758620689655,0.10760179629958933,0.9455559567012606,1.9763740857593648
native,139,core,continuum,58,224,557,ok,16,16,0.0,0.05172413793103448,0.12599352646943268,0.9364640375839602,1.9830269610840963
native,139,red,continuum,58,224,557,ok,16,16,0.0,0.017241379310344827,0.1477639597699636,0.9250048915600365,1.9703146357639376
native,140,blue,continuum,66,224,557,ok,16,16,0.0,0.030303030303030304,0.08417268230929563,0.9576101936774398,1.9856821630368786
native,140,core,continuum,66,224,557,ok,16,16,0.0,0.045454545454545456,0.1601455294468718,0.9192092145993777,1.982225183883881
native,140,red,continuum,66,224,557,ok,16,16,0.0,0.030303030303030304,0.11640891929242252,0.9411244493649203,1.9772030670922154
native,141,blue,continuum,65,224,557,ok,16,16,0.0,0.03076923076923077,0.19195776370660986,0.9019238481628438,1.9572318051928972
native,141,core,continuum,65,224,557,ok,16,15,0.0625,0.03076923076923077,0.25006576127080976,0.8741448987467919,1.9869338531435607
native,141,red,continuum,65,224,557,ok,16,16,0.0,0.046153846153846156,0.12328235256389639,0.9375516492039582,1.9741490526553716
native,142,blue,continuum,59,224,557,ok,16,15,0.0625,0.03389830508474576,0.17843165931499821,0.9040589433727395,1.85980502599863
native,142,core,continuum,59,224,557,ok,16,15,0.0625,0.05084745762711865,0.23574368123187936,0.8793808860363321,1.954447131015145
native,142,red,continuum,59,224,557,ok,16,16,0.0,0.03389830508474576,0.036374722563597854,0.9812405750097579,1.9390105284420276
native,143,blue,continuum,56,224,557,ok,16,15,0.0625,0.05357142857142857,0.13131265130416675,0.9293298743302605,1.8581069449037915
native,143,core,continuum,56,224,557,ok,16,15,0.0625,0.03571428571428571,0.13723897878872535,0.9283244466273723,1.9147250677681682
native,143,red,continuum,56,224,557,ok,16,15,0.0625,0.017857142857142856,0.12543472920030663,0.9358613833615765,1.9556818617937355
native,144,blue,continuum,57,224,557,ok,16,16,0.0,0.03508771929824561,0.09049298262659228,0.9529597878688785,1.9237367037025481
native,144,core,continuum,57,224,557,ok,16,16,0.0,0.017543859649122806,0.04504744054446863,0.9765564257811957,1.9215261343697252
native,144,red,continuum,57,224,557,ok,16,16,0.0,0.017543859649122806,0.08173350304540455,0.9590109786586731,1.9940340210805982
native,145,blue,continuum,58,224,557,ok,16,16,0.0,0.05172413793103448,0.14002982766769906,0.928743613884526,1.9651547784190848
native,145,core,continuum,58,224,557,ok,16,15,0.0625,0.05172413793103448,0.12372222815330133,0.9335889789235329,1.862977351467685
native,145,red,continuum,58,224,557,ok,16,16,0.0,0.034482758620689655,0.18280485629331644,0.908154479609019,1.9903513586196353
native,146,blue,continuum,55,224,557,ok,16,16,0.0,0.05454545454545454,0.19880453210262497,0.8999216897348197,1.9864896956777858
native,146,core,continuum,55,224,557,ok,16,15,0.0625,0.03636363636363636,0.1924456899192366,0.9007866652761642,1.9397159711939616
native,146,red,continuum,55,224,557,ok,16,15,0.0625,0.03636363636363636,0.24148884516493357,0.8787557745409609,1.9917554361920318
native,147,blue,continuum,60,224,557,ok,16,16,0.0,0.03333333333333333,0.1964876151999806,0.9013598911232665,1.9919647031769114
native,147,core,continuum,60,224,557,ok,16,16,0.0,0.016666666666666666,0.11402786535778345,0.9419288874094724,1.96359016163199
native,147,red,continuum,60,224,557,ok,16,16,0.0,0.05,0.2182729159378906,0.8894451903946631,1.974341204304817
native,148,blue,continuum,66,224,557,ok,16,15,0.0625,0.015151515151515152,0.22333304227233153,0.8875283031546355,1.9856821630368786
native,148,core,continuum,66,224,557,ok,16,14,0.125,0.015151515151515152,0.2262051661041915,0.8841738055671924,1.9529707179960603
native,148,red,continuum,66,224,557,ok,16,15,0.0625,0.030303030303030304,0.20648833014247212,0.8944192200240332,1.9557378737822806
native,149,blue,continuum,64,224,557,ok,16,16,0.0,0.03125,0.13457241211120696,0.9322338367436607,1.985834901146158
native,149,core,continuum,64,224,557,ok,16,15,0.0625,0.046875,0.17873578501991386,0.9082249866820538,1.9475430028073097
native,149,red,continuum,64,224,557,ok,16,15,0.0625,0.015625,0.1693443497991895,0.9119865971666341,1.9240745653228066
native,150,blue,continuum,57,224,557,ok,16,15,0.0625,0.017543859649122806,0.12438204562400937,0.9372740385559907,1.9829436290910525
native,150,core,continuum,57,224,557,ok,16,15,0.0625,0.017543859649122806,0.13092587466468017,0.9322365783551222,1.9321024748545401
native,150,red,continuum,57,224,557,ok,16,16,0.0,0.03508771929824561,0.19678880067835974,0.8982813515842373,1.9346383750009073
native,151,blue,continuum,52,224,557,ok,16,15,0.0625,0.038461538461538464,0.18654851498020797,0.9041330873796347,1.9459113669274344
native,151,core,continuum,52,224,557,ok,16,15,0.0625,0.019230769230769232,0.14767000702838556,0.9255865320991871,1.984452696455668
native,151,red,continuum,52,224,557,ok,16,15,0.0625,0.07692307692307693,0.32752376800082644,0.8360630088371377,1.9978637260424628
native,152,blue,continuum,54,224,557,ok,16,16,0.0,0.0,0.04970925242039931,0.9746354733893842,1.9597942111639632
native,152,core,continuum,54,224,557,ok,16,15,0.0625,0.037037037037037035,0.19419435705277893,0.8989700239371765,1.9221459275811672
native,152,red,continuum,54,224,557,ok,16,14,0.125,0.037037037037037035,0.2837494276471178,0.8560390073687276,1.9710160541465975
native,153,blue,continuum,52,224,557,ok,16,16,0.0,0.038461538461538464,0.08218029519678832,0.958215029160833,1.9667429112995065
native,153,core,continuum,52,224,557,ok,16,15,0.0625,0.019230769230769232,0.11304944818645772,0.9420986215273356,1.9524483037969302
native,153,red,continuum,52,224,557,ok,16,16,0.0,0.057692307692307696,0.14222201617399366,0.928654005224997,1.9934127574015275
native,154,blue,continuum,51,224,557,ok,16,15,0.0625,0.0196078431372549,0.18593584394586343,0.9068914175941303,1.99697857212937
native,154,core,continuum,51,224,557,ok,16,16,0.0,0.0784313725490196,0.1423444523018679,0.928228647453982,1.9833045811781282
native,154,red,continuum,51,224,557,ok,16,15,0.0625,0.0392156862745098,0.20974533635806036,0.8910929122656748,1.9259107990264719
native,155,blue,continuum,49,224,557,ok,16,15,0.0625,0.08163265306122448,0.2774658325585294,0.8607050734755051,1.9919306429996735
native,155,core,continuum,49,224,557,ok,16,16,0.0,0.08163265306122448,0.12158080420801468,0.9384959196538416,1.9767924912254804
native,155,red,continuum,49,224,557,ok,16,15,0.0625,0.02040816326530612,0.11538897597554189,0.9405753943240813,1.9417709997914618
native,156,blue,continuum,51,224,557,ok,16,15,0.0625,0.058823529411764705,0.3076110745966839,0.841709209459466,1.943328942550913
native,156,core,continuum,51,224,557,ok,16,16,0.0,0.058823529411764705,0.09731911695487927,0.9508339079299547,1.9793950028859721
native,156,red,continuum,51,224,557,ok,16,14,0.125,0.0196078431372549,0.2221708231986534,0.8875389507877516,1.9755357499764123
native,157,blue,continuum,47,224,557,ok,16,14,0.125,0.02127659574468085,0.30753315587282254,0.8389914285872433,1.9100421373495693
native,157,core,continuum,47,224,557,ok,16,15,0.0625,0.10638297872340426,0.18884183713521613,0.9025082350968808,1.937002959407644
native,157,red,continuum,47,224,557,ok,16,15,0.0625,0.06382978723404255,0.19083533703799804,0.9041553277673536,1.9910896724105673
native,158,blue,continuum,48,224,557,ok,16,15,0.0625,0.08333333333333333,0.32223066209986084,0.8353770181122459,1.9573856481324663
native,158,core,continuum,48,224,557,ok,16,15,0.0625,0.041666666666666664,0.14065175616536674,0.9278076750230339,1.9482923733269912
native,158,red,continuum,48,224,557,ok,16,15,0.0625,0.041666666666666664,0.194049155264369,0.902484646037599,1.9899343783255763
native,159,blue,continuum,53,224,557,ok,16,15,0.0625,0.05660377358490566,0.2551657617467634,0.8665983176037303,1.9127626965662508
native,159,core,continuum,53,224,557,ok,16,15,0.0625,0.03773584905660377,0.20863831225163604,0.894735518120092,1.9820390365827583
native,159,red,continuum,53,224,557,ok,16,16,0.0,0.03773584905660377,0.07219730248899354,0.9636280503960564,1.984972025837339
native,160,blue,continuum,58,224,557,ok,16,14,0.125,0.017241379310344827,0.2183798192480419,0.8862919135559891,1.9205302461542229
native,160,core,continuum,58,224,557,ok,16,15,0.0625,0.017241379310344827,0.12925605970427367,0.9348188086995999,1.983026961084096
native,160,red,continuum,58,224,557,ok,16,16,0.0,0.034482758620689655,0.08438556889000684,0.9574104397204483,1.981367460384943
native,161,blue,continuum,59,224,557,ok,16,15,0.0625,0.05084745762711865,0.26457740193813634,0.8635069870620697,1.9383952060495
native,161,core,continuum,59,224,557,ok,16,15,0.0625,0.0,0.14181070949706354,0.9286749369878969,1.9882311141176254
native,161,red,continuum,59,224,557,ok,16,16,0.0,0.01694915254237288,0.05785348261969668,0.9702730567259846,1.9461631855794264
native,162,blue,continuum,63,224,557,ok,16,15,0.0625,0.031746031746031744,0.268841157023434,0.8604407209660557,1.9263581675428774
native,162,core,continuum,63,224,557,ok,16,16,0.0,0.0,0.12740425740186556,0.934471182800255,1.9442477805377094
native,162,red,continuum,63,224,557,ok,16,16,0.0,0.015873015873015872,0.09409090733168043,0.9520867207354621,1.9637751532761416
native,163,blue,continuum,59,224,557,ok,16,16,0.0,0.05084745762711865,0.2453718429352999,0.8719942514679331,1.9168814350070487
native,163,core,continuum,59,224,557,ok,16,15,0.0625,0.0,0.2084568514881731,0.8949627985172215,1.9846002039796424
native,163,red,continuum,59,224,557,ok,16,16,0.0,0.01694915254237288,0.07778725920772069,0.9608045695794363,1.9846002039796424
native,164,blue,continuum,54,224,557,ok,16,16,0.0,0.037037037037037035,0.2048638019553581,0.8934608881005777,1.9228975941601492
native,164,core,continuum,54,224,557,ok,16,14,0.125,0.05555555555555555,0.306169540989537,0.8425356799423572,1.9443740707574761
native,164,red,continuum,54,224,557,ok,16,16,0.0,0.018518518518518517,0.10604201296909949,0.9464894094352947,1.9817014136832012
native,165,blue,continuum,60,224,557,ok,16,15,0.0625,0.016666666666666666,0.21333538875010755,0.8921619745564748,1.978294649523524
native,165,core,continuum,60,224,557,ok,16,16,0.0,0.03333333333333333,0.11586998606754507,0.9412553570981146,1.972434937787771
native,165,red,continuum,60,224,557,ok,16,16,0.0,0.016666666666666666,0.08976583591747439,0.9542848412711196,1.96359016163199
native,166,blue,continuum,57,224,557,ok,16,16,0.0,0.05263157894736842,0.23428902039558816,0.8813285055538495,1.974265357397191
native,166,core,continuum,57,224,557,ok,16,16,0.0,0.05263157894736842,0.14361648330732685,0.9272557345094348,1.974265357397191
native,166,red,continuum,57,224,557,ok,16,16,0.0,0.017543859649122806,0.0833608155975851,0.9569447228566557,1.9361346884390287
native,167,blue,continuum,55,224,557,ok,16,16,0.0,0.05454545454545454,0.19078885254395392,0.9035279971236072,1.977660324813686
native,167,core,continuum,55,224,557,ok,16,15,0.0625,0.01818181818181818,0.11119915246144244,0.9440608862107197,1.9878604598621954
native,167,red,continuum,55,224,557,ok,16,15,0.0625,0.0,0.11767066424721126,0.9409211281119023,1.9917554361920318
native,168,blue,continuum,52,224,557,ok,16,15,0.0625,0.038461538461538464,0.22823106049908767,0.8853933426819365,1.991429344856353
native,168,core,continuum,52,224,557,ok,16,15,0.0625,0.038461538461538464,0.14628104946748224,0.9256226888491346,1.9667429112995065
native,168,red,continuum,52,224,557,ok,16,15,0.0625,0.038461538461538464,0.20965722938244755,0.89460716852157,1.9892930708988157
native,169,blue,continuum,53,224,557,ok,16,14,0.125,0.05660377358490566,0.3926919156166901,0.8009330522807434,1.9726625646086764
native,169,core,continuum,53,224,557,ok,16,15,0.0625,0.03773584905660377,0.2511867268783042,0.873392831319339,1.9839850262497216
native,169,red,continuum,53,224,557,ok,16,16,0.0,0.07547169811320754,0.13301129549737162,0.9307399625503302,1.9204623675525583
native,170,blue,continuum,50,224,557,ok,16,15,0.0625,0.06,0.267852573124418,0.8589557013325908,1.8990669999078114
native,170,core,continuum,50,224,557,ok,16,15,0.0625,0.06,0.3420395914197263,0.8284842260040998,1.9942165286086289
native,170,red,continuum,50,224,557,ok,16,16,0.0,0.08,0.09492092845538064,0.9500571069547599,1.9005893064584323
native,171,blue,continuum,51,224,557,ok,16,16,0.0,0.058823529411764705,0.1242502147005671,0.9335670321404909,1.8703095571964883
native,171,core,continuum,51,224,557,ok,16,15,0.0625,0.058823529411764705,0.34914140484650386,0.824050760501613,1.9843302866319266
native,171,red,continuum,51,224,557,ok,16,15,0.0625,0.0784313725490196,0.20633884174730788,0.8904721033349304,1.8838930357466912
native,172,blue,continuum,50,224,557,ok,16,15,0.0625,0.02,0.145734405523675,0.9238163332756596,1.912935039619369
native,172,core,continuum,50,224,557,ok,16,14,0.125,0.04,0.31619018628828455,0.8356200296574171,1.923532323489993
native,172,red,continuum,50,224,557,ok,16,16,0.0,0.08,0.12135957015721055,0.9373681694764875,1.9376660260895813
native,173,blue,continuum,50,224,557,ok,16,16,0.0,0.04,0.10864775858205723,0.9451348501598789,1.980269057838362
native,173,core,continuum,50,224,557,ok,16,16,0.0,0.08,0.17135631677740254,0.9121571322363243,1.9507140549919635
native,173,red,continuum,50,224,557,ok,16,16,0.0,0.02,0.10581356958053138,0.9465660642619765,1.980269057838362
native,174,blue,continuum,50,224,557,ok,16,16,0.0,0.08,0.08411075297055656,0.9574916668410425,1.9786885704510973
native,174,core,continuum,50,224,557,ok,16,15,0.0625,0.1,0.218047864337058,0.8907815636410887,1.9964382535244674
native,174,red,continuum,50,224,557,ok,16,16,0.0,0.08,0.06348571816850618,0.9678874265681868,1.9769738573991849
native,175,blue,continuum,52,224,557,ok,16,14,0.125,0.038461538461538464,0.1872630906990068,0.9056827055195177,1.9854586768045857
native,175,core,continuum,52,224,557,ok,16,15,0.0625,0.057692307692307696,0.14317931808640366,0.928173772564272,1.993412757401527
native,175,red,continuum,52,224,557,ok,16,16,0.0,0.07692307692307693,0.07704445144372767,0.961311983454133,1.991429344856353
native,176,blue,continuum,56,224,557,ok,16,15,0.0625,0.03571428571428571,0.08763932006896942,0.9560616570303405,1.994597750977696
native,176,core,continuum,56,224,557,ok,16,14,0.125,0.017857142857142856,0.2077730560744045,0.8957284004919417,1.9926140680171254
native,176,red,continuum,56,224,557,ok,16,15,0.0625,0.05357142857142857,0.18396418590324473,0.9062725638145619,1.962757047352441
native,177,blue,continuum,58,224,557,ok,16,14,0.125,0.017241379310344827,0.15683661904563553,0.9201935164779339,1.9652114981644437
native,177,core,continuum,58,224,557,ok,16,14,0.125,0.017241379310344827,0.14378636556737615,0.926522695335142,1.9568813285028517
native,177,red,continuum,58,224,557,ok,16,14,0.125,0.017241379310344827,0.16003721967368367,0.9183251359211261,1.959442742618276
native,178,blue,continuum,54,224,557,ok,16,16,0.0,0.09259259259259259,0.07698065186131596,0.9611979066005917,1.9839303789338811
native,178,core,continuum,54,224,557,ok,16,16,0.0,0.05555555555555555,0.10530571841632168,0.9468057365195436,1.9796442609833504
native,178,red,continuum,54,224,557,ok,16,15,0.0625,0.037037037037037035,0.1350627468196134,0.9297608217776132,1.9228975941601492
native,179,blue,continuum,56,224,557,ok,16,16,0.0,0.03571428571428571,0.07358092123144373,0.9625675704393308,1.9656998515735222
native,179,core,continuum,56,224,557,ok,16,16,0.0,0.05357142857142857,0.14604236064055776,0.9250498451347376,1.9485264693995314
native,179,red,continuum,56,224,557,ok,16,16,0.0,0.05357142857142857,0.11589663531900202,0.9415096988113063,1.9814675760535323
native,180,blue,continuum,48,224,557,ok,16,15,0.0625,0.041666666666666664,0.13713288861661288,0.9273942339909604,1.8887327571138037
native,180,core,continuum,48,224,557,ok,16,14,0.125,0.041666666666666664,0.26152319913142935,0.8670548683652368,1.9671513797880587
native,180,red,continuum,48,224,557,ok,16,15,0.0625,0.041666666666666664,0.17840156507474567,0.9092388583018679,1.9656161407499924
native,181,blue,continuum,55,224,557,ok,16,16,0.0,0.01818181818181818,0.06540790031264054,0.9667638918199986,1.9679771156839985
native,181,core,continuum,55,224,557,ok,16,16,0.0,0.09090909090909091,0.19193719484194938,0.9021208683026101,1.9609613562506454
native,181,red,continuum,55,224,557,ok,16,16,0.0,0.03636363636363636,0.11060090754037724,0.9439657831129808,1.9738101767957255
native,182,blue,continuum,52,224,557,ok,16,15,0.0625,0.038461538461538464,0.22483135589713635,0.8847056383899872,1.95006375643621
native,182,core,continuum,52,224,557,ok,16,15,0.0625,0.038461538461538464,0.2791338523040658,0.8576761936047321,1.9612590428395593
native,182,red,continuum,52,224,557,ok,16,16,0.0,0.038461538461538464,0.10676436632779258,0.9463880721635676,1.991429344856353
native,183,blue,continuum,47,224,557,ok,16,15,0.0625,0.0425531914893617,0.21744773023646133,0.8886419895293963,1.9526905098027338
native,183,core,continuum,47,224,557,ok,16,14,0.125,0.0425531914893617,0.3310174805126451,0.8339641466506154,1.9936506112092207
native,183,red,continuum,47,224,557,ok,16,15,0.0625,0.0425531914893617,0.12286706873345336,0.9382182058380724,1.9887261352660581
native,184,blue,continuum,55,224,557,ok,16,15,0.0625,0.09090909090909091,0.19113618945321983,0.8970407310810239,1.8564252782683865
native,184,core,continuum,55,224,557,ok,16,16,0.0,0.09090909090909091,0.1782727705445183,0.9108313204110784,1.9992756578473219
native,184,red,continuum,55,224,557,ok,16,14,0.125,0.03636363636363636,0.21027176605172,0.8946207267618685,1.9953806815174855
native,185,blue,continuum,56,224,557,ok,16,15,0.0625,0.07142857142857142,0.27564891635997313,0.8563390444266782,1.9187462262095787
native,185,core,continuum,56,224,557,ok,16,15,0.0625,0.03571428571428571,0.1563613241478958,0.9203898846047864,1.9640886509416728
native,185,red,continuum,56,224,557,ok,16,16,0.0,0.05357142857142857,0.14792378916643212,0.9255406906291204,1.9866392854871664
native,186,blue,continuum,53,224,557,ok,16,16,0.0,0.07547169811320754,0.13675405581659358,0.9276711086113572,1.8907251748374905
native,186,core,continuum,53,224,557,ok,16,16,0.0,0.03773584905660377,0.1258343361857288,0.9364314956023783,1.9795075781338765
native,186,red,continuum,53,224,557,ok,16,16,0.0,0.018867924528301886,0.10291709386087565,0.948363333964312,1.993101060973728
native,187,blue,continuum,46,224,557,ok,16,16,0.0,0.043478260869565216,0.09036218569248972,0.9539765401088918,1.9633940148412825
native,187,core,continuum,46,224,557,ok,16,16,0.0,0.06521739130434782,0.1545223368496903,0.9216421064534572,1.972007284217098
native,187,red,continuum,46,224,557,ok,16,16,0.0,0.043478260869565216,0.08215710950687792,0.9578438032374093,1.9488738504936425
native,188,blue,continuum,46,224,557,ok,16,15,0.0625,0.06521739130434782,0.12640349773878848,0.9352823232791676,1.9531525874151106
native,188,core,continuum,46,224,557,ok,16,15,0.0625,0.06521739130434782,0.20999093429485083,0.892250114474233,1.9488738504936423
native,188,red,continuum,46,224,557,ok,16,15,0.0625,0.06521739130434782,0.18028363360406535,0.9090457823435324,1.9821360487645907
native,189,blue,continuum,54,224,557,ok,16,15,0.0625,0.037037037037037035,0.09773853982072746,0.950412103638067,1.9710160541465975
native,189,core,continuum,54,224,557,ok,16,14,0.125,0.018518518518518517,0.2348344720674485,0.8805515600838965,1.9659902819357726
native,189,red,continuum,54,224,557,ok,16,14,0.125,0.05555555555555555,0.3070114284823555,0.8462600720631512,1.9969531181806306
native,190,blue,continuum,66,224,557,ok,16,15,0.0625,0.015151515151515152,0.0955810512614376,0.9514922733971212,1.97042941311055
native,190,core,continuum,66,224,557,ok,16,15,0.0625,0.030303030303030304,0.1621016501336074,0.9177328306941424,1.9704294131105498
native,190,red,continuum,66,224,557,ok,16,16,0.0,0.030303030303030304,0.09128985307981591,0.9542792652316258,1.9966838578229205
native,191,blue,continuum,63,224,557,ok,16,15,0.0625,0.031746031746031744,0.1337415279931566,0.9311139224055833,1.941488507744511
native,191,core,continuum,63,224,557,ok,16,16,0.0,0.047619047619047616,0.10531906734245206,0.9472881933734498,1.9980166509679906
native,191,red,continuum,63,224,557,ok,16,15,0.0625,0.015873015873015872,0.13871614320783085,0.930470074001276,1.9950566783341104
native,192,blue,continuum,59,224,557,ok,16,15,0.0625,0.03389830508474576,0.22765569135080585,0.8841873336787776,1.9657235998640372
native,192,core,continuum,59,224,557,ok,16,14,0.125,0.03389830508474576,0.24547655578893257,0.8766109378037381,1.9894515074478725
native,192,red,continuum,59,224,557,ok,16,15,0.0625,0.01694915254237288,0.10476643903792773,0.9471202592277639,1.9812207379982874
native,193,blue,continuum,54,224,557,ok,16,16,0.0,0.037037037037037035,0.17518677298371368,0.9120140227099371,1.9910760598382224
native,193,core,continuum,54,224,557,ok,16,16,0.0,0.05555555555555555,0.14729491048801063,0.9259561745774394,1.9892936331613535
native,193,red,continuum,54,224,557,ok,16,14,0.125,0.0,0.20469840341766368,0.8971920723941125,1.9910760598382222
native,194,blue,continuum,56,224,557,ok,16,16,0.0,0.03571428571428571,0.198431537974261,0.8991863978790657,1.9683012391147965
native,194,core,continuum,56,224,557,ok,16,14,0.125,0.05357142857142857,0.30020823051683837,0.8398716608489334,1.8747976286297399
native,194,red,continuum,56,224,557,ok,16,16,0.0,0.017857142857142856,0.1072776578323968,0.9457267519755195,1.9766212957073799
native,195,blue,continuum,53,224,557,ok,16,15,0.0625,0.03773584905660377,0.21128707737036317,0.8907988127502195,1.9348423097917187
native,195,core,continuum,53,224,557,ok,16,15,0.0625,0.03773584905660377,0.224792501612924,0.8827301560193465,1.9168824139478595
native,195,red,continuum,53,224,557,ok,16,15,0.0625,0.03773584905660377,0.21972716967675388,0.8883529647228016,1.968051987508786
native,196,blue,continuum,52,224,557,ok,16,14,0.125,0.057692307692307696,0.23258865782875082,0.8747477065540833,1.8569612693693425
native,196,core,continuum,52,224,557,ok,16,15,0.0625,0.07692307692307693,0.23279456836435342,0.8807678708257538,1.9524483037969302
native,196,red,continuum,52,224,557,ok,16,15,0.0625,0.057692307692307696,0.169808573665225,0.9140077822764366,1.9746969918964479
native,197,blue,continuum,48,224,557,ok,16,14,0.125,0.041666666666666664,0.18123230595708603,0.9030869307553986,1.8700502147926936
native,197,core,continuum,48,224,557,ok,16,16,0.0,0.14583333333333334,0.30406874969989167,0.8471965945149662,1.9899343783255763
native,197,red,continuum,48,224,557,ok,16,15,0.0625,0.08333333333333333,0.2994806331655877,0.8493123699911782,1.9874267924185611
native,198,blue,continuum,51,224,557,ok,16,15,0.0625,0.0196078431372549,0.1378273532005766,0.9300172675284623,1.9694480100020615
native,198,core,continuum,51,224,557,ok,16,14,0.125,0.0392156862745098,0.3792697286647011,0.8033715739578677,1.9288652017355497
native,198,red,continuum,51,224,557,ok,16,14,0.125,0.0196078431372549,0.3061016632750987,0.8462123738916235,1.9904180266062774
native,199,blue,continuum,54,224,557,ok,16,15,0.0625,0.018518518518518517,0.21090306115770388,0.8931296690717295,1.973448190211541
native,199,core,continuum,54,224,557,ok,16,13,0.1875,0.018518518518518517,0.38309165503311504,0.8044106614234199,1.9586530524674854
native,199,red,continuum,54,224,557,ok,16,15,0.0625,0.05555555555555555,0.2681697309675728,0.8647722955977818,1.983097562389544
native,200,blue,continuum,51,224,557,ok,16,14,0.125,0.0392156862745098,0.31140230031395466,0.8430693204594943,1.9843302866319266
native,200,core,continuum,51,224,557,ok,16,15,0.0625,0.0392156862745098,0.19336071135389252,0.90181984476265,1.9694480100020613
native,200,red,continuum,51,224,557,ok,16,16,0.0,0.0784313725490196,0.17005025512923105,0.9145655571562664,1.9904180266062772
