method,lag_days,target,predictor,tuple_count,line_observed_dates,continuum_observed_dates,status,histogram_cells,occupied_cells,empty_fraction,singleton_tuple_fraction,mutual_info_bits,information_leak_fraction,target_entropy_bits
daily,0,blue,continuum,1732,224,557,ok,16,16,0.0,0.0,0.12253428530757601,0.9379430583121957,1.974545989133992
daily,0,core,continuum,1732,224,557,ok,16,16,0.0,0.0,0.020060967900757457,0.9897533507965969,1.957807621060629
daily,0,red,continuum,1732,224,557,ok,16,16,0.0,0.0,0.1853536692959516,0.9066191798206821,1.9849222671210158
daily,1,blue,continuum,1732,224,557,ok,16,16,0.0,0.0,0.11894743489655138,0.9397596026878462,1.974545989133992
daily,1,core,continuum,1732,224,557,ok,16,16,0.0,0.0,0.017580177889241155,0.9910194843222853,1.957591136204631
daily,1,red,continuum,1732,224,557,ok,16,16,0.0,0.0,0.17807917416870853,0.9102840563993474,1.9849222671210158
daily,2,blue,continuum,1732,224,557,ok,16,16,0.0,0.0,0.1167519226074436,0.9408715100838703,1.974545989133992
daily,2,core,continuum,1732,224,557,ok,16,16,0.0,0.0,0.01669902776867742,0.9914686387590277,1.957369673725616
daily,2,red,continuum,1732,224,557,ok,16,16,0.0,0.0,0.1717683380030103,0.9134634434565805,1.9849222671210158
daily,3,blue,continuum,1732,224,557,ok,16,16,0.0,0.0,0.11720697667599511,0.940641049982634,1.974545989133992
daily,3,core,continuum,1732,224,557,ok,16,16,0.0,0.0,0.017056889502750576,0.9912848026429533,1.957143229689367
daily,3,red,continuum,1732,224,557,ok,16,16,0.0,0.0,0.16437181667226514,0.9171897966006123,1.9849222671210158
daily,4,blue,continuum,1732,224,557,ok,16,16,0.0,0.0,0.11916821711758659,0.9396477885177786,1.974545989133992
daily,4,core,continuum,1732,224,557,ok,16,16,0.0,0.0,0.016592697158155915,0.9915209785348624,1.9569118000678043
daily,4,red,continuum,1732,224,557,ok,16,16,0.0,0.0,0.16122446333214874,0.9187754271274345,1.9849222671210158
daily,5,blue,continuum,1732,224,557,ok,16,16,0.0,0.0,0.12152138220371486,0.9384560385666112,1.974545989133992
daily,5,core,continuum,1732,224,557,ok,16,16,0.0,0.0,0.01696978934262856,0.9913272331682206,1.9566753807385493
daily,5,red,continuum,1732,224,557,ok,16,16,0.0,0.0,0.16117357656179598,0.9188010637839403,1.9849222671210158
daily,6,blue,continuum,1732,224,557,ok,16,16,0.0,0.0,0.1220674830198108,0.9381794682465978,1.974545989133992
daily,6,core,continuum,1732,224,557,ok,16,16,0.0,0.0,0.01930205341127545,0.9901340634378305,1.9564339674844704
daily,6,red,continuum,1732,224,557,ok,16,16,0.0,0.0,0.16120329806069494,0.9187860901502665,1.9849222671210158
daily,7,blue,continuum,1732,224,557,ok,16,16,0.0,0.0,0.12257105378613053,0.9379244370804002,1.974545989133992
daily,7,core,continuum,1732,224,557,ok,16,16,0.0,0.0,0.01918105763472004,0.9901959084980606,1.9564339674844704
daily,7,red,continuum,1732,224,557,ok,16,16,0.0,0.0,0.15982508092718822,0.9194804332771163,1.9849222671210158
daily,8,blue,continuum,1732,224,557,ok,16,16,0.0,0.0,0.12171675671907489,0.9383570920156394,1.974545989133992
daily,8,core,continuum,1732,224,557,ok,16,16,0.0,0.0,0.020764553754659174,0.989386529727166,1.9564339674844704
daily,8,red,continuum,1732,224,557,ok,16,16,0.0,0.0,0.160556165538349,0.9191121142636866,1.9849222671210158
daily,9,blue,continuum,1732,224,557,ok,16,16,0.0,0.0,0.12087393166839974,0.9387839369994044,1.974545989133992
daily,9,core,continuum,1732,224,557,ok,16,16,0.0,0.0,0.02100481998438493,0.9892637214782197,1.9564339674844704
daily,9,red,continuum,1732,224,557,ok,16,16,0.0,0.0,0.15808433549002843,0.9203574174623381,1.9849222671210158
daily,10,blue,continuum,1732,224,557,ok,16,16,0.0,0.0,0.12123259172058537,0.9386022952173647,1.974545989133992
daily,10,core,continuum,1732,224,557,ok,16,16,0.0,0.0,0.01975879874883123,0.9899006053476793,1.9564339674844704
daily,10,red,continuum,1732,224,557,ok,16,16,0.0,0.0,0.1544499725247323,0.9221884024966123,1.9849222671210158
daily,11,blue,continuum,1732,224,557,ok,16,16,0.0,0.0,0.12143078585164598,0.9385019206846108,1.974545989133992
daily,11,core,continuum,1732,224,557,ok,16,16,0.0,0.0,0.018909204626642875,0.9903348618246719,1.9564339674844704
daily,11,red,continuum,1732,224,557,ok,16,16,0.0,0.0,0.1524131166045377,0.9232145665706084,1.9849222671210158
daily,12,blue,continuum,1732,224,557,ok,16,16,0.0,0.0,0.11840763387087377,0.9400329825071303,1.974545989133992
daily,12,core,continuum,1732,224,557,ok,16,16,0.0,0.0,0.01888941184832376,0.9903449785874392,1.9564339674844704
daily,12,red,continuum,1732,224,557,ok,16,16,0.0,0.0,0.1507207176928998,0.9240671938697583,1.9849222671210158
daily,13,blue,continuum,1731,224,557,ok,16,16,0.0,0.0,0.115964823840083,0.9412736866745097,1.9746654825299288
daily,13,core,continuum,1731,224,557,ok,16,16,0.0,0.0,0.018024249423343654,0.9907855083873043,1.9560763828261387
daily,13,red,continuum,1731,224,557,ok,16,16,0.0,0.0,0.14690073511276713,0.9259882468419369,1.9848298255959276
daily,14,blue,continuum,1730,224,557,ok,16,16,0.0,0.0,0.1098409064113247,0.9443782667083177,1.974783954238088
daily,14,core,continuum,1730,224,557,ok,16,16,0.0,0.0,0.016441459292242493,0.9915931252960037,1.9557159909171675
daily,14,red,continuum,1730,224,557,ok,16,16,0.0,0.0,0.14191657648604925,0.9284959797083214,1.98473562615283
daily,15,blue,continuum,1729,224,557,ok,16,16,0.0,0.0,0.10308094613062216,0.9478045100603838,1.9749013995246383
daily,15,core,continuum,1729,224,557,ok,16,16,0.0,0.0,0.015968660306845524,0.9918333609704759,1.9553527772092796
daily,15,red,continuum,1729,224,557,ok,16,16,0.0,0.0,0.13657751574242497,0.931182713689852,1.984639660548265
daily,16,blue,continuum,1728,224,557,ok,16,16,0.0,0.0,0.09712461795499726,0.9508234218017644,1.9750178136323004
daily,16,core,continuum,1728,224,557,ok,16,16,0.0,0.0,0.015507465446414355,0.9920677387565688,1.9549867270516645
daily,16,red,continuum,1728,224,557,ok,16,16,0.0,0.0,0.13162143034647694,0.9336766691661244,1.9845419204918646
daily,17,blue,continuum,1727,224,557,ok,16,16,0.0,0.0,0.09139661961872973,0.95372635121566,1.9751331917802024
daily,17,core,continuum,1727,224,557,ok,16,16,0.0,0.0,0.014675209472988589,0.9924920312911766,1.9546178256899585
daily,17,red,continuum,1727,224,557,ok,16,16,0.0,0.0,0.12375538427579509,0.9376372000403754,1.9844423976459984
daily,18,blue,continuum,1726,224,557,ok,16,16,0.0,0.0,0.08497408014426774,0.9569805409754173,1.9752475291637381
daily,18,core,continuum,1726,224,557,ok,16,16,0.0,0.0,0.014083825089533297,0.992793218116026,1.95424605826521
daily,18,red,continuum,1726,224,557,ok,16,16,0.0,0.0,0.12007332560774898,0.9394895733407014,1.9843410836254178
daily,19,blue,continuum,1725,224,557,ok,16,16,0.0,0.0,0.07947311679366921,0.9597677973813052,1.9753608209544171
daily,19,core,continuum,1725,224,557,ok,16,16,0.0,0.0,0.013895989057553872,0.9928879715482991,1.9538714098128334
daily,19,red,continuum,1725,224,557,ok,16,16,0.0,0.0,0.11657117670222458,0.9412514131546394,1.984237969996895
daily,20,blue,continuum,1724,224,557,ok,16,16,0.0,0.0,0.0716643333886559,0.9637229508433647,1.9754730622997223
daily,20,core,continuum,1724,224,557,ok,16,16,0.0,0.0,0.015135140591467859,0.9922522712455811,1.9534938652615477
daily,20,red,continuum,1724,224,557,ok,16,16,0.0,0.0,0.11455320147811013,0.9422653629112828,1.9841330482788602
daily,21,blue,continuum,1723,224,557,ok,16,16,0.0,0.0,0.06505645488050685,0.9670697643313707,1.9755842483229589
daily,21,core,continuum,1723,224,557,ok,16,16,0.0,0.0,0.016332246061103367,0.9916378403925604,1.9531134094322988
daily,21,red,continuum,1723,224,557,ok,16,16,0.0,0.0,0.11058720094933974,0.9442612225476856,1.9840263099410338
daily,22,blue,continuum,1722,224,557,ok,16,16,0.0,0.0,0.058978944506742285,0.9701477388004814,1.9756943741231054
daily,22,core,continuum,1722,224,557,ok,16,16,0.0,0.0,0.014816958669466498,0.992412182706102,1.9527300270371724
daily,22,red,continuum,1722,224,557,ok,16,16,0.0,0.0,0.10617958338690799,0.9464798459616768,1.9839177464040552
daily,23,blue,continuum,1721,224,557,ok,16,16,0.0,0.0,0.056346669050595585,0.9714816423238875,1.975803434774667
daily,23,core,continuum,1721,224,557,ok,16,16,0.0,0.0,0.011166216025661488,0.9942806095000879,1.9523437026782828
daily,23,red,continuum,1721,224,557,ok,16,16,0.0,0.0,0.10253724596471711,0.948312901444597,1.98380734903911
daily,24,blue,continuum,1720,224,557,ok,16,16,0.0,0.0,0.055493991262386695,0.9719147373960914,1.975911425327518
daily,24,core,continuum,1720,224,557,ok,16,16,0.0,0.0,0.010168973384300192,0.9947903633016751,1.9519544208466593
daily,24,red,continuum,1720,224,557,ok,16,16,0.0,0.0,0.09892459702939053,0.9501311483946221,1.9836951091675497
daily,25,blue,continuum,1719,224,557,ok,16,16,0.0,0.0,0.056370540093686215,0.971472663522611,1.976018340806755
daily,25,core,continuum,1719,224,557,ok,16,16,0.0,0.0,0.008760678596301254,0.9955109405432819,1.951562165921104
daily,25,red,continuum,1719,224,557,ok,16,16,0.0,0.0,0.09890603187244626,0.9501376394652365,1.9835810180605105
daily,26,blue,continuum,1718,224,557,ok,16,16,0.0,0.0,0.05768082757973714,0.970811132076584,1.9761241762125406
daily,26,core,continuum,1718,224,557,ok,16,16,0.0,0.0,0.0072717467979374496,0.9962731293179873,1.9511669221670436
daily,26,red,continuum,1718,224,557,ok,16,16,0.0,0.0,0.09885656291719161,0.950159665241911,1.9834650669385265
daily,27,blue,continuum,1717,224,557,ok,16,16,0.0,0.0,0.055796001159957594,0.9717664282658731,1.9762289265199469
daily,27,core,continuum,1717,224,557,ok,16,16,0.0,0.0,0.007712059261945858,0.9960466561895426,1.9507686737353613
daily,27,red,continuum,1717,224,557,ok,16,16,0.0,0.0,0.1008339003954956,0.9491597346105259,1.9833472469711424
daily,28,blue,continuum,1716,224,557,ok,16,16,0.0,0.0,0.053167778424047504,0.9730977575422186,1.9763325866788024
daily,28,core,continuum,1716,224,557,ok,16,16,0.0,0.0,0.008389418500055909,0.9956985445511415,1.950367404661212
daily,28,red,continuum,1716,224,557,ok,16,16,0.0,0.0,0.10268334293296873,0.9482241243721994,1.9832275492765166
daily,29,blue,continuum,1715,224,557,ok,16,16,0.0,0.0,0.05044037611280174,0.9744791140394244,1.976435151613533
daily,29,core,continuum,1715,224,557,ok,16,16,0.0,0.0,0.008964557248734472,0.9954027041568313,1.9499630988628227
daily,29,red,continuum,1715,224,557,ok,16,16,0.0,0.0,0.10371255203414362,0.9477019615347313,1.9831059649210245
daily,30,blue,continuum,1714,224,557,ok,16,16,0.0,0.0,0.05009545768024468,0.9746549306149598,1.9765366162230023
daily,30,core,continuum,1714,224,557,ok,16,16,0.0,0.0,0.010352938612301504,0.9946895908646569,1.9495557401402746
daily,30,red,continuum,1714,224,557,ok,16,16,0.0,0.0,0.10310279925188559,0.9480061977168173,1.982982484918858
daily,31,blue,continuum,1713,224,557,ok,16,16,0.0,0.0,0.048123764319870546,0.9756537164288297,1.9766369753803539
daily,31,core,continuum,1713,224,557,ok,16,16,0.0,0.0,0.012965091794691387,0.993348319535895,1.9491453121742695
daily,31,red,continuum,1713,224,557,ok,16,16,0.0,0.0,0.10276151527952351,0.9481750272031606,1.982857100231617
daily,32,blue,continuum,1712,224,557,ok,16,16,0.0,0.0,0.044509474514042455,0.9774833516100151,1.9767362239328485
daily,32,core,continuum,1712,224,557,ok,16,16,0.0,0.0,0.015073428014199426,0.9922650063874313,1.9487317985248773
daily,32,red,continuum,1712,224,557,ok,16,16,0.0,0.0,0.09832646384757462,0.9504085409116756,1.9827298017679031
daily,33,blue,continuum,1711,224,557,ok,16,16,0.0,0.0,0.04202656303718634,0.9787404731738341,1.9768343567017026
daily,33,core,continuum,1711,224,557,ok,16,16,0.0,0.0,0.018163373637494196,0.9906773946025647,1.9483151826302674
daily,33,red,continuum,1711,224,557,ok,16,16,0.0,0.0,0.09420968298569642,0.9524817636402075,1.9826005803829
daily,34,blue,continuum,1710,224,557,ok,16,16,0.0,0.0,0.03904348139164675,0.9802504618955852,1.9769313684819239
daily,34,core,continuum,1710,224,557,ok,16,16,0.0,0.0,0.02310814804901077,0.9881368642885606,1.9478954478054202
daily,34,red,continuum,1710,224,557,ok,16,16,0.0,0.0,0.09162025372488203,0.9537847835216466,1.982469426877961
daily,35,blue,continuum,1709,224,557,ok,16,16,0.0,0.0,0.035840422309508235,0.9818715588081902,1.9770272540421465
daily,35,core,continuum,1709,224,557,ok,16,16,0.0,0.0,0.02719424617574495,0.9860361339648368,1.947472577240822
daily,35,red,continuum,1709,224,557,ok,16,16,0.0,0.0,0.08978354614409463,0.9547082174226698,1.9823363320001812
daily,36,blue,continuum,1708,224,557,ok,16,16,0.0,0.0,0.031242122572580352,0.9841960585379914,1.9768563840662166
daily,36,core,continuum,1708,224,557,ok,16,16,0.0,0.0,0.030883510910646728,0.9841382781283879,1.9470465540011395
daily,36,red,continuum,1708,224,557,ok,16,16,0.0,0.0,0.08910462121899357,0.9550476423214641,1.9822012864419736
daily,37,blue,continuum,1707,224,557,ok,16,16,0.0,0.0,0.028965767408061904,0.9853462789758166,1.9766834212456381
daily,37,core,continuum,1707,224,557,ok,16,16,0.0,0.0,0.0345288257813506,0.9822621402270916,1.946617361023877
daily,37,red,continuum,1707,224,557,ok,16,16,0.0,0.0,0.09033916922598403,0.9544216753718657,1.9820642808406348
daily,38,blue,continuum,1706,224,557,ok,16,16,0.0,0.0,0.024675303748649957,0.9875157098724375,1.9765083554228347
daily,38,core,continuum,1706,224,557,ok,16,16,0.0,0.0,0.03536574632167568,0.9818281681007736,1.9461849811180127
daily,38,red,continuum,1706,224,557,ok,16,16,0.0,0.0,0.09131139718047461,0.9539279321403918,1.9819253057779118
daily,39,blue,continuum,1705,224,557,ok,16,16,0.0,0.0,0.022454977580191573,0.988638049205224,1.9763311763782685
daily,39,core,continuum,1705,224,557,ok,16,16,0.0,0.0,0.03538608484936634,0.9818136472741016,1.9457493969626163
daily,39,red,continuum,1705,224,557,ok,16,16,0.0,0.0,0.09128975566732023,0.9539355754901657,1.9817843517795584
daily,40,blue,continuum,1704,224,557,ok,16,16,0.0,0.0,0.019960779106670774,0.9898991674825147,1.9761518738299266
daily,40,core,continuum,1704,224,557,ok,16,16,0.0,0.0,0.0369965035349451,0.9809816983960791,1.9453105911054451
daily,40,red,continuum,1704,224,557,ok,16,16,0.0,0.0,0.08964315477794135,0.9547631804843373,1.9816414093148924
daily,41,blue,continuum,1703,224,557,ok,16,16,0.0,0.0,0.018886243111437422,0.990442041665373,1.9759704374328073
daily,41,core,continuum,1703,224,557,ok,16,16,0.0,0.0,0.03881390451759529,0.9800429162175555,1.9448685459615218
daily,41,red,continuum,1703,224,557,ok,16,16,0.0,0.0,0.0873310067101389,0.955926741185066,1.9814964687963441
daily,42,blue,continuum,1702,224,557,ok,16,16,0.0,0.0,0.018082693828506937,0.9908478519499864,1.9757868567783974
daily,42,core,continuum,1702,224,557,ok,16,16,0.0,0.0,0.04264037207649131,0.9780704266870918,1.9444232438116889
daily,42,red,continuum,1702,224,557,ok,16,16,0.0,0.0,0.08361228332043272,0.9578003363606442,1.9813495205790024
daily,43,blue,continuum,1701,224,557,ok,16,16,0.0,0.0,0.016378230267566487,0.9917097484455725,1.9756011213941465
daily,43,core,continuum,1701,224,557,ok,16,16,0.0,0.0,0.04652284187693963,0.9760681851098945,1.9439746668011437
daily,43,red,continuum,1701,224,557,ok,16,16,0.0,0.0,0.08123006327263654,0.9589995757525567,1.9812005549601546
daily,44,blue,continuum,1700,224,557,ok,16,16,0.0,0.0,0.01591072711452045,0.9919456208212798,1.9754132207429318
daily,44,core,continuum,1700,224,557,ok,16,16,0.0,0.0,0.04925786481283923,0.9746553707059955,1.9435227969379514
daily,44,red,continuum,1700,224,557,ok,16,16,0.0,0.0,0.080035759414187,0.9595993149579958,1.9810495621788233
daily,45,blue,continuum,1699,224,557,ok,16,16,0.0,0.0,0.015528155001437331,0.992138531260705,1.9752231442225214
daily,45,core,continuum,1699,224,557,ok,16,16,0.0,0.0,0.05289307135527692,0.9727785739841257,1.9430676160915343
daily,45,red,continuum,1699,224,557,ok,16,16,0.0,0.0,0.0813179793341516,0.9589489011649684,1.9808965324152967
daily,46,blue,continuum,1698,224,557,ok,16,16,0.0,0.0,0.015686217775231215,0.9920577354385577,1.9750308811650292
daily,46,core,continuum,1698,224,557,ok,16,16,0.0,0.0,0.057583329298877335,0.970357737374294,1.9426091059911417
daily,46,red,continuum,1698,224,557,ok,16,16,0.0,0.0,0.08309082964079588,0.9580506434103847,1.9807414557906533
daily,47,blue,continuum,1697,224,557,ok,16,16,0.0,0.0,0.01567975589206507,0.9920602748750368,1.9748487063823637
daily,47,core,continuum,1697,224,557,ok,16,16,0.0,0.0,0.06146514903113615,0.9683519624542712,1.9421472482242932
daily,47,red,continuum,1697,224,557,ok,16,16,0.0,0.0,0.08252914115709595,0.9583309126376932,1.9805843223662845
daily,48,blue,continuum,1696,224,557,ok,16,16,0.0,0.0,0.015733012260967592,0.9920325638772207,1.9746643736479115
daily,48,core,continuum,1696,224,557,ok,16,16,0.0,0.0,0.06453021134131667,0.9667658192557382,1.941682024235202
daily,48,red,continuum,1696,224,557,ok,16,16,0.0,0.0,0.08295373316901587,0.9581131686113761,1.9804251221434093
daily,49,blue,continuum,1695,224,557,ok,16,16,0.0,0.0,0.01667394174733787,0.991555265328368,1.974477872389501
daily,49,core,continuum,1695,224,557,ok,16,16,0.0,0.0,0.06756683670730015,0.9651935041382085,1.9412134153231726
daily,49,red,continuum,1695,224,557,ok,16,16,0.0,0.0,0.08485186062930697,0.9571512347504252,1.9802638450625842
daily,50,blue,continuum,1694,224,557,ok,16,16,0.0,0.0,0.018346628324968833,0.9907072234404191,1.9742891919695778
daily,50,core,continuum,1694,224,557,ok,16,16,0.0,0.0,0.06960411879019657,0.9641352945346151,1.9407414026409735
daily,50,red,continuum,1694,224,557,ok,16,16,0.0,0.0,0.08516097744469997,0.9569915879210567,1.9801004810032095
daily,51,blue,continuum,1693,224,557,ok,16,16,0.0,0.0,0.020264998839704056,0.989734554445895,1.9740983216846595
daily,51,core,continuum,1693,224,557,ok,16,16,0.0,0.0,0.07109957480193674,0.9633557584351231,1.9402659671931883
daily,51,red,continuum,1693,224,557,ok,16,16,0.0,0.0,0.08437762133838346,0.9573836411320055,1.9799350197830292
daily,52,blue,continuum,1692,224,557,ok,16,16,0.0,0.0,0.02295900861160106,0.9883687382650683,1.9739052507647807
daily,52,core,continuum,1692,224,557,ok,16,16,0.0,0.0,0.07238072344867828,0.9626862536471195,1.939787089834537
daily,52,red,continuum,1692,224,557,ok,16,16,0.0,0.0,0.08481118632459492,0.9571610361232056,1.979767451157624
daily,53,blue,continuum,1691,224,557,ok,16,16,0.0,0.0,0.025684653879900394,0.9869866118672572,1.973709968372935
daily,53,core,continuum,1691,224,557,ok,16,16,0.0,0.0,0.07159214584022944,0.9630836021035822,1.939304751268176
daily,53,red,continuum,1691,224,557,ok,16,16,0.0,0.0,0.08360063411335568,0.9577688783049513,1.9795977648199021
daily,54,blue,continuum,1690,224,557,ok,16,16,0.0,0.0,0.028851710244625982,0.9853805279790684,1.973512463604509
daily,54,core,continuum,1690,224,557,ok,16,16,0.0,0.0,0.0713467083518984,0.9632009430211813,1.9388189320439688
daily,54,red,continuum,1690,224,557,ok,16,16,0.0,0.0,0.0838610731373724,0.9576336396315085,1.9794259503995815
daily,55,blue,continuum,1689,224,557,ok,16,16,0.0,0.0,0.032221397057834764,0.9836714188067238,1.9733127254867084
daily,55,core,continuum,1689,224,557,ok,16,16,0.0,0.0,0.06991498212449802,0.9639302925201264,1.9383296125567324
daily,55,red,continuum,1689,224,557,ok,16,16,0.0,0.0,0.08194552495338703,0.9585977303251741,1.9792519974626677
daily,56,blue,continuum,1688,224,557,ok,16,16,0.0,0.0,0.03266880252934003,0.9834430799717735,1.973120753959411
daily,56,core,continuum,1688,224,557,ok,16,16,0.0,0.0,0.07106358967287885,0.9633283924315081,1.9378367730444541
daily,56,red,continuum,1688,224,557,ok,16,16,0.0,0.0,0.07760589139159252,0.9607868037968511,1.979075895510927
daily,57,blue,continuum,1687,224,557,ok,16,16,0.0,0.0,0.03374997032331807,0.9828934483082116,1.9729265682176513
daily,57,core,continuum,1687,224,557,ok,16,16,0.0,0.0,0.07007600307821457,0.9638287606503227,1.9373403935864824
daily,57,red,continuum,1687,224,557,ok,16,16,0.0,0.0,0.07401863690990185,0.962596025363382,1.9788976339813518
daily,58,blue,continuum,1686,224,557,ok,16,16,0.0,0.0,0.033946505677946735,0.982792119058019,1.9727301573274847
daily,58,core,continuum,1686,224,557,ok,16,16,0.0,0.0,0.07090317586050807,0.9633923508204535,1.9368404541016884
daily,58,red,continuum,1686,224,557,ok,16,16,0.0,0.0,0.07186760196038737,0.9636797002225352,1.9787172022456216
daily,59,blue,continuum,1685,224,557,ok,16,16,0.0,0.0,0.03370254023408226,0.9829140675024318,1.972531510286558
daily,59,core,continuum,1685,224,557,ok,16,16,0.0,0.0,0.07258039674901168,0.9625166491112234,1.9363369343465986
daily,59,red,continuum,1685,224,557,ok,16,16,0.0,0.0,0.07022818837221462,0.9645049478836387,1.9785345896095565
daily,60,blue,continuum,1684,224,557,ok,16,16,0.0,0.0,0.031897623757225976,0.9838274458155826,1.9723306160235285
daily,60,core,continuum,1684,224,557,ok,16,16,0.0,0.0,0.07211952659337167,0.9627449034646419,1.9358298139134986
daily,60,red,continuum,1684,224,557,ok,16,16,0.0,0.0,0.07008173615068553,0.9645756596376545,1.9783497853125673
daily,61,blue,continuum,1683,224,557,ok,16,16,0.0,0.0,0.029441614191356564,0.9850711403102536,1.9721274633974795
daily,61,core,continuum,1683,224,557,ok,16,16,0.0,0.0,0.071246278720606,0.9631862881201463,1.9353190722285074
daily,61,red,continuum,1683,224,557,ok,16,16,0.0,0.0,0.07370935407656642,0.9627384789175697,1.9781627785270965
daily,62,blue,continuum,1682,224,557,ok,16,16,0.0,0.0,0.02789491671569424,0.9858539454740529,1.9719220411973235
daily,62,core,continuum,1682,224,557,ok,16,16,0.0,0.0,0.07018372628379743,0.9637256790315052,1.934804688549618
daily,62,red,continuum,1682,224,557,ok,16,16,0.0,0.0,0.07460117061231161,0.9622840405034336,1.9779735583580553
daily,63,blue,continuum,1681,224,557,ok,16,16,0.0,0.0,0.025191473736849997,0.9872236175773624,1.9717219556777756
daily,63,core,continuum,1681,224,557,ok,16,16,0.0,0.0,0.06689226809608029,0.9654176032420222,1.934286641964711
daily,63,red,continuum,1681,224,557,ok,16,16,0.0,0.0,0.07722647356521113,0.9609529922306848,1.9777821138422538
daily,64,blue,continuum,1680,224,557,ok,16,16,0.0,0.0,0.024125480375303276,0.9877629709944092,1.9715145207452691
daily,64,core,continuum,1680,224,557,ok,16,16,0.0,0.0,0.06456148651859298,0.966613580514189,1.9337649113895314
daily,64,red,continuum,1680,224,557,ok,16,16,0.0,0.0,0.07986508321989325,0.9596178015814871,1.977729949028228
daily,65,blue,continuum,1679,224,557,ok,16,16,0.0,0.0,0.024398880771355182,0.9876229790239934,1.9713047928619911
daily,65,core,continuum,1679,224,557,ok,16,16,0.0,0.0,0.05857283631645346,0.9697022344842633,1.9332394755656392
daily,65,red,continuum,1679,224,557,ok,16,16,0.0,0.0,0.08232042014415282,0.9583751755258308,1.9776760907481499
daily,66,blue,continuum,1678,224,557,ok,16,16,0.0,0.0,0.02529340774071784,0.9871678247486012,1.9710927605949462
daily,66,core,continuum,1678,224,557,ok,16,16,0.0,0.0,0.05487982547750769,0.9716047329458982,1.9327103130583203
daily,66,red,continuum,1678,224,557,ok,16,16,0.0,0.0,0.08099541626799865,0.9590440051558524,1.9776205309189916
daily,67,blue,continuum,1677,224,557,ok,16,16,0.0,0.0,0.025057607298254347,0.9872860714592475,1.9708784124384664
daily,67,core,continuum,1677,224,557,ok,16,16,0.0,0.0,0.050598896062210144,0.9738124998236852,1.932177402254466
daily,67,red,continuum,1677,224,557,ok,16,16,0.0,0.0,0.07891856642641518,0.9600930256106853,1.977563261411924
daily,68,blue,continuum,1676,224,557,ok,16,16,0.0,0.0,0.024466374997550416,0.9875846906952632,1.9706617368135821
daily,68,core,continuum,1676,224,557,ok,16,16,0.0,0.0,0.04719516363367351,0.9755673179221265,1.9316407213604199
daily,68,red,continuum,1676,224,557,ok,16,16,0.0,0.0,0.07654564059610715,0.9612917951174577,1.9775042740519804
daily,69,blue,continuum,1675,224,557,ok,16,16,0.0,0.0,0.024303831846995846,0.9876658014085807,1.970442722067387
daily,69,core,continuum,1675,224,557,ok,16,16,0.0,0.0,0.04486464775891636,0.9767673129367087,1.931100248399786
daily,69,red,continuum,1675,224,557,ok,16,16,0.0,0.0,0.07316246118184909,0.9630014921088343,1.9774435606177123
daily,70,blue,continuum,1674,224,557,ok,16,16,0.0,0.0,0.021985973618767144,0.9888408611821505,1.970221356472393
daily,70,core,continuum,1674,224,557,ok,16,16,0.0,0.0,0.043531146349930445,0.9774514972761423,1.930555961211203
daily,70,red,continuum,1674,224,557,ok,16,16,0.0,0.0,0.06945116670200077,0.964877197293433,1.9773811128408436
daily,71,blue,continuum,1673,224,557,ok,16,16,0.0,0.0,0.023703793008406426,0.9879676032758713,1.9699976282258813
daily,71,core,continuum,1673,224,557,ok,16,16,0.0,0.0,0.042825494749565096,0.9778107145895144,1.9300078374460807
daily,71,red,continuum,1673,224,557,ok,16,16,0.0,0.0,0.06671073255068885,0.9662619928071431,1.9773169224059246
daily,72,blue,continuum,1672,224,557,ok,16,16,0.0,0.0,0.0257194054150473,0.9869429499397492,1.969771525449243
daily,72,core,continuum,1672,224,557,ok,16,16,0.0,0.0,0.04098820471387033,0.9787565988530567,1.929455854566299
daily,72,red,continuum,1672,224,557,ok,16,16,0.0,0.0,0.06546948267475675,0.9668886331044825,1.9772509809499783
daily,73,blue,continuum,1671,224,557,ok,16,16,0.0,0.0,0.02796107311062367,0.9858032687801779,1.9695430361873143
daily,73,core,continuum,1671,224,557,ok,16,16,0.0,0.0,0.03692062938977052,0.9808592308651537,1.9288999898418697
daily,73,red,continuum,1671,224,557,ok,16,16,0.0,0.0,0.06537876765875152,0.9669333802697864,1.9771832800621447
daily,74,blue,continuum,1670,224,557,ok,16,16,0.0,0.0,0.02899095803716789,0.9852811992116661,1.9696548960800004
daily,74,core,continuum,1670,224,557,ok,16,16,0.0,0.0,0.03354650673841796,0.9826034294236967,1.9283402203485556
daily,74,red,continuum,1670,224,557,ok,16,16,0.0,0.0,0.06653344625894962,0.9663481961032059,1.977113811283322
daily,75,blue,continuum,1669,224,557,ok,16,16,0.0,0.0,0.031156167424455088,0.9841828047846862,1.9697656253423843
daily,75,core,continuum,1669,224,557,ok,16,16,0.0,0.0,0.03094847866856002,0.9839460236703408,1.9277765229654533
daily,75,red,continuum,1669,224,557,ok,16,16,0.0,0.0,0.06994286242765554,0.9646224802506794,1.9770425661058055
daily,76,blue,continuum,1668,224,557,ok,16,16,0.0,0.0,0.03171128527532033,0.9839018812072805,1.9698752185666588
daily,76,core,continuum,1668,224,557,ok,16,16,0.0,0.0,0.030364479496047196,0.9842443235396924,1.9272088743725337
daily,76,red,continuum,1668,224,557,ok,16,16,0.0,0.0,0.06861239559204411,0.9652941563622638,1.9769695359729202
daily,77,blue,continuum,1667,224,557,ok,16,16,0.0,0.0,0.03107101983227823,0.9842277779758062,1.9699836703171454
daily,77,core,continuum,1667,224,557,ok,16,16,0.0,0.0,0.030116233993466253,0.9843684980257273,1.9266372510481404
daily,77,red,continuum,1667,224,557,ok,16,16,0.0,0.0,0.07122892453953225,0.963969287743488,1.9768947122786513
daily,78,blue,continuum,1666,224,557,ok,16,16,0.0,0.0,0.03336422844245474,0.9830646255103772,1.9700909751301188
daily,78,core,continuum,1666,224,557,ok,16,16,0.0,0.0,0.030123531751089432,0.9843600374498077,1.9260616292664432
daily,78,red,continuum,1666,224,557,ok,16,16,0.0,0.0,0.07259001229653432,0.9632793665754392,1.9768180863672724
daily,79,blue,continuum,1665,224,557,ok,16,16,0.0,0.0,0.03519836221836164,0.9821345987531808,1.9701971275136259
daily,79,core,continuum,1665,224,557,ok,16,16,0.0,0.0,0.03098259126713918,0.9839091762441948,1.9254819850948541
daily,79,red,continuum,1665,224,557,ok,16,16,0.0,0.0,0.07574574539901073,0.9616814761534698,1.9767396495329674
daily,80,blue,continuum,1664,224,557,ok,16,16,0.0,0.0,0.03723981255836764,0.9810994404647129,1.9703021219473038
daily,80,core,continuum,1664,224,557,ok,16,16,0.0,0.0,0.03138633887956986,0.9836945468905963,1.9248982943913915
daily,80,red,continuum,1664,224,557,ok,16,16,0.0,0.0,0.07735426353455563,0.9608661644956479,1.9766593930194507
daily,81,blue,continuum,1663,224,557,ok,16,16,0.0,0.0,0.03652299425869026,0.9814642286249357,1.9704059528821989
daily,81,core,continuum,1663,224,557,ok,16,16,0.0,0.0,0.03176967029073978,0.9834903620028106,1.9243105328020025
daily,81,red,continuum,1663,224,557,ok,16,16,0.0,0.0,0.07716246579674582,0.9609615745947937,1.9765773080195819
daily,82,blue,continuum,1662,224,557,ok,16,16,0.0,0.0,0.03437469383768303,0.9825554206763981,1.9705086147405835
daily,82,core,continuum,1662,224,557,ok,16,16,0.0,0.0,0.033216027620448625,0.9827334276892835,1.9237186757578408
daily,82,red,continuum,1662,224,557,ok,16,16,0.0,0.0,0.08105283016283471,0.9589916006042414,1.9764933856749787
daily,83,blue,continuum,1661,224,557,ok,16,16,0.0,0.0,0.03182700541042967,0.9838491615467269,1.970610101915769
daily,83,core,continuum,1661,224,557,ok,16,16,0.0,0.0,0.03302878578673517,0.9828254402004774,1.9231226984724907
daily,83,red,continuum,1661,224,557,ok,16,16,0.0,0.0,0.07753884055431165,0.9607657835454122,1.9763065905511334
daily,84,blue,continuum,1660,224,557,ok,16,16,0.0,0.0,0.02871601330899653,0.9854285981435033,1.970710408771919
daily,84,core,continuum,1660,224,557,ok,16,16,0.0,0.0,0.03393457659425799,0.9823489320651119,1.9225225759391478
daily,84,red,continuum,1660,224,557,ok,16,16,0.0,0.0,0.0770183060392678,0.9610254427786922,1.9761175374472533
daily,85,blue,continuum,1659,224,557,ok,16,16,0.0,0.0,0.027478896946930557,0.9860570509054235,1.970809529643863
daily,85,core,continuum,1659,224,557,ok,16,16,0.0,0.0,0.03362567204820896,0.9825041093854493,1.9219182829277472
daily,85,red,continuum,1659,224,557,ok,16,16,0.0,0.0,0.0715178338792687,0.9638073592541833,1.9760324863151921
daily,86,blue,continuum,1658,224,557,ok,16,16,0.0,0.0,0.02792592160731243,0.9858309321007936,1.9709074588369038
daily,86,core,continuum,1658,224,557,ok,16,16,0.0,0.0,0.032577933140437845,0.983043893679989,1.9213097939820434
daily,86,red,continuum,1658,224,557,ok,16,16,0.0,0.0,0.06713221287734455,0.9660252723642014,1.975945579225441
daily,87,blue,continuum,1657,224,557,ok,16,16,0.0,0.0,0.02608388625491638,0.9867661944206096,1.9710041906266285
daily,87,core,continuum,1657,224,557,ok,16,16,0.0,0.0,0.03168061459898857,0.9835056683989786,1.9206970834166337
daily,87,red,continuum,1657,224,557,ok,16,16,0.0,0.0,0.06450468108034424,0.9673535648702604,1.9758568071520628
daily,88,blue,continuum,1656,224,557,ok,16,16,0.0,0.0,0.025049739216320057,0.987291490647799,1.9710997192587125
daily,88,core,continuum,1656,224,557,ok,16,16,0.0,0.0,0.032778405396625236,0.9829286262773717,1.9200801253139335
daily,88,red,continuum,1656,224,557,ok,16,16,0.0,0.0,0.06303846865799281,0.9680941652398934,1.9757661610161965
daily,89,blue,continuum,1655,224,557,ok,16,16,0.0,0.0,0.023781520636942277,0.9879354745565153,1.9711940389487288
daily,89,core,continuum,1655,224,557,ok,16,16,0.0,0.0,0.03461381334552797,0.9819668900113658,1.9194588935210937
daily,89,red,continuum,1655,224,557,ok,16,16,0.0,0.0,0.0609593576215845,0.9691450264639236,1.9756736316856478
daily,90,blue,continuum,1654,224,557,ok,16,16,0.0,0.0,0.022483274639483106,0.9885927887802227,1.9709703104736676
daily,90,core,continuum,1654,224,557,ok,16,16,0.0,0.0,0.036006297576040576,0.9812353181387582,1.9188333616468625
daily,90,red,continuum,1654,224,557,ok,16,16,0.0,0.0,0.05936385619237417,0.9699497169548604,1.9754840945491825
daily,91,blue,continuum,1653,224,557,ok,16,16,0.0,0.0,0.022519699454106205,0.9885729969972096,1.9707441617550174
daily,91,core,continuum,1653,224,557,ok,16,16,0.0,0.0,0.03885470229653686,0.9797442230531919,1.9182035030583922
daily,91,red,continuum,1653,224,557,ok,16,16,0.0,0.0,0.05727743449229457,0.9710030585052285,1.9752922735876262
daily,92,blue,continuum,1652,224,557,ok,16,16,0.0,0.0,0.022910751343166978,0.9883732198972766,1.9705155804744519
daily,92,core,continuum,1652,224,557,ok,16,16,0.0,0.0,0.03825192053220266,0.9800518705038875,1.9175692908779864
daily,92,red,continuum,1652,224,557,ok,16,16,0.0,0.0,0.05456689434840613,0.9723725658157509,1.9750981573061126
daily,93,blue,continuum,1651,224,557,ok,16,16,0.0,0.0,0.02342519765388614,0.9881107540514614,1.9702845542332772
daily,93,core,continuum,1651,224,557,ok,16,16,0.0,0.0,0.03741987943111923,0.9804792737314107,1.916930697979787
daily,93,red,continuum,1651,224,557,ok,16,16,0.0,0.0,0.05170131125369009,0.9738208183424925,1.9749017341366484
daily,94,blue,continuum,1650,224,557,ok,16,16,0.0,0.0,0.025511149315421228,0.987050513716745,1.9700510705517131
daily,94,core,continuum,1650,224,557,ok,16,16,0.0,0.0,0.03603909918203669,0.9811932732028116,1.9162876969864029
daily,94,red,continuum,1650,224,557,ok,16,16,0.0,0.0,0.04786714559921927,0.9757611231814016,1.9748087321641457
daily,95,blue,continuum,1649,224,557,ok,16,16,0.0,0.0,0.025927194963471838,0.986837752060359,1.9698151168681708
daily,95,core,continuum,1649,224,557,ok,16,16,0.0,0.0,0.03537665551930509,0.9815327249833419,1.9156402602654707
daily,95,red,continuum,1649,224,557,ok,16,16,0.0,0.0,0.04535919689020007,0.9770299897276893,1.974713826962386
daily,96,blue,continuum,1648,224,557,ok,16,16,0.0,0.0,0.025296011061974565,0.9871566254251862,1.969576680538518
daily,96,core,continuum,1648,224,557,ok,16,16,0.0,0.0,0.03924347058947118,0.9795072015001781,1.9149883599261583
daily,96,red,continuum,1648,224,557,ok,16,16,0.0,0.0,0.04670443069775619,0.9763476003296576,1.9746170092127493
daily,97,blue,continuum,1647,224,557,ok,16,16,0.0,0.0,0.025831374671614983,0.9868854496095151,1.9696729130993798
daily,97,core,continuum,1647,224,557,ok,16,16,0.0,0.0,0.04115149134201093,0.9785034716894123,1.9143319678155972
daily,97,red,continuum,1647,224,557,ok,16,16,0.0,0.0,0.04626057133350636,0.9765712112938563,1.9745182695414167
daily,98,blue,continuum,1646,224,557,ok,16,16,0.0,0.0,0.024546064680808454,0.987538600685994,1.9697679259198333
daily,98,core,continuum,1646,224,557,ok,16,16,0.0,0.0,0.04359414560682369,0.9772196243021055,1.9136710555152523
daily,98,red,continuum,1646,224,557,ok,16,16,0.0,0.0,0.04625324794958644,0.9765737258499508,1.97441759851894
daily,99,blue,continuum,1645,224,557,ok,16,16,0.0,0.0,0.025187151422468988,0.9872137463990861,1.969861713103255
daily,99,core,continuum,1645,224,557,ok,16,16,0.0,0.0,0.04678380407226059,0.975544345395148,1.9130055943372182
daily,99,red,continuum,1645,224,557,ok,16,16,0.0,0.0,0.04539083235071965,0.9770093259396704,1.9743149866598046
daily,100,blue,continuum,1644,224,557,ok,16,16,0.0,0.0,0.024977168358747023,0.9873209400059061,1.9699542687219438
daily,100,core,continuum,1644,224,557,ok,16,16,0.0,0.0,0.049580182713518856,0.9740734921883463,1.912335555320451
daily,100,red,continuum,1644,224,557,ok,16,16,0.0,0.0,0.042140870209547474,0.9786543168406754,1.97421042442199
daily,101,blue,continuum,1643,224,557,ok,16,16,0.0,0.0,0.026141335096919183,0.9867305938137417,1.9700455868169187
daily,101,core,continuum,1643,224,557,ok,16,16,0.0,0.0,0.051573094434305855,0.9730218397073558,1.9116609092269234
daily,101,red,continuum,1643,224,557,ok,16,16,0.0,0.0,0.04022758786713061,0.9796223553268059,1.9741039022065245
daily,102,blue,continuum,1642,224,557,ok,16,16,0.0,0.0,0.026986524577053864,0.9863021998404372,1.9701356613977135
daily,102,core,continuum,1642,224,557,ok,16,16,0.0,0.0,0.05623887353971055,0.9705706885096518,1.910981626537708
daily,102,red,continuum,1642,224,557,ok,16,16,0.0,0.0,0.039214255164604785,0.9801345763222863,1.9739954103570356
daily,103,blue,continuum,1641,224,557,ok,16,16,0.0,0.0,0.027262837736780066,0.9861625728822347,1.9702244864421674
daily,103,core,continuum,1641,224,557,ok,16,16,0.0,0.0,0.059065793825005555,0.9690803195113119,1.9102976774489844
daily,103,red,continuum,1641,224,557,ok,16,16,0.0,0.0,0.03791795274365811,0.9807901909622919,1.973884939159296
daily,104,blue,continuum,1640,224,557,ok,16,16,0.0,0.0,0.026203565429206155,0.9867008043975617,1.9703120558962173
daily,104,core,continuum,1640,224,557,ok,16,16,0.0,0.0,0.06255993615969961,0.9672394007801147,1.9096090318679702
daily,104,red,continuum,1640,224,557,ok,16,16,0.0,0.0,0.03719089502649697,0.9811574558743772,1.9737724788407656
daily,105,blue,continuum,1639,224,557,ok,16,16,0.0,0.0,0.025028776199780157,0.9872976060774251,1.9703983636736861
daily,105,core,continuum,1639,224,557,ok,16,16,0.0,0.0,0.06471705677645193,0.9660974771423395,1.9089156594087713
daily,105,red,continuum,1639,224,557,ok,16,16,0.0,0.0,0.03796677947668199,0.9807632431250924,1.9736580195701259
daily,106,blue,continuum,1638,224,557,ok,16,16,0.0,0.0,0.02498297401768961,0.9873213984084638,1.97048340365607
daily,106,core,continuum,1638,224,557,ok,16,16,0.0,0.0,0.06863170474187591,0.9640336053490286,1.9082175293881511
daily,106,red,continuum,1638,224,557,ok,16,16,0.0,0.0,0.03677981645053739,0.9813635459444026,1.9735415514568142
daily,107,blue,continuum,1637,224,557,ok,16,16,0.0,0.0,0.02545570596447582,0.9870820409697324,1.9705671696923241
daily,107,core,continuum,1637,224,557,ok,16,16,0.0,0.0,0.06857773684545876,0.9640600051045343,1.9081176011549956
daily,107,red,continuum,1637,224,557,ok,16,16,0.0,0.0,0.03642480249804356,0.9815429555400158,1.9734905324096876
daily,108,blue,continuum,1636,224,557,ok,16,16,0.0,0.0,0.025969876408004047,0.9868216674972017,1.9706496555986455
daily,108,core,continuum,1636,224,557,ok,16,16,0.0,0.0,0.06998368046022763,0.9633212263573421,1.9080158225038284
daily,108,red,continuum,1636,224,557,ok,16,16,0.0,0.0,0.03618359691709386,0.9816646879315368,1.9734377458090717
daily,109,blue,continuum,1635,224,557,ok,16,16,0.0,0.0,0.026289792508735792,0.9866598767457646,1.9707308551582554
daily,109,core,continuum,1635,224,557,ok,16,16,0.0,0.0,0.0666534493934871,0.9650647184214275,1.9079121845226197
daily,109,red,continuum,1635,224,557,ok,16,16,0.0,0.0,0.034988474497717206,0.9822698020339432,1.9733831830135347
daily,110,blue,continuum,1634,224,557,ok,16,16,0.0,0.0,0.026060249561370007,0.9867768889523815,1.97081076212118
daily,110,core,continuum,1634,224,557,ok,16,16,0.0,0.0,0.06421163948273786,0.9663426906851402,1.907806678247696
daily,110,red,continuum,1634,224,557,ok,16,16,0.0,0.0,0.03261700679959352,0.9834710569908645,1.9733268353315792
daily,111,blue,continuum,1633,224,557,ok,16,16,0.0,0.0,0.024513357445329124,0.9875622864398566,1.9708893702040262
daily,111,core,continuum,1633,224,557,ok,16,16,0.0,0.0,0.06147415567458397,0.96777576222492,1.9076992946633458
daily,111,red,continuum,1633,224,557,ok,16,16,0.0,0.0,0.031066876008414783,0.9842561349589424,1.973268694021262
daily,112,blue,continuum,1632,224,557,ok,16,16,0.0,0.0,0.02450735774766702,0.9875658182950154,1.9709666730897606
daily,112,core,continuum,1632,224,557,ok,16,16,0.0,0.0,0.06143286195368429,0.9677955634291494,1.9075900247014244
daily,112,red,continuum,1632,224,557,ok,16,16,0.0,0.0,0.03024000090439115,0.9846747076811059,1.9732087502898141
daily,113,blue,continuum,1631,224,557,ok,16,16,0.0,0.0,0.023756376486033307,0.9879473047870663,1.9710426644274817
daily,113,core,continuum,1631,224,557,ok,16,16,0.0,0.0,0.06363810399749084,0.9666375835888349,1.9074788592409517
daily,113,red,continuum,1631,224,557,ok,16,16,0.0,0.0,0.029999276411822796,0.9847962283178177,1.9731469952932545
daily,114,blue,continuum,1630,224,557,ok,16,16,0.0,0.0,0.023924950357218987,0.9878622394019773,1.9711173378321936
daily,114,core,continuum,1630,224,557,ok,16,16,0.0,0.0,0.061753932706506885,0.9676234453510901,1.907365789107711
daily,114,red,continuum,1630,224,557,ok,16,16,0.0,0.0,0.028142938163549392,0.9857365695356106,1.973083420136
daily,115,blue,continuum,1629,224,557,ok,16,16,0.0,0.0,0.02408910533492524,0.987779413988102,1.9711906868845763
daily,115,core,continuum,1629,224,557,ok,16,16,0.0,0.0,0.061975502318331044,0.9675053211913932,1.9072508050738368
daily,115,red,continuum,1629,224,557,ok,16,16,0.0,0.0,0.02713467736992367,0.9862471213381434,1.973018015870472
daily,116,blue,continuum,1628,224,557,ok,16,16,0.0,0.0,0.023210186842949815,0.988225726189341,1.9712627051307536
daily,116,core,continuum,1628,224,557,ok,16,16,0.0,0.0,0.062323836551134174,0.9673206812478387,1.9071338978574062
daily,116,red,continuum,1628,224,557,ok,16,16,0.0,0.0,0.02683020975604533,0.9864009735486235,1.9729507734967002
daily,117,blue,continuum,1627,224,557,ok,16,16,0.0,0.0,0.023582998528247197,0.9880370318411147,1.9713333860820597
daily,117,core,continuum,1627,224,557,ok,16,16,0.0,0.0,0.06171485138150386,0.967637984231609,1.90701505812202
daily,117,red,continuum,1627,224,557,ok,16,16,0.0,0.0,0.026768355226275468,0.9864318496928212,1.972881683961921
daily,118,blue,continuum,1626,224,557,ok,16,16,0.0,0.0,0.025477254491790953,0.9870765855237104,1.9714027232148044
daily,118,core,continuum,1626,224,557,ok,16,16,0.0,0.0,0.05967166813772386,0.9687074061347611,1.906894276476382
daily,118,red,continuum,1626,224,557,ok,16,16,0.0,0.0,0.027553509784907476,0.98603337398163,1.9728107381601727
daily,119,blue,continuum,1625,224,557,ok,16,16,0.0,0.0,0.027482317333488278,0.9860599920686085,1.9714707099700348
daily,119,core,continuum,1625,224,557,ok,16,16,0.0,0.0,0.06094576543525637,0.9680371958330038,1.9067715434738752
daily,119,red,continuum,1625,224,557,ok,16,16,0.0,0.0,0.02774395420694567,0.9859363203656277,1.9727379269318843
daily,120,blue,continuum,1624,224,557,ok,16,16,0.0,0.0,0.02747203078076712,0.9860656807117816,1.9715373397532965
daily,120,core,continuum,1624,224,557,ok,16,16,0.0,0.0,0.06271923531535542,0.9671049542666412,1.906646849612132
daily,120,red,continuum,1624,224,557,ok,16,16,0.0,0.0,0.028109073027545752,0.9857506986279158,1.9726632410634652
daily,121,blue,continuum,1623,224,557,ok,16,16,0.0,0.0,0.028510471006515582,0.9855372757298515,1.9713070977479654
daily,121,core,continuum,1623,224,557,ok,16,16,0.0,0.0,0.0673787387125488,0.9646587855555306,1.9065201853325995
daily,121,red,continuum,1623,224,557,ok,16,16,0.0,0.0,0.02783438884559122,0.9858893962679812,1.9725866712868858
daily,122,blue,continuum,1622,224,557,ok,16,16,0.0,0.0,0.02717170891442591,0.9862147720770099,1.9710743316119452
daily,122,core,continuum,1622,224,557,ok,16,16,0.0,0.0,0.07191915739205833,0.9622747185745617,1.9063915410201036
daily,122,red,continuum,1622,224,557,ok,16,16,0.0,0.0,0.027574179511245866,0.9860207529705032,1.972508208279256
daily,123,blue,continuum,1621,224,557,ok,16,16,0.0,0.0,0.026424164164234064,0.9865924290184908,1.9708390282383257
daily,123,core,continuum,1621,224,557,ok,16,16,0.0,0.0,0.07314076977789714,0.9616312911264014,1.9062609070024052
daily,123,red,continuum,1621,224,557,ok,16,16,0.0,0.0,0.028373517224460527,0.9856149276486781,1.9724278426623998
daily,124,blue,continuum,1620,224,557,ok,16,16,0.0,0.0,0.023561855785710597,0.9880433158716189,1.9706011744328629
daily,124,core,continuum,1620,224,557,ok,16,16,0.0,0.0,0.0755388319423988,0.960370541169444,1.9061282735497524
daily,124,red,continuum,1620,224,557,ok,16,16,0.0,0.0,0.031028569343472555,0.9842681881440819,1.9723455650024255
daily,125,blue,continuum,1619,224,557,ok,16,16,0.0,0.0,0.02343354328196324,0.9881069782780921,1.970360756913184
daily,125,core,continuum,1619,224,557,ok,16,16,0.0,0.0,0.07712803910566574,0.9595339470938941,1.9059936308744312
daily,125,red,continuum,1619,224,557,ok,16,16,0.0,0.0,0.03200646183449783,0.9837716935547411,1.9722613658092896
daily,126,blue,continuum,1618,224,557,ok,16,16,0.0,0.0,0.023824727335472917,0.9879069526749699,1.9701177623079826
daily,126,core,continuum,1618,224,557,ok,16,16,0.0,0.0,0.07680107928438754,0.9597026007049029,1.9058569691303064
daily,126,red,continuum,1618,224,557,ok,16,16,0.0,0.0,0.033116820329147326,0.983207767252826,1.9721511027007772
daily,127,blue,continuum,1617,224,557,ok,16,16,0.0,0.0,0.02270004310058585,0.988476387775903,1.9698721771562058
daily,127,core,continuum,1617,224,557,ok,16,16,0.0,0.0,0.07870755834494358,0.9586992688077095,1.905718278412364
daily,127,red,continuum,1617,224,557,ok,16,16,0.0,0.0,0.03514019255145002,0.982180780373747,1.9720388035219125
daily,128,blue,continuum,1616,224,557,ok,16,16,0.0,0.0,0.02303295407210886,0.988305913101417,1.9696239879062265
daily,128,core,continuum,1616,224,557,ok,16,16,0.0,0.0,0.07618421608426343,0.9600204063413802,1.9055775487562419
daily,128,red,continuum,1616,224,557,ok,16,16,0.0,0.0,0.03580262089139345,0.9818438172188916,1.9719244580775117
daily,129,blue,continuum,1615,224,557,ok,16,16,0.0,0.0,0.02342649784490598,0.988104591820418,1.9693731809150123
daily,129,core,continuum,1615,224,557,ok,16,16,0.0,0.0,0.07545053843630262,0.9604024553247511,1.905434770137763
daily,129,red,continuum,1615,224,557,ok,16,16,0.0,0.0,0.036390130782690044,0.9815447904932101,1.97180805611021
daily,130,blue,continuum,1614,224,557,ok,16,16,0.0,0.0,0.024801742960929334,0.9874046547671576,1.9691197424472782
daily,130,core,continuum,1614,224,557,ok,16,16,0.0,0.0,0.0743521716650853,0.9609759279163356,1.9052899324724573
daily,130,red,continuum,1614,224,557,ok,16,16,0.0,0.0,0.03629949021759723,0.9815896526251346,1.971689587299959
daily,131,blue,continuum,1613,224,557,ok,16,16,0.0,0.0,0.02716297916605339,0.9862037276952237,1.968863658674633
daily,131,core,continuum,1613,224,557,ok,16,16,0.0,0.0,0.07466628447219403,0.9608080425100431,1.905143025615081
daily,131,red,continuum,1613,224,557,ok,16,16,0.0,0.0,0.039726761593673734,0.9798501798505549,1.9715690412635185
daily,132,blue,continuum,1612,224,557,ok,16,16,0.0,0.0,0.02739435335609193,0.9860867067190714,1.9689337961158484
daily,132,core,continuum,1612,224,557,ok,16,16,0.0,0.0,0.07468402555044497,0.9607956644444045,1.9049940393591347
daily,132,red,continuum,1612,224,557,ok,16,16,0.0,0.0,0.04067276177217877,0.9793690756105091,1.9714464075539446
daily,133,blue,continuum,1611,224,557,ok,16,16,0.0,0.0,0.029749013537291875,0.9848913281856232,1.9690025637451414
daily,133,core,continuum,1611,224,557,ok,16,16,0.0,0.0,0.07269931487064435,0.9618344838571399,1.9048429634363702
daily,133,red,continuum,1611,224,557,ok,16,16,0.0,0.0,0.04377688326825746,0.9777931304622827,1.97132167566007
daily,134,blue,continuum,1610,224,557,ok,16,16,0.0,0.0,0.03200201824982864,0.9837476478824455,1.9690699548198143
daily,134,core,continuum,1610,224,557,ok,16,16,0.0,0.0,0.06855284852188681,0.9640083918277951,1.9046897875162943
daily,134,red,continuum,1610,224,557,ok,16,16,0.0,0.0,0.04804121716356471,0.9756283771089432,1.9711948350059803
daily,135,blue,continuum,1609,224,557,ok,16,16,0.0,0.0,0.03425206348590396,0.9826026790207361,1.9688125273270116
daily,135,core,continuum,1609,224,557,ok,16,16,0.0,0.0,0.06578217262444097,0.9654602357779303,1.9045345012056705
daily,135,red,continuum,1609,224,557,ok,16,16,0.0,0.0,0.051117095870295504,0.9740662671299204,1.971065874950484
daily,136,blue,continuum,1608,224,557,ok,16,16,0.0,0.0,0.035412501585736854,0.982010892293734,1.9685524242762678
daily,136,core,continuum,1608,224,557,ok,16,16,0.0,0.0,0.06217569911173605,0.9673511620644558,1.9043770940480111
daily,136,red,continuum,1608,224,557,ok,16,16,0.0,0.0,0.05206773483352499,0.9735822132546292,1.9709347847865766
daily,137,blue,continuum,1607,224,557,ok,16,16,0.0,0.0,0.03912385949080624,0.9801229154164225,1.9682896315252583
daily,137,core,continuum,1607,224,557,ok,16,16,0.0,0.0,0.06041626975481306,0.968272391156368,1.9042175555230665
daily,137,red,continuum,1607,224,557,ok,16,16,0.0,0.0,0.05325021157562619,0.9729804294732016,1.9708015537409012
daily,138,blue,continuum,1606,224,557,ok,16,16,0.0,0.0,0.04342310492498712,0.9779356847528535,1.9680241348347742
daily,138,core,continuum,1606,224,557,ok,16,16,0.0,0.0,0.06053952292199333,0.9681959432158016,1.9035157474650215
daily,138,red,continuum,1606,224,557,ok,16,16,0.0,0.0,0.05556527218632912,0.971804590958221,1.970720556101681
daily,139,blue,continuum,1605,224,557,ok,16,16,0.0,0.0,0.04814875268120568,0.9755311356479414,1.9677559198678065
daily,139,core,continuum,1605,224,557,ok,16,16,0.0,0.0,0.06051553617484918,0.9681967370599347,1.902809038459151
daily,139,red,continuum,1605,224,557,ok,16,16,0.0,0.0,0.05556168569686213,0.9718052242039219,1.970637613816061
daily,140,blue,continuum,1604,224,557,ok,16,16,0.0,0.0,0.05316660223994035,0.9729773782308497,1.967484972188625
daily,140,core,continuum,1604,224,557,ok,16,16,0.0,0.0,0.05709252662472697,0.9699844357391222,1.9020973961546055
daily,140,red,continuum,1604,224,557,ok,16,16,0.0,0.0,0.05367448690744468,0.9727617097272493,1.970552717148362
daily,141,blue,continuum,1603,224,557,ok,16,16,0.0,0.0,0.05569152838718189,0.9716915695498851,1.9673124755299094
daily,141,core,continuum,1603,224,557,ok,16,16,0.0,0.0,0.05136815049087273,0.9729837648416468,1.9013807878774793
daily,141,red,continuum,1603,224,557,ok,16,16,0.0,0.0,0.05209329480183053,0.9735629548539693,1.9704658563043613
daily,142,blue,continuum,1602,224,557,ok,16,16,0.0,0.0,0.055689186133690956,0.9716902445418213,1.967137660936673
daily,142,core,continuum,1602,224,557,ok,16,16,0.0,0.0,0.04767766581761264,0.9749151945264016,1.9006591806260238
daily,142,red,continuum,1602,224,557,ok,16,16,0.0,0.0,0.0492281209119987,0.9750158876313677,1.970377021430828
daily,143,blue,continuum,1601,224,557,ok,16,16,0.0,0.0,0.05669888067770068,0.9711743676591749,1.9669605165052757
daily,143,core,continuum,1601,224,557,ok,16,16,0.0,0.0,0.04392487074096385,0.9768876997444312,1.9004975816018335
daily,143,red,continuum,1601,224,557,ok,16,16,0.0,0.0,0.04849766575407923,0.9753854715676784,1.9702862026150592
daily,144,blue,continuum,1600,224,557,ok,16,16,0.0,0.0,0.05886881688889821,0.9700744162150913,1.9671735499638026
daily,144,core,continuum,1600,224,557,ok,16,16,0.0,0.0,0.04160624785945245,0.9781058215615582,1.9003338251048643
daily,144,red,continuum,1600,224,557,ok,16,16,0.0,0.0,0.04737829399787527,0.9759519767022092,1.9701533640075874
daily,145,blue,continuum,1599,224,557,ok,16,16,0.0,0.0,0.06010784856003138,0.9694417833811455,1.9669946485995113
daily,145,core,continuum,1599,224,557,ok,16,16,0.0,0.0,0.041522242165583825,0.9781481193544633,1.9001679003800032
daily,145,red,continuum,1599,224,557,ok,16,16,0.0,0.0,0.04745853872234337,0.9759101168201443,1.9700609740618742
daily,146,blue,continuum,1598,224,557,ok,16,16,0.0,0.0,0.05908698657516017,0.9699580108685936,1.9668133929716904
daily,146,core,continuum,1598,224,557,ok,16,16,0.0,0.0,0.04343099948106678,0.9771415767735087,1.8999997966059718
daily,146,red,continuum,1598,224,557,ok,16,16,0.0,0.0,0.04549386302614298,0.9769058056160245,1.969926392310526
daily,147,blue,continuum,1597,224,557,ok,16,16,0.0,0.0,0.05856452010291336,0.9702208717836122,1.9666297709375056
daily,147,core,continuum,1597,224,557,ok,16,16,0.0,0.0,0.04410716526996318,0.9767836191601632,1.8998295028947836
daily,147,red,continuum,1597,224,557,ok,16,16,0.0,0.0,0.04447882694472612,0.9774195039988308,1.9697896336034049
daily,148,blue,continuum,1596,224,557,ok,16,16,0.0,0.0,0.05746517842570571,0.9707771057101462,1.9664437702756095
daily,148,core,continuum,1596,224,557,ok,16,16,0.0,0.0,0.04473543414135577,0.9764507835119158,1.899657008291196
daily,148,red,continuum,1596,224,557,ok,16,16,0.0,0.0,0.04583039841019328,0.9767317125232926,1.969650686844555
daily,149,blue,continuum,1595,224,557,ok,16,16,0.0,0.0,0.05758933478183811,0.9707111622395971,1.9662553786854597
daily,149,core,continuum,1595,224,557,ok,16,16,0.0,0.0,0.04502413376346914,0.9762966289701868,1.8994823017721587
daily,149,red,continuum,1595,224,557,ok,16,16,0.0,0.0,0.04716916212070171,0.9760508841417956,1.9695575569460044
daily,150,blue,continuum,1594,224,557,ok,16,16,0.0,0.0,0.05447961135282571,0.9722900194621794,1.9660645837866253
daily,150,core,continuum,1594,224,557,ok,16,16,0.0,0.0,0.04703290221754276,0.9752367876673153,1.8993053722462503
daily,150,red,continuum,1594,224,557,ok,16,16,0.0,0.0,0.04865058955219914,0.9752975282653619,1.9694624114873773
daily,151,blue,continuum,1593,224,557,ok,16,16,0.0,0.0,0.05232035174164226,0.9733856688402475,1.9658713731180866
daily,151,core,continuum,1593,224,557,ok,16,16,0.0,0.0,0.048366737791329245,0.974532109781067,1.8991262085531169
daily,151,red,continuum,1593,224,557,ok,16,16,0.0,0.0,0.04849913179047696,0.9753732163042464,1.969365240286724
daily,152,blue,continuum,1592,224,557,ok,16,16,0.0,0.0,0.05000168667650517,0.9745625965625281,1.9656757341375286
daily,152,core,continuum,1592,224,557,ok,16,16,0.0,0.0,0.050750879065423915,0.9732741683277057,1.898944799462897
daily,152,red,continuum,1592,224,557,ok,16,16,0.0,0.0,0.04877755823457421,0.9752305897655741,1.9692660330999936
daily,153,blue,continuum,1591,224,557,ok,16,16,0.0,0.0,0.04911580419013227,0.9750098387026982,1.9654056492798766
daily,153,core,continuum,1591,224,557,ok,16,16,0.0,0.0,0.05266086222132292,0.9722723610162327,1.8992191239994276
daily,153,red,continuum,1591,224,557,ok,16,16,0.0,0.0,0.04976538092903722,0.9747276706123967,1.9691647796205318
daily,154,blue,continuum,1590,224,557,ok,16,16,0.0,0.0,0.0497274911077975,0.9746950988004064,1.9651327905044789
daily,154,core,continuum,1590,224,557,ok,16,16,0.0,0.0,0.0570690301858874,0.969955647925919,1.8994927913629527
daily,154,red,continuum,1590,224,557,ok,16,16,0.0,0.0,0.0487418664118113,0.9752461428110121,1.969061469478577
daily,155,blue,continuum,1589,224,557,ok,16,16,0.0,0.0,0.05046002606113824,0.9743187303757341,1.9648571429451185
daily,155,core,continuum,1589,224,557,ok,16,16,0.0,0.0,0.059259139514264765,0.9688071342380584,1.899765797939826
daily,155,red,continuum,1589,224,557,ok,16,16,0.0,0.0,0.048829703823246404,0.975200206842766,1.9689560922407519
daily,156,blue,continuum,1588,224,557,ok,16,16,0.0,0.0,0.0510624544367899,0.9740084453454125,1.9645786916319548
daily,156,core,continuum,1588,224,557,ok,16,16,0.0,0.0,0.05784648105079617,0.9695550948004626,1.9000381400982418
daily,156,red,continuum,1588,224,557,ok,16,16,0.0,0.0,0.04701620680290657,0.9761199485274974,1.968848637409547
daily,157,blue,continuum,1587,224,557,ok,16,16,0.0,0.0,0.050494734010828476,0.9742937431682253,1.9642974214905295
daily,157,core,continuum,1587,224,557,ok,16,16,0.0,0.0,0.05492020950590837,0.9710993391204623,1.9003098141881303
daily,157,red,continuum,1587,224,557,ok,16,16,0.0,0.0,0.04554749367532338,0.9768646369626357,1.968739094422801
daily,158,blue,continuum,1586,224,557,ok,16,16,0.0,0.0,0.051222743026011486,0.9739193504576811,1.9640133173407586
daily,158,core,continuum,1586,224,557,ok,16,16,0.0,0.0,0.052197998664741646,0.9725357647459901,1.9005808165410507
daily,158,red,continuum,1586,224,557,ok,16,16,0.0,0.0,0.0471391055059585,0.976059439866525,1.9690059565501117
daily,159,blue,continuum,1585,224,557,ok,16,16,0.0,0.0,0.05128318003646344,0.9738847626740007,1.9637263638959124
daily,159,core,continuum,1585,224,557,ok,16,16,0.0,0.0,0.050923013019706934,0.9732104151371134,1.9008511434700834
daily,159,red,continuum,1585,224,557,ok,16,16,0.0,0.0,0.04821695002866441,0.9755153433705849,1.969272053043134
daily,160,blue,continuum,1584,224,557,ok,16,16,0.0,0.0,0.05077987989718097,0.9741372442074595,1.9634365457615828
daily,160,core,continuum,1584,224,557,ok,16,16,0.0,0.0,0.051128030616360676,0.9731063744864874,1.9011207912697208
daily,160,red,continuum,1584,224,557,ok,16,16,0.0,0.0,0.05269771388094247,0.9732436081571347,1.9695373797194005
daily,161,blue,continuum,1583,224,557,ok,16,16,0.0,0.0,0.05115707311707553,0.9739412508238121,1.963143847434635
daily,161,core,continuum,1583,224,557,ok,16,16,0.0,0.0,0.051614886330969445,0.9728541262188685,1.9013897562157602
daily,161,red,continuum,1583,224,557,ok,16,16,0.0,0.0,0.050863276732368436,0.9741784816552367,1.969801932374886
daily,162,blue,continuum,1582,224,557,ok,16,16,0.0,0.0,0.05418217566850263,0.9723961464787965,1.9628482533021483
daily,162,core,continuum,1582,224,557,ok,16,16,0.0,0.0,0.052812032580176416,0.9722284282346002,1.9016580345651912
daily,162,red,continuum,1582,224,557,ok,16,16,0.0,0.0,0.04870934221765644,0.9752752702359485,1.970065706783876
daily,163,blue,continuum,1581,224,557,ok,16,16,0.0,0.0,0.054344772466229985,0.9723090981354379,1.9625497476403413
daily,163,core,continuum,1581,224,557,ok,16,16,0.0,0.0,0.05239957714292236,0.9724491975282924,1.9019256225560885
daily,163,red,continuum,1581,224,557,ok,16,16,0.0,0.0,0.04433947496815552,0.9774964070728724,1.9703286986988338
daily,164,blue,continuum,1580,224,557,ok,16,16,0.0,0.0,0.0548569644544698,0.9720438213421142,1.9622483146134844
daily,164,core,continuum,1580,224,557,ok,16,16,0.0,0.0,0.05000065708342715,0.9737141973527165,1.902192516407497
daily,164,red,continuum,1580,224,557,ok,16,16,0.0,0.0,0.041238509785691324,0.9790730233732852,1.9705909038502685
daily,165,blue,continuum,1579,224,557,ok,16,16,0.0,0.0,0.0549083189932421,0.9720133088809965,1.9619439382727952
daily,165,core,continuum,1579,224,557,ok,16,16,0.0,0.0,0.04835720557076173,0.9745817319147975,1.9024587123193215
daily,165,red,continuum,1579,224,557,ok,16,16,0.0,0.0,0.03973914680247898,0.9798365679454448,1.9708523179466018
daily,166,blue,continuum,1578,224,557,ok,16,16,0.0,0.0,0.05673192774490614,0.9710792877381038,1.9616366025553242
daily,166,core,continuum,1578,224,557,ok,16,16,0.0,0.0,0.04631373595698114,0.9756592490916747,1.9027242064722136
daily,166,red,continuum,1578,224,557,ok,16,16,0.0,0.0,0.03924712189362975,0.9800888517530337,1.9711129366740305
daily,167,blue,continuum,1577,224,557,ok,16,16,0.0,0.0,0.05892404362984532,0.969957041879398,1.9613262912828215
daily,167,core,continuum,1577,224,557,ok,16,16,0.0,0.0,0.045833120009768115,0.9759151943970612,1.9029889950274579
daily,167,red,continuum,1577,224,557,ok,16,16,0.0,0.0,0.03953443460002553,0.9799457335068731,1.9713727556963963
daily,168,blue,continuum,1576,224,557,ok,16,16,0.0,0.0,0.062278952220057186,0.9682414381770749,1.9610129881605882
daily,168,core,continuum,1576,224,557,ok,16,16,0.0,0.0,0.04628016730519218,0.9756836503067655,1.9032530741268554
daily,168,red,continuum,1576,224,557,ok,16,16,0.0,0.0,0.0397119791290835,0.9798583185155868,1.9716317706550406
daily,169,blue,continuum,1575,224,557,ok,16,16,0.0,0.0,0.06527343683644167,0.96670905928001,1.960696676776318
daily,169,core,continuum,1575,224,557,ok,16,16,0.0,0.0,0.045653948510670964,0.9760159946329402,1.9035164398926112
daily,169,red,continuum,1575,224,557,ok,16,16,0.0,0.0,0.04254717026578104,0.9784231520224713,1.9718899771686749
daily,170,blue,continuum,1574,224,557,ok,16,16,0.0,0.0,0.06637869584658733,0.9661398372283226,1.9603773405989164
daily,170,core,continuum,1574,224,557,ok,16,16,0.0,0.0,0.043633871886628484,0.9770803912324323,1.9037790884272157
daily,170,red,continuum,1574,224,557,ok,16,16,0.0,0.0,0.044579765766413496,0.9773953171929649,1.9721473708332364
daily,171,blue,continuum,1573,224,557,ok,16,16,0.0,0.0,0.06826090494056156,0.9651739842861989,1.9600549629773085
daily,171,core,continuum,1573,224,557,ok,16,16,0.0,0.0,0.039517112439620646,0.9792456611431027,1.9040410158133294
daily,171,red,continuum,1573,224,557,ok,16,16,0.0,0.0,0.04632943859938486,0.9765111813608756,1.9724039472217507
daily,172,blue,continuum,1572,224,557,ok,16,16,0.0,0.0,0.07009870355092045,0.9642304192593102,1.9597295271392285
daily,172,core,continuum,1572,224,557,ok,16,16,0.0,0.0,0.03439297143445387,0.9819393313165794,1.904302218113663
daily,172,red,continuum,1572,224,557,ok,16,16,0.0,0.0,0.04942113816788973,0.9749469520157557,1.9726597018841892
daily,173,blue,continuum,1571,224,557,ok,16,16,0.0,0.0,0.07164589912848639,0.9634347953601657,1.9594010161899957
daily,173,core,continuum,1571,224,557,ok,16,16,0.0,0.0,0.029685555458346807,0.984413453233729,1.9045626913708593
daily,173,red,continuum,1571,224,557,ok,16,16,0.0,0.0,0.051074236318597144,0.9741122927809575,1.9729146303473295
daily,174,blue,continuum,1570,224,557,ok,16,16,0.0,0.0,0.07270278747387249,0.9628891212392466,1.9590694131112696
daily,174,core,continuum,1570,224,557,ok,16,16,0.0,0.0,0.029228922437302792,0.9846553033226104,1.904822431607375
daily,174,red,continuum,1570,224,557,ok,16,16,0.0,0.0,0.055362773369525095,0.9719422000862414,1.9731687281146095
daily,175,blue,continuum,1569,224,557,ok,16,16,0.0,0.0,0.0734588771192646,0.9625047944269723,1.959153870384631
daily,175,core,continuum,1569,224,557,ok,16,16,0.0,0.0,0.030217868026882092,0.9841382801414722,1.9050814348253575
daily,175,red,continuum,1569,224,557,ok,16,16,0.0,0.0,0.05748679913861243,0.9708694848793025,1.9734219906659847
daily,176,blue,continuum,1568,224,557,ok,16,16,0.0,0.0,0.07590957619064735,0.9612555405449661,1.959236940155187
daily,176,core,continuum,1568,224,557,ok,16,16,0.0,0.0,0.031408932554815125,0.9835153108896216,1.905339697006525
daily,176,red,continuum,1568,224,557,ok,16,16,0.0,0.0,0.06063356041372655,0.9692788435618925,1.9736744134577822
daily,177,blue,continuum,1567,224,557,ok,16,16,0.0,0.0,0.0791389665009384,0.9596089345151887,1.9593186154175088
daily,177,core,continuum,1567,224,557,ok,16,16,0.0,0.0,0.036237551485635344,0.9809836248619197,1.9055972141120459
daily,177,red,continuum,1567,224,557,ok,16,16,0.0,0.0,0.060345654796192555,0.969428613310159,1.9739259919225558
daily,178,blue,continuum,1566,224,557,ok,16,16,0.0,0.0,0.08073866775109487,0.9587941647823142,1.9593988891272673
daily,178,core,continuum,1566,224,557,ok,16,16,0.0,0.0,0.041540488315732496,0.9782037403146994,1.9058539820824114
daily,178,red,continuum,1566,224,557,ok,16,16,0.0,0.0,0.06265323170684155,0.968263615396993,1.974176721468937
daily,179,blue,continuum,1565,224,557,ok,16,16,0.0,0.0,0.07966959245026,0.9593414151911371,1.9594777542009645
daily,179,core,continuum,1565,224,557,ok,16,16,0.0,0.0,0.04842620857508906,0.9745942213957014,1.9061099968373147
daily,179,red,continuum,1565,224,557,ok,16,16,0.0,0.0,0.058414537427353114,0.9704144294339102,1.9744265974814863
daily,180,blue,continuum,1564,224,557,ok,16,16,0.0,0.0,0.07878560976463667,0.9597941361267667,1.959555203515659
daily,180,core,continuum,1564,224,557,ok,16,16,0.0,0.0,0.04815788289521189,0.9747383756668848,1.906365254275526
daily,180,red,continuum,1564,224,557,ok,16,16,0.0,0.0,0.054900713554452966,0.9721976039363098,1.9746756153205447
daily,181,blue,continuum,1563,224,557,ok,16,16,0.0,0.0,0.0785271500031812,0.9599275880049941,1.9596312299086942
daily,181,core,continuum,1563,224,557,ok,16,16,0.0,0.0,0.052610059327934715,0.972406632565118,1.9066197502747646
daily,181,red,continuum,1563,224,557,ok,16,16,0.0,0.0,0.053717275737404674,0.9728003295394818,1.9749237703220826
daily,182,blue,continuum,1562,224,557,ok,16,16,0.0,0.0,0.07843246538628831,0.9599774290923664,1.9597058261774172
daily,182,core,continuum,1562,224,557,ok,16,16,0.0,0.0,0.05374670728998164,0.9718142247851236,1.9068734806915737
daily,182,red,continuum,1562,224,557,ok,16,16,0.0,0.0,0.04906150407024956,0.9751608834705402,1.9751710577975463
daily,183,blue,continuum,1561,224,557,ok,16,16,0.0,0.0,0.07999662862330592,0.9591807906746764,1.9597789850789011
daily,183,core,continuum,1561,224,557,ok,16,16,0.0,0.0,0.05438070472197969,0.9714855273658909,1.9071264413611932
daily,183,red,continuum,1561,224,557,ok,16,16,0.0,0.0,0.04539199625151829,0.9770215679110055,1.9754174730337068
daily,184,blue,continuum,1560,224,557,ok,16,16,0.0,0.0,0.0815391081308672,0.9583952450261868,1.959850699329663
daily,184,core,continuum,1560,224,557,ok,16,16,0.0,0.0,0.05804842369976246,0.9695663866394139,1.9073786280974288
daily,184,red,continuum,1560,224,557,ok,16,16,0.0,0.0,0.04142026300450978,0.9790347530080993,1.9756630112925047
daily,185,blue,continuum,1559,224,557,ok,16,16,0.0,0.0,0.08112122380011405,0.9586099514269864,1.959920961605376
daily,185,core,continuum,1559,224,557,ok,16,16,0.0,0.0,0.05920597173782121,0.9689635984970789,1.9076300366925238
daily,185,red,continuum,1559,224,557,ok,16,16,0.0,0.0,0.039245394509620286,0.9801380423038186,1.9759076678108936
daily,186,blue,continuum,1558,224,557,ok,16,16,0.0,0.0,0.07675644188002528,0.9608383455522704,1.9599897645405857
daily,186,core,continuum,1558,224,557,ok,16,16,0.0,0.0,0.06254932472110002,0.9672152845107901,1.9078806629170293
daily,186,red,continuum,1558,224,557,ok,16,16,0.0,0.0,0.03692135134025444,0.9813165374707592,1.9761514378006853
daily,187,blue,continuum,1557,224,557,ok,16,16,0.0,0.0,0.07341379228662079,0.9625450747024982,1.9600571007284173
daily,187,core,continuum,1557,224,557,ok,16,16,0.0,0.0,0.06427397773556814,0.9663157327810153,1.908130502519671
daily,187,red,continuum,1557,224,557,ok,16,16,0.0,0.0,0.033702244881441495,0.982947610908938,1.9763943164483897
daily,188,blue,continuum,1556,224,557,ok,16,16,0.0,0.0,0.07156213328056257,0.9634909979416558,1.9601229627202845
daily,188,core,continuum,1556,224,557,ok,16,16,0.0,0.0,0.0657132368878263,0.9655659499990092,1.9083795512272186
daily,188,red,continuum,1556,224,557,ok,16,16,0.0,0.0,0.03039566058459724,0.9846225324298249,1.976636298915059
daily,189,blue,continuum,1555,224,557,ok,16,16,0.0,0.0,0.07093776952783216,0.9638107195313597,1.9601873430255936
daily,189,core,continuum,1555,224,557,ok,16,16,0.0,0.0,0.06807496875418978,0.964333030994847,1.9086278047443495
daily,189,red,continuum,1555,224,557,ok,16,16,0.0,0.0,0.028815859341696212,0.985423547444912,1.9768773803361228
daily,190,blue,continuum,1554,224,557,ok,16,16,0.0,0.0,0.06711023728444539,0.9657644538862328,1.9602502341114452
daily,190,core,continuum,1554,224,557,ok,16,16,0.0,0.0,0.07151177056795646,0.9625372217278079,1.908875258753519
daily,190,red,continuum,1554,224,557,ok,16,16,0.0,0.0,0.027561524637240816,0.986059744117849,1.9771175558212306
daily,191,blue,continuum,1553,224,557,ok,16,16,0.0,0.0,0.06458491500704815,0.9670537510101467,1.960311628402334
daily,191,core,continuum,1553,224,557,ok,16,16,0.0,0.0,0.0762238915135453,0.9600738480043569,1.909121908914819
daily,191,red,continuum,1553,224,557,ok,16,16,0.0,0.0,0.027314681121563,0.9861862660097481,1.9773568204540868
daily,192,blue,continuum,1552,224,557,ok,16,16,0.0,0.0,0.05807202757011389,0.9703770295433235,1.9603715182798476
daily,192,core,continuum,1552,224,557,ok,16,16,0.0,0.0,0.07521864924342807,0.9606054678522152,1.9093677508658464
daily,192,red,continuum,1552,224,557,ok,16,16,0.0,0.0,0.027119373488861696,0.9862866910730942,1.9775951692922866
daily,193,blue,continuum,1551,224,557,ok,16,16,0.0,0.0,0.05341359787304157,0.9727541403139275,1.9604298960823558
daily,193,core,continuum,1551,224,557,ok,16,16,0.0,0.0,0.07237253165069851,0.9621009387870239,1.9096127802215639
daily,193,red,continuum,1551,224,557,ok,16,16,0.0,0.0,0.028647646019362646,0.9855156366330003,1.9778325973671518
daily,194,blue,continuum,1550,224,557,ok,16,16,0.0,0.0,0.05003127363986679,0.9744801776726543,1.9604867541047062
daily,194,core,continuum,1550,224,557,ok,16,16,0.0,0.0,0.07288299841307637,0.9618385048218492,1.9098569925741609
daily,194,red,continuum,1550,224,557,ok,16,16,0.0,0.0,0.029788131090457803,0.9849408035870825,1.9780690996835626
daily,195,blue,continuum,1549,224,557,ok,16,16,0.0,0.0,0.0465364911665757,0.9762634571671946,1.9605420845979102
daily,195,core,continuum,1549,224,557,ok,16,16,0.0,0.0,0.07353948182009123,0.9614916111223888,1.9097003007271285
daily,195,red,continuum,1549,224,557,ok,16,16,0.0,0.0,0.03160638210111072,0.9840235012529073,1.978304671219791
daily,196,blue,continuum,1548,224,557,ok,16,16,0.0,0.0,0.04344355688243323,0.9778416565439505,1.9605958797688297
daily,196,core,continuum,1548,224,557,ok,16,16,0.0,0.0,0.0755429237060341,0.9604392308671903,1.9095413300087394
daily,196,red,continuum,1548,224,557,ok,16,16,0.0,0.0,0.03511710884095125,0.9822509925792234,1.9785393069273312
daily,197,blue,continuum,1547,224,557,ok,16,16,0.0,0.0,0.038908229422685105,0.9801554247332669,1.9606481317798576
daily,197,core,continuum,1547,224,557,ok,16,16,0.0,0.0,0.07133704241673487,0.9626386367033869,1.909380068665798
daily,197,red,continuum,1547,224,557,ok,16,16,0.0,0.0,0.0369219597467381,0.9813409826622638,1.978773001730728
daily,198,blue,continuum,1546,224,557,ok,16,16,0.0,0.0,0.03669411998560712,0.9812851829293092,1.9606988327486023
daily,198,core,continuum,1546,224,557,ok,16,16,0.0,0.0,0.06634970908954406,0.9652476767719733,1.9092165048705327
daily,198,red,continuum,1546,224,557,ok,16,16,0.0,0.0,0.037402918711963086,0.9811001465245893,1.9790057505274061
daily,199,blue,continuum,1545,224,557,ok,16,16,0.0,0.0,0.034775450344270334,0.9822641916288362,1.9607479747475582
daily,199,core,continuum,1545,224,557,ok,16,16,0.0,0.0,0.06425037398882283,0.9663443320519925,1.9090506267199676
daily,199,red,continuum,1545,224,557,ok,16,16,0.0,0.0,0.0370030354650153,0.9813043990101638,1.9792375481874964
daily,200,blue,continuum,1544,224,557,ok,16,16,0.0,0.0,0.03425896119924722,0.9825280299097601,1.9607955498037852
daily,200,core,continuum,1544,224,557,ok,16,16,0.0,0.0,0.0608884655758517,0.9681025584045392,1.9088824222352845
daily,200,red,continuum,1544,224,557,ok,16,16,0.0,0.0,0.03885825419264878,0.9803693484585472,1.979468389553661
gap_limited,0,blue,continuum,1363,224,557,ok,16,16,0.0,0.0,0.12712176302151437,0.9362505354070397,1.9940836183203348
gap_limited,0,core,continuum,1363,224,557,ok,16,16,0.0,0.0,0.048020832976419875,0.975676213053983,1.9742334153392707
gap_limited,0,red,continuum,1363,224,557,ok,16,16,0.0,0.0,0.1975287945343675,0.9009905544527822,1.9950500019734536
gap_limited,1,blue,continuum,1356,224,557,ok,16,16,0.0,0.0,0.12703428588907614,0.9362969166779487,1.9941622801341263
gap_limited,1,core,continuum,1356,224,557,ok,16,16,0.0,0.0,0.04544622556751715,0.9769716191728894,1.9734876676181612
gap_limited,1,red,continuum,1356,224,557,ok,16,16,0.0,0.0,0.19487624104497908,0.9023264513396525,1.9951792856697232
gap_limited,2,blue,continuum,1350,224,557,ok,16,16,0.0,0.0,0.12823758561185694,0.9356907672877711,1.9940773696631517
gap_limited,2,core,continuum,1350,224,557,ok,16,16,0.0,0.0,0.04417535373810945,0.9776055010442053,1.9725984414881874
gap_limited,2,red,continuum,1350,224,557,ok,16,16,0.0,0.0,0.1931762249380886,0.9031811202903696,1.9952330115515033
gap_limited,3,blue,continuum,1344,224,557,ok,16,16,0.0,0.0,0.13239439739391268,0.9336029708985782,1.99398074259738
gap_limited,3,core,continuum,1344,224,557,ok,16,16,0.0,0.0,0.045327906366756925,0.9770104819708774,1.9716771055981486
gap_limited,3,red,continuum,1344,224,557,ok,16,16,0.0,0.0,0.1922920688139782,0.9036267488877675,1.9952846520663956
gap_limited,4,blue,continuum,1338,224,557,ok,16,16,0.0,0.0,0.13765198696920095,0.9309622483730919,1.9938654392034107
gap_limited,4,core,continuum,1338,224,557,ok,16,16,0.0,0.0,0.043637450775433934,0.9778621181518995,1.971166486245302
gap_limited,4,red,continuum,1338,224,557,ok,16,16,0.0,0.0,0.19560673652071678,0.9019679299824079,1.9953341440776955
gap_limited,5,blue,continuum,1332,224,557,ok,16,16,0.0,0.0,0.1464856679638294,0.9265268623616838,1.9937309426600192
gap_limited,5,core,continuum,1332,224,557,ok,16,16,0.0,0.0,0.04349453627534697,0.9779236591732701,1.9701877506205228
gap_limited,5,red,continuum,1332,224,557,ok,16,16,0.0,0.0,0.20244634427282726,0.8985522386014946,1.9955723170428652
gap_limited,6,blue,continuum,1326,224,557,ok,16,16,0.0,0.0,0.14893722920076918,0.9252958067009885,1.9936930261013879
gap_limited,6,core,continuum,1326,224,557,ok,16,16,0.0,0.0,0.0460839240229824,0.9766027472597677,1.969629705445705
gap_limited,6,red,continuum,1326,224,557,ok,16,16,0.0,0.0,0.2087145305703147,0.8954234280706728,1.9958058169220136
gap_limited,7,blue,continuum,1320,224,557,ok,16,16,0.0,0.0,0.15285306319368114,0.9233253093698066,1.993526963556993
gap_limited,7,core,continuum,1320,224,557,ok,16,16,0.0,0.0,0.04299126811312488,0.9781642829130449,1.9688507568550797
gap_limited,7,red,continuum,1320,224,557,ok,16,16,0.0,0.0,0.20958136110089798,0.894991554225584,1.9958524245862121
gap_limited,8,blue,continuum,1314,224,557,ok,16,16,0.0,0.0,0.14883198031500078,0.9253353858826002,1.993340246572266
gap_limited,8,core,continuum,1314,224,557,ok,16,16,0.0,0.0,0.04317932044198997,0.9780647282870973,1.9684880591924143
gap_limited,8,red,continuum,1314,224,557,ok,16,16,0.0,0.0,0.21259574062307982,0.8934835939926506,1.9958966753761045
gap_limited,9,blue,continuum,1308,224,557,ok,16,16,0.0,0.0,0.14368651001039573,0.9279091959085383,1.993132297818462
gap_limited,9,core,continuum,1308,224,557,ok,16,16,0.0,0.0,0.04117735041749386,0.9790774573551378,1.968085386008547
gap_limited,9,red,continuum,1308,224,557,ok,16,16,0.0,0.0,0.21125801320945023,0.8941560506866736,1.995938497949183
gap_limited,10,blue,continuum,1302,224,557,ok,16,16,0.0,0.0,0.13896265624116005,0.9302712226570092,1.9929025222629793
gap_limited,10,core,continuum,1302,224,557,ok,16,16,0.0,0.0,0.0382905000931696,0.9805353565579712,1.9671821992121008
gap_limited,10,red,continuum,1302,224,557,ok,16,16,0.0,0.0,0.20739361343757734,0.8960942293680584,1.9959778189049155
gap_limited,11,blue,continuum,1296,224,557,ok,16,16,0.0,0.0,0.13556263152429515,0.9319686795617665,1.9926503065213086
gap_limited,11,core,continuum,1296,224,557,ok,16,16,0.0,0.0,0.03310456039435928,0.9831634406536908,1.9662307311984235
gap_limited,11,red,continuum,1296,224,557,ok,16,16,0.0,0.0,0.2068499110158005,0.8963646568541703,1.9959398477094172
gap_limited,12,blue,continuum,1290,224,557,ok,16,16,0.0,0.0,0.13163454880386882,0.9339362158778235,1.9925372207021579
gap_limited,12,core,continuum,1290,224,557,ok,16,16,0.0,0.0,0.03075822318944211,0.984346481824614,1.964939947992471
gap_limited,12,red,continuum,1290,224,557,ok,16,16,0.0,0.0,0.20759267563161007,0.8959899666611422,1.9958908671366995
gap_limited,13,blue,continuum,1283,224,557,ok,16,16,0.0,0.0,0.12569103090360195,0.9369207990944456,1.99259072878544
gap_limited,13,core,continuum,1283,224,557,ok,16,16,0.0,0.0,0.02710078250185952,0.9861973200752912,1.9634435232642828
gap_limited,13,red,continuum,1283,224,557,ok,16,16,0.0,0.0,0.20603842229047636,0.896761008616983,1.9957423017246767
gap_limited,14,blue,continuum,1276,224,557,ok,16,16,0.0,0.0,0.11614204551818288,0.941709314617532,1.9924631998428137
gap_limited,14,core,continuum,1276,224,557,ok,16,16,0.0,0.0,0.02330838211135216,0.9881256764903701,1.9629229481956822
gap_limited,14,red,continuum,1276,224,557,ok,16,16,0.0,0.0,0.2015749844156495,0.8989889444178691,1.995573487020451
gap_limited,15,blue,continuum,1269,224,557,ok,16,16,0.0,0.0,0.10805841619674457,0.9457622045214171,1.9923084123028938
gap_limited,15,core,continuum,1269,224,557,ok,16,16,0.0,0.0,0.0218756504407676,0.9888525118092445,1.9623838183483187
gap_limited,15,red,continuum,1269,224,557,ok,16,16,0.0,0.0,0.19911166174728778,0.9002035659071095,1.9951781199111256
gap_limited,16,blue,continuum,1262,224,557,ok,16,16,0.0,0.0,0.1018269478751288,0.948885274133134,1.992125481418962
gap_limited,16,core,continuum,1262,224,557,ok,16,16,0.0,0.0,0.020501719652657194,0.9895496727068861,1.9618256038896111
gap_limited,16,red,continuum,1262,224,557,ok,16,16,0.0,0.0,0.19723514512367735,0.9011228406526661,1.9947493073787985
gap_limited,17,blue,continuum,1255,224,557,ok,16,16,0.0,0.0,0.09577881545297197,0.9519161771557278,1.9919134916366454
gap_limited,17,core,continuum,1255,224,557,ok,16,16,0.0,0.0,0.018022335799526102,0.990811813731769,1.961468267338009
gap_limited,17,red,continuum,1255,224,557,ok,16,16,0.0,0.0,0.1888464221972154,0.9053062489066531,1.9942860011011188
gap_limited,18,blue,continuum,1248,224,557,ok,16,16,0.0,0.0,0.08911151814317789,0.9552579236325869,1.9916714953372234
gap_limited,18,core,continuum,1248,224,557,ok,16,16,0.0,0.0,0.015787278376264677,0.9919466881891793,1.960346096999792
gap_limited,18,red,continuum,1248,224,557,ok,16,16,0.0,0.0,0.18655934285786333,0.9064406799441522,1.9940220038634495
gap_limited,19,blue,continuum,1241,224,557,ok,16,16,0.0,0.0,0.08513548026545452,0.9572483961532842,1.9913985115202777
gap_limited,19,core,continuum,1241,224,557,ok,16,16,0.0,0.0,0.014585912477466094,0.9925551204379633,1.9591871642683625
gap_limited,19,red,continuum,1241,224,557,ok,16,16,0.0,0.0,0.1826308253722134,0.9083976110666002,1.9937343064818593
gap_limited,20,blue,continuum,1234,224,557,ok,16,16,0.0,0.0,0.07811367324907925,0.9607735683308504,1.9913530220622442
gap_limited,20,core,continuum,1234,224,557,ok,16,16,0.0,0.0,0.014146439323116197,0.9927750207084061,1.957990293422045
gap_limited,20,red,continuum,1234,224,557,ok,16,16,0.0,0.0,0.1821373567452494,0.9086308163805111,1.9934221750712886
gap_limited,21,blue,continuum,1228,224,557,ok,16,16,0.0,0.0,0.0739472197146791,0.9628643217170505,1.9912715516127042
gap_limited,21,core,continuum,1228,224,557,ok,16,16,0.0,0.0,0.013674056136700478,0.9930150160638394,1.9576360177309906
gap_limited,21,red,continuum,1228,224,557,ok,16,16,0.0,0.0,0.1773387931406851,0.911016689092081,1.9929444221759463
gap_limited,22,blue,continuum,1222,224,557,ok,16,16,0.0,0.0,0.06840420132335052,0.9656462324514292,1.9911702909044173
gap_limited,22,core,continuum,1222,224,557,ok,16,16,0.0,0.0,0.012290965048982779,0.9937221625750754,1.9578342376603266
gap_limited,22,red,continuum,1222,224,557,ok,16,16,0.0,0.0,0.1700270425904849,0.9146708362939708,1.9926017694987799
gap_limited,23,blue,continuum,1216,224,557,ok,16,16,0.0,0.0,0.06666797779119879,0.966516148728249,1.9910486774693075
gap_limited,23,core,continuum,1216,224,557,ok,16,16,0.0,0.0,0.009787297935595208,0.9950005136817797,1.9576607100465413
gap_limited,23,red,continuum,1216,224,557,ok,16,16,0.0,0.0,0.1623526388698317,0.9185074830682438,1.992239839711784
gap_limited,24,blue,continuum,1210,224,557,ok,16,16,0.0,0.0,0.06950615387088868,0.9650881813267385,1.9909061318573609
gap_limited,24,core,continuum,1210,224,557,ok,16,16,0.0,0.0,0.008278428384781142,0.9957708635877767,1.9574749021701523
gap_limited,24,red,continuum,1210,224,557,ok,16,16,0.0,0.0,0.15345349388103413,0.9229596230848365,1.991858036338742
gap_limited,25,blue,continuum,1204,224,557,ok,16,16,0.0,0.0,0.0768341676354719,0.9614042575914427,1.9907420570419314
gap_limited,25,core,continuum,1204,224,557,ok,16,16,0.0,0.0,0.00725638355383819,0.9962926118301761,1.9572764494695443
gap_limited,25,red,continuum,1204,224,557,ok,16,16,0.0,0.0,0.14958008521194052,0.9248951182775671,1.9916160145854116
gap_limited,26,blue,continuum,1198,224,557,ok,16,16,0.0,0.0,0.08382655928107044,0.957887863435327,1.9905558378007067
gap_limited,26,core,continuum,1198,224,557,ok,16,16,0.0,0.0,0.006038458671918559,0.9969145333716647,1.95706497567162
gap_limited,26,red,continuum,1198,224,557,ok,16,16,0.0,0.0,0.14521920467665833,0.9270749035751759,1.9913474482184543
gap_limited,27,blue,continuum,1192,224,557,ok,16,16,0.0,0.0,0.08733557005555825,0.9561204267028981,1.9903468400711746
gap_limited,27,core,continuum,1192,224,557,ok,16,16,0.0,0.0,0.00617472143136362,0.9968445447047575,1.9568400923547196
gap_limited,27,red,continuum,1192,224,557,ok,16,16,0.0,0.0,0.14675460597503412,0.9262929140528876,1.9910515263123552
gap_limited,28,blue,continuum,1186,224,557,ok,16,16,0.0,0.0,0.08662730301258198,0.9564711945377947,1.9901144102793658
gap_limited,28,core,continuum,1186,224,557,ok,16,16,0.0,0.0,0.0062240641074927565,0.9968189411945181,1.9566013984924546
gap_limited,28,red,continuum,1186,224,557,ok,16,16,0.0,0.0,0.1484886955949541,0.9254006976334993,1.99048370272205
gap_limited,29,blue,continuum,1180,224,557,ok,16,16,0.0,0.0,0.08609279542494253,0.9567341986972346,1.9898578746405862
gap_limited,29,core,continuum,1180,224,557,ok,16,16,0.0,0.0,0.007760564243840652,0.9960331381023028,1.9563484799774917
gap_limited,29,red,continuum,1180,224,557,ok,16,16,0.0,0.0,0.14915709173238573,0.9250423009824584,1.9898835434833715
gap_limited,30,blue,continuum,1174,224,557,ok,16,16,0.0,0.0,0.08871501944430149,0.9554100997218872,1.98957653843078
gap_limited,30,core,continuum,1174,224,557,ok,16,16,0.0,0.0,0.009938680021468466,0.9949190854145609,1.956080909124252
gap_limited,30,red,continuum,1174,224,557,ok,16,16,0.0,0.0,0.14529377149101633,0.9269605306432247,1.9892500968387516
gap_limited,31,blue,continuum,1168,224,557,ok,16,16,0.0,0.0,0.0861151070319141,0.9567107059388466,1.9892934015108215
gap_limited,31,core,continuum,1168,224,557,ok,16,16,0.0,0.0,0.014313030969449518,0.9926817446470947,1.9557982441494461
gap_limited,31,red,continuum,1168,224,557,ok,16,16,0.0,0.0,0.14102735223115004,0.929076622499432,1.9884466476518345
gap_limited,32,blue,continuum,1162,224,557,ok,16,16,0.0,0.0,0.08264102997187123,0.958450637986561,1.9889843301358368
gap_limited,32,core,continuum,1162,224,557,ok,16,16,0.0,0.0,0.01846509618812075,0.9905598791691943,1.9560232881621662
gap_limited,32,red,continuum,1162,224,557,ok,16,16,0.0,0.0,0.13351585904726945,0.9328257612714393,1.9876050934761413
gap_limited,33,blue,continuum,1157,224,557,ok,16,16,0.0,0.0,0.08061058589113375,0.9594630269505765,1.9885694423422229
gap_limited,33,core,continuum,1157,224,557,ok,16,16,0.0,0.0,0.023123930135148667,0.9881823472506677,1.956727839752705
gap_limited,33,red,continuum,1157,224,557,ok,16,16,0.0,0.0,0.12838311847684164,0.9353777875866909,1.9866716672547846
gap_limited,34,blue,continuum,1151,224,557,ok,16,16,0.0,0.0,0.08096449577605297,0.959277480924353,1.9881995911316697
gap_limited,34,core,continuum,1151,224,557,ok,16,16,0.0,0.0,0.03023003306255643,0.9845519269436728,1.9568805088071963
gap_limited,34,red,continuum,1151,224,557,ok,16,16,0.0,0.0,0.12352203174459091,0.9378002881439053,1.9858939544667271
gap_limited,35,blue,continuum,1147,224,557,ok,16,16,0.0,0.0,0.07748470764989042,0.9610251519520037,1.9880695251068166
gap_limited,35,core,continuum,1147,224,557,ok,16,16,0.0,0.0,0.03495553965531692,0.982150080802349,1.958302402843205
gap_limited,35,red,continuum,1147,224,557,ok,16,16,0.0,0.0,0.12055232336215485,0.9392614955026128,1.9847759565324934
gap_limited,36,blue,continuum,1142,224,557,ok,16,16,0.0,0.0,0.06969808050210197,0.9649411082349684,1.9880286282072417
gap_limited,36,core,continuum,1142,224,557,ok,16,16,0.0,0.0,0.04107037790695901,0.9790463751546222,1.9600607632344316
gap_limited,36,red,continuum,1142,224,557,ok,16,16,0.0,0.0,0.11828298507380215,0.9403754215345335,1.9837957452782593
gap_limited,37,blue,continuum,1137,224,557,ok,16,16,0.0,0.0,0.06390472457486894,0.9678552592846911,1.9880304881238098
gap_limited,37,core,continuum,1137,224,557,ok,16,16,0.0,0.0,0.04882814124076347,0.9751057901858244,1.961425632918026
gap_limited,37,red,continuum,1137,224,557,ok,16,16,0.0,0.0,0.1183571193518642,0.9403063583348246,1.9827424839606032
gap_limited,38,blue,continuum,1132,224,557,ok,16,16,0.0,0.0,0.05665332825394109,0.971508136312873,1.9884037378550943
gap_limited,38,core,continuum,1132,224,557,ok,16,16,0.0,0.0,0.05215039018637131,0.9734242204255277,1.962327766913936
gap_limited,38,red,continuum,1132,224,557,ok,16,16,0.0,0.0,0.1174295146101776,0.9407404779973167,1.9816142729747352
gap_limited,39,blue,continuum,1127,224,557,ok,16,16,0.0,0.0,0.05263232656663257,0.9735352424571437,1.98877040461834
gap_limited,39,core,continuum,1127,224,557,ok,16,16,0.0,0.0,0.055313665536644456,0.9718251252969408,1.9632266733962935
gap_limited,39,red,continuum,1127,224,557,ok,16,16,0.0,0.0,0.11333687854681385,0.9427802128660797,1.980728769255191
gap_limited,40,blue,continuum,1122,224,557,ok,16,16,0.0,0.0,0.04689438930271443,0.9764198944835505,1.9887268642627949
gap_limited,40,core,continuum,1122,224,557,ok,16,16,0.0,0.0,0.062125890788654256,0.968356587162329,1.9633119571316977
gap_limited,40,red,continuum,1122,224,557,ok,16,16,0.0,0.0,0.10822107731120685,0.9453276988080747,1.9794498302037842
gap_limited,41,blue,continuum,1117,224,557,ok,16,16,0.0,0.0,0.04444594688671149,0.9776505247006531,1.98867965763877
gap_limited,41,core,continuum,1117,224,557,ok,16,16,0.0,0.0,0.06669238501233496,0.966039918229602,1.9638464201363863
gap_limited,41,red,continuum,1117,224,557,ok,16,16,0.0,0.0,0.10442832178755398,0.9471976780955839,1.9777221535180254
gap_limited,42,blue,continuum,1112,224,557,ok,16,16,0.0,0.0,0.04345767095091782,0.9781469153892741,1.9886286867524412
gap_limited,42,core,continuum,1112,224,557,ok,16,16,0.0,0.0,0.06930781386613576,0.9647242794177239,1.964745516806214
gap_limited,42,red,continuum,1112,224,557,ok,16,16,0.0,0.0,0.09885456938194412,0.9499695484634884,1.9758880111206112
gap_limited,43,blue,continuum,1107,224,557,ok,16,16,0.0,0.0,0.03768996092308496,0.9810467381400367,1.9885738508525994
gap_limited,43,core,continuum,1107,224,557,ok,16,16,0.0,0.0,0.07428109681780144,0.9622102392761382,1.9656408348438639
gap_limited,43,red,continuum,1107,224,557,ok,16,16,0.0,0.0,0.09496374296702417,0.9519011790793106,1.974346587905154
gap_limited,44,blue,continuum,1102,224,557,ok,16,16,0.0,0.0,0.0332383460957446,0.9832812459709831,1.9880875116684238
gap_limited,44,core,continuum,1102,224,557,ok,16,16,0.0,0.0,0.07122438497879956,0.9637973666571984,1.9673813311970434
gap_limited,44,red,continuum,1102,224,557,ok,16,16,0.0,0.0,0.09395953707074246,0.9523704974748879,1.9727171624604611
gap_limited,45,blue,continuum,1097,224,557,ok,16,16,0.0,0.0,0.03029531858892889,0.9847610670560525,1.9880209920446759
gap_limited,45,core,continuum,1097,224,557,ok,16,16,0.0,0.0,0.07181752586264323,0.9635264184836281,1.9690286195340172
gap_limited,45,red,continuum,1097,224,557,ok,16,16,0.0,0.0,0.09324542745897632,0.9526912467769035,1.970997354744349
gap_limited,46,blue,continuum,1092,224,557,ok,16,16,0.0,0.0,0.029642182790691383,0.9850923330917639,1.9883851023203927
gap_limited,46,core,continuum,1092,224,557,ok,16,16,0.0,0.0,0.07291319841017962,0.962992846214695,1.9702460457559534
gap_limited,46,red,continuum,1092,224,557,ok,16,16,0.0,0.0,0.09336138191547017,0.9525888142286763,1.9691847060264633
gap_limited,47,blue,continuum,1087,224,557,ok,16,16,0.0,0.0,0.028303983080761246,0.9857648305176367,1.988313740544411
gap_limited,47,core,continuum,1087,224,557,ok,16,16,0.0,0.0,0.07487068844351613,0.9620300884023814,1.9718425799077117
gap_limited,47,red,continuum,1087,224,557,ok,16,16,0.0,0.0,0.09110037450420402,0.9536921391706815,1.9672766755515174
gap_limited,48,blue,continuum,1082,224,557,ok,16,16,0.0,0.0,0.02833342936765521,0.9857494132842168,1.9882289713920733
gap_limited,48,core,continuum,1082,224,557,ok,16,16,0.0,0.0,0.076775923953497,0.9610947466814243,1.9734076353344157
gap_limited,48,red,continuum,1082,224,557,ok,16,16,0.0,0.0,0.09115699848875343,0.953616058383191,1.9652706370197575
gap_limited,49,blue,continuum,1077,224,557,ok,16,16,0.0,0.0,0.02883587258558981,0.9854959857065904,1.9881304583857435
gap_limited,49,core,continuum,1077,224,557,ok,16,16,0.0,0.0,0.07738972824794829,0.9608141413265167,1.974940217408508
gap_limited,49,red,continuum,1077,224,557,ok,16,16,0.0,0.0,0.09279632445670365,0.9527204580971301,1.9627162345892124
gap_limited,50,blue,continuum,1072,224,557,ok,16,16,0.0,0.0,0.03130264224445952,0.9842543455287363,1.988017856075
gap_limited,50,core,continuum,1072,224,557,ok,16,16,0.0,0.0,0.0769162856211158,0.9610905285255993,1.9768010899793516
gap_limited,50,red,continuum,1072,224,557,ok,16,16,0.0,0.0,0.09150820379419355,0.9533128336602295,1.960029082258567
gap_limited,51,blue,continuum,1067,224,557,ok,16,16,0.0,0.0,0.03451522543592707,0.9826384301930636,1.9880244597546368
gap_limited,51,core,continuum,1067,224,557,ok,16,16,0.0,0.0,0.08030712083008135,0.9593978633644551,1.9779038120810823
gap_limited,51,red,continuum,1067,224,557,ok,16,16,0.0,0.0,0.09228154545295926,0.9528382148006911,1.9567017037835015
gap_limited,52,blue,continuum,1063,224,557,ok,16,16,0.0,0.0,0.041651968183518726,0.9790439855697642,1.9875901652092007
gap_limited,52,core,continuum,1063,224,557,ok,16,16,0.0,0.0,0.08188722716549347,0.9586287613164973,1.9793274209637581
gap_limited,52,red,continuum,1063,224,557,ok,16,16,0.0,0.0,0.09161874611368387,0.9531202309732889,1.9543344179337014
gap_limited,53,blue,continuum,1059,224,557,ok,16,16,0.0,0.0,0.04578837016921722,0.9769676827917754,1.9880053646042404
gap_limited,53,core,continuum,1059,224,557,ok,16,16,0.0,0.0,0.07876463148573658,0.9602340429366978,1.9807050377375215
gap_limited,53,red,continuum,1059,224,557,ok,16,16,0.0,0.0,0.08915578284564173,0.9543102139834704,1.9513285269794651
gap_limited,54,blue,continuum,1055,224,557,ok,16,16,0.0,0.0,0.05353948920730608,0.973068412632407,1.9879811938501062
gap_limited,54,core,continuum,1055,224,557,ok,16,16,0.0,0.0,0.07789650658087055,0.9606918300805207,1.9816874390346189
gap_limited,54,red,continuum,1055,224,557,ok,16,16,0.0,0.0,0.08732087989750187,0.9551803230916458,1.9482710702277657
gap_limited,55,blue,continuum,1050,224,557,ok,16,16,0.0,0.0,0.05751413501779609,0.9710636014907192,1.9876051609998981
gap_limited,55,core,continuum,1050,224,557,ok,16,16,0.0,0.0,0.0741628759894584,0.9625941470738202,1.9826543224617348
gap_limited,55,red,continuum,1050,224,557,ok,16,16,0.0,0.0,0.08128715350729515,0.9582152938485415,1.945380523023203
gap_limited,56,blue,continuum,1046,224,557,ok,16,16,0.0,0.0,0.056014263206397866,0.9718183662032255,1.987615892333708
gap_limited,56,core,continuum,1046,224,557,ok,16,16,0.0,0.0,0.07203930951191703,0.9636815774613041,1.9835473150069218
gap_limited,56,red,continuum,1046,224,557,ok,16,16,0.0,0.0,0.0740025499711951,0.9619006263268486,1.9423560766654955
gap_limited,57,blue,continuum,1042,224,557,ok,16,16,0.0,0.0,0.058367697781011064,0.9706343358642152,1.9876171542084995
gap_limited,57,core,continuum,1042,224,557,ok,16,16,0.0,0.0,0.07099215197979157,0.964231194939902,1.9847504511406475
gap_limited,57,red,continuum,1042,224,557,ok,16,16,0.0,0.0,0.0674352651821376,0.9652248338056338,1.9391788037827586
gap_limited,58,blue,continuum,1038,224,557,ok,16,16,0.0,0.0,0.05982624455009472,0.9699003916208726,1.987608735520335
gap_limited,58,core,continuum,1038,224,557,ok,16,16,0.0,0.0,0.07025117934346997,0.9646250361939961,1.9859010945912754
gap_limited,58,red,continuum,1038,224,557,ok,16,16,0.0,0.0,0.06203350546014169,0.9679572365866584,1.9359599126932001
gap_limited,59,blue,continuum,1035,224,557,ok,16,16,0.0,0.0,0.059454338636944486,0.9700864668907865,1.98753983422414
gap_limited,59,core,continuum,1035,224,557,ok,16,16,0.0,0.0,0.06893579279692891,0.965311443516413,1.987277643840438
gap_limited,59,red,continuum,1035,224,557,ok,16,16,0.0,0.0,0.057661044015652876,0.9701770622753942,1.9334461463224346
gap_limited,60,blue,continuum,1032,224,557,ok,16,16,0.0,0.0,0.053735641282876716,0.972962463959615,1.9874459419162247
gap_limited,60,core,continuum,1032,224,557,ok,16,16,0.0,0.0,0.06469201388020991,0.9674680624188307,1.9885693472391228
gap_limited,60,red,continuum,1032,224,557,ok,16,16,0.0,0.0,0.053205283713552036,0.9724501696802652,1.9312381635773468
gap_limited,61,blue,continuum,1029,224,557,ok,16,16,0.0,0.0,0.045830469539459094,0.9769386334512034,1.9873267025388173
gap_limited,61,core,continuum,1029,224,557,ok,16,16,0.0,0.0,0.059500638553046895,0.9700967967947862,1.9897747456925512
gap_limited,61,red,continuum,1029,224,557,ok,16,16,0.0,0.0,0.0545305034833857,0.9717302228575214,1.9289329098193488
gap_limited,62,blue,continuum,1026,224,557,ok,16,16,0.0,0.0,0.04100087282761896,0.9793673262367727,1.9871817534716754
gap_limited,62,core,continuum,1026,224,557,ok,16,16,0.0,0.0,0.05527423344891631,0.9722349301642422,1.9907831594117016
gap_limited,62,red,continuum,1026,224,557,ok,16,16,0.0,0.0,0.05271993221940802,0.9726466500670642,1.9273665693110804
gap_limited,63,blue,continuum,1023,224,557,ok,16,16,0.0,0.0,0.03324308894575156,0.9832695830379145,1.9869850835808163
gap_limited,63,core,continuum,1023,224,557,ok,16,16,0.0,0.0,0.0514705896445851,0.9741578492514016,1.9917301057992112
gap_limited,63,red,continuum,1023,224,557,ok,16,16,0.0,0.0,0.04836833469185464,0.9748813978537519,1.925598184574112
gap_limited,64,blue,continuum,1020,224,557,ok,16,16,0.0,0.0,0.028926163885464547,0.9854407729672294,1.9867925557006667
gap_limited,64,core,continuum,1020,224,557,ok,16,16,0.0,0.0,0.04615770623457528,0.976832471640168,1.9923448681130629
gap_limited,64,red,continuum,1020,224,557,ok,16,16,0.0,0.0,0.04539304614473809,0.9764163496989041,1.9247676065917907
gap_limited,65,blue,continuum,1018,224,557,ok,16,16,0.0,0.0,0.02800543506976305,0.9859053310110434,1.986952307408269
gap_limited,65,core,continuum,1018,224,557,ok,16,16,0.0,0.0,0.038698752764052075,0.9805803015989393,1.9927576610529847
gap_limited,65,red,continuum,1018,224,557,ok,16,16,0.0,0.0,0.043324289540497586,0.9774944994482947,1.9250533637748788
gap_limited,66,blue,continuum,1016,224,557,ok,16,16,0.0,0.0,0.02605745691324101,0.98688660591321,1.987087152325448
gap_limited,66,core,continuum,1016,224,557,ok,16,16,0.0,0.0,0.03367760383439303,0.9831032889296308,1.9931455118180743
gap_limited,66,red,continuum,1016,224,557,ok,16,16,0.0,0.0,0.038600983664653546,0.9799490627539148,1.9251461011973443
gap_limited,67,blue,continuum,1014,224,557,ok,16,16,0.0,0.0,0.02601879188292568,0.9869067865448433,1.9871968002383928
gap_limited,67,core,continuum,1014,224,557,ok,16,16,0.0,0.0,0.028015108678344718,0.9859468301059693,1.9935081472433098
gap_limited,67,red,continuum,1014,224,557,ok,16,16,0.0,0.0,0.03384265826282674,0.9824213379259226,1.925212403549934
gap_limited,68,blue,continuum,1013,224,557,ok,16,16,0.0,0.0,0.02349845875131841,0.9881751479305813,1.9872095323788228
gap_limited,68,core,continuum,1013,224,557,ok,16,16,0.0,0.0,0.024688672895417485,0.9876177709095607,1.993879511927335
gap_limited,68,red,continuum,1013,224,557,ok,16,16,0.0,0.0,0.029133730653245017,0.9848643838410537,1.9248460285526425
gap_limited,69,blue,continuum,1012,224,557,ok,16,16,0.0,0.0,0.023132498961669544,0.988359296384964,1.9872079666893834
gap_limited,69,core,continuum,1012,224,557,ok,16,16,0.0,0.0,0.023338701016391142,0.9882971704404978,1.9942784689572095
gap_limited,69,red,continuum,1012,224,557,ok,16,16,0.0,0.0,0.025306078142843597,0.9868502386986099,1.9244515214255995
gap_limited,70,blue,continuum,1011,224,557,ok,16,16,0.0,0.0,0.021001626021715007,0.9894315351014855,1.987197405052373
gap_limited,70,core,continuum,1011,224,557,ok,16,16,0.0,0.0,0.02414479556550093,0.9878951507616989,1.9946382718344062
gap_limited,70,red,continuum,1011,224,557,ok,16,16,0.0,0.0,0.02270226032191753,0.9882006639046916,1.9240286180969355
gap_limited,71,blue,continuum,1010,224,557,ok,16,16,0.0,0.0,0.024231149110231383,0.9878061512396892,1.9871616900071998
gap_limited,71,core,continuum,1010,224,557,ok,16,16,0.0,0.0,0.024334866096726922,0.9878006664886007,1.994770130186859
gap_limited,71,red,continuum,1010,224,557,ok,16,16,0.0,0.0,0.019280980275477373,0.9899843964817204,1.9250942032886529
gap_limited,72,blue,continuum,1009,224,557,ok,16,16,0.0,0.0,0.0255062779823021,0.9871668754044913,1.987534508254425
gap_limited,72,core,continuum,1009,224,557,ok,16,16,0.0,0.0,0.023635226796631603,0.9881522394527764,1.9949109118490989
gap_limited,72,red,continuum,1009,224,557,ok,16,16,0.0,0.0,0.018761704445245657,0.9902588126866463,1.926018240048229
gap_limited,73,blue,continuum,1008,224,557,ok,16,16,0.0,0.0,0.029604792325564268,0.9851072801526087,1.9878700888038257
gap_limited,73,core,continuum,1008,224,557,ok,16,16,0.0,0.0,0.021847149066636116,0.9890493129969027,1.9950482613973712
gap_limited,73,red,continuum,1008,224,557,ok,16,16,0.0,0.0,0.018432142265820118,0.9904338021357262,1.926799186817708
gap_limited,74,blue,continuum,1007,224,557,ok,16,16,0.0,0.0,0.03343519849757347,0.9831871013335529,1.9886635351165722
gap_limited,74,core,continuum,1007,224,557,ok,16,16,0.0,0.0,0.02245887092874715,0.9887435761629688,1.9952048051764226
gap_limited,74,red,continuum,1007,224,557,ok,16,16,0.0,0.0,0.020955880872068636,0.9891275833755302,1.927435417155067
gap_limited,75,blue,continuum,1006,224,557,ok,16,16,0.0,0.0,0.037859890465388096,0.9809692803992432,1.9894092950580053
gap_limited,75,core,continuum,1006,224,557,ok,16,16,0.0,0.0,0.02189012368206426,0.9890280497200643,1.995098694722907
gap_limited,75,red,continuum,1006,224,557,ok,16,16,0.0,0.0,0.023744131697216134,0.9876841012854565,1.9279252166289234
gap_limited,76,blue,continuum,1005,224,557,ok,16,16,0.0,0.0,0.03954417757248402,0.9801295708359041,1.9901018365490044
gap_limited,76,core,continuum,1005,224,557,ok,16,16,0.0,0.0,0.022117543744105208,0.9889122102554184,1.9947657967552774
gap_limited,76,red,continuum,1005,224,557,ok,16,16,0.0,0.0,0.024786382258020843,0.9871487295851553,1.9287106611179725
gap_limited,77,blue,continuum,1004,224,557,ok,16,16,0.0,0.0,0.041703324112654,0.9790513570563865,1.9907410816492899
gap_limited,77,core,continuum,1004,224,557,ok,16,16,0.0,0.0,0.022220806197730286,0.9888583708922681,1.9943947139929348
gap_limited,77,red,continuum,1004,224,557,ok,16,16,0.0,0.0,0.031483447652583416,0.9836822560963439,1.9293995443530232
gap_limited,78,blue,continuum,1003,224,557,ok,16,16,0.0,0.0,0.04472958117842776,0.9775378014559145,1.991326943826939
gap_limited,78,core,continuum,1003,224,557,ok,16,16,0.0,0.0,0.024253218216514688,0.9878365432258812,1.9939412509871572
gap_limited,78,red,continuum,1003,224,557,ok,16,16,0.0,0.0,0.037113613971890086,0.9807793840195955,1.9309273963814455
gap_limited,79,blue,continuum,1002,224,557,ok,16,16,0.0,0.0,0.048114436077181966,0.9758414925569158,1.991614597488538
gap_limited,79,core,continuum,1002,224,557,ok,16,16,0.0,0.0,0.027620338730364905,0.9861460933015679,1.9936859206284971
gap_limited,79,red,continuum,1002,224,557,ok,16,16,0.0,0.0,0.04974122794862748,0.9742634350034569,1.932706557977282
gap_limited,80,blue,continuum,1001,224,557,ok,16,16,0.0,0.0,0.04659747322880248,0.9766063556991723,1.991886028084727
gap_limited,80,core,continuum,1001,224,557,ok,16,16,0.0,0.0,0.030681207940876146,0.9846103513594598,1.9936262781240064
gap_limited,80,red,continuum,1001,224,557,ok,16,16,0.0,0.0,0.05795254001325362,0.9700416540197223,1.9344372366687135
gap_limited,81,blue,continuum,1000,224,557,ok,16,16,0.0,0.0,0.04530263598283433,0.9772612447430363,1.9923094061606808
gap_limited,81,core,continuum,1000,224,557,ok,16,16,0.0,0.0,0.033793914357238386,0.9830461319643133,1.9932863866879655
gap_limited,81,red,continuum,1000,224,557,ok,16,16,0.0,0.0,0.059635962573528975,0.9691982048506215,1.9361197061507034
gap_limited,82,blue,continuum,999,224,557,ok,16,16,0.0,0.0,0.04308117948410299,0.9783800121489732,1.9926551199267644
gap_limited,82,core,continuum,999,224,557,ok,16,16,0.0,0.0,0.03882862943176586,0.9805165586114416,1.992904059267879
gap_limited,82,red,continuum,999,224,557,ok,16,16,0.0,0.0,0.06794980237206535,0.9649337354697376,1.9377542285242324
gap_limited,83,blue,continuum,998,224,557,ok,16,16,0.0,0.0,0.042556783389497255,0.9786460423820756,1.9929225369341081
gap_limited,83,core,continuum,998,224,557,ok,16,16,0.0,0.0,0.042281773720742995,0.9787768048865169,1.9922435568563985
gap_limited,83,red,continuum,998,224,557,ok,16,16,0.0,0.0,0.06429669779536135,0.9668461111366086,1.9393410546886942
gap_limited,84,blue,continuum,997,224,557,ok,16,16,0.0,0.0,0.042077267700558085,0.9788873700214731,1.9929903448008939
gap_limited,84,core,continuum,997,224,557,ok,16,16,0.0,0.0,0.04358678984339681,0.978113917957023,1.9915300398585147
gap_limited,84,red,continuum,997,224,557,ok,16,16,0.0,0.0,0.07110246964571351,0.9633713772386194,1.9411723478907437
gap_limited,85,blue,continuum,996,224,557,ok,16,16,0.0,0.0,0.044633543051354266,0.9776051685185975,1.99302875256818
gap_limited,85,core,continuum,996,224,557,ok,16,16,0.0,0.0,0.04275146390747987,0.9785297395900245,1.991194475108317
gap_limited,85,red,continuum,996,224,557,ok,16,16,0.0,0.0,0.06331661771643506,0.9674174105927471,1.94326537173073
gap_limited,86,blue,continuum,995,224,557,ok,16,16,0.0,0.0,0.04755011455268429,0.9761418866295135,1.9930374969005675
gap_limited,86,core,continuum,995,224,557,ok,16,16,0.0,0.0,0.04205751238943403,0.9788745125731695,1.9908422248292679
gap_limited,86,red,continuum,995,224,557,ok,16,16,0.0,0.0,0.06116373120615951,0.9685578573167765,1.9452787242389291
gap_limited,87,blue,continuum,994,224,557,ok,16,16,0.0,0.0,0.048476292142913234,0.9756759828011117,1.992939395928763
gap_limited,87,core,continuum,994,224,557,ok,16,16,0.0,0.0,0.04291515867979191,0.9784397204751039,1.9904732046834963
gap_limited,87,red,continuum,994,224,557,ok,16,16,0.0,0.0,0.05869979872756199,0.9698544423491289,1.9472122362900008
gap_limited,88,blue,continuum,993,224,557,ok,16,16,0.0,0.0,0.04940608081189724,0.9752109114114362,1.9930575759324303
gap_limited,88,core,continuum,993,224,557,ok,16,16,0.0,0.0,0.03657020286743348,0.9816224206683639,1.9899357911887599
gap_limited,88,red,continuum,993,224,557,ok,16,16,0.0,0.0,0.05685793311334145,0.9708281088313845,1.9490657216804623
gap_limited,89,blue,continuum,992,224,557,ok,16,16,0.0,0.0,0.049770347445275184,0.9750273598445942,1.9929950191710688
gap_limited,89,core,continuum,992,224,557,ok,16,16,0.0,0.0,0.031972379958556424,0.9839284743925009,1.9893805192730314
gap_limited,89,red,continuum,992,224,557,ok,16,16,0.0,0.0,0.05903814252839274,0.969745291591511,1.9513704026255851
gap_limited,90,blue,continuum,991,224,557,ok,16,16,0.0,0.0,0.049982748460775085,0.9749177148954449,1.9927509894901054
gap_limited,90,core,continuum,991,224,557,ok,16,16,0.0,0.0,0.026812995231012333,0.9865180526481644,1.9888072940265276
gap_limited,90,red,continuum,991,224,557,ok,16,16,0.0,0.0,0.06099350444336118,0.9687758161111206,1.9534058811729058
gap_limited,91,blue,continuum,990,224,557,ok,16,16,0.0,0.0,0.05241302573630181,0.9736943796247677,1.992464917712058
gap_limited,91,core,continuum,990,224,557,ok,16,16,0.0,0.0,0.023214640043177824,0.9883235252057495,1.9881548542894776
gap_limited,91,red,continuum,990,224,557,ok,16,16,0.0,0.0,0.059804087680947464,0.9694206475814574,1.9557015747882134
gap_limited,92,blue,continuum,989,224,557,ok,16,16,0.0,0.0,0.056147374201635375,0.9718154981182604,1.9921364740532321
gap_limited,92,core,continuum,989,224,557,ok,16,16,0.0,0.0,0.021187675267058958,0.9893393651732452,1.9874684398610682
gap_limited,92,red,continuum,989,224,557,ok,16,16,0.0,0.0,0.0599704398554541,0.9693704567981266,1.957927986721857
gap_limited,93,blue,continuum,988,224,557,ok,16,16,0.0,0.0,0.061416540961725906,0.9691647704372021,1.9917653227340855
gap_limited,93,core,continuum,988,224,557,ok,16,16,0.0,0.0,0.022251146602845766,0.9888002151684192,1.98674768644686
gap_limited,93,red,continuum,988,224,557,ok,16,16,0.0,0.0,0.06174589426430063,0.9684983585670577,1.9600849814680086
gap_limited,94,blue,continuum,987,224,557,ok,16,16,0.0,0.0,0.06944942716875839,0.9651258468937258,1.9914297834594221
gap_limited,94,core,continuum,987,224,557,ok,16,16,0.0,0.0,0.02713176986450363,0.9863384309576565,1.9859922224460205
gap_limited,94,red,continuum,987,224,557,ok,16,16,0.0,0.0,0.05855392737905778,0.9701586226705833,1.962172413581498
gap_limited,95,blue,continuum,986,224,557,ok,16,16,0.0,0.0,0.07362280981426396,0.9630266149507578,1.9912380139446535
gap_limited,95,core,continuum,986,224,557,ok,16,16,0.0,0.0,0.030547275702389423,0.9846144638864118,1.9854540964231222
gap_limited,95,red,continuum,986,224,557,ok,16,16,0.0,0.0,0.054759565565494446,0.9721210463322174,1.9641901277226006
gap_limited,96,blue,continuum,985,224,557,ok,16,16,0.0,0.0,0.07445575621813932,0.962599691367234,1.9907791924719414
gap_limited,96,core,continuum,985,224,557,ok,16,16,0.0,0.0,0.03482097815963582,0.982457036786242,1.9848971770246568
gap_limited,96,red,continuum,985,224,557,ok,16,16,0.0,0.0,0.05613442480325749,0.9714493967450061,1.96613795869405
gap_limited,97,blue,continuum,983,224,557,ok,16,16,0.0,0.0,0.08000108263522968,0.9598059666393071,1.9903721011851805
gap_limited,97,core,continuum,983,224,557,ok,16,16,0.0,0.0,0.03434131717268612,0.9826947067722898,1.9844400624022271
gap_limited,97,red,continuum,983,224,557,ok,16,16,0.0,0.0,0.056511419066510596,0.9712816790880722,1.9677828393873578
gap_limited,98,blue,continuum,982,224,557,ok,16,16,0.0,0.0,0.07869516277781069,0.9604563050897341,1.990081173658374
gap_limited,98,core,continuum,982,224,557,ok,16,16,0.0,0.0,0.03444904703859336,0.982632328454478,1.9835155765296388
gap_limited,98,red,continuum,982,224,557,ok,16,16,0.0,0.0,0.05318472388602526,0.9729958940661786,1.969505082536865
gap_limited,99,blue,continuum,981,224,557,ok,16,16,0.0,0.0,0.08208721243998428,0.958745209271352,1.9897619401322402
gap_limited,99,core,continuum,981,224,557,ok,16,16,0.0,0.0,0.03714787391011587,0.9812625497388351,1.9825468989827377
gap_limited,99,red,continuum,981,224,557,ok,16,16,0.0,0.0,0.05025097510982607,0.9745025370457012,1.970822555949788
gap_limited,100,blue,continuum,980,224,557,ok,16,16,0.0,0.0,0.08393554459317888,0.9578063323116777,1.9892924505448746
gap_limited,100,core,continuum,980,224,557,ok,16,16,0.0,0.0,0.04020597467842661,0.9797096686614152,1.9815336678100215
gap_limited,100,red,continuum,980,224,557,ok,16,16,0.0,0.0,0.04551248430470155,0.9769280353615765,1.9726315039901776
gap_limited,101,blue,continuum,979,224,557,ok,16,16,0.0,0.0,0.08637753024903724,0.9565708114532993,1.98892802604757
gap_limited,101,core,continuum,979,224,557,ok,16,16,0.0,0.0,0.04192296120282925,0.9788318709885625,1.9804755148732143
gap_limited,101,red,continuum,979,224,557,ok,16,16,0.0,0.0,0.04201767199633258,0.9787141722312924,1.9739740663552192
gap_limited,102,blue,continuum,978,224,557,ok,16,16,0.0,0.0,0.08600289213204518,0.956755451152079,1.988756835792031
gap_limited,102,core,continuum,978,224,557,ok,16,16,0.0,0.0,0.047590984868080444,0.975956523943786,1.9793720657034715
gap_limited,102,red,continuum,978,224,557,ok,16,16,0.0,0.0,0.042905274027140866,0.9782780548510945,1.9752040497764922
gap_limited,103,blue,continuum,977,224,557,ok,16,16,0.0,0.0,0.08789549086934358,0.9557998732163869,1.9885800622167054
gap_limited,103,core,continuum,977,224,557,ok,16,16,0.0,0.0,0.05095542391399329,0.9742430361558341,1.9783163971608797
gap_limited,103,red,continuum,977,224,557,ok,16,16,0.0,0.0,0.04268888183430873,0.9784033098933463,1.976640013978665
gap_limited,104,blue,continuum,976,224,557,ok,16,16,0.0,0.0,0.08625209443058308,0.9566211412945212,1.9883440229765537
gap_limited,104,core,continuum,976,224,557,ok,16,16,0.0,0.0,0.05431296924461848,0.9725304147845495,1.9772038353920856
gap_limited,104,red,continuum,976,224,557,ok,16,16,0.0,0.0,0.04329932322574478,0.978109823108484,1.9780252777457632
gap_limited,105,blue,continuum,976,224,557,ok,16,16,0.0,0.0,0.08308934915085722,0.9582086837209323,1.988196509437885
gap_limited,105,core,continuum,976,224,557,ok,16,16,0.0,0.0,0.05664985793463852,0.9713279215019984,1.9757848367563249
gap_limited,105,red,continuum,976,224,557,ok,16,16,0.0,0.0,0.04455693616639209,0.9774878421792701,1.9792387971517615
gap_limited,106,blue,continuum,976,224,557,ok,16,16,0.0,0.0,0.08134200876963218,0.9590820970702214,1.987932003974581
gap_limited,106,core,continuum,976,224,557,ok,16,16,0.0,0.0,0.061738256069733995,0.9687291080397327,1.9743042874561525
gap_limited,106,red,continuum,976,224,557,ok,16,16,0.0,0.0,0.04289425474907209,0.9783406431753547,1.980402977629721
gap_limited,107,blue,continuum,976,224,557,ok,16,16,0.0,0.0,0.0796644966146906,0.9599197942979483,1.9876269400137492
gap_limited,107,core,continuum,976,224,557,ok,16,16,0.0,0.0,0.06640805033568176,0.9663576088728434,1.9739396669125657
gap_limited,107,red,continuum,976,224,557,ok,16,16,0.0,0.0,0.043647947474858076,0.9779766247102983,1.9818918263300096
gap_limited,108,blue,continuum,976,224,557,ok,16,16,0.0,0.0,0.07653353740783977,0.9614883182975223,1.9872811060057125
gap_limited,108,core,continuum,976,224,557,ok,16,16,0.0,0.0,0.0721664096977016,0.963433055180267,1.973542226550952
gap_limited,108,red,continuum,976,224,557,ok,16,16,0.0,0.0,0.04674889416267536,0.9764305288256582,1.9834511269632176
gap_limited,109,blue,continuum,976,224,557,ok,16,16,0.0,0.0,0.07268463341614712,0.9634179664358514,1.9868942848322186
gap_limited,109,core,continuum,976,224,557,ok,16,16,0.0,0.0,0.07356316606428014,0.9627171879945381,1.9731120617592688
gap_limited,109,red,continuum,976,224,557,ok,16,16,0.0,0.0,0.049429975478857385,0.9750942947639377,1.984684834673347
gap_limited,110,blue,continuum,976,224,557,ok,16,16,0.0,0.0,0.06347593495703144,0.9680458025199433,1.9864662536634867
gap_limited,110,core,continuum,976,224,557,ok,16,16,0.0,0.0,0.07294184200132767,0.9630234105585362,1.9726492654710421
gap_limited,110,red,continuum,976,224,557,ok,16,16,0.0,0.0,0.04971303406957933,0.974966443173229,1.9858558020175514
gap_limited,111,blue,continuum,976,224,557,ok,16,16,0.0,0.0,0.059139631986967964,0.9702257738972629,1.9862693251171173
gap_limited,111,core,continuum,976,224,557,ok,16,16,0.0,0.0,0.07114176513929285,0.9639268699456075,1.9721539282014753
gap_limited,111,red,continuum,976,224,557,ok,16,16,0.0,0.0,0.05116535404717811,0.9742494829975152,1.9869641468651302
gap_limited,112,blue,continuum,976,224,557,ok,16,16,0.0,0.0,0.057824291267454246,0.9708816173323878,1.985834581800825
gap_limited,112,core,continuum,976,224,557,ok,16,16,0.0,0.0,0.06905985537021098,0.9649731487951455,1.971626138082311
gap_limited,112,red,continuum,976,224,557,ok,16,16,0.0,0.0,0.04978245936745926,0.9749621926399699,1.9882914926061415
gap_limited,113,blue,continuum,976,224,557,ok,16,16,0.0,0.0,0.05633183707032809,0.9716261759719713,1.9853452609941304
gap_limited,113,core,continuum,976,224,557,ok,16,16,0.0,0.0,0.07357228047998479,0.9626643634190342,1.97056451201619
gap_limited,113,red,continuum,976,224,557,ok,16,16,0.0,0.0,0.0483839166188888,0.9756804517170691,1.9895072086041938
gap_limited,114,blue,continuum,976,224,557,ok,16,16,0.0,0.0,0.0532694323566279,0.9731654292494513,1.9851046939343608
gap_limited,114,core,continuum,976,224,557,ok,16,16,0.0,0.0,0.06907684378345044,0.9649266100232978,1.9694943610907112
gap_limited,114,red,continuum,976,224,557,ok,16,16,0.0,0.0,0.04591681399440874,0.9769311445218796,1.9904244507473858
gap_limited,115,blue,continuum,976,224,557,ok,16,16,0.0,0.0,0.051174699524363675,0.9742170324603096,1.9848258136145511
gap_limited,115,core,continuum,976,224,557,ok,16,16,0.0,0.0,0.06840697158441879,0.9652471588273467,1.9683850090002908
gap_limited,115,red,continuum,976,224,557,ok,16,16,0.0,0.0,0.04009482603923194,0.9798621378392333,1.991017006628742
gap_limited,116,blue,continuum,976,224,557,ok,16,16,0.0,0.0,0.04966985000980671,0.9749712115369473,1.984508762105245
gap_limited,116,core,continuum,976,224,557,ok,16,16,0.0,0.0,0.06794980841223883,0.9654573642435975,1.9671286491113893
gap_limited,116,red,continuum,976,224,557,ok,16,16,0.0,0.0,0.036761964797183876,0.9815407739089468,1.99152253815243
gap_limited,117,blue,continuum,976,224,557,ok,16,16,0.0,0.0,0.0485712845831364,0.9755166058000375,1.983846038112267
gap_limited,117,core,continuum,976,224,557,ok,16,16,0.0,0.0,0.06586704393548157,0.9664943165913964,1.9658469022174363
gap_limited,117,red,continuum,976,224,557,ok,16,16,0.0,0.0,0.0356774438201822,0.9820891031421265,1.991940666248589
gap_limited,118,blue,continuum,976,224,557,ok,16,16,0.0,0.0,0.05033028353591997,0.974620767940389,1.9831287021492088
gap_limited,118,core,continuum,976,224,557,ok,16,16,0.0,0.0,0.06467063717213524,0.9670711241273052,1.9639491315208053
gap_limited,118,red,continuum,976,224,557,ok,16,16,0.0,0.0,0.03480757674377563,0.9825294170976314,1.9923534857590062
gap_limited,119,blue,continuum,976,224,557,ok,16,16,0.0,0.0,0.05630529076270697,0.9716012231843071,1.9826660538278227
gap_limited,119,core,continuum,976,224,557,ok,16,16,0.0,0.0,0.06578912361027171,0.9664676307589746,1.9619587013786548
gap_limited,119,red,continuum,976,224,557,ok,16,16,0.0,0.0,0.033950575319760125,0.9829641658793318,1.9928918701180875
gap_limited,120,blue,continuum,976,224,557,ok,16,16,0.0,0.0,0.05894205131885677,0.9702633879188375,1.9821374122237403
gap_limited,120,core,continuum,976,224,557,ok,16,16,0.0,0.0,0.06937800032901753,0.9646001151908027,1.9598368950339742
gap_limited,120,red,continuum,976,224,557,ok,16,16,0.0,0.0,0.03596250299168438,0.9819583475004182,1.993304271463934
gap_limited,121,blue,continuum,976,224,557,ok,16,16,0.0,0.0,0.0604490865444086,0.9694834036920339,1.9808593964533596
gap_limited,121,core,continuum,976,224,557,ok,16,16,0.0,0.0,0.07629351662016862,0.9610302299557913,1.9577615298632407
gap_limited,121,red,continuum,976,224,557,ok,16,16,0.0,0.0,0.03651229623496034,0.9816851594111147,1.9935907199278833
gap_limited,122,blue,continuum,976,224,557,ok,16,16,0.0,0.0,0.05909538903949116,0.9701460036710426,1.9794800129378547
gap_limited,122,core,continuum,976,224,557,ok,16,16,0.0,0.0,0.08415771218189305,0.9569657456517526,1.9555982427593883
gap_limited,122,red,continuum,976,224,557,ok,16,16,0.0,0.0,0.037264460273056285,0.9813093729372415,1.99375120737959
gap_limited,123,blue,continuum,975,224,557,ok,16,16,0.0,0.0,0.05806429894481545,0.9706555093064769,1.9787121048119438
gap_limited,123,core,continuum,975,224,557,ok,16,16,0.0,0.0,0.09074429980975256,0.9535343878343552,1.9529345591371738
gap_limited,123,red,continuum,975,224,557,ok,16,16,0.0,0.0,0.03796169429909883,0.9809599809860298,1.9937844742300483
gap_limited,124,blue,continuum,974,224,557,ok,16,16,0.0,0.0,0.05393872260060426,0.97273662546286,1.9784316327799147
gap_limited,124,core,continuum,974,224,557,ok,16,16,0.0,0.0,0.0967366510634804,0.9503956121584863,1.9501631866228184
gap_limited,124,red,continuum,974,224,557,ok,16,16,0.0,0.0,0.04499148070758522,0.9774335164443482,1.9937302414277531
gap_limited,125,blue,continuum,972,224,557,ok,16,16,0.0,0.0,0.054059755972006074,0.9726722707009291,1.9782015322379543
gap_limited,125,core,continuum,972,224,557,ok,16,16,0.0,0.0,0.10525943988837688,0.9459531084867534,1.9475577029731355
gap_limited,125,red,continuum,972,224,557,ok,16,16,0.0,0.0,0.04749907178585514,0.9761728164689701,1.9934824325333134
gap_limited,126,blue,continuum,970,224,557,ok,16,16,0.0,0.0,0.04961521254907385,0.9749160076898162,1.9779631541718663
gap_limited,126,core,continuum,970,224,557,ok,16,16,0.0,0.0,0.11114750541384316,0.9428502318845523,1.9448461311219183
gap_limited,126,red,continuum,970,224,557,ok,16,16,0.0,0.0,0.04879029878795842,0.9755219030758026,1.993222714128873
gap_limited,127,blue,continuum,968,224,557,ok,16,16,0.0,0.0,0.0459870922111437,0.9767473777708174,1.977716395075174
gap_limited,127,core,continuum,968,224,557,ok,16,16,0.0,0.0,0.11889908817356805,0.9387749588604548,1.9420009519074237
gap_limited,127,red,continuum,968,224,557,ok,16,16,0.0,0.0,0.052809806091952516,0.9735029230013033,1.9930427078635904
gap_limited,128,blue,continuum,966,224,557,ok,16,16,0.0,0.0,0.04352969953805658,0.9779934492003937,1.9780337197974385
gap_limited,128,core,continuum,966,224,557,ok,16,16,0.0,0.0,0.11910438491338943,0.9386023250376977,1.939884286929734
gap_limited,128,red,continuum,966,224,557,ok,16,16,0.0,0.0,0.05869033862039691,0.9705492341938882,1.9928289473619443
gap_limited,129,blue,continuum,964,224,557,ok,16,16,0.0,0.0,0.041233629969937464,0.9791548658674344,1.978093770359562
gap_limited,129,core,continuum,964,224,557,ok,16,16,0.0,0.0,0.12134809985899217,0.9373751079196164,1.9376975484961028
gap_limited,129,red,continuum,964,224,557,ok,16,16,0.0,0.0,0.06341092831247513,0.9681866383195866,1.9932168423280952
gap_limited,130,blue,continuum,962,224,557,ok,16,16,0.0,0.0,0.04096340160843835,0.9792920468294065,1.978148263663679
gap_limited,130,core,continuum,962,224,557,ok,16,16,0.0,0.0,0.1212869092369995,0.9373336746362564,1.9354399437496212
gap_limited,130,red,continuum,962,224,557,ok,16,16,0.0,0.0,0.06559366973950606,0.9670977258305046,1.9935907591554751
gap_limited,131,blue,continuum,960,224,557,ok,16,16,0.0,0.0,0.04244403597265545,0.9785327211643425,1.9771502619211898
gap_limited,131,core,continuum,960,224,557,ok,16,16,0.0,0.0,0.12367398649902073,0.936023328103197,1.933110661000185
gap_limited,131,red,continuum,960,224,557,ok,16,16,0.0,0.0,0.0754799007675326,0.9621504872458878,1.9942106324560798
gap_limited,132,blue,continuum,957,224,557,ok,16,16,0.0,0.0,0.04022598721837071,0.9796526298488006,1.9769624732560138
gap_limited,132,core,continuum,957,224,557,ok,16,16,0.0,0.0,0.12311254503975314,0.9362475973258292,1.931104395687851
gap_limited,132,red,continuum,957,224,557,ok,16,16,0.0,0.0,0.08251663746732538,0.9586369473265803,1.9949358699134776
gap_limited,133,blue,continuum,954,224,557,ok,16,16,0.0,0.0,0.03979716713715288,0.979867555737191,1.976767779293986
gap_limited,133,core,continuum,954,224,557,ok,16,16,0.0,0.0,0.12034216401419408,0.9376156405853247,1.9290438363607656
gap_limited,133,red,continuum,954,224,557,ok,16,16,0.0,0.0,0.09224873348427395,0.953774300745089,1.9956157499223437
gap_limited,134,blue,continuum,951,224,557,ok,16,16,0.0,0.0,0.037708082737502105,0.9809172679933169,1.976031666969699
gap_limited,134,core,continuum,951,224,557,ok,16,16,0.0,0.0,0.11598893157222737,0.9398062967939048,1.9269279907085424
gap_limited,134,red,continuum,951,224,557,ok,16,16,0.0,0.0,0.10308634538297821,0.9483599845974963,1.9962493151770062
gap_limited,135,blue,continuum,948,224,557,ok,16,16,0.0,0.0,0.03562158341285783,0.9819633373983028,1.9749542473287636
gap_limited,135,core,continuum,948,224,557,ok,16,16,0.0,0.0,0.11599753502080387,0.9397338963602051,1.9247558414280563
gap_limited,135,red,continuum,948,224,557,ok,16,16,0.0,0.0,0.11264812508068688,0.9435811870127936,1.9966411754573974
gap_limited,136,blue,continuum,945,224,557,ok,16,16,0.0,0.0,0.03037957738058111,0.9846138181717373,1.974471491346688
gap_limited,136,core,continuum,945,224,557,ok,16,16,0.0,0.0,0.11419935969722084,0.94060285466205,1.922640541855412
gap_limited,136,red,continuum,945,224,557,ok,16,16,0.0,0.0,0.12260127134138357,0.9386089534092905,1.9970545893892167
gap_limited,137,blue,continuum,942,224,557,ok,16,16,0.0,0.0,0.03188782780437237,0.9838548908981418,1.9750766379585758
gap_limited,137,core,continuum,942,224,557,ok,16,16,0.0,0.0,0.1145640706381289,0.9403458073217812,1.9204697188024986
gap_limited,137,red,continuum,942,224,557,ok,16,16,0.0,0.0,0.13319358350746477,0.9333165166404183,1.9973999076988256
gap_limited,138,blue,continuum,939,224,557,ok,16,16,0.0,0.0,0.03617799816465489,0.9816878392032935,1.9756269380925011
gap_limited,138,core,continuum,939,224,557,ok,16,16,0.0,0.0,0.1201863778722786,0.9373713915166955,1.9190331828036356
gap_limited,138,red,continuum,939,224,557,ok,16,16,0.0,0.0,0.14056209316053103,0.9296372031018308,1.9976763198307217
gap_limited,139,blue,continuum,936,224,557,ok,16,16,0.0,0.0,0.03863916237271996,0.980446967303969,1.976121196818906
gap_limited,139,core,continuum,936,224,557,ok,16,16,0.0,0.0,0.12701090299001624,0.9337678890499451,1.9176635195244525
gap_limited,139,red,continuum,936,224,557,ok,16,16,0.0,0.0,0.1443270440550724,0.927754688411452,1.9977357821784336
gap_limited,140,blue,continuum,933,224,557,ok,16,16,0.0,0.0,0.04112965604678487,0.9791912748231338,1.9765581839924624
gap_limited,140,core,continuum,933,224,557,ok,16,16,0.0,0.0,0.12100644730011698,0.9368526102336574,1.9162541436449558
gap_limited,140,red,continuum,933,224,557,ok,16,16,0.0,0.0,0.14102580505250545,0.9294091268272475,1.9977909142359245
gap_limited,141,blue,continuum,930,224,557,ok,16,16,0.0,0.0,0.038621189982844376,0.9804598584063072,1.9765051239603415
gap_limited,141,core,continuum,930,224,557,ok,16,16,0.0,0.0,0.1150416439494118,0.9399276083458508,1.915050171661772
gap_limited,141,red,continuum,930,224,557,ok,16,16,0.0,0.0,0.13465904906033185,0.932596312000825,1.9977994240015486
gap_limited,142,blue,continuum,927,224,557,ok,16,16,0.0,0.0,0.03691485459323607,0.9813224865112308,1.9764330308439009
gap_limited,142,core,continuum,927,224,557,ok,16,16,0.0,0.0,0.10684650543996778,0.9441713099613545,1.9138279147514794
gap_limited,142,red,continuum,927,224,557,ok,16,16,0.0,0.0,0.1271368189135498,0.9363555467842756,1.9976103570662538
gap_limited,143,blue,continuum,924,224,557,ok,16,16,0.0,0.0,0.03594424178783267,0.9817981647957612,1.974759214359989
gap_limited,143,core,continuum,924,224,557,ok,16,16,0.0,0.0,0.09464877276788103,0.9505126992086529,1.9125870931402769
gap_limited,143,red,continuum,924,224,557,ok,16,16,0.0,0.0,0.12339694216978175,0.9382287285825277,1.9976429064543821
gap_limited,144,blue,continuum,921,224,557,ok,16,16,0.0,0.0,0.03794596055873729,0.9807733873171882,1.973616527505136
gap_limited,144,core,continuum,921,224,557,ok,16,16,0.0,0.0,0.08379243140580511,0.956165920421463,1.9115818607682904
gap_limited,144,red,continuum,921,224,557,ok,16,16,0.0,0.0,0.12433652234427231,0.937761484260007,1.9977424086348612
gap_limited,145,blue,continuum,918,224,557,ok,16,16,0.0,0.0,0.03422628514364189,0.9826420373119507,1.9717916070418866
gap_limited,145,core,continuum,918,224,557,ok,16,16,0.0,0.0,0.07508544119779795,0.9606997729583827,1.9105599852714774
gap_limited,145,red,continuum,918,224,557,ok,16,16,0.0,0.0,0.12488098740517056,0.9374899008191699,1.997772984552673
gap_limited,146,blue,continuum,915,224,557,ok,16,16,0.0,0.0,0.026240587757240915,0.9866790231354372,1.9698696292347395
gap_limited,146,core,continuum,915,224,557,ok,16,16,0.0,0.0,0.0749352509451559,0.9607711116655346,1.9102058234803478
gap_limited,146,red,continuum,915,224,557,ok,16,16,0.0,0.0,0.1184892557710403,0.9406922458068111,1.9978712292000422
gap_limited,147,blue,continuum,912,224,557,ok,16,16,0.0,0.0,0.021201487166160708,0.9892260547024634,1.9678480427228753
gap_limited,147,core,continuum,912,224,557,ok,16,16,0.0,0.0,0.07397094513662382,0.9612496098621367,1.9089083973982068
gap_limited,147,red,continuum,912,224,557,ok,16,16,0.0,0.0,0.11593067497886927,0.9419818612372965,1.99817983567226
gap_limited,148,blue,continuum,909,224,557,ok,16,16,0.0,0.0,0.018146729802669948,0.9907684252920846,1.9657241994814418
gap_limited,148,core,continuum,909,224,557,ok,16,16,0.0,0.0,0.07167855148227913,0.9624245732520734,1.907591148947747
gap_limited,148,red,continuum,909,224,557,ok,16,16,0.0,0.0,0.11615826843886477,0.9418760729568183,1.998458713097069
gap_limited,149,blue,continuum,906,224,557,ok,16,16,0.0,0.0,0.016288855176829473,0.9917099218164925,1.964861466473863
gap_limited,149,core,continuum,906,224,557,ok,16,16,0.0,0.0,0.06337578119622768,0.9667371020593079,1.9052994513354455
gap_limited,149,red,continuum,906,224,557,ok,16,16,0.0,0.0,0.11493154945632619,0.9424970603936231,1.9987073746675155
gap_limited,150,blue,continuum,903,224,557,ok,16,16,0.0,0.0,0.01668253007319527,0.991502229623581,1.9631655521651505
gap_limited,150,core,continuum,903,224,557,ok,16,16,0.0,0.0,0.06324062213677294,0.966767153033416,1.9029552960166811
gap_limited,150,red,continuum,903,224,557,ok,16,16,0.0,0.0,0.11125348137596369,0.9443429437936839,1.9989106316287395
gap_limited,151,blue,continuum,900,224,557,ok,16,16,0.0,0.0,0.01705557828027348,0.9913080611072677,1.9622294278362051
gap_limited,151,core,continuum,900,224,557,ok,16,16,0.0,0.0,0.06252618950604664,0.9671011337256892,1.9005575749845935
gap_limited,151,red,continuum,900,224,557,ok,16,16,0.0,0.0,0.1090654475019624,0.94544265204619,1.9990973093908584
gap_limited,152,blue,continuum,897,224,557,ok,16,16,0.0,0.0,0.015843026811867836,0.9919220251005253,1.9612621986357146
gap_limited,152,core,continuum,897,224,557,ok,16,16,0.0,0.0,0.06421189497448519,0.9661705280201353,1.8981051496370958
gap_limited,152,red,continuum,897,224,557,ok,16,16,0.0,0.0,0.10935457794062048,0.9453026654252211,1.9992670354186548
gap_limited,153,blue,continuum,894,224,557,ok,16,16,0.0,0.0,0.01778910953134658,0.9909315293872795,1.961643841729324
gap_limited,153,core,continuum,894,224,557,ok,16,16,0.0,0.0,0.06420401197821794,0.966143630757653,1.896364359646472
gap_limited,153,red,continuum,894,224,557,ok,16,16,0.0,0.0,0.10787787892134652,0.9460453982829042,1.9994194283370081
gap_limited,154,blue,continuum,891,224,557,ok,16,16,0.0,0.0,0.020569059214166283,0.9895145209552489,1.9616709094910618
gap_limited,154,core,continuum,891,224,557,ok,16,16,0.0,0.0,0.06542729584212512,0.9654848472748702,1.8956107876204986
gap_limited,154,red,continuum,891,224,557,ok,16,16,0.0,0.0,0.10619880822305613,0.946888754674722,1.9995540976801658
gap_limited,155,blue,continuum,889,224,557,ok,16,16,0.0,0.0,0.02301466397509576,0.9882626775560487,1.9608104050132908
gap_limited,155,core,continuum,889,224,557,ok,16,16,0.0,0.0,0.059859347729224036,0.968421824393898,1.8955923380721544
gap_limited,155,red,continuum,889,224,557,ok,16,16,0.0,0.0,0.10631683207153265,0.9468321877045117,1.9996465433006814
gap_limited,156,blue,continuum,886,224,557,ok,16,16,0.0,0.0,0.025145223770671115,0.9871670952428268,1.959433522376571
gap_limited,156,core,continuum,886,224,557,ok,16,16,0.0,0.0,0.0530412417552355,0.97200573883615,1.894718401203232
gap_limited,156,red,continuum,886,224,557,ok,16,16,0.0,0.0,0.10709083915895069,0.9464456108433014,1.9996650292398241
gap_limited,157,blue,continuum,883,224,557,ok,16,16,0.0,0.0,0.02792519841100615,0.985733814491101,1.9574397370332002
gap_limited,157,core,continuum,883,224,557,ok,16,16,0.0,0.0,0.04834384667778975,0.9744723463938779,1.8937834014715618
gap_limited,157,red,continuum,883,224,557,ok,16,16,0.0,0.0,0.1077534889351477,0.9461133645301288,1.9996328959041123
gap_limited,158,blue,continuum,880,224,557,ok,16,16,0.0,0.0,0.032824659807538806,0.9832127632334532,1.955334297360415
gap_limited,158,core,continuum,880,224,557,ok,16,16,0.0,0.0,0.041474717618335794,0.9780858263189044,1.8925978328863138
gap_limited,158,red,continuum,880,224,557,ok,16,16,0.0,0.0,0.11289985600684428,0.9435405369455615,1.9996622337337095
gap_limited,159,blue,continuum,878,224,557,ok,16,16,0.0,0.0,0.037554305774523795,0.9807764333879919,1.9535555775100197
gap_limited,159,core,continuum,878,224,557,ok,16,16,0.0,0.0,0.0363155013573596,0.9808013364703491,1.8915640300311984
gap_limited,159,red,continuum,878,224,557,ok,16,16,0.0,0.0,0.11665139178578705,0.9416680410730733,1.9997852623450885
gap_limited,160,blue,continuum,876,224,557,ok,16,16,0.0,0.0,0.04484331834752818,0.9770426700620618,1.9533333566558277
gap_limited,160,core,continuum,876,224,557,ok,16,16,0.0,0.0,0.03221594376258429,0.9829504112882758,1.8895437483738702
gap_limited,160,red,continuum,876,224,557,ok,16,16,0.0,0.0,0.1256371331312604,0.9371773980465623,1.9998715307013066
gap_limited,161,blue,continuum,874,224,557,ok,16,16,0.0,0.0,0.049652041310796785,0.9745850475503883,1.9536547002886668
gap_limited,161,core,continuum,874,224,557,ok,16,16,0.0,0.0,0.028426195338405572,0.9849434364833198,1.8879603773406877
gap_limited,161,red,continuum,874,224,557,ok,16,16,0.0,0.0,0.12553588652324807,0.9372295627367369,1.9999205357888874
gap_limited,162,blue,continuum,872,224,557,ok,16,16,0.0,0.0,0.05358678646057485,0.9725816330597674,1.9544120398339193
gap_limited,162,core,continuum,872,224,557,ok,16,16,0.0,0.0,0.025344908704960926,0.986563570458698,1.8862830059915692
gap_limited,162,red,continuum,872,224,557,ok,16,16,0.0,0.0,0.12751127456414052,0.9362421874429449,1.9999317644411674
gap_limited,163,blue,continuum,870,224,557,ok,16,16,0.0,0.0,0.05262230697766597,0.9730962795188476,1.9559490671385387
gap_limited,163,core,continuum,870,224,557,ok,16,16,0.0,0.0,0.02445133291516552,0.9870250980246319,1.8845100303327647
gap_limited,163,red,continuum,870,224,557,ok,16,16,0.0,0.0,0.12340804684002957,0.9382946844291497,1.9999581186540063
gap_limited,164,blue,continuum,868,224,557,ok,16,16,0.0,0.0,0.05145606479165587,0.9737223246456984,1.958166546236464
gap_limited,164,core,continuum,868,224,557,ok,16,16,0.0,0.0,0.025560031639655506,0.9864233021875566,1.8826397989229031
gap_limited,164,red,continuum,868,224,557,ok,16,16,0.0,0.0,0.11913933421573221,0.9404287327165297,1.9999462769325849
gap_limited,165,blue,continuum,866,224,557,ok,16,16,0.0,0.0,0.052079757788215754,0.9734296059438627,1.9600671965264427
gap_limited,165,core,continuum,866,224,557,ok,16,16,0.0,0.0,0.026783887156794473,0.9857644758823283,1.8814823349949887
gap_limited,165,red,continuum,866,224,557,ok,16,16,0.0,0.0,0.11920226537795092,0.9403964551405567,1.999919059496425
gap_limited,166,blue,continuum,864,224,557,ok,16,16,0.0,0.0,0.05765986634440736,0.970606450213108,1.961650319966481
gap_limited,166,core,continuum,864,224,557,ok,16,16,0.0,0.0,0.026717117867714697,0.9857940783298396,1.880702884898636
gap_limited,166,red,continuum,864,224,557,ok,16,16,0.0,0.0,0.12063356921311143,0.9396792515531446,1.9998685745650782
gap_limited,167,blue,continuum,862,224,557,ok,16,16,0.0,0.0,0.06401239845019838,0.9673891105842707,1.9629148298949195
gap_limited,167,core,continuum,862,224,557,ok,16,16,0.0,0.0,0.029191922102317316,0.9844707283277873,1.8797998205255033
gap_limited,167,red,continuum,862,224,557,ok,16,16,0.0,0.0,0.1185137568071779,0.9407379646715135,1.9998259619377245
gap_limited,168,blue,continuum,861,224,557,ok,16,16,0.0,0.0,0.07408215174675672,0.9622855473443029,1.964290783246088
gap_limited,168,core,continuum,861,224,557,ok,16,16,0.0,0.0,0.03116924687488272,0.9834090621421216,1.878691074723159
gap_limited,168,red,continuum,861,224,557,ok,16,16,0.0,0.0,0.12100304015884558,0.9394890436102143,1.9996881123378043
gap_limited,169,blue,continuum,860,224,557,ok,16,16,0.0,0.0,0.08543160009380793,0.9565499406656736,1.9662021502998306
gap_limited,169,core,continuum,860,224,557,ok,16,16,0.0,0.0,0.03115926424541877,0.983397491947629,1.8767805531025745
gap_limited,169,red,continuum,860,224,557,ok,16,16,0.0,0.0,0.1273075357580514,0.9363297548934713,1.9994824198501049
gap_limited,170,blue,continuum,859,224,557,ok,16,16,0.0,0.0,0.08732853961001963,0.9556243666284565,1.9679390010919917
gap_limited,170,core,continuum,859,224,557,ok,16,16,0.0,0.0,0.027949114247646886,0.9851008669999666,1.875888633760377
gap_limited,170,red,continuum,859,224,557,ok,16,16,0.0,0.0,0.13255546482093422,0.9336960304933603,1.9992085814358367
gap_limited,171,blue,continuum,858,224,557,ok,16,16,0.0,0.0,0.08827149555696667,0.9551846288270598,1.9696700762854653
gap_limited,171,core,continuum,858,224,557,ok,16,16,0.0,0.0,0.022822096677873892,0.9878240503066164,1.874358653951668
gap_limited,171,red,continuum,858,224,557,ok,16,16,0.0,0.0,0.13606055677088988,0.9319322294502028,1.998898387179442
gap_limited,172,blue,continuum,857,224,557,ok,16,16,0.0,0.0,0.09054428792145455,0.9540700335742309,1.9713554127628243
gap_limited,172,core,continuum,857,224,557,ok,16,16,0.0,0.0,0.01931073154817052,0.9896846200699391,1.8720329914262672
gap_limited,172,red,continuum,857,224,557,ok,16,16,0.0,0.0,0.13719689139323016,0.9313455266643583,1.9983678371909523
gap_limited,173,blue,continuum,856,224,557,ok,16,16,0.0,0.0,0.09131837949043346,0.9537158527264877,1.9729947480893442
gap_limited,173,core,continuum,856,224,557,ok,16,16,0.0,0.0,0.019604428476503854,0.9895141423113782,1.8696065747465491
gap_limited,173,red,continuum,856,224,557,ok,16,16,0.0,0.0,0.14159340566595122,0.9291299584566031,1.997930332512182
gap_limited,174,blue,continuum,855,224,557,ok,16,16,0.0,0.0,0.09025507450755887,0.9542923621437979,1.974616907386565
gap_limited,174,core,continuum,855,224,557,ok,16,16,0.0,0.0,0.021808042625446545,0.9883142773281808,1.8662125773391725
gap_limited,174,red,continuum,855,224,557,ok,16,16,0.0,0.0,0.15311328994576756,0.9233443136554995,1.9974159419518718
gap_limited,175,blue,continuum,854,224,557,ok,16,16,0.0,0.0,0.09075613379456669,0.9540593691530413,1.9755090890436675
gap_limited,175,core,continuum,854,224,557,ok,16,16,0.0,0.0,0.0227282445143333,0.9877976736411151,1.8626156886702332
gap_limited,175,red,continuum,854,224,557,ok,16,16,0.0,0.0,0.16061904688015996,0.9195640814548288,1.996857247175707
gap_limited,176,blue,continuum,853,224,557,ok,16,16,0.0,0.0,0.09344558406680138,0.9527188702413054,1.9763822172548147
gap_limited,176,core,continuum,853,224,557,ok,16,16,0.0,0.0,0.024302449671999668,0.9869327946725994,1.8598046837941706
gap_limited,176,red,continuum,853,224,557,ok,16,16,0.0,0.0,0.16319484464911063,0.9182477699757418,1.9962127589753345
gap_limited,177,blue,continuum,852,224,557,ok,16,16,0.0,0.0,0.09728023471599925,0.9508136870863799,1.9777907501796408
gap_limited,177,core,continuum,852,224,557,ok,16,16,0.0,0.0,0.029612329565947025,0.9840438147200068,1.85585270202876
gap_limited,177,red,continuum,852,224,557,ok,16,16,0.0,0.0,0.1595555986891506,0.92004223660923,1.9954985222556787
gap_limited,178,blue,continuum,851,224,557,ok,16,16,0.0,0.0,0.0997757361405948,0.9495865927149247,1.979150815504057
gap_limited,178,core,continuum,851,224,557,ok,16,16,0.0,0.0,0.03653945406745862,0.980266891834512,1.851682652374239
gap_limited,178,red,continuum,851,224,557,ok,16,16,0.0,0.0,0.1600425606729821,0.9197666688650689,1.9947141469650929
gap_limited,179,blue,continuum,850,224,557,ok,16,16,0.0,0.0,0.09921215233163037,0.9499045437216944,1.9804620958127757
gap_limited,179,core,continuum,850,224,557,ok,16,16,0.0,0.0,0.0458645770717456,0.9751719422006131,1.8472881544877902
gap_limited,179,red,continuum,850,224,557,ok,16,16,0.0,0.0,0.1499448085857289,0.924811268907205,1.9942457653750378
gap_limited,180,blue,continuum,849,224,557,ok,16,16,0.0,0.0,0.09685858233796903,0.9511116458456856,1.9812199451885477
gap_limited,180,core,continuum,849,224,557,ok,16,16,0.0,0.0,0.044212705830918825,0.976015952097845,1.843421344524006
gap_limited,180,red,continuum,849,224,557,ok,16,16,0.0,0.0,0.1428755783049539,0.928334174030836,1.9936361072072137
gap_limited,181,blue,continuum,848,224,557,ok,16,16,0.0,0.0,0.09969273064028626,0.9496873070042197,1.981462821889643
gap_limited,181,core,continuum,848,224,557,ok,16,16,0.0,0.0,0.04976727802101997,0.9729423757164872,1.8393070100890192
gap_limited,181,red,continuum,848,224,557,ok,16,16,0.0,0.0,0.14039468617430767,0.9295600741427543,1.9931123502150325
gap_limited,182,blue,continuum,847,224,557,ok,16,16,0.0,0.0,0.09823887355807084,0.9504110583809401,1.981064131449659
gap_limited,182,core,continuum,847,224,557,ok,16,16,0.0,0.0,0.05156044632676858,0.9719007064790346,1.8349374616233132
gap_limited,182,red,continuum,847,224,557,ok,16,16,0.0,0.0,0.13577578767545578,0.9318587941038057,1.9925650843675298
gap_limited,183,blue,continuum,846,224,557,ok,16,16,0.0,0.0,0.09762835132609002,0.950709211685216,1.9806611876971756
gap_limited,183,core,continuum,846,224,557,ok,16,16,0.0,0.0,0.053934180342618404,0.9705570791315531,1.8318216655066295
gap_limited,183,red,continuum,846,224,557,ok,16,16,0.0,0.0,0.12436259493791302,0.9375733409937709,1.9921392065127776
gap_limited,184,blue,continuum,845,224,557,ok,16,16,0.0,0.0,0.0984944840589771,0.9502602392066295,1.9801961748096066
gap_limited,184,core,continuum,845,224,557,ok,16,16,0.0,0.0,0.06078117186576571,0.9667413598540261,1.8275302778163485
gap_limited,184,red,continuum,845,224,557,ok,16,16,0.0,0.0,0.11857731063032649,0.9404733964845593,1.9920053157336388
gap_limited,185,blue,continuum,844,224,557,ok,16,16,0.0,0.0,0.09946066999168919,0.9497760318596121,1.980342726279078
gap_limited,185,core,continuum,844,224,557,ok,16,16,0.0,0.0,0.06458439018455937,0.9645811850589125,1.823448647053366
gap_limited,185,red,continuum,844,224,557,ok,16,16,0.0,0.0,0.11502567653865561,0.9422527679474387,1.9918820772909036
gap_limited,186,blue,continuum,843,224,557,ok,16,16,0.0,0.0,0.09580209649080439,0.9516257937307374,1.9804375901807387
gap_limited,186,core,continuum,843,224,557,ok,16,16,0.0,0.0,0.07162841895916802,0.9606270623272267,1.8192297347601718
gap_limited,186,red,continuum,843,224,557,ok,16,16,0.0,0.0,0.11269669853374285,0.9434172970603603,1.991716420015553
gap_limited,187,blue,continuum,842,224,557,ok,16,16,0.0,0.0,0.09402045245717464,0.952526440791842,1.9804803774017001
gap_limited,187,core,continuum,842,224,557,ok,16,16,0.0,0.0,0.07442235626611847,0.9589930155999623,1.8148702557618486
gap_limited,187,red,continuum,842,224,557,ok,16,16,0.0,0.0,0.11019132311178233,0.944669401205953,1.991507872921083
gap_limited,188,blue,continuum,841,224,557,ok,16,16,0.0,0.0,0.09538715831678796,0.951836117185707,1.9804706917956625
gap_limited,188,core,continuum,841,224,557,ok,16,16,0.0,0.0,0.07887917738596797,0.9564291718603819,1.8103667236529892
gap_limited,188,red,continuum,841,224,557,ok,16,16,0.0,0.0,0.10615372243945026,0.946690066539965,1.9912559545592154
gap_limited,189,blue,continuum,840,224,557,ok,16,16,0.0,0.0,0.09919080400873759,0.9499372212218141,1.9813283726863054
gap_limited,189,core,continuum,840,224,557,ok,16,16,0.0,0.0011904761904761906,0.08716156520407357,0.9517301764999899,1.8057154322110884
gap_limited,189,red,continuum,840,224,557,ok,16,16,0.0,0.0,0.10108893998502234,0.9492260360753115,1.9909601727169566
gap_limited,190,blue,continuum,840,224,557,ok,16,16,0.0,0.0,0.09426209664393695,0.952444654436317,1.982155644683675
gap_limited,190,core,continuum,840,224,557,ok,16,15,0.0625,0.0,0.0919094328250299,0.9489736006394027,1.8012133714455785
gap_limited,190,red,continuum,840,224,557,ok,16,16,0.0,0.0,0.09737683871866,0.951087869114225,1.9908525135832895
gap_limited,191,blue,continuum,840,224,557,ok,16,16,0.0,0.0,0.09388089198741015,0.9526553657898023,1.982925701159792
gap_limited,191,core,continuum,840,224,557,ok,16,15,0.0625,0.0,0.09591739928147079,0.9466110883287608,1.7965790325923054
gap_limited,191,red,continuum,840,224,557,ok,16,16,0.0,0.0,0.09128325066052881,0.954150416347058,1.9909286712720555
gap_limited,192,blue,continuum,840,224,557,ok,16,16,0.0,0.0,0.08698756676942566,0.9561338556537107,1.9830228543162147
gap_limited,192,core,continuum,840,224,557,ok,16,15,0.0625,0.0,0.09799686404938292,0.9453321663305504,1.7925872944211283
gap_limited,192,red,continuum,840,224,557,ok,16,16,0.0,0.0,0.08809701701283475,0.955752108307676,1.990987901195697
gap_limited,193,blue,continuum,840,224,557,ok,16,16,0.0,0.0,0.08150356233828882,0.9589006519432604,1.9830865011719694
gap_limited,193,core,continuum,840,224,557,ok,16,16,0.0,0.0,0.08776911189432615,0.9508967462347457,1.787439836755423
gap_limited,193,red,continuum,840,224,557,ok,16,16,0.0,0.0,0.08951646520692133,0.9550505090366999,1.9914900767176387
gap_limited,194,blue,continuum,840,224,557,ok,16,16,0.0,0.0,0.0763703035029266,0.9614897572521118,1.9831166477680706
gap_limited,194,core,continuum,840,224,557,ok,16,16,0.0,0.0,0.08549980668476914,0.9520242932999115,1.7821479362306354
gap_limited,194,red,continuum,840,224,557,ok,16,16,0.0,0.0,0.08838105423596644,0.9556301490909884,1.9919168630340394
gap_limited,195,blue,continuum,840,224,557,ok,16,16,0.0,0.0,0.07037043629918946,0.9645134487739392,1.9830170548528936
gap_limited,195,core,continuum,840,224,557,ok,16,16,0.0,0.0,0.0870304859613913,0.9511232914405552,1.7806126583901012
gap_limited,195,red,continuum,840,224,557,ok,16,16,0.0,0.0,0.08841449039709692,0.9556214579711798,1.9922801956783294
gap_limited,196,blue,continuum,840,224,557,ok,16,16,0.0,0.0,0.062354408418645674,0.9685539830463222,1.982903224611822
gap_limited,196,core,continuum,840,224,557,ok,16,16,0.0,0.0,0.09198125797031158,0.9482965254465947,1.7790150229710928
gap_limited,196,red,continuum,840,224,557,ok,16,16,0.0,0.0,0.09043663024032043,0.9546130501121245,1.9925690195912298
gap_limited,197,blue,continuum,840,224,557,ok,16,16,0.0,0.0,0.05592706999784981,0.9717843237648089,1.9821275780056142
gap_limited,197,core,continuum,840,224,557,ok,16,16,0.0,0.0,0.0917052507159663,0.948403519516934,1.7773547702747692
gap_limited,197,red,continuum,840,224,557,ok,16,16,0.0,0.0,0.09417781364149304,0.9527419703034018,1.9928425760897155
gap_limited,198,blue,continuum,840,224,557,ok,16,16,0.0,0.0,0.054947868606426906,0.9722668618144735,1.9813072808003864
gap_limited,198,core,continuum,840,224,557,ok,16,16,0.0,0.0,0.08996084897552005,0.9493358602475143,1.7756316285051743
gap_limited,198,red,continuum,840,224,557,ok,16,16,0.0,0.0,0.09342355288858568,0.9531283041350881,1.9931762903958108
gap_limited,199,blue,continuum,840,224,557,ok,16,16,0.0,0.0,0.05117797111621444,0.9741656087521474,1.9810016278385723
gap_limited,199,core,continuum,840,224,557,ok,16,16,0.0,0.0,0.0899520445109264,0.9492294161983003,1.7717354770286282
gap_limited,199,red,continuum,840,224,557,ok,16,16,0.0,0.0,0.09124709837157693,0.9542260266059215,1.9934275223610152
gap_limited,200,blue,continuum,840,224,557,ok,16,16,0.0,0.0,0.04892307818705206,0.9753015697056675,1.9808173071743043
gap_limited,200,core,continuum,840,224,557,ok,16,16,0.0,0.0,0.0839266729709445,0.9524360493600659,1.764501725398743
gap_limited,200,red,continuum,840,224,557,ok,16,16,0.0,0.0,0.09020403880445488,0.9547563346005107,1.9937385268849834
within_season,0,blue,continuum,1363,224,557,ok,16,16,0.0,0.0,0.12712176302151437,0.9362505354070397,1.9940836183203348
within_season,0,core,continuum,1363,224,557,ok,16,16,0.0,0.0,0.048020832976419875,0.975676213053983,1.9742334153392707
within_season,0,red,continuum,1363,224,557,ok,16,16,0.0,0.0,0.1975287945343675,0.9009905544527822,1.9950500019734536
within_season,1,blue,continuum,1356,224,557,ok,16,16,0.0,0.0,0.12703428588907614,0.9362969166779487,1.9941622801341263
within_season,1,core,continuum,1356,224,557,ok,16,16,0.0,0.0,0.04544622556751715,0.9769716191728894,1.9734876676181612
within_season,1,red,continuum,1356,224,557,ok,16,16,0.0,0.0,0.19487624104497908,0.9023264513396525,1.9951792856697232
within_season,2,blue,continuum,1350,224,557,ok,16,16,0.0,0.0,0.12823758561185694,0.9356907672877711,1.9940773696631517
within_season,2,core,continuum,1350,224,557,ok,16,16,0.0,0.0,0.04417535373810945,0.9776055010442053,1.9725984414881874
within_season,2,red,continuum,1350,224,557,ok,16,16,0.0,0.0,0.1931762249380886,0.9031811202903696,1.9952330115515033
within_season,3,blue,continuum,1344,224,557,ok,16,16,0.0,0.0,0.13239439739391268,0.9336029708985782,1.99398074259738
within_season,3,core,continuum,1344,224,557,ok,16,16,0.0,0.0,0.045327906366756925,0.9770104819708774,1.9716771055981486
within_season,3,red,continuum,1344,224,557,ok,16,16,0.0,0.0,0.1922920688139782,0.9036267488877675,1.9952846520663956
within_season,4,blue,continuum,1338,224,557,ok,16,16,0.0,0.0,0.13765198696920095,0.9309622483730919,1.9938654392034107
within_season,4,core,continuum,1338,224,557,ok,16,16,0.0,0.0,0.043637450775433934,0.9778621181518995,1.971166486245302
within_season,4,red,continuum,1338,224,557,ok,16,16,0.0,0.0,0.19560673652071678,0.9019679299824079,1.9953341440776955
within_season,5,blue,continuum,1332,224,557,ok,16,16,0.0,0.0,0.1464856679638294,0.9265268623616838,1.9937309426600192
within_season,5,core,continuum,1332,224,557,ok,16,16,0.0,0.0,0.04349453627534697,0.9779236591732701,1.9701877506205228
within_season,5,red,continuum,1332,224,557,ok,16,16,0.0,0.0,0.20244634427282726,0.8985522386014946,1.9955723170428652
within_season,6,blue,continuum,1326,224,557,ok,16,16,0.0,0.0,0.14893722920076918,0.9252958067009885,1.9936930261013879
within_season,6,core,continuum,1326,224,557,ok,16,16,0.0,0.0,0.0460839240229824,0.9766027472597677,1.969629705445705
within_season,6,red,continuum,1326,224,557,ok,16,16,0.0,0.0,0.2087145305703147,0.8954234280706728,1.9958058169220136
within_season,7,blue,continuum,1320,224,557,ok,16,16,0.0,0.0,0.15285306319368114,0.9233253093698066,1.993526963556993
within_season,7,core,continuum,1320,224,557,ok,16,16,0.0,0.0,0.04299126811312488,0.9781642829130449,1.9688507568550797
within_season,7,red,continuum,1320,224,557,ok,16,16,0.0,0.0,0.20958136110089798,0.894991554225584,1.9958524245862121
within_season,8,blue,continuum,1314,224,557,ok,16,16,0.0,0.0,0.14883198031500078,0.9253353858826002,1.993340246572266
within_season,8,core,continuum,1314,224,557,ok,16,16,0.0,0.0,0.04317932044198997,0.9780647282870973,1.9684880591924143
within_season,8,red,continuum,1314,224,557,ok,16,16,0.0,0.0,0.21259574062307982,0.8934835939926506,1.9958966753761045
within_season,9,blue,continuum,1308,224,557,ok,16,16,0.0,0.0,0.14368651001039573,0.9279091959085383,1.993132297818462
within_season,9,core,continuum,1308,224,557,ok,16,16,0.0,0.0,0.04117735041749386,0.9790774573551378,1.968085386008547
within_season,9,red,continuum,1308,224,557,ok,16,16,0.0,0.0,0.21125801320945023,0.8941560506866736,1.995938497949183
within_season,10,blue,continuum,1302,224,557,ok,16,16,0.0,0.0,0.13896265624116005,0.9302712226570092,1.9929025222629793
within_season,10,core,continuum,1302,224,557,ok,16,16,0.0,0.0,0.0382905000931696,0.9805353565579712,1.9671821992121008
within_season,10,red,continuum,1302,224,557,ok,16,16,0.0,0.0,0.20739361343757734,0.8960942293680584,1.9959778189049155
within_season,11,blue,continuum,1296,224,557,ok,16,16,0.0,0.0,0.13556263152429515,0.9319686795617665,1.9926503065213086
within_season,11,core,continuum,1296,224,557,ok,16,16,0.0,0.0,0.03310456039435928,0.9831634406536908,1.9662307311984235
within_season,11,red,continuum,1296,224,557,ok,16,16,0.0,0.0,0.2068499110158005,0.8963646568541703,1.9959398477094172
within_season,12,blue,continuum,1290,224,557,ok,16,16,0.0,0.0,0.13163454880386882,0.9339362158778235,1.9925372207021579
within_season,12,core,continuum,1290,224,557,ok,16,16,0.0,0.0,0.03075822318944211,0.984346481824614,1.964939947992471
within_season,12,red,continuum,1290,224,557,ok,16,16,0.0,0.0,0.20759267563161007,0.8959899666611422,1.9958908671366995
within_season,13,blue,continuum,1283,224,557,ok,16,16,0.0,0.0,0.12569103090360195,0.9369207990944456,1.99259072878544
within_season,13,core,continuum,1283,224,557,ok,16,16,0.0,0.0,0.02710078250185952,0.9861973200752912,1.9634435232642828
within_season,13,red,continuum,1283,224,557,ok,16,16,0.0,0.0,0.20603842229047636,0.896761008616983,1.9957423017246767
within_season,14,blue,continuum,1276,224,557,ok,16,16,0.0,0.0,0.11614204551818288,0.941709314617532,1.9924631998428137
within_season,14,core,continuum,1276,224,557,ok,16,16,0.0,0.0,0.02330838211135216,0.9881256764903701,1.9629229481956822
within_season,14,red,continuum,1276,224,557,ok,16,16,0.0,0.0,0.2015749844156495,0.8989889444178691,1.995573487020451
within_season,15,blue,continuum,1269,224,557,ok,16,16,0.0,0.0,0.10805841619674457,0.9457622045214171,1.9923084123028938
within_season,15,core,continuum,1269,224,557,ok,16,16,0.0,0.0,0.0218756504407676,0.9888525118092445,1.9623838183483187
within_season,15,red,continuum,1269,224,557,ok,16,16,0.0,0.0,0.19911166174728778,0.9002035659071095,1.9951781199111256
within_season,16,blue,continuum,1262,224,557,ok,16,16,0.0,0.0,0.1018269478751288,0.948885274133134,1.992125481418962
within_season,16,core,continuum,1262,224,557,ok,16,16,0.0,0.0,0.020501719652657194,0.9895496727068861,1.9618256038896111
within_season,16,red,continuum,1262,224,557,ok,16,16,0.0,0.0,0.19723514512367735,0.9011228406526661,1.9947493073787985
within_season,17,blue,continuum,1255,224,557,ok,16,16,0.0,0.0,0.09577881545297197,0.9519161771557278,1.9919134916366454
within_season,17,core,continuum,1255,224,557,ok,16,16,0.0,0.0,0.018022335799526102,0.990811813731769,1.961468267338009
within_season,17,red,continuum,1255,224,557,ok,16,16,0.0,0.0,0.1888464221972154,0.9053062489066531,1.9942860011011188
within_season,18,blue,continuum,1248,224,557,ok,16,16,0.0,0.0,0.08911151814317789,0.9552579236325869,1.9916714953372234
within_season,18,core,continuum,1248,224,557,ok,16,16,0.0,0.0,0.015787278376264677,0.9919466881891793,1.960346096999792
within_season,18,red,continuum,1248,224,557,ok,16,16,0.0,0.0,0.18655934285786333,0.9064406799441522,1.9940220038634495
within_season,19,blue,continuum,1241,224,557,ok,16,16,0.0,0.0,0.08513548026545452,0.9572483961532842,1.9913985115202777
within_season,19,core,continuum,1241,224,557,ok,16,16,0.0,0.0,0.014585912477466094,0.9925551204379633,1.9591871642683625
within_season,19,red,continuum,1241,224,557,ok,16,16,0.0,0.0,0.1826308253722134,0.9083976110666002,1.9937343064818593
within_season,20,blue,continuum,1234,224,557,ok,16,16,0.0,0.0,0.07811367324907925,0.9607735683308504,1.9913530220622442
within_season,20,core,continuum,1234,224,557,ok,16,16,0.0,0.0,0.014146439323116197,0.9927750207084061,1.957990293422045
within_season,20,red,continuum,1234,224,557,ok,16,16,0.0,0.0,0.1821373567452494,0.9086308163805111,1.9934221750712886
within_season,21,blue,continuum,1228,224,557,ok,16,16,0.0,0.0,0.0739472197146791,0.9628643217170505,1.9912715516127042
within_season,21,core,continuum,1228,224,557,ok,16,16,0.0,0.0,0.013674056136700478,0.9930150160638394,1.9576360177309906
within_season,21,red,continuum,1228,224,557,ok,16,16,0.0,0.0,0.1773387931406851,0.911016689092081,1.9929444221759463
within_season,22,blue,continuum,1222,224,557,ok,16,16,0.0,0.0,0.06840420132335052,0.9656462324514292,1.9911702909044173
within_season,22,core,continuum,1222,224,557,ok,16,16,0.0,0.0,0.012290965048982779,0.9937221625750754,1.9578342376603266
within_season,22,red,continuum,1222,224,557,ok,16,16,0.0,0.0,0.1700270425904849,0.9146708362939708,1.9926017694987799
within_season,23,blue,continuum,1216,224,557,ok,16,16,0.0,0.0,0.06666797779119879,0.966516148728249,1.9910486774693075
within_season,23,core,continuum,1216,224,557,ok,16,16,0.0,0.0,0.009787297935595208,0.9950005136817797,1.9576607100465413
within_season,23,red,continuum,1216,224,557,ok,16,16,0.0,0.0,0.1623526388698317,0.9185074830682438,1.992239839711784
within_season,24,blue,continuum,1210,224,557,ok,16,16,0.0,0.0,0.06950615387088868,0.9650881813267385,1.9909061318573609
within_season,24,core,continuum,1210,224,557,ok,16,16,0.0,0.0,0.008278428384781142,0.9957708635877767,1.9574749021701523
within_season,24,red,continuum,1210,224,557,ok,16,16,0.0,0.0,0.15345349388103413,0.9229596230848365,1.991858036338742
within_season,25,blue,continuum,1204,224,557,ok,16,16,0.0,0.0,0.0768341676354719,0.9614042575914427,1.9907420570419314
within_season,25,core,continuum,1204,224,557,ok,16,16,0.0,0.0,0.00725638355383819,0.9962926118301761,1.9572764494695443
within_season,25,red,continuum,1204,224,557,ok,16,16,0.0,0.0,0.14958008521194052,0.9248951182775671,1.9916160145854116
within_season,26,blue,continuum,1198,224,557,ok,16,16,0.0,0.0,0.08382655928107044,0.957887863435327,1.9905558378007067
within_season,26,core,continuum,1198,224,557,ok,16,16,0.0,0.0,0.006038458671918559,0.9969145333716647,1.95706497567162
within_season,26,red,continuum,1198,224,557,ok,16,16,0.0,0.0,0.14521920467665833,0.9270749035751759,1.9913474482184543
within_season,27,blue,continuum,1192,224,557,ok,16,16,0.0,0.0,0.08733557005555825,0.9561204267028981,1.9903468400711746
within_season,27,core,continuum,1192,224,557,ok,16,16,0.0,0.0,0.00617472143136362,0.9968445447047575,1.9568400923547196
within_season,27,red,continuum,1192,224,557,ok,16,16,0.0,0.0,0.14675460597503412,0.9262929140528876,1.9910515263123552
within_season,28,blue,continuum,1186,224,557,ok,16,16,0.0,0.0,0.08662730301258198,0.9564711945377947,1.9901144102793658
within_season,28,core,continuum,1186,224,557,ok,16,16,0.0,0.0,0.0062240641074927565,0.9968189411945181,1.9566013984924546
within_season,28,red,continuum,1186,224,557,ok,16,16,0.0,0.0,0.1484886955949541,0.9254006976334993,1.99048370272205
within_season,29,blue,continuum,1180,224,557,ok,16,16,0.0,0.0,0.08609279542494253,0.9567341986972346,1.9898578746405862
within_season,29,core,continuum,1180,224,557,ok,16,16,0.0,0.0,0.007760564243840652,0.9960331381023028,1.9563484799774917
within_season,29,red,continuum,1180,224,557,ok,16,16,0.0,0.0,0.14915709173238573,0.9250423009824584,1.9898835434833715
within_season,30,blue,continuum,1174,224,557,ok,16,16,0.0,0.0,0.08871501944430149,0.9554100997218872,1.98957653843078
within_season,30,core,continuum,1174,224,557,ok,16,16,0.0,0.0,0.009938680021468466,0.9949190854145609,1.956080909124252
within_season,30,red,continuum,1174,224,557,ok,16,16,0.0,0.0,0.14529377149101633,0.9269605306432247,1.9892500968387516
within_season,31,blue,continuum,1168,224,557,ok,16,16,0.0,0.0,0.0861151070319141,0.9567107059388466,1.9892934015108215
within_season,31,core,continuum,1168,224,557,ok,16,16,0.0,0.0,0.014313030969449518,0.9926817446470947,1.9557982441494461
within_season,31,red,continuum,1168,224,557,ok,16,16,0.0,0.0,0.14102735223115004,0.929076622499432,1.9884466476518345
within_season,32,blue,continuum,1162,224,557,ok,16,16,0.0,0.0,0.08264102997187123,0.958450637986561,1.9889843301358368
within_season,32,core,continuum,1162,224,557,ok,16,16,0.0,0.0,0.01846509618812075,0.9905598791691943,1.9560232881621662
within_season,32,red,continuum,1162,224,557,ok,16,16,0.0,0.0,0.13351585904726945,0.9328257612714393,1.9876050934761413
within_season,33,blue,continuum,1157,224,557,ok,16,16,0.0,0.0,0.08061058589113375,0.9594630269505765,1.9885694423422229
within_season,33,core,continuum,1157,224,557,ok,16,16,0.0,0.0,0.023123930135148667,0.9881823472506677,1.956727839752705
within_season,33,red,continuum,1157,224,557,ok,16,16,0.0,0.0,0.12838311847684164,0.9353777875866909,1.9866716672547846
within_season,34,blue,continuum,1151,224,557,ok,16,16,0.0,0.0,0.08096449577605297,0.959277480924353,1.9881995911316697
within_season,34,core,continuum,1151,224,557,ok,16,16,0.0,0.0,0.03023003306255643,0.9845519269436728,1.9568805088071963
within_season,34,red,continuum,1151,224,557,ok,16,16,0.0,0.0,0.12352203174459091,0.9378002881439053,1.9858939544667271
within_season,35,blue,continuum,1147,224,557,ok,16,16,0.0,0.0,0.07748470764989042,0.9610251519520037,1.9880695251068166
within_season,35,core,continuum,1147,224,557,ok,16,16,0.0,0.0,0.03495553965531692,0.982150080802349,1.958302402843205
within_season,35,red,continuum,1147,224,557,ok,16,16,0.0,0.0,0.12055232336215485,0.9392614955026128,1.9847759565324934
within_season,36,blue,continuum,1142,224,557,ok,16,16,0.0,0.0,0.06969808050210197,0.9649411082349684,1.9880286282072417
within_season,36,core,continuum,1142,224,557,ok,16,16,0.0,0.0,0.04107037790695901,0.9790463751546222,1.9600607632344316
within_season,36,red,continuum,1142,224,557,ok,16,16,0.0,0.0,0.11828298507380215,0.9403754215345335,1.9837957452782593
within_season,37,blue,continuum,1137,224,557,ok,16,16,0.0,0.0,0.06390472457486894,0.9678552592846911,1.9880304881238098
within_season,37,core,continuum,1137,224,557,ok,16,16,0.0,0.0,0.04882814124076347,0.9751057901858244,1.961425632918026
within_season,37,red,continuum,1137,224,557,ok,16,16,0.0,0.0,0.1183571193518642,0.9403063583348246,1.9827424839606032
within_season,38,blue,continuum,1132,224,557,ok,16,16,0.0,0.0,0.05665332825394109,0.971508136312873,1.9884037378550943
within_season,38,core,continuum,1132,224,557,ok,16,16,0.0,0.0,0.05215039018637131,0.9734242204255277,1.962327766913936
within_season,38,red,continuum,1132,224,557,ok,16,16,0.0,0.0,0.1174295146101776,0.9407404779973167,1.9816142729747352
within_season,39,blue,continuum,1127,224,557,ok,16,16,0.0,0.0,0.05263232656663257,0.9735352424571437,1.98877040461834
within_season,39,core,continuum,1127,224,557,ok,16,16,0.0,0.0,0.055313665536644456,0.9718251252969408,1.9632266733962935
within_season,39,red,continuum,1127,224,557,ok,16,16,0.0,0.0,0.11333687854681385,0.9427802128660797,1.980728769255191
within_season,40,blue,continuum,1122,224,557,ok,16,16,0.0,0.0,0.04689438930271443,0.9764198944835505,1.9887268642627949
within_season,40,core,continuum,1122,224,557,ok,16,16,0.0,0.0,0.062125890788654256,0.968356587162329,1.9633119571316977
within_season,40,red,continuum,1122,224,557,ok,16,16,0.0,0.0,0.10822107731120685,0.9453276988080747,1.9794498302037842
within_season,41,blue,continuum,1117,224,557,ok,16,16,0.0,0.0,0.04444594688671149,0.9776505247006531,1.98867965763877
within_season,41,core,continuum,1117,224,557,ok,16,16,0.0,0.0,0.06669238501233496,0.966039918229602,1.9638464201363863
within_season,41,red,continuum,1117,224,557,ok,16,16,0.0,0.0,0.10442832178755398,0.9471976780955839,1.9777221535180254
within_season,42,blue,continuum,1112,224,557,ok,16,16,0.0,0.0,0.04345767095091782,0.9781469153892741,1.9886286867524412
within_season,42,core,continuum,1112,224,557,ok,16,16,0.0,0.0,0.06930781386613576,0.9647242794177239,1.964745516806214
within_season,42,red,continuum,1112,224,557,ok,16,16,0.0,0.0,0.09885456938194412,0.9499695484634884,1.9758880111206112
within_season,43,blue,continuum,1107,224,557,ok,16,16,0.0,0.0,0.03768996092308496,0.9810467381400367,1.9885738508525994
within_season,43,core,continuum,1107,224,557,ok,16,16,0.0,0.0,0.07428109681780144,0.9622102392761382,1.9656408348438639
within_season,43,red,continuum,1107,224,557,ok,16,16,0.0,0.0,0.09496374296702417,0.9519011790793106,1.974346587905154
within_season,44,blue,continuum,1102,224,557,ok,16,16,0.0,0.0,0.0332383460957446,0.9832812459709831,1.9880875116684238
within_season,44,core,continuum,1102,224,557,ok,16,16,0.0,0.0,0.07122438497879956,0.9637973666571984,1.9673813311970434
within_season,44,red,continuum,1102,224,557,ok,16,16,0.0,0.0,0.09395953707074246,0.9523704974748879,1.9727171624604611
within_season,45,blue,continuum,1097,224,557,ok,16,16,0.0,0.0,0.03029531858892889,0.9847610670560525,1.9880209920446759
within_season,45,core,continuum,1097,224,557,ok,16,16,0.0,0.0,0.07181752586264323,0.9635264184836281,1.9690286195340172
within_season,45,red,continuum,1097,224,557,ok,16,16,0.0,0.0,0.09324542745897632,0.9526912467769035,1.970997354744349
within_season,46,blue,continuum,1092,224,557,ok,16,16,0.0,0.0,0.029642182790691383,0.9850923330917639,1.9883851023203927
within_season,46,core,continuum,1092,224,557,ok,16,16,0.0,0.0,0.07291319841017962,0.962992846214695,1.9702460457559534
within_season,46,red,continuum,1092,224,557,ok,16,16,0.0,0.0,0.09336138191547017,0.9525888142286763,1.9691847060264633
within_season,47,blue,continuum,1087,224,557,ok,16,16,0.0,0.0,0.028303983080761246,0.9857648305176367,1.988313740544411
within_season,47,core,continuum,1087,224,557,ok,16,16,0.0,0.0,0.07487068844351613,0.9620300884023814,1.9718425799077117
within_season,47,red,continuum,1087,224,557,ok,16,16,0.0,0.0,0.09110037450420402,0.9536921391706815,1.9672766755515174
within_season,48,blue,continuum,1082,224,557,ok,16,16,0.0,0.0,0.02833342936765521,0.9857494132842168,1.9882289713920733
within_season,48,core,continuum,1082,224,557,ok,16,16,0.0,0.0,0.076775923953497,0.9610947466814243,1.9734076353344157
within_season,48,red,continuum,1082,224,557,ok,16,16,0.0,0.0,0.09115699848875343,0.953616058383191,1.9652706370197575
within_season,49,blue,continuum,1077,224,557,ok,16,16,0.0,0.0,0.02883587258558981,0.9854959857065904,1.9881304583857435
within_season,49,core,continuum,1077,224,557,ok,16,16,0.0,0.0,0.07738972824794829,0.9608141413265167,1.974940217408508
within_season,49,red,continuum,1077,224,557,ok,16,16,0.0,0.0,0.09279632445670365,0.9527204580971301,1.9627162345892124
within_season,50,blue,continuum,1072,224,557,ok,16,16,0.0,0.0,0.03130264224445952,0.9842543455287363,1.988017856075
within_season,50,core,continuum,1072,224,557,ok,16,16,0.0,0.0,0.0769162856211158,0.9610905285255993,1.9768010899793516
within_season,50,red,continuum,1072,224,557,ok,16,16,0.0,0.0,0.09150820379419355,0.9533128336602295,1.960029082258567
within_season,51,blue,continuum,1067,224,557,ok,16,16,0.0,0.0,0.03451522543592707,0.9826384301930636,1.9880244597546368
within_season,51,core,continuum,1067,224,557,ok,16,16,0.0,0.0,0.08030712083008135,0.9593978633644551,1.9779038120810823
within_season,51,red,continuum,1067,224,557,ok,16,16,0.0,0.0,0.09228154545295926,0.9528382148006911,1.9567017037835015
within_season,52,blue,continuum,1063,224,557,ok,16,16,0.0,0.0,0.041651968183518726,0.9790439855697642,1.9875901652092007
within_season,52,core,continuum,1063,224,557,ok,16,16,0.0,0.0,0.08188722716549347,0.9586287613164973,1.9793274209637581
within_season,52,red,continuum,1063,224,557,ok,16,16,0.0,0.0,0.09161874611368387,0.9531202309732889,1.9543344179337014
within_season,53,blue,continuum,1059,224,557,ok,16,16,0.0,0.0,0.04578837016921722,0.9769676827917754,1.9880053646042404
within_season,53,core,continuum,1059,224,557,ok,16,16,0.0,0.0,0.07876463148573658,0.9602340429366978,1.9807050377375215
within_season,53,red,continuum,1059,224,557,ok,16,16,0.0,0.0,0.08915578284564173,0.9543102139834704,1.9513285269794651
within_season,54,blue,continuum,1055,224,557,ok,16,16,0.0,0.0,0.05353948920730608,0.973068412632407,1.9879811938501062
within_season,54,core,continuum,1055,224,557,ok,16,16,0.0,0.0,0.07789650658087055,0.9606918300805207,1.9816874390346189
within_season,54,red,continuum,1055,224,557,ok,16,16,0.0,0.0,0.08732087989750187,0.9551803230916458,1.9482710702277657
within_season,55,blue,continuum,1050,224,557,ok,16,16,0.0,0.0,0.05751413501779609,0.9710636014907192,1.9876051609998981
within_season,55,core,continuum,1050,224,557,ok,16,16,0.0,0.0,0.0741628759894584,0.9625941470738202,1.9826543224617348
within_season,55,red,continuum,1050,224,557,ok,16,16,0.0,0.0,0.08128715350729515,0.9582152938485415,1.945380523023203
within_season,56,blue,continuum,1046,224,557,ok,16,16,0.0,0.0,0.056014263206397866,0.9718183662032255,1.987615892333708
within_season,56,core,continuum,1046,224,557,ok,16,16,0.0,0.0,0.07203930951191703,0.9636815774613041,1.9835473150069218
within_season,56,red,continuum,1046,224,557,ok,16,16,0.0,0.0,0.0740025499711951,0.9619006263268486,1.9423560766654955
within_season,57,blue,continuum,1042,224,557,ok,16,16,0.0,0.0,0.058367697781011064,0.9706343358642152,1.9876171542084995
within_season,57,core,continuum,1042,224,557,ok,16,16,0.0,0.0,0.07099215197979157,0.964231194939902,1.9847504511406475
within_season,57,red,continuum,1042,224,557,ok,16,16,0.0,0.0,0.0674352651821376,0.9652248338056338,1.9391788037827586
within_season,58,blue,continuum,1038,224,557,ok,16,16,0.0,0.0,0.05982624455009472,0.9699003916208726,1.987608735520335
within_season,58,core,continuum,1038,224,557,ok,16,16,0.0,0.0,0.07025117934346997,0.9646250361939961,1.9859010945912754
within_season,58,red,continuum,1038,224,557,ok,16,16,0.0,0.0,0.06203350546014169,0.9679572365866584,1.9359599126932001
within_season,59,blue,continuum,1035,224,557,ok,16,16,0.0,0.0,0.059454338636944486,0.9700864668907865,1.98753983422414
within_season,59,core,continuum,1035,224,557,ok,16,16,0.0,0.0,0.06893579279692891,0.965311443516413,1.987277643840438
within_season,59,red,continuum,1035,224,557,ok,16,16,0.0,0.0,0.057661044015652876,0.9701770622753942,1.9334461463224346
within_season,60,blue,continuum,1032,224,557,ok,16,16,0.0,0.0,0.053735641282876716,0.972962463959615,1.9874459419162247
within_season,60,core,continuum,1032,224,557,ok,16,16,0.0,0.0,0.06469201388020991,0.9674680624188307,1.9885693472391228
within_season,60,red,continuum,1032,224,557,ok,16,16,0.0,0.0,0.053205283713552036,0.9724501696802652,1.9312381635773468
within_season,61,blue,continuum,1029,224,557,ok,16,16,0.0,0.0,0.045830469539459094,0.9769386334512034,1.9873267025388173
within_season,61,core,continuum,1029,224,557,ok,16,16,0.0,0.0,0.059500638553046895,0.9700967967947862,1.9897747456925512
within_season,61,red,continuum,1029,224,557,ok,16,16,0.0,0.0,0.0545305034833857,0.9717302228575214,1.9289329098193488
within_season,62,blue,continuum,1026,224,557,ok,16,16,0.0,0.0,0.04100087282761896,0.9793673262367727,1.9871817534716754
within_season,62,core,continuum,1026,224,557,ok,16,16,0.0,0.0,0.05527423344891631,0.9722349301642422,1.9907831594117016
within_season,62,red,continuum,1026,224,557,ok,16,16,0.0,0.0,0.05271993221940802,0.9726466500670642,1.9273665693110804
within_season,63,blue,continuum,1023,224,557,ok,16,16,0.0,0.0,0.03324308894575156,0.9832695830379145,1.9869850835808163
within_season,63,core,continuum,1023,224,557,ok,16,16,0.0,0.0,0.0514705896445851,0.9741578492514016,1.9917301057992112
within_season,63,red,continuum,1023,224,557,ok,16,16,0.0,0.0,0.04836833469185464,0.9748813978537519,1.925598184574112
within_season,64,blue,continuum,1020,224,557,ok,16,16,0.0,0.0,0.028926163885464547,0.9854407729672294,1.9867925557006667
within_season,64,core,continuum,1020,224,557,ok,16,16,0.0,0.0,0.04615770623457528,0.976832471640168,1.9923448681130629
within_season,64,red,continuum,1020,224,557,ok,16,16,0.0,0.0,0.04539304614473809,0.9764163496989041,1.9247676065917907
within_season,65,blue,continuum,1018,224,557,ok,16,16,0.0,0.0,0.02800543506976305,0.9859053310110434,1.986952307408269
within_season,65,core,continuum,1018,224,557,ok,16,16,0.0,0.0,0.038698752764052075,0.9805803015989393,1.9927576610529847
within_season,65,red,continuum,1018,224,557,ok,16,16,0.0,0.0,0.043324289540497586,0.9774944994482947,1.9250533637748788
within_season,66,blue,continuum,1016,224,557,ok,16,16,0.0,0.0,0.02605745691324101,0.98688660591321,1.987087152325448
within_season,66,core,continuum,1016,224,557,ok,16,16,0.0,0.0,0.03367760383439303,0.9831032889296308,1.9931455118180743
within_season,66,red,continuum,1016,224,557,ok,16,16,0.0,0.0,0.038600983664653546,0.9799490627539148,1.9251461011973443
within_season,67,blue,continuum,1014,224,557,ok,16,16,0.0,0.0,0.02601879188292568,0.9869067865448433,1.9871968002383928
within_season,67,core,continuum,1014,224,557,ok,16,16,0.0,0.0,0.028015108678344718,0.9859468301059693,1.9935081472433098
within_season,67,red,continuum,1014,224,557,ok,16,16,0.0,0.0,0.03384265826282674,0.9824213379259226,1.925212403549934
within_season,68,blue,continuum,1013,224,557,ok,16,16,0.0,0.0,0.02349845875131841,0.9881751479305813,1.9872095323788228
within_season,68,core,continuum,1013,224,557,ok,16,16,0.0,0.0,0.024688672895417485,0.9876177709095607,1.993879511927335
within_season,68,red,continuum,1013,224,557,ok,16,16,0.0,0.0,0.029133730653245017,0.9848643838410537,1.9248460285526425
within_season,69,blue,continuum,1012,224,557,ok,16,16,0.0,0.0,0.023132498961669544,0.988359296384964,1.9872079666893834
within_season,69,core,continuum,1012,224,557,ok,16,16,0.0,0.0,0.023338701016391142,0.9882971704404978,1.9942784689572095
within_season,69,red,continuum,1012,224,557,ok,16,16,0.0,0.0,0.025306078142843597,0.9868502386986099,1.9244515214255995
within_season,70,blue,continuum,1011,224,557,ok,16,16,0.0,0.0,0.021001626021715007,0.9894315351014855,1.987197405052373
within_season,70,core,continuum,1011,224,557,ok,16,16,0.0,0.0,0.02414479556550093,0.9878951507616989,1.9946382718344062
within_season,70,red,continuum,1011,224,557,ok,16,16,0.0,0.0,0.02270226032191753,0.9882006639046916,1.9240286180969355
within_season,71,blue,continuum,1010,224,557,ok,16,16,0.0,0.0,0.024231149110231383,0.9878061512396892,1.9871616900071998
within_season,71,core,continuum,1010,224,557,ok,16,16,0.0,0.0,0.024334866096726922,0.9878006664886007,1.994770130186859
within_season,71,red,continuum,1010,224,557,ok,16,16,0.0,0.0,0.019280980275477373,0.9899843964817204,1.9250942032886529
within_season,72,blue,continuum,1009,224,557,ok,16,16,0.0,0.0,0.0255062779823021,0.9871668754044913,1.987534508254425
within_season,72,core,continuum,1009,224,557,ok,16,16,0.0,0.0,0.023635226796631603,0.9881522394527764,1.9949109118490989
within_season,72,red,continuum,1009,224,557,ok,16,16,0.0,0.0,0.018761704445245657,0.9902588126866463,1.926018240048229
within_season,73,blue,continuum,1008,224,557,ok,16,16,0.0,0.0,0.029604792325564268,0.9851072801526087,1.9878700888038257
within_season,73,core,continuum,1008,224,557,ok,16,16,0.0,0.0,0.021847149066636116,0.9890493129969027,1.9950482613973712
within_season,73,red,continuum,1008,224,557,ok,16,16,0.0,0.0,0.018432142265820118,0.9904338021357262,1.926799186817708
within_season,74,blue,continuum,1007,224,557,ok,16,16,0.0,0.0,0.03343519849757347,0.9831871013335529,1.9886635351165722
within_season,74,core,continuum,1007,224,557,ok,16,16,0.0,0.0,0.02245887092874715,0.9887435761629688,1.9952048051764226
within_season,74,red,continuum,1007,224,557,ok,16,16,0.0,0.0,0.020955880872068636,0.9891275833755302,1.927435417155067
within_season,75,blue,continuum,1006,224,557,ok,16,16,0.0,0.0,0.037859890465388096,0.9809692803992432,1.9894092950580053
within_season,75,core,continuum,1006,224,557,ok,16,16,0.0,0.0,0.02189012368206426,0.9890280497200643,1.995098694722907
within_season,75,red,continuum,1006,224,557,ok,16,16,0.0,0.0,0.023744131697216134,0.9876841012854565,1.9279252166289234
within_season,76,blue,continuum,1005,224,557,ok,16,16,0.0,0.0,0.03954417757248402,0.9801295708359041,1.9901018365490044
within_season,76,core,continuum,1005,224,557,ok,16,16,0.0,0.0,0.022117543744105208,0.9889122102554184,1.9947657967552774
within_season,76,red,continuum,1005,224,557,ok,16,16,0.0,0.0,0.024786382258020843,0.9871487295851553,1.9287106611179725
within_season,77,blue,continuum,1004,224,557,ok,16,16,0.0,0.0,0.041703324112654,0.9790513570563865,1.9907410816492899
within_season,77,core,continuum,1004,224,557,ok,16,16,0.0,0.0,0.022220806197730286,0.9888583708922681,1.9943947139929348
within_season,77,red,continuum,1004,224,557,ok,16,16,0.0,0.0,0.031483447652583416,0.9836822560963439,1.9293995443530232
within_season,78,blue,continuum,1003,224,557,ok,16,16,0.0,0.0,0.04472958117842776,0.9775378014559145,1.991326943826939
within_season,78,core,continuum,1003,224,557,ok,16,16,0.0,0.0,0.024253218216514688,0.9878365432258812,1.9939412509871572
within_season,78,red,continuum,1003,224,557,ok,16,16,0.0,0.0,0.037113613971890086,0.9807793840195955,1.9309273963814455
within_season,79,blue,continuum,1002,224,557,ok,16,16,0.0,0.0,0.048114436077181966,0.9758414925569158,1.991614597488538
within_season,79,core,continuum,1002,224,557,ok,16,16,0.0,0.0,0.027620338730364905,0.9861460933015679,1.9936859206284971
within_season,79,red,continuum,1002,224,557,ok,16,16,0.0,0.0,0.04974122794862748,0.9742634350034569,1.932706557977282
within_season,80,blue,continuum,1001,224,557,ok,16,16,0.0,0.0,0.04659747322880248,0.9766063556991723,1.991886028084727
within_season,80,core,continuum,1001,224,557,ok,16,16,0.0,0.0,0.030681207940876146,0.9846103513594598,1.9936262781240064
within_season,80,red,continuum,1001,224,557,ok,16,16,0.0,0.0,0.05795254001325362,0.9700416540197223,1.9344372366687135
within_season,81,blue,continuum,1000,224,557,ok,16,16,0.0,0.0,0.04530263598283433,0.9772612447430363,1.9923094061606808
within_season,81,core,continuum,1000,224,557,ok,16,16,0.0,0.0,0.033793914357238386,0.9830461319643133,1.9932863866879655
within_season,81,red,continuum,1000,224,557,ok,16,16,0.0,0.0,0.059635962573528975,0.9691982048506215,1.9361197061507034
within_season,82,blue,continuum,999,224,557,ok,16,16,0.0,0.0,0.04308117948410299,0.9783800121489732,1.9926551199267644
within_season,82,core,continuum,999,224,557,ok,16,16,0.0,0.0,0.03882862943176586,0.9805165586114416,1.992904059267879
within_season,82,red,continuum,999,224,557,ok,16,16,0.0,0.0,0.06794980237206535,0.9649337354697376,1.9377542285242324
within_season,83,blue,continuum,998,224,557,ok,16,16,0.0,0.0,0.042556783389497255,0.9786460423820756,1.9929225369341081
within_season,83,core,continuum,998,224,557,ok,16,16,0.0,0.0,0.042281773720742995,0.9787768048865169,1.9922435568563985
within_season,83,red,continuum,998,224,557,ok,16,16,0.0,0.0,0.06429669779536135,0.9668461111366086,1.9393410546886942
within_season,84,blue,continuum,997,224,557,ok,16,16,0.0,0.0,0.042077267700558085,0.9788873700214731,1.9929903448008939
within_season,84,core,continuum,997,224,557,ok,16,16,0.0,0.0,0.04358678984339681,0.978113917957023,1.9915300398585147
within_season,84,red,continuum,997,224,557,ok,16,16,0.0,0.0,0.07110246964571351,0.9633713772386194,1.9411723478907437
within_season,85,blue,continuum,996,224,557,ok,16,16,0.0,0.0,0.044633543051354266,0.9776051685185975,1.99302875256818
within_season,85,core,continuum,996,224,557,ok,16,16,0.0,0.0,0.04275146390747987,0.9785297395900245,1.991194475108317
within_season,85,red,continuum,996,224,557,ok,16,16,0.0,0.0,0.06331661771643506,0.9674174105927471,1.94326537173073
within_season,86,blue,continuum,995,224,557,ok,16,16,0.0,0.0,0.04755011455268429,0.9761418866295135,1.9930374969005675
within_season,86,core,continuum,995,224,557,ok,16,16,0.0,0.0,0.04205751238943403,0.9788745125731695,1.9908422248292679
within_season,86,red,continuum,995,224,557,ok,16,16,0.0,0.0,0.06116373120615951,0.9685578573167765,1.9452787242389291
within_season,87,blue,continuum,994,224,557,ok,16,16,0.0,0.0,0.048476292142913234,0.9756759828011117,1.992939395928763
within_season,87,core,continuum,994,224,557,ok,16,16,0.0,0.0,0.04291515867979191,0.9784397204751039,1.9904732046834963
within_season,87,red,continuum,994,224,557,ok,16,16,0.0,0.0,0.05869979872756199,0.9698544423491289,1.9472122362900008
within_season,88,blue,continuum,993,224,557,ok,16,16,0.0,0.0,0.04940608081189724,0.9752109114114362,1.9930575759324303
within_season,88,core,continuum,993,224,557,ok,16,16,0.0,0.0,0.03657020286743348,0.9816224206683639,1.9899357911887599
within_season,88,red,continuum,993,224,557,ok,16,16,0.0,0.0,0.05685793311334145,0.9708281088313845,1.9490657216804623
within_season,89,blue,continuum,992,224,557,ok,16,16,0.0,0.0,0.049770347445275184,0.9750273598445942,1.9929950191710688
within_season,89,core,continuum,992,224,557,ok,16,16,0.0,0.0,0.031972379958556424,0.9839284743925009,1.9893805192730314
within_season,89,red,continuum,992,224,557,ok,16,16,0.0,0.0,0.05903814252839274,0.969745291591511,1.9513704026255851
within_season,90,blue,continuum,991,224,557,ok,16,16,0.0,0.0,0.049982748460775085,0.9749177148954449,1.9927509894901054
within_season,90,core,continuum,991,224,557,ok,16,16,0.0,0.0,0.026812995231012333,0.9865180526481644,1.9888072940265276
within_season,90,red,continuum,991,224,557,ok,16,16,0.0,0.0,0.06099350444336118,0.9687758161111206,1.9534058811729058
within_season,91,blue,continuum,990,224,557,ok,16,16,0.0,0.0,0.05241302573630181,0.9736943796247677,1.992464917712058
within_season,91,core,continuum,990,224,557,ok,16,16,0.0,0.0,0.023214640043177824,0.9883235252057495,1.9881548542894776
within_season,91,red,continuum,990,224,557,ok,16,16,0.0,0.0,0.059804087680947464,0.9694206475814574,1.9557015747882134
within_season,92,blue,continuum,989,224,557,ok,16,16,0.0,0.0,0.056147374201635375,0.9718154981182604,1.9921364740532321
within_season,92,core,continuum,989,224,557,ok,16,16,0.0,0.0,0.021187675267058958,0.9893393651732452,1.9874684398610682
within_season,92,red,continuum,989,224,557,ok,16,16,0.0,0.0,0.0599704398554541,0.9693704567981266,1.957927986721857
within_season,93,blue,continuum,988,224,557,ok,16,16,0.0,0.0,0.061416540961725906,0.9691647704372021,1.9917653227340855
within_season,93,core,continuum,988,224,557,ok,16,16,0.0,0.0,0.022251146602845766,0.9888002151684192,1.98674768644686
within_season,93,red,continuum,988,224,557,ok,16,16,0.0,0.0,0.06174589426430063,0.9684983585670577,1.9600849814680086
within_season,94,blue,continuum,987,224,557,ok,16,16,0.0,0.0,0.06944942716875839,0.9651258468937258,1.9914297834594221
within_season,94,core,continuum,987,224,557,ok,16,16,0.0,0.0,0.02713176986450363,0.9863384309576565,1.9859922224460205
within_season,94,red,continuum,987,224,557,ok,16,16,0.0,0.0,0.05855392737905778,0.9701586226705833,1.962172413581498
within_season,95,blue,continuum,986,224,557,ok,16,16,0.0,0.0,0.07362280981426396,0.9630266149507578,1.9912380139446535
within_season,95,core,continuum,986,224,557,ok,16,16,0.0,0.0,0.030547275702389423,0.9846144638864118,1.9854540964231222
within_season,95,red,continuum,986,224,557,ok,16,16,0.0,0.0,0.054759565565494446,0.9721210463322174,1.9641901277226006
within_season,96,blue,continuum,985,224,557,ok,16,16,0.0,0.0,0.07445575621813932,0.962599691367234,1.9907791924719414
within_season,96,core,continuum,985,224,557,ok,16,16,0.0,0.0,0.03482097815963582,0.982457036786242,1.9848971770246568
within_season,96,red,continuum,985,224,557,ok,16,16,0.0,0.0,0.05613442480325749,0.9714493967450061,1.96613795869405
within_season,97,blue,continuum,983,224,557,ok,16,16,0.0,0.0,0.08000108263522968,0.9598059666393071,1.9903721011851805
within_season,97,core,continuum,983,224,557,ok,16,16,0.0,0.0,0.03434131717268612,0.9826947067722898,1.9844400624022271
within_season,97,red,continuum,983,224,557,ok,16,16,0.0,0.0,0.056511419066510596,0.9712816790880722,1.9677828393873578
within_season,98,blue,continuum,982,224,557,ok,16,16,0.0,0.0,0.07869516277781069,0.9604563050897341,1.990081173658374
within_season,98,core,continuum,982,224,557,ok,16,16,0.0,0.0,0.03444904703859336,0.982632328454478,1.9835155765296388
within_season,98,red,continuum,982,224,557,ok,16,16,0.0,0.0,0.05318472388602526,0.9729958940661786,1.969505082536865
within_season,99,blue,continuum,981,224,557,ok,16,16,0.0,0.0,0.08208721243998428,0.958745209271352,1.9897619401322402
within_season,99,core,continuum,981,224,557,ok,16,16,0.0,0.0,0.03714787391011587,0.9812625497388351,1.9825468989827377
within_season,99,red,continuum,981,224,557,ok,16,16,0.0,0.0,0.05025097510982607,0.9745025370457012,1.970822555949788
within_season,100,blue,continuum,980,224,557,ok,16,16,0.0,0.0,0.08393554459317888,0.9578063323116777,1.9892924505448746
within_season,100,core,continuum,980,224,557,ok,16,16,0.0,0.0,0.04020597467842661,0.9797096686614152,1.9815336678100215
within_season,100,red,continuum,980,224,557,ok,16,16,0.0,0.0,0.04551248430470155,0.9769280353615765,1.9726315039901776
within_season,101,blue,continuum,979,224,557,ok,16,16,0.0,0.0,0.08637753024903724,0.9565708114532993,1.98892802604757
within_season,101,core,continuum,979,224,557,ok,16,16,0.0,0.0,0.04192296120282925,0.9788318709885625,1.9804755148732143
within_season,101,red,continuum,979,224,557,ok,16,16,0.0,0.0,0.04201767199633258,0.9787141722312924,1.9739740663552192
within_season,102,blue,continuum,978,224,557,ok,16,16,0.0,0.0,0.08600289213204518,0.956755451152079,1.988756835792031
within_season,102,core,continuum,978,224,557,ok,16,16,0.0,0.0,0.047590984868080444,0.975956523943786,1.9793720657034715
within_season,102,red,continuum,978,224,557,ok,16,16,0.0,0.0,0.042905274027140866,0.9782780548510945,1.9752040497764922
within_season,103,blue,continuum,977,224,557,ok,16,16,0.0,0.0,0.08789549086934358,0.9557998732163869,1.9885800622167054
within_season,103,core,continuum,977,224,557,ok,16,16,0.0,0.0,0.05095542391399329,0.9742430361558341,1.9783163971608797
within_season,103,red,continuum,977,224,557,ok,16,16,0.0,0.0,0.04268888183430873,0.9784033098933463,1.976640013978665
within_season,104,blue,continuum,976,224,557,ok,16,16,0.0,0.0,0.08625209443058308,0.9566211412945212,1.9883440229765537
within_season,104,core,continuum,976,224,557,ok,16,16,0.0,0.0,0.05431296924461848,0.9725304147845495,1.9772038353920856
within_season,104,red,continuum,976,224,557,ok,16,16,0.0,0.0,0.04329932322574478,0.978109823108484,1.9780252777457632
within_season,105,blue,continuum,975,224,557,ok,16,16,0.0,0.0,0.08345072896679814,0.9580243565233391,1.9880750372105158
within_season,105,core,continuum,975,224,557,ok,16,16,0.0,0.0,0.057232942647251234,0.9710364595916233,1.9760340704307873
within_season,105,red,continuum,975,224,557,ok,16,16,0.0,0.0,0.04451649980425511,0.9775096478816779,1.9793598415024003
within_season,106,blue,continuum,974,224,557,ok,16,16,0.0,0.0,0.08206906720309416,0.958711465762459,1.9876963113036388
within_season,106,core,continuum,974,224,557,ok,16,16,0.0,0.0,0.06282369856189332,0.9681874201168085,1.9748067837493073
within_season,106,red,continuum,974,224,557,ok,16,16,0.0,0.0,0.04288941671065723,0.978345718232467,1.9806436976802744
within_season,107,blue,continuum,973,224,557,ok,16,16,0.0,0.0,0.08066342393155487,0.9594102212428506,1.9872841489028072
within_season,107,core,continuum,973,224,557,ok,16,16,0.0,0.0,0.06794638709526808,0.9655910616466653,1.9746725806401737
within_season,107,red,continuum,973,224,557,ok,16,16,0.0,0.0,0.04361622053518759,0.977996445036909,1.9822351710144073
within_season,108,blue,continuum,972,224,557,ok,16,16,0.0,0.0,0.07780554684699334,0.960839515491384,1.9868382075271516
within_season,108,core,continuum,972,224,557,ok,16,16,0.0,0.0,0.07387680135513974,0.9625843878494991,1.9744913181689234
within_season,108,red,continuum,972,224,557,ok,16,16,0.0,0.0,0.04651452887696675,0.9765540860167942,1.98390768260452
within_season,109,blue,continuum,971,224,557,ok,16,16,0.0,0.0,0.07419663983167969,0.9626468971458052,1.9863581379383946
within_season,109,core,continuum,971,224,557,ok,16,16,0.0,0.0,0.07530943173098265,0.9618453161208335,1.9737925747067613
within_season,109,red,continuum,971,224,557,ok,16,16,0.0,0.0,0.04916669399245932,0.9752352805809571,1.9853523539076512
within_season,110,blue,continuum,970,224,557,ok,16,16,0.0,0.0,0.06543166553366489,0.9670483043273409,1.9856843236129844
within_season,110,core,continuum,970,224,557,ok,16,16,0.0,0.0,0.07447682794480512,0.9622527461546221,1.973039634879946
within_season,110,red,continuum,970,224,557,ok,16,16,0.0,0.0,0.04953078157607871,0.9750691012263871,1.9867226619403993
within_season,111,blue,continuum,969,224,557,ok,16,16,0.0,0.0,0.06116629367404837,0.9691891803870697,1.985221245084268
within_season,111,core,continuum,969,224,557,ok,16,16,0.0,0.0,0.0728242476525807,0.9630752158258743,1.9722321817553343
within_season,111,red,continuum,969,224,557,ok,16,16,0.0,0.0,0.05110511961154143,0.9742934368862096,1.9880183665674849
within_season,112,blue,continuum,968,224,557,ok,16,16,0.0,0.0,0.059957147692002936,0.969787373083373,1.9845062747260398
within_season,112,core,continuum,968,224,557,ok,16,16,0.0,0.0,0.07084715934983907,0.964061965376267,1.971369889633659
within_season,112,red,continuum,968,224,557,ok,16,16,0.0,0.0,0.0500190943592685,0.9748584585275931,1.989499904537076
within_season,113,blue,continuum,967,224,557,ok,16,16,0.0,0.0,0.0587177087214358,0.9703998690881498,1.983697602429475
within_season,113,core,continuum,967,224,557,ok,16,16,0.0,0.0,0.07578815423534035,0.961527495879141,1.9699303689007732
within_season,113,red,continuum,967,224,557,ok,16,16,0.0,0.0,0.049040913100516316,0.9753669300825696,1.990856733038165
within_season,114,blue,continuum,966,224,557,ok,16,16,0.0,0.0,0.05573343166491946,0.97189635597594,1.9831389700639974
within_season,114,core,continuum,966,224,557,ok,16,16,0.0,0.0,0.0722240958503648,0.9633094058116513,1.9684635108280641
within_season,114,red,continuum,966,224,557,ok,16,16,0.0,0.0,0.04689667406732695,0.9764563972893194,1.9919072982849946
within_season,115,blue,continuum,965,224,557,ok,16,16,0.0,0.0,0.05363033811877786,0.972948372776611,1.9825180081000326
within_season,115,core,continuum,965,224,557,ok,16,16,0.0,0.0,0.07197730431647947,0.9634060211502634,1.9669165960890769
within_season,115,red,continuum,965,224,557,ok,16,16,0.0,0.0,0.04228202850451456,0.9787810124416746,1.992650610133608
within_season,116,blue,continuum,964,224,557,ok,16,16,0.0,0.0,0.05178034655824575,0.9738725158842447,1.9818343905152882
within_season,116,core,continuum,964,224,557,ok,16,16,0.0,0.0,0.07151218659141735,0.9636114873545566,1.9652407145135724
within_season,116,red,continuum,964,224,557,ok,16,16,0.0,0.0,0.0399611107852737,0.9799523117074753,1.9933026792008899
within_season,117,blue,continuum,963,224,557,ok,16,16,0.0,0.0,0.05052069626623139,0.9744985069329903,1.9810877791931387
within_season,117,core,continuum,963,224,557,ok,16,16,0.0,0.0,0.06904666068885465,0.964835146411973,1.9635133846359505
within_season,117,red,continuum,963,224,557,ok,16,16,0.0,0.0,0.03929819274867624,0.9802904227934895,1.9938627976096477
within_season,118,blue,continuum,962,224,557,ok,16,16,0.0,0.0,0.051653932031846,0.973915815542174,1.9802778237273313
within_season,118,core,continuum,962,224,557,ok,16,16,0.0,0.0,0.06763281967792051,0.9655239620123042,1.9617341094141407
within_season,118,red,continuum,962,224,557,ok,16,16,0.0,0.0,0.03841830580364107,0.9807368010080827,1.9943886692839028
within_season,119,blue,continuum,961,224,557,ok,16,16,0.0,0.0,0.057498763834730536,0.9709563662381011,1.9797372569186165
within_season,119,core,continuum,961,224,557,ok,16,16,0.0,0.0,0.06715267649305787,0.9657356615062114,1.9598416150725102
within_season,119,red,continuum,961,224,557,ok,16,16,0.0,0.0,0.0365638452385373,0.981669899502743,1.9947433045448286
within_season,120,blue,continuum,960,224,557,ok,16,16,0.0,0.0,0.06013284859020082,0.969616594220267,1.9791345652998533
within_season,120,core,continuum,960,224,557,ok,16,16,0.0,0.0,0.0698931096586144,0.9643024420925649,1.957924120183498
within_season,120,red,continuum,960,224,557,ok,16,16,0.0,0.0,0.037907543663136145,0.9809980123877708,1.9949251855495347
within_season,121,blue,continuum,959,224,557,ok,16,16,0.0,0.0,0.06034792968479232,0.9694860510114635,1.9777161490131574
within_season,121,core,continuum,959,224,557,ok,16,16,0.0,0.0,0.07769364792747191,0.9602792007225656,1.955994072143707
within_season,121,red,continuum,959,224,557,ok,16,16,0.0,0.0,0.03740504638978444,0.981249970842061,1.9949327051551073
within_season,122,blue,continuum,958,224,557,ok,16,16,0.0,0.0,0.058916425342414674,0.9701869510077413,1.9761959052800375
within_season,122,core,continuum,958,224,557,ok,16,16,0.0,0.0,0.08709596166713196,0.9554254615726158,1.9539397319619747
within_season,122,red,continuum,958,224,557,ok,16,16,0.0,0.0,0.037213513034908566,0.9813444046623185,1.99476416385078
within_season,123,blue,continuum,956,224,557,ok,16,16,0.0,0.0,0.0579561921857137,0.9706601836377804,1.9753427039285405
within_season,123,core,continuum,956,224,557,ok,16,16,0.0,0.0,0.094521702814391,0.9515603600367765,1.9513295905203656
within_season,123,red,continuum,956,224,557,ok,16,16,0.0,0.0,0.03683944469410241,0.9815295635387746,1.9945086176733637
within_season,124,blue,continuum,954,224,557,ok,16,16,0.0,0.0,0.05244311272448942,0.9734466962187744,1.975012719945203
within_season,124,core,continuum,954,224,557,ok,16,16,0.0,0.0,0.10107581140755606,0.9481292825978608,1.9486102462000563
within_season,124,red,continuum,954,224,557,ok,16,16,0.0,0.0,0.04279845554516589,0.9785370434093574,1.9940615061312315
within_season,125,blue,continuum,952,224,557,ok,16,16,0.0,0.0,0.0513976920833715,0.9739713884914188,1.9746613093989533
within_season,125,core,continuum,952,224,557,ok,16,16,0.0,0.0,0.10758193183994513,0.9447101195555394,1.9457797878223417
within_season,125,red,continuum,952,224,557,ok,16,16,0.0,0.0,0.04601588593314265,0.9769182660705344,1.9936061161505698
within_season,126,blue,continuum,950,224,557,ok,16,16,0.0,0.0,0.04704662981063319,0.9761703342142101,1.9742882772064732
within_season,126,core,continuum,950,224,557,ok,16,16,0.0,0.0,0.11278879988482378,0.9419463166484018,1.9428362400663886
within_season,126,red,continuum,950,224,557,ok,16,16,0.0,0.0,0.04802257840830775,0.9759068718860958,1.9932064521166835
within_season,127,blue,continuum,948,224,557,ok,16,16,0.0,0.0,0.04286097543833435,0.9782860741701207,1.9738934255433356
within_season,127,core,continuum,948,224,557,ok,16,16,0.0,0.0,0.12006323044804636,0.9381063590346258,1.9398314362409967
within_season,127,red,continuum,948,224,557,ok,16,16,0.0,0.0,0.05294868110963127,0.973431156267008,1.9928861655308725
within_season,128,blue,continuum,946,224,557,ok,16,16,0.0,0.0,0.03988961763628636,0.9797936950167679,1.9741173692759892
within_season,128,core,continuum,946,224,557,ok,16,16,0.0,0.0,0.11829137348558069,0.9389492995876976,1.9375924057661364
within_season,128,red,continuum,946,224,557,ok,16,16,0.0,0.0,0.05933370747644278,0.9702219156186315,1.9925293620823574
within_season,129,blue,continuum,944,224,557,ok,16,16,0.0,0.0,0.0389789743914189,0.9802537506919794,1.9739938346461723
within_season,129,core,continuum,944,224,557,ok,16,16,0.0,0.0,0.12044607269068314,0.9377904689534033,1.936135358430298
within_season,129,red,continuum,944,224,557,ok,16,16,0.0,0.0,0.0650902056462225,0.9673345782651798,1.9926332552700068
within_season,130,blue,continuum,942,224,557,ok,16,16,0.0,0.0,0.03898332019223723,0.9802563929300014,1.974478121147098
within_season,130,core,continuum,942,224,557,ok,16,16,0.0,0.0,0.12012497395443403,0.9379071342327759,1.9346018656114676
within_season,130,red,continuum,942,224,557,ok,16,16,0.0,0.0,0.0680725276344155,0.9658395894766186,1.9927315448338287
within_season,131,blue,continuum,940,224,557,ok,16,16,0.0,0.0,0.040354411981801175,0.9795556819225397,1.973869308279434
within_season,131,core,continuum,940,224,557,ok,16,16,0.0,0.0,0.12237366191785012,0.936692067899913,1.9329909832528238
within_season,131,red,continuum,940,224,557,ok,16,16,0.0,0.0,0.07819370890111313,0.9607672038123594,1.9930699949892001
within_season,132,blue,continuum,937,224,557,ok,16,16,0.0,0.0,0.03798022474199464,0.9807614685683478,1.97417484161539
within_season,132,core,continuum,937,224,557,ok,16,16,0.0,0.0,0.12178856712477062,0.9369539173226038,1.9317388480416278
within_season,132,red,continuum,937,224,557,ok,16,16,0.0,0.0,0.08543893366771244,0.9571439790026222,1.993627305552705
within_season,133,blue,continuum,934,224,557,ok,16,16,0.0,0.0,0.03813403636166793,0.9806865312861318,1.9744788948390994
within_season,133,core,continuum,934,224,557,ok,16,16,0.0,0.0,0.1193553255248681,0.9381715990473409,1.9304287946288048
within_season,133,red,continuum,934,224,557,ok,16,16,0.0,0.0,0.09595472620847034,0.9518821004843551,1.9941586639140758
within_season,134,blue,continuum,931,224,557,ok,16,16,0.0,0.0,0.03527488424746841,0.9821332993376954,1.974336779587512
within_season,134,core,continuum,931,224,557,ok,16,16,0.0,0.0,0.1163926501966944,0.9396635310330446,1.929059691253051
within_season,134,red,continuum,931,224,557,ok,16,16,0.0,0.0,0.10756559072235644,0.9460733192039706,1.9946636643410214
within_season,135,blue,continuum,928,224,557,ok,16,16,0.0,0.0,0.03336069840054966,0.9830928672320789,1.9731730304884652
within_season,135,core,continuum,928,224,557,ok,16,16,0.0,0.0,0.11677704496921451,0.9394193791810072,1.9276303773467318
within_season,135,red,continuum,928,224,557,ok,16,16,0.0,0.0,0.11751728902395117,0.9410915175493351,1.9949128569450125
within_season,136,blue,continuum,925,224,557,ok,16,16,0.0,0.0,0.029448635053029963,0.9850714180054876,1.9726344447084845
within_season,136,core,continuum,925,224,557,ok,16,16,0.0,0.0,0.11576364888359485,0.9399019684702997,1.9262469325036835
within_season,136,red,continuum,925,224,557,ok,16,16,0.0,0.0,0.12591224330503015,0.9368923047820793,1.995196352366151
within_season,137,blue,continuum,922,224,557,ok,16,16,0.0,0.0,0.03144785093666636,0.9840572634695334,1.9725503759388747
within_season,137,core,continuum,922,224,557,ok,16,16,0.0,0.0,0.11756747648324799,0.9389203583163163,1.924822628988243
within_season,137,red,continuum,922,224,557,ok,16,16,0.0,0.0,0.13349495189348914,0.9330982996105541,1.9953895209896455
within_season,138,blue,continuum,919,224,557,ok,16,16,0.0,0.0,0.03591104167368045,0.9817936538720734,1.9724463888224533
within_season,138,core,continuum,919,224,557,ok,16,16,0.0,0.0,0.12418278178691938,0.9354306808212843,1.92324750154489
within_season,138,red,continuum,919,224,557,ok,16,16,0.0,0.0,0.1383917027373323,0.9306477888412288,1.9954908491743097
within_season,139,blue,continuum,916,224,557,ok,16,16,0.0,0.0,0.038762937979839075,0.9803465473923557,1.97232205219566
within_season,139,core,continuum,916,224,557,ok,16,16,0.0,0.0,0.13157853377081102,0.9315432968519985,1.922069391602778
within_season,139,red,continuum,916,224,557,ok,16,16,0.0,0.0,0.14205367378260492,0.9288161363998276,1.9955881375095925
within_season,140,blue,continuum,913,224,557,ok,16,16,0.0,0.0,0.04181965030462765,0.9787951832392408,1.9721769245380794
within_season,140,core,continuum,913,224,557,ok,16,16,0.0,0.0,0.12480088413350099,0.9350290827886087,1.9208730535147782
within_season,140,red,continuum,913,224,557,ok,16,16,0.0,0.0,0.13947273274847638,0.9301127228827225,1.9956813099818995
within_season,141,blue,continuum,910,224,557,ok,16,16,0.0,0.0,0.03907204207634569,0.9801825433597633,1.9715972026912416
within_season,141,core,continuum,910,224,557,ok,16,16,0.0,0.0,0.11858278002234343,0.9382271387521969,1.919658206322127
within_season,141,red,continuum,910,224,557,ok,16,16,0.0,0.0,0.13331854841460222,0.9331994522920515,1.9957702891519677
within_season,142,blue,continuum,907,224,557,ok,16,16,0.0,0.0,0.03687708184113661,0.9812902213559946,1.971005779534015
within_season,142,core,continuum,907,224,557,ok,16,16,0.0,0.0,0.11032734563850552,0.9424906521119231,1.9184245638330224
within_season,142,red,continuum,907,224,557,ok,16,16,0.0,0.0,0.12587038339923,0.9369255598781249,1.995584632317274
within_season,143,blue,continuum,904,224,557,ok,16,16,0.0,0.0,0.03702794237104451,0.9811973397615088,1.9692927437599548
within_season,143,core,continuum,904,224,557,ok,16,16,0.0,0.0,0.09739870612379183,0.9491966737822503,1.9171718345040665
within_season,143,red,continuum,904,224,557,ok,16,16,0.0,0.0,0.12194491534742516,0.9388954996153602,1.9956781346677888
within_season,144,blue,continuum,901,224,557,ok,16,16,0.0,0.0,0.04030182244894586,0.979523495646986,1.9681983679511088
within_season,144,core,continuum,901,224,557,ok,16,16,0.0,0.0,0.08625206624236442,0.9549892594203041,1.9162552122342154
within_season,144,red,continuum,901,224,557,ok,16,16,0.0,0.0,0.12209665355378807,0.9388217303743944,1.9957519933300918
within_season,145,blue,continuum,898,224,557,ok,16,16,0.0,0.0,0.037979189286471496,0.9806853884446242,1.9663449703652294
within_season,145,core,continuum,898,224,557,ok,16,16,0.0,0.0,0.07718853459413322,0.9596994578742495,1.9153224875556385
within_season,145,red,continuum,898,224,557,ok,16,16,0.0,0.0,0.12215601851693385,0.9387943473768439,1.9958290334562705
within_season,146,blue,continuum,895,224,557,ok,16,16,0.0,0.0,0.031068270763511485,0.9841843596657105,1.9644017002683873
within_season,146,core,continuum,895,224,557,ok,16,16,0.0,0.0,0.07621140106293356,0.9602076075621415,1.9152254085237175
within_season,146,red,continuum,895,224,557,ok,16,16,0.0,0.0,0.11554453107321212,0.9421077504897123,1.9958549210059529
within_season,147,blue,continuum,892,224,557,ok,16,16,0.0,0.0,0.026749926470722052,0.9863685324260166,1.962365851331819
within_season,147,core,continuum,892,224,557,ok,16,16,0.0,0.0,0.074381726650244,0.9611436143395102,1.9142729151434543
within_season,147,red,continuum,892,224,557,ok,16,16,0.0,0.0,0.1126292511513931,0.9435745338084084,1.9960712556447917
within_season,148,blue,continuum,889,224,557,ok,16,16,0.0,0.0,0.023696669176813637,0.9879113096450022,1.9602346061429874
within_season,148,core,continuum,889,224,557,ok,16,16,0.0,0.0,0.07149767974014443,0.9626312953175833,1.9133036680767403
within_season,148,red,continuum,889,224,557,ok,16,16,0.0,0.0,0.11236665579124018,0.9437099812230277,1.996209243355386
within_season,149,blue,continuum,886,224,557,ok,16,16,0.0,0.0,0.021460072672869934,0.989048156219599,1.9594940453107883
within_season,149,core,continuum,886,224,557,ok,16,16,0.0,0.0,0.06361180531447756,0.9667202226303361,1.9114252060010077
within_season,149,red,continuum,886,224,557,ok,16,16,0.0,0.0,0.1111951107229833,0.9443024451413664,1.99640919615248
within_season,150,blue,continuum,883,224,557,ok,16,16,0.0,0.0,0.020248146104848007,0.9896581382941211,1.957882118394389
within_season,150,core,continuum,883,224,557,ok,16,16,0.0,0.0,0.06447693090601196,0.9662333420190177,1.9094851181993158
within_season,150,red,continuum,883,224,557,ok,16,16,0.0,0.0,0.10729839452740637,0.9462626424895595,1.9967188469689732
within_season,151,blue,continuum,880,224,557,ok,16,16,0.0,0.0,0.019886583276746292,0.9898387778147797,1.9571054460034985
within_season,151,core,continuum,880,224,557,ok,16,16,0.0,0.0,0.06341659763375368,0.9667537668035667,1.9074821878033745
within_season,151,red,continuum,880,224,557,ok,16,16,0.0,0.0,0.10476156402577598,0.9475408607491346,1.997012637298421
within_season,152,blue,continuum,877,224,557,ok,16,16,0.0,0.0,0.018200510014928298,0.9906965296059644,1.9563140681993803
within_season,152,core,continuum,877,224,557,ok,16,16,0.0,0.0,0.06478151059285683,0.9660013671636669,1.9054151649188467
within_season,152,red,continuum,877,224,557,ok,16,16,0.0,0.0,0.10496904787777935,0.94744426819481,1.9972901959936804
within_season,153,blue,continuum,874,224,557,ok,16,16,0.0,0.0,0.019686955689396483,0.9899403403911196,1.9570200637820134
within_season,153,core,continuum,874,224,557,ok,16,16,0.0,0.0,0.0645312978730647,0.9661074714530705,1.9039977434469422
within_season,153,red,continuum,874,224,557,ok,16,16,0.0,0.0,0.10376973487628996,0.9480515253666463,1.9975511429100612
within_season,154,blue,continuum,871,224,557,ok,16,16,0.0,0.0,0.02098058343288621,0.989281265664589,1.9573750758588555
within_season,154,core,continuum,871,224,557,ok,16,16,0.0,0.0,0.0653102658617045,0.9656904688630087,1.903560430509332
within_season,154,red,continuum,871,224,557,ok,16,16,0.0,0.0,0.10222749798414897,0.9488298381725379,1.997795088646472
within_season,155,blue,continuum,869,224,557,ok,16,16,0.0,0.0,0.022745268986263712,0.9883794337340189,1.957328796691249
within_season,155,core,continuum,869,224,557,ok,16,16,0.0,0.0,0.059417225048009586,0.9687912574622395,1.9038647576434253
within_season,155,red,continuum,869,224,557,ok,16,16,0.0,0.0,0.10241893909496155,0.9487382711571849,1.9979610794831126
within_season,156,blue,continuum,866,224,557,ok,16,16,0.0,0.0,0.02394781267661716,0.9877618966209011,1.956823858631307
within_season,156,core,continuum,866,224,557,ok,16,16,0.0,0.0,0.05224061618586297,0.9725537397277041,1.9033782988130565
within_season,156,red,continuum,866,224,557,ok,16,16,0.0,0.0,0.1031483570046191,0.9483764711675695,1.9980880683193447
within_season,157,blue,continuum,863,224,557,ok,16,16,0.0,0.0,0.025629014535527177,0.9868950583966524,1.9556756001858346
within_season,157,core,continuum,863,224,557,ok,16,16,0.0,0.0,0.047276854144220906,0.9751549459602177,1.9028678331115858
within_season,157,red,continuum,863,224,557,ok,16,16,0.0,0.0,0.10384930863622806,0.9480317995645849,1.9983241244862735
within_season,158,blue,continuum,860,224,557,ok,16,16,0.0,0.0,0.029428975305053316,0.9849428309122781,1.954482621109083
within_season,158,core,continuum,860,224,557,ok,16,16,0.0,0.0,0.04165111672582579,0.9781030255126999,1.9021402591477998
within_season,158,red,continuum,860,224,557,ok,16,16,0.0,0.0,0.10905080245294366,0.9454370754737661,1.998624586197025
within_season,159,blue,continuum,857,224,557,ok,16,16,0.0,0.0,0.03415279212089209,0.9825209605099449,1.9539284261199623
within_season,159,core,continuum,857,224,557,ok,16,16,0.0,0.0,0.036919293008227605,0.9805824501281418,1.901336329859758
within_season,159,red,continuum,857,224,557,ok,16,16,0.0,0.0,0.11349184408494176,0.943220274270406,1.9988093043180895
within_season,160,blue,continuum,854,224,557,ok,16,16,0.0,0.0,0.04075370795046207,0.9791437834546283,1.9540316845964987
within_season,160,core,continuum,854,224,557,ok,16,16,0.0,0.0,0.03230408615188777,0.9829938720809314,1.8995556369810598
within_season,160,red,continuum,854,224,557,ok,16,16,0.0,0.0,0.12336175140154142,0.9382874970324224,1.998975012670497
within_season,161,blue,continuum,851,224,557,ok,16,16,0.0,0.0,0.045213762032806755,0.9768697812956045,1.9547485741764614
within_season,161,core,continuum,851,224,557,ok,16,16,0.0,0.0,0.02850520255198779,0.9849863211209712,1.8986154414028351
within_season,161,red,continuum,851,224,557,ok,16,16,0.0,0.0,0.12390130990736595,0.9380221138378991,1.999121260497763
within_season,162,blue,continuum,848,224,557,ok,16,16,0.0,0.0,0.04972013415301704,0.9745803234929534,1.955970373550354
within_season,162,core,continuum,848,224,557,ok,16,16,0.0,0.0,0.02547821106405774,0.9865734122382576,1.8975939022016486
within_season,162,red,continuum,848,224,557,ok,16,16,0.0,0.0,0.1273217714914361,0.9363177803583677,1.9993299889346088
within_season,163,blue,continuum,845,224,557,ok,16,16,0.0,0.0,0.049049699321094264,0.9749365733018031,1.9570228728788692
within_season,163,core,continuum,845,224,557,ok,16,16,0.0,0.0,0.024722678201005214,0.9869581188795722,1.8956374446843722
within_season,163,red,continuum,845,224,557,ok,16,16,0.0,0.0,0.12441697489975304,0.9377729711102595,1.9994040711827392
within_season,164,blue,continuum,842,224,557,ok,16,16,0.0,0.0,0.04813920100636131,0.9754128652498723,1.9579020286660804
within_season,164,core,continuum,842,224,557,ok,16,16,0.0,0.0,0.026397004621547943,0.9860600439523074,1.8936217970297904
within_season,164,red,continuum,842,224,557,ok,16,16,0.0,0.0,0.12285290929045084,0.9385558596306371,1.9994243316276838
within_season,165,blue,continuum,839,224,557,ok,16,16,0.0,0.0,0.04910898942213948,0.9749265294782514,1.958603591774124
within_season,165,core,continuum,839,224,557,ok,16,16,0.0,0.0,0.027135926150915146,0.9856604956037489,1.892389402105811
within_season,165,red,continuum,839,224,557,ok,16,16,0.0,0.0,0.12601783432878233,0.9369749321208669,1.9994874828291231
within_season,166,blue,continuum,836,224,557,ok,16,16,0.0,0.0,0.054098136184930805,0.9723865558555028,1.959123096048543
within_season,166,core,continuum,836,224,557,ok,16,16,0.0,0.0,0.0270629782956328,0.9856890535022013,1.8910683720182675
within_season,166,red,continuum,836,224,557,ok,16,16,0.0,0.0,0.13047765551790036,0.934746333843599,1.9995452087729366
within_season,167,blue,continuum,833,224,557,ok,16,16,0.0,0.0,0.05997721819000426,0.9693908804753456,1.9594558458858984
within_season,167,core,continuum,833,224,557,ok,16,16,0.0,0.0,0.02963316392359686,0.9843182282794883,1.889656631389229
within_season,167,red,continuum,833,224,557,ok,16,16,0.0,0.0,0.1310719641959252,0.934449706885145,1.9995633576537213
within_season,168,blue,continuum,831,224,557,ok,16,16,0.0,0.0,0.06982796205760049,0.9643732621274166,1.9599875326036114
within_season,168,core,continuum,831,224,557,ok,16,16,0.0,0.0,0.031095589366807567,0.9835300899983428,1.8880242432216585
within_season,168,red,continuum,831,224,557,ok,16,16,0.0,0.0,0.13660773124679584,0.9316805526943185,1.9995438580697553
within_season,169,blue,continuum,829,224,557,ok,16,16,0.0,0.0,0.08115669314829463,0.9586190661657366,1.9612098043349826
within_season,169,core,continuum,829,224,557,ok,16,16,0.0,0.0,0.03059307058948658,0.9837749462900142,1.8855451042764724
within_season,169,red,continuum,829,224,557,ok,16,16,0.0,0.0,0.1465496325151808,0.9267074384916558,1.9995157693935481
within_season,170,blue,continuum,827,224,557,ok,16,16,0.0,0.0,0.08340964615380808,0.9574916137853579,1.9621927243400572
within_season,170,core,continuum,827,224,557,ok,16,16,0.0,0.0,0.02738371073005125,0.9854612302399433,1.8834957277667508
within_season,170,red,continuum,827,224,557,ok,16,16,0.0,0.0,0.1551628810446995,0.9223983429695791,1.999478967103415
within_season,171,blue,continuum,825,224,557,ok,16,16,0.0,0.0,0.08650483241922474,0.9559323257517155,1.9629997247379656
within_season,171,core,continuum,825,224,557,ok,16,16,0.0,0.0,0.02204108602026358,0.9882815091410437,1.880880933010074
within_season,171,red,continuum,825,224,557,ok,16,16,0.0,0.0,0.1615948047390927,0.919182504872157,1.9995027621614652
within_season,172,blue,continuum,823,224,557,ok,16,16,0.0,0.0,0.09066867686312402,0.9538298146764171,1.963792785921789
within_season,172,core,continuum,823,224,557,ok,16,16,0.0,0.0,0.01757103594371135,0.9906447229457505,1.8781951450309942
within_season,172,red,continuum,823,224,557,ok,16,16,0.0,0.0,0.16455797066315236,0.9176980693766593,1.9994424118221588
within_season,173,blue,continuum,821,224,557,ok,16,16,0.0,0.0,0.09339683719518378,0.9524594390279465,1.9645716265335345
within_season,173,core,continuum,821,224,557,ok,16,16,0.0,0.0,0.016367594025967543,0.991272648552284,1.875436565609048
within_season,173,red,continuum,821,224,557,ok,16,16,0.0,0.0,0.17090655442930913,0.9145184721765722,1.9993390242431888
within_season,174,blue,continuum,819,224,557,ok,16,16,0.0,0.0,0.09398548770072601,0.9521744147648598,1.9651717221783098
within_season,174,core,continuum,819,224,557,ok,16,16,0.0,0.0,0.01764529459170991,0.9905730827166087,1.871799026262605
within_season,174,red,continuum,819,224,557,ok,16,16,0.0,0.0,0.18153937794516156,0.9091928171547474,1.999174209098951
within_season,175,blue,continuum,817,224,557,ok,16,16,0.0,0.0,0.09542319670396172,0.951438303890085,1.964988959363775
within_season,175,core,continuum,817,224,557,ok,16,16,0.0,0.0,0.017576524705996743,0.9905906186829238,1.8679787877337657
within_season,175,red,continuum,817,224,557,ok,16,16,0.0,0.0,0.18800087144915203,0.9059554458851589,1.999061755554474
within_season,176,blue,continuum,815,224,557,ok,16,16,0.0,0.0,0.09907347586431539,0.9495756802222788,1.9647954856118595
within_season,176,core,continuum,815,224,557,ok,16,16,0.0,0.0,0.018958535220665602,0.9898340836320584,1.864911586372251
within_season,176,red,continuum,815,224,557,ok,16,16,0.0,0.0,0.18807996790224615,0.905905621162564,1.99884382283012
within_season,177,blue,continuum,813,224,557,ok,16,16,0.0,0.0,0.10311541405272517,0.9475344608586849,1.9653932036223867
within_season,177,core,continuum,813,224,557,ok,16,16,0.0,0.0,0.023576435323194513,0.9873297998377518,1.860778442430791
within_season,177,red,continuum,813,224,557,ok,16,16,0.0,0.0,0.18209918365120598,0.9088865665775632,1.9985986348129847
within_season,178,blue,continuum,811,224,557,ok,16,16,0.0,0.0,0.10536534020817546,0.9464059132078056,1.9659881624015505
within_season,178,core,continuum,811,224,557,ok,16,16,0.0,0.0,0.029886721282304372,0.9839010961205937,1.8564444825672566
within_season,178,red,continuum,811,224,557,ok,16,16,0.0,0.0,0.1812331076833171,0.909307532655951,1.9983259138357647
within_season,179,blue,continuum,809,224,557,ok,16,16,0.0,0.0,0.10442069626352456,0.9469023990230915,1.9665803038622378
within_season,179,core,continuum,809,224,557,ok,16,16,0.0,0.0,0.03823948456257673,0.9793512392571583,1.8519021571710093
within_season,179,red,continuum,809,224,557,ok,16,16,0.0,0.0,0.1706866039467549,0.9145819661388506,1.9982502081962341
within_season,180,blue,continuum,807,224,557,ok,16,16,0.0,0.0,0.10424891069523914,0.9470056306582929,1.9671695689601179
within_season,180,core,continuum,807,224,557,ok,16,16,0.0,0.0,0.03614525981808381,0.9804318063150756,1.847143400156071
within_season,180,red,continuum,807,224,557,ok,16,16,0.0,0.0,0.16551598702544895,0.9171656203218436,1.9981556893229908
within_season,181,blue,continuum,805,224,557,ok,16,16,0.0,0.0,0.10858877303211589,0.9447997469715919,1.9671788999994622
within_season,181,core,continuum,805,224,557,ok,16,16,0.0,0.0,0.04034439100955954,0.9780994048551541,1.8421595734148042
within_season,181,red,continuum,805,224,557,ok,16,16,0.0,0.0,0.16363367436920637,0.9181041276089996,1.9980698610542955
within_season,182,blue,continuum,803,224,557,ok,16,16,0.0,0.0,0.10923277921406224,0.9444443317780826,1.9661860384386227
within_season,182,core,continuum,803,224,557,ok,16,16,0.0,0.0,0.04065162114816164,0.9778699412594005,1.8369414028523479
within_season,182,red,continuum,803,224,557,ok,16,16,0.0,0.0,0.158274171037607,0.9207823078748061,1.9979649342406216
within_season,183,blue,continuum,801,224,557,ok,16,16,0.0,0.0,0.11132259055722829,0.9433577462716028,1.9653630148797836
within_season,183,core,continuum,801,224,557,ok,16,16,0.0,0.0,0.041018462934401305,0.9776215360818499,1.832943632075354
within_season,183,red,continuum,801,224,557,ok,16,16,0.0,0.0,0.14954811620691377,0.9251454724540074,1.9978499779459213
within_season,184,blue,continuum,799,224,557,ok,16,16,0.0,0.0,0.11485242134568624,0.9415362625572136,1.9645069981727183
within_season,184,core,continuum,799,224,557,ok,16,16,0.0,0.0,0.04492633764422683,0.9754275455257081,1.8283211264560268
within_season,184,red,continuum,799,224,557,ok,16,16,0.0,0.0,0.14496110459834832,0.9274369015085159,1.9977248437835202
within_season,185,blue,continuum,797,224,557,ok,16,16,0.0,0.0,0.11793304589513831,0.9399634271081003,1.964353396845046
within_season,185,core,continuum,797,224,557,ok,16,16,0.0,0.0,0.04446902212964591,0.9756213710671214,1.8240985681385908
within_season,185,red,continuum,797,224,557,ok,16,16,0.0,0.0,0.14221441377249863,0.9288086635802512,1.9976365232700921
within_season,186,blue,continuum,795,224,557,ok,16,16,0.0,0.0,0.11460649216729146,0.9416511059644297,1.9641587738993924
within_season,186,core,continuum,795,224,557,ok,16,16,0.0,0.0,0.050361378846399414,0.972325242875666,1.8197586566032575
within_season,186,red,continuum,795,224,557,ok,16,16,0.0,0.0,0.14051199613196397,0.9296567569230059,1.9975194487147343
within_season,187,blue,continuum,793,224,557,ok,16,16,0.0,0.0,0.11484316538337526,0.9415235771886195,1.963922549671159
within_season,187,core,continuum,793,224,557,ok,16,16,0.0,0.0,0.05158471818681168,0.9715833235745144,1.8152973773015764
within_season,187,red,continuum,793,224,557,ok,16,16,0.0,0.0,0.13876697725160445,0.9305252575076616,1.9973730347673833
within_season,188,blue,continuum,791,224,557,ok,16,16,0.0,0.0,0.11709300401363182,0.9403695394576351,1.9636441333610402
within_season,188,core,continuum,791,224,557,ok,16,16,0.0,0.0,0.0543907436353772,0.9699616563707048,1.810710480798013
within_season,188,red,continuum,791,224,557,ok,16,16,0.0,0.0,0.1357804633448511,0.9320144758066105,1.9971966820262232
within_season,189,blue,continuum,789,224,557,ok,16,16,0.0,0.0,0.12087723449488624,0.9384623175192667,1.9642799277130933
within_season,189,core,continuum,789,224,557,ok,16,16,0.0,0.0012674271229404308,0.06246780285318443,0.9654108366422511,1.8059934612205673
within_season,189,red,continuum,789,224,557,ok,16,16,0.0,0.0,0.1308490198609665,0.9344768704404833,1.9969897765965594
within_season,190,blue,continuum,788,224,557,ok,16,16,0.0,0.0,0.11509392279076622,0.9414236241443174,1.9648522311166605
within_season,190,core,continuum,788,224,557,ok,16,15,0.0625,0.0,0.06707406720722887,0.9627724914375174,1.8017339810600514
within_season,190,red,continuum,788,224,557,ok,16,16,0.0,0.0,0.12791382516792354,0.935942987787659,1.9968746707059224
within_season,191,blue,continuum,787,224,557,ok,16,16,0.0,0.0,0.1138422348962578,0.9420767172168464,1.9653968046398038
within_season,191,core,continuum,787,224,557,ok,16,15,0.0625,0.0,0.07064589186649461,0.9606939897165034,1.797330519097652
within_season,191,red,continuum,787,224,557,ok,16,16,0.0,0.0,0.12077547516434606,0.9395166684989633,1.9968389995560325
within_season,192,blue,continuum,786,224,557,ok,16,16,0.0,0.0,0.10536845654416375,0.9463771333825445,1.9649911164925258
within_season,192,core,continuum,786,224,557,ok,16,15,0.0625,0.0,0.07182275670332808,0.9599377348546619,1.7927782276605972
within_season,192,red,continuum,786,224,557,ok,16,16,0.0,0.0,0.11727972645441856,0.9412660467284325,1.9967960595492977
within_season,193,blue,continuum,785,224,557,ok,16,16,0.0,0.0,0.0996066116216669,0.9492982613429074,1.9645600774231662
within_season,193,core,continuum,785,224,557,ok,16,16,0.0,0.0,0.06361315746110205,0.9644098478273577,1.7873808786353185
within_season,193,red,continuum,785,224,557,ok,16,16,0.0,0.0,0.11895019043991494,0.940436375113326,1.9970273915704433
within_season,194,blue,continuum,784,224,557,ok,16,16,0.0,0.0,0.09703710868538791,0.9505947076718967,1.9641035223708223
within_season,194,core,continuum,784,224,557,ok,16,16,0.0,0.0,0.06412625585716947,0.9640109249773635,1.7818256183810017
within_season,194,red,continuum,784,224,557,ok,16,16,0.0,0.0,0.11775930528849807,0.9410373621116191,1.9971851583611677
within_season,195,blue,continuum,783,224,557,ok,16,16,0.0,0.0,0.09068654616429161,0.9538121307342945,1.9634277918861782
within_season,195,core,continuum,783,224,557,ok,16,16,0.0,0.0,0.06601957645667214,0.962860120633043,1.777592646555801
within_season,195,red,continuum,783,224,557,ok,16,16,0.0,0.0,0.11745706136030404,0.9411940225505474,1.9973660239091444
within_season,196,blue,continuum,782,224,557,ok,16,16,0.0,0.0,0.08158161561932972,0.9584345034538075,1.9627244324789124
within_season,196,core,continuum,782,224,557,ok,16,16,0.0,0.0,0.07119354146830045,0.9598511373318958,1.7732393083418319
within_season,196,red,continuum,782,224,557,ok,16,16,0.0,0.0,0.11861943805686326,0.940615253986654,1.9974731900041314
within_season,197,blue,continuum,781,224,557,ok,16,16,0.0,0.0,0.073856612494332,0.9623563370788749,1.9619932483479103
within_season,197,core,continuum,781,224,557,ok,16,16,0.0,0.0,0.0720746102570192,0.9592514280308201,1.7687640762364056
within_season,197,red,continuum,781,224,557,ok,16,16,0.0,0.0,0.12113719340454718,0.9393572659645002,1.997554947533112
within_season,198,blue,continuum,780,224,557,ok,16,16,0.0,0.0,0.07241555549499526,0.9630765354948349,1.9612340408865236
within_season,198,core,continuum,780,224,557,ok,16,16,0.0,0.0,0.07220987984316614,0.9590685310743808,1.764165365635575
within_season,198,red,continuum,780,224,557,ok,16,16,0.0,0.0,0.11832787356924437,0.9407684880428546,1.9977182695396318
within_season,199,blue,continuum,779,224,557,ok,16,16,0.0,0.0,0.06814779998325371,0.9652572182506634,1.9614952099958094
within_season,199,core,continuum,779,224,557,ok,16,16,0.0,0.0,0.07127680899593081,0.9594889584570921,1.759441532018792
within_season,199,red,continuum,779,224,557,ok,16,16,0.0,0.0,0.11439319779569593,0.9427395109967671,1.9977684401060112
within_season,200,blue,continuum,778,224,557,ok,16,16,0.0,0.0,0.06775617836113657,0.9654613834094299,1.9617513684562449
within_season,200,core,continuum,778,224,557,ok,16,16,0.0,0.0,0.0692271220792442,0.9604931771445024,1.7522826963953362
within_season,200,red,continuum,778,224,557,ok,16,16,0.0,0.0,0.11503858427578867,0.942420818638846,1.9979197612107737
native,0,blue,continuum,223,224,557,ok,16,16,0.0,0.0,0.08929390384104438,0.9553520736868073,1.9999563521645478
native,0,core,continuum,223,224,557,ok,16,16,0.0,0.0,0.03601793341859477,0.9819906402559173,1.9999563521645478
native,0,red,continuum,223,224,557,ok,16,16,0.0,0.0,0.14286601151903017,0.9285654352584212,1.9999563521645478
native,1,blue,continuum,205,224,557,ok,16,16,0.0,0.0,0.05919331817476474,0.9703737394167372,1.9980016718075335
native,1,core,continuum,205,224,557,ok,16,16,0.0,0.0,0.0663229111126535,0.9667766791977909,1.996275793967096
native,1,red,continuum,205,224,557,ok,16,16,0.0,0.0,0.1496815239897745,0.9249609985938764,1.994716363290512
native,2,blue,continuum,83,224,557,ok,16,16,0.0,0.012048192771084338,0.11481395696870028,0.9416143646447145,1.9664761078652293
native,2,core,continuum,83,224,557,ok,16,16,0.0,0.03614457831325301,0.2200593013595723,0.8864861264608561,1.938611506228686
native,2,red,continuum,83,224,557,ok,16,16,0.0,0.0,0.07131385813936789,0.9640137059830484,1.9816949782540783
native,3,blue,continuum,75,224,557,ok,16,15,0.0625,0.0,0.14129843644996226,0.9282753982542237,1.9700135380435606
native,3,core,continuum,75,224,557,ok,16,16,0.0,0.013333333333333334,0.1417016322697392,0.9262294201850744,1.920842056890942
native,3,red,continuum,75,224,557,ok,16,16,0.0,0.0,0.050667464309206434,0.9739063874139455,1.9417573608142424
native,4,blue,continuum,75,224,557,ok,16,16,0.0,0.013333333333333334,0.11534535244855393,0.9419411070189194,1.986695689946087
native,4,core,continuum,75,224,557,ok,16,16,0.0,0.0,0.07193721943348635,0.9629290893944422,1.9405301423240795
native,4,red,continuum,75,224,557,ok,16,16,0.0,0.013333333333333334,0.11687378804730372,0.9400933616447636,1.9509321713941246
native,5,blue,continuum,79,224,557,ok,16,16,0.0,0.012658227848101266,0.2307151182595489,0.8839457224394114,1.9879932313490047
native,5,core,continuum,79,224,557,ok,16,16,0.0,0.0,0.03257894496164176,0.9834046615047487,1.9631383217018568
native,5,red,continuum,79,224,557,ok,16,16,0.0,0.02531645569620253,0.15389615005631177,0.9218172693724251,1.9684161556009003
native,6,blue,continuum,97,224,557,ok,16,16,0.0,0.020618556701030927,0.24694646423899141,0.8762869223327084,1.9961225514340382
native,6,core,continuum,97,224,557,ok,16,16,0.0,0.0,0.05941775911378714,0.9699534549393695,1.9775238382279492
native,6,red,continuum,97,224,557,ok,16,15,0.0625,0.010309278350515464,0.23413318238152658,0.8798557028169479,1.9487665072009275
native,7,blue,continuum,103,224,557,ok,16,16,0.0,0.009708737864077669,0.17596442473428658,0.9113125640732114,1.9840964269115304
native,7,core,continuum,103,224,557,ok,16,16,0.0,0.0,0.050118786913828636,0.9746273012603178,1.9753037478604636
native,7,red,continuum,103,224,557,ok,16,16,0.0,0.019417475728155338,0.15722711064300962,0.9193502573172673,1.949505422001455
native,8,blue,continuum,100,224,557,ok,16,16,0.0,0.01,0.18439019960700592,0.9062145833967132,1.9660860535170217
native,8,core,continuum,100,224,557,ok,16,16,0.0,0.0,0.029176192869479027,0.9852548808387142,1.9787017351533385
native,8,red,continuum,100,224,557,ok,16,16,0.0,0.02,0.17769868255644,0.9077734359911906,1.9267624731142152
native,9,blue,continuum,84,224,557,ok,16,16,0.0,0.011904761904761904,0.15470669309964558,0.9217658373639585,1.977482571384665
native,9,core,continuum,84,224,557,ok,16,16,0.0,0.0,0.0262082786772724,0.9867214781349429,1.9737346478481568
native,9,red,continuum,84,224,557,ok,16,16,0.0,0.023809523809523808,0.12642368931428408,0.9340747482167917,1.9176823128415441
native,10,blue,continuum,66,224,557,ok,16,16,0.0,0.030303030303030304,0.2678897607725029,0.8639179748328971,1.9685903442688024
native,10,core,continuum,66,224,557,ok,16,16,0.0,0.015151515151515152,0.05309972498875113,0.9728107930654297,1.9529707179960605
native,10,red,continuum,66,224,557,ok,16,15,0.0625,0.015151515151515152,0.11311921873766449,0.9403312970281272,1.8957881285099798
native,11,blue,continuum,66,224,557,ok,16,15,0.0625,0.015151515151515152,0.2021709574867337,0.8981856405571294,1.9856821630368786
native,11,core,continuum,66,224,557,ok,16,16,0.0,0.015151515151515152,0.07532819410292974,0.961506206850031,1.956891954228997
native,11,red,continuum,66,224,557,ok,16,16,0.0,0.015151515151515152,0.07488432174830781,0.9608819428324641,1.914315975039127
native,12,blue,continuum,84,224,557,ok,16,15,0.0625,0.0,0.15256809063380775,0.9226381311771186,1.9721355359590613
native,12,core,continuum,84,224,557,ok,16,16,0.0,0.011904761904761904,0.10165471657452498,0.9488524238815598,1.9874786703308787
native,12,red,continuum,84,224,557,ok,16,16,0.0,0.011904761904761904,0.07931148820356676,0.960136009488665,1.9895521543688681
native,13,blue,continuum,102,224,557,ok,16,16,0.0,0.0,0.12519572649237665,0.9371007874633053,1.9904180266062776
native,13,core,continuum,102,224,557,ok,16,16,0.0,0.0,0.08816163064340296,0.9557407107947972,1.991935076829912
native,13,red,continuum,102,224,557,ok,16,16,0.0,0.00980392156862745,0.18024116005466537,0.9097430675670821,1.99697857212937
native,14,blue,continuum,108,224,557,ok,16,16,0.0,0.009259259259259259,0.19165013504795472,0.9039606701678728,1.995538029919111
native,14,core,continuum,108,224,557,ok,16,16,0.0,0.0,0.0626439599746155,0.9682468243676648,1.9728407860668729
native,14,red,continuum,108,224,557,ok,16,16,0.0,0.009259259259259259,0.24337025995942885,0.8770178941977653,1.9789078937287692
native,15,blue,continuum,93,224,557,ok,16,16,0.0,0.010752688172043012,0.14999072281885778,0.9243466285738796,1.9826046082471258
native,15,core,continuum,93,224,557,ok,16,16,0.0,0.0,0.04464113554305342,0.9772486031957373,1.962127245510013
native,15,red,continuum,93,224,557,ok,16,15,0.0625,0.010752688172043012,0.2627833835228665,0.8649337709296832,1.9455891034468644
native,16,blue,continuum,86,224,557,ok,16,16,0.0,0.023255813953488372,0.19857919364835264,0.8987542079337631,1.9613575003535804
native,16,core,continuum,86,224,557,ok,16,16,0.0,0.011627906976744186,0.15323619461718513,0.923218988330854,1.9957563893204378
native,16,red,continuum,86,224,557,ok,16,15,0.0625,0.011627906976744186,0.2569508959571697,0.8677559713299647,1.943005658110228
native,17,blue,continuum,71,224,557,ok,16,16,0.0,0.014084507042253521,0.13039609404538227,0.933485933360365,1.9604288330745467
native,17,core,continuum,71,224,557,ok,16,16,0.0,0.014084507042253521,0.18631943661127665,0.9067115980154687,1.9972411644715642
native,17,red,continuum,71,224,557,ok,16,15,0.0625,0.056338028169014086,0.35544096235280764,0.821269070195149,1.9886930747850928
native,18,blue,continuum,70,224,557,ok,16,16,0.0,0.0,0.04826339969434257,0.9757909347696879,1.993608560891983
native,18,core,continuum,70,224,557,ok,16,16,0.0,0.014285714285714285,0.11551912624579935,0.9420867871978942,1.9946937953613058
native,18,red,continuum,70,224,557,ok,16,14,0.125,0.02857142857142857,0.29803060439867046,0.8484861539868739,1.9670189374827902
native,19,blue,continuum,66,224,557,ok,16,16,0.0,0.030303030303030304,0.0937726475541632,0.9522869165730226,1.9653445306606057
native,19,core,continuum,66,224,557,ok,16,16,0.0,0.015151515151515152,0.11474427962689687,0.9422141761844663,1.9856821630368786
native,19,red,continuum,66,224,557,ok,16,15,0.0625,0.030303030303030304,0.23255144511520087,0.8821031309075756,1.9724989043847625
native,20,blue,continuum,90,224,557,ok,16,16,0.0,0.0,0.112108765256376,0.9438572601858083,1.9968524091878619
native,20,core,continuum,90,224,557,ok,16,16,0.0,0.011111111111111112,0.13940802428966473,0.9289569782032694,1.9623042596434184
native,20,red,continuum,90,224,557,ok,16,15,0.0625,0.0,0.17518344854876908,0.9111349379249234,1.9713422177184483
native,21,blue,continuum,90,224,557,ok,16,16,0.0,0.0,0.1972909067049879,0.9009115677613522,1.9910589182582488
native,21,core,continuum,90,224,557,ok,16,16,0.0,0.011111111111111112,0.0848008108647839,0.9572681991508708,1.984489517869502
native,21,red,continuum,90,224,557,ok,16,15,0.0625,0.011111111111111112,0.22438861072165503,0.8859455242150869,1.9673810183899574
native,22,blue,continuum,85,224,557,ok,16,16,0.0,0.023529411764705882,0.1820563692493365,0.9088106356734673,1.996464945159891
native,22,core,continuum,85,224,557,ok,16,16,0.0,0.0,0.12540053571317694,0.9368878799174234,1.9869485536074762
native,22,red,continuum,85,224,557,ok,16,15,0.0625,0.011764705882352941,0.1637957679061089,0.9161315325577152,1.9530077620510595
native,23,blue,continuum,73,224,557,ok,16,15,0.0625,0.0,0.19580652474594593,0.8992044880065241,1.9426115396746995
native,23,core,continuum,73,224,557,ok,16,16,0.0,0.0136986301369863,0.14884407409153058,0.9254422635549457,1.99635988414458
native,23,red,continuum,73,224,557,ok,16,16,0.0,0.0273972602739726,0.13753574118255216,0.9308006943876168,1.9875306546131029
native,24,blue,continuum,65,224,557,ok,16,14,0.125,0.015384615384615385,0.2455896661943135,0.8734098728515062,1.940038071896632
native,24,core,continuum,65,224,557,ok,16,16,0.0,0.015384615384615385,0.055010022098677946,0.9720613388663237,1.9689569888648282
native,24,red,continuum,65,224,557,ok,16,14,0.125,0.015384615384615385,0.3247858016380129,0.8367911666834404,1.9900013684189448
native,25,blue,continuum,61,224,557,ok,16,16,0.0,0.03278688524590164,0.10815552092912994,0.9448261043014554,1.9602661650006161
native,25,core,continuum,61,224,557,ok,16,16,0.0,0.01639344262295082,0.12999067462186265,0.93426365324424,1.9774551072154376
native,25,red,continuum,61,224,557,ok,16,16,0.0,0.06557377049180328,0.18301431666131962,0.907624299715577,1.9811954453154024
native,26,blue,continuum,68,224,557,ok,16,16,0.0,0.029411764705882353,0.10996836532745975,0.9443878959961414,1.9774178175281716
native,26,core,continuum,68,224,557,ok,16,16,0.0,0.0,0.10191338063153038,0.9472648643934836,1.9325517884690346
native,26,red,continuum,68,224,557,ok,16,16,0.0,0.014705882352941176,0.1337246827134348,0.9315638313393315,1.9540059785709314
native,27,blue,continuum,81,224,557,ok,16,16,0.0,0.012345679012345678,0.10030860185158468,0.9493262410494498,1.9794979478327321
native,27,core,continuum,81,224,557,ok,16,16,0.0,0.012345679012345678,0.1755446817034585,0.909764003966335,1.94539529034474
native,27,red,continuum,81,224,557,ok,16,16,0.0,0.024691358024691357,0.2039507535843435,0.8965737906947446,1.9719445869121701
native,28,blue,continuum,85,224,557,ok,16,15,0.0625,0.0,0.18754841907339875,0.9044830596617346,1.9635094927581584
native,28,core,continuum,85,224,557,ok,16,16,0.0,0.011764705882352941,0.08484521064653204,0.9567889990043545,1.9635094927581584
native,28,red,continuum,85,224,557,ok,16,16,0.0,0.011764705882352941,0.14459646663566186,0.9268873389518667,1.9777212942703257
native,29,blue,continuum,83,224,557,ok,16,14,0.125,0.0,0.27957001629328515,0.8587167187028861,1.9787905102894596
native,29,core,continuum,83,224,557,ok,16,16,0.0,0.024096385542168676,0.21194184699078866,0.8938824694590299,1.9972368930029123
native,29,red,continuum,83,224,557,ok,16,16,0.0,0.0,0.16633109424245549,0.9164175783247264,1.9900248270942544
native,30,blue,continuum,74,224,557,ok,16,15,0.0625,0.013513513513513514,0.2717216137806702,0.8632330396690082,1.986748942310868
native,30,core,continuum,74,224,557,ok,16,16,0.0,0.0,0.0971575730881934,0.9512818148685799,1.9942773489222791
native,30,red,continuum,74,224,557,ok,16,16,0.0,0.02702702702702703,0.13604731036626877,0.9317811484747647,1.9942773489222791
native,31,blue,continuum,68,224,557,ok,16,15,0.0625,0.014705882352941176,0.18772403130430185,0.905545764886598,1.9874601819486433
native,31,core,continuum,68,224,557,ok,16,16,0.0,0.029411764705882353,0.08809639245283889,0.9557054293638493,1.9888756384273332
native,31,red,continuum,68,224,557,ok,16,15,0.0625,0.029411764705882353,0.20489348929074142,0.8969647869980277,1.988577335078829
native,32,blue,continuum,66,224,557,ok,16,14,0.125,0.015151515151515152,0.239826565604965,0.879566253558365,1.9913568471540544
native,32,core,continuum,66,224,557,ok,16,15,0.0625,0.0,0.12786039561745804,0.9354758960184368,1.9815911841874203
native,32,red,continuum,66,224,557,ok,16,15,0.0625,0.045454545454545456,0.20144869526345305,0.898912505463529,1.9928151962533103
native,33,blue,continuum,66,224,557,ok,16,16,0.0,0.030303030303030304,0.11827874061920472,0.9396094369347106,1.95856330220553
native,33,core,continuum,66,224,557,ok,16,16,0.0,0.030303030303030304,0.059578407716441996,0.9698483481476413,1.9759583325044725
native,33,red,continuum,66,224,557,ok,16,16,0.0,0.015151515151515152,0.13133773051101416,0.9334155622499677,1.9724989043847625
native,34,blue,continuum,72,224,557,ok,16,16,0.0,0.013888888888888888,0.10798892377298888,0.9447116255486335,1.9531940456665011
native,34,core,continuum,72,224,557,ok,16,16,0.0,0.0,0.118029882126586,0.9401463221889366,1.971973760729691
native,34,red,continuum,72,224,557,ok,16,16,0.0,0.013888888888888888,0.108501431927949,0.9451182151147622,1.9770026094237687
native,35,blue,continuum,77,224,557,ok,16,16,0.0,0.0,0.13360231096528222,0.9328876363684825,1.9907257580559936
native,35,core,continuum,77,224,557,ok,16,16,0.0,0.012987012987012988,0.10532724133192696,0.9471147451711763,1.99161830027755
native,35,red,continuum,77,224,557,ok,16,16,0.0,0.012987012987012988,0.12214767886078728,0.938769962432108,1.9948979898199415
native,36,blue,continuum,73,224,557,ok,16,15,0.0625,0.0,0.15360170706070908,0.9223023279246844,1.976915175937529
native,36,core,continuum,73,224,557,ok,16,15,0.0625,0.0136986301369863,0.20171655626166574,0.8982410691541536,1.982298306251311
native,36,red,continuum,73,224,557,ok,16,16,0.0,0.0136986301369863,0.14220419440791512,0.9276445102520628,1.9653545971882438
native,37,blue,continuum,68,224,557,ok,16,16,0.0,0.0,0.07269579866874404,0.9628947133514314,1.9591763124554191
native,37,core,continuum,68,224,557,ok,16,15,0.0625,0.0,0.15050495627732172,0.9244244832461629,1.9914512363513572
native,37,red,continuum,68,224,557,ok,16,16,0.0,0.014705882352941176,0.14005970932112288,0.9293949010468567,1.983705304542845
native,38,blue,continuum,61,224,557,ok,16,16,0.0,0.03278688524590164,0.09116238078644712,0.9532322343033388,1.9492567033826766
native,38,core,continuum,61,224,557,ok,16,16,0.0,0.03278688524590164,0.15705341491302827,0.921201394739578,1.9930989183625951
native,38,red,continuum,61,224,557,ok,16,16,0.0,0.06557377049180328,0.23245943575049816,0.8828603476975921,1.9844641091334345
native,39,blue,continuum,58,224,557,ok,16,16,0.0,0.017241379310344827,0.06368750784190745,0.9676240959425594,1.9671267782643045
native,39,core,continuum,58,224,557,ok,16,16,0.0,0.017241379310344827,0.11617582417318156,0.9417870573213897,1.9957043713557026
native,39,red,continuum,58,224,557,ok,16,15,0.0625,0.034482758620689655,0.2855671247927276,0.8564120374934329,1.9887957166302639
native,40,blue,continuum,66,224,557,ok,16,16,0.0,0.0,0.06982612238739708,0.9647738698130235,1.982225183883881
native,40,core,continuum,66,224,557,ok,16,16,0.0,0.015151515151515152,0.10871760421020263,0.9444437369292386,1.956891954228997
native,40,red,continuum,66,224,557,ok,16,16,0.0,0.015151515151515152,0.12210136911770143,0.9387665400378953,1.9940302114769564
native,41,blue,continuum,75,224,557,ok,16,16,0.0,0.0,0.09421746684092716,0.9525821213160405,1.9869608142719164
native,41,core,continuum,75,224,557,ok,16,16,0.0,0.013333333333333334,0.08950906907063425,0.9542471232756187,1.9563593697035364
native,41,red,continuum,75,224,557,ok,16,16,0.0,0.0,0.04737957133592256,0.9760983627062781,1.9822730448833141
native,42,blue,continuum,82,224,557,ok,16,16,0.0,0.0,0.07236203530525506,0.9637503717118591,1.9962145468103532
native,42,core,continuum,82,224,557,ok,16,16,0.0,0.012195121951219513,0.14381441846202286,0.9266641501000138,1.9610384097021263
native,42,red,continuum,82,224,557,ok,16,16,0.0,0.0,0.06876640812948184,0.965486050988916,1.992423646085757
native,43,blue,continuum,74,224,557,ok,16,16,0.0,0.0,0.04615500662822557,0.976796218317882,1.9891157079707817
native,43,core,continuum,74,224,557,ok,16,14,0.125,0.0,0.35095997616144947,0.8240012618640828,1.9941050707444075
native,43,red,continuum,74,224,557,ok,16,16,0.0,0.0,0.11252945950889512,0.9433186260470963,1.9852987262164
native,44,blue,continuum,72,224,557,ok,16,16,0.0,0.027777777777777776,0.15794719287364667,0.9195640445487738,1.963639170910588
native,44,core,continuum,72,224,557,ok,16,15,0.0625,0.027777777777777776,0.19220191862415956,0.9009026433119731,1.9395261896766787
native,44,red,continuum,72,224,557,ok,16,15,0.0625,0.013888888888888888,0.17599929491727456,0.911505696569333,1.9888206143705673
native,45,blue,continuum,71,224,557,ok,16,15,0.0625,0.028169014084507043,0.2117147410077744,0.893146379493512,1.9813529949125077
native,45,core,continuum,71,224,557,ok,16,16,0.0,0.028169014084507043,0.07903338139658626,0.9602719398915354,1.9893591879596235
native,45,red,continuum,71,224,557,ok,16,15,0.0625,0.0,0.16803996679055042,0.9156729120969291,1.9927163497416487
native,46,blue,continuum,72,224,557,ok,16,16,0.0,0.027777777777777776,0.11309451533744493,0.9429827949672663,1.9835155945037508
native,46,core,continuum,72,224,557,ok,16,15,0.0625,0.0,0.08281885954500452,0.9581636847134435,1.9795925854784138
native,46,red,continuum,72,224,557,ok,16,15,0.0625,0.013888888888888888,0.22312273414445455,0.8882482705050522,1.9965931189865087
native,47,blue,continuum,74,224,557,ok,16,16,0.0,0.04054054054054054,0.0954154936280085,0.9517588463029408,1.9778858156500747
native,47,core,continuum,74,224,557,ok,16,15,0.0625,0.013513513513513514,0.10145569185714792,0.9490223475213485,1.9901993701972769
native,47,red,continuum,74,224,557,ok,16,15,0.0625,0.013513513513513514,0.26327962240578723,0.8680469685505611,1.995252549439679
native,48,blue,continuum,68,224,557,ok,16,15,0.0625,0.029411764705882353,0.11569632708523964,0.9405090979965735,1.9447734559239978
native,48,core,continuum,68,224,557,ok,16,16,0.0,0.014705882352941176,0.0871234852069876,0.9563837926688239,1.9975025463691152
native,48,red,continuum,68,224,557,ok,16,16,0.0,0.014705882352941176,0.10492242445862451,0.9468128373574267,1.972702043982321
native,49,blue,continuum,72,224,557,ok,16,16,0.0,0.0,0.1136138127207805,0.9431614412706261,1.998886236044991
native,49,core,continuum,72,224,557,ok,16,15,0.0625,0.027777777777777776,0.21590765317103663,0.891744371117212,1.994424265964102
native,49,red,continuum,72,224,557,ok,16,16,0.0,0.013888888888888888,0.14818616552235828,0.9250707305093259,1.9776806384159649
native,50,blue,continuum,76,224,557,ok,16,16,0.0,0.013157894736842105,0.16897867984804862,0.9152064299457097,1.9928242169760941
native,50,core,continuum,76,224,557,ok,16,15,0.0625,0.0,0.18673420378473374,0.905357750263315,1.973053306575744
native,50,red,continuum,76,224,557,ok,16,16,0.0,0.0,0.11251411386324946,0.9428686242596778,1.96939269193616
native,51,blue,continuum,79,224,557,ok,16,16,0.0,0.0,0.10529945667901808,0.9461434563411455,1.9551840783920376
native,51,core,continuum,79,224,557,ok,16,16,0.0,0.02531645569620253,0.16617064513703417,0.9150840769408739,1.9568843998943672
native,51,red,continuum,79,224,557,ok,16,16,0.0,0.012658227848101266,0.07037472736722036,0.9642598022241475,1.9690637362608103
native,52,blue,continuum,74,224,557,ok,16,16,0.0,0.02702702702702703,0.19787820057331273,0.8987772864788919,1.954879430613652
native,52,core,continuum,74,224,557,ok,16,15,0.0625,0.02702702702702703,0.15963442618556653,0.9153746661321804,1.8863668701727931
native,52,red,continuum,74,224,557,ok,16,15,0.0625,0.0,0.13503139146004087,0.9322847158652312,1.9941050707444075
native,53,blue,continuum,76,224,557,ok,16,16,0.0,0.0,0.14124386606591743,0.9283288809601319,1.970722209420902
native,53,core,continuum,76,224,557,ok,16,16,0.0,0.013157894736842105,0.09634455157269925,0.9502445669511342,1.9363624366021979
native,53,red,continuum,76,224,557,ok,16,16,0.0,0.013157894736842105,0.1274935964365099,0.9362213265380648,1.9990004419361496
native,54,blue,continuum,75,224,557,ok,16,15,0.0625,0.0,0.22233949136010006,0.8884028550994598,1.9923403198017098
native,54,core,continuum,75,224,557,ok,16,14,0.125,0.013333333333333334,0.2428529596414753,0.8772739982859663,1.9788223868594026
native,54,red,continuum,75,224,557,ok,16,16,0.0,0.013333333333333334,0.12971093808832668,0.9345691384589683,1.9824121986684338
native,55,blue,continuum,83,224,557,ok,16,16,0.0,0.012048192771084338,0.1469906341175369,0.925883481997069,1.98323717948709
native,55,core,continuum,83,224,557,ok,16,15,0.0625,0.0,0.1520749049866189,0.9228644265600537,1.9715275093535989
native,55,red,continuum,83,224,557,ok,16,16,0.0,0.0,0.07378555635378464,0.9629799400317036,1.993123631268395
native,56,blue,continuum,88,224,557,ok,16,16,0.0,0.011363636363636364,0.09439694935219228,0.952675372674689,1.9946686257728916
native,56,core,continuum,88,224,557,ok,16,15,0.0625,0.0,0.13223475464257858,0.9322915130570747,1.9530011762638502
native,56,red,continuum,88,224,557,ok,16,16,0.0,0.0,0.1083209115321631,0.9455752418453108,1.9902874207412604
native,57,blue,continuum,91,224,557,ok,16,16,0.0,0.0,0.07163269966629225,0.9640137359203754,1.9905567165236984
native,57,core,continuum,91,224,557,ok,16,15,0.0625,0.0,0.13428422420065916,0.9319692527054229,1.9738754833781351
native,57,red,continuum,91,224,557,ok,16,16,0.0,0.01098901098901099,0.10700769575881297,0.9453778531302763,1.959053275844891
native,58,blue,continuum,87,224,557,ok,16,16,0.0,0.022988505747126436,0.17938153606187743,0.9094852140283485,1.981792633504742
native,58,core,continuum,87,224,557,ok,16,15,0.0625,0.011494252873563218,0.11607425225851517,0.9404940768531185,1.950633586038201
native,58,red,continuum,87,224,557,ok,16,16,0.0,0.0,0.07382041317586727,0.9617610030441733,1.930500772840455
native,59,blue,continuum,83,224,557,ok,16,15,0.0625,0.012048192771084338,0.18881889497253107,0.9046974787536084,1.981258129408409
native,59,core,continuum,83,224,557,ok,16,15,0.0625,0.0,0.08450865076965323,0.9566731714721561,1.9504924233109764
native,59,red,continuum,83,224,557,ok,16,16,0.0,0.024096385542168676,0.13289537065996976,0.9303208108996704,1.9072462291232548
native,60,blue,continuum,68,224,557,ok,16,15,0.0625,0.029411764705882353,0.14509390420011245,0.9262164516862287,1.9664804352196141
native,60,core,continuum,68,224,557,ok,16,16,0.0,0.04411764705882353,0.05851032941476979,0.9700383461897176,1.9528404468344103
native,60,red,continuum,68,224,557,ok,16,15,0.0625,0.014705882352941176,0.18935901446207237,0.9030918960644323,1.9540059785709312
native,61,blue,continuum,72,224,557,ok,16,16,0.0,0.013888888888888888,0.053078595562009986,0.9731755004850913,1.9787357274833623
native,61,core,continuum,72,224,557,ok,16,15,0.0625,0.027777777777777776,0.1478504339408885,0.9257434525364634,1.9910760598382222
native,61,red,continuum,72,224,557,ok,16,16,0.0,0.0,0.09892927548410643,0.9504247606405595,1.9955380299191112
native,62,blue,continuum,74,224,557,ok,16,16,0.0,0.013513513513513514,0.05115371746922677,0.9739951337419922,1.9670825053166652
native,62,core,continuum,74,224,557,ok,16,14,0.125,0.013513513513513514,0.24430497744486906,0.8767287195237228,1.9818482983299908
native,62,red,continuum,74,224,557,ok,16,15,0.0625,0.0,0.12124954189751153,0.9390293078416156,1.9886528691939414
native,63,blue,continuum,77,224,557,ok,16,16,0.0,0.012987012987012988,0.01741583221093719,0.9910344280700404,1.9425232820607836
native,63,core,continuum,77,224,557,ok,16,15,0.0625,0.0,0.1861598008681069,0.9058829268522912,1.9779599454388574
native,63,red,continuum,77,224,557,ok,16,16,0.0,0.012987012987012988,0.060103502035164964,0.9696436747735684,1.9799333940075217
native,64,blue,continuum,69,224,557,ok,16,15,0.0625,0.0,0.06482696567797105,0.9667421112288866,1.9492207134410018
native,64,core,continuum,69,224,557,ok,16,15,0.0625,0.028985507246376812,0.2605158306477933,0.8693906580008799,1.9946186594336284
native,64,red,continuum,69,224,557,ok,16,15,0.0625,0.028985507246376812,0.14364762364265518,0.9259499466598041,1.939871980682022
native,65,blue,continuum,68,224,557,ok,16,16,0.0,0.029411764705882353,0.14735894585176545,0.9253586375337545,1.9742263670281262
native,65,core,continuum,68,224,557,ok,16,15,0.0625,0.014705882352941176,0.13187926530758567,0.9321558086651675,1.9438549227703188
native,65,red,continuum,68,224,557,ok,16,15,0.0625,0.014705882352941176,0.13761791786459154,0.9291448292244492,1.9422424130558695
native,66,blue,continuum,73,224,557,ok,16,14,0.125,0.0136986301369863,0.25006962122753856,0.8742589423628363,1.9887666441389047
native,66,core,continuum,73,224,557,ok,16,14,0.125,0.0,0.14227989552293113,0.9264945335151642,1.935636930517045
native,66,red,continuum,73,224,557,ok,16,14,0.125,0.0,0.15602729163273038,0.9193077303105897,1.9336089099152787
native,67,blue,continuum,63,224,557,ok,16,16,0.0,0.015873015873015872,0.1030214116070928,0.9480616099470117,1.9835310933201618
native,67,core,continuum,63,224,557,ok,16,16,0.0,0.015873015873015872,0.06292979988802588,0.9673579761775717,1.9278767833257593
native,67,red,continuum,63,224,557,ok,16,15,0.0625,0.0,0.13086673730510553,0.9331059972801702,1.9563298948219756
native,68,blue,continuum,68,224,557,ok,16,16,0.0,0.014705882352941176,0.18018038449275742,0.9087639026589323,1.9748804447343833
native,68,core,continuum,68,224,557,ok,16,16,0.0,0.014705882352941176,0.062031014288666,0.9676050376919514,1.9148352048940103
native,68,red,continuum,68,224,557,ok,16,15,0.0625,0.0,0.18878708882661632,0.9048501331642631,1.984102501714807
native,69,blue,continuum,72,224,557,ok,16,15,0.0625,0.013888888888888888,0.18915622680248656,0.904259783457539,1.9757238246750282
native,69,core,continuum,72,224,557,ok,16,16,0.0,0.027777777777777776,0.0848952449692334,0.9556945842585892,1.9161369676503155
native,69,red,continuum,72,224,557,ok,16,16,0.0,0.0,0.09780463169311551,0.9509010861322225,1.9919917568136352
native,70,blue,continuum,86,224,557,ok,16,16,0.0,0.03488372093023256,0.12027520152723556,0.9387800887523224,1.9646418800026995
native,70,core,continuum,86,224,557,ok,16,16,0.0,0.011627906976744186,0.08559154275288439,0.9560314304553127,1.946652884986255
native,70,red,continuum,86,224,557,ok,16,16,0.0,0.011627906976744186,0.06460781888750869,0.9670012849193745,1.9578889277856117
native,71,blue,continuum,81,224,557,ok,16,16,0.0,0.012345679012345678,0.1192455481093856,0.9397637882764172,1.9796322626759804
native,71,core,continuum,81,224,557,ok,16,16,0.0,0.0,0.04228547788618376,0.9784722117151632,1.9642276915166346
native,71,red,continuum,81,224,557,ok,16,16,0.0,0.012345679012345678,0.07005588071801971,0.9638069582272754,1.9356173807644559
native,72,blue,continuum,71,224,557,ok,16,16,0.0,0.014084507042253521,0.07338046761473319,0.9625895717115501,1.961497661800057
native,72,core,continuum,71,224,557,ok,16,16,0.0,0.014084507042253521,0.04135865244985902,0.9791581838787751,1.9844073188871565
native,72,red,continuum,71,224,557,ok,16,16,0.0,0.014084507042253521,0.10220651195098007,0.9466534740010052,1.91589817775399
native,73,blue,continuum,63,224,557,ok,16,13,0.1875,0.031746031746031744,0.2946662084971763,0.8482929727152204,1.9423372388942695
native,73,core,continuum,63,224,557,ok,16,14,0.125,0.015873015873015872,0.17297759708271937,0.9130377691236937,1.9891117711637358
native,73,red,continuum,63,224,557,ok,16,15,0.0625,0.047619047619047616,0.22097708220332996,0.8832112858592517,1.8921098997375612
native,74,blue,continuum,62,224,557,ok,16,15,0.0625,0.03225806451612903,0.1923883578340541,0.9006365670474445,1.936208845822755
native,74,core,continuum,62,224,557,ok,16,16,0.0,0.04838709677419355,0.1613647716436165,0.918797635934907,1.98719302696981
native,74,red,continuum,62,224,557,ok,16,14,0.125,0.03225806451612903,0.25885435543350044,0.8597312406104987,1.845417016305877
native,75,blue,continuum,68,224,557,ok,16,16,0.0,0.014705882352941176,0.07902281076009257,0.9594871804225495,1.9505630954424311
native,75,core,continuum,68,224,557,ok,16,16,0.0,0.014705882352941176,0.1290698715501778,0.9347201188578493,1.9771768773463432
native,75,red,continuum,68,224,557,ok,16,16,0.0,0.029411764705882353,0.13100135221673004,0.9314657342471984,1.9114723237751292
native,76,blue,continuum,72,224,557,ok,16,16,0.0,0.027777777777777776,0.09776297836742912,0.9497070010991298,1.94386854043292
native,76,core,continuum,72,224,557,ok,16,16,0.0,0.013888888888888888,0.06296300097523475,0.9673188426447297,1.926584187052393
native,76,red,continuum,72,224,557,ok,16,16,0.0,0.013888888888888888,0.07952542963053705,0.960077430361587,1.9919917568136352
native,77,blue,continuum,78,224,557,ok,16,16,0.0,0.0,0.05477587610538885,0.972178270215975,1.968816336389001
native,77,core,continuum,78,224,557,ok,16,16,0.0,0.01282051282051282,0.11701387248826071,0.9401377951582484,1.9547203915657967
native,77,red,continuum,78,224,557,ok,16,16,0.0,0.01282051282051282,0.1536045548422596,0.9218194187609635,1.9647405072701492
native,78,blue,continuum,77,224,557,ok,16,16,0.0,0.0,0.031796617562538626,0.9839340569820362,1.979131727716566
native,78,core,continuum,77,224,557,ok,16,16,0.0,0.025974025974025976,0.10783522943747731,0.945965841601712,1.9956862961132764
native,78,red,continuum,77,224,557,ok,16,15,0.0625,0.0,0.17083903504166972,0.9123109679341278,1.9482372084268773
native,79,blue,continuum,72,224,557,ok,16,16,0.0,0.013888888888888888,0.06275946277857045,0.9678709740729401,1.953357158136334
native,79,core,continuum,72,224,557,ok,16,16,0.0,0.013888888888888888,0.09905188883916725,0.949509009678906,1.9617735403733099
native,79,red,continuum,72,224,557,ok,16,14,0.125,0.0,0.18463746192920338,0.9013358058905996,1.8713725236986638
native,80,blue,continuum,70,224,557,ok,16,16,0.0,0.014285714285714285,0.11235024803289528,0.941896189864403,1.9336124046031289
native,80,core,continuum,70,224,557,ok,16,16,0.0,0.02857142857142857,0.11111588574329925,0.9436543890863778,1.972041547542007
native,80,red,continuum,70,224,557,ok,16,15,0.0625,0.02857142857142857,0.1930414994718928,0.8990652034529987,1.9125366679864562
native,81,blue,continuum,70,224,557,ok,16,16,0.0,0.0,0.053022757684024785,0.9732169845155761,1.9797157536223313
native,81,core,continuum,70,224,557,ok,16,15,0.0625,0.0,0.23567991846889283,0.8809595423404452,1.9798304131433748
native,81,red,continuum,70,224,557,ok,16,16,0.0,0.014285714285714285,0.11660884634157903,0.9403128154794053,1.9536663905020313
native,82,blue,continuum,76,224,557,ok,16,16,0.0,0.0,0.06343667210815179,0.9679595036945885,1.9798904331403118
native,82,core,continuum,76,224,557,ok,16,15,0.0625,0.0,0.20857909291469012,0.8947450859028824,1.9816565782594848
native,82,red,continuum,76,224,557,ok,16,15,0.0625,0.0,0.18744970098984218,0.9048185251436291,1.9693926919361602
native,83,blue,continuum,83,224,557,ok,16,16,0.0,0.0,0.0697044707026663,0.9649630763124903,1.9894575027291965
native,83,core,continuum,83,224,557,ok,16,15,0.0625,0.0,0.17085810643132857,0.9141849434343029,1.9910038316006407
native,83,red,continuum,83,224,557,ok,16,16,0.0,0.0,0.05888316494165907,0.9704432700256914,1.992208373282219
native,84,blue,continuum,75,224,557,ok,16,16,0.0,0.0,0.08825018216201694,0.9556634630665319,1.9904617786104106
native,84,core,continuum,75,224,557,ok,16,15,0.0625,0.02666666666666667,0.20382758451475202,0.8967439200606996,1.974000801062495
native,84,red,continuum,75,224,557,ok,16,16,0.0,0.0,0.036450758646350286,0.98167655380402,1.989296023056365
native,85,blue,continuum,67,224,557,ok,16,16,0.0,0.014925373134328358,0.07357737731555136,0.9629531217896893,1.9860614677938964
native,85,core,continuum,67,224,557,ok,16,16,0.0,0.0,0.0774041592421778,0.9608366061664029,1.9764415609909431
native,85,red,continuum,67,224,557,ok,16,16,0.0,0.0,0.03619869386498853,0.9817068691467669,1.9788134767860526
native,86,blue,continuum,59,224,557,ok,16,16,0.0,0.01694915254237288,0.10809121218271797,0.9454229221284263,1.9805239928211127
native,86,core,continuum,59,224,557,ok,16,15,0.0625,0.0,0.18360979734766641,0.9067776900874892,1.9695907290860348
native,86,red,continuum,59,224,557,ok,16,16,0.0,0.05084745762711865,0.13180021338935646,0.9332464214044943,1.9744291791156525
native,87,blue,continuum,59,224,557,ok,16,16,0.0,0.05084745762711865,0.16725164334062964,0.9155815199523849,1.9812207379982871
native,87,core,continuum,59,224,557,ok,16,15,0.0625,0.01694915254237288,0.21693377751466472,0.8891966337328022,1.9578265969965005
native,87,red,continuum,59,224,557,ok,16,16,0.0,0.01694915254237288,0.05291049766932565,0.9733394677863954,1.9846002039796424
native,88,blue,continuum,69,224,557,ok,16,16,0.0,0.0,0.07083654813534143,0.9638899519737695,1.9616852374132931
native,88,core,continuum,69,224,557,ok,16,16,0.0,0.028985507246376812,0.14272677006554896,0.9275091606838706,1.9688938824824986
native,88,red,continuum,69,224,557,ok,16,16,0.0,0.014492753623188406,0.06756635250450747,0.9657333829606894,1.9717835707853963
native,89,blue,continuum,68,224,557,ok,16,15,0.0625,0.029411764705882353,0.20849822018985645,0.892352958335582,1.9368690208861934
native,89,core,continuum,68,224,557,ok,16,15,0.0625,0.014705882352941176,0.15260645753608082,0.922102447538068,1.959066141528112
native,89,red,continuum,68,224,557,ok,16,16,0.0,0.04411764705882353,0.1272536315336913,0.9355425326806618,1.9742263670281262
native,90,blue,continuum,76,224,557,ok,16,16,0.0,0.013157894736842105,0.22795801049912473,0.8836532755293081,1.9592989105296892
native,90,core,continuum,76,224,557,ok,16,16,0.0,0.013157894736842105,0.10871564885041594,0.9446009497019942,1.962409973918438
native,90,red,continuum,76,224,557,ok,16,16,0.0,0.0,0.07941290800407974,0.9601115574031583,1.9908751215663547
native,91,blue,continuum,79,224,557,ok,16,16,0.0,0.0,0.1429532808412629,0.9277944779380609,1.9798109169356222
native,91,core,continuum,79,224,557,ok,16,16,0.0,0.0,0.1162061534224062,0.9409625686883099,1.9683470442487878
native,91,red,continuum,79,224,557,ok,16,16,0.0,0.0,0.05262194979105303,0.9734139461338851,1.9793065212330012
native,92,blue,continuum,78,224,557,ok,16,16,0.0,0.0,0.1469543590218117,0.924987550701858,1.9590662669569936
native,92,core,continuum,78,224,557,ok,16,16,0.0,0.0,0.084044820411638,0.9576351310273938,1.9838328891323307
native,92,red,continuum,78,224,557,ok,16,16,0.0,0.0,0.11669513401572082,0.940637909052702,1.9658191305849273
native,93,blue,continuum,67,224,557,ok,16,15,0.0625,0.0,0.1287009400442583,0.9347360966690601,1.9720080086482459
native,93,core,continuum,67,224,557,ok,16,16,0.0,0.029850746268656716,0.1358275750727471,0.9311759236747467,1.9735473736086795
native,93,red,continuum,67,224,557,ok,16,14,0.125,0.0,0.20276194031600694,0.8939645647876127,1.912209252594455
native,94,blue,continuum,64,224,557,ok,16,15,0.0625,0.046875,0.13833770154993305,0.9301671693609987,1.9809837333540972
native,94,core,continuum,64,224,557,ok,16,15,0.0625,0.0625,0.16146232636431118,0.9168204163376167,1.9411292922511938
native,94,red,continuum,64,224,557,ok,16,14,0.125,0.03125,0.36841470304697765,0.8114549107321583,1.9539872636174478
native,95,blue,continuum,58,224,557,ok,16,16,0.0,0.017241379310344827,0.030438686531455105,0.9846450596937363,1.9823383174624432
native,95,core,continuum,58,224,557,ok,16,16,0.0,0.05172413793103448,0.07330802830061915,0.961274346094065,1.8930094370694222
native,95,red,continuum,58,224,557,ok,16,16,0.0,0.06896551724137931,0.19260451560201114,0.9013331233384341,1.9520686386238584
native,96,blue,continuum,66,224,557,ok,16,16,0.0,0.015151515151515152,0.09459946121498154,0.9524191557045749,1.9881837452824958
native,96,core,continuum,66,224,557,ok,16,16,0.0,0.030303030303030304,0.10520761264315132,0.946662777652611,1.9724989043847625
native,96,red,continuum,66,224,557,ok,16,16,0.0,0.015151515151515152,0.15148863266344487,0.9225390300197069,1.955676939005351
native,97,blue,continuum,64,224,557,ok,16,15,0.0625,0.015625,0.19872958165605525,0.8987123142674011,1.9620310230081115
native,97,core,continuum,64,224,557,ok,16,16,0.0,0.03125,0.2205563716254577,0.889025249194183,1.987446423839112
native,97,red,continuum,64,224,557,ok,16,16,0.0,0.0,0.12343953283104532,0.9380615880044346,1.9929399035913806
native,98,blue,continuum,70,224,557,ok,16,16,0.0,0.014285714285714285,0.14334129185399386,0.927136337688025,1.9672534608576204
native,98,core,continuum,70,224,557,ok,16,16,0.0,0.014285714285714285,0.052617609565563925,0.9734401951358356,1.9810992525987134
native,98,red,continuum,70,224,557,ok,16,16,0.0,0.014285714285714285,0.07716821572567352,0.9612287591447995,1.9903468143791132
native,99,blue,continuum,68,224,557,ok,16,15,0.0625,0.029411764705882353,0.24465075168173442,0.8736875085286887,1.9368690208861934
native,99,core,continuum,68,224,557,ok,16,16,0.0,0.014705882352941176,0.0929352413634495,0.9531600603884487,1.9841025017148073
native,99,red,continuum,68,224,557,ok,16,16,0.0,0.0,0.09788722807340702,0.950390816666729,1.9731674963445294
native,100,blue,continuum,60,224,557,ok,16,16,0.0,0.05,0.15061793930120598,0.9237449599275112,1.97518667825795
native,100,core,continuum,60,224,557,ok,16,15,0.0625,0.05,0.25420883500761743,0.8710104524567764,1.9707708093358003
native,100,red,continuum,60,224,557,ok,16,16,0.0,0.05,0.12198318982003707,0.9378774694416611,1.96359016163199
native,101,blue,continuum,55,224,557,ok,16,16,0.0,0.03636363636363636,0.09032048149053937,0.9544360974135074,1.9822815071445374
native,101,core,continuum,55,224,557,ok,16,15,0.0625,0.01818181818181818,0.15958651500699322,0.9169654081068283,1.9219280948873623
native,101,red,continuum,55,224,557,ok,16,16,0.0,0.03636363636363636,0.1176145477021486,0.9410565869502642,1.9953806815174855
native,102,blue,continuum,59,224,557,ok,16,16,0.0,0.05084745762711865,0.1898027577898604,0.904991247656535,1.9977397145865754
native,102,core,continuum,59,224,557,ok,16,16,0.0,0.01694915254237288,0.06781985719668492,0.964409499142707,1.9055606289054987
native,102,red,continuum,59,224,557,ok,16,16,0.0,0.05084745762711865,0.13335550884489838,0.9328048497740322,1.9846002039796424
native,103,blue,continuum,62,224,557,ok,16,15,0.0625,0.03225806451612903,0.22020072361263693,0.8893575310944888,1.9902007410977849
native,103,core,continuum,62,224,557,ok,16,16,0.0,0.03225806451612903,0.10317725673604337,0.9479884607621496,1.9837378060320519
native,103,red,continuum,62,224,557,ok,16,15,0.0625,0.016129032258064516,0.1322665527520398,0.9335410996384805,1.990200741097785
native,104,blue,continuum,65,224,557,ok,16,16,0.0,0.046153846153846156,0.11836216183504689,0.9398885142183692,1.969044023716623
native,104,core,continuum,65,224,557,ok,16,16,0.0,0.046153846153846156,0.1333405656625386,0.9325547015311919,1.9770179492082094
native,104,red,continuum,65,224,557,ok,16,15,0.0625,0.046153846153846156,0.2246364396626751,0.886467245317308,1.9786046792443486
native,105,blue,continuum,70,224,557,ok,16,14,0.125,0.0,0.17695641844708168,0.9091211540831817,1.947168415948532
native,105,core,continuum,70,224,557,ok,16,16,0.0,0.07142857142857142,0.29281970688718106,0.8502316997460126,1.9551514331844406
native,105,red,continuum,70,224,557,ok,16,15,0.0625,0.0,0.14445247290591637,0.9256181920174823,1.9420403566940403
native,106,blue,continuum,74,224,557,ok,16,14,0.125,0.0,0.15314542363121536,0.923240441752235,1.9951316438910647
native,106,core,continuum,74,224,557,ok,16,15,0.0625,0.013513513513513514,0.15307541642192976,0.9223925619129794,1.9724322847803268
native,106,red,continuum,74,224,557,ok,16,15,0.0625,0.013513513513513514,0.14495790316768678,0.9268572154135934,1.9818482983299908
native,107,blue,continuum,79,224,557,ok,16,15,0.0625,0.02531645569620253,0.1933594399964615,0.902494733261043,1.9830666225869342
native,107,core,continuum,79,224,557,ok,16,15,0.0625,0.0,0.09234741565482296,0.9530854207876424,1.9684161556009006
native,107,red,continuum,79,224,557,ok,16,16,0.0,0.02531645569620253,0.12286970613863508,0.9383610590629762,1.9933779567071135
native,108,blue,continuum,64,224,557,ok,16,14,0.125,0.0,0.21102892537614687,0.8921949923068867,1.9575057772536815
native,108,core,continuum,64,224,557,ok,16,16,0.0,0.03125,0.04325575295930813,0.9781343030225469,1.9782471605598217
native,108,red,continuum,64,224,557,ok,16,15,0.0625,0.015625,0.2120245808878803,0.8936121553360434,1.9929399035913806
native,109,blue,continuum,62,224,557,ok,16,16,0.0,0.0,0.1148122240452614,0.9421916135344739,1.9860824884591675
native,109,core,continuum,62,224,557,ok,16,16,0.0,0.03225806451612903,0.09126835769399338,0.9527101573005036,1.9299780351133484
native,109,red,continuum,62,224,557,ok,16,16,0.0,0.016129032258064516,0.13277817538187456,0.9333299082878228,1.9915703124437538
native,110,blue,continuum,59,224,557,ok,16,14,0.125,0.0,0.2736914656007287,0.8597802195666274,1.9518748692576735
native,110,core,continuum,59,224,557,ok,16,16,0.0,0.0,0.05816479329015619,0.9706316139057196,1.980523992821113
native,110,red,continuum,59,224,557,ok,16,16,0.0,0.0,0.048095407298502105,0.9755394039199382,1.9662401987703586
native,111,blue,continuum,62,224,557,ok,16,15,0.0625,0.016129032258064516,0.15907499802675448,0.9181471950660981,1.9434275728878356
native,111,core,continuum,62,224,557,ok,16,16,0.0,0.016129032258064516,0.07777175910315948,0.9605120808502149,1.9695076564595997
native,111,red,continuum,62,224,557,ok,16,16,0.0,0.03225806451612903,0.15173009500349965,0.9235130295232937,1.9837378060320519
native,112,blue,continuum,69,224,557,ok,16,16,0.0,0.0,0.06513207362395709,0.9668581036502558,1.9652488480629722
native,112,core,continuum,69,224,557,ok,16,16,0.0,0.028985507246376812,0.11746533548403719,0.9389600698006886,1.9244015368379666
native,112,red,continuum,69,224,557,ok,16,16,0.0,0.014492753623188406,0.167224569869948,0.9156212245220472,1.9818321482235988
native,113,blue,continuum,65,224,557,ok,16,16,0.0,0.015384615384615385,0.10598096398568711,0.9463946763417802,1.9770604252183483
native,113,core,continuum,65,224,557,ok,16,16,0.0,0.015384615384615385,0.0713907852073922,0.9629606073899175,1.9274286152294773
native,113,red,continuum,65,224,557,ok,16,16,0.0,0.015384615384615385,0.1224208489033059,0.9377859908954912,1.967737663355852
native,114,blue,continuum,67,224,557,ok,16,15,0.0625,0.029850746268656716,0.10926273849765246,0.9451396286152163,1.9916514551332032
native,114,core,continuum,67,224,557,ok,16,15,0.0625,0.029850746268656716,0.05590325549762097,0.9714949541729992,1.9611705182619954
native,114,red,continuum,67,224,557,ok,16,16,0.0,0.07462686567164178,0.060256470122671435,0.9689384126875605,1.9399031194564875
native,115,blue,continuum,68,224,557,ok,16,16,0.0,0.014705882352941176,0.07302401269991608,0.9633230453066254,1.9910053413760456
native,115,core,continuum,68,224,557,ok,16,16,0.0,0.029411764705882353,0.04223396766237371,0.9785296677913473,1.9670849641233388
native,115,red,continuum,68,224,557,ok,16,16,0.0,0.014705882352941176,0.05540479795219562,0.9716754650349145,1.9560708770855724
native,116,blue,continuum,59,224,557,ok,16,16,0.0,0.01694915254237288,0.12883818024638993,0.934079475365767,1.954447131015145
native,116,core,continuum,59,224,557,ok,16,15,0.0625,0.01694915254237288,0.15316757048298804,0.9209077779636137,1.9365693179352506
native,116,red,continuum,59,224,557,ok,16,16,0.0,0.01694915254237288,0.11366469896039519,0.94255416272994,1.9786411750958257
native,117,blue,continuum,58,224,557,ok,16,15,0.0625,0.0,0.13767872702260214,0.930130331054468,1.970507791155152
native,117,core,continuum,58,224,557,ok,16,15,0.0625,0.034482758620689655,0.15769443581696366,0.9172804955977842,1.9063754909626816
native,117,red,continuum,58,224,557,ok,16,16,0.0,0.05172413793103448,0.17379977615427597,0.9124044521442667,1.984116549399496
native,118,blue,continuum,63,224,557,ok,16,16,0.0,0.015873015873015872,0.03557795421723193,0.9818875116277679,1.9642775463020172
native,118,core,continuum,63,224,557,ok,16,16,0.0,0.047619047619047616,0.08648321074775846,0.9556369268127929,1.949441382990063
native,118,red,continuum,63,224,557,ok,16,16,0.0,0.015873015873015872,0.07406425561771869,0.9623069493645818,1.9649313167590756
native,119,blue,continuum,71,224,557,ok,16,15,0.0625,0.0,0.16395911719058529,0.916256140528891,1.9578643523964887
native,119,core,continuum,71,224,557,ok,16,15,0.0625,0.028169014084507043,0.21410247528322274,0.8896655830121645,1.940486759510658
native,119,red,continuum,71,224,557,ok,16,16,0.0,0.014084507042253521,0.03088761084620236,0.9837909001409701,1.9055722473691419
native,120,blue,continuum,72,224,557,ok,16,16,0.0,0.041666666666666664,0.17568580018229762,0.9096675834874707,1.9448809958264497
native,120,core,continuum,72,224,557,ok,16,16,0.0,0.027777777777777776,0.14812773992545542,0.924948616890495,1.9736843451549333
native,120,red,continuum,72,224,557,ok,16,15,0.0625,0.027777777777777776,0.15297818865711993,0.9172484847966217,1.848645167174832
native,121,blue,continuum,65,224,557,ok,16,16,0.0,0.06153846153846154,0.19440171614288865,0.9000060184128378,1.9441341674492034
native,121,core,continuum,65,224,557,ok,16,15,0.0625,0.03076923076923077,0.1859199677680436,0.9067074405013132,1.9928702649717827
native,121,red,continuum,65,224,557,ok,16,16,0.0,0.046153846153846156,0.19349271689746883,0.8977891970054189,1.8930750099647216
native,122,blue,continuum,60,224,557,ok,16,15,0.0625,0.03333333333333333,0.2426084233530861,0.8761663571981777,1.9591479170272448
native,122,core,continuum,60,224,557,ok,16,15,0.0625,0.016666666666666666,0.13401595928305596,0.931983343652264,1.9703403030854325
native,122,red,continuum,60,224,557,ok,16,16,0.0,0.03333333333333333,0.1356456386668129,0.9314820618415729,1.9797098732476919
native,123,blue,continuum,56,224,557,ok,16,16,0.0,0.03571428571428571,0.17540085576973874,0.9112622857243033,1.97662129570738
native,123,core,continuum,56,224,557,ok,16,16,0.0,0.08928571428571429,0.15825591975022407,0.9194913101186115,1.9656998515735218
native,123,red,continuum,56,224,557,ok,16,16,0.0,0.03571428571428571,0.05281620833507413,0.9722987335360751,1.9066351498353387
native,124,blue,continuum,55,224,557,ok,16,15,0.0625,0.03636363636363636,0.2563188988915806,0.8678575097085954,1.9397159711939618
native,124,core,continuum,55,224,557,ok,16,14,0.125,0.03636363636363636,0.21843366325643837,0.8860312944249125,1.9166108990553086
native,124,red,continuum,55,224,557,ok,16,15,0.0625,0.03636363636363636,0.1499209979294112,0.9215493445755599,1.9110228858930052
native,125,blue,continuum,57,224,557,ok,16,15,0.0625,0.03508771929824561,0.1809638402681179,0.9032487616422586,1.8704033492470373
native,125,core,continuum,57,224,557,ok,16,14,0.125,0.05263157894736842,0.29739313094982756,0.8441654098828908,1.9083897273791246
native,125,red,continuum,57,224,557,ok,16,16,0.0,0.08771929824561403,0.17627148980043456,0.9080145114525167,1.9162967179267891
native,126,blue,continuum,60,224,557,ok,16,15,0.0625,0.016666666666666666,0.14002785473098545,0.926866358656821,1.9146845714122989
native,126,core,continuum,60,224,557,ok,16,15,0.0625,0.05,0.30772436699295636,0.8416910274615511,1.9438213896449774
native,126,red,continuum,60,224,557,ok,16,16,0.0,0.06666666666666667,0.20572544029985773,0.8951215998729211,1.9615615803691189
native,127,blue,continuum,62,224,557,ok,16,15,0.0625,0.03225806451612903,0.25193455004664234,0.8711403196789416,1.9551076754104826
native,127,core,continuum,62,224,557,ok,16,14,0.125,0.0,0.41318582800198206,0.7914335079844348,1.9810748313834916
native,127,red,continuum,62,224,557,ok,16,15,0.0625,0.03225806451612903,0.20168269327076055,0.8979323406250326,1.9759705915253327
native,128,blue,continuum,61,224,557,ok,16,14,0.125,0.01639344262295082,0.2450810587681419,0.8766285660775041,1.9865300335416864
native,128,core,continuum,61,224,557,ok,16,14,0.125,0.03278688524590164,0.2950442508927153,0.8500318926518138,1.9673799723810663
native,128,red,continuum,61,224,557,ok,16,15,0.0625,0.03278688524590164,0.17564294026973737,0.9103515951714678,1.9592422264030724
native,129,blue,continuum,52,224,557,ok,16,16,0.0,0.038461538461538464,0.14797055087904715,0.9249660366534209,1.9720476472177908
native,129,core,continuum,52,224,557,ok,16,14,0.125,0.0,0.192922413638853,0.8989207367669678,1.908625047989141
native,129,red,continuum,52,224,557,ok,16,15,0.0625,0.038461538461538464,0.20836327508450697,0.8931505319265581,1.9500637564362098
native,130,blue,continuum,55,224,557,ok,16,16,0.0,0.05454545454545454,0.10799039264637345,0.9451261949207982,1.9679771156839985
native,130,core,continuum,55,224,557,ok,16,15,0.0625,0.03636363636363636,0.1665726637651423,0.9110058026287533,1.8717249965216323
native,130,red,continuum,55,224,557,ok,16,15,0.0625,0.01818181818181818,0.14378129523704036,0.9262212516134011,1.9488172187962554
native,131,blue,continuum,59,224,557,ok,16,16,0.0,0.05084745762711865,0.18605870866082536,0.9068653902696581,1.9977397145865754
native,131,core,continuum,59,224,557,ok,16,14,0.125,0.01694915254237288,0.26669105220205247,0.8588247723220034,1.8890782511103297
native,131,red,continuum,59,224,557,ok,16,16,0.0,0.03389830508474576,0.06979084037779365,0.963920137364074,1.9343432950961494
native,132,blue,continuum,65,224,557,ok,16,16,0.0,0.03076923076923077,0.14116863181468847,0.9293025131255648,1.9967984444116946
native,132,core,continuum,65,224,557,ok,16,16,0.0,0.06153846153846154,0.19754746958832806,0.894357283510773,1.8699582531889276
native,132,red,continuum,65,224,557,ok,16,15,0.0625,0.0,0.11725410941012071,0.9400302993232282,1.955222522155045
native,133,blue,continuum,71,224,557,ok,16,16,0.0,0.014084507042253521,0.05517263045923795,0.9721521744183358,1.9812186160618976
native,133,core,continuum,71,224,557,ok,16,16,0.0,0.056338028169014086,0.2400791278595247,0.8748113116179078,1.9177381835551464
native,133,red,continuum,71,224,557,ok,16,15,0.0625,0.014084507042253521,0.18567629335982655,0.9053166426017675,1.9610235469247583
native,134,blue,continuum,68,224,557,ok,16,16,0.0,0.014705882352941176,0.09106255765927013,0.9527830167064602,1.9285975364658492
native,134,core,continuum,68,224,557,ok,16,15,0.0625,0.029411764705882353,0.3576807549203383,0.816950020192912,1.9540059785709314
native,134,red,continuum,68,224,557,ok,16,14,0.125,0.014705882352941176,0.2482159260413903,0.8710492296597108,1.9248890517394441
native,135,blue,continuum,72,224,557,ok,16,15,0.0625,0.0,0.13830128134241426,0.9283131551260286,1.9292421306245804
native,135,core,continuum,72,224,557,ok,16,14,0.125,0.013888888888888888,0.3969972170898114,0.7974948845187009,1.960430560710814
native,135,red,continuum,72,224,557,ok,16,14,0.125,0.0,0.18909760523307467,0.9009826076075622,1.9097413157844032
native,136,blue,continuum,59,224,557,ok,16,14,0.125,0.03389830508474576,0.13348569243188735,0.9304545237801092,1.9194015152017745
native,136,core,continuum,59,224,557,ok,16,11,0.3125,0.0,0.4447777014643553,0.7714222798253279,1.9458488829290528
native,136,red,continuum,59,224,557,ok,16,14,0.125,0.01694915254237288,0.20577282653351237,0.895236131239287,1.9641583397756142
native,137,blue,continuum,57,224,557,ok,16,16,0.0,0.03508771929824561,0.20465324706506133,0.8927278738626023,1.9077951974489138
native,137,core,continuum,57,224,557,ok,16,13,0.1875,0.017543859649122806,0.336111561014944,0.8267111864162359,1.9396033365562562
native,137,red,continuum,57,224,557,ok,16,15,0.0625,0.0,0.1564041385362029,0.9210973901228721,1.982242904002353
native,138,blue,continuum,55,224,557,ok,16,15,0.0625,0.03636363636363636,0.23560548255310812,0.8813472315511083,1.9856720212524368
native,138,core,continuum,55,224,557,ok,16,13,0.1875,0.01818181818181818,0.28868759841557223,0.8459229610574277,1.873657492361156
native,138,red,continuum,55,224,557,ok,16,15,0.0625,0.01818181818181818,0.1875710476906839,0.9060924165539679,1.9974004314409755
native,139,blue,continuum,58,224,557,ok,16,14,0.125,0.034482758620689655,0.36606077606475174,0.816235551953801,1.9920108593187886
native,139,core,continuum,58,224,557,ok,16,14,0.125,0.017241379310344827,0.33274801502221535,0.8275114343208104,1.9291018724168145
native,139,red,continuum,58,224,557,ok,16,15,0.0625,0.034482758620689655,0.30390305679392343,0.8469278290142193,1.9853579839940576
native,140,blue,continuum,66,224,557,ok,16,16,0.0,0.06060606060606061,0.23120022601484463,0.884207895451745,1.9966838578229207
native,140,core,continuum,66,224,557,ok,16,16,0.0,0.045454545454545456,0.19334206024479939,0.9022819278886823,1.9785701464162087
native,140,red,continuum,66,224,557,ok,16,15,0.0625,0.045454545454545456,0.211191032868086,0.8917340143232708,1.9506683613326186
native,141,blue,continuum,65,224,557,ok,16,16,0.0,0.09230769230769231,0.3178878753049805,0.8392118565269078,1.9770604252183486
native,141,core,continuum,65,224,557,ok,16,15,0.0625,0.015384615384615385,0.21752408830439368,0.8899736401525785,1.9770179492082094
native,141,red,continuum,65,224,557,ok,16,15,0.0625,0.03076923076923077,0.18674958911485848,0.9034555895266705,1.9343386965571483
native,142,blue,continuum,59,224,557,ok,16,13,0.1875,0.01694915254237288,0.36979456274224065,0.8105439193021227,1.9518748692576737
native,142,core,continuum,59,224,557,ok,16,15,0.0625,0.05084745762711865,0.24860090075999536,0.8690575082776089,1.8985502527861606
native,142,red,continuum,59,224,557,ok,16,13,0.1875,0.0,0.2606953287231478,0.8636719570691959,1.9122648804946802
native,143,blue,continuum,56,224,557,ok,16,15,0.0625,0.05357142857142857,0.18352842319209478,0.9060056036003723,1.9525464306595814
native,143,core,continuum,56,224,557,ok,16,14,0.125,0.05357142857142857,0.25814790616670696,0.8601101668188097,1.8453657445737646
native,143,red,continuum,56,224,557,ok,16,14,0.125,0.017857142857142856,0.24128555263223375,0.8743824601217045,1.9207950805755574
native,144,blue,continuum,57,224,557,ok,16,16,0.0,0.05263157894736842,0.17661671001594614,0.9094631511542511,1.9507715617190833
native,144,core,continuum,57,224,557,ok,16,15,0.0625,0.03508771929824561,0.14306498262110395,0.9232982789540807,1.8652121578270022
native,144,red,continuum,57,224,557,ok,16,15,0.0625,0.05263157894736842,0.24167081166045193,0.8727393805520037,1.8990227511756546
native,145,blue,continuum,58,224,557,ok,16,15,0.0625,0.034482758620689655,0.2261757315013134,0.8849069121755051,1.9651547784190846
native,145,core,continuum,58,224,557,ok,16,15,0.0625,0.034482758620689655,0.19038313385892403,0.8978569668988978,1.8638876101366681
native,145,red,continuum,58,224,557,ok,16,14,0.125,0.034482758620689655,0.3088842898025023,0.8394196647742768,1.923549912685837
native,146,blue,continuum,55,224,557,ok,16,15,0.0625,0.01818181818181818,0.20250776814067387,0.8980155000557721,1.9856720212524368
native,146,core,continuum,55,224,557,ok,16,13,0.1875,0.01818181818181818,0.33038301515801055,0.82851285778856,1.9265760155397267
native,146,red,continuum,55,224,557,ok,16,15,0.0625,0.01818181818181818,0.15663369191471344,0.9207098946402135,1.9754506719845175
native,147,blue,continuum,60,224,557,ok,16,16,0.0,0.016666666666666666,0.08930113044146387,0.9543291345802754,1.9553194278402257
native,147,core,continuum,60,224,557,ok,16,15,0.0625,0.016666666666666666,0.1502798752560887,0.9207014803600019,1.89511577187486
native,147,red,continuum,60,224,557,ok,16,15,0.0625,0.03333333333333333,0.23251879880911294,0.8822296782835037,1.974341204304817
native,148,blue,continuum,66,224,557,ok,16,15,0.0625,0.0,0.11795625448301252,0.9395355356618482,1.9508360120968566
native,148,core,continuum,66,224,557,ok,16,14,0.125,0.015151515151515152,0.1993802709747355,0.8931749600448737,1.866418875747566
native,148,red,continuum,66,224,557,ok,16,15,0.0625,0.015151515151515152,0.2158219487508094,0.891421499042793,1.9877042586530944
native,149,blue,continuum,64,224,557,ok,16,15,0.0625,0.015625,0.1576311337389148,0.918845930761225,1.9423688204115273
native,149,core,continuum,64,224,557,ok,16,14,0.125,0.015625,0.14500193212058132,0.9212947699115173,1.842341759976635
native,149,red,continuum,64,224,557,ok,16,16,0.0,0.0625,0.18805064753655537,0.9044457688961728,1.9679991703582802
native,150,blue,continuum,57,224,557,ok,16,15,0.0625,0.03508771929824561,0.1492929006669449,0.9236971603234823,1.9565838086742922
native,150,core,continuum,57,224,557,ok,16,15,0.0625,0.05263157894736842,0.11017179744128688,0.9396951472712042,1.8269142938919645
native,150,red,continuum,57,224,557,ok,16,14,0.125,0.03508771929824561,0.27399855883300767,0.8577570762330471,1.9262719830050714
native,151,blue,continuum,52,224,557,ok,16,15,0.0625,0.057692307692307696,0.2132216463483984,0.8912820381615676,1.9612366047228758
native,151,core,continuum,52,224,557,ok,16,14,0.125,0.038461538461538464,0.19777761030325341,0.8937028497410661,1.8606106543917518
native,151,red,continuum,52,224,557,ok,16,16,0.0,0.057692307692307696,0.0833686448715724,0.9556188067237331,1.8784678535481008
native,152,blue,continuum,54,224,557,ok,16,14,0.125,0.018518518518518517,0.2394868601965601,0.8762567784851871,1.9353533653388202
native,152,core,continuum,54,224,557,ok,16,15,0.0625,0.018518518518518517,0.09853221389452402,0.946986349167287,1.8586196639323496
native,152,red,continuum,54,224,557,ok,16,16,0.0,0.037037037037037035,0.11582132986606208,0.940359126038287,1.9419790853570431
native,153,blue,continuum,52,224,557,ok,16,15,0.0625,0.019230769230769232,0.13436799299063734,0.9307939244770121,1.9415635401259659
native,153,core,continuum,52,224,557,ok,16,15,0.0625,0.0,0.11292956659890782,0.9411258465901462,1.9181518554117645
native,153,red,continuum,52,224,557,ok,16,16,0.0,0.057692307692307696,0.06658002229950229,0.9650678068518201,1.9059788779099747
native,154,blue,continuum,51,224,557,ok,16,15,0.0625,0.0196078431372549,0.17764384563089244,0.9086088397967065,1.9437749256682557
native,154,core,continuum,51,224,557,ok,16,15,0.0625,0.0392156862745098,0.16317931011928377,0.9160648659996011,1.9441121058853423
native,154,red,continuum,51,224,557,ok,16,16,0.0,0.0196078431372549,0.05957408359501548,0.9687589227522828,1.9069151528495611
native,155,blue,continuum,49,224,557,ok,16,15,0.0625,0.061224489795918366,0.22256941864351457,0.8845951370108193,1.9285965329240988
native,155,core,continuum,49,224,557,ok,16,16,0.0,0.061224489795918366,0.14994669912594275,0.9235198410701919,1.9605960712445778
native,155,red,continuum,49,224,557,ok,16,15,0.0625,0.061224489795918366,0.09741284108258964,0.9468812406754156,1.8338689066012304
native,156,blue,continuum,51,224,557,ok,16,16,0.0,0.058823529411764705,0.1858755219272475,0.9038311870287956,1.9328045775391227
native,156,core,continuum,51,224,557,ok,16,16,0.0,0.0392156862745098,0.07047677018076182,0.9634207483023242,1.9266870400533551
native,156,red,continuum,51,224,557,ok,16,14,0.125,0.058823529411764705,0.23147509766076452,0.8774504303689493,1.8888283194926458
native,157,blue,continuum,47,224,557,ok,16,15,0.0625,0.06382978723404255,0.17301835328621426,0.9103768945378257,1.9305105797660307
native,157,core,continuum,47,224,557,ok,16,15,0.0625,0.06382978723404255,0.0653187306546491,0.9649833890595367,1.865364148623827
native,157,red,continuum,47,224,557,ok,16,15,0.0625,0.0851063829787234,0.21831933987043184,0.8884580530149121,1.9572846428762727
native,158,blue,continuum,48,224,557,ok,16,16,0.0,0.0625,0.16842790254319218,0.9146763285921,1.9739879890775278
native,158,core,continuum,48,224,557,ok,16,14,0.125,0.0,0.08350247003425158,0.9556057550870396,1.8809300664526873
native,158,red,continuum,48,224,557,ok,16,15,0.0625,0.0625,0.12640377748675657,0.9319667944578007,1.857971801848314
native,159,blue,continuum,53,224,557,ok,16,16,0.0,0.03773584905660377,0.18528146710313098,0.905773892728416,1.9663495868411718
native,159,core,continuum,53,224,557,ok,16,15,0.0625,0.018867924528301886,0.11838664311729613,0.9393826528470588,1.9530159051434475
native,159,red,continuum,53,224,557,ok,16,15,0.0625,0.018867924528301886,0.1312071891119284,0.9330966383885902,1.9611449402798364
native,160,blue,continuum,58,224,557,ok,16,16,0.0,0.034482758620689655,0.16689187343648254,0.9143466860547705,1.9484578675286366
native,160,core,continuum,58,224,557,ok,16,15,0.0625,0.017241379310344827,0.1937680577340536,0.9015406914370656,1.9680014064916835
native,160,red,continuum,58,224,557,ok,16,16,0.0,0.05172413793103448,0.1953096831821935,0.9019535047871255,1.9920108593187889
native,161,blue,continuum,59,224,557,ok,16,16,0.0,0.03389830508474576,0.20578422662956086,0.8964988400149407,1.9882311141176254
native,161,core,continuum,59,224,557,ok,16,15,0.0625,0.03389830508474576,0.16531717207829263,0.9132625038969632,1.9059481712719704
native,161,red,continuum,59,224,557,ok,16,16,0.0,0.05084745762711865,0.13807783419132016,0.9295482522575257,1.9598922470460602
native,162,blue,continuum,63,224,557,ok,16,15,0.0625,0.031746031746031744,0.24026478517963135,0.874700324265407,1.917521204831805
native,162,core,continuum,63,224,557,ok,16,15,0.0625,0.0,0.09530441908636916,0.9487136162771524,1.8582791799358636
native,162,red,continuum,63,224,557,ok,16,15,0.0625,0.015873015873015872,0.20876410972556106,0.8925935336868922,1.943682879548228
native,163,blue,continuum,59,224,557,ok,16,15,0.0625,0.03389830508474576,0.2285526850615038,0.8794467635499541,1.895865194429766
native,163,core,continuum,59,224,557,ok,16,14,0.125,0.01694915254237288,0.22519039484628217,0.8795637080222483,1.869788509329743
native,163,red,continuum,59,224,557,ok,16,15,0.0625,0.03389830508474576,0.2113175678714948,0.8904874324354216,1.9296193356701552
native,164,blue,continuum,54,224,557,ok,16,16,0.0,0.07407407407407407,0.10638866814021986,0.942046188318821,1.8357492812637637
native,164,core,continuum,54,224,557,ok,16,14,0.125,0.018518518518518517,0.22968398069476303,0.8769844652220352,1.8671136219448055
native,164,red,continuum,54,224,557,ok,16,13,0.1875,0.037037037037037035,0.3579142066011008,0.806446660135923,1.849176081655043
native,165,blue,continuum,60,224,557,ok,16,16,0.0,0.016666666666666666,0.03469568587676757,0.9824342244413232,1.97518667825795
native,165,core,continuum,60,224,557,ok,16,14,0.125,0.016666666666666666,0.17461575253286502,0.9060882425361569,1.8593598634344994
native,165,red,continuum,60,224,557,ok,16,15,0.0625,0.016666666666666666,0.19534094945635488,0.8987377048752384,1.929059075894759
native,166,blue,continuum,57,224,557,ok,16,15,0.0625,0.0,0.14501173984113208,0.9267412345588402,1.9794455853559656
native,166,core,continuum,57,224,557,ok,16,14,0.125,0.017543859649122806,0.1740039570679866,0.9060864712535052,1.8528103393674367
native,166,red,continuum,57,224,557,ok,16,14,0.125,0.017543859649122806,0.2898061069475264,0.8529055947235957,1.9702048246019515
native,167,blue,continuum,55,224,557,ok,16,16,0.0,0.03636363636363636,0.09420573865881263,0.9527436765135109,1.9935054551111389
native,167,core,continuum,55,224,557,ok,16,15,0.0625,0.03636363636363636,0.14827669967019286,0.9230361540504004,1.9265760155397271
native,167,red,continuum,55,224,557,ok,16,15,0.0625,0.03636363636363636,0.2059389001067267,0.8966043238217769,1.9917554361920318
native,168,blue,continuum,52,224,557,ok,16,16,0.0,0.038461538461538464,0.11596583172030171,0.9418351456252769,1.9937440395397514
native,168,core,continuum,52,224,557,ok,16,15,0.0625,0.019230769230769232,0.12981078930231538,0.9328845966396668,1.9341430253406888
native,168,red,continuum,52,224,557,ok,16,15,0.0625,0.057692307692307696,0.248903802151394,0.8751575943475409,1.9937440395397514
native,169,blue,continuum,53,224,557,ok,16,15,0.0625,0.09433962264150944,0.394884818701973,0.7996171063980142,1.9706513445519969
native,169,core,continuum,53,224,557,ok,16,15,0.0625,0.03773584905660377,0.11465511891351624,0.9401111469312359,1.914465097233865
native,169,red,continuum,53,224,557,ok,16,15,0.0625,0.07547169811320754,0.28212525883011713,0.8574770503803362,1.9795075781338765
native,170,blue,continuum,50,224,557,ok,16,16,0.0,0.06,0.09529935791209473,0.9504299569008857,1.9225191658910932
native,170,core,continuum,50,224,557,ok,16,15,0.0625,0.06,0.05483545475271684,0.9698157546477895,1.8166912610488994
native,170,red,continuum,50,224,557,ok,16,15,0.0625,0.08,0.2196702547399108,0.8863130562071371,1.9322381921018907
native,171,blue,continuum,51,224,557,ok,16,16,0.0,0.058823529411764705,0.14679076707265432,0.9236766231872316,1.9232740112213869
native,171,core,continuum,51,224,557,ok,16,14,0.125,0.0392156862745098,0.13439672633633318,0.9229779111839456,1.7449114715299643
native,171,red,continuum,51,224,557,ok,16,16,0.0,0.0392156862745098,0.13020938241781063,0.932033880105369,1.9157983804236047
native,172,blue,continuum,50,224,557,ok,16,14,0.125,0.04,0.2927862515996257,0.8500905475901914,1.9530873263363915
native,172,core,continuum,50,224,557,ok,16,13,0.1875,0.02,0.1946506322088609,0.8935502812415324,1.8285687785659566
native,172,red,continuum,50,224,557,ok,16,15,0.0625,0.02,0.14531154086478767,0.9259979587620739,1.963615306199356
native,173,blue,continuum,50,224,557,ok,16,16,0.0,0.08,0.18761449662354107,0.904577019011615,1.966135355238774
native,173,core,continuum,50,224,557,ok,16,15,0.0625,0.06,0.13835421407649146,0.927684422290266,1.9132007025073996
native,173,red,continuum,50,224,557,ok,16,14,0.125,0.02,0.2277802845332387,0.8837458785491411,1.9593308322365361
native,174,blue,continuum,50,224,557,ok,16,15,0.0625,0.06,0.14068138332803723,0.9253245187798853,1.88390327091917
native,174,core,continuum,50,224,557,ok,16,14,0.125,0.04,0.1701271669686771,0.9133602358712696,1.9636153061993562
native,174,red,continuum,50,224,557,ok,16,15,0.0625,0.12,0.18663694798718475,0.9036795064401071,1.9376660260895813
native,175,blue,continuum,52,224,557,ok,16,14,0.125,0.057692307692307696,0.23212618168087124,0.8745942274237519,1.8510007706362632
native,175,core,continuum,52,224,557,ok,16,14,0.125,0.038461538461538464,0.1686833858727877,0.9101100583099466,1.8765546255933663
native,175,red,continuum,52,224,557,ok,16,14,0.125,0.019230769230769232,0.1333015137160323,0.9314671041629924,1.9450734145696176
native,176,blue,continuum,56,224,557,ok,16,15,0.0625,0.07142857142857142,0.24896067190399063,0.8740460316069505,1.9766004603133167
native,176,core,continuum,56,224,557,ok,16,13,0.1875,0.05357142857142857,0.3015337779164378,0.8343549725887833,1.8203611821553503
native,176,red,continuum,56,224,557,ok,16,13,0.1875,0.017857142857142856,0.2704324094468452,0.8613964895745432,1.9511223678009808
native,177,blue,continuum,58,224,557,ok,16,15,0.0625,0.05172413793103448,0.13344495156603683,0.931595701408718,1.950826984768528
native,177,core,continuum,58,224,557,ok,16,14,0.125,0.06896551724137931,0.15570444784128482,0.9131571448828132,1.792944826965619
native,177,red,continuum,58,224,557,ok,16,14,0.125,0.017241379310344827,0.10244531999374655,0.9480851673867051,1.9733343022955518
native,178,blue,continuum,54,224,557,ok,16,14,0.125,0.037037037037037035,0.1316864095629806,0.930494342559764,1.8946142574971012
native,178,core,continuum,54,224,557,ok,16,15,0.0625,0.1111111111111111,0.21573189170578416,0.8831299661436047,1.8459128023430367
native,178,red,continuum,54,224,557,ok,16,15,0.0625,0.037037037037037035,0.10329742987246503,0.9469773395130838,1.9481751561288525
native,179,blue,continuum,56,224,557,ok,16,15,0.0625,0.03571428571428571,0.07794093491231212,0.958064778883497,1.8586031702510661
native,179,core,continuum,56,224,557,ok,16,16,0.0,0.05357142857142857,0.07208326331776697,0.9615398485721894,1.87423243647563
native,179,red,continuum,56,224,557,ok,16,16,0.0,0.05357142857142857,0.13911102593600577,0.9270253750888322,1.906293127307555
native,180,blue,continuum,48,224,557,ok,16,14,0.125,0.041666666666666664,0.17671181710585282,0.9046577896258765,1.8534478738476319
native,180,core,continuum,48,224,557,ok,16,16,0.0,0.08333333333333333,0.13118885690898408,0.9314184912571746,1.9128896303656808
native,180,red,continuum,48,224,557,ok,16,16,0.0,0.08333333333333333,0.1367412615934563,0.9305261661218815,1.9682411918327198
native,181,blue,continuum,55,224,557,ok,16,15,0.0625,0.05454545454545454,0.19832373135568465,0.8967768330114956,1.9213102750254811
native,181,core,continuum,55,224,557,ok,16,16,0.0,0.07272727272727272,0.168798370599028,0.9123442550834702,1.925696607333225
native,181,red,continuum,55,224,557,ok,16,15,0.0625,0.05454545454545454,0.24105493320863203,0.8765170925874153,1.9521319853865453
native,182,blue,continuum,52,224,557,ok,16,16,0.0,0.09615384615384616,0.23527234628064034,0.878358351374145,1.9341430253406888
native,182,core,continuum,52,224,557,ok,16,15,0.0625,0.038461538461538464,0.1841078912648661,0.904095910271924,1.9197084481681745
native,182,red,continuum,52,224,557,ok,16,16,0.0,0.09615384615384616,0.21726128288223054,0.884008386994108,1.8730775204513654
native,183,blue,continuum,47,224,557,ok,16,15,0.0625,0.0851063829787234,0.2372100158306912,0.8772748839025015,1.9328563164058492
native,183,core,continuum,47,224,557,ok,16,14,0.125,0.0425531914893617,0.1991183224669407,0.896245612114305,1.919131581078836
native,183,red,continuum,47,224,557,ok,16,15,0.0625,0.10638297872340426,0.2764003979705451,0.850700190527096,1.8513111232115016
native,184,blue,continuum,55,224,557,ok,16,15,0.0625,0.03636363636363636,0.1325540256314946,0.9321107873668955,1.9525049781893906
native,184,core,continuum,55,224,557,ok,16,15,0.0625,0.01818181818181818,0.07038014248598677,0.9637151449711259,1.9396561576443103
native,184,red,continuum,55,224,557,ok,16,15,0.0625,0.03636363636363636,0.15064671252328818,0.9226456905440898,1.9474895915030124
native,185,blue,continuum,56,224,557,ok,16,15,0.0625,0.03571428571428571,0.24736661411936767,0.8710790354970326,1.9187462262095787
native,185,core,continuum,56,224,557,ok,16,16,0.0,0.03571428571428571,0.06729169471890077,0.9647002374635094,1.906293127307555
native,185,red,continuum,56,224,557,ok,16,15,0.0625,0.03571428571428571,0.26693947067419393,0.8662839945174787,1.9963165195589623
native,186,blue,continuum,53,224,557,ok,16,15,0.0625,0.05660377358490566,0.23121865935676003,0.8781418382976013,1.8974408946151753
native,186,core,continuum,53,224,557,ok,16,15,0.0625,0.018867924528301886,0.15347212695804432,0.9192285110259804,1.9000779719117116
native,186,red,continuum,53,224,557,ok,16,16,0.0,0.07547169811320754,0.20188794188269293,0.8985150643162336,1.9893390139378795
native,187,blue,continuum,46,224,557,ok,16,15,0.0625,0.10869565217391304,0.3174146370723064,0.8377760361220714,1.9566445640001544
native,187,core,continuum,46,224,557,ok,16,15,0.0625,0.043478260869565216,0.1960837676680344,0.8994100664912524,1.9493378793314593
native,187,red,continuum,46,224,557,ok,16,16,0.0,0.08695652173913043,0.17020550670381845,0.9138139919705048,1.9748624004672493
native,188,blue,continuum,46,224,557,ok,16,16,0.0,0.10869565217391304,0.21712478746647051,0.8889959446173901,1.956007703665262
native,188,core,continuum,46,224,557,ok,16,13,0.1875,0.06521739130434782,0.4801290351601829,0.7514117414789521,1.9314228194713001
native,188,red,continuum,46,224,557,ok,16,16,0.0,0.06521739130434782,0.11501236475085913,0.9422965942077848,1.9931642365271873
native,189,blue,continuum,54,224,557,ok,16,16,0.0,0.07407407407407407,0.07059570848443841,0.964472364878458,1.9870646679106736
native,189,core,continuum,54,224,557,ok,16,14,0.125,0.037037037037037035,0.30180733774345714,0.8453308959988419,1.9513097957895797
native,189,red,continuum,54,224,557,ok,16,16,0.0,0.07407407407407407,0.15894005108200998,0.9204906280886673,1.9990102708804813
native,190,blue,continuum,66,224,557,ok,16,16,0.0,0.045454545454545456,0.08396964040841,0.9572806560049247,1.965611654010653
native,190,core,continuum,66,224,557,ok,16,15,0.0625,0.030303030303030304,0.20499117245874923,0.896075393500567,1.9724989043847625
native,190,red,continuum,66,224,557,ok,16,16,0.0,0.06060606060606061,0.23900710351916538,0.879845366795211,1.9891626077523503
native,191,blue,continuum,63,224,557,ok,16,15,0.0625,0.031746031746031744,0.14650494215709853,0.9236058337936484,1.9177503915857605
native,191,core,continuum,63,224,557,ok,16,14,0.125,0.031746031746031744,0.19138417550370035,0.9017735685178561,1.948397927277763
native,191,red,continuum,63,224,557,ok,16,15,0.0625,0.015873015873015872,0.1982642512672939,0.899528805500589,1.9733442232385934
native,192,blue,continuum,59,224,557,ok,16,16,0.0,0.06779661016949153,0.1424558567215152,0.9272706923123918,1.9587132237446991
native,192,core,continuum,59,224,557,ok,16,15,0.0625,0.06779661016949153,0.18192017042716946,0.9065085824376412,1.9458488829290528
native,192,red,continuum,59,224,557,ok,16,16,0.0,0.05084745762711865,0.1080708420546311,0.9451318585636598,1.9696464874797774
native,193,blue,continuum,54,224,557,ok,16,16,0.0,0.07407407407407407,0.1435450825817522,0.926970949251982,1.9655887774995888
native,193,core,continuum,54,224,557,ok,16,14,0.125,0.037037037037037035,0.32640283785928464,0.8328693966169364,1.9529806705189043
native,193,red,continuum,54,224,557,ok,16,15,0.0625,0.018518518518518517,0.1825530160982268,0.9058202906697042,1.9383476270668736
native,194,blue,continuum,56,224,557,ok,16,16,0.0,0.05357142857142857,0.1469646679059216,0.9258303947629415,1.9814675760535323
native,194,core,continuum,56,224,557,ok,16,15,0.0625,0.07142857142857142,0.3930136264071136,0.8003285175068713,1.9683012391147965
native,194,red,continuum,56,224,557,ok,16,16,0.0,0.0,0.11964832579776033,0.9401206960398798,1.998158259779481
native,195,blue,continuum,53,224,557,ok,16,15,0.0625,0.018867924528301886,0.15910022647762023,0.919655398332575,1.9802229792138732
native,195,core,continuum,53,224,557,ok,16,14,0.125,0.018867924528301886,0.28086487730222764,0.8576073414299734,1.9724674019208819
native,195,red,continuum,53,224,557,ok,16,16,0.0,0.03773584905660377,0.10405715056808965,0.947245186173037,1.9724674019208819
native,196,blue,continuum,52,224,557,ok,16,15,0.0625,0.057692307692307696,0.181514185774145,0.9089429998377485,1.9934127574015275
native,196,core,continuum,52,224,557,ok,16,15,0.0625,0.057692307692307696,0.12647665686456272,0.9352215079812339,1.9524483037969302
native,196,red,continuum,52,224,557,ok,16,16,0.0,0.057692307692307696,0.15581451001331015,0.9216734264585212,1.9892930708988157
native,197,blue,continuum,48,224,557,ok,16,16,0.0,0.08333333333333333,0.1795134440027995,0.910130600378619,1.997492414092985
native,197,core,continuum,48,224,557,ok,16,15,0.0625,0.020833333333333332,0.08016312679274688,0.9587591605749832,1.9437801924109208
native,197,red,continuum,48,224,557,ok,16,13,0.1875,0.020833333333333332,0.44575755542430723,0.7748549978745645,1.9798687566511526
native,198,blue,continuum,51,224,557,ok,16,15,0.0625,0.0784313725490196,0.25385424046469496,0.8722749202599179,1.9875050458475596
native,198,core,continuum,51,224,557,ok,16,15,0.0625,0.0392156862745098,0.19350857367437715,0.9008607864774001,1.9518873188384194
native,198,red,continuum,51,224,557,ok,16,14,0.125,0.0392156862745098,0.3402195286372838,0.8294312771462939,1.9946184912757086
native,199,blue,continuum,54,224,557,ok,16,15,0.0625,0.05555555555555555,0.2507911951859769,0.8740221989858542,1.990757047408821
native,199,core,continuum,54,224,557,ok,16,15,0.0625,0.018518518518518517,0.13632271847398975,0.9302084290206027,1.9532834203464597
native,199,red,continuum,54,224,557,ok,16,15,0.0625,0.037037037037037035,0.22526915620249255,0.8870855728267331,1.9950431653593519
native,200,blue,continuum,51,224,557,ok,16,15,0.0625,0.058823529411764705,0.25990030913330187,0.8688677012522263,1.981970205778265
native,200,core,continuum,51,224,557,ok,16,14,0.125,0.0196078431372549,0.21184289256203317,0.8920306215988564,1.962064575151702
native,200,red,continuum,51,224,557,ok,16,15,0.0625,0.0196078431372549,0.11983482503941048,0.9398552502378535,1.992440329593514
