method,lag_days,target,predictor,tuple_count,line_observed_dates,continuum_observed_dates,status,histogram_cells,occupied_cells,empty_fraction,singleton_tuple_fraction,mutual_info_bits,information_leak_fraction,target_entropy_bits
daily,0,blue,continuum,1732,224,557,ok,16,16,0.0,0.0,0.033568650432890326,0.9831368214736719,1.9906478710689233
daily,0,core,continuum,1732,224,557,ok,16,16,0.0,0.0,0.11961002238177414,0.9400617266795284,1.9955533544027189
daily,0,red,continuum,1732,224,557,ok,16,16,0.0,0.0,0.039585728415041654,0.9801219146560924,1.991425619227168
daily,1,blue,continuum,1732,224,557,ok,16,16,0.0,0.0,0.03451039823443982,0.982663648409904,1.990637883356894
daily,1,core,continuum,1732,224,557,ok,16,16,0.0,0.0,0.12278890243842924,0.9384647985711358,1.9954253758375269
daily,1,red,continuum,1732,224,557,ok,16,16,0.0,0.0,0.0403881452819132,0.9797194269389322,1.991469627623366
daily,2,blue,continuum,1732,224,557,ok,16,16,0.0,0.0,0.03508061228298692,0.9823770767165252,1.9906239003992199
daily,2,core,continuum,1732,224,557,ok,16,16,0.0,0.0,0.12107687136762915,0.9393187730671672,1.9952937257126868
daily,2,red,continuum,1732,224,557,ok,16,16,0.0,0.0,0.040404407245642135,0.9797116686943803,1.9915096336410112
daily,3,blue,continuum,1732,224,557,ok,16,16,0.0,0.0,0.03610890553859794,0.98186034456198,1.9906059220350547
daily,3,core,continuum,1732,224,557,ok,16,16,0.0,0.0,0.11911885786352656,0.9403010628758138,1.9953262755036096
daily,3,red,continuum,1732,224,557,ok,16,16,0.0,0.0,0.04219686584843595,0.9788120015686494,1.9915456377417888
daily,4,blue,continuum,1732,224,557,ok,16,16,0.0,0.0,0.03776777468699707,0.9810261852569889,1.9905208941132266
daily,4,core,continuum,1732,224,557,ok,16,16,0.0,0.0,0.11872800515929906,0.9404977962846585,1.9953547557212128
daily,4,red,continuum,1732,224,557,ok,16,16,0.0,0.0,0.04381592146356458,0.9779993907462932,1.9915776403411254
daily,5,blue,continuum,1732,224,557,ok,16,16,0.0,0.0,0.03862095910693031,0.9805966922158318,1.990431710743791
daily,5,core,continuum,1732,224,557,ok,16,16,0.0,0.0,0.11709806489987881,0.9413153816308383,1.9953791667053413
daily,5,red,continuum,1732,224,557,ok,16,16,0.0,0.0,0.04577686071349494,0.9770150978926062,1.9916056418082158
daily,6,blue,continuum,1732,224,557,ok,16,16,0.0,0.0,0.03988432984222108,0.9799610305327959,1.9903383708177291
daily,6,core,continuum,1732,224,557,ok,16,16,0.0,0.0,0.11294823864727678,0.9433956768295547,1.995399508747246
daily,6,red,continuum,1732,224,557,ok,16,16,0.0,0.0,0.04775403778612039,0.9760226315335461,1.9916296424660491
daily,7,blue,continuum,1732,224,557,ok,16,16,0.0,0.0,0.040299984611290265,0.9797512024024386,1.9902408731738048
daily,7,core,continuum,1732,224,557,ok,16,16,0.0,0.0,0.10890725532975956,0.9454212719437792,1.9954157820896035
daily,7,red,continuum,1732,224,557,ok,16,16,0.0,0.0,0.047852909738066246,0.9759732290686416,1.9916496425914332
daily,8,blue,continuum,1732,224,557,ok,16,16,0.0,0.0,0.04155154041665607,0.9791212895710505,1.9901392165984797
daily,8,core,continuum,1732,224,557,ok,16,16,0.0,0.0,0.10533301566009506,0.9472128203321761,1.9954279869265341
daily,8,red,continuum,1732,224,557,ok,16,16,0.0,0.0,0.05012809528696137,0.9748310689206959,1.9916656424150108
daily,9,blue,continuum,1732,224,557,ok,16,16,0.0,0.0,0.03868354086443017,0.9805616516086441,1.9900631517455638
daily,9,core,continuum,1732,224,557,ok,16,16,0.0,0.0,0.10426782621046335,0.9477468484269926,1.9954361234036166
daily,9,red,continuum,1732,224,557,ok,16,16,0.0,0.0,0.05176353091037467,0.9740100858614635,1.991677642121277
daily,10,blue,continuum,1732,224,557,ok,16,16,0.0,0.0,0.03635320011149632,0.9817319028524398,1.989982854692207
daily,10,core,continuum,1732,224,557,ok,16,16,0.0,0.0,0.09787994091101859,0.9509481961312718,1.995440191617897
daily,10,red,continuum,1732,224,557,ok,16,16,0.0,0.0,0.05316805366978995,0.9733049972582813,1.9916856418485929
daily,11,blue,continuum,1732,224,557,ok,16,16,0.0,0.0,0.035838554202849274,0.9819897560778085,1.9898983244025021
daily,11,core,continuum,1732,224,557,ok,16,16,0.0,0.0,0.09070069797024491,0.9545460202960505,1.995440191617897
daily,11,red,continuum,1732,224,557,ok,16,16,0.0,0.0,0.05547380854298998,0.9721473630319524,1.9916896416891927
daily,12,blue,continuum,1732,224,557,ok,16,16,0.0,0.0,0.038938286522376186,0.9804311491364157,1.9898095597854741
daily,12,core,continuum,1732,224,557,ok,16,16,0.0,0.0,0.08399505415516165,0.9579064179654665,1.9954361234036164
daily,12,red,continuum,1732,224,557,ok,16,16,0.0,0.0,0.05882996792209541,0.9704622815268545,1.9916896416891927
daily,13,blue,continuum,1731,224,557,ok,16,16,0.0,0.0,0.042990186802189086,0.9783934001112197,1.9896784789592261
daily,13,core,continuum,1731,224,557,ok,16,16,0.0,0.0,0.07795978373783044,0.9609299175765408,1.9953831397862714
daily,13,red,continuum,1731,224,557,ok,16,16,0.0,0.0,0.06244654693596307,0.968645833820263,1.991650697326465
daily,14,blue,continuum,1730,224,557,ok,16,16,0.0,0.0,0.047476847159138386,0.9761368375447366,1.9895454866111617
daily,14,core,continuum,1730,224,557,ok,16,16,0.0,0.0,0.07494835840681072,0.9624380860766111,1.9953285277122745
daily,14,red,continuum,1730,224,557,ok,16,16,0.0,0.0,0.06515031750623963,0.9672904956937054,1.9917855341421997
daily,15,blue,continuum,1729,224,557,ok,16,16,0.0,0.0,0.05349488255092082,0.973110184866175,1.989410573657274
daily,15,core,continuum,1729,224,557,ok,16,16,0.0,0.0,0.07050477842841715,0.9646640816144256,1.995272279585076
daily,15,red,continuum,1729,224,557,ok,16,16,0.0,0.0,0.0670105016212922,0.9663588283657816,1.9919193763493042
daily,16,blue,continuum,1728,224,557,ok,16,16,0.0,0.0,0.060326214528349326,0.9696742516681041,1.9892737309601531
daily,16,core,continuum,1728,224,557,ok,16,16,0.0,0.0,0.06836522842287664,0.9657353972374734,1.9952143877659116
daily,16,red,continuum,1728,224,557,ok,16,16,0.0,0.0,0.06931938202970238,0.9652020256506219,1.9920522192965302
daily,17,blue,continuum,1727,224,557,ok,16,16,0.0,0.0,0.0699014556694799,0.9648583643391941,1.9891349493285633
daily,17,core,continuum,1727,224,557,ok,16,16,0.0,0.0,0.06492564929050217,0.9674583406560701,1.995154844573496
daily,17,red,continuum,1727,224,557,ok,16,16,0.0,0.0,0.06846214215336414,0.9656346300595057,1.9921840583095838
daily,18,blue,continuum,1726,224,557,ok,16,16,0.0,0.0,0.07034902048029802,0.9646326818044529,1.9890968292064417
daily,18,core,continuum,1726,224,557,ok,16,16,0.0,0.0,0.06125098501822154,0.9692991929200327,1.995093642283716
daily,18,red,continuum,1726,224,557,ok,16,16,0.0,0.0,0.06795120572624591,0.9658933403991715,1.9923148886909863
daily,19,blue,continuum,1725,224,557,ok,16,16,0.0,0.0,0.07118811346805798,0.9642101213455707,1.989057134152865
daily,19,core,continuum,1725,224,557,ok,16,16,0.0,0.0,0.05656801051629429,0.9716455448817142,1.995030773129313
daily,19,red,continuum,1725,224,557,ok,16,16,0.0,0.0,0.06931120619067618,0.9652129838325265,1.9924447057199308
daily,20,blue,continuum,1724,224,557,ok,16,16,0.0,0.0,0.07210359431761633,0.9637491103604092,1.9890158568376133
daily,20,core,continuum,1724,224,557,ok,16,16,0.0,0.0,0.05314546260648321,0.973360219423292,1.9949662292995718
daily,20,red,continuum,1724,224,557,ok,16,16,0.0,0.0,0.06488871004478937,0.9674347220349507,1.9925735046521404
daily,21,blue,continuum,1723,224,557,ok,16,16,0.0,0.0,0.07366520647484605,0.9629631941462847,1.9889729898901742
daily,21,core,continuum,1723,224,557,ok,16,16,0.0,0.0,0.0513408757337943,0.9742639352057094,1.994900002939998
daily,21,red,continuum,1723,224,557,ok,16,16,0.0,0.0,0.06021480304569449,0.9697823233074121,1.9927012807197255
daily,22,blue,continuum,1722,224,557,ok,16,16,0.0,0.0,0.06968354145179693,0.9649642807449383,1.9889285258994567
daily,22,core,continuum,1722,224,557,ok,16,16,0.0,0.0,0.04884400867456353,0.9755147267714231,1.9948320861519975
daily,22,red,continuum,1722,224,557,ok,16,16,0.0,0.0,0.05696568290815802,0.9714146519040092,1.9928280291310365
daily,23,blue,continuum,1721,224,557,ok,16,16,0.0,0.0,0.06609188812542521,0.9667693342665526,1.9888824574134967
daily,23,core,continuum,1721,224,557,ok,16,16,0.0,0.0,0.04558882165834921,0.9771457392439987,1.9947624709925524
daily,23,red,continuum,1721,224,557,ok,16,16,0.0,0.0,0.0533276446336802,0.9732419055055423,1.9929537450705184
daily,24,blue,continuum,1720,224,557,ok,16,16,0.0,0.0,0.06366253534552552,0.9679900331170281,1.988834776939167
daily,24,core,continuum,1720,224,557,ok,16,16,0.0,0.0,0.04577700223915021,0.9770505813638246,1.994691149473891
daily,24,red,continuum,1720,224,557,ok,16,16,0.0,0.0,0.049272920838251896,0.9752759994490507,1.9929186110764836
daily,25,blue,continuum,1719,224,557,ok,16,16,0.0,0.0,0.062387881510976476,0.9686301603494665,1.9887854769418776
daily,25,core,continuum,1719,224,557,ok,16,16,0.0,0.0,0.04600724204237463,0.9769343105181232,1.9946181135631587
daily,25,red,continuum,1719,224,557,ok,16,16,0.0,0.0,0.04725991903542444,0.9762856398525157,1.9928818969394748
daily,26,blue,continuum,1718,224,557,ok,16,16,0.0,0.0,0.056736780694498896,0.9714709131498153,1.9887345498452786
daily,26,core,continuum,1718,224,557,ok,16,16,0.0,0.0,0.045293186791594914,0.977291450359343,1.9945433551820806
daily,26,red,continuum,1718,224,557,ok,16,16,0.0,0.0,0.046154417399432546,0.976839919846739,1.992843595272873
daily,27,blue,continuum,1717,224,557,ok,16,16,0.0,0.0,0.05203927466516937,0.9738322793798244,1.9886819880309574
daily,27,core,continuum,1717,224,557,ok,16,16,0.0,0.0,0.04281071149826364,0.9785352606134353,1.994466866206627
daily,27,red,continuum,1717,224,557,ok,16,16,0.0,0.0,0.04709783125150437,0.9763660458461483,1.9928036986493265
daily,28,blue,continuum,1716,224,557,ok,16,16,0.0,0.0,0.05041908798171215,0.9746462920856908,1.988627783838133
daily,28,core,continuum,1716,224,557,ok,16,16,0.0,0.0,0.04193641894253644,0.9789727949038167,1.9943886384666696
daily,28,red,continuum,1716,224,557,ok,16,16,0.0,0.0,0.04784818838508573,0.975988402148299,1.992711550501665
daily,29,blue,continuum,1715,224,557,ok,16,16,0.0,0.0,0.05035001578745267,0.9746803145317914,1.98857192956335
daily,29,core,continuum,1715,224,557,ok,16,16,0.0,0.0,0.0440785067104526,0.9778978512645751,1.994308663745639
daily,29,red,continuum,1715,224,557,ok,16,16,0.0,0.0,0.04799316540004823,0.9759145130200668,1.992617605782008
daily,30,blue,continuum,1714,224,557,ok,16,16,0.0,0.0,0.0501408662685259,0.9747847610114044,1.9885144174601663
daily,30,core,continuum,1714,224,557,ok,16,16,0.0,0.0,0.04599535424671248,0.9769357471471286,1.9942269337801766
daily,30,red,continuum,1714,224,557,ok,16,16,0.0,0.0,0.04780253354976355,0.9760090292577783,1.9925218559679212
daily,31,blue,continuum,1713,224,557,ok,16,16,0.0,0.0,0.0502671464521777,0.9747205039129874,1.988455239738839
daily,31,core,continuum,1713,224,557,ok,16,16,0.0,0.0,0.046933281938513205,0.9764644403251157,1.994143440259783
daily,31,red,continuum,1713,224,557,ok,16,16,0.0,0.0,0.04749603672699083,0.97616168558772,1.9924242924878857
daily,32,blue,continuum,1712,224,557,ok,16,16,0.0,0.0,0.05164464856030793,0.9740269592102636,1.9883943885660111
daily,32,core,continuum,1712,224,557,ok,16,16,0.0,0.0,0.04860581859180432,0.9756246737405069,1.994058174826463
daily,32,red,continuum,1712,224,557,ok,16,16,0.0,0.0,0.04811167880410075,0.9758514895628718,1.992324906720925
daily,33,blue,continuum,1711,224,557,ok,16,16,0.0,0.0,0.05229427510921926,0.9736994229862976,1.9883318560643874
daily,33,core,continuum,1711,224,557,ok,16,16,0.0,0.0,0.044052973535514434,0.977906915053497,1.9939711290743694
daily,33,red,continuum,1711,224,557,ok,16,16,0.0,0.0,0.04962676580572452,0.9750897622315602,1.9922236899962282
daily,34,blue,continuum,1710,224,557,ok,16,16,0.0,0.0,0.052136358922451616,0.9737779974774465,1.988267634312415
daily,34,core,continuum,1710,224,557,ok,16,16,0.0,0.0,0.04208884682977363,0.9788910072852197,1.9938822945494399
daily,34,red,continuum,1710,224,557,ok,16,16,0.0,0.0,0.052243480119999006,0.9737749415175835,1.9921206335927666
daily,35,blue,continuum,1709,224,557,ok,16,16,0.0,0.0,0.05148187234099309,0.9741063132861815,1.9882017153439557
daily,35,core,continuum,1709,224,557,ok,16,16,0.0,0.0,0.03735482341038321,0.9812644299260042,1.9937916627490329
daily,35,red,continuum,1709,224,557,ok,16,16,0.0,0.0,0.05457068853401677,0.9726052923444716,1.9920157287389084
daily,36,blue,continuum,1708,224,557,ok,16,16,0.0,0.0,0.05426834547987723,0.972703880627819,1.988134091147959
daily,36,core,continuum,1708,224,557,ok,16,16,0.0,0.0,0.03583041639543491,0.9820281735860883,1.9936992251215575
daily,36,red,continuum,1708,224,557,ok,16,16,0.0,0.0,0.05662551129996783,0.9715722393698141,1.9919089666120304
daily,37,blue,continuum,1707,224,557,ok,16,16,0.0,0.0,0.05875308533430412,0.9704470967427493,1.988064753668128
daily,37,core,continuum,1707,224,557,ok,16,16,0.0,0.0,0.035782310482769766,0.9820514540411998,1.9936049730661023
daily,37,red,continuum,1707,224,557,ok,16,16,0.0,0.0,0.058352221381692305,0.9707037797621929,1.9918003383381244
daily,38,blue,continuum,1706,224,557,ok,16,16,0.0,0.0,0.061754712839726736,0.9689361626240675,1.987993694802585
daily,38,core,continuum,1706,224,557,ok,16,16,0.0,0.0,0.03515003588320069,0.9823677557097121,1.9935088979320597
daily,38,red,continuum,1706,224,557,ok,16,16,0.0,0.0,0.05975100989346013,0.969999841921311,1.9916898349913992
daily,39,blue,continuum,1705,224,557,ok,16,16,0.0,0.0,0.06185986180022508,0.9688821312754643,1.9879209064035337
daily,39,core,continuum,1705,224,557,ok,16,16,0.0,0.0,0.03601909638667699,0.9819309231518437,1.9934109910187434
daily,39,red,continuum,1705,224,557,ok,16,16,0.0,0.0,0.06259281335961647,0.9685712381232084,1.991577447593881
daily,40,blue,continuum,1704,224,557,ok,16,16,0.0,0.0,0.06063128742218389,0.9694990075572452,1.9878463802769168
daily,40,core,continuum,1704,224,557,ok,16,16,0.0,0.0,0.03621384626342115,0.9818323172659822,1.9933112435750084
daily,40,red,continuum,1704,224,557,ok,16,16,0.0,0.0,0.0628019132104553,0.9684644364769069,1.991463167115005
daily,41,blue,continuum,1703,224,557,ok,16,16,0.0,0.0,0.0618392842571334,0.9688901226542294,1.987770108182071
daily,41,core,continuum,1703,224,557,ok,16,16,0.0,0.0,0.03928063152314014,0.9802927747283254,1.9932096467988611
daily,41,red,continuum,1703,224,557,ok,16,16,0.0,0.0,0.06432974818758809,0.967695359628814,1.9913469844712097
daily,42,blue,continuum,1702,224,557,ok,16,16,0.0,0.0,0.06368042536221832,0.9679626306587961,1.9876920818313775
daily,42,core,continuum,1702,224,557,ok,16,16,0.0,0.0,0.040468514098102745,0.97969575617002,1.9931061918370676
daily,42,red,continuum,1702,224,557,ok,16,16,0.0,0.0,0.06558100265972494,0.9670650606910304,1.991228890525521
daily,43,blue,continuum,1701,224,557,ok,16,16,0.0,0.0,0.06547111747544268,0.9670604183171708,1.9876122928899123
daily,43,core,continuum,1701,224,557,ok,16,16,0.0,0.0,0.03636535515352858,0.9817534674947452,1.9930008697847605
daily,43,red,continuum,1701,224,557,ok,16,16,0.0,0.0,0.06441547990802703,0.9676484391779648,1.9911088760871345
daily,44,blue,continuum,1700,224,557,ok,16,16,0.0,0.0,0.06885813958447039,0.9653562732806892,1.9876077461980435
daily,44,core,continuum,1700,224,557,ok,16,16,0.0,0.0,0.0315812142139701,0.9841538159580584,1.9929854487604777
daily,44,red,continuum,1700,224,557,ok,16,16,0.0,0.0,0.06063964898312084,0.969542919638896,1.990986931910994
daily,45,blue,continuum,1699,224,557,ok,16,16,0.0,0.0,0.06839494503587779,0.9655892098383125,1.9876017003535082
daily,45,core,continuum,1699,224,557,ok,16,16,0.0,0.0,0.02770989997086081,0.9860961674936497,1.9929684824817029
daily,45,red,continuum,1699,224,557,ok,16,16,0.0,0.0,0.05725906146251643,0.9712390756863053,1.9908630486973633
daily,46,blue,continuum,1698,224,557,ok,16,16,0.0,0.0,0.07016460580776954,0.9646987259106861,1.9875941483089132
daily,46,core,continuum,1698,224,557,ok,16,16,0.0,0.0,0.02660944168166673,0.9866482138704666,1.9929499636612875
daily,46,red,continuum,1698,224,557,ok,16,16,0.0,0.0,0.05630007790118102,0.9717189805777383,1.9907372170913984
daily,47,blue,continuum,1697,224,557,ok,16,16,0.0,0.0,0.07421142926672208,0.9626625144743418,1.9875850829784523
daily,47,core,continuum,1697,224,557,ok,16,16,0.0,0.0,0.02458690459300715,0.9876629354708317,1.9929298849719723
daily,47,red,continuum,1697,224,557,ok,16,16,0.0,0.0,0.05549217427296168,0.9721230224768096,1.9906094276827084
daily,48,blue,continuum,1696,224,557,ok,16,16,0.0,0.0,0.07769003713848416,0.9609121382637686,1.9875744972376332
daily,48,core,continuum,1696,224,557,ok,16,16,0.0,0.0,0.0201286514810552,0.9898998603715494,1.9929082390461015
daily,48,red,continuum,1696,224,557,ok,16,16,0.0,0.0,0.055045146774724024,0.9723457880145373,1.9904796710049186
daily,49,blue,continuum,1695,224,557,ok,16,16,0.0,0.0,0.07696016280363852,0.9612791208838758,1.9875623839230094
daily,49,core,continuum,1695,224,557,ok,16,16,0.0,0.0,0.018261012030531543,0.990836896328067,1.992885018475335
daily,49,red,continuum,1695,224,557,ok,16,16,0.0,0.0,0.05423861160165741,0.9727491808950627,1.990347937535224
daily,50,blue,continuum,1694,224,557,ok,16,16,0.0,0.0,0.07718171189555638,0.9611707755375076,1.9877222108855452
daily,50,core,continuum,1694,224,557,ok,16,16,0.0,0.0,0.014173104124435315,0.9928880590760992,1.9928602158103572
daily,50,red,continuum,1694,224,557,ok,16,16,0.0,0.0,0.05489558736727815,0.9724172469077798,1.9902142176939406
daily,51,blue,continuum,1693,224,557,ok,16,16,0.0,0.0,0.07853206769357016,0.9604945845705075,1.9878810750321243
daily,51,core,continuum,1693,224,557,ok,16,16,0.0,0.0,0.012853106946773614,0.993550336814432,1.992833823560583
daily,51,red,continuum,1693,224,557,ok,16,16,0.0,0.0,0.055615510193831555,0.9720536098740341,1.990078501844052
daily,52,blue,continuum,1692,224,557,ok,16,16,0.0,0.0,0.08113839905663485,0.9591867160501621,1.9880389717318288
daily,52,core,continuum,1692,224,557,ok,16,16,0.0,0.0,0.01201265732184307,0.9939719880804632,1.9928058341938621
daily,52,red,continuum,1692,224,557,ok,16,16,0.0,0.0,0.05774519132788143,0.9709814523628968,1.989940780290751
daily,53,blue,continuum,1691,224,557,ok,16,16,0.0,0.0,0.08468878668356355,0.9574042040626551,1.9881958963305737
daily,53,core,continuum,1691,224,557,ok,16,16,0.0,0.0,0.011483437019876534,0.9942374679160708,1.99277624013618
daily,53,red,continuum,1691,224,557,ok,16,16,0.0,0.0,0.05593891262896732,0.9718871829835158,1.989801043280975
daily,54,blue,continuum,1690,224,557,ok,16,16,0.0,0.0,0.08572640681796004,0.9568856955220791,1.988351844150963
daily,54,core,continuum,1690,224,557,ok,16,16,0.0,0.0,0.010940425085946136,0.9945098721108134,1.9927450337713548
daily,54,red,continuum,1690,224,557,ok,16,16,0.0,0.0,0.05443549621351546,0.9726407949676309,1.9896592810029392
daily,55,blue,continuum,1689,224,557,ok,16,16,0.0,0.0,0.08824944151225929,0.9556202467868753,1.98850681049215
daily,55,core,continuum,1689,224,557,ok,16,16,0.0,0.0,0.011698629394238883,0.9941292930556873,1.9927122074407353
daily,55,red,continuum,1689,224,557,ok,16,16,0.0,0.0,0.05196019299694453,0.9738829913988416,1.9895154835856608
daily,56,blue,continuum,1688,224,557,ok,16,16,0.0,0.0,0.09204133504807242,0.9537169257413033,1.988660790629691
daily,56,core,continuum,1688,224,557,ok,16,16,0.0,0.0,0.013188866581336438,0.9933813349606834,1.9926777534428894
daily,56,red,continuum,1688,224,557,ok,16,16,0.0,0.0,0.05119571854443121,0.974265356479371,1.989369641098484
daily,57,blue,continuum,1687,224,557,ok,16,16,0.0,0.0,0.09584412605134812,0.9518083960277849,1.988813779815401
daily,57,core,continuum,1687,224,557,ok,16,16,0.0,0.0,0.015580599239768966,0.9921809327181124,1.992641664033298
daily,57,red,continuum,1687,224,557,ok,16,16,0.0,0.0,0.05180075652632522,0.9739592849845562,1.9892217435505932
daily,58,blue,continuum,1686,224,557,ok,16,16,0.0,0.0,0.09799330993548902,0.9507315252720383,1.9889657732772095
daily,58,core,continuum,1686,224,557,ok,16,16,0.0,0.0,0.017029134619949662,0.9914538286553617,1.9926039314240378
daily,58,red,continuum,1686,224,557,ok,16,16,0.0,0.0,0.05126479397129186,0.974226775290965,1.9890717808905274
daily,59,blue,continuum,1685,224,557,ok,16,16,0.0,0.0,0.09909818418786702,0.9501798054941558,1.9891167662190115
daily,59,core,continuum,1685,224,557,ok,16,16,0.0,0.0,0.017083481910328997,0.9914263846913604,1.9925645477834681
daily,59,red,continuum,1685,224,557,ok,16,16,0.0,0.0,0.050546798664791254,0.9745858027491827,1.988919743005684
daily,60,blue,continuum,1684,224,557,ok,16,16,0.0,0.0,0.09516852697351136,0.9521589918542931,1.9892667538205193
daily,60,core,continuum,1684,224,557,ok,16,16,0.0,0.0,0.0169400354765064,0.9914982004317682,1.9925235052359098
daily,60,red,continuum,1684,224,557,ok,16,16,0.0,0.0,0.047883760627596514,0.9759228738908438,1.9887656197218206
daily,61,blue,continuum,1683,224,557,ok,16,16,0.0,0.0,0.08932253164889521,0.9551011232864083,1.989415731237115
daily,61,core,continuum,1683,224,557,ok,16,16,0.0,0.0,0.01734175015645059,0.9912964028599563,1.9924807958613229
daily,61,red,continuum,1683,224,557,ok,16,16,0.0,0.0,0.04895510152047934,0.9753822437424251,1.9886094008025512
daily,62,blue,continuum,1682,224,557,ok,16,16,0.0,0.0,0.08468632229611715,0.9574347267350386,1.9895636935996974
daily,62,core,continuum,1682,224,557,ok,16,16,0.0,0.0,0.01883619785879603,0.9905461485504715,1.9924364116949826
daily,62,red,continuum,1682,224,557,ok,16,16,0.0,0.0,0.047980034894996165,0.9758706485287292,1.9884510759488347
daily,63,blue,continuum,1681,224,557,ok,16,16,0.0,0.0,0.08397153770102522,0.9577971107048895,1.989710636014532
daily,63,core,continuum,1681,224,557,ok,16,16,0.0,0.0,0.01961582801889016,0.9901546260396196,1.9923903447271498
daily,63,red,continuum,1681,224,557,ok,16,16,0.0,0.0,0.04603417950463791,0.9768473588825689,1.9882906347984606
daily,64,blue,continuum,1680,224,557,ok,16,16,0.0,0.0,0.0820461728516677,0.958767795243957,1.9898565535630983
daily,64,core,continuum,1680,224,557,ok,16,16,0.0,0.0,0.0204884292413657,0.9897164125406682,1.9923425869027391
daily,64,red,continuum,1680,224,557,ok,16,16,0.0,0.0,0.04413608376631861,0.9778001807325364,1.9881280669255281
daily,65,blue,continuum,1679,224,557,ok,16,16,0.0,0.0,0.08136201713729363,0.9591145938647846,1.990001441301935
daily,65,core,continuum,1679,224,557,ok,16,16,0.0,0.0,0.02224098222550156,0.9888364910317434,1.9922931301209843
daily,65,red,continuum,1679,224,557,ok,16,16,0.0,0.0,0.04805542661928814,0.9758268046877828,1.987963361839917
daily,66,blue,continuum,1678,224,557,ok,16,16,0.0,0.0,0.08312815505668603,0.9582301074718809,1.9901452942624842
daily,66,core,continuum,1678,224,557,ok,16,16,0.0,0.0,0.023981006988477015,0.9879628040193351,1.9922419662351016
daily,66,red,continuum,1678,224,557,ok,16,16,0.0,0.0,0.051806498526698413,0.973937725369532,1.987796508986759
daily,67,blue,continuum,1677,224,557,ok,16,16,0.0,0.0,0.08572364250625725,0.9569290284229012,1.9902881074509378
daily,67,core,continuum,1677,224,557,ok,16,16,0.0,0.0,0.024236136186077284,0.9878344197628639,1.9921890870519467
daily,67,red,continuum,1677,224,557,ok,16,16,0.0,0.0,0.05413026039508296,0.972766395888329,1.9876274977458963
daily,68,blue,continuum,1676,224,557,ok,16,16,0.0,0.0,0.08568184442388443,0.9569530956787023,1.990429875848076
daily,68,core,continuum,1676,224,557,ok,16,16,0.0,0.0,0.024600207542033917,0.987651331907802,1.9921344843316713
daily,68,red,continuum,1676,224,557,ok,16,16,0.0,0.0,0.0558781851785177,0.9718845719081077,1.987456317431338
daily,69,blue,continuum,1675,224,557,ok,16,16,0.0,0.0,0.0818420081505892,0.9588851516341808,1.990570594409111
daily,69,core,continuum,1675,224,557,ok,16,16,0.0,0.0,0.024389071899419308,0.98775697032668,1.9920781497873743
daily,69,red,continuum,1675,224,557,ok,16,16,0.0,0.0,0.057555086197644365,0.9710383033344633,1.9872829572907107
daily,70,blue,continuum,1674,224,557,ok,16,16,0.0,0.0,0.08280888153702215,0.9584023434843929,1.990710258063526
daily,70,core,continuum,1674,224,557,ok,16,16,0.0,0.0,0.02577678336922158,0.9870599781138627,1.992020075084752
daily,70,red,continuum,1674,224,557,ok,16,16,0.0,0.0,0.0563659905737254,0.9716341500267102,1.987107406504701
daily,71,blue,continuum,1673,224,557,ok,16,16,0.0,0.0,0.08021390997454907,0.9597086893349338,1.9908488617149143
daily,71,core,continuum,1673,224,557,ok,16,16,0.0,0.0,0.028358362212185684,0.9857635903196532,1.9919602518417416
daily,71,red,continuum,1673,224,557,ok,16,16,0.0,0.0,0.054022912198392586,0.9728108581576779,1.9869296541864945
daily,72,blue,continuum,1672,224,557,ok,16,16,0.0,0.0,0.07816688271313357,0.9607396199674297,1.990986400240816
daily,72,core,continuum,1672,224,557,ok,16,16,0.0,0.0,0.029446494880900755,0.9852168710686315,1.9918986716281655
daily,72,red,continuum,1672,224,557,ok,16,16,0.0,0.0,0.05215500951009315,0.9737485754804183,1.986749689381205
daily,73,blue,continuum,1671,224,557,ok,16,16,0.0,0.0,0.07969868435483494,0.9599702520038687,1.9909864124684824
daily,73,core,continuum,1671,224,557,ok,16,16,0.0,0.0,0.03548800196147738,0.982183265102863,1.9918353259653672
daily,73,red,continuum,1671,224,557,ok,16,16,0.0,0.0,0.049542273354178205,0.97506136925747,1.9865675010653012
daily,74,blue,continuum,1670,224,557,ok,16,16,0.0,0.0,0.07892961910542366,0.9603564950657095,1.9909848848190987
daily,74,core,continuum,1670,224,557,ok,16,16,0.0,0.0,0.037573831448379204,0.9811354586342114,1.9917702063258473
daily,74,red,continuum,1670,224,557,ok,16,16,0.0,0.0,0.04723231421453666,0.9762219509750252,1.9863830781460239
daily,75,blue,continuum,1669,224,557,ok,16,16,0.0,0.0,0.07507063269907396,0.9622946667192331,1.9909818099225458
daily,75,core,continuum,1669,224,557,ok,16,16,0.0,0.0,0.038814709381457715,0.9805118014812171,1.9917033041328958
daily,75,red,continuum,1669,224,557,ok,16,16,0.0,0.0,0.04558092019671674,0.9770511516486475,1.9861964094607987
daily,76,blue,continuum,1668,224,557,ok,16,16,0.0,0.0,0.07188562177519195,0.9638943015098198,1.9909771803678866
daily,76,core,continuum,1668,224,557,ok,16,16,0.0,0.0,0.03887775956452332,0.9804794718094985,1.991634610760218
daily,76,red,continuum,1668,224,557,ok,16,16,0.0,0.0,0.04647694214644247,0.9765978011029138,1.9860074837766406
daily,77,blue,continuum,1667,224,557,ok,16,16,0.0,0.0,0.06977370123353885,0.9649549382540277,1.9909709887030733
daily,77,core,continuum,1667,224,557,ok,16,16,0.0,0.0,0.04160826771669425,0.9791077438328897,1.9915641175315593
daily,77,red,continuum,1667,224,557,ok,16,16,0.0,0.0,0.04915537392085373,0.9752467666955925,1.985816289789554
daily,78,blue,continuum,1666,224,557,ok,16,16,0.0,0.0,0.06503926376602065,0.9673327649301573,1.9909632274346543
daily,78,core,continuum,1666,224,557,ok,16,16,0.0,0.0,0.0414126853905523,0.979205194285183,1.9914918157203256
daily,78,red,continuum,1666,224,557,ok,16,16,0.0,0.0,0.05311833437312255,0.9732485273931263,1.9856228161239229
daily,79,blue,continuum,1665,224,557,ok,16,16,0.0,0.0,0.06611568474788669,0.9667919557995478,1.9909538890274774
daily,79,core,continuum,1665,224,557,ok,16,16,0.0,0.0,0.04264964477655273,0.9785832751961291,1.9914176965491994
daily,79,red,continuum,1665,224,557,ok,16,16,0.0,0.0,0.05460021341303084,0.9724995116912489,1.9854270513318955
daily,80,blue,continuum,1664,224,557,ok,16,16,0.0,0.0,0.06639192744300584,0.9666530239288662,1.9909429659043913
daily,80,core,continuum,1664,224,557,ok,16,16,0.0,0.0,0.04595067141548672,0.9769247687454788,1.9913417511897538
daily,80,red,continuum,1664,224,557,ok,16,16,0.0,0.0,0.055383577275106774,0.9721021717270584,1.9852289838927644
daily,81,blue,continuum,1663,224,557,ok,16,16,0.0,0.0,0.06486244970074766,0.9674210368894507,1.990930450445943
daily,81,core,continuum,1663,224,557,ok,16,16,0.0,0.0,0.04915979378300636,0.9753120966748234,1.9912502546489455
daily,81,red,continuum,1663,224,557,ok,16,16,0.0,0.0,0.05478335908238385,0.9724017281054151,1.9850286022123356
daily,82,blue,continuum,1662,224,557,ok,16,16,0.0,0.0,0.061356041604000024,0.9691844232484598,1.9910723105623291
daily,82,core,continuum,1662,224,557,ok,16,16,0.0,0.0,0.05070511874669219,0.9745348446769072,1.9911568613410684
daily,82,red,continuum,1662,224,557,ok,16,16,0.0,0.0,0.05312463319156908,0.9732346130028303,1.984825894622292
daily,83,blue,continuum,1661,224,557,ok,16,16,0.0,0.0,0.05727431056821363,0.9712364735821906,1.9912130987093184
daily,83,core,continuum,1661,224,557,ok,16,16,0.0,0.0,0.05279598254809849,0.9734835006833177,1.9910615619944552
daily,83,red,continuum,1661,224,557,ok,16,16,0.0,0.0,0.05125068132756191,0.9741760843923492,1.984620849379551
daily,84,blue,continuum,1660,224,557,ok,16,16,0.0,0.0,0.052691068364015096,0.9735400637655804,1.9913528096667723
daily,84,core,continuum,1660,224,557,ok,16,16,0.0,0.0,0.054631320232155625,0.972560372411127,1.9909643472825134
daily,84,red,continuum,1660,224,557,ok,16,16,0.0,0.0,0.04993852282748057,0.9748346179017943,1.9844134546656107
daily,85,blue,continuum,1659,224,557,ok,16,16,0.0,0.0,0.04806434308772126,0.9758651520332611,1.9914914381876552
daily,85,core,continuum,1659,224,557,ok,16,16,0.0,0.0,0.0564081082311166,0.971666535730568,1.9908652078232967
daily,85,red,continuum,1659,224,557,ok,16,16,0.0,0.0,0.049291192356454794,0.9751581995378883,1.9842036985858942
daily,86,blue,continuum,1658,224,557,ok,16,16,0.0,0.0,0.0473282885080492,0.9762346119026782,1.9914797231265449
daily,86,core,continuum,1658,224,557,ok,16,16,0.0,0.0,0.057355453860664124,0.9711892268521726,1.9907641341790685
daily,86,red,continuum,1658,224,557,ok,16,16,0.0,0.0,0.04982767864275807,0.9748851358962042,1.9839915691690821
daily,87,blue,continuum,1657,224,557,ok,16,16,0.0,0.0,0.04790732459813507,0.9759455237674063,1.9916178650034742
daily,87,core,continuum,1657,224,557,ok,16,16,0.0,0.0,0.060689326542202174,0.9695134043947373,1.9906888695609473
daily,87,red,continuum,1657,224,557,ok,16,16,0.0,0.0,0.04987009491300713,0.9748610385409795,1.9837770543664388
daily,88,blue,continuum,1656,224,557,ok,16,16,0.0,0.0,0.04882392491820976,0.9754869815714446,1.9917549142513777
daily,88,core,continuum,1656,224,557,ok,16,16,0.0,0.0,0.0635700191319905,0.9680650840937279,1.9906117591969366
daily,88,red,continuum,1656,224,557,ok,16,16,0.0,0.0,0.05054177938470901,0.9745196637534541,1.9835601420511277
daily,89,blue,continuum,1655,224,557,ok,16,16,0.0,0.0,0.04945544668366863,0.9751716082746945,1.9918908655393475
daily,89,core,continuum,1655,224,557,ok,16,16,0.0,0.0,0.06487024516240857,0.9674106121960507,1.990532794069468
daily,89,red,continuum,1655,224,557,ok,16,16,0.0,0.0,0.0521267238075382,0.9737177174586275,1.983340820017526
daily,90,blue,continuum,1654,224,557,ok,16,16,0.0,0.0,0.04811374334450455,0.9758468261638278,1.9920257135088635
daily,90,core,continuum,1654,224,557,ok,16,16,0.0,0.0,0.06591449052363237,0.96688466153462,1.9904519651080075
daily,90,red,continuum,1654,224,557,ok,16,16,0.0,0.0,0.05604888783665289,0.9717370033320161,1.9831190759805235
daily,91,blue,continuum,1653,224,557,ok,16,16,0.0,0.0,0.04762185710840468,0.9760953587113208,1.992159452773618
daily,91,core,continuum,1653,224,557,ok,16,16,0.0,0.0,0.06516644608489562,0.9672591175466121,1.9903692631886443
daily,91,red,continuum,1653,224,557,ok,16,16,0.0,0.0,0.060000511141942554,0.9697409523745679,1.9828948975748175
daily,92,blue,continuum,1652,224,557,ok,16,16,0.0,0.0,0.04700095246914246,0.976408603442208,1.992292077919337
daily,92,core,continuum,1652,224,557,ok,16,16,0.0,0.0,0.06443387975945013,0.9676257972364554,1.9902846791336788
daily,92,red,continuum,1652,224,557,ok,16,16,0.0,0.0,0.0639239937459421,0.9677586035761597,1.9826682723541968
daily,93,blue,continuum,1651,224,557,ok,16,16,0.0,0.0,0.04721568721985428,0.9763007051718401,1.9922823679864015
daily,93,core,continuum,1651,224,557,ok,16,16,0.0,0.0,0.06620989058945803,0.9667320116830607,1.9901982037112038
daily,93,red,continuum,1651,224,557,ok,16,16,0.0,0.0,0.06667111430178284,0.9663691503313757,1.9824391877908212
daily,94,blue,continuum,1650,224,557,ok,16,16,0.0,0.0,0.04793061613604892,0.9759417192266616,1.992271043289431
daily,94,core,continuum,1650,224,557,ok,16,16,0.0,0.0,0.06778267988604411,0.9659400309691129,1.9900981068002634
daily,94,red,continuum,1650,224,557,ok,16,16,0.0,0.0,0.07123872731707118,0.9640609156210002,1.9822076312744872
daily,95,blue,continuum,1649,224,557,ok,16,16,0.0,0.0,0.048939342367594514,0.9754352398085431,1.9922580959945457
daily,95,core,continuum,1649,224,557,ok,16,16,0.0,0.0,0.07052690392005784,0.9645592744905355,1.989996054150287
daily,95,red,continuum,1649,224,557,ok,16,16,0.0,0.0,0.075571148459343,0.961870759107806,1.9819735901118898
daily,96,blue,continuum,1648,224,557,ok,16,16,0.0,0.0,0.04790014724870362,0.9759566805912296,1.9922435182236493
daily,96,core,continuum,1648,224,557,ok,16,16,0.0,0.0,0.07204511709477421,0.96379445930364,1.9898920361108554
daily,96,red,continuum,1648,224,557,ok,16,16,0.0,0.0,0.07900974246096734,0.9601310666316035,1.9817370515258708
daily,97,blue,continuum,1647,224,557,ok,16,16,0.0,0.0,0.05029156912920848,0.9747561088650102,1.992227302054109
daily,97,core,continuum,1647,224,557,ok,16,16,0.0,0.0,0.07720694456813268,0.9611983686181903,1.9897860429736332
daily,97,red,continuum,1647,224,557,ok,16,16,0.0,0.0,0.08431796942905866,0.9574473608774292,1.9814980026546631
daily,98,blue,continuum,1646,224,557,ok,16,16,0.0,0.0,0.05107854762807178,0.9743608545292212,1.9922094395184287
daily,98,core,continuum,1646,224,557,ok,16,16,0.0,0.0,0.08052281521165532,0.959529726628015,1.9896780649719092
daily,98,red,continuum,1646,224,557,ok,16,16,0.0,0.0,0.08657021419263236,0.9563053964859303,1.9812564305511224
daily,99,blue,continuum,1645,224,557,ok,16,16,0.0,0.0,0.051296193626130915,0.9742513537268156,1.9921899226039215
daily,99,core,continuum,1645,224,557,ok,16,16,0.0,0.0,0.08044063965556114,0.9595687928612824,1.9895680922801313
daily,99,red,continuum,1645,224,557,ok,16,16,0.0,0.0,0.08723785935083356,0.9559629900460452,1.9810123221819493
daily,100,blue,continuum,1644,224,557,ok,16,16,0.0,0.0,0.05012316101071632,0.9748399019006361,1.9921687432523776
daily,100,core,continuum,1644,224,557,ok,16,16,0.0,0.0,0.07888652904078952,0.9603497694350469,1.9895604115482106
daily,100,red,continuum,1644,224,557,ok,16,16,0.0,0.0,0.09002347120146527,0.9545511754276538,1.9807656644269052
daily,101,blue,continuum,1643,224,557,ok,16,16,0.0,0.0,0.05034571308862507,0.9747278985658436,1.9921458933597296
daily,101,core,continuum,1643,224,557,ok,16,16,0.0,0.0,0.0794726003175754,0.960055009513427,1.9895511139072435
daily,101,red,continuum,1643,224,557,ok,16,16,0.0,0.0,0.09626996428137748,0.9513914844942407,1.980516444078015
daily,102,blue,continuum,1642,224,557,ok,16,16,0.0,0.0,0.050044782689365686,0.9748806836623418,1.9922828319312154
daily,102,core,continuum,1642,224,557,ok,16,16,0.0,0.0,0.08013148634581141,0.9597236151907801,1.9895401914887878
daily,102,red,continuum,1642,224,557,ok,16,16,0.0,0.0,0.10123012351997698,0.9488805076480771,1.9802646478387635
daily,103,blue,continuum,1641,224,557,ok,16,16,0.0,0.0,0.05074491325616538,0.9745309986504617,1.9924186488405569
daily,103,core,continuum,1641,224,557,ok,16,16,0.0,0.0,0.08245021202969927,0.9585578955918788,1.9895276363799175
daily,103,red,continuum,1641,224,557,ok,16,16,0.0,0.0,0.10265528957026901,0.9481541628729658,1.9800102623232794
daily,104,blue,continuum,1640,224,557,ok,16,16,0.0,0.0,0.047948847127602306,0.9759359781243994,1.9925533385680394
daily,104,core,continuum,1640,224,557,ok,16,16,0.0,0.0,0.0845652844651931,0.9574944894874817,1.9895134406228991
daily,104,red,continuum,1640,224,557,ok,16,16,0.0,0.0,0.10225700994976852,0.9483486092485172,1.9797532740555086
daily,105,blue,continuum,1639,224,557,ok,16,16,0.0,0.0,0.0492643355268413,0.9752774328789513,1.9926868955650547
daily,105,core,continuum,1639,224,557,ok,16,16,0.0,0.0,0.08651745179243689,0.9565129146388307,1.9894975962148642
daily,105,red,continuum,1639,224,557,ok,16,16,0.0,0.0,0.1001414417664876,0.9494105774062,1.9794936694683816
daily,106,blue,continuum,1638,224,557,ok,16,16,0.0,0.0,0.05206865763845237,0.9738718622074646,1.992819314253917
daily,106,core,continuum,1638,224,557,ok,16,16,0.0,0.0,0.08760452954733608,0.9559661191068095,1.9894800951074796
daily,106,red,continuum,1638,224,557,ok,16,16,0.0,0.0,0.09494145245759214,0.9520311516968976,1.979231434902966
daily,107,blue,continuum,1637,224,557,ok,16,16,0.0,0.0,0.05303575194817679,0.9733883257115511,1.9929505890276737
daily,107,core,continuum,1637,224,557,ok,16,16,0.0,0.0,0.08781342295268393,0.9558606948930113,1.9894609292066114
daily,107,red,continuum,1637,224,557,ok,16,16,0.0,0.0,0.09292663986155317,0.9530428447356634,1.9789665566076116
daily,108,blue,continuum,1636,224,557,ok,16,16,0.0,0.0,0.05305304053461285,0.9733793716800017,1.9929296895955504
daily,108,core,continuum,1636,224,557,ok,16,16,0.0,0.0,0.08779388012151873,0.9558700558280683,1.9894400903719902
daily,108,red,continuum,1636,224,557,ok,16,16,0.0,0.0,0.09203309718232933,0.9534880766514726,1.9786990207370816
daily,109,blue,continuum,1635,224,557,ok,16,16,0.0,0.0,0.05649609307539854,0.9716514166785196,1.992907103495018
daily,109,core,continuum,1635,224,557,ok,16,16,0.0,0.0,0.08861254701751026,0.9554580454424447,1.9894175704168706
daily,109,red,continuum,1635,224,557,ok,16,16,0.0,0.0,0.08924084549060671,0.9548990148092775,1.9786894923298506
daily,110,blue,continuum,1634,224,557,ok,16,16,0.0,0.0,0.06163192363165908,0.9690739852151781,1.9928828224549404
daily,110,core,continuum,1634,224,557,ok,16,16,0.0,0.0,0.08949316089295262,0.9550148489270502,1.9893933611076875
daily,110,red,continuum,1634,224,557,ok,16,16,0.0,0.0,0.08518471804752623,0.9569486781266923,1.9786783388024527
daily,111,blue,continuum,1633,224,557,ok,16,16,0.0,0.0,0.06430820123423127,0.9677306467765578,1.9928568381567164
daily,111,core,continuum,1633,224,557,ok,16,16,0.0,0.0,0.09001072443336333,0.9547522558406456,1.9892864518584998
daily,111,red,continuum,1633,224,557,ok,16,16,0.0,0.0,0.08078998268205922,0.9591694601490679,1.9786655522316068
daily,112,blue,continuum,1632,224,557,ok,16,16,0.0,0.0,0.06498869413835195,0.9673884334181148,1.992811169471734
daily,112,core,continuum,1632,224,557,ok,16,16,0.0,0.0,0.09082860285845079,0.9543386139513178,1.9891775243443819
daily,112,red,continuum,1632,224,557,ok,16,16,0.0,0.0,0.07578423750947555,0.9616990400352096,1.9786511246491756
daily,113,blue,continuum,1631,224,557,ok,16,16,0.0,0.0,0.06489420574278237,0.9674350725461719,1.9927637128868767
daily,113,core,continuum,1631,224,557,ok,16,16,0.0,0.0,0.0915080546243893,0.9539944735515636,1.989066568490479
daily,113,red,continuum,1631,224,557,ok,16,16,0.0,0.0,0.0713789645929718,0.9639251489739797,1.9786350480418382
daily,114,blue,continuum,1630,224,557,ok,16,16,0.0,0.0,0.06033828360203962,0.9697205571465763,1.99271445957987
daily,114,core,continuum,1630,224,557,ok,16,16,0.0,0.0,0.0929086275698656,0.9532876841486482,1.9889535741606115
daily,114,red,continuum,1630,224,557,ok,16,16,0.0,0.0,0.06792883843679888,0.9656685312798406,1.97861731435076
daily,115,blue,continuum,1629,224,557,ok,16,16,0.0,0.0,0.06266762495290956,0.9685508225164255,1.9926634006768613
daily,115,core,continuum,1629,224,557,ok,16,16,0.0,0.0,0.09315845415685878,0.95316021809399,1.988874635321598
daily,115,red,continuum,1629,224,557,ok,16,16,0.0,0.0,0.0640707206578062,0.9676181198025037,1.978597915471258
daily,116,blue,continuum,1628,224,557,ok,16,16,0.0,0.0,0.06511106377047418,0.9673237379407668,1.992610527252025
daily,116,core,continuum,1628,224,557,ok,16,16,0.0,0.0,0.0915699924174982,0.9539570199175634,1.9887937803667108
daily,116,red,continuum,1628,224,557,ok,16,16,0.0,0.0,0.061892319179369396,0.9687218150025854,1.9787695220961605
daily,117,blue,continuum,1627,224,557,ok,16,16,0.0,0.0,0.06531524312833159,0.9672203698715899,1.9925558303271647
daily,117,core,continuum,1627,224,557,ok,16,16,0.0,0.0,0.09314663778890603,0.9531623057349933,1.9887109997747574
daily,117,red,continuum,1627,224,557,ok,16,16,0.0,0.0,0.05832140534982103,0.9705289690555055,1.9789401144351924
daily,118,blue,continuum,1626,224,557,ok,16,16,0.0,0.0,0.06497244196850074,0.9673914856883069,1.9924993008713128
daily,118,core,continuum,1626,224,557,ok,16,16,0.0,0.0,0.09438690448270817,0.952536630314273,1.988626283967613
daily,118,red,continuum,1626,224,557,ok,16,16,0.0,0.0,0.05662916310272649,0.9713865464542107,1.9791096874099634
daily,119,blue,continuum,1625,224,557,ok,16,16,0.0,0.0,0.06291885876383127,0.9684212175012201,1.992440929800325
daily,119,core,continuum,1625,224,557,ok,16,16,0.0,0.0,0.0930772830794978,0.9531931463731269,1.9885396233097719
daily,119,red,continuum,1625,224,557,ok,16,16,0.0,0.0,0.0558829591459385,0.9717659911921974,1.9792782359157912
daily,120,blue,continuum,1624,224,557,ok,16,16,0.0,0.0,0.062119095608836446,0.9688216738095569,1.9923807079764708
daily,120,core,continuum,1624,224,557,ok,16,16,0.0,0.0,0.09146561310528017,0.9540015757329048,1.9884510081078952
daily,120,red,continuum,1624,224,557,ok,16,16,0.0,0.0,0.05473712722178556,0.9723472456426467,1.9794457548215325
daily,121,blue,continuum,1623,224,557,ok,16,16,0.0,0.0,0.06496928908130142,0.9673901110863188,1.9923186262080192
daily,121,core,continuum,1623,224,557,ok,16,16,0.0,0.0,0.09116858666053623,0.9541488628778168,1.9883604286103527
daily,121,red,continuum,1623,224,557,ok,16,16,0.0,0.0,0.05454622624539418,0.9724460047419232,1.9796122389694184
daily,122,blue,continuum,1622,224,557,ok,16,16,0.0,0.0,0.06615929681635319,0.9667924342701776,1.9922958928885897
daily,122,core,continuum,1622,224,557,ok,16,16,0.0,0.0,0.09246189586532814,0.9534962582116789,1.9882678750067613
daily,122,red,continuum,1622,224,557,ok,16,16,0.0,0.0,0.0514854306609622,0.9739943372942778,1.9797776831748854
daily,123,blue,continuum,1621,224,557,ok,16,16,0.0,0.0,0.06496711051776838,0.9673904322144927,1.992271438404096
daily,123,core,continuum,1621,224,557,ok,16,16,0.0,0.0,0.08927062821131695,0.9550991724258693,1.9881733374275181
daily,123,red,continuum,1621,224,557,ok,16,16,0.0,0.0,0.050627249170023356,0.9744299342771209,1.9799420822264053
daily,124,blue,continuum,1620,224,557,ok,16,16,0.0,0.0,0.06209660523536779,0.9688308429380508,1.9922452542412254
daily,124,core,continuum,1620,224,557,ok,16,16,0.0,0.0,0.08818630073887442,0.9556424075391641,1.9880768059433276
daily,124,red,continuum,1620,224,557,ok,16,16,0.0,0.0,0.050671497734271306,0.9744096971080899,1.9801054308853132
daily,125,blue,continuum,1619,224,557,ok,16,16,0.0,0.0,0.06243642504573066,0.9686598324148964,1.9922173318373515
daily,125,core,continuum,1619,224,557,ok,16,16,0.0,0.0,0.08490332182735585,0.9572916248208099,1.9879782705647262
daily,125,red,continuum,1619,224,557,ok,16,16,0.0,0.0,0.05102351030129908,0.9742340342743243,1.9802677238856374
daily,126,blue,continuum,1618,224,557,ok,16,16,0.0,0.0,0.06366274748430185,0.9680437999491224,1.9921876625801616
daily,126,core,continuum,1618,224,557,ok,16,16,0.0,0.0,0.08088531658346373,0.9593107183006488,1.9878777212416003
daily,126,red,continuum,1618,224,557,ok,16,16,0.0,0.0,0.05171415484723672,0.9738873971256143,1.9804289559339232
daily,127,blue,continuum,1617,224,557,ok,16,16,0.0,0.0,0.06584822056219813,0.9669462568685498,1.9921562378072848
daily,127,core,continuum,1617,224,557,ok,16,16,0.0,0.0,0.07262916340304873,0.9634620829820006,1.987775147862699
daily,127,red,continuum,1617,224,557,ok,16,16,0.0,0.0,0.050920399643664,0.9742902760166002,1.98058912170906
daily,128,blue,continuum,1616,224,557,ok,16,16,0.0,0.0,0.06600826825133707,0.966868283248747,1.9922984597180795
daily,128,core,continuum,1616,224,557,ok,16,16,0.0,0.0,0.0655547521453376,0.967019306863137,1.987670540255143
daily,128,red,continuum,1616,224,557,ok,16,16,0.0,0.0,0.04852511147918889,0.9755016255521054,1.980748215862102
daily,129,blue,continuum,1615,224,557,ok,16,16,0.0,0.0,0.06558897171850059,0.9670810729237147,1.9924395338434546
daily,129,core,continuum,1615,224,557,ok,16,16,0.0,0.0,0.06212280466851391,0.9687442476501842,1.9875638881839266
daily,129,red,continuum,1615,224,557,ok,16,16,0.0,0.0,0.04512489511265283,0.977220075155225,1.9809062330160925
daily,130,blue,continuum,1614,224,557,ok,16,16,0.0,0.0,0.06413156307218451,0.9678148026020683,1.9925794544390707
daily,130,core,continuum,1614,224,557,ok,16,16,0.0,0.0,0.06183752347557359,0.968886079014106,1.987455181351416
daily,130,red,continuum,1614,224,557,ok,16,16,0.0,0.0,0.040506666024911216,0.979553066916795,1.9810631677658834
daily,131,blue,continuum,1613,224,557,ok,16,16,0.0,0.0,0.06667434593018537,0.9665410064484418,1.9927182157300778
daily,131,core,continuum,1613,224,557,ok,16,16,0.0,0.0,0.06314872255473641,0.9682245703079206,1.9873444093968426
daily,131,red,continuum,1613,224,557,ok,16,16,0.0,0.0,0.03714032235871529,0.9812538027933513,1.981219014677955
daily,132,blue,continuum,1612,224,557,ok,16,16,0.0,0.0,0.06784423421011315,0.9659562755094366,1.992855811910913
daily,132,core,continuum,1612,224,557,ok,16,16,0.0,0.0,0.06430781946403534,0.9676394937071718,1.9872315618957883
daily,132,red,continuum,1612,224,557,ok,16,16,0.0,0.0,0.03799807481698404,0.9808207562960148,1.9812081958731556
daily,133,blue,continuum,1611,224,557,ok,16,16,0.0,0.0,0.06759055484321656,0.966083057901196,1.9928257284019724
daily,133,core,continuum,1611,224,557,ok,16,16,0.0,0.0,0.06325634433490177,0.968166768154359,1.9871166283596677
daily,133,red,continuum,1611,224,557,ok,16,16,0.0,0.0,0.039262011116800666,0.9801826688924007,1.9811956970202156
daily,134,blue,continuum,1610,224,557,ok,16,16,0.0,0.0,0.06586035185589552,0.9669507454924712,1.9927938719734835
daily,134,core,continuum,1610,224,557,ok,16,16,0.0,0.0,0.06410255168110039,0.967739183648496,1.9870095964918726
daily,134,red,continuum,1610,224,557,ok,16,16,0.0,0.0,0.0400980080513722,0.9797605581048603,1.9811815098024708
daily,135,blue,continuum,1609,224,557,ok,16,16,0.0,0.0,0.06591613453918535,0.9669221949426553,1.9927602337854982
daily,135,core,continuum,1609,224,557,ok,16,16,0.0,0.0,0.06377119032905862,0.9679041852379137,1.986900497830305
daily,135,red,continuum,1609,224,557,ok,16,16,0.0,0.0,0.03759067791030181,0.9810236537203408,1.9809228476503682
daily,136,blue,continuum,1608,224,557,ok,16,16,0.0,0.0,0.06581033695481368,0.9669746987685093,1.9927248049462571
daily,136,core,continuum,1608,224,557,ok,16,16,0.0,0.0,0.06429433603364473,0.967639077115933,1.9867893219232116
daily,136,red,continuum,1608,224,557,ok,16,16,0.0,0.0,0.037005097853053226,0.9813167983366435,1.9806614797522448
daily,137,blue,continuum,1607,224,557,ok,16,16,0.0,0.0,0.06316877511675811,0.9682997094670831,1.9926875765117977
daily,137,core,continuum,1607,224,557,ok,16,16,0.0,0.0,0.06475373619805053,0.9674059915661615,1.9866760582544483
daily,137,red,continuum,1607,224,557,ok,16,16,0.0,0.0,0.03678870851682673,0.9814235725260934,1.9803973917214153
daily,138,blue,continuum,1606,224,557,ok,16,16,0.0,0.0,0.06348646697499463,0.9681396564838348,1.992648539485553
daily,138,core,continuum,1606,224,557,ok,16,16,0.0,0.0,0.06519499686149274,0.9671819758717709,1.9865606962429516
daily,138,red,continuum,1606,224,557,ok,16,16,0.0,0.0,0.03650269891278134,0.9815655091220113,1.9801305690718405
daily,139,blue,continuum,1605,224,557,ok,16,16,0.0,0.0,0.061464714405319684,0.9691536297517916,1.9926076848179513
daily,139,core,continuum,1605,224,557,ok,16,16,0.0,0.0,0.0674078559750798,0.9660660545851439,1.986443225242211
daily,139,red,continuum,1605,224,557,ok,16,16,0.0,0.0,0.037068872978962934,0.9812770325638691,1.9798609972171872
daily,140,blue,continuum,1604,224,557,ok,16,16,0.0,0.0,0.0598329932035178,0.9699716964709804,1.992553230511164
daily,140,core,continuum,1604,224,557,ok,16,16,0.0,0.0,0.06832901938735339,0.9656002585886833,1.986323634539727
daily,140,red,continuum,1604,224,557,ok,16,16,0.0,0.0,0.037487087767589494,0.9810631933303988,1.9795886614698694
daily,141,blue,continuum,1603,224,557,ok,16,16,0.0,0.0,0.06020748181263823,0.9697828980446815,1.992496894694469
daily,141,core,continuum,1603,224,557,ok,16,16,0.0,0.0,0.06928076042106793,0.9651189740805401,1.9862019133564721
daily,141,red,continuum,1603,224,557,ok,16,16,0.0,0.0,0.03905364003797769,0.9802690988012589,1.979313547040081
daily,142,blue,continuum,1602,224,557,ok,16,16,0.0,0.0,0.05948012422648914,0.9701470739428458,1.992438667908568
daily,142,core,continuum,1602,224,557,ok,16,16,0.0,0.0,0.07138447859965634,0.9640575663331877,1.9860780508463396
daily,142,red,continuum,1602,224,557,ok,16,16,0.0,0.0,0.03716946841825105,0.9812183936028667,1.9790356390348143
daily,143,blue,continuum,1601,224,557,ok,16,16,0.0,0.0,0.056473570494392084,0.9716554699291613,1.9923974873900983
daily,143,core,continuum,1601,224,557,ok,16,16,0.0,0.0,0.07543514831305989,0.9620178303383923,1.9860673833309082
daily,143,red,continuum,1601,224,557,ok,16,16,0.0,0.0,0.038275624988766535,0.9806593312142275,1.9790228255665703
daily,144,blue,continuum,1600,224,557,ok,16,16,0.0,0.0,0.05405416055185792,0.9728692050770256,1.9923544704576528
daily,144,core,continuum,1600,224,557,ok,16,16,0.0,0.0,0.08030764621448884,0.9595619346246695,1.9859418463545273
daily,144,red,continuum,1600,224,557,ok,16,16,0.0,0.0,0.03556743643803018,0.9820276467021742,1.9790083050689282
daily,145,blue,continuum,1599,224,557,ok,16,16,0.0,0.0,0.05349519649340785,0.9731491549898994,1.9923096078832636
daily,145,core,continuum,1599,224,557,ok,16,16,0.0,0.0,0.08366862208109539,0.9578692983462638,1.9859299464972349
daily,145,red,continuum,1599,224,557,ok,16,16,0.0,0.0,0.03453238243743033,0.9825505200461906,1.9789920690382239
daily,146,blue,continuum,1598,224,557,ok,16,16,0.0,0.0,0.05100188324613267,0.9744000234646252,1.9922628903841644
daily,146,core,continuum,1598,224,557,ok,16,16,0.0,0.0,0.08552500756716222,0.9569342341557188,1.9859163279809469
daily,146,red,continuum,1598,224,557,ok,16,16,0.0,0.0,0.03280412967616189,0.9834236690979049,1.9789741089215231
daily,147,blue,continuum,1597,224,557,ok,16,16,0.0,0.0,0.04970329566750432,0.9750512304562884,1.9922143086223683
daily,147,core,continuum,1597,224,557,ok,16,16,0.0,0.0,0.09052873403260327,0.9544142760170705,1.9859009822132832
daily,147,red,continuum,1597,224,557,ok,16,16,0.0,0.0,0.030734583880653962,0.9844692815406171,1.9789544161162524
daily,148,blue,continuum,1596,224,557,ok,16,16,0.0,0.0,0.05056173513811028,0.9746195991153416,1.9921566790015928
daily,148,core,continuum,1596,224,557,ok,16,16,0.0,0.0,0.09643766553138458,0.9514357470156412,1.9857747129857923
daily,148,red,continuum,1596,224,557,ok,16,16,0.0,0.0,0.029092272482925126,0.985299010755803,1.9789329819698256
daily,149,blue,continuum,1595,224,557,ok,16,16,0.0,0.0,0.0513647372158595,0.974215746697314,1.9920971382370303
daily,149,core,continuum,1595,224,557,ok,16,16,0.0,0.0,0.09956209520155287,0.9498590978594955,1.9856462678425806
daily,149,red,continuum,1595,224,557,ok,16,16,0.0,0.0,0.027612185798670984,0.9860480924945096,1.9790975382975358
daily,150,blue,continuum,1594,224,557,ok,16,16,0.0,0.0,0.05277782684163764,0.9735055815215576,1.9920356766683225
daily,150,core,continuum,1594,224,557,ok,16,16,0.0,0.0,0.10363017677599368,0.9478069198166337,1.985515635634398
daily,150,red,continuum,1594,224,557,ok,16,16,0.0,0.0,0.025653477362447316,0.9870388608014087,1.979261002399809
daily,151,blue,continuum,1593,224,557,ok,16,16,0.0,0.0,0.05660923449843028,0.9715813141895934,1.9919722845769523
daily,151,core,continuum,1593,224,557,ok,16,16,0.0,0.0,0.106128768267699,0.9465449343104806,1.9853828051418314
daily,151,red,continuum,1593,224,557,ok,16,16,0.0,0.0,0.02403146815614239,0.9878593591770575,1.9794233687178453
daily,152,blue,continuum,1592,224,557,ok,16,16,0.0,0.0,0.057386256325288515,0.9711902926678796,1.991906952185786
daily,152,core,continuum,1592,224,557,ok,16,16,0.0,0.0,0.10893944299066813,0.9451255178788388,1.9852477650747224
daily,152,red,continuum,1592,224,557,ok,16,16,0.0,0.0,0.02258371898686083,0.9885916880614066,1.9795846316633383
daily,153,blue,continuum,1591,224,557,ok,16,16,0.0,0.0,0.05911482224919467,0.9703214956757406,1.99183966965861
daily,153,core,continuum,1591,224,557,ok,16,16,0.0,0.0,0.11461368653940626,0.9422668861179316,1.985233063533141
daily,153,red,continuum,1591,224,557,ok,16,16,0.0,0.0,0.02325162674192876,0.9882552403164092,1.9797447856182866
daily,154,blue,continuum,1590,224,557,ok,16,16,0.0,0.0,0.06220304478446937,0.9687703141732855,1.9917922046868552
daily,154,core,continuum,1590,224,557,ok,16,16,0.0,0.0,0.1145568114775739,0.9422950571167248,1.985216616699505
daily,154,red,continuum,1590,224,557,ok,16,16,0.0,0.0,0.024509927521806286,0.9876206474207839,1.9799038249347987
daily,155,blue,continuum,1589,224,557,ok,16,16,0.0,0.0,0.06594160257747775,0.9668925120537551,1.9917428554091527
daily,155,core,continuum,1589,224,557,ok,16,16,0.0,0.0,0.1164903559874561,0.9413170561951292,1.9850803050167887
daily,155,red,continuum,1589,224,557,ok,16,16,0.0,0.0,0.025080051992897846,0.9873337020576655,1.9800617439348986
daily,156,blue,continuum,1588,224,557,ok,16,16,0.0,0.0,0.07170731500739265,0.9639967781331522,1.99169161228378
daily,156,core,continuum,1588,224,557,ok,16,16,0.0,0.0,0.11614374824796234,0.94149114012716,1.9850625785630212
daily,156,red,continuum,1588,224,557,ok,16,16,0.0,0.0,0.025583630433398584,0.9870804004929093,1.9802185369103313
daily,157,blue,continuum,1587,224,557,ok,16,16,0.0,0.0,0.07427544278912199,0.9627063625914767,1.9916384657117545
daily,157,core,continuum,1587,224,557,ok,16,16,0.0,0.0,0.11416930467319031,0.9424852259874609,1.985043089073072
daily,157,red,continuum,1587,224,557,ok,16,16,0.0,0.0,0.027661447604489017,0.9860322116745838,1.980374198122364
daily,158,blue,continuum,1586,224,557,ok,16,16,0.0,0.0,0.07513714681377119,0.9622726587367446,1.9915834060363844
daily,158,core,continuum,1586,224,557,ok,16,16,0.0,0.0,0.11388447507376877,0.9426280993556937,1.9850218276683655
daily,158,red,continuum,1586,224,557,ok,16,16,0.0,0.0,0.029511639221041858,0.9850991107090855,1.9805287218015863
daily,159,blue,continuum,1585,224,557,ok,16,16,0.0,0.0,0.07171997368546258,0.9639874355481176,1.9915264235428176
daily,159,core,continuum,1585,224,557,ok,16,16,0.0,0.0,0.11099205050573069,0.9440845751034808,1.984998785418154
daily,159,red,continuum,1585,224,557,ok,16,16,0.0,0.0,0.030117653750936748,0.984794302064789,1.9806821021477095
daily,160,blue,continuum,1584,224,557,ok,16,16,0.0,0.0,0.06698160933146305,0.966365703157597,1.9914675084575824
daily,160,core,continuum,1584,224,557,ok,16,16,0.0,0.0,0.10852166792757055,0.9453284171588169,1.98497395333912
daily,160,red,continuum,1584,224,557,ok,16,16,0.0,0.0,0.03151448934705104,0.9840902952777066,1.980834333329365
daily,161,blue,continuum,1583,224,557,ok,16,16,0.0,0.0,0.06469674238615401,0.9675120386108225,1.9914066509481252
daily,161,core,continuum,1583,224,557,ok,16,16,0.0,0.0,0.10814159592745982,0.9455191607820708,1.9849473223949747
daily,161,red,continuum,1583,224,557,ok,16,16,0.0,0.0,0.033355834760785935,0.9831619987703615,1.9809854094838981
daily,162,blue,continuum,1582,224,557,ok,16,16,0.0,0.0,0.06238126897493824,0.9686737831575187,1.9913438411223456
daily,162,core,continuum,1582,224,557,ok,16,16,0.0,0.0,0.10605668420050654,0.9465746419957137,1.985137548203191
daily,162,red,continuum,1582,224,557,ok,16,16,0.0,0.0,0.03467493766810961,0.9824974411210098,1.9811353247171652
daily,163,blue,continuum,1581,224,557,ok,16,16,0.0,0.0,0.061183855064767624,0.9692740932115409,1.9912790690281224
daily,163,core,continuum,1581,224,557,ok,16,16,0.0,0.0,0.10306719015179053,0.9480855275637801,1.9853267367479237
daily,163,red,continuum,1581,224,557,ok,16,16,0.0,0.0,0.03579416673521332,0.9819338543012924,1.9812840731033212
daily,164,blue,continuum,1580,224,557,ok,16,16,0.0,0.0,0.057180490104323176,0.9712867893194456,1.9914349091948735
daily,164,core,continuum,1580,224,557,ok,16,16,0.0,0.0,0.10144014941175793,0.948909902263423,1.9855148826449325
daily,164,red,continuum,1580,224,557,ok,16,16,0.0,0.0,0.03487922667422239,0.9823969569188131,1.9814316486846157
daily,165,blue,continuum,1579,224,557,ok,16,16,0.0,0.0,0.05689893736730709,0.9714303901811842,1.9915895851624004
daily,165,core,continuum,1579,224,557,ok,16,16,0.0,0.0,0.09990058887597247,0.9496900391609847,1.9857019804813612
daily,165,red,continuum,1579,224,557,ok,16,16,0.0,0.0,0.03547084566222668,0.9820996978931544,1.9815780454711778
daily,166,blue,continuum,1578,224,557,ok,16,16,0.0,0.0,0.05384700020781258,0.9729648866601441,1.9917430909538605
daily,166,core,continuum,1578,224,557,ok,16,16,0.0,0.0,0.09974405832572197,0.9497735737970493,1.9858880248155555
daily,166,red,continuum,1578,224,557,ok,16,16,0.0,0.0,0.03858676607806455,0.9805286808169696,1.9817232574408057
daily,167,blue,continuum,1577,224,557,ok,16,16,0.0,0.0,0.05242783803258671,0.9736794223775841,1.9918954205600932
daily,167,core,continuum,1577,224,557,ok,16,16,0.0,0.0,0.10057687601999499,0.9493589231087542,1.9860730101768749
daily,167,red,continuum,1577,224,557,ok,16,16,0.0,0.0,0.0420197079803837,0.9787979203070726,1.9818672785387506
daily,168,blue,continuum,1576,224,557,ok,16,16,0.0,0.0,0.050764744271116165,0.9745162863719458,1.9920465679394055
daily,168,core,continuum,1576,224,557,ok,16,16,0.0,0.0,0.10005217315453419,0.9496277789697316,1.9862569310655058
daily,168,red,continuum,1576,224,557,ok,16,16,0.0,0.0,0.042607261711803415,0.9785030047756844,1.9820101026775012
daily,169,blue,continuum,1575,224,557,ok,16,16,0.0,0.0,0.05229091728538508,0.9737521290815253,1.992196527017353
daily,169,core,continuum,1575,224,557,ok,16,16,0.0,0.0,0.0996610922572282,0.9498292909945243,1.9864397819522726
daily,169,red,continuum,1575,224,557,ok,16,16,0.0,0.0,0.03954505396241955,0.9800494313886966,1.9821517237365647
daily,170,blue,continuum,1574,224,557,ok,16,16,0.0,0.0,0.05413772156987222,0.9728271390527671,1.9923452916865256
daily,170,core,continuum,1574,224,557,ok,16,16,0.0,0.0,0.09838296898623226,0.9504772468486595,1.9866215572784482
daily,170,red,continuum,1574,224,557,ok,16,16,0.0,0.0,0.03504999590547814,0.9823184508092009,1.9822921355622476
daily,171,blue,continuum,1573,224,557,ok,16,16,0.0,0.0,0.05593868172799053,0.9719223214023315,1.992282999230408
daily,171,core,continuum,1573,224,557,ok,16,16,0.0,0.0,0.09802536327258254,0.9506617413983863,1.986802251455559
daily,171,red,continuum,1573,224,557,ok,16,16,0.0,0.0,0.031721282089624867,0.9839987990614819,1.9824313319674338
daily,172,blue,continuum,1572,224,557,ok,16,16,0.0,0.0,0.059970224804509184,0.9698977707182271,1.9922187238412161
daily,172,core,continuum,1572,224,557,ok,16,16,0.0,0.0,0.09800064711907598,0.9506786402292339,1.9869818588651942
daily,172,red,continuum,1572,224,557,ok,16,16,0.0,0.0,0.029456672632616976,0.9851421725673833,1.9825693067313601
daily,173,blue,continuum,1571,224,557,ok,16,16,0.0,0.0,0.05838335231431643,0.9706933311465233,1.992152455340908
daily,173,core,continuum,1571,224,557,ok,16,16,0.0,0.0,0.0972099957855854,0.9510809509567584,1.9871603738588095
daily,173,red,continuum,1571,224,557,ok,16,16,0.0,0.0,0.025210965959126058,0.9872845670121608,1.982706053599392
daily,174,blue,continuum,1570,224,557,ok,16,16,0.0,0.0,0.05904357976192735,0.9703609012855504,1.992084183489106
daily,174,core,continuum,1570,224,557,ok,16,16,0.0,0.0,0.09612231532014445,0.9516326234185358,1.9873377907575298
daily,174,red,continuum,1570,224,557,ok,16,16,0.0,0.0,0.02159267719152831,0.989110235755241,1.9828415662827947
daily,175,blue,continuum,1569,224,557,ok,16,16,0.0,0.0,0.059390128764010404,0.9701858863413767,1.992013897982597
daily,175,core,continuum,1569,224,557,ok,16,16,0.0,0.0,0.09453169707159283,0.9524372194952563,1.9875141038519517
daily,175,red,continuum,1569,224,557,ok,16,16,0.0,0.0,0.01850875893746704,0.990666170218264,1.982975838458505
daily,176,blue,continuum,1568,224,557,ok,16,16,0.0,0.0,0.058665954346674376,0.9705483560930206,1.9919415884548242
daily,176,core,continuum,1568,224,557,ok,16,16,0.0,0.0,0.09226255844231818,0.9535830081196582,1.9876893074019426
daily,176,red,continuum,1568,224,557,ok,16,16,0.0,0.0,0.01873034314769103,0.990555060546654,1.9831088637688987
daily,177,blue,continuum,1567,224,557,ok,16,16,0.0,0.0,0.05673777616394815,0.9715152822953862,1.9918672444753789
daily,177,core,continuum,1567,224,557,ok,16,16,0.0,0.0,0.09276434484850735,0.9533346481191141,1.98786339563644
daily,177,red,continuum,1567,224,557,ok,16,16,0.0,0.0,0.01872653827072071,0.990557606609869,1.9832406358215589
daily,178,blue,continuum,1566,224,557,ok,16,16,0.0,0.0,0.05476641008960447,0.9725039353720218,1.9917908555494845
daily,178,core,continuum,1566,224,557,ok,16,16,0.0,0.0,0.09359341479634536,0.9529216786222526,1.988036362753248
daily,178,red,continuum,1566,224,557,ok,16,16,0.0,0.0,0.019714565603590563,0.9900600724067246,1.9833711481890388
daily,179,blue,continuum,1565,224,557,ok,16,16,0.0,0.0,0.056264674260971474,0.9717506031759858,1.9917124111174722
daily,179,core,continuum,1565,224,557,ok,16,16,0.0,0.0,0.095782412196035,0.9518247575603905,1.9882082029188306
daily,179,red,continuum,1565,224,557,ok,16,16,0.0,0.0,0.023582944780480727,0.9881104410934529,1.9835003944086267
daily,180,blue,continuum,1564,224,557,ok,16,16,0.0,0.0,0.05695849897654197,0.9714010912555223,1.991631900554258
daily,180,core,continuum,1564,224,557,ok,16,16,0.0,0.0,0.10042506322189965,0.9494940010159539,1.9883789102681086
daily,180,red,continuum,1564,224,557,ok,16,16,0.0,0.0,0.02817071955097499,0.9857978118061183,1.9835478284332866
daily,181,blue,continuum,1563,224,557,ok,16,16,0.0,0.0,0.05527567870172903,0.9722448857599321,1.9915493131688056
daily,181,core,continuum,1563,224,557,ok,16,16,0.0,0.0,0.10100735068836755,0.9492054874397502,1.9885484789042478
daily,181,red,continuum,1563,224,557,ok,16,16,0.0,0.0,0.033642659981917546,0.9830395407713074,1.983593694503456
daily,182,blue,continuum,1562,224,557,ok,16,16,0.0,0.0,0.05487962930894667,0.9724425790666055,1.9914646382035923
daily,182,core,continuum,1562,224,557,ok,16,16,0.0,0.0,0.10034256200394726,0.949544069415962,1.9887169028984508
daily,182,red,continuum,1562,224,557,ok,16,16,0.0,0.0,0.03586673339601373,0.9819187101306674,1.9836379846355356
daily,183,blue,continuum,1561,224,557,ok,16,16,0.0,0.0,0.0548006154657463,0.9724810562407689,1.9913778648340617
daily,183,core,continuum,1561,224,557,ok,16,16,0.0,0.0,0.09886816154968718,0.9502896333892478,1.9888841762897451
daily,183,red,continuum,1561,224,557,ok,16,16,0.0,0.0,0.03919577985184932,0.980240882500076,1.9836806908000897
daily,184,blue,continuum,1560,224,557,ok,16,16,0.0,0.0,0.053105192923920616,0.9733312475489616,1.9912889821680757
daily,184,core,continuum,1560,224,557,ok,16,16,0.0,0.0,0.099627924814568,0.9499118121040281,1.9890502930847695
daily,184,red,continuum,1560,224,557,ok,16,16,0.0,0.0,0.03996980543077885,0.9798511034502844,1.9837218049215142
daily,185,blue,continuum,1559,224,557,ok,16,16,0.0,0.0,0.05193675259186058,0.9739168314084248,1.9911979792453585
daily,185,core,continuum,1559,224,557,ok,16,16,0.0,0.0,0.09846594895494248,0.9505001034499946,1.9892152472575577
daily,185,red,continuum,1559,224,557,ok,16,16,0.0,0.0,0.038655639625311766,0.9805139664447228,1.9837613188776972
daily,186,blue,continuum,1558,224,557,ok,16,16,0.0,0.0,0.05259040685456667,0.9735873241503809,1.9911048450369337
daily,186,core,continuum,1558,224,557,ok,16,16,0.0,0.0,0.09764258281194393,0.9509180597540521,1.9893790327493228
daily,186,red,continuum,1558,224,557,ok,16,16,0.0,0.0,0.03961739033127727,0.9800295363351255,1.9837992244996814
daily,187,blue,continuum,1557,224,557,ok,16,16,0.0,0.0,0.05380333566179185,0.9729768573117281,1.9910095684445583
daily,187,core,continuum,1557,224,557,ok,16,16,0.0,0.0,0.0992681803516576,0.9501049999744615,1.9895416434682378
daily,187,red,continuum,1557,224,557,ok,16,16,0.0,0.0,0.03820458276303609,0.9807420612738906,1.983835513571317
daily,188,blue,continuum,1556,224,557,ok,16,16,0.0,0.0,0.05174896155995308,0.9740074106915956,1.9909121383001471
daily,188,core,continuum,1556,224,557,ok,16,16,0.0,0.0,0.10211341240651471,0.9486746322335585,1.989531041865822
daily,188,red,continuum,1556,224,557,ok,16,16,0.0,0.0,0.03673486767072802,0.9814832300614905,1.98387017782892
daily,189,blue,continuum,1555,224,557,ok,16,16,0.0,0.0,0.0539570478700635,0.9728969721183007,1.9908125433651944
daily,189,core,continuum,1555,224,557,ok,16,16,0.0,0.0,0.1032779187701986,0.9480889912538569,1.9895186255241462
daily,189,red,continuum,1555,224,557,ok,16,16,0.0,0.0,0.035061953677020086,0.9823267821138391,1.9839032089609183
daily,190,blue,continuum,1554,224,557,ok,16,16,0.0,0.0,0.057543184972385836,0.9710941510076676,1.9907107723301862
daily,190,core,continuum,1554,224,557,ok,16,16,0.0,0.0,0.10468809890882762,0.9473798099202958,1.9895043851087522
daily,190,red,continuum,1554,224,557,ok,16,16,0.0,0.0,0.035883324198015945,0.9819130508519777,1.9839345986075003
daily,191,blue,continuum,1553,224,557,ok,16,16,0.0,0.0,0.05940186827038793,0.9701589144284231,1.9906068138140072
daily,191,core,continuum,1553,224,557,ok,16,16,0.0,0.0,0.1051276548682868,0.9471584455787392,1.9894883112293278
daily,191,red,continuum,1553,224,557,ok,16,16,0.0,0.0,0.0354740724998544,0.982119601741847,1.9839643383602572
daily,192,blue,continuum,1552,224,557,ok,16,16,0.0,0.0,0.05935315743092327,0.9701817945946515,1.9905006563633427
daily,192,core,continuum,1552,224,557,ok,16,16,0.0,0.0,0.10274547461721559,0.948355363867491,1.9894703944392749
daily,192,red,continuum,1552,224,557,ok,16,16,0.0,0.0,0.035174403520280076,0.9822708982302953,1.9839924197618248
daily,193,blue,continuum,1551,224,557,ok,16,16,0.0,0.0,0.059636512796044476,0.9700387069208278,1.9904519020075726
daily,193,core,continuum,1551,224,557,ok,16,16,0.0,0.0,0.10109939301920998,0.9491822557761372,1.9894506252352753
daily,193,red,continuum,1551,224,557,ok,16,16,0.0,0.0,0.038502667567959885,0.9805935977510832,1.98401883430552
daily,194,blue,continuum,1550,224,557,ok,16,16,0.0,0.0,0.060182949465936816,0.9697634072991795,1.9904011692529018
daily,194,core,continuum,1550,224,557,ok,16,16,0.0,0.0,0.09914682066456396,0.9501631769916132,1.9894289940568481
daily,194,red,continuum,1550,224,557,ok,16,16,0.0,0.0,0.039512646366600346,0.9800847890159025,1.9840435734349715
daily,195,blue,continuum,1549,224,557,ok,16,16,0.0,0.0,0.0594065998627944,0.9701526635059992,1.9903484478333535
daily,195,core,continuum,1549,224,557,ok,16,16,0.0,0.0,0.09874472987537364,0.9503647042757748,1.9894054912859085
daily,195,red,continuum,1549,224,557,ok,16,16,0.0,0.0,0.03952087267329344,0.9800808742485122,1.9840666285437534
daily,196,blue,continuum,1548,224,557,ok,16,16,0.0,0.0,0.059214143682757264,0.9702485402697213,1.990293727419827
daily,196,core,continuum,1548,224,557,ok,16,16,0.0,0.0,0.099746965733574,0.9498602778974989,1.9893801072463142
daily,196,red,continuum,1548,224,557,ok,16,16,0.0,0.0,0.04050376631958741,0.9795857005819166,1.984087990975008
daily,197,blue,continuum,1547,224,557,ok,16,16,0.0,0.0,0.05725405038465399,0.9712325464489242,1.9902369976195877
daily,197,core,continuum,1547,224,557,ok,16,16,0.0,0.0,0.09925062092668474,0.9501090910973523,1.9893528322034157
daily,197,red,continuum,1547,224,557,ok,16,16,0.0,0.0,0.04328714548814528,0.9781830661032673,1.9841076520210714
daily,198,blue,continuum,1546,224,557,ok,16,16,0.0,0.0,0.055374998486037906,0.9721758598545831,1.9901782479757595
daily,198,core,continuum,1546,224,557,ok,16,16,0.0,0.0,0.09541875881156398,0.9520345729030409,1.9893236563635956
daily,198,red,continuum,1546,224,557,ok,16,16,0.0,0.0,0.04823107064652075,0.9756915234723724,1.9841256029230898
daily,199,blue,continuum,1545,224,557,ok,16,16,0.0,0.0,0.05509036266321538,0.9723180347140522,1.990117467966804
daily,199,core,continuum,1545,224,557,ok,16,16,0.0,0.0,0.09317702533024266,0.953160723193093,1.9892925698738078
daily,199,red,continuum,1545,224,557,ok,16,16,0.0,0.0,0.048687396012496234,0.9754617360730814,1.9841418348706374
daily,200,blue,continuum,1544,224,557,ok,16,16,0.0,0.0,0.04906345682818379,0.9753456735964519,1.990054647005999
daily,200,core,continuum,1544,224,557,ok,16,16,0.0,0.0,0.09124198795238861,0.9541326885351291,1.989259562821108
daily,200,red,continuum,1544,224,557,ok,16,16,0.0,0.0,0.048789485653956084,0.9754104630290812,1.9841563390013253
gap_limited,0,blue,continuum,1363,224,557,ok,16,16,0.0,0.0,0.03353218623337533,0.9832094552825854,1.9970874559296936
gap_limited,0,core,continuum,1363,224,557,ok,16,16,0.0,0.0,0.10387925333632639,0.9479458944256832,1.9956015417077868
gap_limited,0,red,continuum,1363,224,557,ok,16,16,0.0,0.0,0.027233216681970915,0.9862453005245105,1.9799208794419563
gap_limited,1,blue,continuum,1356,224,557,ok,16,16,0.0,0.0,0.033794969799820634,0.98307902438064,1.9972234793101675
gap_limited,1,core,continuum,1356,224,557,ok,16,16,0.0,0.0,0.10725253607297228,0.9462511077211956,1.99543714346029
gap_limited,1,red,continuum,1356,224,557,ok,16,16,0.0,0.0,0.027763629638329325,0.9859719358738627,1.9791490392890045
gap_limited,2,blue,continuum,1350,224,557,ok,16,16,0.0,0.0,0.033401017348181655,0.9832770658626588,1.9973179989747976
gap_limited,2,core,continuum,1350,224,557,ok,16,16,0.0,0.0,0.10733818655768515,0.9462051699093216,1.9953253198634908
gap_limited,2,red,continuum,1350,224,557,ok,16,16,0.0,0.0,0.027695356294783063,0.9860019195669563,1.9785110127961327
gap_limited,3,blue,continuum,1344,224,557,ok,16,16,0.0,0.0,0.03319465707117258,0.9833800123505371,1.9972732694687174
gap_limited,3,core,continuum,1344,224,557,ok,16,16,0.0,0.0,0.10789531084806792,0.9459366568409132,1.9957202892646733
gap_limited,3,red,continuum,1344,224,557,ok,16,16,0.0,0.0,0.029934162848859677,0.9848652871856336,1.9778480910747835
gap_limited,4,blue,continuum,1338,224,557,ok,16,16,0.0,0.0,0.03290174806947554,0.9835255611686171,1.9971392292160797
gap_limited,4,core,continuum,1338,224,557,ok,16,16,0.0,0.0,0.10795941598157596,0.9459144731015602,1.9960869787641862
gap_limited,4,red,continuum,1338,224,557,ok,16,16,0.0,0.0,0.032607809003467665,0.9835104177249423,1.9774793842285847
gap_limited,5,blue,continuum,1332,224,557,ok,16,16,0.0,0.0,0.03336844777980424,0.9832910487369848,1.9970402244014216
gap_limited,5,core,continuum,1332,224,557,ok,16,16,0.0,0.0,0.10557483669743123,0.947115243323828,1.9963188512692824
gap_limited,5,red,continuum,1332,224,557,ok,16,16,0.0,0.0,0.03522796981910869,0.9821820145797948,1.9771017311059755
gap_limited,6,blue,continuum,1326,224,557,ok,16,16,0.0,0.0,0.0342595273317407,0.9828437212071266,1.9969089885606124
gap_limited,6,core,continuum,1326,224,557,ok,16,16,0.0,0.0,0.10250485017694123,0.9486587246185412,1.996538835767983
gap_limited,6,red,continuum,1326,224,557,ok,16,16,0.0,0.0,0.03729701825768199,0.9811318174145962,1.9767149320748318
gap_limited,7,blue,continuum,1320,224,557,ok,16,16,0.0,0.0,0.035324824767658566,0.9823078527738781,1.9966386395147464
gap_limited,7,core,continuum,1320,224,557,ok,16,16,0.0,0.0,0.0994429814515243,0.9501949782243232,1.996645677606934
gap_limited,7,red,continuum,1320,224,557,ok,16,16,0.0,0.0,0.038107230335885554,0.980718075102045,1.9763187823601105
gap_limited,8,blue,continuum,1314,224,557,ok,16,16,0.0,0.0,0.03536436046725512,0.9822855131129181,1.9963525160327475
gap_limited,8,core,continuum,1314,224,557,ok,16,16,0.0,0.0,0.09904822519955704,0.9503951548053852,1.9967449714027112
gap_limited,8,red,continuum,1314,224,557,ok,16,16,0.0,0.0,0.04079140995162906,0.9793556657264048,1.9759130718883253
gap_limited,9,blue,continuum,1308,224,557,ok,16,16,0.0,0.0,0.03278574918996769,0.9835743068008126,1.996003991575195
gap_limited,9,core,continuum,1308,224,557,ok,16,16,0.0,0.0,0.10216833856015095,0.9488370351344175,1.996919819415703
gap_limited,9,red,continuum,1308,224,557,ok,16,16,0.0,0.0,0.04462771032508423,0.9774093824962963,1.9754975851265502
gap_limited,10,blue,continuum,1302,224,557,ok,16,16,0.0,0.0,0.0312515965416071,0.9843399956863961,1.9956314133616553
gap_limited,10,core,continuum,1302,224,557,ok,16,16,0.0,0.0,0.09652004505801955,0.9516691287064122,1.9970681776396004
gap_limited,10,red,continuum,1302,224,557,ok,16,16,0.0,0.0,0.04812233216481614,0.9756351516774984,1.9750721009157184
gap_limited,11,blue,continuum,1296,224,557,ok,16,16,0.0,0.0,0.031229444592642045,0.9843479799529267,1.9952341294426934
gap_limited,11,core,continuum,1296,224,557,ok,16,16,0.0,0.0,0.08860499385547735,0.9556351523768493,1.9971891847373544
gap_limited,11,red,continuum,1296,224,557,ok,16,16,0.0,0.0,0.05395796981442452,0.9726744781850037,1.9746363922979995
gap_limited,12,blue,continuum,1290,224,557,ok,16,16,0.0,0.0,0.029683058948093387,0.9851198675051138,1.994811468130045
gap_limited,12,core,continuum,1290,224,557,ok,16,16,0.0,0.0,0.08236640203502318,0.9587607538121999,1.9972819498187113
gap_limited,12,red,continuum,1290,224,557,ok,16,16,0.0,0.0,0.06140612205037978,0.9688883211391631,1.9737321899293998
gap_limited,13,blue,continuum,1283,224,557,ok,16,16,0.0,0.0,0.02977271837466678,0.9850727372499418,1.9945196164347485
gap_limited,13,core,continuum,1283,224,557,ok,16,16,0.0,0.0,0.07698545558497619,0.961455914680382,1.9973351279863545
gap_limited,13,red,continuum,1283,224,557,ok,16,16,0.0,0.0,0.06853063028399274,0.9652593518457974,1.9726353400145875
gap_limited,14,blue,continuum,1276,224,557,ok,16,16,0.0,0.0,0.03167903660238016,0.9841145007602108,1.994210954543511
gap_limited,14,core,continuum,1276,224,557,ok,16,16,0.0,0.0,0.07556522371815502,0.9621675638147188,1.9973660524551136
gap_limited,14,red,continuum,1276,224,557,ok,16,16,0.0,0.0,0.07555590642444016,0.9616833964096319,1.9718842314988745
gap_limited,15,blue,continuum,1269,224,557,ok,16,16,0.0,0.0,0.035560902485628654,0.9821650177434096,1.9938849377037164
gap_limited,15,core,continuum,1269,224,557,ok,16,16,0.0,0.0,0.0753951697628999,0.9622528506587563,1.9973738700453532
gap_limited,15,red,continuum,1269,224,557,ok,16,16,0.0,0.0,0.0787483969640825,0.9600486663713087,1.97110809105829
gap_limited,16,blue,continuum,1262,224,557,ok,16,16,0.0,0.0,0.04072926213696072,0.9795693882872066,1.993541001587172
gap_limited,16,core,continuum,1262,224,557,ok,16,16,0.0,0.0,0.07557651892330802,0.9621617504156365,1.9973576936957371
gap_limited,16,red,continuum,1262,224,557,ok,16,16,0.0,0.0,0.08685347414310549,0.9559187934384554,1.9703061898236365
gap_limited,17,blue,continuum,1255,224,557,ok,16,16,0.0,0.0,0.05092795948130243,0.9744488725365726,1.9931785614626276
gap_limited,17,core,continuum,1255,224,557,ok,16,16,0.0,0.0,0.07341543153143021,0.9632429673400091,1.9973166008947465
gap_limited,17,red,continuum,1255,224,557,ok,16,16,0.0,0.0,0.09034361020937776,0.9541281392506884,1.969477774252566
gap_limited,18,blue,continuum,1248,224,557,ok,16,16,0.0,0.0,0.053351830112482346,0.9732315339623199,1.9930850739591328
gap_limited,18,core,continuum,1248,224,557,ok,16,16,0.0,0.0,0.0729931713880128,0.9634531556708956,1.9972496320259343
gap_limited,18,red,continuum,1248,224,557,ok,16,16,0.0,0.0,0.09515558055078734,0.9516638656875128,1.9686220651328519
gap_limited,19,blue,continuum,1241,224,557,ok,16,16,0.0,0.0,0.05585390770068718,0.9719747759284214,1.9929870161976952
gap_limited,19,core,continuum,1241,224,557,ok,16,16,0.0,0.0,0.06758628674623046,0.9661587307653711,1.9971557886212805
gap_limited,19,red,continuum,1241,224,557,ok,16,16,0.0,0.0,0.10342288223136248,0.9474407320751412,1.9677382565377581
gap_limited,20,blue,continuum,1234,224,557,ok,16,16,0.0,0.0,0.058728587282932815,0.9705351061259178,1.9931715190934818
gap_limited,20,core,continuum,1234,224,557,ok,16,16,0.0,0.0,0.06434717491236205,0.9677786287580208,1.9970340315165809
gap_limited,20,red,continuum,1234,224,557,ok,16,16,0.0,0.0,0.09894344029055921,0.9497039556718864,1.9672211127596286
gap_limited,21,blue,continuum,1228,224,557,ok,16,16,0.0,0.0,0.0628101385943422,0.9684879429006156,1.993209722749872
gap_limited,21,core,continuum,1228,224,557,ok,16,16,0.0,0.0,0.0617264311188936,0.9690900294147261,1.9969747608980652
gap_limited,21,red,continuum,1228,224,557,ok,16,16,0.0,0.0,0.09222314563687826,0.953112615626161,1.9669074500204888
gap_limited,22,blue,continuum,1222,224,557,ok,16,16,0.0,0.0,0.0613518612639419,0.9692201131789504,1.993245187048084
gap_limited,22,core,continuum,1222,224,557,ok,16,16,0.0,0.0,0.05784671722361673,0.9710328565168611,1.9969769286118249
gap_limited,22,red,continuum,1222,224,557,ok,16,16,0.0,0.0,0.08959049855748448,0.9544434287348637,1.966576853119024
gap_limited,23,blue,continuum,1216,224,557,ok,16,16,0.0,0.0,0.05988098719466615,0.9699585344221311,1.9932778259253634
gap_limited,23,core,continuum,1216,224,557,ok,16,16,0.0,0.0,0.04993358047367011,0.974994885806402,1.996934710518323
gap_limited,23,red,continuum,1216,224,557,ok,16,16,0.0,0.0,0.08486727219701631,0.9568427002617511,1.96646390556732
gap_limited,24,blue,continuum,1210,224,557,ok,16,16,0.0,0.0,0.059549660860799984,0.9701252017834557,1.993307550704128
gap_limited,24,core,continuum,1210,224,557,ok,16,16,0.0,0.0,0.043570452495962295,0.9781803709707949,1.9968466208863658
gap_limited,24,red,continuum,1210,224,557,ok,16,16,0.0,0.0,0.08157102586880939,0.9585004037078244,1.965586009427977
gap_limited,25,blue,continuum,1204,224,557,ok,16,16,0.0,0.0,0.06011997764589014,0.9698384422792098,1.9932650097992068
gap_limited,25,core,continuum,1204,224,557,ok,16,16,0.0,0.0,0.041270719472992705,0.9793306507495722,1.9967111191049463
gap_limited,25,red,continuum,1204,224,557,ok,16,16,0.0,0.0,0.07956442326987428,0.9595147374655436,1.9652687987921111
gap_limited,26,blue,continuum,1198,224,557,ok,16,16,0.0,0.0,0.05544339092871018,0.9721838685759872,1.9932099860891352
gap_limited,26,core,continuum,1198,224,557,ok,16,16,0.0,0.0,0.03785662959473754,0.9810387552771218,1.9965266071937098
gap_limited,26,red,continuum,1198,224,557,ok,16,16,0.0,0.0,0.0795905968664348,0.9594943395923906,1.9649252984771228
gap_limited,27,blue,continuum,1192,224,557,ok,16,16,0.0,0.0,0.052144440155608644,0.9738380715648377,1.9931420684388548
gap_limited,27,core,continuum,1192,224,557,ok,16,16,0.0,0.0,0.03347213692014425,0.9832328404237297,1.9962914271726535
gap_limited,27,red,continuum,1192,224,557,ok,16,16,0.0,0.0,0.08220144569452525,0.9581577220732481,1.9645547462407547
gap_limited,28,blue,continuum,1186,224,557,ok,16,16,0.0,0.0,0.05268185470691744,0.9735673623841652,1.9930608315591523
gap_limited,28,core,continuum,1186,224,557,ok,16,16,0.0,0.0,0.03249513137574851,0.9837199055297765,1.996003858281199
gap_limited,28,red,continuum,1186,224,557,ok,16,16,0.0,0.0,0.08505093845703945,0.9566945494819585,1.9639776850169575
gap_limited,29,blue,continuum,1180,224,557,ok,16,16,0.0,0.0,0.05606479730242,0.9718686611153419,1.992965835443964
gap_limited,29,core,continuum,1180,224,557,ok,16,16,0.0,0.0,0.0318900825516194,0.9840218747379116,1.9958588400408648
gap_limited,29,red,continuum,1180,224,557,ok,16,16,0.0,0.0,0.08564915744994539,0.9563768270492072,1.963386696941057
gap_limited,30,blue,continuum,1174,224,557,ok,16,16,0.0,0.0,0.06064047708274373,0.9695710788580222,1.9928566247814783
gap_limited,30,core,continuum,1174,224,557,ok,16,16,0.0,0.0,0.0326529988686326,0.9836382302667854,1.9956886938915046
gap_limited,30,red,continuum,1174,224,557,ok,16,16,0.0,0.0,0.08448643213130966,0.9569557616846751,1.962781441557771
gap_limited,31,blue,continuum,1168,224,557,ok,16,16,0.0,0.0,0.0636127615270475,0.9680799823689653,1.9928798994521548
gap_limited,31,core,continuum,1168,224,557,ok,16,16,0.0,0.0,0.03300224360146965,0.9834604501526044,1.995353193162408
gap_limited,31,red,continuum,1168,224,557,ok,16,16,0.0,0.0,0.0870700021878055,0.955625467555439,1.962161568611136
gap_limited,32,blue,continuum,1162,224,557,ok,16,16,0.0,0.0,0.06761540157641988,0.9660718507021121,1.9928997889852225
gap_limited,32,core,continuum,1162,224,557,ok,16,16,0.0,0.0,0.03343612713710435,0.983240010277889,1.9949968759821468
gap_limited,32,red,continuum,1162,224,557,ok,16,16,0.0,0.0,0.08929496245357743,0.9544768054152161,1.9615267177102738
gap_limited,33,blue,continuum,1157,224,557,ok,16,16,0.0,0.0,0.06910084187205608,0.9653298525509015,1.9930933946418217
gap_limited,33,core,continuum,1157,224,557,ok,16,16,0.0,0.0,0.030672501521386467,0.9846215120609618,1.994506979032996
gap_limited,33,red,continuum,1157,224,557,ok,16,16,0.0,0.0,0.09333973197949669,0.9524062627844596,1.9611767732545138
gap_limited,34,blue,continuum,1151,224,557,ok,16,16,0.0,0.0,0.07168484565376473,0.964033681260101,1.9931104479214214
gap_limited,34,core,continuum,1151,224,557,ok,16,16,0.0,0.0,0.029895957658550527,0.985007825479353,1.9941041653015839
gap_limited,34,red,continuum,1151,224,557,ok,16,16,0.0,0.0,0.09426664283320424,0.95192937847287,1.9610032040048002
gap_limited,35,blue,continuum,1147,224,557,ok,16,16,0.0,0.0,0.07221748852984405,0.9637707970129201,1.9933501864669307
gap_limited,35,core,continuum,1147,224,557,ok,16,16,0.0,0.0,0.027153003795185496,0.9863802112408293,1.9936435340748069
gap_limited,35,red,continuum,1147,224,557,ok,16,16,0.0,0.0,0.09555119867062321,0.9512850093650577,1.961433173346157
gap_limited,36,blue,continuum,1142,224,557,ok,16,16,0.0,0.0,0.07984405025472655,0.9599456030525894,1.9933903975525502
gap_limited,36,core,continuum,1142,224,557,ok,16,16,0.0,0.0,0.02868805857177556,0.9856071631362997,1.993217796008568
gap_limited,36,red,continuum,1142,224,557,ok,16,16,0.0,0.0,0.09871038414191066,0.9496731011679572,1.9613841987629559
gap_limited,37,blue,continuum,1137,224,557,ok,16,16,0.0,0.0,0.0847799426387848,0.9574702843711598,1.9934283920133709
gap_limited,37,core,continuum,1137,224,557,ok,16,16,0.0,0.0,0.030194683732558226,0.9848481584770133,1.992806200272777
gap_limited,37,red,continuum,1137,224,557,ok,16,16,0.0,0.0,0.10089821713023842,0.9485560417665768,1.9613229734854425
gap_limited,38,blue,continuum,1132,224,557,ok,16,16,0.0,0.0,0.08500945025738452,0.9573501146783806,1.9931929386523544
gap_limited,38,core,continuum,1132,224,557,ok,16,16,0.0,0.0,0.03485217926268429,0.9825067146832289,1.992317545365307
gap_limited,38,red,continuum,1132,224,557,ok,16,16,0.0,0.0,0.10248668994592905,0.9477441772125431,1.9612491867706128
gap_limited,39,blue,continuum,1127,224,557,ok,16,16,0.0,0.0,0.08587722731911313,0.9569091089707952,1.9929322710201052
gap_limited,39,core,continuum,1127,224,557,ok,16,16,0.0,0.0,0.03898848068379293,0.9804254636439153,1.9917958706425987
gap_limited,39,red,continuum,1127,224,557,ok,16,16,0.0,0.0,0.10628462808255926,0.9458052930191044,1.961162519432499
gap_limited,40,blue,continuum,1122,224,557,ok,16,16,0.0,0.0,0.08640567335298309,0.9566377132103019,1.9926456778453636
gap_limited,40,core,continuum,1122,224,557,ok,16,16,0.0,0.0,0.04406472365889019,0.9778707141912246,1.991240207192601
gap_limited,40,red,continuum,1122,224,557,ok,16,16,0.0,0.0,0.10542258770128732,0.9462227251394899,1.9603557074012623
gap_limited,41,blue,continuum,1117,224,557,ok,16,16,0.0,0.0,0.09382951854056079,0.9529145039697696,1.9927477981822537
gap_limited,41,core,continuum,1117,224,557,ok,16,16,0.0,0.0,0.04981174933596215,0.9749814757685578,1.9909947075679555
gap_limited,41,red,continuum,1117,224,557,ok,16,16,0.0,0.0,0.10893182391901124,0.9444089741451406,1.959521743732834
gap_limited,42,blue,continuum,1112,224,557,ok,16,16,0.0,0.0,0.10239724902119869,0.9486172117039341,1.9928316935855874
gap_limited,42,core,continuum,1112,224,557,ok,16,16,0.0,0.0,0.05153942641911347,0.9741063242495647,1.9904252650667789
gap_limited,42,red,continuum,1112,224,557,ok,16,16,0.0,0.0,0.11173802310422029,0.942951801571688,1.9586599784502017
gap_limited,43,blue,continuum,1107,224,557,ok,16,16,0.0,0.0,0.11400863865815791,0.9427925034569867,1.992896832540765
gap_limited,43,core,continuum,1107,224,557,ok,16,16,0.0,0.0,0.044868504545396475,0.9774550954182697,1.9901838299088004
gap_limited,43,red,continuum,1107,224,557,ok,16,16,0.0,0.0,0.11030938673825244,0.9436769194769432,1.9585112482101454
gap_limited,44,blue,continuum,1102,224,557,ok,16,16,0.0,0.0,0.12320533375516102,0.9381741409538502,1.9927799735575782
gap_limited,44,core,continuum,1102,224,557,ok,16,16,0.0,0.0,0.0381801199677666,0.9808122903232638,1.989821641613505
gap_limited,44,red,continuum,1102,224,557,ok,16,16,0.0,0.0,0.10277138877592953,0.9475213823853678,1.9583478652317723
gap_limited,45,blue,continuum,1097,224,557,ok,16,16,0.0,0.0,0.12033740686384553,0.9396093261263905,1.9926488503125048
gap_limited,45,core,continuum,1097,224,557,ok,16,16,0.0,0.0,0.03373123657481836,0.9830458200581,1.98955282357575
gap_limited,45,red,continuum,1097,224,557,ok,16,16,0.0,0.0,0.09437082307182314,0.9518066105547139,1.9581694534882708
gap_limited,46,blue,continuum,1092,224,557,ok,16,16,0.0,0.0,0.11808538612983335,0.9407351558855719,1.9925031086192502
gap_limited,46,core,continuum,1092,224,557,ok,16,16,0.0,0.0,0.033153869298658975,0.9833336139708189,1.989265653670204
gap_limited,46,red,continuum,1092,224,557,ok,16,16,0.0,0.0,0.09182475893298248,0.9531021950964823,1.9579756264049577
gap_limited,47,blue,continuum,1087,224,557,ok,16,16,0.0,0.0,0.11585389298341128,0.9418441701755181,1.9921286194877792
gap_limited,47,core,continuum,1087,224,557,ok,16,16,0.0,0.0,0.031319816240533586,0.9842531667085668,1.9889596632468651
gap_limited,47,red,continuum,1087,224,557,ok,16,16,0.0,0.0,0.08830529388072311,0.9548948676761208,1.95776598650999
gap_limited,48,blue,continuum,1082,224,557,ok,16,16,0.0,0.0,0.11913202927044542,0.940182154608898,1.991580079348134
gap_limited,48,core,continuum,1082,224,557,ok,16,16,0.0,0.0,0.030004486487974935,0.9849114171863579,1.988555642273228
gap_limited,48,red,continuum,1082,224,557,ok,16,16,0.0,0.0,0.08454007387670741,0.9568131080461878,1.9575401250713247
gap_limited,49,blue,continuum,1077,224,557,ok,16,16,0.0,0.0,0.11842274378478776,0.9405280213338079,1.991235981057196
gap_limited,49,core,continuum,1077,224,557,ok,16,16,0.0,0.0,0.02897802846706598,0.985424552510979,1.9881398831077979
gap_limited,49,red,continuum,1077,224,557,ok,16,16,0.0,0.0,0.07977971473678772,0.9592398652859402,1.9572976217193045
gap_limited,50,blue,continuum,1072,224,557,ok,16,16,0.0,0.0,0.11519007047682121,0.9421571029174388,1.9914298260753864
gap_limited,50,core,continuum,1072,224,557,ok,16,16,0.0,0.0,0.026713369224724046,0.9865607451436679,1.9877120800441932
gap_limited,50,red,continuum,1072,224,557,ok,16,16,0.0,0.0,0.07948525279265738,0.9593849220079562,1.9570380440541806
gap_limited,51,blue,continuum,1067,224,557,ok,16,16,0.0,0.0,0.11058542783548173,0.9444741950348989,1.991604226268969
gap_limited,51,core,continuum,1067,224,557,ok,16,16,0.0,0.0,0.026015766156399917,0.9869088040145763,1.9872719181171061
gap_limited,51,red,continuum,1067,224,557,ok,16,16,0.0,0.0,0.07939499159491839,0.9594322409081452,1.957095816289721
gap_limited,52,blue,continuum,1063,224,557,ok,16,16,0.0,0.0,0.10773035125240304,0.9459074838805059,1.9915943827500917
gap_limited,52,core,continuum,1063,224,557,ok,16,16,0.0,0.0,0.02594347491002464,0.986945066451241,1.987254459253131
gap_limited,52,red,continuum,1063,224,557,ok,16,16,0.0,0.0,0.08154897731370908,0.9583566342216676,1.9582705621777605
gap_limited,53,blue,continuum,1059,224,557,ok,16,16,0.0,0.0,0.10883024771426217,0.9453541424358247,1.9915553084047326
gap_limited,53,core,continuum,1059,224,557,ok,16,16,0.0,0.0,0.02827220363826004,0.9857730405512681,1.9872274002144603
gap_limited,53,red,continuum,1059,224,557,ok,16,16,0.0,0.0,0.07976794918655077,0.9592900945352921,1.9594235917767708
gap_limited,54,blue,continuum,1055,224,557,ok,16,16,0.0,0.0,0.10962012682768246,0.9449556195095249,1.9914862489305538
gap_limited,54,core,continuum,1055,224,557,ok,16,16,0.0,0.0,0.03055431242734198,0.984624256342686,1.987176237346266
gap_limited,54,red,continuum,1055,224,557,ok,16,16,0.0,0.0,0.08001220900328693,0.9591889889553353,1.9605544424204369
gap_limited,55,blue,continuum,1050,224,557,ok,16,16,0.0,0.0,0.11188823347237734,0.9438190213023431,1.9915678947943223
gap_limited,55,core,continuum,1050,224,557,ok,16,16,0.0,0.0,0.03272415310192205,0.9835322687829468,1.9871682790179612
gap_limited,55,red,continuum,1050,224,557,ok,16,16,0.0,0.0,0.07858155471396054,0.9599353149537649,1.961367089826777
gap_limited,56,blue,continuum,1046,224,557,ok,16,16,0.0,0.0,0.11610225419960749,0.9417038108073927,1.9915925175831344
gap_limited,56,core,continuum,1046,224,557,ok,16,16,0.0,0.0,0.03342992987046791,0.9831797445985432,1.987480515163437
gap_limited,56,red,continuum,1046,224,557,ok,16,16,0.0,0.0,0.07867540428479193,0.9599199565611081,1.962957061280246
gap_limited,57,blue,continuum,1042,224,557,ok,16,16,0.0,0.0,0.11661374533318822,0.9414474156331856,1.9916071441464998
gap_limited,57,core,continuum,1042,224,557,ok,16,16,0.0,0.0,0.03556622416001553,0.9821074460553726,1.987766769913522
gap_limited,57,red,continuum,1042,224,557,ok,16,16,0.0,0.0,0.07920559927070678,0.959674108118607,1.9641375695711119
gap_limited,58,blue,continuum,1038,224,557,ok,16,16,0.0,0.0,0.11930700007993775,0.9400998456661853,1.9917644855313301
gap_limited,58,core,continuum,1038,224,557,ok,16,16,0.0,0.0,0.03818339948983641,0.9807933129124186,1.9880263220680465
gap_limited,58,red,continuum,1038,224,557,ok,16,16,0.0,0.0,0.07761546043215667,0.9605072280730267,1.9653079954903274
gap_limited,59,blue,continuum,1035,224,557,ok,16,16,0.0,0.0,0.11630009861740354,0.9416086839413271,1.9917362112637191
gap_limited,59,core,continuum,1035,224,557,ok,16,16,0.0,0.0,0.03813601576473593,0.9808226532439791,1.9885970801859136
gap_limited,59,red,continuum,1035,224,557,ok,16,16,0.0,0.0,0.07605689240584612,0.9613152778135536,1.9660705339766826
gap_limited,60,blue,continuum,1032,224,557,ok,16,16,0.0,0.0,0.10518881627426552,0.9471935914285952,1.9919706550773881
gap_limited,60,core,continuum,1032,224,557,ok,16,16,0.0,0.0,0.03901988838337807,0.9803833895799378,1.9891249073016104
gap_limited,60,red,continuum,1032,224,557,ok,16,16,0.0,0.0,0.0739421316551314,0.9624048809587887,1.9668013705203888
gap_limited,61,blue,continuum,1029,224,557,ok,16,16,0.0,0.0,0.09249983861118953,0.9535688295896214,1.992192697139362
gap_limited,61,core,continuum,1029,224,557,ok,16,16,0.0,0.0,0.040948824491857556,0.979419811446003,1.9897205695865525
gap_limited,61,red,continuum,1029,224,557,ok,16,16,0.0,0.0,0.07599407221706195,0.9613753114057609,1.9674999328899856
gap_limited,62,blue,continuum,1026,224,557,ok,16,16,0.0,0.0,0.0827174542561509,0.9584835536684325,1.9924020855623135
gap_limited,62,core,continuum,1026,224,557,ok,16,16,0.0,0.0,0.04135961171604721,0.979219345094762,1.9902939490911855
gap_limited,62,red,continuum,1026,224,557,ok,16,16,0.0,0.0,0.07316151240787654,0.9628275633628491,1.9681656363295121
gap_limited,63,blue,continuum,1023,224,557,ok,16,16,0.0,0.0,0.07657074760322541,0.9615724165311278,1.992598563093372
gap_limited,63,core,continuum,1023,224,557,ok,16,16,0.0,0.0,0.04257770988391095,0.9786132442019999,1.9908447211938693
gap_limited,63,red,continuum,1023,224,557,ok,16,16,0.0,0.0,0.0678489452229073,0.965543355319864,1.96911062736244
gap_limited,64,blue,continuum,1020,224,557,ok,16,16,0.0,0.0,0.07367812920467887,0.9630274991831231,1.9927818669773893
gap_limited,64,core,continuum,1020,224,557,ok,16,16,0.0,0.0,0.04359024170442988,0.9781117690943575,1.99149222668301
gap_limited,64,red,continuum,1020,224,557,ok,16,16,0.0,0.0,0.060462801542761,0.9692992462630337,1.969424010263261
gap_limited,65,blue,continuum,1018,224,557,ok,16,16,0.0,0.0,0.0712003954782758,0.9642777684743555,1.9931676280403157
gap_limited,65,core,continuum,1018,224,557,ok,16,16,0.0,0.0,0.048998570143588396,0.975407112295415,1.9923878290410435
gap_limited,65,red,continuum,1018,224,557,ok,16,16,0.0,0.0,0.05981787634508119,0.9696421558291748,1.9704256998119758
gap_limited,66,blue,continuum,1016,224,557,ok,16,16,0.0,0.0,0.07282750323566975,0.9634680084696865,1.9935267743407568
gap_limited,66,core,continuum,1016,224,557,ok,16,16,0.0,0.0,0.0551779041228957,0.9723174075732517,1.9932347112685853
gap_limited,66,red,continuum,1016,224,557,ok,16,16,0.0,0.0,0.058583770349394174,0.9702832855845339,1.9714080611450178
gap_limited,67,blue,continuum,1014,224,557,ok,16,16,0.0,0.0,0.07422415408227387,0.9627736192423992,1.9938589938566333
gap_limited,67,core,continuum,1014,224,557,ok,16,16,0.0,0.0,0.05703184554776937,0.9713987405109455,1.9940326603307474
gap_limited,67,red,continuum,1014,224,557,ok,16,16,0.0,0.0,0.06124505445153072,0.9689529590294488,1.972653513409635
gap_limited,68,blue,continuum,1013,224,557,ok,16,16,0.0,0.0,0.0764054165100116,0.9616854518769242,1.994162015550295
gap_limited,68,core,continuum,1013,224,557,ok,16,16,0.0,0.0,0.05838618979500423,0.9707288385153054,1.9946659727026352
gap_limited,68,red,continuum,1013,224,557,ok,16,16,0.0,0.0,0.061895453594722254,0.9686458177049522,1.9740732835025359
gap_limited,69,blue,continuum,1012,224,557,ok,16,16,0.0,0.0,0.0736535608599432,0.963071263417684,1.9944782214730188
gap_limited,69,core,continuum,1012,224,557,ok,16,16,0.0,0.0,0.05830585550581638,0.9707778102894478,1.9952596326059
gap_limited,69,red,continuum,1012,224,557,ok,16,16,0.0,0.0,0.061552875253277205,0.9688408042949201,1.9754320950987265
gap_limited,70,blue,continuum,1011,224,557,ok,16,16,0.0,0.0,0.07410703557231771,0.9628505956889221,1.9948377893698532
gap_limited,70,core,continuum,1011,224,557,ok,16,16,0.0,0.0,0.0583234666048428,0.9707785211848086,1.9959108494715196
gap_limited,70,red,continuum,1011,224,557,ok,16,16,0.0,0.0,0.060101416031213856,0.9695955302901015,1.9767296257644382
gap_limited,71,blue,continuum,1010,224,557,ok,16,16,0.0,0.0,0.06894077747452623,0.9654451405243717,1.9951109198736736
gap_limited,71,core,continuum,1010,224,557,ok,16,16,0.0,0.0,0.053082617708939246,0.9734113969463096,1.9964425209458947
gap_limited,71,red,continuum,1010,224,557,ok,16,16,0.0,0.0,0.058009129377645595,0.9706723255882692,1.9779655407809087
gap_limited,72,blue,continuum,1009,224,557,ok,16,16,0.0,0.0,0.06599028045861,0.9669270876082449,1.9952969268911749
gap_limited,72,core,continuum,1009,224,557,ok,16,16,0.0,0.0,0.04550354808469674,0.9772140434930544,1.9969996901743614
gap_limited,72,red,continuum,1009,224,557,ok,16,16,0.0,0.0,0.058583944045932305,0.9703960394075958,1.978922511502187
gap_limited,73,blue,continuum,1008,224,557,ok,16,16,0.0,0.0,0.06597523988470816,0.9669341467565857,1.9952680307092479
gap_limited,73,core,continuum,1008,224,557,ok,16,16,0.0,0.0,0.04756200819969551,0.9761890526213427,1.9974849149566887
gap_limited,73,red,continuum,1008,224,557,ok,16,16,0.0,0.0,0.058470732957972324,0.9704668565115511,1.979834384404135
gap_limited,74,blue,continuum,1007,224,557,ok,16,16,0.0,0.0,0.06474424798247616,0.9675493605088497,1.9951609274181692
gap_limited,74,core,continuum,1007,224,557,ok,16,16,0.0,0.0,0.04551141125837315,0.9772203517274997,1.997897891747282
gap_limited,74,red,continuum,1007,224,557,ok,16,16,0.0,0.0,0.05652174715003166,0.97146376750097,1.9807011017292777
gap_limited,75,blue,continuum,1006,224,557,ok,16,16,0.0,0.0,0.05297561933088076,0.9734436342466606,1.994836937513528
gap_limited,75,core,continuum,1006,224,557,ok,16,16,0.0,0.0,0.0461577747890054,0.9769007657208841,1.9982383065717813
gap_limited,75,red,continuum,1006,224,557,ok,16,16,0.0,0.0,0.05418786850126772,0.9726482220767226,1.9811461124489373
gap_limited,76,blue,continuum,1005,224,557,ok,16,16,0.0,0.0,0.04350734333811444,0.9781862359398945,1.9944904152366643
gap_limited,76,core,continuum,1005,224,557,ok,16,16,0.0,0.0,0.046095274007009274,0.9769368735229367,1.9986567759081517
gap_limited,76,red,continuum,1005,224,557,ok,16,16,0.0,0.0,0.0516537624691529,0.973937821659342,1.981943404499346
gap_limited,77,blue,continuum,1004,224,557,ok,16,16,0.0,0.0,0.03806394740891954,0.9809117406821485,1.994102593384286
gap_limited,77,core,continuum,1004,224,557,ok,16,16,0.0,0.0,0.04776146881973986,0.976107048645899,1.9989773599711507
gap_limited,77,red,continuum,1004,224,557,ok,16,16,0.0,0.0,0.05370357416780232,0.9729138546094005,1.9826953371682263
gap_limited,78,blue,continuum,1003,224,557,ok,16,16,0.0,0.0,0.033972131594169126,0.9829600294972626,1.9936731456613537
gap_limited,78,core,continuum,1003,224,557,ok,16,16,0.0,0.0,0.04534739585542183,0.9773172301471159,1.999200104287791
gap_limited,78,red,continuum,1003,224,557,ok,16,16,0.0,0.0,0.057020579607450536,0.9712480839430541,1.9831923373216502
gap_limited,79,blue,continuum,1002,224,557,ok,16,16,0.0,0.0,0.030827649833857523,0.9845336027876743,1.993201739917167
gap_limited,79,core,continuum,1002,224,557,ok,16,16,0.0,0.0,0.04251177053985771,0.9787369387822852,1.9993250315453137
gap_limited,79,red,continuum,1002,224,557,ok,16,16,0.0,0.0,0.05644097420833537,0.9715410373588493,1.9832407428204606
gap_limited,80,blue,continuum,1001,224,557,ok,16,16,0.0,0.0,0.028254635594477565,0.985821780427169,1.9928197224861988
gap_limited,80,core,continuum,1001,224,557,ok,16,16,0.0,0.0,0.041797361361749205,0.9790937149272523,1.9992725257646975
gap_limited,80,red,continuum,1001,224,557,ok,16,16,0.0,0.0,0.053995641530634214,0.9727741544333091,1.983249386997717
gap_limited,81,blue,continuum,1000,224,557,ok,16,16,0.0,0.0,0.024727450464040013,0.9875870771435308,1.9920731603639044
gap_limited,81,core,continuum,1000,224,557,ok,16,16,0.0,0.0,0.038054307641590596,0.9809647143517557,1.9991456048940606
gap_limited,81,red,continuum,1000,224,557,ok,16,16,0.0,0.0,0.051620669552172996,0.9739712615840345,1.9832182692538751
gap_limited,82,blue,continuum,999,224,557,ok,16,16,0.0,0.0,0.02465867721005812,0.9876177777661006,1.9914581360483856
gap_limited,82,core,continuum,999,224,557,ok,16,16,0.0,0.0,0.03533479792552919,0.9823238641573645,1.9990114491143682
gap_limited,82,red,continuum,999,224,557,ok,16,16,0.0,0.0,0.04938958948670918,0.9750932541316751,1.9829804241717683
gap_limited,83,blue,continuum,998,224,557,ok,16,16,0.0,0.0,0.02477842185442128,0.9875533530325377,1.9907708412712468
gap_limited,83,core,continuum,998,224,557,ok,16,16,0.0,0.0,0.03683977168314948,0.9815688619959999,1.9987790051354533
gap_limited,83,red,continuum,998,224,557,ok,16,16,0.0,0.0,0.04463166040992052,0.9774884766557883,1.9826139585261109
gap_limited,84,blue,continuum,997,224,557,ok,16,16,0.0,0.0,0.022449699017612894,0.9887189899179654,1.990043343136862
gap_limited,84,core,continuum,997,224,557,ok,16,16,0.0,0.0,0.038016084452409546,0.9809771979357509,1.9984481951718283
gap_limited,84,red,continuum,997,224,557,ok,16,16,0.0,0.0,0.038386353126715705,0.9806323855371865,1.981986640658239
gap_limited,85,blue,continuum,996,224,557,ok,16,16,0.0,0.0,0.018129834720055388,0.990886247218503,1.9892831366748478
gap_limited,85,core,continuum,996,224,557,ok,16,16,0.0,0.0,0.03652537815334869,0.9817192030640782,1.9980189201476386
gap_limited,85,red,continuum,996,224,557,ok,16,16,0.0,0.0,0.03536660271401271,0.9821480058244173,1.9811009552303034
gap_limited,86,blue,continuum,995,224,557,ok,16,16,0.0,0.0,0.018534181668720673,0.9906782718907098,1.9882774364818925
gap_limited,86,core,continuum,995,224,557,ok,16,16,0.0,0.0,0.038485458206646686,0.9807341560562044,1.9976004331251005
gap_limited,86,red,continuum,995,224,557,ok,16,16,0.0,0.0,0.03239532300432238,0.9836401973050068,1.9801780992283482
gap_limited,87,blue,continuum,994,224,557,ok,16,16,0.0,0.0,0.022006695814005304,0.9889271456350569,1.987445611465736
gap_limited,87,core,continuum,994,224,557,ok,16,16,0.0,0.0,0.0426754916750193,0.9786312255965978,1.9970958965351244
gap_limited,87,red,continuum,994,224,557,ok,16,16,0.0,0.0,0.03331407913793384,0.9831664053615913,1.9790234856862992
gap_limited,88,blue,continuum,993,224,557,ok,16,16,0.0,0.0,0.02684753724396495,0.9864855495464588,1.9865800193843668
gap_limited,88,core,continuum,993,224,557,ok,16,16,0.0,0.0,0.0469901401739084,0.9764638044236262,1.9965053409514621
gap_limited,88,red,continuum,993,224,557,ok,16,16,0.0,0.0,0.03393455670945776,0.9828486966298287,1.9785409876473332
gap_limited,89,blue,continuum,992,224,557,ok,16,16,0.0,0.0,0.03166011312640086,0.9840557851793053,1.9856802910926423
gap_limited,89,core,continuum,992,224,557,ok,16,16,0.0,0.0,0.049303193383258864,0.9752968822407926,1.9958287801499197
gap_limited,89,red,continuum,992,224,557,ok,16,16,0.0,0.0,0.03429822020815154,0.9826559474574124,1.9775205433639962
gap_limited,90,blue,continuum,991,224,557,ok,16,16,0.0,0.0,0.03400634932455779,0.9828661458614807,1.984746050108289
gap_limited,90,core,continuum,991,224,557,ok,16,16,0.0,0.0,0.05098742110474752,0.9744432436300495,1.995066211324776
gap_limited,90,red,continuum,991,224,557,ok,16,16,0.0,0.0,0.037145655034695683,0.9812059797903999,1.9764613755029097
gap_limited,91,blue,continuum,990,224,557,ok,16,16,0.0,0.0,0.03449155797526191,0.9826131871181445,1.9837769124010398
gap_limited,91,core,continuum,990,224,557,ok,16,16,0.0,0.0,0.052207319626949814,0.9738206506517566,1.99421761528435
gap_limited,91,red,continuum,990,224,557,ok,16,16,0.0,0.0,0.04470670675272004,0.977367852763371,1.9753630216917544
gap_limited,92,blue,continuum,989,224,557,ok,16,16,0.0,0.0,0.03714546641853762,0.9812681937860739,1.9830157324028845
gap_limited,92,core,continuum,989,224,557,ok,16,16,0.0,0.0,0.05266950752338828,0.9735765023484014,1.993282956626365
gap_limited,92,red,continuum,989,224,557,ok,16,16,0.0,0.0,0.0561776326598414,0.9715526806898155,1.9747953066259225
gap_limited,93,blue,continuum,988,224,557,ok,16,16,0.0,0.0,0.038768642625740195,0.9804394452426803,1.9819807314632938
gap_limited,93,core,continuum,988,224,557,ok,16,16,0.0,0.0,0.056561864308348,0.9716129979532344,1.9925268689932953
gap_limited,93,red,continuum,988,224,557,ok,16,16,0.0,0.0,0.06297404918964578,0.9681050494202744,1.9744206542108922
gap_limited,94,blue,continuum,987,224,557,ok,16,16,0.0,0.0,0.0405078633235622,0.9795578323364545,1.9815835575891438
gap_limited,94,core,continuum,987,224,557,ok,16,16,0.0,0.0,0.06080388684648537,0.9694754867699538,1.9919690901617475
gap_limited,94,red,continuum,987,224,557,ok,16,16,0.0,0.0,0.06959177116656073,0.9647463060917483,1.9740277812496592
gap_limited,95,blue,continuum,986,224,557,ok,16,16,0.0,0.0,0.04174244911215057,0.9789330379313732,1.9814175853249403
gap_limited,95,core,continuum,986,224,557,ok,16,16,0.0,0.0,0.06287737208144079,0.9684249259262372,1.9913610316337635
gap_limited,95,red,continuum,986,224,557,ok,16,16,0.0,0.0,0.07062257723088974,0.9642166682038872,1.973616588675555
gap_limited,96,blue,continuum,985,224,557,ok,16,16,0.0,0.0,0.04141411089344831,0.9790968138200808,1.9812343695830028
gap_limited,96,core,continuum,985,224,557,ok,16,16,0.0,0.0,0.06642748396111739,0.9666311339461615,1.9907024666028812
gap_limited,96,red,continuum,985,224,557,ok,16,16,0.0,0.0,0.0701890809802728,0.9644308392291576,1.973312820970741
gap_limited,97,blue,continuum,983,224,557,ok,16,16,0.0,0.0,0.04521155083669885,0.9771826407016279,1.9814541308434543
gap_limited,97,core,continuum,983,224,557,ok,16,16,0.0,0.0,0.0739378331514339,0.9628527521496979,1.990398681737941
gap_limited,97,red,continuum,983,224,557,ok,16,16,0.0,0.0,0.07532535786918677,0.9618210632524443,1.9729558831679426
gap_limited,98,blue,continuum,982,224,557,ok,16,16,0.0,0.0,0.0475760569113154,0.9759949628825828,1.981919739536496
gap_limited,98,core,continuum,982,224,557,ok,16,16,0.0,0.0,0.07700471419164266,0.9613006921094042,1.9898214823204974
gap_limited,98,red,continuum,982,224,557,ok,16,16,0.0,0.0,0.07678306275550817,0.961072935350758,1.9724852990425341
gap_limited,99,blue,continuum,981,224,557,ok,16,16,0.0,0.0,0.048837904261452104,0.9753750115405908,1.9832660771376376
gap_limited,99,core,continuum,981,224,557,ok,16,16,0.0,0.0,0.07873971499553203,0.9604247535129127,1.989620330506936
gap_limited,99,red,continuum,981,224,557,ok,16,16,0.0,0.0,0.07927002335079376,0.959802136706882,1.9719959434850116
gap_limited,100,blue,continuum,980,224,557,ok,16,16,0.0,0.0,0.04694631878580216,0.9763418336865435,1.984359994929092
gap_limited,100,core,continuum,980,224,557,ok,16,16,0.0,0.0,0.0776937251426544,0.9609469220506377,1.9894392253382724
gap_limited,100,red,continuum,980,224,557,ok,16,16,0.0,0.0,0.08229018315031746,0.9582598548776282,1.971487710669498
gap_limited,101,blue,continuum,979,224,557,ok,16,16,0.0,0.0,0.045426858112915025,0.9771195285825499,1.9853986958620768
gap_limited,101,core,continuum,979,224,557,ok,16,16,0.0,0.0,0.07840692633249469,0.9605828974718582,1.989160067676615
gap_limited,101,red,continuum,979,224,557,ok,16,16,0.0,0.0,0.08796780535189629,0.9553680524572103,1.9709604934348783
gap_limited,102,blue,continuum,978,224,557,ok,16,16,0.0,0.0,0.04307472101225447,0.9783173175601406,1.9865955760653495
gap_limited,102,core,continuum,978,224,557,ok,16,16,0.0,0.0,0.07986580155470632,0.9598429859517157,1.988838150632333
gap_limited,102,red,continuum,978,224,557,ok,16,16,0.0,0.0,0.09195845221749993,0.9533303946964903,1.9704141832668194
gap_limited,103,blue,continuum,977,224,557,ok,16,16,0.0,0.0,0.042467962589253984,0.9786350511243597,1.9877399583986217
gap_limited,103,core,continuum,977,224,557,ok,16,16,0.0,0.0,0.08738011277433098,0.9560550547633415,1.9883996283021728
gap_limited,103,red,continuum,977,224,557,ok,16,16,0.0,0.0,0.09009322989447237,0.954262530714063,1.9697904431755142
gap_limited,104,blue,continuum,976,224,557,ok,16,16,0.0,0.0,0.039713160525287325,0.980031916176538,1.9888318216405518
gap_limited,104,core,continuum,976,224,557,ok,16,16,0.0,0.0,0.09217045621929279,0.9536352858735693,1.9879440207040973
gap_limited,104,red,continuum,976,224,557,ok,16,16,0.0,0.0,0.08550720968836191,0.9565767625739028,1.9691578693064535
gap_limited,105,blue,continuum,976,224,557,ok,16,16,0.0,0.0,0.0418108542516584,0.9789879761940503,1.9898537445888196
gap_limited,105,core,continuum,976,224,557,ok,16,16,0.0,0.0,0.09298772365569535,0.9532257515665602,1.9880110695528925
gap_limited,105,red,continuum,976,224,557,ok,16,16,0.0,0.0,0.08458348602226422,0.9570458583637812,1.9691578693064533
gap_limited,106,blue,continuum,976,224,557,ok,16,16,0.0,0.0,0.04756836335965051,0.9761008876547331,1.9903820138772303
gap_limited,106,core,continuum,976,224,557,ok,16,16,0.0,0.0,0.09013465577498864,0.9546608883846607,1.9880110695528925
gap_limited,106,red,continuum,976,224,557,ok,16,16,0.0,0.0,0.07750347681753746,0.9606546745774874,1.9698268087825137
gap_limited,107,blue,continuum,976,224,557,ok,16,16,0.0,0.0,0.048207483560391215,0.9757826108389982,1.9906143986000626
gap_limited,107,core,continuum,976,224,557,ok,16,16,0.0,0.0,0.09068322960712415,0.9543816501711142,1.9878673811586016
gap_limited,107,red,continuum,976,224,557,ok,16,16,0.0,0.0,0.07590992768295943,0.9614764455003786,1.9704808829025735
gap_limited,108,blue,continuum,976,224,557,ok,16,16,0.0,0.0,0.04776173897308161,0.9760066063853697,1.990620407442418
gap_limited,108,core,continuum,976,224,557,ok,16,16,0.0,0.0,0.09086335603517551,0.9542893373997263,1.9877934570703735
gap_limited,108,red,continuum,976,224,557,ok,16,16,0.0,0.0,0.07369993403011735,0.9625979959158217,1.9704808829025735
gap_limited,109,blue,continuum,976,224,557,ok,16,16,0.0,0.0,0.05030029825274529,0.9747347133791531,1.9908857163425737
gap_limited,109,core,continuum,976,224,557,ok,16,16,0.0,0.0,0.08924991830445311,0.9550990365339427,1.9877060850135462
gap_limited,109,red,continuum,976,224,557,ok,16,16,0.0,0.0,0.07067268377504446,0.9641490292601689,1.9712906601027027
gap_limited,110,blue,continuum,976,224,557,ok,16,16,0.0,0.0,0.05570012934558448,0.9720295006512008,1.991388450059105
gap_limited,110,core,continuum,976,224,557,ok,16,16,0.0,0.0,0.08933138765798168,0.9550580499141689,1.9877060850135462
gap_limited,110,red,continuum,976,224,557,ok,16,16,0.0,0.0,0.06697282122640191,0.9660386014858117,1.9720277773137656
gap_limited,111,blue,continuum,976,224,557,ok,16,16,0.0,0.0,0.059015421104744066,0.9703719175574216,1.9918744731158566
gap_limited,111,core,continuum,976,224,557,ok,16,16,0.0,0.0,0.09063131485064901,0.9544002731493618,1.9875407400467946
gap_limited,111,red,continuum,976,224,557,ok,16,16,0.0,0.0,0.06679742882000081,0.9661399518360322,1.9727505553605031
gap_limited,112,blue,continuum,976,224,557,ok,16,16,0.0,0.0,0.0610214457291655,0.9693680593215166,1.9920855282939498
gap_limited,112,core,continuum,976,224,557,ok,16,16,0.0,0.0,0.09046540112422782,0.954481419449013,1.9874389761098623
gap_limited,112,red,continuum,976,224,557,ok,16,16,0.0,0.0,0.06465113539362483,0.9672368558016446,1.973288491550523
gap_limited,113,blue,continuum,976,224,557,ok,16,16,0.0,0.0,0.058113069774495964,0.9708309213535123,1.9922833517915566
gap_limited,113,core,continuum,976,224,557,ok,16,16,0.0,0.0,0.09031899422738533,0.9545524673239982,1.9873244796648253
gap_limited,113,red,continuum,976,224,557,ok,16,16,0.0,0.0,0.0648902870487684,0.967127225903289,1.9739826902914404
gap_limited,114,blue,continuum,976,224,557,ok,16,16,0.0,0.0,0.051929003972993756,0.9739402274687091,1.992688305726412
gap_limited,114,core,continuum,976,224,557,ok,16,16,0.0,0.0,0.09032797961794689,0.9545450358394767,1.9871972464647758
gap_limited,114,red,continuum,976,224,557,ok,16,16,0.0,0.0,0.06561896604353717,0.9667708680590132,1.9747421076202984
gap_limited,115,blue,continuum,976,224,557,ok,16,16,0.0,0.0,0.05271940997730576,0.9735484170918167,1.9930531250360857
gap_limited,115,core,continuum,976,224,557,ok,16,16,0.0,0.0,0.0906864460750327,0.9543600248456836,1.9869959562512163
gap_limited,115,red,continuum,976,224,557,ok,16,16,0.0,0.0,0.06368163546059841,0.9677721248340281,1.975979959356342
gap_limited,116,blue,continuum,976,224,557,ok,16,16,0.0,0.0,0.05490294252924618,0.9724554359326775,1.993240568086548
gap_limited,116,core,continuum,976,224,557,ok,16,16,0.0,0.0,0.0873186655898795,0.956050194931554,1.9867816354109462
gap_limited,116,red,continuum,976,224,557,ok,16,16,0.0,0.0,0.0606485851913937,0.9693283263648366,1.9773484131581036
gap_limited,117,blue,continuum,976,224,557,ok,16,16,0.0,0.0,0.055167022311421995,0.9723257136024641,1.9934397410996683
gap_limited,117,core,continuum,976,224,557,ok,16,16,0.0,0.0,0.09169032532622425,0.9538445405437769,1.9865542756256054
gap_limited,117,red,continuum,976,224,557,ok,16,16,0.0,0.0,0.05900952738547506,0.9701772075759181,1.9786721024093217
gap_limited,118,blue,continuum,976,224,557,ok,16,16,0.0,0.0,0.05431159038999728,0.9727570454074722,1.9936013256393923
gap_limited,118,core,continuum,976,224,557,ok,16,16,0.0,0.0,0.09511497154923085,0.9521148328677398,1.9863138680610755
gap_limited,118,red,continuum,976,224,557,ok,16,16,0.0,0.0,0.056908113388093796,0.9712578227211833,1.9799513737616419
gap_limited,119,blue,continuum,976,224,557,ok,16,16,0.0,0.0,0.049470324184497635,0.9751869892442071,1.9937251739170032
gap_limited,119,core,continuum,976,224,557,ok,16,16,0.0,0.0,0.09495249362578405,0.952188047132471,1.9859572330974586
gap_limited,119,red,continuum,976,224,557,ok,16,16,0.0,0.0,0.056678953555013976,0.971391410299635,1.9811865648970113
gap_limited,120,blue,continuum,976,224,557,ok,16,16,0.0,0.0,0.0463219265842528,0.9767671441941886,1.9938111341725862
gap_limited,120,core,continuum,976,224,557,ok,16,16,0.0,0.0,0.09141758942248752,0.9539622559130375,1.9857095788578465
gap_limited,120,red,continuum,976,224,557,ok,16,16,0.0,0.0,0.056832982111932044,0.9713309056224766,1.9823780048137536
gap_limited,121,blue,continuum,976,224,557,ok,16,16,0.0,0.0,0.04952006834519309,0.9751637066168444,1.9938590505932094
gap_limited,121,core,continuum,976,224,557,ok,16,16,0.0,0.0,0.09194270291494183,0.9536907485242607,1.9854068028525402
gap_limited,121,red,continuum,976,224,557,ok,16,16,0.0,0.0,0.060710116273465814,0.9693837638712186,1.9829385956555932
gap_limited,122,blue,continuum,976,224,557,ok,16,16,0.0,0.0,0.05116994936650882,0.9743380736022084,1.9940026548791108
gap_limited,122,core,continuum,976,224,557,ok,16,16,0.0,0.0,0.09856797335191474,0.9503378835594668,1.9847719029442246
gap_limited,122,red,continuum,976,224,557,ok,16,16,0.0,0.0,0.059384670929735525,0.9700555896141776,1.9831638080224792
gap_limited,123,blue,continuum,975,224,557,ok,16,16,0.0,0.0,0.05058473037542221,0.9746352820224292,1.9942950053752846
gap_limited,123,core,continuum,975,224,557,ok,16,16,0.0,0.0,0.10123897565667049,0.948981509678911,1.984358514325197
gap_limited,123,red,continuum,975,224,557,ok,16,16,0.0,0.0,0.056208040701953725,0.971662385623299,1.9835135009871432
gap_limited,124,blue,continuum,974,224,557,ok,16,16,0.0,0.0,0.04958485947696392,0.9751394371885975,1.9945187827453918
gap_limited,124,core,continuum,974,224,557,ok,16,16,0.0,0.0,0.09758574342538386,0.950823937350396,1.9844155503199845
gap_limited,124,red,continuum,974,224,557,ok,16,16,0.0,0.0,0.06102233670866372,0.9692429603111647,1.9840120286613494
gap_limited,125,blue,continuum,972,224,557,ok,16,16,0.0,0.0,0.05028479849808568,0.9747896463624031,1.9946090094941984
gap_limited,125,core,continuum,972,224,557,ok,16,16,0.0,0.0,0.09183706298930158,0.9537078847234631,1.983859722993671
gap_limited,125,red,continuum,972,224,557,ok,16,16,0.0,0.0,0.0664563208357834,0.9665052868004064,1.9840838892924075
gap_limited,126,blue,continuum,970,224,557,ok,16,16,0.0,0.0,0.054986917635439614,0.9724334046177554,1.994693826821147
gap_limited,126,core,continuum,970,224,557,ok,16,16,0.0,0.0,0.08982688986382284,0.9547145432068151,1.9835703606580644
gap_limited,126,red,continuum,970,224,557,ok,16,16,0.0,0.0,0.07252463796973066,0.9634399997037392,1.9837154644976311
gap_limited,127,blue,continuum,968,224,557,ok,16,16,0.0,0.0,0.06150005984504388,0.9691689873249529,1.9947466693112759
gap_limited,127,core,continuum,968,224,557,ok,16,16,0.0,0.0,0.07957013996293927,0.9598909760601182,1.9838463304967087
gap_limited,127,red,continuum,968,224,557,ok,16,16,0.0,0.0,0.07685477883109441,0.9612497769769376,1.983337716155954
gap_limited,128,blue,continuum,966,224,557,ok,16,16,0.0,0.0,0.06802022262096928,0.965905351833588,1.995041048347841
gap_limited,128,core,continuum,966,224,557,ok,16,16,0.0,0.0,0.07337686137843158,0.9630124935628953,1.9838282827528526
gap_limited,128,red,continuum,966,224,557,ok,16,16,0.0,0.0,0.0765621903652843,0.9613806672161246,1.9824835088101511
gap_limited,129,blue,continuum,964,224,557,ok,16,16,0.0,0.0,0.07250281459923265,0.963661230966554,1.9951918165555216
gap_limited,129,core,continuum,964,224,557,ok,16,16,0.0,0.0,0.07386114836882272,0.9627676880877204,1.983791620107873
gap_limited,129,red,continuum,964,224,557,ok,16,16,0.0,0.0,0.07427130984054947,0.9625192809560645,1.9815871129229807
gap_limited,130,blue,continuum,962,224,557,ok,16,16,0.0,0.0,0.07498919517009214,0.9624168432734778,1.9952872962683477
gap_limited,130,core,continuum,962,224,557,ok,16,16,0.0,0.0,0.07999494405714737,0.9596746024996664,1.9837360327690652
gap_limited,130,red,continuum,962,224,557,ok,16,16,0.0,0.0,0.06833628430994217,0.9654980151212984,1.9806479120025027
gap_limited,131,blue,continuum,960,224,557,ok,16,16,0.0,0.0,0.08036227646886644,0.9597247544622715,1.99532679182764
gap_limited,131,core,continuum,960,224,557,ok,16,16,0.0,0.0,0.08762796915640933,0.955824991567099,1.9836548370898552
gap_limited,131,red,continuum,960,224,557,ok,16,16,0.0,0.0,0.06514252008490294,0.9670973774755067,1.979857989630147
gap_limited,132,blue,continuum,957,224,557,ok,16,16,0.0,0.0,0.08487401817420681,0.9574593014125655,1.9951251623140143
gap_limited,132,core,continuum,957,224,557,ok,16,16,0.0,0.0,0.09416795052626023,0.9525317873736395,1.9838107507331333
gap_limited,132,red,continuum,957,224,557,ok,16,16,0.0,0.0,0.07019019051102746,0.9645307406681364,1.978902064300295
gap_limited,133,blue,continuum,954,224,557,ok,16,16,0.0,0.0,0.08708464755715326,0.9563426461442639,1.9947303229811164
gap_limited,133,core,continuum,954,224,557,ok,16,16,0.0,0.0,0.097670755400248,0.950768597568429,1.983911702210902
gap_limited,133,red,continuum,954,224,557,ok,16,16,0.0,0.0,0.07872637578500259,0.9601938433880193,1.977743708150608
gap_limited,134,blue,continuum,951,224,557,ok,16,16,0.0,0.0,0.08659290767724004,0.9565791403528544,1.9942697675938938
gap_limited,134,core,continuum,951,224,557,ok,16,16,0.0,0.0,0.10301114149329477,0.9480863882832155,1.9842800006917947
gap_limited,134,red,continuum,951,224,557,ok,16,16,0.0,0.0,0.08399653516980599,0.9574984263787308,1.9763158869903925
gap_limited,135,blue,continuum,948,224,557,ok,16,16,0.0,0.0,0.08845267614694166,0.9556373920961274,1.993856545553089
gap_limited,135,core,continuum,948,224,557,ok,16,16,0.0,0.0,0.1051488275990976,0.9470254675556333,1.9848939244442403
gap_limited,135,red,continuum,948,224,557,ok,16,16,0.0,0.0,0.08351283660321501,0.957703033570159,1.9744403358510292
gap_limited,136,blue,continuum,945,224,557,ok,16,16,0.0,0.0,0.08739621757260918,0.9561625541730278,1.9936430128152247
gap_limited,136,core,continuum,945,224,557,ok,16,16,0.0,0.0,0.1065535949124482,0.9463287586753055,1.9853014814364336
gap_limited,136,red,continuum,945,224,557,ok,16,16,0.0,0.0,0.085027270452984,0.9568930732712975,1.9724734956892425
gap_limited,137,blue,continuum,942,224,557,ok,16,16,0.0,0.0,0.08593938542128551,0.9568836384478325,1.9931966039691338
gap_limited,137,core,continuum,942,224,557,ok,16,16,0.0,0.0,0.1061431503985729,0.9465505989238346,1.9858622970782953
gap_limited,137,red,continuum,942,224,557,ok,16,16,0.0,0.0,0.08594902729382854,0.9563801973085829,1.9704130232285633
gap_limited,138,blue,continuum,939,224,557,ok,16,16,0.0,0.0,0.08782531534634079,0.9559270296110031,1.9927251231577294
gap_limited,138,core,continuum,939,224,557,ok,16,16,0.0,0.0,0.1087799220266745,0.9452363032479445,1.9863509674881734
gap_limited,138,red,continuum,939,224,557,ok,16,16,0.0,0.0,0.08838730145585236,0.9550885332189057,1.9680341745832144
gap_limited,139,blue,continuum,936,224,557,ok,16,16,0.0,0.0,0.08592394098211599,0.9568704288981493,1.9922280418510594
gap_limited,139,core,continuum,936,224,557,ok,16,16,0.0,0.0,0.10689769469485455,0.9461951432709469,1.9867666451220714
gap_limited,139,red,continuum,936,224,557,ok,16,16,0.0,0.0,0.08825921890055627,0.9550965520524707,1.965533225949357
gap_limited,140,blue,continuum,933,224,557,ok,16,16,0.0,0.0,0.08166195504746507,0.9589980266971022,1.9916591439196325
gap_limited,140,core,continuum,933,224,557,ok,16,16,0.0,0.0,0.10696699389931469,0.9461853107094121,1.9876913777521916
gap_limited,140,red,continuum,933,224,557,ok,16,16,0.0,0.0,0.08269061957301854,0.957873398389533,1.962907436437332
gap_limited,141,blue,continuum,930,224,557,ok,16,16,0.0,0.0,0.08057051544857959,0.9595339208185979,1.9910630601842232
gap_limited,141,core,continuum,930,224,557,ok,16,16,0.0,0.0,0.10462648827506171,0.947384854794704,1.9885241762010863
gap_limited,141,red,continuum,930,224,557,ok,16,16,0.0,0.0,0.08247810604507638,0.9579056212378523,1.9593615221432548
gap_limited,142,blue,continuum,927,224,557,ok,16,16,0.0,0.0,0.07826206433187796,0.9606836877554792,1.990574900441858
gap_limited,142,core,continuum,927,224,557,ok,16,16,0.0,0.0,0.10467958492116144,0.9473777185176512,1.9892635205540123
gap_limited,142,red,continuum,927,224,557,ok,16,16,0.0,0.0,0.07635100078547727,0.960963590008098,1.9558919685830713
gap_limited,143,blue,continuum,924,224,557,ok,16,16,0.0,0.0,0.0686270592368758,0.9655106660306045,1.9898052916235722
gap_limited,143,core,continuum,924,224,557,ok,16,16,0.0,0.0,0.10655353857723592,0.9464495345360581,1.989778009473762
gap_limited,143,red,continuum,924,224,557,ok,16,16,0.0,0.0,0.07876527736729905,0.9596794718745113,1.9534783156153035
gap_limited,144,blue,continuum,921,224,557,ok,16,16,0.0,0.0,0.06168979054605771,0.9689838678154123,1.988958203393011
gap_limited,144,core,continuum,921,224,557,ok,16,16,0.0,0.0,0.10892410089005128,0.9452599065601162,1.9898413401444586
gap_limited,144,red,continuum,921,224,557,ok,16,16,0.0,0.0,0.07129496121779458,0.9634801976733893,1.952227467722202
gap_limited,145,blue,continuum,918,224,557,ok,16,16,0.0,0.0,0.058876127815868644,0.9703847139546617,1.988031711925214
gap_limited,145,core,continuum,918,224,557,ok,16,16,0.0,0.0,0.1122337193442229,0.9435960387029995,1.9898198063296555
gap_limited,145,red,continuum,918,224,557,ok,16,16,0.0,0.0,0.06481479741083854,0.9667929371903451,1.9518377094162542
gap_limited,146,blue,continuum,915,224,557,ok,16,16,0.0,0.0,0.05472649084250476,0.972458060099968,1.9870238277021741
gap_limited,146,core,continuum,915,224,557,ok,16,16,0.0,0.0,0.11300867655950099,0.943210424605289,1.989954595963151
gap_limited,146,red,continuum,915,224,557,ok,16,16,0.0,0.0,0.06058965727030903,0.9689408160804078,1.950780723252973
gap_limited,147,blue,continuum,912,224,557,ok,16,16,0.0,0.0,0.0511074319631495,0.9742652722795327,1.9859324924002566
gap_limited,147,core,continuum,912,224,557,ok,16,16,0.0,0.0,0.12366006134138385,0.9378614891219716,1.9900712069543482
gap_limited,147,red,continuum,912,224,557,ok,16,16,0.0,0.0,0.053149885289075244,0.9727435729246895,1.949994588146864
gap_limited,148,blue,continuum,909,224,557,ok,16,16,0.0,0.0,0.05121496850285954,0.9741953139186362,1.984715812522403
gap_limited,148,core,continuum,909,224,557,ok,16,16,0.0,0.0,0.1319995723540097,0.9336744485923818,1.9901767803297616
gap_limited,148,red,continuum,909,224,557,ok,16,16,0.0,0.0,0.04593110119203037,0.976450161460538,1.9503786030237338
gap_limited,149,blue,continuum,906,224,557,ok,16,16,0.0,0.0,0.05189936444106479,0.9738332811695413,1.983411247597948
gap_limited,149,core,continuum,906,224,557,ok,16,16,0.0,0.0,0.137550323633142,0.9308886410238034,1.9902708566404737
gap_limited,149,red,continuum,906,224,557,ok,16,16,0.0,0.0,0.03692219913178768,0.9810758823008182,1.951065815521962
gap_limited,150,blue,continuum,903,224,557,ok,16,16,0.0,0.0,0.05052694376615164,0.9745064497044672,1.9819500689554947
gap_limited,150,core,continuum,903,224,557,ok,16,16,0.0,0.0,0.14235932248664254,0.9284723501758116,1.9902698164493757
gap_limited,150,red,continuum,903,224,557,ok,16,16,0.0,0.0,0.03221322837268181,0.9834949358817392,1.9517178571297964
gap_limited,151,blue,continuum,900,224,557,ok,16,16,0.0,0.0,0.05333918733363377,0.9730672198678841,1.9804560491707188
gap_limited,151,core,continuum,900,224,557,ok,16,16,0.0,0.0,0.14448683339151766,0.9273981273187206,1.9901254341718104
gap_limited,151,red,continuum,900,224,557,ok,16,16,0.0,0.0,0.02778503002410563,0.9857683014258796,1.9523340716779307
gap_limited,152,blue,continuum,897,224,557,ok,16,16,0.0,0.0,0.0526651528433867,0.9733862090558334,1.9788670074802046
gap_limited,152,core,continuum,897,224,557,ok,16,16,0.0,0.0,0.1453013665843552,0.9269781524199084,1.9898341578523637
gap_limited,152,red,continuum,897,224,557,ok,16,16,0.0,0.0,0.026798179719634024,0.9862752518545153,1.9525443698906957
gap_limited,153,blue,continuum,894,224,557,ok,16,16,0.0,0.0,0.05364266762473394,0.9728768955901942,1.9777480783261876
gap_limited,153,core,continuum,894,224,557,ok,16,16,0.0,0.0,0.15104874077295002,0.9240662557282345,1.9892176030770896
gap_limited,153,red,continuum,894,224,557,ok,16,16,0.0,0.0,0.025486174027525767,0.9869482146276057,1.9526963783385136
gap_limited,154,blue,continuum,891,224,557,ok,16,16,0.0,0.0,0.05820021111684359,0.9705657575389987,1.9772960419808803
gap_limited,154,core,continuum,891,224,557,ok,16,16,0.0,0.0,0.14863119280919349,0.9252560918945196,1.9885392211421633
gap_limited,154,red,continuum,891,224,557,ok,16,16,0.0,0.0,0.026155493561335914,0.9866060811783788,1.9527887177510976
gap_limited,155,blue,continuum,889,224,557,ok,16,16,0.0,0.0,0.06353094147421683,0.9678598425144099,1.9766841995936322
gap_limited,155,core,continuum,889,224,557,ok,16,16,0.0,0.0,0.14946754988673822,0.9247935697514174,1.9874304549849988
gap_limited,155,red,continuum,889,224,557,ok,16,16,0.0,0.0,0.024358654020427167,0.9875254026404201,1.9526605403196395
gap_limited,156,blue,continuum,886,224,557,ok,16,16,0.0,0.0,0.07284658372082016,0.9631283126592638,1.9756780601775847
gap_limited,156,core,continuum,886,224,557,ok,16,16,0.0,0.0,0.14955770107772043,0.9247236315742918,1.9867815651245455
gap_limited,156,red,continuum,886,224,557,ok,16,16,0.0,0.0,0.023261077870872903,0.9880860602181196,1.9524253350894054
gap_limited,157,blue,continuum,883,224,557,ok,16,16,0.0,0.0,0.07349759584970142,0.9627785925051543,1.9746054971155815
gap_limited,157,core,continuum,883,224,557,ok,16,16,0.0,0.0,0.14663002866582087,0.9261809835840886,1.9863449255362267
gap_limited,157,red,continuum,883,224,557,ok,16,16,0.0,0.0,0.02253461621699282,0.9884564392606339,1.9521373626202367
gap_limited,158,blue,continuum,880,224,557,ok,16,16,0.0,0.0,0.07699313782568049,0.9609833185655172,1.973338966692187
gap_limited,158,core,continuum,880,224,557,ok,16,16,0.0,0.0,0.14146094878315774,0.928758484831769,1.9856532872596733
gap_limited,158,red,continuum,880,224,557,ok,16,16,0.0,0.0,0.021532925695876576,0.98897040997478,1.952287043003399
gap_limited,159,blue,continuum,878,224,557,ok,16,16,0.0,0.0,0.0723714469065837,0.9632983155763857,1.9718835264143657
gap_limited,159,core,continuum,878,224,557,ok,16,16,0.0,0.0,0.13306495467933602,0.9329666123719277,1.9850549015608885
gap_limited,159,red,continuum,878,224,557,ok,16,16,0.0,0.0,0.021972918766905557,0.9887505945898188,1.953251568924626
gap_limited,160,blue,continuum,876,224,557,ok,16,16,0.0,0.0,0.07001122206098698,0.9644675012607146,1.97034333483508
gap_limited,160,core,continuum,876,224,557,ok,16,16,0.0,0.0,0.1228333323790649,0.9381013127439843,1.9844254833874098
gap_limited,160,red,continuum,876,224,557,ok,16,16,0.0,0.0,0.023688858738490807,0.9878809471022872,1.9546790445119417
gap_limited,161,blue,continuum,874,224,557,ok,16,16,0.0,0.0,0.07262014125779756,0.9631129614469811,1.9687170373793585
gap_limited,161,core,continuum,874,224,557,ok,16,16,0.0,0.0,0.11903395939068728,0.9400023963455758,1.9839785614822598
gap_limited,161,red,continuum,874,224,557,ok,16,16,0.0,0.0,0.02634150665681849,0.986536833916669,1.956561071428252
gap_limited,162,blue,continuum,872,224,557,ok,16,16,0.0,0.0,0.07391988374489497,0.9624157854730436,1.9667800611311907
gap_limited,162,core,continuum,872,224,557,ok,16,16,0.0,0.0,0.11530695412942318,0.941881069106749,1.9839827119533782
gap_limited,162,red,continuum,872,224,557,ok,16,16,0.0,0.0,0.029628116260640366,0.9848624689520922,1.9572621299254214
gap_limited,163,blue,continuum,870,224,557,ok,16,16,0.0,0.0,0.07837202592317458,0.9601275906222154,1.9655703566998506
gap_limited,163,core,continuum,870,224,557,ok,16,16,0.0,0.0,0.11327944361478975,0.9428924534251084,1.9836160088970654
gap_limited,163,red,continuum,870,224,557,ok,16,16,0.0,0.0,0.03048855473850904,0.9844246530303726,1.9574879967658552
gap_limited,164,blue,continuum,868,224,557,ok,16,16,0.0,0.0,0.0750326390450893,0.9618122046725144,1.9648329630353045
gap_limited,164,core,continuum,868,224,557,ok,16,16,0.0,0.0,0.114891502388549,0.942068734908141,1.983238277402897
gap_limited,164,red,continuum,868,224,557,ok,16,16,0.0,0.0,0.030080436720519257,0.9846334237264353,1.957523665975406
gap_limited,165,blue,continuum,866,224,557,ok,16,16,0.0,0.0,0.0744871891368031,0.9620729202306042,1.9639579316335438
gap_limited,165,core,continuum,866,224,557,ok,16,16,0.0,0.0,0.11555168567506266,0.9417148772671393,1.9825245321121303
gap_limited,165,red,continuum,866,224,557,ok,16,16,0.0,0.0,0.03304404754055333,0.9831171566879172,1.95725606935558
gap_limited,166,blue,continuum,864,224,557,ok,16,16,0.0,0.0,0.07137319319336657,0.963658290503815,1.9639470510009727
gap_limited,166,core,continuum,864,224,557,ok,16,16,0.0,0.0,0.11650855634038942,0.9412179218248701,1.982042145452472
gap_limited,166,red,continuum,864,224,557,ok,16,16,0.0,0.0,0.03838841148935283,0.9803752395260853,1.956121275486585
gap_limited,167,blue,continuum,862,224,557,ok,16,16,0.0,0.0,0.06903022925545205,0.9648562848524489,1.9642268600695245
gap_limited,167,core,continuum,862,224,557,ok,16,16,0.0,0.0,0.11778057853800859,0.9405725383030168,1.9819217441687842
gap_limited,167,red,continuum,862,224,557,ok,16,16,0.0,0.0,0.04791777236272576,0.9754890758242464,1.9549557584665203
gap_limited,168,blue,continuum,861,224,557,ok,16,16,0.0,0.0,0.0717384477468522,0.9634569484177463,1.9631214318645016
gap_limited,168,core,continuum,861,224,557,ok,16,16,0.0,0.0,0.1197540789220588,0.9395729980841603,1.9817974601627184
gap_limited,168,red,continuum,861,224,557,ok,16,16,0.0,0.0,0.04788435169133831,0.9754832788031795,1.9531303271315237
gap_limited,169,blue,continuum,860,224,557,ok,16,16,0.0,0.0,0.07783957812949759,0.9603444258808919,1.962891216647156
gap_limited,169,core,continuum,860,224,557,ok,16,16,0.0,0.0,0.11850332258922519,0.9401925947962732,1.9814155485521847
gap_limited,169,red,continuum,860,224,557,ok,16,16,0.0,0.0,0.04241332208265676,0.9782629606353759,1.951200500270622
gap_limited,170,blue,continuum,859,224,557,ok,16,16,0.0,0.0,0.08371016171587442,0.9573270867606587,1.9616697188299697
gap_limited,170,core,continuum,859,224,557,ok,16,16,0.0,0.0,0.11766883309589947,0.9406020451318315,1.9810249924776202
gap_limited,170,red,continuum,859,224,557,ok,16,16,0.0,0.0,0.03992884156364649,0.9795149109346745,1.9491661196256587
gap_limited,171,blue,continuum,858,224,557,ok,16,16,0.0,0.0,0.09149575355488385,0.9533508060512993,1.9613576529425156
gap_limited,171,core,continuum,858,224,557,ok,16,16,0.0,0.0,0.11547794100456135,0.9416962323732225,1.9806257074804405
gap_limited,171,red,continuum,858,224,557,ok,16,16,0.0,0.0,0.04006295004348677,0.9794235262963709,1.947027008637576
gap_limited,172,blue,continuum,857,224,557,ok,16,16,0.0,0.0,0.10077354943667204,0.9486616712921194,1.9629300753065428
gap_limited,172,core,continuum,857,224,557,ok,16,16,0.0,0.0,0.10936747063357695,0.9447699736691085,1.9802176080514577
gap_limited,172,red,continuum,857,224,557,ok,16,16,0.0,0.0,0.03457894445788326,0.9822196384143915,1.9447829725730439
gap_limited,173,blue,continuum,856,224,557,ok,16,16,0.0,0.0,0.09978547559888944,0.9492371904030371,1.9657201087005933
gap_limited,173,core,continuum,856,224,557,ok,16,16,0.0,0.0,0.10492709285654739,0.9470011816073479,1.9798006076130714
gap_limited,173,red,continuum,856,224,557,ok,16,16,0.0,0.0,0.030133598148116156,0.9844974056807143,1.9437777656755864
gap_limited,174,blue,continuum,855,224,557,ok,16,16,0.0,0.0,0.09750196323848626,0.950465635017835,1.9683701057557124
gap_limited,174,core,continuum,855,224,557,ok,16,16,0.0,0.0,0.10000642956081934,0.9494863384341055,1.9797897531217776
gap_limited,174,red,continuum,855,224,557,ok,16,16,0.0,0.0,0.025948868560449402,0.9866384350685827,1.9420530973460546
gap_limited,175,blue,continuum,854,224,557,ok,16,16,0.0,0.0,0.1003689870031611,0.9490740622059008,1.9708814672980055
gap_limited,175,core,continuum,854,224,557,ok,16,16,0.0,0.0,0.08963976888272915,0.9547150958245917,1.9794624834694365
gap_limited,175,red,continuum,854,224,557,ok,16,16,0.0,0.0,0.021877558811118913,0.9887270157359636,1.9407069413654392
gap_limited,176,blue,continuum,853,224,557,ok,16,16,0.0,0.0,0.10204658468135053,0.9482851641570931,1.9732555081743905
gap_limited,176,core,continuum,853,224,557,ok,16,16,0.0,0.0,0.08260041598928142,0.9582549903987437,1.9786895913612539
gap_limited,176,red,continuum,853,224,557,ok,16,16,0.0,0.0,0.017375307082035697,0.9910436989398546,1.940009270049435
gap_limited,177,blue,continuum,852,224,557,ok,16,16,0.0,0.0,0.0981652904782189,0.9503182848736504,1.9758836873599637
gap_limited,177,core,continuum,852,224,557,ok,16,16,0.0,0.0,0.0786957982486215,0.9602117999998958,1.9778677660315198
gap_limited,177,red,continuum,852,224,557,ok,16,16,0.0,0.0,0.01061307787779418,0.994530745074947,1.9404979331241066
gap_limited,178,blue,continuum,851,224,557,ok,16,16,0.0,0.0,0.09491263302128863,0.9520247434842954,1.9783663478739122
gap_limited,178,core,continuum,851,224,557,ok,16,16,0.0,0.0,0.07425078932274468,0.9624514163960669,1.977459126180388
gap_limited,178,red,continuum,851,224,557,ok,16,16,0.0,0.0,0.006942315422632303,0.996424093576863,1.9414141761970831
gap_limited,179,blue,continuum,850,224,557,ok,16,16,0.0,0.0,0.08440865400637854,0.9573828459323938,1.9806262490563271
gap_limited,179,core,continuum,850,224,557,ok,16,16,0.0,0.0,0.07297461454329943,0.9630960827469077,1.9774219100598218
gap_limited,179,red,continuum,850,224,557,ok,16,16,0.0,0.0,0.007519093667884723,0.9961271080762838,1.9414674656528321
gap_limited,180,blue,continuum,849,224,557,ok,16,16,0.0,0.0,0.07523700509882733,0.9620506735634051,1.9825649665885923
gap_limited,180,core,continuum,849,224,557,ok,16,16,0.0,0.0,0.07791813215690513,0.9606201222404264,1.9786280859635852
gap_limited,180,red,continuum,849,224,557,ok,16,16,0.0,0.0,0.010152458140767286,0.9947720244494412,1.9419482823866958
gap_limited,181,blue,continuum,848,224,557,ok,16,16,0.0,0.0,0.06898409223534112,0.9652366464527,1.9843911819807425
gap_limited,181,core,continuum,848,224,557,ok,16,16,0.0,0.0,0.07902428590520644,0.9600847749331509,1.979803089494259
gap_limited,181,red,continuum,848,224,557,ok,16,16,0.0,0.0,0.01474987967419653,0.9924064667560418,1.9424264305331627
gap_limited,182,blue,continuum,847,224,557,ok,16,16,0.0,0.0,0.06770079616851553,0.9659127683990553,1.9861042680461996
gap_limited,182,core,continuum,847,224,557,ok,16,16,0.0,0.0,0.07918243125454377,0.9600355901846247,1.9813236732468997
gap_limited,182,red,continuum,847,224,557,ok,16,16,0.0,0.0,0.015585497185807467,0.9919750527698786,1.9421308002260578
gap_limited,183,blue,continuum,846,224,557,ok,16,16,0.0,0.0,0.06141156970033676,0.9691042613988566,1.987703563042964
gap_limited,183,core,continuum,846,224,557,ok,16,16,0.0,0.0,0.0787345234702479,0.9602907314363867,1.9827744584143354
gap_limited,183,red,continuum,846,224,557,ok,16,16,0.0,0.0,0.02336315186124871,0.9879721310062739,1.9424182183423637
gap_limited,184,blue,continuum,845,224,557,ok,16,16,0.0,0.0,0.053839731162778764,0.9729270834702074,1.9886934273789993
gap_limited,184,core,continuum,845,224,557,ok,16,16,0.0,0.0,0.078822973040118,0.960267373650548,1.9838349558587671
gap_limited,184,red,continuum,845,224,557,ok,16,16,0.0,0.0,0.026706280831191382,0.9862625319481456,1.9440468018112196
gap_limited,185,blue,continuum,844,224,557,ok,16,16,0.0,0.0,0.05092420878090631,0.9744089377427353,1.9899216479945143
gap_limited,185,core,continuum,844,224,557,ok,16,16,0.0,0.0,0.07968624854256505,0.959846370970285,1.9845341621200574
gap_limited,185,red,continuum,844,224,557,ok,16,16,0.0,0.0,0.030318667511143742,0.9844196601325886,1.9459567486431923
gap_limited,186,blue,continuum,843,224,557,ok,16,16,0.0,0.0,0.05088525788653448,0.9744433638514306,1.9910780742317238
gap_limited,186,core,continuum,843,224,557,ok,16,16,0.0,0.0,0.08173713630792431,0.9588267914117626,1.9852020066095992
gap_limited,186,red,continuum,843,224,557,ok,16,16,0.0,0.0,0.034204224013950915,0.9824466869474827,1.9485907823563722
gap_limited,187,blue,continuum,842,224,557,ok,16,16,0.0,0.0,0.05676173348903728,0.971503687417647,1.9918974893680903
gap_limited,187,core,continuum,842,224,557,ok,16,16,0.0,0.0,0.08991718376651602,0.9547207907762083,1.98583820936673
gap_limited,187,red,continuum,842,224,557,ok,16,16,0.0,0.0,0.032874249077405944,0.9831509611895632,1.9511053091671107
gap_limited,188,blue,continuum,841,224,557,ok,16,16,0.0,0.0,0.04966930701425443,0.9750752240410916,1.992768444384029
gap_limited,188,core,continuum,841,224,557,ok,16,16,0.0,0.0,0.09988408024549057,0.949723869739678,1.9867097910739417
gap_limited,188,red,continuum,841,224,557,ok,16,16,0.0,0.0,0.03179152405692999,0.9837222001197521,1.9530602594216124
gap_limited,189,blue,continuum,840,224,557,ok,16,16,0.0,0.0,0.04972528558396538,0.9750550493277451,1.9934008384018376
gap_limited,189,core,continuum,840,224,557,ok,16,16,0.0,0.0,0.09730427618662549,0.9510367654267096,1.9872926499775225
gap_limited,189,red,continuum,840,224,557,ok,16,16,0.0,0.0,0.034122706490292906,0.9825475158328096,1.9551776219021975
gap_limited,190,blue,continuum,840,224,557,ok,16,16,0.0,0.0,0.04908199944325706,0.9753851655885575,1.9940007973582226
gap_limited,190,core,continuum,840,224,557,ok,16,16,0.0,0.0,0.09608497800250788,0.9516503127993783,1.9872926499775225
gap_limited,190,red,continuum,840,224,557,ok,16,16,0.0,0.0,0.0369056706421836,0.9811437395788656,1.9572104870178346
gap_limited,191,blue,continuum,840,224,557,ok,16,16,0.0,0.0,0.04711174781502574,0.976377199579791,1.9943337359241369
gap_limited,191,core,continuum,840,224,557,ok,16,16,0.0,0.0,0.09631964588362045,0.9515306478121659,1.9872278364759526
gap_limited,191,red,continuum,840,224,557,ok,16,16,0.0,0.0,0.04037280140199713,0.9793904471606036,1.958936310584197
gap_limited,192,blue,continuum,840,224,557,ok,16,16,0.0,0.0,0.04462694394263644,0.9776274503242389,1.9947187329742027
gap_limited,192,core,continuum,840,224,557,ok,16,16,0.0,0.0,0.09429987081045926,0.9525353889942665,1.9867406223779722
gap_limited,192,red,continuum,840,224,557,ok,16,16,0.0,0.0,0.044417963720724214,0.9773312171669377,1.9594331132742124
gap_limited,193,blue,continuum,840,224,557,ok,16,16,0.0,0.0,0.044628490993337704,0.9776300465216565,1.995019392263957
gap_limited,193,core,continuum,840,224,557,ok,16,16,0.0,0.0,0.09222617763436161,0.9535749994823572,1.986562770189162
gap_limited,193,red,continuum,840,224,557,ok,16,16,0.0,0.0,0.05211466093515247,0.9734076718605211,1.9597630061500073
gap_limited,194,blue,continuum,840,224,557,ok,16,16,0.0,0.0,0.04633268086931744,0.976778343390245,1.9952358114646271
gap_limited,194,core,continuum,840,224,557,ok,16,16,0.0,0.0,0.08642745680717129,0.9564811481233562,1.98597741163195
gap_limited,194,red,continuum,840,224,557,ok,16,16,0.0,0.0011904761904761906,0.05581393788366365,0.9715227161013341,1.9599459724555564
gap_limited,195,blue,continuum,840,224,557,ok,16,16,0.0,0.0,0.0481225820698319,0.9758848902583531,1.9955365157108926
gap_limited,195,core,continuum,840,224,557,ok,16,16,0.0,0.0,0.08322887184657238,0.9580888385344964,1.985840261551253
gap_limited,195,red,continuum,840,224,557,ok,16,15,0.0625,0.0,0.06580600217944613,0.9664298439819307,1.96025309337334
gap_limited,196,blue,continuum,840,224,557,ok,16,16,0.0,0.0,0.047698458287857154,0.9761049172728583,1.9961620904403856
gap_limited,196,core,continuum,840,224,557,ok,16,16,0.0,0.0,0.08012804986861306,0.9596369107455781,1.9851812967917193
gap_limited,196,red,continuum,840,224,557,ok,16,15,0.0625,0.0,0.06523442657848172,0.9667354665291542,1.9610804593323237
gap_limited,197,blue,continuum,840,224,557,ok,16,16,0.0,0.0,0.044175209385947226,0.977875932390576,1.9967037782478254
gap_limited,197,core,continuum,840,224,557,ok,16,16,0.0,0.0,0.07771587364021798,0.960838026359828,1.9844728550784203
gap_limited,197,red,continuum,840,224,557,ok,16,15,0.0625,0.0,0.0682642059876622,0.9651990874302219,1.961563675975106
gap_limited,198,blue,continuum,840,224,557,ok,16,16,0.0,0.0,0.040407248692368385,0.9797676623896586,1.997161646398931
gap_limited,198,core,continuum,840,224,557,ok,16,16,0.0,0.0,0.07344249752229516,0.9629876861104144,1.9842719842209118
gap_limited,198,red,continuum,840,224,557,ok,16,16,0.0,0.0011904761904761906,0.06859523944281237,0.9650404892334118,1.9621338496639025
gap_limited,199,blue,continuum,840,224,557,ok,16,16,0.0,0.0,0.046398011108641515,0.9767694094816373,1.9972807437661158
gap_limited,199,core,continuum,840,224,557,ok,16,16,0.0,0.0,0.07346647593236272,0.9629610161230966,1.9834905886328773
gap_limited,199,red,continuum,840,224,557,ok,16,16,0.0,0.0,0.06808451254703457,0.9653033754920128,1.9622805824054024
gap_limited,200,blue,continuum,840,224,557,ok,16,16,0.0,0.0,0.04904653461679893,0.9754441780374282,1.997348518471755
gap_limited,200,core,continuum,840,224,557,ok,16,16,0.0,0.0,0.07520519011110346,0.9620732870898189,1.9829082021741795
gap_limited,200,red,continuum,840,224,557,ok,16,16,0.0,0.0,0.060474858109791314,0.9691711483946899,1.961631879254784
within_season,0,blue,continuum,1363,224,557,ok,16,16,0.0,0.0,0.03353218623337533,0.9832094552825854,1.9970874559296936
within_season,0,core,continuum,1363,224,557,ok,16,16,0.0,0.0,0.10387925333632639,0.9479458944256832,1.9956015417077868
within_season,0,red,continuum,1363,224,557,ok,16,16,0.0,0.0,0.027233216681970915,0.9862453005245105,1.9799208794419563
within_season,1,blue,continuum,1356,224,557,ok,16,16,0.0,0.0,0.033794969799820634,0.98307902438064,1.9972234793101675
within_season,1,core,continuum,1356,224,557,ok,16,16,0.0,0.0,0.10725253607297228,0.9462511077211956,1.99543714346029
within_season,1,red,continuum,1356,224,557,ok,16,16,0.0,0.0,0.027763629638329325,0.9859719358738627,1.9791490392890045
within_season,2,blue,continuum,1350,224,557,ok,16,16,0.0,0.0,0.033401017348181655,0.9832770658626588,1.9973179989747976
within_season,2,core,continuum,1350,224,557,ok,16,16,0.0,0.0,0.10733818655768515,0.9462051699093216,1.9953253198634908
within_season,2,red,continuum,1350,224,557,ok,16,16,0.0,0.0,0.027695356294783063,0.9860019195669563,1.9785110127961327
within_season,3,blue,continuum,1344,224,557,ok,16,16,0.0,0.0,0.03319465707117258,0.9833800123505371,1.9972732694687174
within_season,3,core,continuum,1344,224,557,ok,16,16,0.0,0.0,0.10789531084806792,0.9459366568409132,1.9957202892646733
within_season,3,red,continuum,1344,224,557,ok,16,16,0.0,0.0,0.029934162848859677,0.9848652871856336,1.9778480910747835
within_season,4,blue,continuum,1338,224,557,ok,16,16,0.0,0.0,0.03290174806947554,0.9835255611686171,1.9971392292160797
within_season,4,core,continuum,1338,224,557,ok,16,16,0.0,0.0,0.10795941598157596,0.9459144731015602,1.9960869787641862
within_season,4,red,continuum,1338,224,557,ok,16,16,0.0,0.0,0.032607809003467665,0.9835104177249423,1.9774793842285847
within_season,5,blue,continuum,1332,224,557,ok,16,16,0.0,0.0,0.03336844777980424,0.9832910487369848,1.9970402244014216
within_season,5,core,continuum,1332,224,557,ok,16,16,0.0,0.0,0.10557483669743123,0.947115243323828,1.9963188512692824
within_season,5,red,continuum,1332,224,557,ok,16,16,0.0,0.0,0.03522796981910869,0.9821820145797948,1.9771017311059755
within_season,6,blue,continuum,1326,224,557,ok,16,16,0.0,0.0,0.0342595273317407,0.9828437212071266,1.9969089885606124
within_season,6,core,continuum,1326,224,557,ok,16,16,0.0,0.0,0.10250485017694123,0.9486587246185412,1.996538835767983
within_season,6,red,continuum,1326,224,557,ok,16,16,0.0,0.0,0.03729701825768199,0.9811318174145962,1.9767149320748318
within_season,7,blue,continuum,1320,224,557,ok,16,16,0.0,0.0,0.035324824767658566,0.9823078527738781,1.9966386395147464
within_season,7,core,continuum,1320,224,557,ok,16,16,0.0,0.0,0.0994429814515243,0.9501949782243232,1.996645677606934
within_season,7,red,continuum,1320,224,557,ok,16,16,0.0,0.0,0.038107230335885554,0.980718075102045,1.9763187823601105
within_season,8,blue,continuum,1314,224,557,ok,16,16,0.0,0.0,0.03536436046725512,0.9822855131129181,1.9963525160327475
within_season,8,core,continuum,1314,224,557,ok,16,16,0.0,0.0,0.09904822519955704,0.9503951548053852,1.9967449714027112
within_season,8,red,continuum,1314,224,557,ok,16,16,0.0,0.0,0.04079140995162906,0.9793556657264048,1.9759130718883253
within_season,9,blue,continuum,1308,224,557,ok,16,16,0.0,0.0,0.03278574918996769,0.9835743068008126,1.996003991575195
within_season,9,core,continuum,1308,224,557,ok,16,16,0.0,0.0,0.10216833856015095,0.9488370351344175,1.996919819415703
within_season,9,red,continuum,1308,224,557,ok,16,16,0.0,0.0,0.04462771032508423,0.9774093824962963,1.9754975851265502
within_season,10,blue,continuum,1302,224,557,ok,16,16,0.0,0.0,0.0312515965416071,0.9843399956863961,1.9956314133616553
within_season,10,core,continuum,1302,224,557,ok,16,16,0.0,0.0,0.09652004505801955,0.9516691287064122,1.9970681776396004
within_season,10,red,continuum,1302,224,557,ok,16,16,0.0,0.0,0.04812233216481614,0.9756351516774984,1.9750721009157184
within_season,11,blue,continuum,1296,224,557,ok,16,16,0.0,0.0,0.031229444592642045,0.9843479799529267,1.9952341294426934
within_season,11,core,continuum,1296,224,557,ok,16,16,0.0,0.0,0.08860499385547735,0.9556351523768493,1.9971891847373544
within_season,11,red,continuum,1296,224,557,ok,16,16,0.0,0.0,0.05395796981442452,0.9726744781850037,1.9746363922979995
within_season,12,blue,continuum,1290,224,557,ok,16,16,0.0,0.0,0.029683058948093387,0.9851198675051138,1.994811468130045
within_season,12,core,continuum,1290,224,557,ok,16,16,0.0,0.0,0.08236640203502318,0.9587607538121999,1.9972819498187113
within_season,12,red,continuum,1290,224,557,ok,16,16,0.0,0.0,0.06140612205037978,0.9688883211391631,1.9737321899293998
within_season,13,blue,continuum,1283,224,557,ok,16,16,0.0,0.0,0.02977271837466678,0.9850727372499418,1.9945196164347485
within_season,13,core,continuum,1283,224,557,ok,16,16,0.0,0.0,0.07698545558497619,0.961455914680382,1.9973351279863545
within_season,13,red,continuum,1283,224,557,ok,16,16,0.0,0.0,0.06853063028399274,0.9652593518457974,1.9726353400145875
within_season,14,blue,continuum,1276,224,557,ok,16,16,0.0,0.0,0.03167903660238016,0.9841145007602108,1.994210954543511
within_season,14,core,continuum,1276,224,557,ok,16,16,0.0,0.0,0.07556522371815502,0.9621675638147188,1.9973660524551136
within_season,14,red,continuum,1276,224,557,ok,16,16,0.0,0.0,0.07555590642444016,0.9616833964096319,1.9718842314988745
within_season,15,blue,continuum,1269,224,557,ok,16,16,0.0,0.0,0.035560902485628654,0.9821650177434096,1.9938849377037164
within_season,15,core,continuum,1269,224,557,ok,16,16,0.0,0.0,0.0753951697628999,0.9622528506587563,1.9973738700453532
within_season,15,red,continuum,1269,224,557,ok,16,16,0.0,0.0,0.0787483969640825,0.9600486663713087,1.97110809105829
within_season,16,blue,continuum,1262,224,557,ok,16,16,0.0,0.0,0.04072926213696072,0.9795693882872066,1.993541001587172
within_season,16,core,continuum,1262,224,557,ok,16,16,0.0,0.0,0.07557651892330802,0.9621617504156365,1.9973576936957371
within_season,16,red,continuum,1262,224,557,ok,16,16,0.0,0.0,0.08685347414310549,0.9559187934384554,1.9703061898236365
within_season,17,blue,continuum,1255,224,557,ok,16,16,0.0,0.0,0.05092795948130243,0.9744488725365726,1.9931785614626276
within_season,17,core,continuum,1255,224,557,ok,16,16,0.0,0.0,0.07341543153143021,0.9632429673400091,1.9973166008947465
within_season,17,red,continuum,1255,224,557,ok,16,16,0.0,0.0,0.09034361020937776,0.9541281392506884,1.969477774252566
within_season,18,blue,continuum,1248,224,557,ok,16,16,0.0,0.0,0.053351830112482346,0.9732315339623199,1.9930850739591328
within_season,18,core,continuum,1248,224,557,ok,16,16,0.0,0.0,0.0729931713880128,0.9634531556708956,1.9972496320259343
within_season,18,red,continuum,1248,224,557,ok,16,16,0.0,0.0,0.09515558055078734,0.9516638656875128,1.9686220651328519
within_season,19,blue,continuum,1241,224,557,ok,16,16,0.0,0.0,0.05585390770068718,0.9719747759284214,1.9929870161976952
within_season,19,core,continuum,1241,224,557,ok,16,16,0.0,0.0,0.06758628674623046,0.9661587307653711,1.9971557886212805
within_season,19,red,continuum,1241,224,557,ok,16,16,0.0,0.0,0.10342288223136248,0.9474407320751412,1.9677382565377581
within_season,20,blue,continuum,1234,224,557,ok,16,16,0.0,0.0,0.058728587282932815,0.9705351061259178,1.9931715190934818
within_season,20,core,continuum,1234,224,557,ok,16,16,0.0,0.0,0.06434717491236205,0.9677786287580208,1.9970340315165809
within_season,20,red,continuum,1234,224,557,ok,16,16,0.0,0.0,0.09894344029055921,0.9497039556718864,1.9672211127596286
within_season,21,blue,continuum,1228,224,557,ok,16,16,0.0,0.0,0.0628101385943422,0.9684879429006156,1.993209722749872
within_season,21,core,continuum,1228,224,557,ok,16,16,0.0,0.0,0.0617264311188936,0.9690900294147261,1.9969747608980652
within_season,21,red,continuum,1228,224,557,ok,16,16,0.0,0.0,0.09222314563687826,0.953112615626161,1.9669074500204888
within_season,22,blue,continuum,1222,224,557,ok,16,16,0.0,0.0,0.0613518612639419,0.9692201131789504,1.993245187048084
within_season,22,core,continuum,1222,224,557,ok,16,16,0.0,0.0,0.05784671722361673,0.9710328565168611,1.9969769286118249
within_season,22,red,continuum,1222,224,557,ok,16,16,0.0,0.0,0.08959049855748448,0.9544434287348637,1.966576853119024
within_season,23,blue,continuum,1216,224,557,ok,16,16,0.0,0.0,0.05988098719466615,0.9699585344221311,1.9932778259253634
within_season,23,core,continuum,1216,224,557,ok,16,16,0.0,0.0,0.04993358047367011,0.974994885806402,1.996934710518323
within_season,23,red,continuum,1216,224,557,ok,16,16,0.0,0.0,0.08486727219701631,0.9568427002617511,1.96646390556732
within_season,24,blue,continuum,1210,224,557,ok,16,16,0.0,0.0,0.059549660860799984,0.9701252017834557,1.993307550704128
within_season,24,core,continuum,1210,224,557,ok,16,16,0.0,0.0,0.043570452495962295,0.9781803709707949,1.9968466208863658
within_season,24,red,continuum,1210,224,557,ok,16,16,0.0,0.0,0.08157102586880939,0.9585004037078244,1.965586009427977
within_season,25,blue,continuum,1204,224,557,ok,16,16,0.0,0.0,0.06011997764589014,0.9698384422792098,1.9932650097992068
within_season,25,core,continuum,1204,224,557,ok,16,16,0.0,0.0,0.041270719472992705,0.9793306507495722,1.9967111191049463
within_season,25,red,continuum,1204,224,557,ok,16,16,0.0,0.0,0.07956442326987428,0.9595147374655436,1.9652687987921111
within_season,26,blue,continuum,1198,224,557,ok,16,16,0.0,0.0,0.05544339092871018,0.9721838685759872,1.9932099860891352
within_season,26,core,continuum,1198,224,557,ok,16,16,0.0,0.0,0.03785662959473754,0.9810387552771218,1.9965266071937098
within_season,26,red,continuum,1198,224,557,ok,16,16,0.0,0.0,0.0795905968664348,0.9594943395923906,1.9649252984771228
within_season,27,blue,continuum,1192,224,557,ok,16,16,0.0,0.0,0.052144440155608644,0.9738380715648377,1.9931420684388548
within_season,27,core,continuum,1192,224,557,ok,16,16,0.0,0.0,0.03347213692014425,0.9832328404237297,1.9962914271726535
within_season,27,red,continuum,1192,224,557,ok,16,16,0.0,0.0,0.08220144569452525,0.9581577220732481,1.9645547462407547
within_season,28,blue,continuum,1186,224,557,ok,16,16,0.0,0.0,0.05268185470691744,0.9735673623841652,1.9930608315591523
within_season,28,core,continuum,1186,224,557,ok,16,16,0.0,0.0,0.03249513137574851,0.9837199055297765,1.996003858281199
within_season,28,red,continuum,1186,224,557,ok,16,16,0.0,0.0,0.08505093845703945,0.9566945494819585,1.9639776850169575
within_season,29,blue,continuum,1180,224,557,ok,16,16,0.0,0.0,0.05606479730242,0.9718686611153419,1.992965835443964
within_season,29,core,continuum,1180,224,557,ok,16,16,0.0,0.0,0.0318900825516194,0.9840218747379116,1.9958588400408648
within_season,29,red,continuum,1180,224,557,ok,16,16,0.0,0.0,0.08564915744994539,0.9563768270492072,1.963386696941057
within_season,30,blue,continuum,1174,224,557,ok,16,16,0.0,0.0,0.06064047708274373,0.9695710788580222,1.9928566247814783
within_season,30,core,continuum,1174,224,557,ok,16,16,0.0,0.0,0.0326529988686326,0.9836382302667854,1.9956886938915046
within_season,30,red,continuum,1174,224,557,ok,16,16,0.0,0.0,0.08448643213130966,0.9569557616846751,1.962781441557771
within_season,31,blue,continuum,1168,224,557,ok,16,16,0.0,0.0,0.0636127615270475,0.9680799823689653,1.9928798994521548
within_season,31,core,continuum,1168,224,557,ok,16,16,0.0,0.0,0.03300224360146965,0.9834604501526044,1.995353193162408
within_season,31,red,continuum,1168,224,557,ok,16,16,0.0,0.0,0.0870700021878055,0.955625467555439,1.962161568611136
within_season,32,blue,continuum,1162,224,557,ok,16,16,0.0,0.0,0.06761540157641988,0.9660718507021121,1.9928997889852225
within_season,32,core,continuum,1162,224,557,ok,16,16,0.0,0.0,0.03343612713710435,0.983240010277889,1.9949968759821468
within_season,32,red,continuum,1162,224,557,ok,16,16,0.0,0.0,0.08929496245357743,0.9544768054152161,1.9615267177102738
within_season,33,blue,continuum,1157,224,557,ok,16,16,0.0,0.0,0.06910084187205608,0.9653298525509015,1.9930933946418217
within_season,33,core,continuum,1157,224,557,ok,16,16,0.0,0.0,0.030672501521386467,0.9846215120609618,1.994506979032996
within_season,33,red,continuum,1157,224,557,ok,16,16,0.0,0.0,0.09333973197949669,0.9524062627844596,1.9611767732545138
within_season,34,blue,continuum,1151,224,557,ok,16,16,0.0,0.0,0.07168484565376473,0.964033681260101,1.9931104479214214
within_season,34,core,continuum,1151,224,557,ok,16,16,0.0,0.0,0.029895957658550527,0.985007825479353,1.9941041653015839
within_season,34,red,continuum,1151,224,557,ok,16,16,0.0,0.0,0.09426664283320424,0.95192937847287,1.9610032040048002
within_season,35,blue,continuum,1147,224,557,ok,16,16,0.0,0.0,0.07221748852984405,0.9637707970129201,1.9933501864669307
within_season,35,core,continuum,1147,224,557,ok,16,16,0.0,0.0,0.027153003795185496,0.9863802112408293,1.9936435340748069
within_season,35,red,continuum,1147,224,557,ok,16,16,0.0,0.0,0.09555119867062321,0.9512850093650577,1.961433173346157
within_season,36,blue,continuum,1142,224,557,ok,16,16,0.0,0.0,0.07984405025472655,0.9599456030525894,1.9933903975525502
within_season,36,core,continuum,1142,224,557,ok,16,16,0.0,0.0,0.02868805857177556,0.9856071631362997,1.993217796008568
within_season,36,red,continuum,1142,224,557,ok,16,16,0.0,0.0,0.09871038414191066,0.9496731011679572,1.9613841987629559
within_season,37,blue,continuum,1137,224,557,ok,16,16,0.0,0.0,0.0847799426387848,0.9574702843711598,1.9934283920133709
within_season,37,core,continuum,1137,224,557,ok,16,16,0.0,0.0,0.030194683732558226,0.9848481584770133,1.992806200272777
within_season,37,red,continuum,1137,224,557,ok,16,16,0.0,0.0,0.10089821713023842,0.9485560417665768,1.9613229734854425
within_season,38,blue,continuum,1132,224,557,ok,16,16,0.0,0.0,0.08500945025738452,0.9573501146783806,1.9931929386523544
within_season,38,core,continuum,1132,224,557,ok,16,16,0.0,0.0,0.03485217926268429,0.9825067146832289,1.992317545365307
within_season,38,red,continuum,1132,224,557,ok,16,16,0.0,0.0,0.10248668994592905,0.9477441772125431,1.9612491867706128
within_season,39,blue,continuum,1127,224,557,ok,16,16,0.0,0.0,0.08587722731911313,0.9569091089707952,1.9929322710201052
within_season,39,core,continuum,1127,224,557,ok,16,16,0.0,0.0,0.03898848068379293,0.9804254636439153,1.9917958706425987
within_season,39,red,continuum,1127,224,557,ok,16,16,0.0,0.0,0.10628462808255926,0.9458052930191044,1.961162519432499
within_season,40,blue,continuum,1122,224,557,ok,16,16,0.0,0.0,0.08640567335298309,0.9566377132103019,1.9926456778453636
within_season,40,core,continuum,1122,224,557,ok,16,16,0.0,0.0,0.04406472365889019,0.9778707141912246,1.991240207192601
within_season,40,red,continuum,1122,224,557,ok,16,16,0.0,0.0,0.10542258770128732,0.9462227251394899,1.9603557074012623
within_season,41,blue,continuum,1117,224,557,ok,16,16,0.0,0.0,0.09382951854056079,0.9529145039697696,1.9927477981822537
within_season,41,core,continuum,1117,224,557,ok,16,16,0.0,0.0,0.04981174933596215,0.9749814757685578,1.9909947075679555
within_season,41,red,continuum,1117,224,557,ok,16,16,0.0,0.0,0.10893182391901124,0.9444089741451406,1.959521743732834
within_season,42,blue,continuum,1112,224,557,ok,16,16,0.0,0.0,0.10239724902119869,0.9486172117039341,1.9928316935855874
within_season,42,core,continuum,1112,224,557,ok,16,16,0.0,0.0,0.05153942641911347,0.9741063242495647,1.9904252650667789
within_season,42,red,continuum,1112,224,557,ok,16,16,0.0,0.0,0.11173802310422029,0.942951801571688,1.9586599784502017
within_season,43,blue,continuum,1107,224,557,ok,16,16,0.0,0.0,0.11400863865815791,0.9427925034569867,1.992896832540765
within_season,43,core,continuum,1107,224,557,ok,16,16,0.0,0.0,0.044868504545396475,0.9774550954182697,1.9901838299088004
within_season,43,red,continuum,1107,224,557,ok,16,16,0.0,0.0,0.11030938673825244,0.9436769194769432,1.9585112482101454
within_season,44,blue,continuum,1102,224,557,ok,16,16,0.0,0.0,0.12320533375516102,0.9381741409538502,1.9927799735575782
within_season,44,core,continuum,1102,224,557,ok,16,16,0.0,0.0,0.0381801199677666,0.9808122903232638,1.989821641613505
within_season,44,red,continuum,1102,224,557,ok,16,16,0.0,0.0,0.10277138877592953,0.9475213823853678,1.9583478652317723
within_season,45,blue,continuum,1097,224,557,ok,16,16,0.0,0.0,0.12033740686384553,0.9396093261263905,1.9926488503125048
within_season,45,core,continuum,1097,224,557,ok,16,16,0.0,0.0,0.03373123657481836,0.9830458200581,1.98955282357575
within_season,45,red,continuum,1097,224,557,ok,16,16,0.0,0.0,0.09437082307182314,0.9518066105547139,1.9581694534882708
within_season,46,blue,continuum,1092,224,557,ok,16,16,0.0,0.0,0.11808538612983335,0.9407351558855719,1.9925031086192502
within_season,46,core,continuum,1092,224,557,ok,16,16,0.0,0.0,0.033153869298658975,0.9833336139708189,1.989265653670204
within_season,46,red,continuum,1092,224,557,ok,16,16,0.0,0.0,0.09182475893298248,0.9531021950964823,1.9579756264049577
within_season,47,blue,continuum,1087,224,557,ok,16,16,0.0,0.0,0.11585389298341128,0.9418441701755181,1.9921286194877792
within_season,47,core,continuum,1087,224,557,ok,16,16,0.0,0.0,0.031319816240533586,0.9842531667085668,1.9889596632468651
within_season,47,red,continuum,1087,224,557,ok,16,16,0.0,0.0,0.08830529388072311,0.9548948676761208,1.95776598650999
within_season,48,blue,continuum,1082,224,557,ok,16,16,0.0,0.0,0.11913202927044542,0.940182154608898,1.991580079348134
within_season,48,core,continuum,1082,224,557,ok,16,16,0.0,0.0,0.030004486487974935,0.9849114171863579,1.988555642273228
within_season,48,red,continuum,1082,224,557,ok,16,16,0.0,0.0,0.08454007387670741,0.9568131080461878,1.9575401250713247
within_season,49,blue,continuum,1077,224,557,ok,16,16,0.0,0.0,0.11842274378478776,0.9405280213338079,1.991235981057196
within_season,49,core,continuum,1077,224,557,ok,16,16,0.0,0.0,0.02897802846706598,0.985424552510979,1.9881398831077979
within_season,49,red,continuum,1077,224,557,ok,16,16,0.0,0.0,0.07977971473678772,0.9592398652859402,1.9572976217193045
within_season,50,blue,continuum,1072,224,557,ok,16,16,0.0,0.0,0.11519007047682121,0.9421571029174388,1.9914298260753864
within_season,50,core,continuum,1072,224,557,ok,16,16,0.0,0.0,0.026713369224724046,0.9865607451436679,1.9877120800441932
within_season,50,red,continuum,1072,224,557,ok,16,16,0.0,0.0,0.07948525279265738,0.9593849220079562,1.9570380440541806
within_season,51,blue,continuum,1067,224,557,ok,16,16,0.0,0.0,0.11058542783548173,0.9444741950348989,1.991604226268969
within_season,51,core,continuum,1067,224,557,ok,16,16,0.0,0.0,0.026015766156399917,0.9869088040145763,1.9872719181171061
within_season,51,red,continuum,1067,224,557,ok,16,16,0.0,0.0,0.07939499159491839,0.9594322409081452,1.957095816289721
within_season,52,blue,continuum,1063,224,557,ok,16,16,0.0,0.0,0.10773035125240304,0.9459074838805059,1.9915943827500917
within_season,52,core,continuum,1063,224,557,ok,16,16,0.0,0.0,0.02594347491002464,0.986945066451241,1.987254459253131
within_season,52,red,continuum,1063,224,557,ok,16,16,0.0,0.0,0.08154897731370908,0.9583566342216676,1.9582705621777605
within_season,53,blue,continuum,1059,224,557,ok,16,16,0.0,0.0,0.10883024771426217,0.9453541424358247,1.9915553084047326
within_season,53,core,continuum,1059,224,557,ok,16,16,0.0,0.0,0.02827220363826004,0.9857730405512681,1.9872274002144603
within_season,53,red,continuum,1059,224,557,ok,16,16,0.0,0.0,0.07976794918655077,0.9592900945352921,1.9594235917767708
within_season,54,blue,continuum,1055,224,557,ok,16,16,0.0,0.0,0.10962012682768246,0.9449556195095249,1.9914862489305538
within_season,54,core,continuum,1055,224,557,ok,16,16,0.0,0.0,0.03055431242734198,0.984624256342686,1.987176237346266
within_season,54,red,continuum,1055,224,557,ok,16,16,0.0,0.0,0.08001220900328693,0.9591889889553353,1.9605544424204369
within_season,55,blue,continuum,1050,224,557,ok,16,16,0.0,0.0,0.11188823347237734,0.9438190213023431,1.9915678947943223
within_season,55,core,continuum,1050,224,557,ok,16,16,0.0,0.0,0.03272415310192205,0.9835322687829468,1.9871682790179612
within_season,55,red,continuum,1050,224,557,ok,16,16,0.0,0.0,0.07858155471396054,0.9599353149537649,1.961367089826777
within_season,56,blue,continuum,1046,224,557,ok,16,16,0.0,0.0,0.11610225419960749,0.9417038108073927,1.9915925175831344
within_season,56,core,continuum,1046,224,557,ok,16,16,0.0,0.0,0.03342992987046791,0.9831797445985432,1.987480515163437
within_season,56,red,continuum,1046,224,557,ok,16,16,0.0,0.0,0.07867540428479193,0.9599199565611081,1.962957061280246
within_season,57,blue,continuum,1042,224,557,ok,16,16,0.0,0.0,0.11661374533318822,0.9414474156331856,1.9916071441464998
within_season,57,core,continuum,1042,224,557,ok,16,16,0.0,0.0,0.03556622416001553,0.9821074460553726,1.987766769913522
within_season,57,red,continuum,1042,224,557,ok,16,16,0.0,0.0,0.07920559927070678,0.959674108118607,1.9641375695711119
within_season,58,blue,continuum,1038,224,557,ok,16,16,0.0,0.0,0.11930700007993775,0.9400998456661853,1.9917644855313301
within_season,58,core,continuum,1038,224,557,ok,16,16,0.0,0.0,0.03818339948983641,0.9807933129124186,1.9880263220680465
within_season,58,red,continuum,1038,224,557,ok,16,16,0.0,0.0,0.07761546043215667,0.9605072280730267,1.9653079954903274
within_season,59,blue,continuum,1035,224,557,ok,16,16,0.0,0.0,0.11630009861740354,0.9416086839413271,1.9917362112637191
within_season,59,core,continuum,1035,224,557,ok,16,16,0.0,0.0,0.03813601576473593,0.9808226532439791,1.9885970801859136
within_season,59,red,continuum,1035,224,557,ok,16,16,0.0,0.0,0.07605689240584612,0.9613152778135536,1.9660705339766826
within_season,60,blue,continuum,1032,224,557,ok,16,16,0.0,0.0,0.10518881627426552,0.9471935914285952,1.9919706550773881
within_season,60,core,continuum,1032,224,557,ok,16,16,0.0,0.0,0.03901988838337807,0.9803833895799378,1.9891249073016104
within_season,60,red,continuum,1032,224,557,ok,16,16,0.0,0.0,0.0739421316551314,0.9624048809587887,1.9668013705203888
within_season,61,blue,continuum,1029,224,557,ok,16,16,0.0,0.0,0.09249983861118953,0.9535688295896214,1.992192697139362
within_season,61,core,continuum,1029,224,557,ok,16,16,0.0,0.0,0.040948824491857556,0.979419811446003,1.9897205695865525
within_season,61,red,continuum,1029,224,557,ok,16,16,0.0,0.0,0.07599407221706195,0.9613753114057609,1.9674999328899856
within_season,62,blue,continuum,1026,224,557,ok,16,16,0.0,0.0,0.0827174542561509,0.9584835536684325,1.9924020855623135
within_season,62,core,continuum,1026,224,557,ok,16,16,0.0,0.0,0.04135961171604721,0.979219345094762,1.9902939490911855
within_season,62,red,continuum,1026,224,557,ok,16,16,0.0,0.0,0.07316151240787654,0.9628275633628491,1.9681656363295121
within_season,63,blue,continuum,1023,224,557,ok,16,16,0.0,0.0,0.07657074760322541,0.9615724165311278,1.992598563093372
within_season,63,core,continuum,1023,224,557,ok,16,16,0.0,0.0,0.04257770988391095,0.9786132442019999,1.9908447211938693
within_season,63,red,continuum,1023,224,557,ok,16,16,0.0,0.0,0.0678489452229073,0.965543355319864,1.96911062736244
within_season,64,blue,continuum,1020,224,557,ok,16,16,0.0,0.0,0.07367812920467887,0.9630274991831231,1.9927818669773893
within_season,64,core,continuum,1020,224,557,ok,16,16,0.0,0.0,0.04359024170442988,0.9781117690943575,1.99149222668301
within_season,64,red,continuum,1020,224,557,ok,16,16,0.0,0.0,0.060462801542761,0.9692992462630337,1.969424010263261
within_season,65,blue,continuum,1018,224,557,ok,16,16,0.0,0.0,0.0712003954782758,0.9642777684743555,1.9931676280403157
within_season,65,core,continuum,1018,224,557,ok,16,16,0.0,0.0,0.048998570143588396,0.975407112295415,1.9923878290410435
within_season,65,red,continuum,1018,224,557,ok,16,16,0.0,0.0,0.05981787634508119,0.9696421558291748,1.9704256998119758
within_season,66,blue,continuum,1016,224,557,ok,16,16,0.0,0.0,0.07282750323566975,0.9634680084696865,1.9935267743407568
within_season,66,core,continuum,1016,224,557,ok,16,16,0.0,0.0,0.0551779041228957,0.9723174075732517,1.9932347112685853
within_season,66,red,continuum,1016,224,557,ok,16,16,0.0,0.0,0.058583770349394174,0.9702832855845339,1.9714080611450178
within_season,67,blue,continuum,1014,224,557,ok,16,16,0.0,0.0,0.07422415408227387,0.9627736192423992,1.9938589938566333
within_season,67,core,continuum,1014,224,557,ok,16,16,0.0,0.0,0.05703184554776937,0.9713987405109455,1.9940326603307474
within_season,67,red,continuum,1014,224,557,ok,16,16,0.0,0.0,0.06124505445153072,0.9689529590294488,1.972653513409635
within_season,68,blue,continuum,1013,224,557,ok,16,16,0.0,0.0,0.0764054165100116,0.9616854518769242,1.994162015550295
within_season,68,core,continuum,1013,224,557,ok,16,16,0.0,0.0,0.05838618979500423,0.9707288385153054,1.9946659727026352
within_season,68,red,continuum,1013,224,557,ok,16,16,0.0,0.0,0.061895453594722254,0.9686458177049522,1.9740732835025359
within_season,69,blue,continuum,1012,224,557,ok,16,16,0.0,0.0,0.0736535608599432,0.963071263417684,1.9944782214730188
within_season,69,core,continuum,1012,224,557,ok,16,16,0.0,0.0,0.05830585550581638,0.9707778102894478,1.9952596326059
within_season,69,red,continuum,1012,224,557,ok,16,16,0.0,0.0,0.061552875253277205,0.9688408042949201,1.9754320950987265
within_season,70,blue,continuum,1011,224,557,ok,16,16,0.0,0.0,0.07410703557231771,0.9628505956889221,1.9948377893698532
within_season,70,core,continuum,1011,224,557,ok,16,16,0.0,0.0,0.0583234666048428,0.9707785211848086,1.9959108494715196
within_season,70,red,continuum,1011,224,557,ok,16,16,0.0,0.0,0.060101416031213856,0.9695955302901015,1.9767296257644382
within_season,71,blue,continuum,1010,224,557,ok,16,16,0.0,0.0,0.06894077747452623,0.9654451405243717,1.9951109198736736
within_season,71,core,continuum,1010,224,557,ok,16,16,0.0,0.0,0.053082617708939246,0.9734113969463096,1.9964425209458947
within_season,71,red,continuum,1010,224,557,ok,16,16,0.0,0.0,0.058009129377645595,0.9706723255882692,1.9779655407809087
within_season,72,blue,continuum,1009,224,557,ok,16,16,0.0,0.0,0.06599028045861,0.9669270876082449,1.9952969268911749
within_season,72,core,continuum,1009,224,557,ok,16,16,0.0,0.0,0.04550354808469674,0.9772140434930544,1.9969996901743614
within_season,72,red,continuum,1009,224,557,ok,16,16,0.0,0.0,0.058583944045932305,0.9703960394075958,1.978922511502187
within_season,73,blue,continuum,1008,224,557,ok,16,16,0.0,0.0,0.06597523988470816,0.9669341467565857,1.9952680307092479
within_season,73,core,continuum,1008,224,557,ok,16,16,0.0,0.0,0.04756200819969551,0.9761890526213427,1.9974849149566887
within_season,73,red,continuum,1008,224,557,ok,16,16,0.0,0.0,0.058470732957972324,0.9704668565115511,1.979834384404135
within_season,74,blue,continuum,1007,224,557,ok,16,16,0.0,0.0,0.06474424798247616,0.9675493605088497,1.9951609274181692
within_season,74,core,continuum,1007,224,557,ok,16,16,0.0,0.0,0.04551141125837315,0.9772203517274997,1.997897891747282
within_season,74,red,continuum,1007,224,557,ok,16,16,0.0,0.0,0.05652174715003166,0.97146376750097,1.9807011017292777
within_season,75,blue,continuum,1006,224,557,ok,16,16,0.0,0.0,0.05297561933088076,0.9734436342466606,1.994836937513528
within_season,75,core,continuum,1006,224,557,ok,16,16,0.0,0.0,0.0461577747890054,0.9769007657208841,1.9982383065717813
within_season,75,red,continuum,1006,224,557,ok,16,16,0.0,0.0,0.05418786850126772,0.9726482220767226,1.9811461124489373
within_season,76,blue,continuum,1005,224,557,ok,16,16,0.0,0.0,0.04350734333811444,0.9781862359398945,1.9944904152366643
within_season,76,core,continuum,1005,224,557,ok,16,16,0.0,0.0,0.046095274007009274,0.9769368735229367,1.9986567759081517
within_season,76,red,continuum,1005,224,557,ok,16,16,0.0,0.0,0.0516537624691529,0.973937821659342,1.981943404499346
within_season,77,blue,continuum,1004,224,557,ok,16,16,0.0,0.0,0.03806394740891954,0.9809117406821485,1.994102593384286
within_season,77,core,continuum,1004,224,557,ok,16,16,0.0,0.0,0.04776146881973986,0.976107048645899,1.9989773599711507
within_season,77,red,continuum,1004,224,557,ok,16,16,0.0,0.0,0.05370357416780232,0.9729138546094005,1.9826953371682263
within_season,78,blue,continuum,1003,224,557,ok,16,16,0.0,0.0,0.033972131594169126,0.9829600294972626,1.9936731456613537
within_season,78,core,continuum,1003,224,557,ok,16,16,0.0,0.0,0.04534739585542183,0.9773172301471159,1.999200104287791
within_season,78,red,continuum,1003,224,557,ok,16,16,0.0,0.0,0.057020579607450536,0.9712480839430541,1.9831923373216502
within_season,79,blue,continuum,1002,224,557,ok,16,16,0.0,0.0,0.030827649833857523,0.9845336027876743,1.993201739917167
within_season,79,core,continuum,1002,224,557,ok,16,16,0.0,0.0,0.04251177053985771,0.9787369387822852,1.9993250315453137
within_season,79,red,continuum,1002,224,557,ok,16,16,0.0,0.0,0.05644097420833537,0.9715410373588493,1.9832407428204606
within_season,80,blue,continuum,1001,224,557,ok,16,16,0.0,0.0,0.028254635594477565,0.985821780427169,1.9928197224861988
within_season,80,core,continuum,1001,224,557,ok,16,16,0.0,0.0,0.041797361361749205,0.9790937149272523,1.9992725257646975
within_season,80,red,continuum,1001,224,557,ok,16,16,0.0,0.0,0.053995641530634214,0.9727741544333091,1.983249386997717
within_season,81,blue,continuum,1000,224,557,ok,16,16,0.0,0.0,0.024727450464040013,0.9875870771435308,1.9920731603639044
within_season,81,core,continuum,1000,224,557,ok,16,16,0.0,0.0,0.038054307641590596,0.9809647143517557,1.9991456048940606
within_season,81,red,continuum,1000,224,557,ok,16,16,0.0,0.0,0.051620669552172996,0.9739712615840345,1.9832182692538751
within_season,82,blue,continuum,999,224,557,ok,16,16,0.0,0.0,0.02465867721005812,0.9876177777661006,1.9914581360483856
within_season,82,core,continuum,999,224,557,ok,16,16,0.0,0.0,0.03533479792552919,0.9823238641573645,1.9990114491143682
within_season,82,red,continuum,999,224,557,ok,16,16,0.0,0.0,0.04938958948670918,0.9750932541316751,1.9829804241717683
within_season,83,blue,continuum,998,224,557,ok,16,16,0.0,0.0,0.02477842185442128,0.9875533530325377,1.9907708412712468
within_season,83,core,continuum,998,224,557,ok,16,16,0.0,0.0,0.03683977168314948,0.9815688619959999,1.9987790051354533
within_season,83,red,continuum,998,224,557,ok,16,16,0.0,0.0,0.04463166040992052,0.9774884766557883,1.9826139585261109
within_season,84,blue,continuum,997,224,557,ok,16,16,0.0,0.0,0.022449699017612894,0.9887189899179654,1.990043343136862
within_season,84,core,continuum,997,224,557,ok,16,16,0.0,0.0,0.038016084452409546,0.9809771979357509,1.9984481951718283
within_season,84,red,continuum,997,224,557,ok,16,16,0.0,0.0,0.038386353126715705,0.9806323855371865,1.981986640658239
within_season,85,blue,continuum,996,224,557,ok,16,16,0.0,0.0,0.018129834720055388,0.990886247218503,1.9892831366748478
within_season,85,core,continuum,996,224,557,ok,16,16,0.0,0.0,0.03652537815334869,0.9817192030640782,1.9980189201476386
within_season,85,red,continuum,996,224,557,ok,16,16,0.0,0.0,0.03536660271401271,0.9821480058244173,1.9811009552303034
within_season,86,blue,continuum,995,224,557,ok,16,16,0.0,0.0,0.018534181668720673,0.9906782718907098,1.9882774364818925
within_season,86,core,continuum,995,224,557,ok,16,16,0.0,0.0,0.038485458206646686,0.9807341560562044,1.9976004331251005
within_season,86,red,continuum,995,224,557,ok,16,16,0.0,0.0,0.03239532300432238,0.9836401973050068,1.9801780992283482
within_season,87,blue,continuum,994,224,557,ok,16,16,0.0,0.0,0.022006695814005304,0.9889271456350569,1.987445611465736
within_season,87,core,continuum,994,224,557,ok,16,16,0.0,0.0,0.0426754916750193,0.9786312255965978,1.9970958965351244
within_season,87,red,continuum,994,224,557,ok,16,16,0.0,0.0,0.03331407913793384,0.9831664053615913,1.9790234856862992
within_season,88,blue,continuum,993,224,557,ok,16,16,0.0,0.0,0.02684753724396495,0.9864855495464588,1.9865800193843668
within_season,88,core,continuum,993,224,557,ok,16,16,0.0,0.0,0.0469901401739084,0.9764638044236262,1.9965053409514621
within_season,88,red,continuum,993,224,557,ok,16,16,0.0,0.0,0.03393455670945776,0.9828486966298287,1.9785409876473332
within_season,89,blue,continuum,992,224,557,ok,16,16,0.0,0.0,0.03166011312640086,0.9840557851793053,1.9856802910926423
within_season,89,core,continuum,992,224,557,ok,16,16,0.0,0.0,0.049303193383258864,0.9752968822407926,1.9958287801499197
within_season,89,red,continuum,992,224,557,ok,16,16,0.0,0.0,0.03429822020815154,0.9826559474574124,1.9775205433639962
within_season,90,blue,continuum,991,224,557,ok,16,16,0.0,0.0,0.03400634932455779,0.9828661458614807,1.984746050108289
within_season,90,core,continuum,991,224,557,ok,16,16,0.0,0.0,0.05098742110474752,0.9744432436300495,1.995066211324776
within_season,90,red,continuum,991,224,557,ok,16,16,0.0,0.0,0.037145655034695683,0.9812059797903999,1.9764613755029097
within_season,91,blue,continuum,990,224,557,ok,16,16,0.0,0.0,0.03449155797526191,0.9826131871181445,1.9837769124010398
within_season,91,core,continuum,990,224,557,ok,16,16,0.0,0.0,0.052207319626949814,0.9738206506517566,1.99421761528435
within_season,91,red,continuum,990,224,557,ok,16,16,0.0,0.0,0.04470670675272004,0.977367852763371,1.9753630216917544
within_season,92,blue,continuum,989,224,557,ok,16,16,0.0,0.0,0.03714546641853762,0.9812681937860739,1.9830157324028845
within_season,92,core,continuum,989,224,557,ok,16,16,0.0,0.0,0.05266950752338828,0.9735765023484014,1.993282956626365
within_season,92,red,continuum,989,224,557,ok,16,16,0.0,0.0,0.0561776326598414,0.9715526806898155,1.9747953066259225
within_season,93,blue,continuum,988,224,557,ok,16,16,0.0,0.0,0.038768642625740195,0.9804394452426803,1.9819807314632938
within_season,93,core,continuum,988,224,557,ok,16,16,0.0,0.0,0.056561864308348,0.9716129979532344,1.9925268689932953
within_season,93,red,continuum,988,224,557,ok,16,16,0.0,0.0,0.06297404918964578,0.9681050494202744,1.9744206542108922
within_season,94,blue,continuum,987,224,557,ok,16,16,0.0,0.0,0.0405078633235622,0.9795578323364545,1.9815835575891438
within_season,94,core,continuum,987,224,557,ok,16,16,0.0,0.0,0.06080388684648537,0.9694754867699538,1.9919690901617475
within_season,94,red,continuum,987,224,557,ok,16,16,0.0,0.0,0.06959177116656073,0.9647463060917483,1.9740277812496592
within_season,95,blue,continuum,986,224,557,ok,16,16,0.0,0.0,0.04174244911215057,0.9789330379313732,1.9814175853249403
within_season,95,core,continuum,986,224,557,ok,16,16,0.0,0.0,0.06287737208144079,0.9684249259262372,1.9913610316337635
within_season,95,red,continuum,986,224,557,ok,16,16,0.0,0.0,0.07062257723088974,0.9642166682038872,1.973616588675555
within_season,96,blue,continuum,985,224,557,ok,16,16,0.0,0.0,0.04141411089344831,0.9790968138200808,1.9812343695830028
within_season,96,core,continuum,985,224,557,ok,16,16,0.0,0.0,0.06642748396111739,0.9666311339461615,1.9907024666028812
within_season,96,red,continuum,985,224,557,ok,16,16,0.0,0.0,0.0701890809802728,0.9644308392291576,1.973312820970741
within_season,97,blue,continuum,983,224,557,ok,16,16,0.0,0.0,0.04521155083669885,0.9771826407016279,1.9814541308434543
within_season,97,core,continuum,983,224,557,ok,16,16,0.0,0.0,0.0739378331514339,0.9628527521496979,1.990398681737941
within_season,97,red,continuum,983,224,557,ok,16,16,0.0,0.0,0.07532535786918677,0.9618210632524443,1.9729558831679426
within_season,98,blue,continuum,982,224,557,ok,16,16,0.0,0.0,0.0475760569113154,0.9759949628825828,1.981919739536496
within_season,98,core,continuum,982,224,557,ok,16,16,0.0,0.0,0.07700471419164266,0.9613006921094042,1.9898214823204974
within_season,98,red,continuum,982,224,557,ok,16,16,0.0,0.0,0.07678306275550817,0.961072935350758,1.9724852990425341
within_season,99,blue,continuum,981,224,557,ok,16,16,0.0,0.0,0.048837904261452104,0.9753750115405908,1.9832660771376376
within_season,99,core,continuum,981,224,557,ok,16,16,0.0,0.0,0.07873971499553203,0.9604247535129127,1.989620330506936
within_season,99,red,continuum,981,224,557,ok,16,16,0.0,0.0,0.07927002335079376,0.959802136706882,1.9719959434850116
within_season,100,blue,continuum,980,224,557,ok,16,16,0.0,0.0,0.04694631878580216,0.9763418336865435,1.984359994929092
within_season,100,core,continuum,980,224,557,ok,16,16,0.0,0.0,0.0776937251426544,0.9609469220506377,1.9894392253382724
within_season,100,red,continuum,980,224,557,ok,16,16,0.0,0.0,0.08229018315031746,0.9582598548776282,1.971487710669498
within_season,101,blue,continuum,979,224,557,ok,16,16,0.0,0.0,0.045426858112915025,0.9771195285825499,1.9853986958620768
within_season,101,core,continuum,979,224,557,ok,16,16,0.0,0.0,0.07840692633249469,0.9605828974718582,1.989160067676615
within_season,101,red,continuum,979,224,557,ok,16,16,0.0,0.0,0.08796780535189629,0.9553680524572103,1.9709604934348783
within_season,102,blue,continuum,978,224,557,ok,16,16,0.0,0.0,0.04307472101225447,0.9783173175601406,1.9865955760653495
within_season,102,core,continuum,978,224,557,ok,16,16,0.0,0.0,0.07986580155470632,0.9598429859517157,1.988838150632333
within_season,102,red,continuum,978,224,557,ok,16,16,0.0,0.0,0.09195845221749993,0.9533303946964903,1.9704141832668194
within_season,103,blue,continuum,977,224,557,ok,16,16,0.0,0.0,0.042467962589253984,0.9786350511243597,1.9877399583986217
within_season,103,core,continuum,977,224,557,ok,16,16,0.0,0.0,0.08738011277433098,0.9560550547633415,1.9883996283021728
within_season,103,red,continuum,977,224,557,ok,16,16,0.0,0.0,0.09009322989447237,0.954262530714063,1.9697904431755142
within_season,104,blue,continuum,976,224,557,ok,16,16,0.0,0.0,0.039713160525287325,0.980031916176538,1.9888318216405518
within_season,104,core,continuum,976,224,557,ok,16,16,0.0,0.0,0.09217045621929279,0.9536352858735693,1.9879440207040973
within_season,104,red,continuum,976,224,557,ok,16,16,0.0,0.0,0.08550720968836191,0.9565767625739028,1.9691578693064535
within_season,105,blue,continuum,975,224,557,ok,16,16,0.0,0.0,0.04193969173181185,0.9789234131954555,1.9898711361921708
within_season,105,core,continuum,975,224,557,ok,16,16,0.0,0.0,0.09325767044026184,0.9530853547135796,1.9878157422039688
within_season,105,red,continuum,975,224,557,ok,16,16,0.0,0.0,0.08421177990424104,0.9572206862182571,1.9685163799934626
within_season,106,blue,continuum,974,224,557,ok,16,16,0.0,0.0,0.04797903961334393,0.9758947932154879,1.9904014946750443
within_season,106,core,continuum,974,224,557,ok,16,16,0.0,0.0,0.09041928457899308,0.9545086443843291,1.9876146436015514
within_season,106,red,continuum,974,224,557,ok,16,16,0.0,0.0,0.07667868506381909,0.9610482294726655,1.9685545490161909
within_season,107,blue,continuum,973,224,557,ok,16,16,0.0,0.0,0.048869390631280506,0.9754501602631691,1.990619537852391
within_season,107,core,continuum,973,224,557,ok,16,16,0.0,0.0,0.09046521687635958,0.9544788846393685,1.9873242595149025
within_season,107,red,continuum,973,224,557,ok,16,16,0.0,0.0,0.07474886945566069,0.96202920554629,1.968588504166977
within_season,108,blue,continuum,972,224,557,ok,16,16,0.0,0.0,0.048626588485588,0.975571819100097,1.990593924485847
within_season,108,core,continuum,972,224,557,ok,16,16,0.0,0.0,0.09020011919512952,0.9546074166748977,1.9871113866579249
within_season,108,red,continuum,972,224,557,ok,16,16,0.0,0.0,0.07254445362565835,0.9631368532919645,1.9679398017816272
within_season,109,blue,continuum,971,224,557,ok,16,16,0.0,0.0,0.050841940418202364,0.9744582067450943,1.9905391884901187
within_season,109,core,continuum,971,224,557,ok,16,16,0.0,0.0,0.08818076380099538,0.9556187566448024,1.986892595488055
within_season,109,red,continuum,971,224,557,ok,16,16,0.0,0.0,0.06953040058365653,0.9646720576270772,1.968141813912954
within_season,110,blue,continuum,970,224,557,ok,16,16,0.0,0.0,0.05616060989106657,0.9717891662802999,1.9907461952054473
within_season,110,core,continuum,970,224,557,ok,16,16,0.0,0.0,0.08797972086343991,0.9557169183602088,1.9867569646369037
within_season,110,red,continuum,970,224,557,ok,16,16,0.0,0.0,0.06636408734052976,0.966283236769262,1.9682816789492015
within_season,111,blue,continuum,969,224,557,ok,16,16,0.0,0.0,0.05926892497306281,0.9702313478982877,1.9909845017690158
within_season,111,core,continuum,969,224,557,ok,16,16,0.0,0.0,0.08927680742733947,0.95505837099344,1.9865058165628153
within_season,111,red,continuum,969,224,557,ok,16,16,0.0,0.0,0.06624898919707736,0.9663440423883208,1.96841789383785
within_season,112,blue,continuum,968,224,557,ok,16,16,0.0,0.0,0.06084766698258172,0.969437721745716,1.9909401542750653
within_season,112,core,continuum,968,224,557,ok,16,16,0.0,0.0,0.08896528747853771,0.9552117309607678,1.986352439756243
within_season,112,red,continuum,968,224,557,ok,16,16,0.0,0.0,0.06386378873372854,0.9675551275955881,1.9683784832836726
within_season,113,blue,continuum,967,224,557,ok,16,16,0.0,0.0,0.0581792850495772,0.9707772615567684,1.990890934557581
within_season,113,core,continuum,967,224,557,ok,16,16,0.0,0.0,0.0889484782087767,0.9552166100813982,1.9861935054592652
within_season,113,red,continuum,967,224,557,ok,16,16,0.0,0.0,0.06410639043478969,0.9674340064817334,1.968507129955414
within_season,114,blue,continuum,966,224,557,ok,16,16,0.0,0.0,0.052666101030332466,0.9735492757428329,1.991102418152575
within_season,114,core,continuum,966,224,557,ok,16,16,0.0,0.0,0.08897094851922512,0.9552015856781924,1.9860289670099873
within_season,114,red,continuum,966,224,557,ok,16,16,0.0,0.0,0.06519423084862153,0.9668848362241151,1.968712318315551
within_season,115,blue,continuum,965,224,557,ok,16,16,0.0,0.0,0.05381058934008352,0.9729771035647342,1.9912961391458757
within_season,115,core,continuum,965,224,557,ok,16,16,0.0,0.0,0.08895235292897781,0.9552060072514692,1.9858098702731848
within_season,115,red,continuum,965,224,557,ok,16,16,0.0,0.0,0.06239053753374865,0.9683218173939283,1.9695112661478988
within_season,116,blue,continuum,964,224,557,ok,16,16,0.0,0.0,0.056703716591712874,0.9715242977121499,1.9913017778636828
within_season,116,core,continuum,964,224,557,ok,16,16,0.0,0.0,0.08503502217934608,0.957173813675051,1.9855847432720806
within_season,116,red,continuum,964,224,557,ok,16,16,0.0,0.0,0.05824591883201759,0.9704406133769271,1.9704711594574529
within_season,117,blue,continuum,963,224,557,ok,16,16,0.0,0.0,0.05764731338051733,0.9710511872466133,1.9913532852490896
within_season,117,core,continuum,963,224,557,ok,16,16,0.0,0.0,0.08880081508956486,0.9552720391921995,1.9853535346972078
within_season,117,red,continuum,963,224,557,ok,16,16,0.0,0.0,0.05561065042899434,0.9717914966301433,1.9714144242200111
within_season,118,blue,continuum,962,224,557,ok,16,16,0.0,0.0,0.058149250979945305,0.9707994494251568,1.9913751568109834
within_season,118,core,continuum,962,224,557,ok,16,16,0.0,0.0,0.09174590710832531,0.9537831047645053,1.9851161927005476
within_season,118,red,continuum,962,224,557,ok,16,16,0.0,0.0,0.05310806757672413,0.9730735877555746,1.9723410268933668
within_season,119,blue,continuum,961,224,557,ok,16,16,0.0,0.0,0.05381487073162234,0.9729759168064462,1.991367120437931
within_season,119,core,continuum,961,224,557,ok,16,16,0.0,0.0,0.09236621939728022,0.9534627553295575,1.9847805784674066
within_season,119,red,continuum,961,224,557,ok,16,16,0.0,0.0,0.05209085306518264,0.9736015059214991,1.9732509328100538
within_season,120,blue,continuum,960,224,557,ok,16,16,0.0,0.0,0.05098494679871845,0.9743965214280242,1.9913288991334115
within_season,120,core,continuum,960,224,557,ok,16,16,0.0,0.0,0.08956185686252666,0.9548699357120657,1.9845275710469434
within_season,120,red,continuum,960,224,557,ok,16,16,0.0,0.0,0.051919755407839586,0.9737001188285676,1.9741441061808305
within_season,121,blue,continuum,959,224,557,ok,16,16,0.0,0.0,0.05368531365020711,0.9730395287585969,1.9912602109032418
within_season,121,core,continuum,959,224,557,ok,16,16,0.0,0.0,0.09049028190811159,0.9543948614293755,1.9842124099234446
within_season,121,red,continuum,959,224,557,ok,16,16,0.0,0.0,0.056573907474204675,0.971344485103736,1.9742764238928672
within_season,122,blue,continuum,958,224,557,ok,16,16,0.0,0.0,0.05478987544552229,0.9724863471061991,1.9913704536799932
within_season,122,core,continuum,958,224,557,ok,16,16,0.0,0.0,0.09708042556756737,0.9510554520568635,1.983477826383333
within_season,122,red,continuum,958,224,557,ok,16,16,0.0,0.0,0.05593789096683925,0.9716637765033967,1.974077137468397
within_season,123,blue,continuum,956,224,557,ok,16,16,0.0,0.0,0.05311985026058039,0.9733291378921887,1.991681035500638
within_season,123,core,continuum,956,224,557,ok,16,16,0.0,0.0,0.10161789575053884,0.9487548811474087,1.9829770722719364
within_season,123,red,continuum,956,224,557,ok,16,16,0.0,0.0,0.052964464376538914,0.9731694251116971,1.9740338996474265
within_season,124,blue,continuum,954,224,557,ok,16,16,0.0,0.0,0.051305602531906705,0.9742420489123346,1.9918355445777345
within_season,124,core,continuum,954,224,557,ok,16,16,0.0,0.0,0.09992529268609185,0.9496094753092335,1.9830175077419239
within_season,124,red,continuum,954,224,557,ok,16,16,0.0,0.0,0.05727992600863268,0.9709850867477972,1.9741546531862844
within_season,125,blue,continuum,952,224,557,ok,16,16,0.0,0.0,0.052256650171148625,0.9737665440581811,1.991984978534448
within_season,125,core,continuum,952,224,557,ok,16,16,0.0,0.0,0.095159781905197,0.952007074980822,1.9827877102129374
within_season,125,red,continuum,952,224,557,ok,16,16,0.0,0.0,0.0627935773387906,0.9681940317388107,1.974270263465407
within_season,126,blue,continuum,950,224,557,ok,16,16,0.0,0.0,0.0574448191604795,0.9711657283738199,1.992241035432379
within_season,126,core,continuum,950,224,557,ok,16,16,0.0,0.0,0.0936889151594003,0.9527485676577941,1.9827740772149163
within_season,126,red,continuum,950,224,557,ok,16,16,0.0,0.0,0.06849530831702544,0.9652971025386688,1.9737633836871575
within_season,127,blue,continuum,948,224,557,ok,16,16,0.0,0.0,0.06461594438529245,0.9675698436993476,1.9924647845127008
within_season,127,core,continuum,948,224,557,ok,16,16,0.0,0.0,0.08267008796695091,0.9583110442265331,1.9830213166328963
within_season,127,red,continuum,948,224,557,ok,16,16,0.0,0.0,0.07244861716303358,0.9632845401660609,1.9732455344618463
within_season,128,blue,continuum,946,224,557,ok,16,16,0.0,0.0,0.07001569657880041,0.9648700088170116,1.9930462326078042
within_season,128,core,continuum,946,224,557,ok,16,16,0.0,0.0,0.07615259331782602,0.9615947730924624,1.9828705478336852
within_season,128,red,continuum,946,224,557,ok,16,16,0.0,0.0,0.07195274436172594,0.9635260609100953,1.9727165794834922
within_season,129,blue,continuum,944,224,557,ok,16,16,0.0,0.0,0.0748234402919257,0.9624673860599924,1.993557933681996
within_season,129,core,continuum,944,224,557,ok,16,16,0.0,0.0,0.07671821709290652,0.9613061640779079,1.9826986718859965
within_season,129,red,continuum,944,224,557,ok,16,16,0.0,0.0,0.06930467964315959,0.9648587822419611,1.9721763804643775
within_season,130,blue,continuum,942,224,557,ok,16,16,0.0,0.0,0.0774202753842661,0.9611733689652366,1.9939993072009796
within_season,130,core,continuum,942,224,557,ok,16,16,0.0,0.0,0.0825487497342088,0.9583613982968447,1.9825053281737257
within_season,130,red,continuum,942,224,557,ok,16,16,0.0,0.0,0.06316116076277546,0.9679649186520162,1.9716247970992158
within_season,131,blue,continuum,940,224,557,ok,16,16,0.0,0.0,0.08314607734926496,0.9583095977503022,1.9943697556880162
within_season,131,core,continuum,940,224,557,ok,16,16,0.0,0.0,0.0901493787314833,0.9545226117438054,1.982290148757691
within_season,131,red,continuum,940,224,557,ok,16,16,0.0,0.0,0.059564396229239605,0.9697835691281889,1.9712585011093167
within_season,132,blue,continuum,937,224,557,ok,16,16,0.0,0.0,0.08741716582849411,0.9561711532135674,1.9945121133224615
within_season,132,core,continuum,937,224,557,ok,16,16,0.0,0.0,0.09665989563567243,0.9512406088005712,1.982385203300172
within_season,132,red,continuum,937,224,557,ok,16,16,0.0,0.0,0.063826843236094,0.9676129035551865,1.970749163786655
within_season,133,blue,continuum,934,224,557,ok,16,16,0.0,0.0,0.0900607693312558,0.9548428851067754,1.9943871424072868
within_season,133,core,continuum,934,224,557,ok,16,16,0.0,0.0,0.09947449407749355,0.9498227546694061,1.9824622380543948
within_season,133,red,continuum,934,224,557,ok,16,16,0.0,0.0,0.07153106192996019,0.9636901601892368,1.970018658929926
within_season,134,blue,continuum,931,224,557,ok,16,16,0.0,0.0,0.09121341238972631,0.9542599474541946,1.9941693835699617
within_season,134,core,continuum,931,224,557,ok,16,16,0.0,0.0,0.10507503520001016,0.947006526294122,1.9827919902588924
within_season,134,red,continuum,931,224,557,ok,16,16,0.0,0.0,0.07578926543629545,0.9615092055643772,1.9690231533946594
within_season,135,blue,continuum,928,224,557,ok,16,16,0.0,0.0,0.09349594141985387,0.9531119201179769,1.994023676275559
within_season,135,core,continuum,928,224,557,ok,16,16,0.0,0.0,0.10591086327539354,0.9465930091158131,1.9830898824661625
within_season,135,red,continuum,928,224,557,ok,16,16,0.0,0.0,0.07500966928157937,0.9618759479658392,1.9675156568973187
within_season,136,blue,continuum,925,224,557,ok,16,16,0.0,0.0,0.09257070027596201,0.9535757669071924,1.9940167905606996
within_season,136,core,continuum,925,224,557,ok,16,16,0.0,0.0,0.10619799400931054,0.9464519328984891,1.98322740217665
within_season,136,red,continuum,925,224,557,ok,16,16,0.0,0.0,0.07754612016462056,0.9605554957169649,1.9659549935825342
within_season,137,blue,continuum,922,224,557,ok,16,16,0.0,0.0,0.09094195971295008,0.9543881184550338,1.993821711198113
within_season,137,core,continuum,922,224,557,ok,16,16,0.0,0.0,0.10523928395284951,0.9469449862554676,1.9835879123430642
within_season,137,red,continuum,922,224,557,ok,16,16,0.0,0.0,0.07972679364203439,0.9594129385491215,1.9643401318552105
within_season,138,blue,continuum,919,224,557,ok,16,16,0.0,0.0,0.09163608414508748,0.9540346337057342,1.9935897727528624
within_season,138,core,continuum,919,224,557,ok,16,16,0.0,0.0,0.10763806967517908,0.9457446852933213,1.9839175250775773
within_season,138,red,continuum,919,224,557,ok,16,16,0.0,0.0,0.08399053385270164,0.9572059830111772,1.962670012367355
within_season,139,blue,continuum,916,224,557,ok,16,16,0.0,0.0,0.08800403597043285,0.9558505299884363,1.9933203263228902
within_season,139,core,continuum,916,224,557,ok,16,16,0.0,0.0,0.10507386151563408,0.9470451422369548,1.9842157255110302
within_season,139,red,continuum,916,224,557,ok,16,16,0.0,0.0,0.08526959527394251,0.9565160376979845,1.9609435469957215
within_season,140,blue,continuum,913,224,557,ok,16,16,0.0,0.0,0.08235808190847227,0.9586764472213614,1.9930058373646349
within_season,140,core,continuum,913,224,557,ok,16,16,0.0,0.0,0.10467979863202684,0.9472669731168314,1.9850898918423088
within_season,140,red,continuum,913,224,557,ok,16,16,0.0,0.0,0.08074592246467444,0.958785429358403,1.9591596177682684
within_season,141,blue,continuum,910,224,557,ok,16,16,0.0,0.0,0.07964719035159602,0.9600298389775931,1.992666236869712
within_season,141,core,continuum,910,224,557,ok,16,16,0.0,0.0,0.10257692148301924,0.9483469407541082,1.98588279146656
within_season,141,red,continuum,910,224,557,ok,16,16,0.0,0.0,0.08204445061550547,0.9580658585257996,1.9565072213528598
within_season,142,blue,continuum,907,224,557,ok,16,16,0.0,0.0,0.07711215356634774,0.961294927366829,1.9923009652295838
within_season,142,core,continuum,907,224,557,ok,16,16,0.0,0.0,0.10091998680658633,0.9491994572431326,1.9865926883811422
within_season,142,red,continuum,907,224,557,ok,16,16,0.0,0.0,0.07759367097922917,0.9602911453777648,1.9540646970910154
within_season,143,blue,continuum,904,224,557,ok,16,16,0.0,0.0,0.06721980666779256,0.966248261166958,1.9915953663989043
within_season,143,core,continuum,904,224,557,ok,16,16,0.0,0.0,0.1019202665417763,0.9487098997181819,1.9871333060720515
within_season,143,red,continuum,904,224,557,ok,16,16,0.0,0.0,0.08134319432083935,0.9583439879814163,1.9527360008574561
within_season,144,blue,continuum,901,224,557,ok,16,16,0.0,0.0,0.061302645413008415,0.9692067726299299,1.9907833848098813
within_season,144,core,continuum,901,224,557,ok,16,16,0.0,0.0,0.10416469814317236,0.9475808724713115,1.9871505508397498
within_season,144,red,continuum,901,224,557,ok,16,16,0.0,0.0,0.07451951300729229,0.9618292502438585,1.952267468765198
within_season,145,blue,continuum,898,224,557,ok,16,16,0.0,0.0,0.05939844016393526,0.9701501063844432,1.9899045848853119
within_season,145,core,continuum,898,224,557,ok,16,16,0.0,0.0,0.10832677594838029,0.9454862890436448,1.987147344181155
within_season,145,red,continuum,898,224,557,ok,16,16,0.0,0.0,0.06866083205949877,0.9648376889095723,1.9526825720562646
within_season,146,blue,continuum,895,224,557,ok,16,16,0.0,0.0,0.05611743096943552,0.9717853005868442,1.9889430735267517
within_season,146,core,continuum,895,224,557,ok,16,16,0.0,0.0,0.1096788341367528,0.9448062864238803,1.9871617079269468
within_season,146,red,continuum,895,224,557,ok,16,16,0.0,0.0,0.06435426053143636,0.9670386671775429,1.9524168175502565
within_season,147,blue,continuum,892,224,557,ok,16,16,0.0,0.0,0.05318546522411061,0.9732453581135342,1.9878967339501223
within_season,147,core,continuum,892,224,557,ok,16,16,0.0,0.0,0.12085537777001629,0.9391821885587148,1.987170779512391
within_season,147,red,continuum,892,224,557,ok,16,16,0.0,0.0,0.05702007730238791,0.9707953298548361,1.9524301085739169
within_season,148,blue,continuum,889,224,557,ok,16,16,0.0,0.0,0.054198135376030084,0.9727210567759401,1.9868121331117992
within_season,148,core,continuum,889,224,557,ok,16,16,0.0,0.0,0.1300275102705377,0.9345632124015668,1.9870705002892126
within_season,148,red,continuum,889,224,557,ok,16,16,0.0,0.0,0.049157089742715945,0.974827219807034,1.952787469873979
within_season,149,blue,continuum,886,224,557,ok,16,16,0.0,0.0,0.05595013124034613,0.971822597586325,1.9856383643508813
within_season,149,core,continuum,886,224,557,ok,16,16,0.0,0.0,0.1369910477503951,0.9310607067718009,1.9871257933691724
within_season,149,red,continuum,886,224,557,ok,16,16,0.0,0.0,0.03943555536612005,0.9798130560794691,1.9535178539834597
within_season,150,blue,continuum,883,224,557,ok,16,16,0.0,0.0,0.05557364825511208,0.9719946504989438,1.9843940263275894
within_season,150,core,continuum,883,224,557,ok,16,16,0.0,0.0,0.14285399885557812,0.9281069246168547,1.9870341906262246
within_season,150,red,continuum,883,224,557,ok,16,16,0.0,0.0,0.0347597899213002,0.9822131401610412,1.9542398285033669
within_season,151,blue,continuum,880,224,557,ok,16,16,0.0,0.0,0.05975506081962957,0.9698667562490699,1.983027825133668
within_season,151,core,continuum,880,224,557,ok,16,16,0.0,0.0,0.14904659586839059,0.9249812782058873,1.9867919941030954
within_season,151,red,continuum,880,224,557,ok,16,16,0.0,0.0,0.030367112794275734,0.9844665779038323,1.9549531717011408
within_season,152,blue,continuum,877,224,557,ok,16,16,0.0,0.0,0.058499909418961875,0.97047792750401,1.9815651298501424
within_season,152,core,continuum,877,224,557,ok,16,16,0.0,0.0,0.15370134564914373,0.9226229834745404,1.9863953477525325
within_season,152,red,continuum,877,224,557,ok,16,16,0.0,0.0,0.0298009572899978,0.984758711763223,1.955278112127597
within_season,153,blue,continuum,874,224,557,ok,16,16,0.0,0.0,0.05898941446575516,0.9702161097878959,1.9805812486436678
within_season,153,core,continuum,874,224,557,ok,16,16,0.0,0.0,0.16358601950124319,0.9176184870767542,1.9857127369541625
within_season,153,red,continuum,874,224,557,ok,16,16,0.0,0.0,0.029120362330283374,0.9851091432410565,1.9555867604994233
within_season,154,blue,continuum,871,224,557,ok,16,16,0.0,0.0,0.06341798123053463,0.9679742455666682,1.9802181822930103
within_season,154,core,continuum,871,224,557,ok,16,16,0.0,0.0,0.16117908615309912,0.9188000128150245,1.9849644284540275
within_season,154,red,continuum,871,224,557,ok,16,16,0.0,0.0,0.030037326539030573,0.9846425413408834,1.955878717029762
within_season,155,blue,continuum,869,224,557,ok,16,16,0.0,0.0,0.0677391238102247,0.9657824034072364,1.9796575608863853
within_season,155,core,continuum,869,224,557,ok,16,16,0.0,0.0,0.16262340163951478,0.9180130838271134,1.9835287047092907
within_season,155,red,continuum,869,224,557,ok,16,16,0.0,0.0,0.028439967825193604,0.9854616343440843,1.9562011644425312
within_season,156,blue,continuum,866,224,557,ok,16,16,0.0,0.0,0.07653210471662437,0.9613200343715987,1.978598053883216
within_season,156,core,continuum,866,224,557,ok,16,16,0.0,0.0,0.16477125153730654,0.916891710995627,1.9826091177095078
within_season,156,red,continuum,866,224,557,ok,16,16,0.0,0.0,0.026917954425600257,0.986241556434729,1.9564679898492594
within_season,157,blue,continuum,863,224,557,ok,16,16,0.0,0.0,0.07631815268875096,0.9614061502209775,1.9774692891672425
within_season,157,core,continuum,863,224,557,ok,16,16,0.0,0.0,0.16225925459077045,0.9181314159228608,1.9819477326966446
within_season,157,red,continuum,863,224,557,ok,16,16,0.0,0.0,0.026323976362699102,0.9865468663122914,1.9567170723018852
within_season,158,blue,continuum,860,224,557,ok,16,16,0.0,0.0,0.07884886478334582,0.9600991731261074,1.9761210721910425
within_season,158,core,continuum,860,224,557,ok,16,16,0.0,0.0,0.15757756555641061,0.9204657430084051,1.981254009490065
within_season,158,red,continuum,860,224,557,ok,16,16,0.0,0.0,0.025208602646282417,0.987118409393824,1.9569479745922354
within_season,159,blue,continuum,857,224,557,ok,16,16,0.0,0.0,0.07308769810689025,0.9629871133854548,1.974655445494721
within_season,159,core,continuum,857,224,557,ok,16,16,0.0,0.0,0.15400277117284444,0.922241527157416,1.98052720871475
within_season,159,red,continuum,857,224,557,ok,16,16,0.0,0.0,0.026757853267020328,0.9863282256564337,1.9571602481584365
within_season,160,blue,continuum,854,224,557,ok,16,16,0.0,0.0,0.0682767057645699,0.9653956964608312,1.9730697855914738
within_season,160,core,continuum,854,224,557,ok,16,16,0.0,0.0,0.1478057597235245,0.9253418246916915,1.9797665709501406
within_season,160,red,continuum,854,224,557,ok,16,16,0.0,0.0,0.028415759204731626,0.9854859602018495,1.9578118566515619
within_season,161,blue,continuum,851,224,557,ok,16,16,0.0,0.0,0.06975737792137787,0.9646146169608195,1.9713613907793213
within_season,161,core,continuum,851,224,557,ok,16,16,0.0,0.0,0.14436215621406656,0.9270519208418124,1.9789713160372293
within_season,161,red,continuum,851,224,557,ok,16,16,0.0,0.0,0.030467581860693108,0.9844465412899647,1.9588943159655519
within_season,162,blue,continuum,848,224,557,ok,16,16,0.0,0.0,0.07237297567716666,0.963253634953791,1.9695274780554954
within_season,162,core,continuum,848,224,557,ok,16,16,0.0,0.0,0.14119008732774724,0.9286444630220748,1.9786843923748527
within_season,162,red,continuum,848,224,557,ok,16,16,0.0,0.0,0.032496782480734884,0.9834097550092361,1.9587885832202225
within_season,163,blue,continuum,845,224,557,ok,16,16,0.0,0.0,0.07913764043273305,0.9598014452674193,1.9686687981494118
within_season,163,core,continuum,845,224,557,ok,16,16,0.0,0.0,0.13864322014472985,0.9299048281681241,1.97792824414879
within_season,163,red,continuum,845,224,557,ok,16,16,0.0,0.0,0.03373289878658491,0.9827738958242168,1.9582430503356294
within_season,164,blue,continuum,842,224,557,ok,16,16,0.0,0.0,0.07737959158266916,0.9606888115159228,1.9683859625361175
within_season,164,core,continuum,842,224,557,ok,16,16,0.0,0.0,0.13908170109370704,0.9296537775588418,1.9771026256604376
within_season,164,red,continuum,842,224,557,ok,16,16,0.0,0.0,0.03443260092126653,0.982411567330826,1.957684437773368
within_season,165,blue,continuum,839,224,557,ok,16,16,0.0,0.0,0.07815059567686955,0.9602873356760231,1.96790109672106
within_season,165,core,continuum,839,224,557,ok,16,16,0.0,0.0,0.136391827963952,0.9309829936745369,1.9762060863777517
within_season,165,red,continuum,839,224,557,ok,16,16,0.0,0.0,0.0390764769090177,0.980031142214751,1.9568709101570838
within_season,166,blue,continuum,836,224,557,ok,16,16,0.0,0.0,0.07513580024968583,0.9618273469369318,1.9683148594766993
within_season,166,core,continuum,836,224,557,ok,16,16,0.0,0.0,0.13354633699349236,0.9324024942745448,1.9756104246787733
within_season,166,red,continuum,836,224,557,ok,16,16,0.0,0.0,0.04532600707320418,0.9768160173387069,1.9550569777158464
within_season,167,blue,continuum,833,224,557,ok,16,16,0.0,0.0,0.07241357579534347,0.9632236084542023,1.9690234074533015
within_season,167,core,continuum,833,224,557,ok,16,16,0.0,0.0,0.13083098987556657,0.9337725398986431,1.9754795016347901
within_season,167,red,continuum,833,224,557,ok,16,16,0.0,0.0,0.056278115861212286,0.9711865170165018,1.953186842890305
within_season,168,blue,continuum,831,224,557,ok,16,16,0.0,0.0,0.07510279770819675,0.9618448742095146,1.968354084863868
within_season,168,core,continuum,831,224,557,ok,16,16,0.0,0.0,0.1319339446148906,0.9332087854163261,1.9753188415163194
within_season,168,red,continuum,831,224,557,ok,16,16,0.0,0.0,0.05811941371323452,0.9702056162517869,1.950683531647813
within_season,169,blue,continuum,829,224,557,ok,16,16,0.0,0.0,0.08112802536191595,0.958788677628666,1.968585832575651
within_season,169,core,continuum,829,224,557,ok,16,16,0.0,0.0,0.1291587410652158,0.9346075114713521,1.975131149942896
within_season,169,red,continuum,829,224,557,ok,16,16,0.0,0.0,0.054703169419611564,0.9719194326387554,1.9480792077979892
within_season,170,blue,continuum,827,224,557,ok,16,16,0.0,0.0,0.08662209840226372,0.95598198177462,1.9678781983946545
within_season,170,core,continuum,827,224,557,ok,16,16,0.0,0.0,0.1274898215530195,0.935445442808257,1.9749159021313276
within_season,170,red,continuum,827,224,557,ok,16,16,0.0,0.0,0.053185273863881416,0.9726606205237196,1.9453723852812714
within_season,171,blue,continuum,825,224,557,ok,16,16,0.0,0.0,0.09398164612552319,0.9522474208795372,1.968095710358194
within_season,171,core,continuum,825,224,557,ok,16,16,0.0,0.0,0.12422723687816131,0.9370897032152405,1.9746725612055367
within_season,171,red,continuum,825,224,557,ok,16,16,0.0,0.0,0.054088721111176664,0.9721559805164559,1.942561530785572
within_season,172,blue,continuum,823,224,557,ok,16,16,0.0,0.0,0.10401781018394324,0.9472034496361249,1.9701630024509194
within_season,172,core,continuum,823,224,557,ok,16,16,0.0,0.0,0.11619285191398288,0.9411503150786086,1.9744005778312614
within_season,172,red,continuum,823,224,557,ok,16,16,0.0,0.0,0.05134742175464029,0.9735274134597572,1.939645061754113
within_season,173,blue,continuum,821,224,557,ok,16,16,0.0,0.0,0.10104158435844307,0.9487881873983692,1.9730132409963876
within_season,173,core,continuum,821,224,557,ok,16,16,0.0,0.0,0.1068503553986406,0.9458738724358251,1.9740993898363208
within_season,173,red,continuum,821,224,557,ok,16,16,0.0,0.0,0.0491552924360876,0.9746333053698587,1.9377886300440657
within_season,174,blue,continuum,819,224,557,ok,16,16,0.0,0.0,0.09685927206131557,0.9509744797884925,1.9756908574032868
within_season,174,core,continuum,819,224,557,ok,16,16,0.0,0.0,0.09951656504989344,0.9495804249627493,1.973768421815718
within_season,174,red,continuum,819,224,557,ok,16,16,0.0,0.0,0.04805534748894318,0.9751688641249951,1.9352859140574339
within_season,175,blue,continuum,817,224,557,ok,16,16,0.0,0.0,0.09810206346292402,0.9504083177319588,1.9781959186761588
within_season,175,core,continuum,817,224,557,ok,16,16,0.0,0.0,0.09012773342719163,0.954319773355299,1.9730141474165983
within_season,175,red,continuum,817,224,557,ok,16,16,0.0,0.0,0.04515481228460083,0.9766364517062387,1.9327035310239415
within_season,176,blue,continuum,815,224,557,ok,16,16,0.0,0.0,0.09880684588181542,0.9501108658227428,1.9805283757932663
within_season,176,core,continuum,815,224,557,ok,16,16,0.0,0.0,0.08358531977873127,0.9576124015854185,1.9719286514231387
within_season,176,red,continuum,815,224,557,ok,16,16,0.0,0.0,0.04136903697849152,0.9785657077809091,1.9300397958391824
within_season,177,blue,continuum,813,224,557,ok,16,16,0.0,0.0,0.095230899232065,0.9519760730379808,1.9829885904037066
within_season,177,core,continuum,813,224,557,ok,16,16,0.0,0.0,0.08064413949660167,0.959080158322656,1.9707832726354813
within_season,177,red,continuum,813,224,557,ok,16,16,0.0,0.0,0.03301346221437952,0.9828832607289235,1.9287237885410253
within_season,178,blue,continuum,811,224,557,ok,16,16,0.0,0.0,0.09207373549765079,0.9536214053441485,1.985263593709044
within_season,178,core,continuum,811,224,557,ok,16,16,0.0,0.0,0.07635833702218939,0.9612310984153218,1.9695770037592926
within_season,178,red,continuum,811,224,557,ok,16,16,0.0,0.0,0.02767634666637669,0.9856430404690568,1.9277303531243184
within_season,179,blue,continuum,809,224,557,ok,16,16,0.0,0.0,0.08368681038826703,0.9578793471277537,1.9868355469724697
within_season,179,core,continuum,809,224,557,ok,16,16,0.0,0.0,0.07206524754596352,0.9633998470065284,1.9689876039266219
within_season,179,red,continuum,809,224,557,ok,16,16,0.0,0.0,0.030378866823850773,0.9842271468684399,1.9260222973271348
within_season,180,blue,continuum,807,224,557,ok,16,16,0.0,0.0,0.07577539413412263,0.9618874996932467,1.988203175447286
within_season,180,core,continuum,807,224,557,ok,16,16,0.0,0.0,0.07344255522549528,0.9627111094769216,1.9695559239028886
within_season,180,red,continuum,807,224,557,ok,16,16,0.0,0.0,0.034926152491279956,0.9818531138221555,1.9246361138210646
within_season,181,blue,continuum,805,224,557,ok,16,16,0.0,0.0,0.06915901152964571,0.965237886443906,1.9894938614145812
within_season,181,core,continuum,805,224,557,ok,16,16,0.0,0.0,0.0727790545626574,0.9630579572691009,1.970087444617229
within_season,181,red,continuum,805,224,557,ok,16,16,0.0,0.0,0.04199959794716286,0.978161899997308,1.9232258274293808
within_season,182,blue,continuum,803,224,557,ok,16,16,0.0,0.0,0.06764851212964478,0.9660178498989436,1.9907072368426098
within_season,182,core,continuum,803,224,557,ok,16,16,0.0,0.0,0.07366912590618196,0.9626262177700365,1.971144516572897
within_season,182,red,continuum,803,224,557,ok,16,16,0.0,0.0,0.04003270164715228,0.9791690666868673,1.9217910712581496
within_season,183,blue,continuum,801,224,557,ok,16,16,0.0,0.0,0.06112847285133663,0.9693105954789729,1.9918429114339449
within_season,183,core,continuum,801,224,557,ok,16,16,0.0,0.0,0.0748126236062078,0.9620658319778763,1.9721698802666792
within_season,183,red,continuum,801,224,557,ok,16,16,0.0,0.0,0.046130437903024325,0.9759861147393962,1.920990185570012
within_season,184,blue,continuum,799,224,557,ok,16,16,0.0,0.0,0.054488040231124434,0.9726535580810891,1.9925093141073087
within_season,184,core,continuum,799,224,557,ok,16,16,0.0,0.0,0.07526060409811847,0.9618472960351353,1.972615208804779
within_season,184,red,continuum,799,224,557,ok,16,16,0.0,0.0,0.044879207406664866,0.9766491957421969,1.921955531431759
within_season,185,blue,continuum,797,224,557,ok,16,16,0.0,0.0,0.052665351386012305,0.9735785733588206,1.9932818958356404
within_season,185,core,continuum,797,224,557,ok,16,16,0.0,0.0,0.07810533062424958,0.9604133512412033,1.9730220433699506
within_season,185,red,continuum,797,224,557,ok,16,16,0.0,0.0,0.041311216677838984,0.9785198461846788,1.9232272279341311
within_season,186,blue,continuum,795,224,557,ok,16,16,0.0,0.0,0.053473033710425166,0.973182639379968,1.99397078885093
within_season,186,core,continuum,795,224,557,ok,16,16,0.0,0.0,0.08147582768530685,0.9587127565900596,1.973389864669209
within_season,186,red,continuum,795,224,557,ok,16,16,0.0,0.0,0.0421999540294368,0.9780716403798337,1.9244464593068757
within_season,187,blue,continuum,793,224,557,ok,16,16,0.0,0.0,0.060204002892380426,0.9698091818163429,1.9941163080161295
within_season,187,core,continuum,793,224,557,ok,16,16,0.0,0.0,0.09035165656119329,0.9542226143716603,1.9737181431623463
within_season,187,red,continuum,793,224,557,ok,16,16,0.0,0.0,0.037230813930298465,0.9806654664704757,1.9256122147165422
within_season,188,blue,continuum,791,224,557,ok,16,16,0.0,0.0,0.05364692518363859,0.9730998434474816,1.9942978799733457
within_season,188,core,continuum,791,224,557,ok,16,16,0.0,0.0,0.09991266846524834,0.9493977261716866,1.9744699379367474
within_season,188,red,continuum,791,224,557,ok,16,16,0.0,0.0,0.03373733443586761,0.9824845833264928,1.9261508341332696
within_season,189,blue,continuum,789,224,557,ok,16,16,0.0,0.0,0.054208932990507254,0.9728187539110936,1.9943505464464988
within_season,189,core,continuum,789,224,557,ok,16,16,0.0,0.0,0.09686210883077812,0.9509618007431304,1.9752378818683702
within_season,189,red,continuum,789,224,557,ok,16,16,0.0,0.0,0.033003298928445196,0.9828720090580307,1.926863403901981
within_season,190,blue,continuum,788,224,557,ok,16,16,0.0,0.0,0.05340906598316235,0.9732211386187354,1.9944487266560578
within_season,190,core,continuum,788,224,557,ok,16,16,0.0,0.0,0.09666033589979911,0.9510623314490934,1.975172474742022
within_season,190,red,continuum,788,224,557,ok,16,16,0.0,0.0,0.03332989009663902,0.9827094574693783,1.9276370326501662
within_season,191,blue,continuum,787,224,557,ok,16,16,0.0,0.0,0.05163467260651969,0.9741090420746557,1.994312947222979
within_season,191,core,continuum,787,224,557,ok,16,16,0.0,0.0,0.09875827562675336,0.949998334690067,1.9750997294711032
within_season,191,red,continuum,787,224,557,ok,16,16,0.0,0.0,0.03476596989586826,0.981969597506943,1.9281860129997521
within_season,192,blue,continuum,786,224,557,ok,16,16,0.0,0.0,0.04873465956049748,0.9755629840675829,1.9942966725265443
within_season,192,core,continuum,786,224,557,ok,16,16,0.0,0.0,0.0986063990799177,0.9500601341070887,1.974502680711328
within_season,192,red,continuum,786,224,557,ok,16,16,0.0,0.0,0.03738383702149999,0.9806171034997822,1.9287022979810997
within_season,193,blue,continuum,785,224,557,ok,16,16,0.0,0.0,0.04833435350880452,0.97576183011178,1.9941420384339976
within_season,193,core,continuum,785,224,557,ok,16,16,0.0,0.0,0.09859463002003653,0.9500641047170187,1.9744239982343688
within_season,193,red,continuum,785,224,557,ok,16,16,0.0,0.0,0.04361921714997337,0.9773885995148609,1.9290807386584152
within_season,194,blue,continuum,784,224,557,ok,16,16,0.0,0.0,0.04806029430219326,0.9758957040967405,1.993847673256219
within_season,194,core,continuum,784,224,557,ok,16,16,0.0,0.0,0.09305044945725104,0.9528700467110137,1.9743378247522245
within_season,194,red,continuum,784,224,557,ok,16,16,0.0,0.0012755102040816326,0.0470921674992321,0.9755915981241221,1.9293425165115763
within_season,195,blue,continuum,783,224,557,ok,16,16,0.0,0.0,0.05009580300428017,0.9748729946855044,1.993703681647261
within_season,195,core,continuum,783,224,557,ok,16,16,0.0,0.0,0.08948807931222749,0.9546865025376341,1.974865863897393
within_season,195,red,continuum,783,224,557,ok,16,15,0.0625,0.0,0.056713204958311614,0.9706106583488161,1.9297201560834216
within_season,196,blue,continuum,782,224,557,ok,16,16,0.0,0.0,0.0500611990749613,0.9748896330053839,1.9936466514286673
within_season,196,core,continuum,782,224,557,ok,16,16,0.0,0.0,0.08851598132141754,0.9551764543743129,1.9747652731579417
within_season,196,red,continuum,782,224,557,ok,16,15,0.0625,0.0,0.05682742153267066,0.9705743305497545,1.9312193263353767
within_season,197,blue,continuum,781,224,557,ok,16,16,0.0,0.0,0.04622933635634777,0.9768095692339457,1.993466047384394
within_season,197,core,continuum,781,224,557,ok,16,16,0.0,0.0,0.08750562983484,0.9556856550008852,1.9746569612297753
within_season,197,red,continuum,781,224,557,ok,16,15,0.0625,0.0,0.06003411871671006,0.9689375309756446,1.9326898537794506
within_season,198,blue,continuum,780,224,557,ok,16,16,0.0,0.0,0.04257435143257002,0.9786397764278714,1.9931603847125485
within_season,198,core,continuum,780,224,557,ok,16,16,0.0,0.0,0.08457732956137858,0.9571791384509583,1.9751431078637691
within_season,198,red,continuum,780,224,557,ok,16,16,0.0,0.001282051282051282,0.062011103605635776,0.9679385312930809,1.934131719681746
within_season,199,blue,continuum,779,224,557,ok,16,16,0.0,0.0,0.0494148352924061,0.9752000819839206,1.9925402680915023
within_season,199,core,continuum,779,224,557,ok,16,16,0.0,0.0,0.08569922984218226,0.9566084218348475,1.9750198878686265
within_season,199,red,continuum,779,224,557,ok,16,16,0.0,0.0,0.06290992866558491,0.9674886334219455,1.935013359544524
within_season,200,blue,continuum,778,224,557,ok,16,16,0.0,0.0,0.05127268337787641,0.9742585095301629,1.9918304046129656
within_season,200,core,continuum,778,224,557,ok,16,16,0.0,0.0,0.08866774068322206,0.9551059171855687,1.9750429260294302
within_season,200,red,continuum,778,224,557,ok,16,16,0.0,0.0,0.05532594780518465,0.9714054260434785,1.9348407809575545
native,0,blue,continuum,223,224,557,ok,16,16,0.0,0.0,0.05266505920970607,0.9736668957036453,1.9999563521645478
native,0,core,continuum,223,224,557,ok,16,16,0.0,0.0,0.04978786746367952,0.9751055229731418,1.9999563521645478
native,0,red,continuum,223,224,557,ok,16,16,0.0,0.0,0.03826614868379178,0.9808665080903508,1.9999563521645478
native,1,blue,continuum,205,224,557,ok,16,16,0.0,0.0,0.0496601578347224,0.975157178871604,1.9989741735876967
native,1,core,continuum,205,224,557,ok,16,16,0.0,0.0,0.07600276423535786,0.9619688145737963,1.998432691056526
native,1,red,continuum,205,224,557,ok,16,16,0.0,0.0,0.039059599731096295,0.9804643058896853,1.9993965666401883
native,2,blue,continuum,83,224,557,ok,16,16,0.0,0.012048192771084338,0.15030682301336956,0.9237612347277617,1.9715275093535989
native,2,core,continuum,83,224,557,ok,16,16,0.0,0.012048192771084338,0.12318877913339524,0.9377545932963635,1.9790822432878123
native,2,red,continuum,83,224,557,ok,16,16,0.0,0.012048192771084338,0.06807225363357995,0.9658729238451018,1.9946699601398397
native,3,blue,continuum,75,224,557,ok,16,16,0.0,0.013333333333333334,0.130318484504194,0.9344044056854371,1.986695689946087
native,3,core,continuum,75,224,557,ok,16,16,0.0,0.02666666666666667,0.12065548769674736,0.9389714251486653,1.9770326931386404
native,3,red,continuum,75,224,557,ok,16,16,0.0,0.02666666666666667,0.08807814961531141,0.9559300518673989,1.9985988944278992
native,4,blue,continuum,75,224,557,ok,16,16,0.0,0.013333333333333334,0.11928069148223477,0.9399944565890831,1.9878278689254214
native,4,core,continuum,75,224,557,ok,16,15,0.0625,0.013333333333333334,0.14128285991002956,0.9282473210093519,1.9690255736436506
native,4,red,continuum,75,224,557,ok,16,15,0.0625,0.02666666666666667,0.176775333984047,0.9114154359949175,1.9955545976825544
native,5,blue,continuum,79,224,557,ok,16,16,0.0,0.012658227848101266,0.08958769591419065,0.9545848532360746,1.9726391368914973
native,5,core,continuum,79,224,557,ok,16,16,0.0,0.0,0.07294031077803367,0.9629921894038889,1.9709436900787205
native,5,red,continuum,79,224,557,ok,16,15,0.0625,0.0,0.13797186206811457,0.9309056496832947,1.9968617033910563
native,6,blue,continuum,97,224,557,ok,16,16,0.0,0.0,0.08973245446669542,0.9551013689146413,1.9985565772840845
native,6,core,continuum,97,224,557,ok,16,16,0.0,0.010309278350515464,0.09929737926717733,0.9498589532777115,1.980361116455078
native,6,red,continuum,97,224,557,ok,16,16,0.0,0.0,0.039439031328851536,0.9800891632953362,1.9807822199462708
native,7,blue,continuum,103,224,557,ok,16,16,0.0,0.0,0.08399011864051348,0.9578433494810137,1.9923337743041603
native,7,core,continuum,103,224,557,ok,16,15,0.0625,0.0,0.08552383195612241,0.9558527812049116,1.93724167207646
native,7,red,continuum,103,224,557,ok,16,16,0.0,0.009708737864077669,0.058154592664277346,0.9707050880102637,1.985143108968961
native,8,blue,continuum,100,224,557,ok,16,16,0.0,0.0,0.1324822553187699,0.9336468619758918,1.996623811079363
native,8,core,continuum,100,224,557,ok,16,16,0.0,0.01,0.08892830108787499,0.9537531254505502,1.9229040222553402
native,8,red,continuum,100,224,557,ok,16,16,0.0,0.0,0.01946987378020341,0.9901909956378556,1.984898065224935
native,9,blue,continuum,84,224,557,ok,16,16,0.0,0.0,0.06166309357258522,0.9690206276481308,1.9904565164266375
native,9,core,continuum,84,224,557,ok,16,16,0.0,0.0,0.05386813022655164,0.97260653673413,1.9664592864264376
native,9,red,continuum,84,224,557,ok,16,16,0.0,0.0,0.07464844590399672,0.962325471564047,1.9814035902506322
native,10,blue,continuum,66,224,557,ok,16,16,0.0,0.06060606060606061,0.04305298349507081,0.9782930824171845,1.9833761901392237
native,10,core,continuum,66,224,557,ok,16,15,0.0625,0.030303030303030304,0.11465804500386856,0.9420112070936031,1.9772448995264433
native,10,red,continuum,66,224,557,ok,16,14,0.125,0.030303030303030304,0.18918025769302102,0.9037014504974475,1.9645182473699319
native,11,blue,continuum,66,224,557,ok,16,16,0.0,0.030303030303030304,0.024549626546228286,0.9876219297408911,1.9833161415578895
native,11,core,continuum,66,224,557,ok,16,15,0.0625,0.015151515151515152,0.20776853362940037,0.8959431996130122,1.9966838578229207
native,11,red,continuum,66,224,557,ok,16,15,0.0625,0.015151515151515152,0.158060614913486,0.9201137168678191,1.9785701464162087
native,12,blue,continuum,84,224,557,ok,16,16,0.0,0.0,0.08318947860242693,0.9575148040552407,1.9580815564695233
native,12,core,continuum,84,224,557,ok,16,16,0.0,0.011904761904761904,0.10576261158120911,0.9469008790749405,1.991795904314032
native,12,red,continuum,84,224,557,ok,16,15,0.0625,0.011904761904761904,0.18655627689253965,0.9058465959152247,1.9814076687505122
native,13,blue,continuum,102,224,557,ok,16,16,0.0,0.0,0.07437388628127697,0.9626832903790099,1.993045127415058
native,13,core,continuum,102,224,557,ok,16,16,0.0,0.0,0.12915562485530369,0.9351113067059998,1.9904180266062774
native,13,red,continuum,102,224,557,ok,16,15,0.0625,0.00980392156862745,0.19068380420726566,0.9042588884150244,1.9916606466180746
native,14,blue,continuum,108,224,557,ok,16,16,0.0,0.0,0.09710746214949145,0.9511151980500009,1.9864550591575671
native,14,core,continuum,108,224,557,ok,16,16,0.0,0.0,0.10028628515093392,0.9497322730193308,1.9950431653593519
native,14,red,continuum,108,224,557,ok,16,16,0.0,0.009259259259259259,0.0947441028870931,0.9522659550965171,1.9848329023585467
native,15,blue,continuum,93,224,557,ok,16,16,0.0,0.0,0.08858881748081218,0.9552575494554765,1.9799724065774371
native,15,core,continuum,93,224,557,ok,16,16,0.0,0.0,0.08290502774061656,0.9579463988365703,1.9714132784592944
native,15,red,continuum,93,224,557,ok,16,16,0.0,0.0,0.09542856943038318,0.9517741801345451,1.978785839133871
native,16,blue,continuum,86,224,557,ok,16,16,0.0,0.011627906976744186,0.10470772719472529,0.9473348547709248,1.988178837052152
native,16,core,continuum,86,224,557,ok,16,16,0.0,0.0,0.09304425143402172,0.9528101409053009,1.9717001325921224
native,16,red,continuum,86,224,557,ok,16,16,0.0,0.0,0.05372785457814498,0.9724849086584678,1.9526685887117663
native,17,blue,continuum,71,224,557,ok,16,16,0.0,0.014084507042253521,0.094361845719779,0.9526686805438909,1.99364494385756
native,17,core,continuum,71,224,557,ok,16,16,0.0,0.014084507042253521,0.15699549331448817,0.9205065375355668,1.9749484856661097
native,17,red,continuum,71,224,557,ok,16,16,0.0,0.028169014084507043,0.12118658064930209,0.9384416223153116,1.9686448085106876
native,18,blue,continuum,70,224,557,ok,16,16,0.0,0.014285714285714285,0.16224057174035145,0.918176943874748,1.9828221949079872
native,18,core,continuum,70,224,557,ok,16,16,0.0,0.014285714285714285,0.0698157280350542,0.964922832779355,1.9903468143791132
native,18,red,continuum,70,224,557,ok,16,16,0.0,0.014285714285714285,0.10800227606265844,0.9455524262203862,1.9836012620106223
native,19,blue,continuum,66,224,557,ok,16,16,0.0,0.030303030303030304,0.09582602562718423,0.9511398960059264,1.9612325352153852
native,19,core,continuum,66,224,557,ok,16,16,0.0,0.015151515151515152,0.1307923625082421,0.934247526070264,1.9891626077523505
native,19,red,continuum,66,224,557,ok,16,15,0.0625,0.030303030303030304,0.24537420858429523,0.8736155414630384,1.9414903653880418
native,20,blue,continuum,90,224,557,ok,16,16,0.0,0.0,0.09890210647618583,0.9499699929228094,1.9768557362702546
native,20,core,continuum,90,224,557,ok,16,16,0.0,0.0,0.03777519133742133,0.9808781793792193,1.975501814736666
native,20,red,continuum,90,224,557,ok,16,16,0.0,0.011111111111111112,0.19640829507183288,0.9010283030959559,1.984489517869502
native,21,blue,continuum,90,224,557,ok,16,16,0.0,0.0,0.07484971921957691,0.9622828968740302,1.984503395438126
native,21,core,continuum,90,224,557,ok,16,15,0.0625,0.0,0.1032665405514254,0.9469494640073096,1.9465692215749526
native,21,red,continuum,90,224,557,ok,16,16,0.0,0.022222222222222223,0.1361520815668534,0.9304582533838389,1.9578467351179896
native,22,blue,continuum,85,224,557,ok,16,15,0.0625,0.0,0.1285587364318821,0.9353370934094918,1.9881372986526573
native,22,core,continuum,85,224,557,ok,16,15,0.0625,0.0,0.14658372849346313,0.9227428314130095,1.8973479247872245
native,22,red,continuum,85,224,557,ok,16,16,0.0,0.011764705882352941,0.1543476040189656,0.9219084749113707,1.976496218300131
native,23,blue,continuum,73,224,557,ok,16,15,0.0625,0.0,0.1300436287319378,0.9341852519131346,1.9759040718396466
native,23,core,continuum,73,224,557,ok,16,16,0.0,0.0136986301369863,0.12745621824955183,0.9348693162855067,1.9569304509111045
native,23,red,continuum,73,224,557,ok,16,16,0.0,0.0136986301369863,0.10670587184477069,0.9463966925901592,1.990658356748731
native,24,blue,continuum,65,224,557,ok,16,15,0.0625,0.015384615384615385,0.2151364932452164,0.8917243808067161,1.9869338531435607
native,24,core,continuum,65,224,557,ok,16,15,0.0625,0.0,0.18166400718101272,0.9087681764178701,1.9912350761844932
native,24,red,continuum,65,224,557,ok,16,16,0.0,0.0,0.1522992554089218,0.923026940648353,1.9786046792443486
native,25,blue,continuum,61,224,557,ok,16,14,0.125,0.03278688524590164,0.3196342634100901,0.8382905395830615,1.976595943032469
native,25,core,continuum,61,224,557,ok,16,15,0.0625,0.03278688524590164,0.1531401758670725,0.9204776088103918,1.9257491327434368
native,25,red,continuum,61,224,557,ok,16,16,0.0,0.06557377049180328,0.3312787775674332,0.831571460810046,1.9668803111438047
native,26,blue,continuum,68,224,557,ok,16,15,0.0625,0.014705882352941176,0.1826939501683036,0.9074892321791107,1.9748398426658678
native,26,core,continuum,68,224,557,ok,16,15,0.0625,0.014705882352941176,0.11170103069873555,0.9427354596545732,1.9506142898369743
native,26,red,continuum,68,224,557,ok,16,15,0.0625,0.029411764705882353,0.21426962200529262,0.8905108560385864,1.9569942210965316
native,27,blue,continuum,81,224,557,ok,16,16,0.0,0.012345679012345678,0.09351536455735321,0.9531341553544966,1.9953841708116027
native,27,core,continuum,81,224,557,ok,16,16,0.0,0.0,0.05975370211422712,0.9700922457538486,1.9979334329964376
native,27,red,continuum,81,224,557,ok,16,16,0.0,0.0,0.12748574007030483,0.9350962515084646,1.9642276915166343
native,28,blue,continuum,85,224,557,ok,16,16,0.0,0.011764705882352941,0.10761704866833811,0.9458704141100973,1.9881372986526573
native,28,core,continuum,85,224,557,ok,16,16,0.0,0.011764705882352941,0.11521968967438892,0.9420489428662968,1.9882241217542782
native,28,red,continuum,85,224,557,ok,16,16,0.0,0.0,0.08856893142527245,0.9547887253599365,1.9590009821750975
native,29,blue,continuum,83,224,557,ok,16,16,0.0,0.012048192771084338,0.13872004891286396,0.9302433911424188,1.9886294816320895
native,29,core,continuum,83,224,557,ok,16,16,0.0,0.012048192771084338,0.10454152056497067,0.9474503443305136,1.989385453303243
native,29,red,continuum,83,224,557,ok,16,16,0.0,0.012048192771084338,0.07173352842657023,0.9637140561113103,1.9768957546376429
native,30,blue,continuum,74,224,557,ok,16,16,0.0,0.0,0.07535162708183525,0.9615031926592794,1.9573474344229838
native,30,core,continuum,74,224,557,ok,16,16,0.0,0.0,0.08556650896362036,0.9570939774200108,1.994277348922279
native,30,red,continuum,74,224,557,ok,16,15,0.0625,0.0,0.1219658324782272,0.937996585222747,1.967082505316665
native,31,blue,continuum,68,224,557,ok,16,16,0.0,0.014705882352941176,0.0779750134958125,0.9603261759109946,1.9654020071491205
native,31,core,continuum,68,224,557,ok,16,15,0.0625,0.014705882352941176,0.19051131341207134,0.9029652147130368,1.9633300867175405
native,31,red,continuum,68,224,557,ok,16,16,0.0,0.014705882352941176,0.11446716440842113,0.9424414684803929,1.9887089087640857
native,32,blue,continuum,66,224,557,ok,16,16,0.0,0.015151515151515152,0.10468704855746572,0.9464336314817464,1.9543428358745636
native,32,core,continuum,66,224,557,ok,16,16,0.0,0.015151515151515152,0.12813652443799567,0.9355677989626966,1.98870320080809
native,32,red,continuum,66,224,557,ok,16,16,0.0,0.015151515151515152,0.10637836170897322,0.9464449627102569,1.986337179329101
native,33,blue,continuum,66,224,557,ok,16,16,0.0,0.015151515151515152,0.15659267828631024,0.9209851592138341,1.9818135014672682
native,33,core,continuum,66,224,557,ok,16,16,0.0,0.0,0.09140445050957353,0.9538879582134661,1.982225183883881
native,33,red,continuum,66,224,557,ok,16,16,0.0,0.015151515151515152,0.11556389518538414,0.9415530695195815,1.9772448995264436
native,34,blue,continuum,72,224,557,ok,16,15,0.0625,0.0,0.2472675268865226,0.8762973487797046,1.998886236044991
native,34,core,continuum,72,224,557,ok,16,16,0.0,0.0,0.09337425658852269,0.9532868579988456,1.9988862360449908
native,34,red,continuum,72,224,557,ok,16,16,0.0,0.013888888888888888,0.1122313018071455,0.9434179886872912,1.9835155945037506
native,35,blue,continuum,77,224,557,ok,16,16,0.0,0.025974025974025976,0.1718558004136321,0.9132148764505728,1.9802449243015015
native,35,core,continuum,77,224,557,ok,16,15,0.0625,0.0,0.15503295819041993,0.9216197686166885,1.9779599454388574
native,35,red,continuum,77,224,557,ok,16,16,0.0,0.0,0.08887976810951745,0.9549971499206474,1.9749808723846982
native,36,blue,continuum,73,224,557,ok,16,15,0.0625,0.0136986301369863,0.16403231137516228,0.9170355633470506,1.9771400613654484
native,36,core,continuum,73,224,557,ok,16,16,0.0,0.0684931506849315,0.19391130870594253,0.900242395901685,1.9438248388046235
native,36,red,continuum,73,224,557,ok,16,16,0.0,0.0136986301369863,0.08445692252012874,0.9576919429497145,1.9962373223555738
native,37,blue,continuum,68,224,557,ok,16,15,0.0625,0.04411764705882353,0.23790671470578345,0.8808275600190111,1.996323266887341
native,37,core,continuum,68,224,557,ok,16,15,0.0625,0.014705882352941176,0.21867391312814186,0.8902341124217782,1.9921846208578198
native,37,red,continuum,68,224,557,ok,16,15,0.0625,0.029411764705882353,0.2231329828520536,0.8876186063497,1.9854975597329045
native,38,blue,continuum,61,224,557,ok,16,14,0.125,0.01639344262295082,0.27970289685738137,0.8582985910068484,1.9738893130618016
native,38,core,continuum,61,224,557,ok,16,15,0.0625,0.01639344262295082,0.17271049915348163,0.9119781675961751,1.9621325123194848
native,38,red,continuum,61,224,557,ok,16,15,0.0625,0.04918032786885246,0.2484857962696801,0.8744624557250531,1.9793743593188131
native,39,blue,continuum,58,224,557,ok,16,15,0.0625,0.034482758620689655,0.20844053690015454,0.8952745021639225,1.9903513586196353
native,39,core,continuum,58,224,557,ok,16,15,0.0625,0.034482758620689655,0.18921319571819306,0.9011142179949847,1.9134519835075634
native,39,red,continuum,58,224,557,ok,16,14,0.125,0.034482758620689655,0.3046476681532901,0.8468180187608847,1.9887957166302639
native,40,blue,continuum,66,224,557,ok,16,15,0.0625,0.015151515151515152,0.23878655776011373,0.879060926895864,1.9744368104632632
native,40,core,continuum,66,224,557,ok,16,15,0.0625,0.0,0.19096419777214763,0.8998961283915776,1.9076604601183142
native,40,red,continuum,66,224,557,ok,16,15,0.0625,0.045454545454545456,0.2849789783103476,0.8564830849492528,1.9856821630368786
native,41,blue,continuum,75,224,557,ok,16,15,0.0625,0.013333333333333334,0.19358069639513056,0.9027458359284477,1.9904617786104102
native,41,core,continuum,75,224,557,ok,16,16,0.0,0.02666666666666667,0.12289199811874175,0.9373144359134835,1.9604513401064765
native,41,red,continuum,75,224,557,ok,16,16,0.0,0.04,0.21389014375306814,0.8925424511781431,1.9904617786104102
native,42,blue,continuum,82,224,557,ok,16,16,0.0,0.012195121951219513,0.08212227831456206,0.9587932192331448,1.9929311823508733
native,42,core,continuum,82,224,557,ok,16,16,0.0,0.012195121951219513,0.10894287423033128,0.9452994674925759,1.9916236503830227
native,42,red,continuum,82,224,557,ok,16,16,0.0,0.012195121951219513,0.1770196426090986,0.9093159980296182,1.952049300458913
native,43,blue,continuum,74,224,557,ok,16,16,0.0,0.013513513513513514,0.11565689097017717,0.9413749755901538,1.972824610896918
native,43,core,continuum,74,224,557,ok,16,16,0.0,0.013513513513513514,0.1307878561715309,0.9334319338602736,1.964723684431616
native,43,red,continuum,74,224,557,ok,16,16,0.0,0.0,0.09490587881838303,0.9524367378694327,1.9953610111487743
native,44,blue,continuum,72,224,557,ok,16,15,0.0625,0.0,0.21531841802035506,0.8900446310358198,1.9582346914819468
native,44,core,continuum,72,224,557,ok,16,16,0.0,0.0,0.11136757915533323,0.9441028759033356,1.9923668874760434
native,44,red,continuum,72,224,557,ok,16,15,0.0625,0.0,0.15998322758650002,0.9198768794488477,1.9967173830225846
native,45,blue,continuum,71,224,557,ok,16,13,0.1875,0.0,0.409591664706182,0.7930338774677164,1.9790275804306663
native,45,core,continuum,71,224,557,ok,16,16,0.0,0.0,0.11003454852892608,0.9444649445043563,1.9813529949125077
native,45,red,continuum,71,224,557,ok,16,16,0.0,0.0,0.07361810868472987,0.9627614522636726,1.976932860163961
native,46,blue,continuum,72,224,557,ok,16,15,0.0625,0.027777777777777776,0.2867955467438864,0.8531658708564098,1.9531940456665013
native,46,core,continuum,72,224,557,ok,16,16,0.0,0.013888888888888888,0.11252139453106413,0.9423092873006294,1.9504247610428909
native,46,red,continuum,72,224,557,ok,16,15,0.0625,0.027777777777777776,0.2431640446333006,0.8779291913224265,1.991991756813635
native,47,blue,continuum,74,224,557,ok,16,16,0.0,0.02702702702702703,0.1915742653904921,0.9018624756955904,1.9521000427548407
native,47,core,continuum,74,224,557,ok,16,16,0.0,0.013513513513513514,0.0838881449793982,0.9574389930053369,1.9710094028065934
native,47,red,continuum,74,224,557,ok,16,15,0.0625,0.02702702702702703,0.24180632818099612,0.878571466183567,1.9913468488925485
native,48,blue,continuum,68,224,557,ok,16,15,0.0625,0.014705882352941176,0.1792757014734097,0.9090097630865387,1.9702740376851047
native,48,core,continuum,68,224,557,ok,16,16,0.0,0.029411764705882353,0.13510959278068163,0.9310375529135763,1.9591763124554191
native,48,red,continuum,68,224,557,ok,16,15,0.0625,0.0,0.1658467113217843,0.9162348412808958,1.9799008783345144
native,49,blue,continuum,72,224,557,ok,16,15,0.0625,0.0,0.1288360182101189,0.9354018999824796,1.994424265964102
native,49,core,continuum,72,224,557,ok,16,15,0.0625,0.027777777777777776,0.26766144018207977,0.8636583895365543,1.9631676585912265
native,49,red,continuum,72,224,557,ok,16,16,0.0,0.0,0.03413304556723315,0.9825174317959927,1.952404541994543
native,50,blue,continuum,76,224,557,ok,16,16,0.0,0.013157894736842105,0.19965542739263242,0.8995931916308592,1.9884650317596875
native,50,core,continuum,76,224,557,ok,16,15,0.0625,0.013157894736842105,0.18763433903788224,0.9048705657557011,1.9724109633199793
native,50,red,continuum,76,224,557,ok,16,16,0.0,0.013157894736842105,0.06662362271879177,0.9661932958382962,1.9707222094209023
native,51,blue,continuum,79,224,557,ok,16,16,0.0,0.02531645569620253,0.20676895211760035,0.8960986183287928,1.99005007240341
native,51,core,continuum,79,224,557,ok,16,15,0.0625,0.0379746835443038,0.2744025374628541,0.8623429457822724,1.9933779567071137
native,51,red,continuum,79,224,557,ok,16,16,0.0,0.012658227848101266,0.12716063276840087,0.9355960394643767,1.9744225620731104
native,52,blue,continuum,74,224,557,ok,16,15,0.0625,0.0,0.1746895714066053,0.9124420827359985,1.9951316438910647
native,52,core,continuum,74,224,557,ok,16,16,0.0,0.02702702702702703,0.1188544379653495,0.9400653619439345,1.9830675852946333
native,52,red,continuum,74,224,557,ok,16,16,0.0,0.04054054054054054,0.16109280848689297,0.9183114251204147,1.9720359759532506
native,53,blue,continuum,76,224,557,ok,16,16,0.0,0.013157894736842105,0.12345221809649284,0.9380615293343002,1.9931428201190322
native,53,core,continuum,76,224,557,ok,16,16,0.0,0.02631578947368421,0.11781598894748947,0.9401359163743068,1.9680580042642433
native,53,red,continuum,76,224,557,ok,16,16,0.0,0.013157894736842105,0.10294268957901145,0.947603820119021,1.9646983771116868
native,54,blue,continuum,75,224,557,ok,16,15,0.0625,0.0,0.18324996878304728,0.9078820011405336,1.9892960230563648
native,54,core,continuum,75,224,557,ok,16,16,0.0,0.013333333333333334,0.09202098094843751,0.9536005719513639,1.9832352427271487
native,54,red,continuum,75,224,557,ok,16,16,0.0,0.013333333333333334,0.1117334481078974,0.9424812426071336,1.9425567097135312
native,55,blue,continuum,83,224,557,ok,16,16,0.0,0.024096385542168676,0.2154808453710125,0.8915196708793026,1.9863586985550559
native,55,core,continuum,83,224,557,ok,16,15,0.0625,0.0,0.1297147913595544,0.9342860063564148,1.9739295113167548
native,55,red,continuum,83,224,557,ok,16,16,0.0,0.012048192771084338,0.05869477593028361,0.9701614825725059,1.9670808401559685
native,56,blue,continuum,88,224,557,ok,16,16,0.0,0.03409090909090909,0.231135260263206,0.884389278831066,1.9992545494588163
native,56,core,continuum,88,224,557,ok,16,15,0.0625,0.0,0.14116491989365687,0.928892359124616,1.985228565535568
native,56,red,continuum,88,224,557,ok,16,16,0.0,0.0,0.17336008929488422,0.91273637445975,1.9866248763056773
native,57,blue,continuum,91,224,557,ok,16,15,0.0625,0.02197802197802198,0.29695178954118073,0.8509035710802602,1.991676069592739
native,57,core,continuum,91,224,557,ok,16,14,0.125,0.0,0.23370173807802738,0.8810988609817123,1.965513030468805
native,57,red,continuum,91,224,557,ok,16,15,0.0625,0.0,0.22314095740319945,0.888214934101736,1.996160717982498
native,58,blue,continuum,87,224,557,ok,16,15,0.0625,0.011494252873563218,0.2621001988828859,0.8685766056235211,1.9943192011314739
native,58,core,continuum,87,224,557,ok,16,16,0.0,0.034482758620689655,0.1802450313352897,0.9085111146803428,1.9701303683559321
native,58,red,continuum,87,224,557,ok,16,16,0.0,0.034482758620689655,0.17299568445974314,0.9129031872292438,1.9862458677457888
native,59,blue,continuum,83,224,557,ok,16,16,0.0,0.024096385542168676,0.2267343134197604,0.8860924027891653,1.9905108963021292
native,59,core,continuum,83,224,557,ok,16,16,0.0,0.0,0.09129623639670542,0.9537103883518459,1.972283481024752
native,59,red,continuum,83,224,557,ok,16,16,0.0,0.012048192771084338,0.1692863679698292,0.9152028004353492,1.9963674371199291
native,60,blue,continuum,68,224,557,ok,16,14,0.125,0.0,0.24038937407625977,0.8786386125957268,1.9807731208237283
native,60,core,continuum,68,224,557,ok,16,16,0.0,0.04411764705882353,0.1256333008811483,0.9360959902810144,1.9659689811893502
native,60,red,continuum,68,224,557,ok,16,16,0.0,0.029411764705882353,0.16625771462475505,0.9166104531617065,1.993747668963317
native,61,blue,continuum,72,224,557,ok,16,15,0.0625,0.0,0.14355442616891792,0.9274089472936119,1.9775774123232257
native,61,core,continuum,72,224,557,ok,16,16,0.0,0.013888888888888888,0.11333052128884158,0.9426952364869111,1.9776806384159649
native,61,red,continuum,72,224,557,ok,16,16,0.0,0.041666666666666664,0.14343688032950508,0.9271933970875517,1.9701081301924128
native,62,blue,continuum,74,224,557,ok,16,15,0.0625,0.02702702702702703,0.21280876676918037,0.8923677153518272,1.9771834024039106
native,62,core,continuum,74,224,557,ok,16,15,0.0625,0.0,0.12753015507845045,0.9341168232430687,1.9357013634749103
native,62,red,continuum,74,224,557,ok,16,16,0.0,0.013513513513513514,0.08666000397363761,0.9561855374623055,1.9778858156500752
native,63,blue,continuum,77,224,557,ok,16,14,0.125,0.012987012987012988,0.29566998937297034,0.8505350079909622,1.9781889083103268
native,63,core,continuum,77,224,557,ok,16,16,0.0,0.03896103896103896,0.1664956034267599,0.9142923501694693,1.9425991000333214
native,63,red,continuum,77,224,557,ok,16,16,0.0,0.025974025974025976,0.1471073817421932,0.9260731540334807,1.989904747306771
native,64,blue,continuum,69,224,557,ok,16,15,0.0625,0.014492753623188406,0.22119845354029158,0.8878924338577519,1.9730912118779118
native,64,core,continuum,69,224,557,ok,16,15,0.0625,0.0,0.17115116317040202,0.9134305725555869,1.9770393338953227
native,64,red,continuum,69,224,557,ok,16,16,0.0,0.043478260869565216,0.2057277078294272,0.896741466592429,1.992355508453726
native,65,blue,continuum,68,224,557,ok,16,16,0.0,0.04411764705882353,0.14445812065599412,0.9273152126678798,1.9874601819486433
native,65,core,continuum,68,224,557,ok,16,15,0.0625,0.014705882352941176,0.18586235412352453,0.9064824765740502,1.9874601819486433
native,65,red,continuum,68,224,557,ok,16,15,0.0625,0.014705882352941176,0.2068626414191092,0.8959745553919285,1.988577335078829
native,66,blue,continuum,73,224,557,ok,16,16,0.0,0.0,0.10888352328256765,0.9454034760196456,1.9943306889234813
native,66,core,continuum,73,224,557,ok,16,16,0.0,0.0136986301369863,0.10735717625863446,0.9457979626864511,1.9806852579653578
native,66,red,continuum,73,224,557,ok,16,16,0.0,0.0273972602739726,0.09795226952330797,0.9506686957953999,1.9856006465398501
native,67,blue,continuum,63,224,557,ok,16,16,0.0,0.015873015873015872,0.09894477083888023,0.9489477129764369,1.9381065297468931
native,67,core,continuum,63,224,557,ok,16,16,0.0,0.031746031746031744,0.09001092030998309,0.9548113400835895,1.9918917816214123
native,67,red,continuum,63,224,557,ok,16,15,0.0625,0.031746031746031744,0.11284100171308192,0.9433114743629513,1.9905439495031572
native,68,blue,continuum,68,224,557,ok,16,15,0.0625,0.014705882352941176,0.13955906465823378,0.9285353471224638,1.9528404468344103
native,68,core,continuum,68,224,557,ok,16,16,0.0,0.029411764705882353,0.07028933045356175,0.964704468193586,1.991451236351357
native,68,red,continuum,68,224,557,ok,16,15,0.0625,0.014705882352941176,0.1461408452175718,0.9254163583660294,1.9594222273937483
native,69,blue,continuum,72,224,557,ok,16,16,0.0,0.027777777777777776,0.16636700260054543,0.9164015901955042,1.9900737704175613
native,69,core,continuum,72,224,557,ok,16,16,0.0,0.013888888888888888,0.05034753422764578,0.9746170212287935,1.9835155945037506
native,69,red,continuum,72,224,557,ok,16,15,0.0625,0.0,0.14840541488834075,0.9246935657486964,1.970687051694682
native,70,blue,continuum,86,224,557,ok,16,15,0.0625,0.0,0.19009297895756136,0.904068342176549,1.9815458553567495
native,70,core,continuum,86,224,557,ok,16,16,0.0,0.0,0.06851920778185555,0.9654626707939264,1.9839173832180994
native,70,red,continuum,86,224,557,ok,16,16,0.0,0.011627906976744186,0.09371847599507697,0.9526359341345659,1.9786830856400783
native,71,blue,continuum,81,224,557,ok,16,16,0.0,0.024691358024691357,0.1465631021804294,0.926346059395253,1.9898881305881342
native,71,core,continuum,81,224,557,ok,16,16,0.0,0.024691358024691357,0.162646208291631,0.9181201543123779,1.9864010114545014
native,71,red,continuum,81,224,557,ok,16,16,0.0,0.0,0.05993356868080453,0.9695257092819375,1.966692817735743
native,72,blue,continuum,71,224,557,ok,16,16,0.0,0.04225352112676056,0.1343086865592017,0.931863232051667,1.9711631561544836
native,72,core,continuum,71,224,557,ok,16,15,0.0625,0.028169014084507043,0.1737005582394753,0.9124484085341827,1.9839794495031338
native,72,red,continuum,71,224,557,ok,16,16,0.0,0.014084507042253521,0.12788133809042868,0.9352607522210407,1.9753293786646515
native,73,blue,continuum,63,224,557,ok,16,15,0.0625,0.015873015873015872,0.1639278987826165,0.915325487808794,1.935976890099421
native,73,core,continuum,63,224,557,ok,16,16,0.0,0.031746031746031744,0.09361832603355144,0.952710961344403,1.9797045720334419
native,73,red,continuum,63,224,557,ok,16,14,0.125,0.015873015873015872,0.3597758037296337,0.8167271690390425,1.9630613105238528
native,74,blue,continuum,62,224,557,ok,16,16,0.0,0.03225806451612903,0.11383884725002899,0.941617825828844,1.9498905079535687
native,74,core,continuum,62,224,557,ok,16,16,0.0,0.03225806451612903,0.09910106922060849,0.9500632055913224,1.9845300523212497
native,74,red,continuum,62,224,557,ok,16,16,0.0,0.03225806451612903,0.14818082707203295,0.925432091869813,1.9871930269698097
native,75,blue,continuum,68,224,557,ok,16,16,0.0,0.014705882352941176,0.11250073483356834,0.9426113262864031,1.9603299319132708
native,75,core,continuum,68,224,557,ok,16,15,0.0625,0.0,0.2108812484592733,0.8923622916842142,1.9591763124554193
native,75,red,continuum,68,224,557,ok,16,16,0.0,0.014705882352941176,0.10234900391652485,0.9487935265935041,1.9987512731845576
native,76,blue,continuum,72,224,557,ok,16,16,0.0,0.027777777777777776,0.10726279882372207,0.9452275298541098,1.9583341510437713
native,76,core,continuum,72,224,557,ok,16,16,0.0,0.013888888888888888,0.06468166578613424,0.9664442210113013,1.9275864764730541
native,76,red,continuum,72,224,557,ok,16,16,0.0,0.027777777777777776,0.20627856408890863,0.8968032495450803,1.998886236044991
native,77,blue,continuum,78,224,557,ok,16,15,0.0625,0.0,0.14749304711352715,0.9251508913220167,1.9705384568849502
native,77,core,continuum,78,224,557,ok,16,16,0.0,0.01282051282051282,0.146743493934761,0.9246404563855627,1.9472449924265196
native,77,red,continuum,78,224,557,ok,16,16,0.0,0.038461538461538464,0.18973617832092826,0.9047322009974634,1.9916087104717974
native,78,blue,continuum,77,224,557,ok,16,16,0.0,0.0,0.07370368613171338,0.963068501159097,1.9956862961132769
native,78,core,continuum,77,224,557,ok,16,15,0.0625,0.0,0.11519921994528184,0.9408511526447062,1.9476156357419128
native,78,red,continuum,77,224,557,ok,16,16,0.0,0.025974025974025976,0.16134609783430498,0.9190745654353437,1.993762513630936
native,79,blue,continuum,72,224,557,ok,16,15,0.0625,0.013888888888888888,0.1749975568367266,0.9118609978612404,1.9854724082446875
native,79,core,continuum,72,224,557,ok,16,14,0.125,0.013888888888888888,0.2254420635293761,0.8857685411516079,1.9735549716526213
native,79,red,continuum,72,224,557,ok,16,15,0.0625,0.013888888888888888,0.1842162782868247,0.9073471184644331,1.9882412207127
native,80,blue,continuum,70,224,557,ok,16,14,0.125,0.02857142857142857,0.2380741875997153,0.880074306556708,1.9851808295967122
native,80,core,continuum,70,224,557,ok,16,14,0.125,0.02857142857142857,0.23250662694480273,0.8809895957287489,1.9536663905020313
native,80,red,continuum,70,224,557,ok,16,16,0.0,0.02857142857142857,0.12833224972963073,0.9358149747228699,1.9994110647387553
native,81,blue,continuum,70,224,557,ok,16,16,0.0,0.014285714285714285,0.08269927150605244,0.9583975211246851,1.9878448049672042
native,81,core,continuum,70,224,557,ok,16,16,0.0,0.014285714285714285,0.06859176941109733,0.9656731871077721,1.9981980158323256
native,81,red,continuum,70,224,557,ok,16,16,0.0,0.0,0.12873895584956396,0.9355355152862267,1.9970524300500305
native,82,blue,continuum,76,224,557,ok,16,16,0.0,0.02631578947368421,0.09663332235562516,0.9508151869613257,1.9646983771116868
native,82,core,continuum,76,224,557,ok,16,16,0.0,0.013157894736842105,0.09370581391343329,0.9530295881894933,1.9949966436630775
native,82,red,continuum,76,224,557,ok,16,16,0.0,0.039473684210526314,0.19071868620057042,0.9036721007343468,1.9798904331403115
native,83,blue,continuum,83,224,557,ok,16,16,0.0,0.024096385542168676,0.1017350735996298,0.9468299458194434,1.9133904444436782
native,83,core,continuum,83,224,557,ok,16,16,0.0,0.0,0.04702422600920998,0.9763488193923757,1.9882401132250955
native,83,red,continuum,83,224,557,ok,16,16,0.0,0.012048192771084338,0.1084411612511161,0.9451867838284825,1.9783761805143851
native,84,blue,continuum,75,224,557,ok,16,16,0.0,0.013333333333333334,0.07089693406993863,0.9636100685067296,1.9482568710812127
native,84,core,continuum,75,224,557,ok,16,16,0.0,0.013333333333333334,0.10398364532587688,0.9473078448551108,1.9734179602248179
native,84,red,continuum,75,224,557,ok,16,16,0.0,0.0,0.0712350812284887,0.9637024879104754,1.9625334390079865
native,85,blue,continuum,67,224,557,ok,16,16,0.0,0.029850746268656716,0.08619612559988098,0.9553785609429617,1.9317199853124196
native,85,core,continuum,67,224,557,ok,16,16,0.0,0.014925373134328358,0.10358177049896262,0.9466648382662385,1.9420916170840932
native,85,red,continuum,67,224,557,ok,16,16,0.0,0.029850746268656716,0.18025482869346154,0.9094371636387263,1.9903840906040977
native,86,blue,continuum,59,224,557,ok,16,14,0.125,0.01694915254237288,0.1937899608650529,0.8993068199660345,1.9245589502653928
native,86,core,continuum,59,224,557,ok,16,16,0.0,0.03389830508474576,0.09180821973407044,0.9518349244342402,1.9061159700398393
native,86,red,continuum,59,224,557,ok,16,15,0.0625,0.03389830508474576,0.1701818863621586,0.9126143200711013,1.9474802564977123
native,87,blue,continuum,59,224,557,ok,16,15,0.0625,0.05084745762711865,0.15721423256677802,0.9183115526052873,1.9245589502653928
native,87,core,continuum,59,224,557,ok,16,15,0.0625,0.03389830508474576,0.2171136150127267,0.8860862964244028,1.9059481712719704
native,87,red,continuum,59,224,557,ok,16,15,0.0625,0.03389830508474576,0.17312248273541647,0.9119002368855229,1.9650731921998532
native,88,blue,continuum,69,224,557,ok,16,15,0.0625,0.0,0.14076748741339787,0.9284842466861738,1.968342370605824
native,88,core,continuum,69,224,557,ok,16,16,0.0,0.014492753623188406,0.13028498563485266,0.9320999098188272,1.9187748541603225
native,88,red,continuum,69,224,557,ok,16,16,0.0,0.014492753623188406,0.09418004844998647,0.9518089129404267,1.9543042955964451
native,89,blue,continuum,68,224,557,ok,16,15,0.0625,0.0,0.15202740231430334,0.9235066927654142,1.9874601819486435
native,89,core,continuum,68,224,557,ok,16,16,0.0,0.0,0.11113214984603006,0.9437691803502345,1.976356569906295
native,89,red,continuum,68,224,557,ok,16,16,0.0,0.0,0.16182188628608135,0.917592224628635,1.9636725485773907
native,90,blue,continuum,76,224,557,ok,16,16,0.0,0.0,0.050087340129244304,0.9746375830023466,1.9748646248454327
native,90,core,continuum,76,224,557,ok,16,16,0.0,0.0,0.08725355790837303,0.9557041690770333,1.9697916505982809
native,90,red,continuum,76,224,557,ok,16,16,0.0,0.013157894736842105,0.10119420985143662,0.9477654532361709,1.9373042578309616
native,91,blue,continuum,79,224,557,ok,16,16,0.0,0.0,0.048849872221039585,0.97546959887064,1.9914012805347938
native,91,core,continuum,79,224,557,ok,16,16,0.0,0.0,0.07886017189630029,0.9602291263154734,1.9828624465693352
native,91,red,continuum,79,224,557,ok,16,16,0.0,0.0,0.051036443525152755,0.973851280699503,1.9517760292062487
native,92,blue,continuum,78,224,557,ok,16,16,0.0,0.01282051282051282,0.10591361659298772,0.9469802724157589,1.997626570689287
native,92,core,continuum,78,224,557,ok,16,16,0.0,0.0,0.046150003150973534,0.976418125403391,1.9570116430697073
native,92,red,continuum,78,224,557,ok,16,16,0.0,0.0,0.06637505279916789,0.9658992654962211,1.9464405610328572
native,93,blue,continuum,67,224,557,ok,16,15,0.0625,0.0,0.13200763265849014,0.9312087042276932,1.9189583678642108
native,93,core,continuum,67,224,557,ok,16,16,0.0,0.029850746268656716,0.13315768162210695,0.9323490245070227,1.9683039402133948
native,93,red,continuum,67,224,557,ok,16,16,0.0,0.0,0.14738323717053517,0.9261470716141074,1.995631593651041
native,94,blue,continuum,64,224,557,ok,16,16,0.0,0.03125,0.11377390628855515,0.9414252438907774,1.9423709776341946
native,94,core,continuum,64,224,557,ok,16,16,0.0,0.046875,0.1686826590841995,0.914895631895627,1.9820681692545432
native,94,red,continuum,64,224,557,ok,16,16,0.0,0.0,0.06205354053094749,0.9684965013550374,1.969734892948779
native,95,blue,continuum,58,224,557,ok,16,15,0.0625,0.0,0.1849871696088637,0.906855888782258,1.9860318294993569
native,95,core,continuum,58,224,557,ok,16,16,0.0,0.05172413793103448,0.1298797493159144,0.9328913610430707,1.9353655704338157
native,95,red,continuum,58,224,557,ok,16,15,0.0625,0.034482758620689655,0.1507867935021908,0.9214384758241396,1.9193465896187767
native,96,blue,continuum,66,224,557,ok,16,16,0.0,0.030303030303030304,0.0974393485874378,0.9510035743152401,1.9887032008080903
native,96,core,continuum,66,224,557,ok,16,16,0.0,0.0,0.10710068259780187,0.9459268386932613,1.9806624952119256
native,96,red,continuum,66,224,557,ok,16,16,0.0,0.030303030303030304,0.10129787139498231,0.9488294036367845,1.9796109210054325
native,97,blue,continuum,64,224,557,ok,16,15,0.0625,0.015625,0.18327223019751696,0.9056449896273112,1.9423688204115273
native,97,core,continuum,64,224,557,ok,16,16,0.0,0.015625,0.06982840418100791,0.9640098496118802,1.9402087356672437
native,97,red,continuum,64,224,557,ok,16,16,0.0,0.015625,0.05898016779765053,0.9704486506374903,1.9958536266528564
native,98,blue,continuum,70,224,557,ok,16,16,0.0,0.04285714285714286,0.1998610698460884,0.8968832534846685,1.9382018595434718
native,98,core,continuum,70,224,557,ok,16,16,0.0,0.014285714285714285,0.09588801398937277,0.9514211555642487,1.973863625269861
native,98,red,continuum,70,224,557,ok,16,16,0.0,0.014285714285714285,0.11397755102416005,0.9428285204728635,1.9936085608919822
native,99,blue,continuum,68,224,557,ok,16,16,0.0,0.014705882352941176,0.17928281948307606,0.9086376274398691,1.9623266609574928
native,99,core,continuum,68,224,557,ok,16,16,0.0,0.029411764705882353,0.14220204573659662,0.9270561231221556,1.9494720026293013
native,99,red,continuum,68,224,557,ok,16,16,0.0,0.0,0.07909050279669566,0.9599169847753838,1.9731674963445294
native,100,blue,continuum,60,224,557,ok,16,16,0.0,0.06666666666666667,0.30990973994087584,0.8416332607990944,1.956911795397399
native,100,core,continuum,60,224,557,ok,16,16,0.0,0.03333333333333333,0.13040050709486972,0.9323013333216525,1.926190182067156
native,100,red,continuum,60,224,557,ok,16,15,0.0625,0.016666666666666666,0.19092202765944458,0.902061024981449,1.9493978533396061
native,101,blue,continuum,55,224,557,ok,16,15,0.0625,0.05454545454545454,0.28457416709271316,0.8541680754354058,1.9513845678328487
native,101,core,continuum,55,224,557,ok,16,15,0.0625,0.05454545454545454,0.2059857888973654,0.8897628382632558,1.8685694157227764
native,101,red,continuum,55,224,557,ok,16,16,0.0,0.07272727272727272,0.2015337040716021,0.8974479473189765,1.965184497071451
native,102,blue,continuum,59,224,557,ok,16,16,0.0,0.0,0.14475559067305177,0.9269611191511036,1.9818977096941495
native,102,core,continuum,59,224,557,ok,16,14,0.125,0.03389830508474576,0.2684173170235412,0.8540867670977967,1.839568020560856
native,102,red,continuum,59,224,557,ok,16,14,0.125,0.0,0.25181404796356727,0.8698193600887941,1.9343432950961494
native,103,blue,continuum,62,224,557,ok,16,15,0.0625,0.0,0.14439252523950447,0.9272652487046966,1.985193084022109
native,103,core,continuum,62,224,557,ok,16,15,0.0625,0.016129032258064516,0.19079276817331106,0.8989586222759365,1.8882637239404225
native,103,red,continuum,62,224,557,ok,16,13,0.1875,0.0,0.3338745558535522,0.8289429730719338,1.951831864784806
native,104,blue,continuum,65,224,557,ok,16,15,0.0625,0.0,0.10587841346187417,0.9468713968375793,1.9928702649717827
native,104,core,continuum,65,224,557,ok,16,15,0.0625,0.015384615384615385,0.11306266697341477,0.9419977077124756,1.9492792873245337
native,104,red,continuum,65,224,557,ok,16,14,0.125,0.015384615384615385,0.2423436677965078,0.8768821071735539,1.968387065705624
native,105,blue,continuum,70,224,557,ok,16,16,0.0,0.02857142857142857,0.12237025288528171,0.9371291906724318,1.9463762944057357
native,105,core,continuum,70,224,557,ok,16,15,0.0625,0.0,0.14636810545125767,0.9258724352087444,1.9745435569539163
native,105,red,continuum,70,224,557,ok,16,15,0.0625,0.02857142857142857,0.1474818264502964,0.9251054538952915,1.9691931405005794
native,106,blue,continuum,74,224,557,ok,16,14,0.125,0.0,0.22734892712305746,0.8824125950253076,1.9334462493834967
native,106,core,continuum,74,224,557,ok,16,16,0.0,0.013513513513513514,0.03084717540594314,0.9841064643225246,1.9408630044264075
native,106,red,continuum,74,224,557,ok,16,15,0.0625,0.0,0.1534427942913134,0.9223371391308981,1.9757551109266491
native,107,blue,continuum,79,224,557,ok,16,15,0.0625,0.012658227848101266,0.16085085938797264,0.9183603179020289,1.9702533774561326
native,107,core,continuum,79,224,557,ok,16,16,0.0,0.012658227848101266,0.03626918459455095,0.9812833047035717,1.937798528005751
native,107,red,continuum,79,224,557,ok,16,16,0.0,0.0379746835443038,0.12592802630204442,0.9356748226317341,1.9576786486121607
native,108,blue,continuum,64,224,557,ok,16,15,0.0625,0.0,0.15872509159535886,0.9199194588473436,1.9820681692545432
native,108,core,continuum,64,224,557,ok,16,14,0.125,0.0,0.18392370222591706,0.9025189096867143,1.8867628750850178
native,108,red,continuum,64,224,557,ok,16,15,0.0625,0.03125,0.2218325032155214,0.8860962233461556,1.9475430028073095
native,109,blue,continuum,62,224,557,ok,16,15,0.0625,0.016129032258064516,0.24231070295049328,0.8779956500505266,1.9860824884591675
native,109,core,continuum,62,224,557,ok,16,16,0.0,0.04838709677419355,0.155415365876106,0.9176506904699923,1.8872698115273614
native,109,red,continuum,62,224,557,ok,16,16,0.0,0.016129032258064516,0.10107829248798691,0.9483836118947133,1.9582596961609977
native,110,blue,continuum,59,224,557,ok,16,14,0.125,0.05084745762711865,0.4041950180262227,0.7957209103329979,1.978641175095826
native,110,core,continuum,59,224,557,ok,16,16,0.0,0.05084745762711865,0.13856726330751076,0.9287250574877279,1.9441231156889733
native,110,red,continuum,59,224,557,ok,16,16,0.0,0.03389830508474576,0.15869664810971904,0.918846239278943,1.9555057793956565
native,111,blue,continuum,62,224,557,ok,16,15,0.0625,0.03225806451612903,0.3167843947408909,0.840631350576285,1.9877459957551202
native,111,core,continuum,62,224,557,ok,16,16,0.0,0.016129032258064516,0.07760465264423233,0.9604215070598207,1.9607783641870178
native,111,red,continuum,62,224,557,ok,16,16,0.0,0.016129032258064516,0.0483872865291497,0.9751099214535627,1.944039125423962
native,112,blue,continuum,69,224,557,ok,16,14,0.125,0.014492753623188406,0.3904535377315992,0.8046090165725757,1.9983191183262994
native,112,core,continuum,69,224,557,ok,16,16,0.0,0.014492753623188406,0.0935989151643635,0.9528203367957263,1.9838826478923424
native,112,red,continuum,69,224,557,ok,16,15,0.0625,0.043478260869565216,0.16323699359798968,0.9156096897804055,1.9343096757581035
native,113,blue,continuum,65,224,557,ok,16,16,0.0,0.015384615384615385,0.24477788390740798,0.8772384489861951,1.993929547858857
native,113,core,continuum,65,224,557,ok,16,16,0.0,0.03076923076923077,0.12238365937409933,0.9367493496696169,1.9348996213452545
native,113,red,continuum,65,224,557,ok,16,16,0.0,0.03076923076923077,0.132451197157103,0.9314701526882843,1.932751966521009
native,114,blue,continuum,67,224,557,ok,16,16,0.0,0.0,0.1802814649045658,0.9082690189183628,1.9653279925581715
native,114,core,continuum,67,224,557,ok,16,15,0.0625,0.014925373134328358,0.1607530323832062,0.916822760919515,1.9326565074810467
native,114,red,continuum,67,224,557,ok,16,16,0.0,0.029850746268656716,0.26243651961723125,0.8673660367809561,1.9786524751870658
native,115,blue,continuum,68,224,557,ok,16,16,0.0,0.014705882352941176,0.2113599630127433,0.8921314864872816,1.9594222273937483
native,115,core,continuum,68,224,557,ok,16,15,0.0625,0.029411764705882353,0.25276791805084203,0.8711515166307919,1.9617453883919604
native,115,red,continuum,68,224,557,ok,16,15,0.0625,0.014705882352941176,0.2591317976697073,0.8699645501425117,1.9927781074599387
native,116,blue,continuum,59,224,557,ok,16,15,0.0625,0.01694915254237288,0.19489260156739396,0.8996760469127859,1.9426327967556156
native,116,core,continuum,59,224,557,ok,16,14,0.125,0.01694915254237288,0.32372955724751806,0.8366009647291518,1.981220737998287
native,116,red,continuum,59,224,557,ok,16,14,0.125,0.0,0.25039083442045945,0.8746629340187708,1.9977397145865754
native,117,blue,continuum,58,224,557,ok,16,15,0.0625,0.017241379310344827,0.1309364194945505,0.9330219464111018,1.954915266696457
native,117,core,continuum,58,224,557,ok,16,16,0.0,0.05172413793103448,0.23975566155374042,0.8795410365534567,1.9903513586196353
native,117,red,continuum,58,224,557,ok,16,15,0.0625,0.017241379310344827,0.1569905513502044,0.9207665642597642,1.9813674603849427
native,118,blue,continuum,63,224,557,ok,16,15,0.0625,0.031746031746031744,0.1524058468906106,0.9231387394415912,1.9828694687461397
native,118,core,continuum,63,224,557,ok,16,15,0.0625,0.047619047619047616,0.23488223545150444,0.8820131265331933,1.9907488735819752
native,118,red,continuum,63,224,557,ok,16,16,0.0,0.047619047619047616,0.13022830896184423,0.9345294161696838,1.9891117711637358
native,119,blue,continuum,71,224,557,ok,16,16,0.0,0.028169014084507043,0.10769105469559023,0.9460206514837017,1.99504176422349
native,119,core,continuum,71,224,557,ok,16,16,0.0,0.04225352112676056,0.1415429932897233,0.9284027312500718,1.9769328601639613
native,119,red,continuum,71,224,557,ok,16,16,0.0,0.014084507042253521,0.08683141506838157,0.9563520677442671,1.9893591879596237
native,120,blue,continuum,72,224,557,ok,16,16,0.0,0.013888888888888888,0.13400328350863538,0.9329610254489644,1.998886236044991
native,120,core,continuum,72,224,557,ok,16,16,0.0,0.013888888888888888,0.0821884598847708,0.9579531126147568,1.954685946946356
native,120,red,continuum,72,224,557,ok,16,16,0.0,0.013888888888888888,0.0573739214297805,0.9706972395350622,1.9579698471900355
native,121,blue,continuum,65,224,557,ok,16,16,0.0,0.046153846153846156,0.2188795845878254,0.8902270219011172,1.9939295478588566
native,121,core,continuum,65,224,557,ok,16,16,0.0,0.015384615384615385,0.07004036498489304,0.9647298599917192,1.9858261115053364
native,121,red,continuum,65,224,557,ok,16,16,0.0,0.015384615384615385,0.0319042710883578,0.9830904063539797,1.886755634477744
native,122,blue,continuum,60,224,557,ok,16,16,0.0,0.05,0.08096137399127393,0.9588948033487555,1.9696140777086577
native,122,core,continuum,60,224,557,ok,16,14,0.125,0.0,0.1491052207139799,0.9246294171852043,1.9782946495235239
native,122,red,continuum,60,224,557,ok,16,15,0.0625,0.016666666666666666,0.07829674574482381,0.9592332722591842,1.9206041319434348
native,123,blue,continuum,56,224,557,ok,16,14,0.125,0.0,0.07990836259208843,0.9595732562602532,1.9766212957073799
native,123,core,continuum,56,224,557,ok,16,14,0.125,0.017857142857142856,0.1542745872614244,0.9217447817007921,1.9714287508796828
native,123,red,continuum,56,224,557,ok,16,15,0.0625,0.05357142857142857,0.13552580472830936,0.9313026722046209,1.9727958725262909
native,124,blue,continuum,55,224,557,ok,16,15,0.0625,0.01818181818181818,0.06936052256388381,0.9647445985934194,1.9673729356812095
native,124,core,continuum,55,224,557,ok,16,16,0.0,0.05454545454545454,0.04979647093860473,0.9745113957693874,1.9536758658129099
native,124,red,continuum,55,224,557,ok,16,15,0.0625,0.01818181818181818,0.15166758514847167,0.9235727477390328,1.984469945754296
native,125,blue,continuum,57,224,557,ok,16,16,0.0,0.03508771929824561,0.0965086496655772,0.9514687338223966,1.9885870958403897
native,125,core,continuum,57,224,557,ok,16,16,0.0,0.017543859649122806,0.03716841750771123,0.9812136937382987,1.9784845935086515
native,125,red,continuum,57,224,557,ok,16,15,0.0625,0.03508771929824561,0.16898627578675893,0.9127999421827248,1.9379147218097488
native,126,blue,continuum,60,224,557,ok,16,16,0.0,0.016666666666666666,0.07233614404338365,0.9634351010043898,1.9782946495235239
native,126,core,continuum,60,224,557,ok,16,16,0.0,0.016666666666666666,0.059631379820817836,0.9695682873053262,1.9595144190242868
native,126,red,continuum,60,224,557,ok,16,16,0.0,0.0,0.059985079001074276,0.96951370459603,1.9676080089830457
native,127,blue,continuum,62,224,557,ok,16,16,0.0,0.016129032258064516,0.0981732649242816,0.9504140076089228,1.9798588308973222
native,127,core,continuum,62,224,557,ok,16,16,0.0,0.0,0.062458871914285584,0.9674772671804917,1.9204681310428016
native,127,red,continuum,62,224,557,ok,16,16,0.0,0.016129032258064516,0.0777321541392734,0.9609979146718564,1.9930255904338112
native,128,blue,continuum,61,224,557,ok,16,16,0.0,0.0,0.05926602080366441,0.9700857273098418,1.9811954453154024
native,128,core,continuum,61,224,557,ok,16,16,0.0,0.04918032786885246,0.1043561157752008,0.9447773757496577,1.8897348177826592
native,128,red,continuum,61,224,557,ok,16,16,0.0,0.0,0.10156523549863951,0.9489275428415602,1.98864987411039
native,129,blue,continuum,52,224,557,ok,16,15,0.0625,0.019230769230769232,0.135672210875722,0.930437996938295,1.950378150487902
native,129,core,continuum,52,224,557,ok,16,15,0.0625,0.038461538461538464,0.12297361250638039,0.9353158056174595,1.901138503466827
native,129,red,continuum,52,224,557,ok,16,15,0.0625,0.019230769230769232,0.1970551046333836,0.9009421449679363,1.9892930708988157
native,130,blue,continuum,55,224,557,ok,16,14,0.125,0.01818181818181818,0.1281151529112808,0.935265165024382,1.9790759173099712
native,130,core,continuum,55,224,557,ok,16,15,0.0625,0.03636363636363636,0.11645924278938088,0.9407387739100679,1.965184497071451
native,130,red,continuum,55,224,557,ok,16,15,0.0625,0.03636363636363636,0.1331342140266625,0.9333462574999966,1.9974004314409752
native,131,blue,continuum,59,224,557,ok,16,16,0.0,0.03389830508474576,0.16123915739105715,0.9181278115145991,1.9694008475150104
native,131,core,continuum,59,224,557,ok,16,15,0.0625,0.0,0.10052529910440182,0.9490337385081737,1.9723891092251995
native,131,red,continuum,59,224,557,ok,16,16,0.0,0.01694915254237288,0.08143627803113875,0.9591667161997978,1.9943602486052203
native,132,blue,continuum,65,224,557,ok,16,15,0.0625,0.0,0.21169503332580555,0.892922047869829,1.9770179492082094
native,132,core,continuum,65,224,557,ok,16,15,0.0625,0.015384615384615385,0.0921515117126104,0.9533886317271338,1.9770179492082094
native,132,red,continuum,65,224,557,ok,16,16,0.0,0.046153846153846156,0.16291112521773593,0.9182964486419919,1.9939295478588568
native,133,blue,continuum,71,224,557,ok,16,15,0.0625,0.014084507042253521,0.21062929961758609,0.8943004107710093,1.9927163497416487
native,133,core,continuum,71,224,557,ok,16,16,0.0,0.028169014084507043,0.10973480320930228,0.9434485069515601,1.9404404250707876
native,133,red,continuum,71,224,557,ok,16,16,0.0,0.014084507042253521,0.12025764100042113,0.9398241559343861,1.998437128182129
native,134,blue,continuum,68,224,557,ok,16,16,0.0,0.0,0.08042734732449319,0.9593217512606176,1.9771585507472431
native,134,core,continuum,68,224,557,ok,16,16,0.0,0.029411764705882353,0.08026342457686511,0.9579253831373428,1.9076448120458545
native,134,red,continuum,68,224,557,ok,16,15,0.0625,0.0,0.20742116137485433,0.8956027374076739,1.9868448293020784
native,135,blue,continuum,72,224,557,ok,16,15,0.0625,0.0,0.16807474522989413,0.9140029073233936,1.9544235740845595
native,135,core,continuum,72,224,557,ok,16,16,0.0,0.013888888888888888,0.18570287829687124,0.9055605013209198,1.9663687428913388
native,135,red,continuum,72,224,557,ok,16,16,0.0,0.013888888888888888,0.10278495711362581,0.9481126620018688,1.9809256184491055
native,136,blue,continuum,59,224,557,ok,16,16,0.0,0.1016949152542373,0.22926664054410295,0.8831940404171128,1.9627991702034
native,136,core,continuum,59,224,557,ok,16,15,0.0625,0.01694915254237288,0.22620513911781537,0.8853479187453772,1.97297019506739
native,136,red,continuum,59,224,557,ok,16,16,0.0,0.01694915254237288,0.10013530612629729,0.9497962713831906,1.9945790658419236
native,137,blue,continuum,57,224,557,ok,16,15,0.0625,0.07017543859649122,0.35994328031982054,0.815378932021133,1.9496327491780199
native,137,core,continuum,57,224,557,ok,16,15,0.0625,0.017543859649122806,0.20721555941046882,0.8946277748600561,1.966510236784576
native,137,red,continuum,57,224,557,ok,16,16,0.0,0.0,0.045023499433924974,0.977286588165851,1.982242904002353
native,138,blue,continuum,55,224,557,ok,16,16,0.0,0.05454545454545454,0.10122809577745051,0.9470293649936341,1.9110228858930052
native,138,core,continuum,55,224,557,ok,16,16,0.0,0.0,0.0784363558789688,0.9603671818787113,1.9790759173099712
native,138,red,continuum,55,224,557,ok,16,16,0.0,0.0,0.0799671829048989,0.9598509026500837,1.9917554361920318
native,139,blue,continuum,58,224,557,ok,16,15,0.0625,0.034482758620689655,0.1566020013089168,0.91738498468946,1.8955634241580466
native,139,core,continuum,58,224,557,ok,16,16,0.0,0.017241379310344827,0.04749989721184992,0.9758638906175748,1.9680014064916835
native,139,red,continuum,58,224,557,ok,16,16,0.0,0.017241379310344827,0.10001307884021313,0.94964175429886,1.9860318294993569
native,140,blue,continuum,66,224,557,ok,16,16,0.0,0.030303030303030304,0.16627738259363078,0.9158232189444546,1.975335484543059
native,140,core,continuum,66,224,557,ok,16,16,0.0,0.030303030303030304,0.08121919296647805,0.958076057594902,1.9372985532153038
native,140,red,continuum,66,224,557,ok,16,16,0.0,0.0,0.04686256234775281,0.9763997666796373,1.9856821630368786
native,141,blue,continuum,65,224,557,ok,16,16,0.0,0.046153846153846156,0.14651541572857024,0.9261604133569381,1.9842393814691972
native,141,core,continuum,65,224,557,ok,16,15,0.0625,0.0,0.05995665378731646,0.9685458157362077,1.9061582803892367
native,141,red,continuum,65,224,557,ok,16,15,0.0625,0.015384615384615385,0.12533575194972002,0.9366617013331373,1.9788304167900406
native,142,blue,continuum,59,224,557,ok,16,14,0.125,0.01694915254237288,0.3181807764454895,0.8368204627060333,1.9498815949716115
native,142,core,continuum,59,224,557,ok,16,15,0.0625,0.03389830508474576,0.16909473197715455,0.9113943865529697,1.9083975089032221
native,142,red,continuum,59,224,557,ok,16,16,0.0,0.03389830508474576,0.14411817586001385,0.9253175326689999,1.9297457758226948
native,143,blue,continuum,56,224,557,ok,16,16,0.0,0.03571428571428571,0.13421386031500987,0.9320432454723039,1.9749892596814678
native,143,core,continuum,56,224,557,ok,16,15,0.0625,0.03571428571428571,0.24025556972466816,0.8722511442161758,1.8806866664326687
native,143,red,continuum,56,224,557,ok,16,15,0.0625,0.017857142857142856,0.1238469712132482,0.934598981234851,1.8936550768111866
native,144,blue,continuum,57,224,557,ok,16,16,0.0,0.017543859649122806,0.11831369242044548,0.9407700659706995,1.9975320648156853
native,144,core,continuum,57,224,557,ok,16,15,0.0625,0.03508771929824561,0.1849183570997211,0.9049570763004314,1.9456299312113912
native,144,red,continuum,57,224,557,ok,16,15,0.0625,0.03508771929824561,0.1697367840905091,0.9113855514169157,1.9154526920219452
native,145,blue,continuum,58,224,557,ok,16,16,0.0,0.017241379310344827,0.1324557257321751,0.9326953094163173,1.9680014064916835
native,145,core,continuum,58,224,557,ok,16,14,0.125,0.017241379310344827,0.2361344902534344,0.8751149174759765,1.8908142228116829
native,145,red,continuum,58,224,557,ok,16,14,0.125,0.017241379310344827,0.20119002261145966,0.8930510960650996,1.8811789107621308
native,146,blue,continuum,55,224,557,ok,16,15,0.0625,0.01818181818181818,0.11757939874960296,0.939556740087566,1.9452855276162115
native,146,core,continuum,55,224,557,ok,16,16,0.0,0.05454545454545454,0.15938436628487357,0.9173229399036186,1.927794313187599
native,146,red,continuum,55,224,557,ok,16,15,0.0625,0.01818181818181818,0.14584718349121517,0.9252596408235467,1.951384567832849
native,147,blue,continuum,60,224,557,ok,16,15,0.0625,0.03333333333333333,0.1711886762823147,0.914008581423696,1.990764649735502
native,147,core,continuum,60,224,557,ok,16,16,0.0,0.05,0.1504687401052148,0.92350006486716,1.9669133031803225
native,147,red,continuum,60,224,557,ok,16,15,0.0625,0.08333333333333333,0.2988248753464484,0.8489482467040889,1.978294649523524
native,148,blue,continuum,66,224,557,ok,16,16,0.0,0.045454545454545456,0.16498800328939273,0.9160160494766204,1.9645182473699319
native,148,core,continuum,66,224,557,ok,16,16,0.0,0.030303030303030304,0.06662084275323821,0.9656504519645008,1.9394969239300546
native,148,red,continuum,66,224,557,ok,16,16,0.0,0.030303030303030304,0.09870126320323386,0.9498485345426761,1.9680633916315609
native,149,blue,continuum,64,224,557,ok,16,15,0.0625,0.03125,0.2029857319067424,0.8932544193691254,1.9015844094629601
native,149,core,continuum,64,224,557,ok,16,16,0.0,0.046875,0.05938983633932189,0.9687292655730549,1.8992146307938143
native,149,red,continuum,64,224,557,ok,16,15,0.0625,0.0,0.12226650345417348,0.937162507861461,1.9457572110709036
native,150,blue,continuum,57,224,557,ok,16,16,0.0,0.05263157894736842,0.12554712520126532,0.9341925562192704,1.9077951974489138
native,150,core,continuum,57,224,557,ok,16,14,0.125,0.017543859649122806,0.20331357309928139,0.8937327634637524,1.9132291355852789
native,150,red,continuum,57,224,557,ok,16,15,0.0625,0.03508771929824561,0.17690324580468855,0.909719307308277,1.95948037759027
native,151,blue,continuum,52,224,557,ok,16,15,0.0625,0.019230769230769232,0.1545902827329707,0.9219372287610138,1.9803330099529566
native,151,core,continuum,52,224,557,ok,16,15,0.0625,0.038461538461538464,0.1104854643598531,0.939891019863984,1.8380858252767571
native,151,red,continuum,52,224,557,ok,16,15,0.0625,0.038461538461538464,0.16628291292585723,0.914833641125101,1.95244830379693
native,152,blue,continuum,54,224,557,ok,16,16,0.0,0.018518518518518517,0.09544270181340683,0.9518921113226284,1.9839303789338811
native,152,core,continuum,54,224,557,ok,16,15,0.0625,0.018518518518518517,0.12527207303826246,0.9338706244604432,1.8943483439266422
native,152,red,continuum,54,224,557,ok,16,16,0.0,0.037037037037037035,0.09783101665251726,0.9502281363363463,1.9655887774995888
native,153,blue,continuum,52,224,557,ok,16,16,0.0,0.038461538461538464,0.09289556079124135,0.9532120401816933,1.9854586768045857
native,153,core,continuum,52,224,557,ok,16,15,0.0625,0.019230769230769232,0.11644015416059733,0.9397680552337381,1.933195991138239
native,153,red,continuum,52,224,557,ok,16,16,0.0,0.07692307692307693,0.14584133793629292,0.9261449536132474,1.974696991896448
native,154,blue,continuum,51,224,557,ok,16,15,0.0625,0.0784313725490196,0.13774659812838463,0.928702900642584,1.9320084459236397
native,154,core,continuum,51,224,557,ok,16,14,0.125,0.0392156862745098,0.18438653114313755,0.9043976879883059,1.9286827615694415
native,154,red,continuum,51,224,557,ok,16,16,0.0,0.09803921568627451,0.16386209583102457,0.9173792581401256,1.9833045811781282
native,155,blue,continuum,49,224,557,ok,16,14,0.125,0.02040816326530612,0.13774234562661408,0.9292942686691724,1.9481072189484392
native,155,core,continuum,49,224,557,ok,16,15,0.0625,0.04081632653061224,0.1096431114178622,0.942484113596079,1.906310034898246
native,155,red,continuum,49,224,557,ok,16,15,0.0625,0.061224489795918366,0.1272105794095533,0.9360509949377328,1.9892503297852457
native,156,blue,continuum,51,224,557,ok,16,15,0.0625,0.0784313725490196,0.2031590687796782,0.8976777463766804,1.9854827428603228
native,156,core,continuum,51,224,557,ok,16,16,0.0,0.058823529411764705,0.09329006688475958,0.9509240373179803,1.9009319794543482
native,156,red,continuum,51,224,557,ok,16,15,0.0625,0.0392156862745098,0.08986023184087646,0.9545134873707299,1.9755357499764123
native,157,blue,continuum,47,224,557,ok,16,15,0.0625,0.0425531914893617,0.17718351686035638,0.9113641859851047,1.9990059191037672
native,157,core,continuum,47,224,557,ok,16,15,0.0625,0.06382978723404255,0.2110579492211815,0.886720365433322,1.8631588107476613
native,157,red,continuum,47,224,557,ok,16,14,0.125,0.0,0.19390081047829316,0.9022114030160899,1.9828570657394455
native,158,blue,continuum,48,224,557,ok,16,14,0.125,0.0625,0.2838757032397722,0.8571641962749657,1.9874267924185616
native,158,core,continuum,48,224,557,ok,16,15,0.0625,0.0625,0.12959605091073623,0.9309518664266407,1.8768943373834812
native,158,red,continuum,48,224,557,ok,16,14,0.125,0.0625,0.285508100414705,0.8551640662040413,1.9712518360044662
native,159,blue,continuum,53,224,557,ok,16,14,0.125,0.018867924528301886,0.24461096186704429,0.8772711697080028,1.9931010609737279
native,159,core,continuum,53,224,557,ok,16,15,0.0625,0.03773584905660377,0.11475682463134525,0.9403807800965255,1.9248293556530987
native,159,red,continuum,53,224,557,ok,16,15,0.0625,0.03773584905660377,0.17079891743432762,0.9140326445089719,1.9867880832062237
native,160,blue,continuum,58,224,557,ok,16,15,0.0625,0.05172413793103448,0.20474673213909633,0.8971303577871327,1.9903513586196355
native,160,core,continuum,58,224,557,ok,16,15,0.0625,0.06896551724137931,0.18481406439250028,0.9034645559496339,1.9144684753930994
native,160,red,continuum,58,224,557,ok,16,15,0.0625,0.05172413793103448,0.2045268176474736,0.8962060345229207,1.9705077911551516
native,161,blue,continuum,59,224,557,ok,16,15,0.0625,0.06779661016949153,0.22697044380641324,0.8847658982212443,1.9696464874797774
native,161,core,continuum,59,224,557,ok,16,14,0.125,0.0,0.12963561166861476,0.9320883431756969,1.9088860106005097
native,161,red,continuum,59,224,557,ok,16,15,0.0625,0.03389830508474576,0.14397447717228973,0.9246222260896791,1.9100388576555796
native,162,blue,continuum,63,224,557,ok,16,14,0.125,0.015873015873015872,0.1792729257967181,0.9084273372395143,1.957712273428351
native,162,core,continuum,63,224,557,ok,16,14,0.125,0.031746031746031744,0.15067403850481997,0.9212530334914186,1.913394828845889
native,162,red,continuum,63,224,557,ok,16,14,0.125,0.031746031746031744,0.1761803323425683,0.907922646342242,1.9133948288458893
native,163,blue,continuum,59,224,557,ok,16,13,0.1875,0.01694915254237288,0.2824893348572657,0.8539611166366288,1.9343432950961494
native,163,core,continuum,59,224,557,ok,16,14,0.125,0.01694915254237288,0.09856295328264486,0.9493021030986942,1.9441231156889733
native,163,red,continuum,59,224,557,ok,16,14,0.125,0.05084745762711865,0.12972362400337512,0.9288434196560769,1.823072769607227
native,164,blue,continuum,54,224,557,ok,16,14,0.125,0.018518518518518517,0.19144290796192642,0.9033946755853045,1.9817014136832012
native,164,core,continuum,54,224,557,ok,16,12,0.25,0.018518518518518517,0.2907456581090646,0.8444324110322351,1.868934654308423
native,164,red,continuum,54,224,557,ok,16,15,0.0625,0.09259259259259259,0.12560342031638996,0.932254527066704,1.8540489109886709
native,165,blue,continuum,60,224,557,ok,16,14,0.125,0.03333333333333333,0.1892665699344391,0.9049849780808943,1.9919647031769114
native,165,core,continuum,60,224,557,ok,16,14,0.125,0.05,0.23034024703653938,0.8765554624427501,1.8659411877962966
native,165,red,continuum,60,224,557,ok,16,16,0.0,0.1,0.1288502725043298,0.9322457704318945,1.9017303174381375
native,166,blue,continuum,57,224,557,ok,16,14,0.125,0.03508771929824561,0.16413690790105148,0.9170793533728109,1.9794455853559656
native,166,core,continuum,57,224,557,ok,16,14,0.125,0.05263157894736842,0.2769998644339426,0.8529514330333589,1.8837304582286858
native,166,red,continuum,57,224,557,ok,16,15,0.0625,0.03508771929824561,0.11407799827199669,0.9418860729365095,1.9630061852017733
native,167,blue,continuum,55,224,557,ok,16,15,0.0625,0.03636363636363636,0.24983827815694132,0.8741794840824926,1.9856720212524368
native,167,core,continuum,55,224,557,ok,16,14,0.125,0.01818181818181818,0.23059114145780038,0.8804974361361718,1.9295915836630613
native,167,red,continuum,55,224,557,ok,16,16,0.0,0.03636363636363636,0.1286531218417997,0.9341427823478108,1.953515900432564
native,168,blue,continuum,52,224,557,ok,16,13,0.1875,0.019230769230769232,0.37207384511470537,0.8133793316816148,1.9937440395397514
native,168,core,continuum,52,224,557,ok,16,14,0.125,0.019230769230769232,0.16446405115030763,0.9148038705161707,1.930416934979704
native,168,red,continuum,52,224,557,ok,16,16,0.0,0.057692307692307696,0.19923023753842387,0.8987004166158228,1.9667429112995063
native,169,blue,continuum,53,224,557,ok,16,13,0.1875,0.018867924528301886,0.26732592217368584,0.8650021108835878,1.980222979213873
native,169,core,continuum,53,224,557,ok,16,14,0.125,0.018867924528301886,0.1305632524661878,0.9320146779899791,1.920462367552558
native,169,red,continuum,53,224,557,ok,16,16,0.0,0.09433962264150944,0.25759515737474714,0.8668267976993158,1.9342867252913059
native,170,blue,continuum,50,224,557,ok,16,13,0.1875,0.04,0.22266537130300657,0.8883444359683645,1.9942165286086286
native,170,core,continuum,50,224,557,ok,16,13,0.1875,0.04,0.15304749010686164,0.9176144882176691,1.8576990880535558
native,170,red,continuum,50,224,557,ok,16,16,0.0,0.16,0.1610342602011675,0.9172904247199561,1.9469844894732748
native,171,blue,continuum,51,224,557,ok,16,14,0.125,0.058823529411764705,0.14998206431784933,0.9248955064360435,1.99697857212937
native,171,core,continuum,51,224,557,ok,16,12,0.25,0.0196078431372549,0.3138469736115702,0.832406652388324,1.8726696380501497
native,171,red,continuum,51,224,557,ok,16,14,0.125,0.058823529411764705,0.21198758695924885,0.8926567277103853,1.9748567603501161
native,172,blue,continuum,50,224,557,ok,16,15,0.0625,0.06,0.12336097051065037,0.9378502238115333,1.984898065224935
native,172,core,continuum,50,224,557,ok,16,14,0.125,0.04,0.20311611107738514,0.8924233180447754,1.8881053717749516
native,172,red,continuum,50,224,557,ok,16,14,0.125,0.04,0.19078326950679889,0.9021982391429558,1.9507140549919637
native,173,blue,continuum,50,224,557,ok,16,15,0.0625,0.02,0.13427597948159203,0.9322288678570565,1.9813152774012364
native,173,core,continuum,50,224,557,ok,16,15,0.0625,0.04,0.15236052132460048,0.9214422102512387,1.9394705707972522
native,173,red,continuum,50,224,557,ok,16,15,0.0625,0.04,0.17513056194006038,0.9122866506107699,1.996623811079363
native,174,blue,continuum,50,224,557,ok,16,15,0.0625,0.04,0.14344798125148625,0.9274152003948379,1.9762812879803628
native,174,core,continuum,50,224,557,ok,16,15,0.0625,0.06,0.17489001792469938,0.9065840201658918,1.8721638228842217
native,174,red,continuum,50,224,557,ok,16,14,0.125,0.02,0.16658299921032327,0.9153567638282105,1.9680603760497921
native,175,blue,continuum,52,224,557,ok,16,15,0.0625,0.038461538461538464,0.15239164951741646,0.9235523857507245,1.9934127574015275
native,175,core,continuum,52,224,557,ok,16,13,0.1875,0.019230769230769232,0.19015753418135564,0.8923894643921504,1.7670903049337179
native,175,red,continuum,52,224,557,ok,16,15,0.0625,0.038461538461538464,0.13031470644477075,0.9344418693227482,1.9877733714879842
native,176,blue,continuum,56,224,557,ok,16,14,0.125,0.017857142857142856,0.21615663203382962,0.890910840709114,1.9814675760535323
native,176,core,continuum,56,224,557,ok,16,13,0.1875,0.03571428571428571,0.24732422047702035,0.8618941780303744,1.7908312404919156
native,176,red,continuum,56,224,557,ok,16,15,0.0625,0.03571428571428571,0.12627310109502743,0.9364645215748416,1.9874423585834917
native,177,blue,continuum,58,224,557,ok,16,14,0.125,0.034482758620689655,0.09152293708803023,0.9541808589786169,1.9974826032927553
native,177,core,continuum,58,224,557,ok,16,14,0.125,0.06896551724137931,0.17838744265945305,0.9076384089967164,1.931402877773198
native,177,red,continuum,58,224,557,ok,16,14,0.125,0.034482758620689655,0.06333956812804309,0.9677355211703488,1.9631362546551898
native,178,blue,continuum,54,224,557,ok,16,15,0.0625,0.018518518518518517,0.1094481217203131,0.9452488447334961,1.9990102708804813
native,178,core,continuum,54,224,557,ok,16,15,0.0625,0.05555555555555555,0.1670713053080286,0.9120702326331214,1.900053989804607
native,178,red,continuum,54,224,557,ok,16,15,0.0625,0.037037037037037035,0.10207882158406806,0.9473371957853944,1.9383476270668736
native,179,blue,continuum,56,224,557,ok,16,15,0.0625,0.03571428571428571,0.21003286762534737,0.8944967916759159,1.9907723277966067
native,179,core,continuum,56,224,557,ok,16,15,0.0625,0.05357142857142857,0.23887769721334845,0.8774106582872436,1.9486008642828976
native,179,red,continuum,56,224,557,ok,16,15,0.0625,0.03571428571428571,0.17251635547333397,0.9086132844080154,1.8877618519913746
native,180,blue,continuum,48,224,557,ok,16,15,0.0625,0.041666666666666664,0.25218007043825014,0.8734461786508946,1.992670531398638
native,180,core,continuum,48,224,557,ok,16,13,0.1875,0.020833333333333332,0.3770626052625382,0.8064294877749417,1.9479341193463364
native,180,red,continuum,48,224,557,ok,16,15,0.0625,0.0625,0.2267079123192417,0.882229261289406,1.9249935493429022
native,181,blue,continuum,55,224,557,ok,16,16,0.0,0.05454545454545454,0.13291767354700335,0.9334546686509358,1.9974004314409752
native,181,core,continuum,55,224,557,ok,16,15,0.0625,0.07272727272727272,0.29998663241880774,0.847580561209274,1.968165181546782
native,181,red,continuum,55,224,557,ok,16,16,0.0,0.01818181818181818,0.06192475884484845,0.9678047218296754,1.9234112069864473
native,182,blue,continuum,52,224,557,ok,16,15,0.0625,0.038461538461538464,0.22300914125759377,0.8876787797888059,1.9854586768045857
native,182,core,continuum,52,224,557,ok,16,15,0.0625,0.038461538461538464,0.2180555609258853,0.8863199697611658,1.9181518554117645
native,182,red,continuum,52,224,557,ok,16,16,0.0,0.038461538461538464,0.08731976852964682,0.9546978463644216,1.9274970729221468
native,183,blue,continuum,47,224,557,ok,16,13,0.1875,0.0425531914893617,0.2653607516903727,0.8614687920496238,1.9155304831055
native,183,core,continuum,47,224,557,ok,16,13,0.1875,0.0425531914893617,0.24070494556480443,0.868933470409833,1.8365096437470867
native,183,red,continuum,47,224,557,ok,16,14,0.125,0.0425531914893617,0.21313961455169828,0.8910424781602301,1.9561716433413
native,184,blue,continuum,55,224,557,ok,16,15,0.0625,0.05454545454545454,0.18869340784822833,0.9016355189934826,1.9183083763307405
native,184,core,continuum,55,224,557,ok,16,15,0.0625,0.07272727272727272,0.24819880721484117,0.8713723622572658,1.9295915836630613
native,184,red,continuum,55,224,557,ok,16,15,0.0625,0.03636363636363636,0.15775350623380197,0.9200621574075083,1.9734521362804374
native,185,blue,continuum,56,224,557,ok,16,15,0.0625,0.03571428571428571,0.16321160373025945,0.9162416445964563,1.9486008642828976
native,185,core,continuum,56,224,557,ok,16,14,0.125,0.05357142857142857,0.3766702200648103,0.8084582522126752,1.9665176099522697
native,185,red,continuum,56,224,557,ok,16,15,0.0625,0.03571428571428571,0.18282009502648752,0.9083423738260638,1.9945977509776958
native,186,blue,continuum,53,224,557,ok,16,14,0.125,0.03773584905660377,0.223728074060139,0.885731701139808,1.9579190054616267
native,186,core,continuum,53,224,557,ok,16,14,0.125,0.03773584905660377,0.2590500843386646,0.8697808254281018,1.9893390139378795
native,186,red,continuum,53,224,557,ok,16,15,0.0625,0.05660377358490566,0.18431582421127246,0.9062095190504018,1.9651868968485346
native,187,blue,continuum,46,224,557,ok,16,15,0.0625,0.10869565217391304,0.22438374679420814,0.8869761347899583,1.9852775905090219
native,187,core,continuum,46,224,557,ok,16,14,0.125,0.06521739130434782,0.27071792857526544,0.8635873136763756,1.984550967151372
native,187,red,continuum,46,224,557,ok,16,16,0.0,0.13043478260869565,0.1664411572246157,0.9161315783874648,1.9845509671513721
native,188,blue,continuum,46,224,557,ok,16,16,0.0,0.10869565217391304,0.1594258692232264,0.9200136816116047,1.9931642365271873
native,188,core,continuum,46,224,557,ok,16,15,0.0625,0.08695652173913043,0.2956141845817135,0.8516859879561254,1.9931642365271878
native,188,red,continuum,46,224,557,ok,16,16,0.0,0.13043478260869565,0.19761924655668986,0.8991688142063899,1.959902038256239
native,189,blue,continuum,54,224,557,ok,16,16,0.0,0.07407407407407407,0.10003277854466812,0.9493500599967153,1.974983159667727
native,189,core,continuum,54,224,557,ok,16,15,0.0625,0.07407407407407407,0.3110048295902833,0.8436255705948168,1.9888470945875423
native,189,red,continuum,54,224,557,ok,16,16,0.0,0.07407407407407407,0.18506259593106067,0.9061080220317189,1.9710160541465973
native,190,blue,continuum,66,224,557,ok,16,16,0.0,0.030303030303030304,0.06172494420710711,0.9684988215781931,1.9594487349202696
native,190,core,continuum,66,224,557,ok,16,14,0.125,0.030303030303030304,0.26848726425186287,0.8643737204099178,1.9796109210054325
native,190,red,continuum,66,224,557,ok,16,15,0.0625,0.045454545454545456,0.28161765655231863,0.8565603009193474,1.9633173964898798
native,191,blue,continuum,63,224,557,ok,16,16,0.0,0.015873015873015872,0.06192066862553271,0.9684871078711985,1.9649313167590756
native,191,core,continuum,63,224,557,ok,16,15,0.0625,0.031746031746031744,0.1591865377938277,0.9191139004841647,1.9680333054341852
native,191,red,continuum,63,224,557,ok,16,15,0.0625,0.031746031746031744,0.19604389754615587,0.8997990677470734,1.9565077204202366
native,192,blue,continuum,59,224,557,ok,16,16,0.0,0.03389830508474576,0.09110739550314012,0.9536641578378284,1.9662401987703586
native,192,core,continuum,59,224,557,ok,16,15,0.0625,0.0847457627118644,0.2316494645620978,0.8767102959316795,1.8789035654893795
native,192,red,continuum,59,224,557,ok,16,15,0.0625,0.01694915254237288,0.12116254382092706,0.9365270932113904,1.9088860106005097
native,193,blue,continuum,54,224,557,ok,16,16,0.0,0.05555555555555555,0.12863796228247204,0.9341925563936566,1.954763097195773
native,193,core,continuum,54,224,557,ok,16,16,0.0,0.07407407407407407,0.16958794102782884,0.9141319559117859,1.974983159667727
native,193,red,continuum,54,224,557,ok,16,16,0.0,0.05555555555555555,0.0634352082788599,0.9662866926118573,1.8816073886945508
native,194,blue,continuum,56,224,557,ok,16,16,0.0,0.017857142857142856,0.081175219664976,0.9581265156457227,1.938582874503111
native,194,core,continuum,56,224,557,ok,16,15,0.0625,0.05357142857142857,0.23960220136108762,0.8780713865380044,1.9651023214150651
native,194,red,continuum,56,224,557,ok,16,15,0.0625,0.017857142857142856,0.09466153153229863,0.9496852642077723,1.8813878288698342
native,195,blue,continuum,53,224,557,ok,16,15,0.0625,0.03773584905660377,0.1759291136573218,0.9085275731368762,1.923302132571338
native,195,core,continuum,53,224,557,ok,16,15,0.0625,0.03773584905660377,0.22214729482399584,0.8877764868001068,1.9795075781338765
native,195,red,continuum,53,224,557,ok,16,16,0.0,0.07547169811320754,0.16062333700520998,0.9175209772902013,1.9474447165840103
native,196,blue,continuum,52,224,557,ok,16,15,0.0625,0.038461538461538464,0.1964198882116785,0.8980094774497168,1.9258641224711837
native,196,core,continuum,52,224,557,ok,16,16,0.0,0.057692307692307696,0.1496997056447808,0.9249028054581536,1.993412757401527
native,196,red,continuum,52,224,557,ok,16,14,0.125,0.0,0.21708616999832434,0.8884398469077756,1.9459113669274346
native,197,blue,continuum,48,224,557,ok,16,15,0.0625,0.08333333333333333,0.2703254442000625,0.8625802533665775,1.9671513797880589
native,197,core,continuum,48,224,557,ok,16,15,0.0625,0.041666666666666664,0.22748186570695986,0.883984836872924,1.9607942580556457
native,197,red,continuum,48,224,557,ok,16,15,0.0625,0.0625,0.24423120323857078,0.8736468059417204,1.9329246487106673
native,198,blue,continuum,51,224,557,ok,16,15,0.0625,0.0196078431372549,0.1775624670150299,0.9104714078210046,1.9833045811781282
native,198,core,continuum,51,224,557,ok,16,15,0.0625,0.0,0.120516566699522,0.9382179441473658,1.9506726514084347
native,198,red,continuum,51,224,557,ok,16,15,0.0625,0.0,0.08061235518830084,0.9578115518839964,1.9107684398972136
native,199,blue,continuum,54,224,557,ok,16,16,0.0,0.05555555555555555,0.129315414821998,0.9343914959241728,1.9710160541465975
native,199,core,continuum,54,224,557,ok,16,15,0.0625,0.037037037037037035,0.12795082299347293,0.9354477769686532,1.982128840572068
native,199,red,continuum,54,224,557,ok,16,14,0.125,0.037037037037037035,0.17190694024303926,0.9108670098711136,1.9286567183986707
native,200,blue,continuum,51,224,557,ok,16,15,0.0625,0.0784313725490196,0.22644361364670637,0.8844221990946088,1.9592310276959406
native,200,core,continuum,51,224,557,ok,16,14,0.125,0.0196078431372549,0.16463692149387668,0.9170314928905708,1.9843302866319266
native,200,red,continuum,51,224,557,ok,16,14,0.125,0.0392156862745098,0.134156797519833,0.9276008724001297,1.8530167692251776
